ID;Titre;URL;Type de produit;Attributs;Catégories des attributs;Niveau;Multi parent (ID);Multi parent (titre);Multi parent (URL);Cas;Requête Google;Guides spécialisés dans le top 5;Position de notre page (top 10);Étiquettes top 5;Résultat 1;Résultat 2;Résultat 3;Résultat 4;Résultat 5;DÉCISION SEO (garder / privé);MOTIF SEO
41525;Les meilleurs abris de jardin en bois;https://meilleurtest.fr/comparatif-abri-de-jardin-en-bois/;abri de jardin;bois;matière / composition;1;38217;Les meilleurs abris de jardin;https://meilleurtest.fr/comparatif-abri-de-jardin/;C : intention spécifique et résultats mixtes (un seul guide spécialisé, pas en tête);meilleurs abris de jardin en bois;1;;E+,S?,E,S,E+;chaletenbois.fr — Abri de Jardin en Bois et Cabanon : Qualité Direct Fabricant;touschalets.com — Abri de jardin en bois;franceabris.com — En 2025, quels sont les 10 meilleurs abris de jardin;atoutloisir.com — Quel bois pour un abri de jardin ? Guide + comparatif 2026;oogarden.com — Abri de jardin bois – Prix, surface et épaisseur;garder;"Série « matière / composition » alignée sur garder (résine) ; avant : Google : Top 5 marchand ; seul guide 'bois' chez atoutloisir.com (marchand, pos. 4) ; aucun clic en 2025"
40405;Les meilleurs abris de jardin en résine;https://meilleurtest.fr/comparatif-abri-de-jardin-en-resine/;abri de jardin;résine;matière / composition;1;38217;Les meilleurs abris de jardin;https://meilleurtest.fr/comparatif-abri-de-jardin/;B : intention spécifique selon les attributs, mais aucun guide spécialisé dans le top 5;meilleurs abris de jardin en résine;0;;E+,E+,G,S?,E+;mon-abri-de-jardin.com — Abris de jardin en résine: Grosfillex, Duramax;franceabris.com — Abri jardin PVC : des abris en résine, couleur bois, toit plat;mon-univers-jardin.com — Top 5 des marques d'abris de jardin durables et design;touschalets.com — Abri de jardin en résine, Grosfillex, Keter, Suncast;oogarden.com — Abri de jardin en métal et en résine : quelles différences ?;garder;"Trafic : 9 clics, dont 5 sur « résine » (pos. 12) en mars-oct. 2025 ; Google seul : privé (Top 5 marchand, aucun guide 'résine' (mon-univers-jardin.com général))"
37986;Les meilleurs cabanons de jardin;https://meilleurtest.fr/comparatif-cabanon-de-jardin/;abri de jardin;cabanon;non classé;1;38217;Les meilleurs abris de jardin;https://meilleurtest.fr/comparatif-abri-de-jardin/;B : intention spécifique selon les attributs, mais aucun guide spécialisé dans le top 5;meilleurs cabanons de jardin;0;;G,E+,G,S?,E;mon-univers-jardin.com — Top 5 des marques d'abris de jardin durables et design;keter.com — Meilleur cabanon de jardin : Matériau : résine, bois ou métal;lebontri.fr — Meilleur abri de jardin 2026 : bois, métal ou résine;chaletenbois.fr — Abri de Jardin en Bois et Cabanon : Qualité Direct Fabricant;franceabris.com — En 2025, quels sont les 10 meilleurs abris de jardin;à signaler;Doublon : cabanon de jardin = abri de jardin, synonyme du multi abris de jardin (Google : privé)
36626;Les meilleures alimentations PC gamer;https://meilleurtest.fr/comparatif-alimentation-pc-gamer/;alimentation PC;gaming;usage / contexte;1;38141;Les meilleures alimentations PC;https://meilleurtest.fr/comparatif-alimentation-pc/;B : intention spécifique selon les attributs, mais aucun guide spécialisé dans le top 5;meilleures alimentations PC gamer;0;;G,F,G,G,F;cybertek.fr — Les meilleures alimentations PC en 2026 : tout ce qu'il faut ...;youtube.com — Which POWER SUPPLY to choose for your GAMER PC;frandroid.com — Quelles sont les meilleures alimentation pour PC gamer ?;pausehardware.com — Meilleures Alimentations 850W 2026 : Notre Sélection;reddit.com — Meilleure alimentation pour mon PC gamer : r/buildapc;privé;"Google : 1 seul guide 'PC gamer' (frandroid, pos. 3), reste général, vidéo, forum ; aucun clic en 2025"
41119;Les meilleurs amplis hifi Yamaha;https://meilleurtest.fr/comparatif-ampli-hifi-yamaha/;amplificateur;hifi, Yamaha;technologie / sous-type, marque;1;37341;Les meilleurs amplis hifi;https://meilleurtest.fr/comparatif-ampli-hifi/;A : simple déclinaison, mais un guide spécialisé isolé dans le top 5;meilleurs amplis hifi Yamaha;1;;E+,E+,F,S,F;laboutiquederic.com — Choisir et comparer les amplificateurs HiFi Yamaha;fr.yamaha.com — Haute-Fidélité - Produits - Home Audio;youtube.com — Amplis Yamaha : Comparaison et conseils pour faire le bon choix;homecinesolutions.fr — Les meilleurs amplis stéréo connectés en 2025 : Yamaha, ...;reddit.com — Qu'est-ce que tu choisis, si tu as le choix entre des amplis ...;garder;"Trafic : 17 clics, dont 7 sur « Yamaha » (pos. 14) en mars-oct. 2025 ; Google seul : privé (Aucun guide indépendant Yamaha : marchands hi-fi, marque, vidéo, forum)"
42501;Les meilleurs amplis casque audiophiles;https://meilleurtest.fr/comparatif-ampli-casque-audiophile/;amplificateur de casque;audiophile;non classé;1;41452;Les meilleurs amplis pour casque;https://meilleurtest.fr/comparatif-ampli-pour-casque/;B : intention spécifique selon les attributs, mais aucun guide spécialisé dans le top 5;meilleurs amplis casque audiophiles;0;;E+,E+,E,O,F;cobra.fr — Amplis casques audio — audiophiles & portables;laboutiquederic.com — COMPARATIF : Les meilleurs amplificateurs pour casques;son-video.com — Choisir un amplificateur pour casque;maplatine.com — Amplificateur Casque;youtube.com — Les Pires et les Meilleures Amplis-Casques sur Thomann;privé;"Google : Aucun guide 'audiophiles' : marchands hi-fi, guides amplis casque généraux, vidéo ; peu de trafic (1 clics, dont 0 sur « audiophile » (pos. 30) en mars-oct. 2025)"
38986;Les meilleures ampoules H4 LED;https://meilleurtest.fr/comparatif-ampoule-h4-led/;ampoule;H4, LED;technologie / sous-type, technologie / sous-type;1;37789;Les meilleures ampoules LED;https://meilleurtest.fr/comparatif-ampoule-led/;B : intention spécifique selon les attributs, mais aucun guide spécialisé dans le top 5;meilleures ampoules H4 LED;0;;S?,F,F,G,S?;ledperf.com — Ampoule H4 LED et Kit LED H4 pour voiture moto et camion;forum-auto.caradisiac.com — Ampoules H4, lesquelles choisir ? - Équipement - Forum Auto;youtube.com — Les 3 meilleures ampoules H4 LED en 2026;"autoplus.fr — Labo Auto Plus : Quelle est la meilleure ""ampoule + h7"" ...";lumimania.fr — Ampoules pour voiture H4 - Choix de luxe;à signaler;Autre produit : Ampoules de phare auto (culot H4), pas des ampoules LED d'éclairage domestique. (Google : privé)
38881;Les meilleurs kits d'ampoules xénon H7;https://meilleurtest.fr/comparatif-kit-ampoules-xenon-h7/;ampoule;H7, kit, xénon;technologie / sous-type, technologie / sous-type, non classé;1;38818;Les meilleures ampoules xénon;https://meilleurtest.fr/comparatif-ampoules-xenon/;B : intention spécifique selon les attributs, mais aucun guide spécialisé dans le top 5;meilleurs kits d'ampoules xénon H7;0;;S?,S?,S?,E+,F;ledperf.com — Kits Xenon HID H7 - 35W et 55W;next-tech-france.com — Kit xenon H7 35W haut de gamme CANBUS Next-Tech®;rrs-direct.com — Kit Xenon Complet-H7 - 55 W;xenon-h7.com — Comment choisir son kit xenon HID;forum-auto.caradisiac.com — Choix kit xenon H7 - Préparation complète et voitures de ...;garder;"Trafic : 0 clics, dont 0 sur « H7, kit » (pos. 9) en mars-oct. 2025 ; Google seul : privé (Top 5 marchand + forum, aucun guide indépendant 'kit xénon H7')"
41449;Les meilleurs anneaux de dentition bio;https://meilleurtest.fr/comparatif-anneau-de-dentition-bio/;anneau de dentition;bio;technologie / sous-type;1;37480;Les meilleurs anneaux de dentition;https://meilleurtest.fr/comparatif-anneau-de-dentition/;B : intention spécifique selon les attributs, mais aucun guide spécialisé dans le top 5;meilleurs anneaux de dentition bio;0;;G,G,O,O,G;doctissimo.fr — Guide d'achat : top 5 des anneaux de dentition;je-suis-papa.ouest-france.fr — Comparatif des meilleurs anneaux de dentition bébé;natureetdecouvertes.com — Anneau de dentition;ekobutiks.com — Jouets & Anneaux de dentition bébé;madeinbebe.com — Anneau de dentition : les meilleures marques et les tops ...;privé;"Google : Aucun guide 'bio' : guides anneaux de dentition généraux, marchands ; aucun clic en 2025"
37248;Les meilleures antennes TV d'intérieur;https://meilleurtest.fr/comparatif-antenne-tv-dinterieur/;antenne TV;intérieur;usage / contexte;1;38226;Les meilleures antennes TV;https://meilleurtest.fr/comparatif-antenne-tv/;C : intention spécifique et résultats mixtes (un seul guide spécialisé, pas en tête);meilleures antennes TV d'intérieur;1;;E+,S,S?,E+,F;e.leclerc — Comment Choisir une Antenne TV Intérieure ?;service-antennes.com — Les 5 meilleures antennes TV TNT intérieures en 2026.;oneforall.com — Antenne TV Interieur - One For All;darty.com — Antenne TV Intérieur Puissante - Achat en ligne;forum.quechoisir.org — Conseils d'achat pour antennes TV d'intérieur (TNT);garder;"Trafic : 63 clics, dont 29 sur « intérieur » (pos. 8) en mars-oct. 2025 ; Google seul : privé (Top 5 'intérieures' en position 2 (service-antennes.com), plus guide Leclerc (Sm) — vérifié : service-antennes.com = boutique, donc privé)"
39687;Les meilleures antennes TV extérieures;https://meilleurtest.fr/comparatif-antenne-tv-exterieure/;antenne TV;extérieure;usage / contexte;1;38226;Les meilleures antennes TV;https://meilleurtest.fr/comparatif-antenne-tv/;C : intention spécifique et résultats mixtes (un seul guide spécialisé, pas en tête);meilleures antennes TV extérieures;1;;S?,S,S?,E+,G;e-planetelec.fr — Antenne Extérieure TNT | Qualité TV HD;service-antennes.com — Meilleure antenne TNT extérieur 2026 : Test & Comparatif !;geosat.fr — Antenne extérieure TNT UHF amplifiée spéciale Balcon;leroymerlin.fr — Antenne tnt exterieure au meilleur prix;bfmtv.com — 💥 Meilleures antennes TNT 2026 - guide d'achat et ...;garder;"Série intérieur/extérieur alignée sur garder (antenne intérieure : 63 clics, pos. 8 en 2025) ; Google seul : privé (service-antennes = prestataire)"
41304;Les meilleurs anti-moustiques extérieurs;https://meilleurtest.fr/comparatif-anti-moustique-exterieur/;anti-moustique;extérieur;usage / contexte;1;38920;Les meilleurs anti-moustiques;https://meilleurtest.fr/comparatif-anti-moustique/;B : intention spécifique selon les attributs, mais aucun guide spécialisé dans le top 5;meilleurs anti-moustiques extérieurs;0;;G,S?,O,G,G;actu.fr — Les meilleurs anti-moustiques pour un été 2026 sans piqûre;protecthome.fr — ANTI MOUSTIQUE extérieur | 100% efficace;zeromoustique.fr — Piege a moustique & appareil anti moustique - Elimination ...;quechoisir.org — Comment choisir son antimoustique - Guide d'achat;bfmtv.com — 💥 Meilleurs pièges à moustique 2026 - guide d'achat et ...;privé;"Google : Aucun guide 'extérieurs' : guides anti-moustiques généraux, pièges (bfmtv), marchands ; aucun clic en 2025"
42594;Les meilleurs anti-moustiques pour zone tropicale;https://meilleurtest.fr/comparatif-anti-moustique-pour-zone-tropicale/;anti-moustique;zone tropicale;non classé;1;38920;Les meilleurs anti-moustiques;https://meilleurtest.fr/comparatif-anti-moustique/;C : intention spécifique et résultats mixtes (un seul guide spécialisé, pas en tête);meilleurs anti-moustiques pour zone tropicale;1;;G,S,G,G,G;quechoisir.org — Comment choisir son antimoustique - Guide d'achat;protecthome.fr — Quel est le meilleur anti moustique pour les zones ...;antimoustic.com — Conseils pour choisir son répulsif anti-moustiques;sudouest.fr — Antimoustiques : le classement des meilleurs produits ...;allibert-trekking.com — Comment choisir son antimoustique;privé;"Google : Aucun guide indépendant 'zone tropicale' : seul protecthome.fr (marchand, pos. 2) ; aucun clic en 2025"
37865;Les meilleurs antivirus payants;https://meilleurtest.fr/comparatif-antivirus-payant/;antivirus;payant;prix;1;39423;Les meilleurs antivirus;https://meilleurtest.fr/comparatif-antivirus/;A : simple déclinaison, mais un guide spécialisé isolé dans le top 5;meilleurs antivirus payants;1;;G,G,S,F,G;lesnumeriques.com — Meilleurs Antivirus 2026 : Lesquels choisir ?;quechoisir.org — Comment choisir son antivirus ? - Guide d'achat;01net.com — Meilleur Antivirus Payant 2026 : qui est fiable ?;reddit.com — Quel logiciel antivirus payant est le meilleur sur Windows;leblogduhacker.fr — Quel est Vraiment LE MEILLEUR antivirus ? [à jour];privé;"Google : 1 seul guide 'payant' (01net.com, pos. 3), reste guides antivirus généraux ; peu de trafic (2 clics, dont 0 sur « payant » (pos. 39) en mars-oct. 2025)"
38928;Les meilleurs appareils anti-cellulites à ultrasons;https://meilleurtest.fr/comparatif-appareil-anti-cellulites-a-ultrasons/;appareil anti-cellulite;ultrasons;technologie / sous-type;1;42602;Les meilleurs appareils anti-cellulite;https://meilleurtest.fr/comparatif-appareil-anti-cellulite/;B : intention spécifique selon les attributs, mais aucun guide spécialisé dans le top 5;meilleurs appareils anti-cellulites à ultrasons;0;;O,E+,S?,E+,G;doctissimo.fr — 10 appareils efficaces anti-cellulite;amazon.fr — Ultrasonic Cellulite Remover;marieclaire.fr — Réduire sa cellulite grâce aux ultrasons;fnac.com — Appareil anti-cellulite à ultrason;bfmtv.com — Comment choisir un appareil anti-cellulite ?;privé;"Google : Aucun guide 'ultrasons' : guides anti-cellulite généraux, article marieclaire, marchands ; aucun clic en 2025"
41884;Les meilleurs appareils auditifs de classe 1;https://meilleurtest.fr/comparatif-appareil-auditif-de-classe-1/;appareil auditif;classe 1;taille / capacité / quantité;1;37268;Les meilleurs appareils auditifs;https://meilleurtest.fr/comparatif-appareil-auditif/;A : simple déclinaison, mais un guide spécialisé isolé dans le top 5;meilleurs appareils auditifs de classe 1;1;;E,E+,S,E+,E+;laboratoires-unisson.com — Quel est le meilleur appareil auditif 100% Santé ?;audibene.fr — Appareils auditifs de Classe 1;audiologys.com — Meilleur appareil auditif Classe 1 2026 – Comparatif & Avis;vivason.fr — Appareil auditif Classe 1 - 100% Santé, intégralement ...;oticon.fr — Appareils auditifs classe 1 et classe 2 : Quelles différences ?;garder;"Trafic : 18 clics, dont 6 sur « classe 1 » (pos. 22) en mars-oct. 2025 ; Google seul : privé (1 seul guide 'classe 1' (audiologys.com, pos. 3) et 1 Sm (unisson))"
41885;Les meilleurs appareils auditifs de classe 2;https://meilleurtest.fr/comparatif-appareil-auditif-de-classe-2/;appareil auditif;classe 2;taille / capacité / quantité;1;37268;Les meilleurs appareils auditifs;https://meilleurtest.fr/comparatif-appareil-auditif/;A : simple déclinaison, mais un guide spécialisé isolé dans le top 5;meilleurs appareils auditifs de classe 2;1;;E+,E+,E+,E+,S;vivason.fr — Appareils auditifs de Classe 2 : guide complet;grandaudition.com — Quelles différences entre un appareil auditif de classe 1 et ...;europe-audition.com — Appareil auditif classe 2 rechargeable : top modèles 2026;audibene.fr — Les appareils auditifs de Classe 2;kesako-groupe.com — Meilleur Appareil Auditif Classe 2 en 2026 : Comparatif;garder;"Trafic : 9 clics, dont 5 sur « classe 2 » (pos. 26) en mars-oct. 2025 ; Google seul : privé (1 S (kesako-groupe.com, pos. 5) + 2 Sm (vivason, europe-audition) — vérifié : kesako-groupe.com = boutique, donc privé)"
42035;Les appareils de massage pour jambes lourdes;https://meilleurtest.fr/comparatif-appareil-de-massage-pour-jambes-lourdes/;appareil de massage;jambes lourdes;non classé;1;37449;Les meilleurs appareils de massage;https://meilleurtest.fr/comparatif-appareil-de-massage/;B : intention spécifique selon les attributs, mais aucun guide spécialisé dans le top 5;appareils de massage pour jambes lourdes;0;;E,O,O,G,E;amazon.fr — Appareil Circulation Sanguine Jambes;pro-physio.fr — Appareil massage jambes | Pro Physio;beurer.com — Appareil de massage des jambes par compression;bastideleconfortmedical.com — Bien choisir son appareil pour la circulation des jambes;decathlon.fr — Appareils massage jambes;privé;"Google : Aucun guide indépendant : pages marchandes, guide bastideleconfortmedical (marchand) ; aucun clic en 2025"
37331;Les meilleurs appareils de massage du cou;https://meilleurtest.fr/comparatif-appareil-de-massage-du-cou/;appareil de massage;cou;usage / contexte;1;37449;Les meilleurs appareils de massage;https://meilleurtest.fr/comparatif-appareil-de-massage/;B : intention spécifique selon les attributs, mais aucun guide spécialisé dans le top 5;meilleurs appareils de massage du cou;0;;E,O,G,G,S?;amazon.fr — Amazon.fr : Appareil Massage Nuque;fflose.com — Top 5 : meilleur masseur cervical en 2026 (comparatif et avis);eco-dome.fr — Quel appareil de massage choisir pour le dos, la nuque et les ...;avis-beaute.marieclaire.fr — Les meilleurs appareils de massage pour se relaxer;natureetdecouvertes.com — Masseur dos et cervicales : Soulager le cou & le dos;garder;Google : Comparatif masseurs cervicaux en position 2 (fflose.com)
39642;Les meilleurs appareils de massage portables;https://meilleurtest.fr/comparatif-appareil-de-massage-portable/;appareil de massage;portable;technologie / sous-type;1;37449;Les meilleurs appareils de massage;https://meilleurtest.fr/comparatif-appareil-de-massage/;C : intention spécifique et résultats mixtes (un seul guide spécialisé, pas en tête);meilleurs appareils de massage portables;1;;E+,O,G,E,S;amazon.fr — Masseurs électriques portables;sens-original.com — Appareil massage dos, pieds, tête;avis-beaute.marieclaire.fr — Les meilleurs appareils de massage pour se relaxer;idealo.fr — ▷▷ Appareil de massage 2026 au meilleur prix;coolblue.be — Comment choisir un appareil de massage portable ?;garder;"Trafic : 1 clics, dont 1 sur « portable » (pos. 8) en mars-oct. 2025 ; Google seul : privé (Aucun guide indépendant 'portables' : marchands, guide coolblue (marchand, pos. 5))"
39205;Les meilleurs appareils palper rouler;https://meilleurtest.fr/comparatif-appareil-palper-rouler/;appareil de massage;palper-rouler;non classé;1;37449;Les meilleurs appareils de massage;https://meilleurtest.fr/comparatif-appareil-de-massage/;B : intention spécifique selon les attributs, mais aucun guide spécialisé dans le top 5;meilleurs appareils palper rouler;0;;E+,G,O,S?,G;amazon.fr — Appareil Palper Rouler;avis-beaute.marieclaire.fr — Quel appareil anti-cellulite choisir;doctissimo.fr — 10 appareils efficaces anti-cellulite;sens-original.com — Appareil palper-rouler anti-cellulite | Massage cuisse et ...;bfmtv.com — Top 5 des Meilleurs Appareils Anti Cellulite en 2026;privé;"Google : Aucun guide 'palper-rouler' : guides anti-cellulite généraux, marchands ; peu de trafic (4 clics, dont 1 sur « palper-rouler » (pos. 40) en mars-oct. 2025)"
40220;Les meilleurs appareils photo reflex plein format;https://meilleurtest.fr/comparatif-appareil-photo-reflex-plein-format/;appareil photo;plein format, reflex;technologie / sous-type, technologie / sous-type;2;37833;Les meilleurs appareils photo reflex;https://meilleurtest.fr/comparatif-appareil-photo-reflex/;C : intention spécifique et résultats mixtes (un seul guide spécialisé, pas en tête);meilleurs appareils photo reflex plein format;1;;S?,G,S,E+,S?;fr.canon-cna.com — Passer au plein format;apprendre-la-photo.fr — Quel est le meilleur appareil photo numérique en 2026;phototrend.fr — les meilleurs appareils photo hybrides plein format;fnac.com — Reflex Plein format, Full frame;visualsfrance.com — Appareil photo reflex numérique;privé;"Google : Aucun guide 'reflex plein format' : phototrend vise les hybrides, reste marques/marchands ; aucun clic en 2025"
40278;Les meilleurs après-rasages pour peau sensible;https://meilleurtest.fr/comparatif-apres-rasage-pour-peau-sensible/;après-rasage;peau sensible;usage / contexte;1;39983;Les meilleurs après-rasages;https://meilleurtest.fr/comparatif-apres-rasage/;B : intention spécifique selon les attributs, mais aucun guide spécialisé dans le top 5;meilleurs après-rasages pour peau sensible;0;;G,G,F,G,S?;quechoisir.org — Après-rasages - Comparatif Substances toxiques dans les ...;unjourunhomme.com — Après rasage - Choisissez le Meilleur soin pour votre peau;reddit.com — Le meilleur après-rasage ? : r/wicked_edge;avis-beaute.marieclaire.fr — Meilleurs baumes après-rasage parapharmacie;clarins.fr — Crèmes Après-Rasage Hommes Peaux Sensibles;privé;"Google : Aucun guide 'peau sensible' : guides après-rasage généraux, forum, marques ; aucun clic en 2025"
39527;Les meilleurs après-shampoings pour cheveux bouclés;https://meilleurtest.fr/comparatif-apres-shampoing-pour-cheveux-boucles/;après-shampoing;cheveux bouclés;usage / contexte;1;38377;Les meilleurs après-shampoings;https://meilleurtest.fr/comparatif-apres-shampoing/;C : intention spécifique et résultats mixtes (un seul guide spécialisé, pas en tête);meilleurs après-shampoings pour cheveux bouclés;1;;O,S?,S?,G,S;secretsdeloly.com — Après-Shampoing Cheveux Texturés;labelleboucle.fr — Après-shampoing : cheveux bouclés I ...;mademoiselle-bio.com — Cheveux bouclés : après-shampoing bio adapté;quechoisir.org — Après shampooings - Comparatif Substances toxiques ...;mixbeauty.com — Après-shampoing cheveux bouclés : guide complet;privé;"Google : 1 seul guide 'bouclés' (mixbeauty.com, pos. 5), reste marchand ; peu de trafic (3 clics, dont 2 sur « cheveux bouclés » (pos. 40) en mars-oct. 2025)"
39433;Les meilleurs après-shampoings pour cheveux secs;https://meilleurtest.fr/comparatif-apres-shampoing-pour-cheveux-secs/;après-shampoing;cheveux secs;usage / contexte;1;38377;Les meilleurs après-shampoings;https://meilleurtest.fr/comparatif-apres-shampoing/;B : intention spécifique selon les attributs, mais aucun guide spécialisé dans le top 5;meilleurs après-shampoings pour cheveux secs;0;;G,G,O,G,S?;avril-beaute.fr — Comment bien choisir son après-shampoing ?;ayanature.com — Les Meilleurs Après Shampoings Bio;quechoisir.org — Produits sans risque : Après shampooings;topsante.com — Banc d'essai : 6 après-shampoings superhydratants;helssyhair.com — Après-Shampoings Naturels Cheveux Secs;privé;"Google : Aucun guide 'cheveux secs' : guides après-shampoing généraux/bio, marchand ; peu de trafic (1 clics, dont 0 sur « cheveux secs » (pos. 37) en mars-oct. 2025)"
39313;Les meilleurs après-shampoings sans rinçage;https://meilleurtest.fr/comparatif-apres-shampoing-sans-rincage/;après-shampoing;sans rinçage;technologie / sous-type;1;38377;Les meilleurs après-shampoings;https://meilleurtest.fr/comparatif-apres-shampoing/;C : intention spécifique et résultats mixtes (un seul guide spécialisé, pas en tête);meilleurs après-shampoings sans rinçage;1;;E+,O,S,G,F;amazon.fr — Après Shampooing Sans Rinçage;moncornerb.com — Après shampoing bio et naturel;vogue.fr — Quels sont les meilleurs après-shampoings sans rinçage;quechoisir.org — Après shampooings - Comparatif Substances toxiques ...;reddit.com — Le meilleur après-shampooing sans rinçage hydratant;privé;"Google : 1 seul guide 'sans rinçage' (vogue.fr, pos. 3), reste marchand/forum ; peu de trafic (2 clics, dont 2 sur « sans rinçage » (pos. 28) en mars-oct. 2025)"
39086;Les meilleurs aquariums muraux;https://meilleurtest.fr/comparatif-aquarium-mural/;aquarium;mural;technologie / sous-type;1;38126;Les meilleurs aquariums;https://meilleurtest.fr/comparatif-aquarium/;C : intention spécifique et résultats mixtes (un seul guide spécialisé, pas en tête);meilleurs aquariums muraux;1;;F,E+,S,E+,S?;youtube.com — MEILLEUR AQUARIUM MURAL - Comparatif & Guide d'achat;cdiscount.com — Aquarium mural - Animalerie;meilleur-aquarium.fr — meilleur Aquarium mural 2026 - Comparatif pour bien choisir;amazon.fr — Amazon.fr : Aquarium Mural;aquarium.pagesjaunes.fr — Aquarium mural : modèles et prix - PagesJaunes;garder;"Google : 1 seul guide 'mural' (meilleur-aquarium.fr, pos. 3), reste marchand et vidéo ; historique : 0 clics, dont 0 sur « mural » (pos. 19) en mars-oct. 2025"
39148;Les meilleurs nano aquariums;https://meilleurtest.fr/comparatif-nano-aquariums/;aquarium;nano;non classé;1;38126;Les meilleurs aquariums;https://meilleurtest.fr/comparatif-aquarium/;C : intention spécifique et résultats mixtes (un seul guide spécialisé, pas en tête);meilleurs nano aquariums;1;;S?,S,E+,F,F;olibetta.fr — Nano-aquariums pour créer un monde sous-marin miniature;recifart.com — Nano aquarium : comment choisir et entretenir votre petit ...;materiel-aquatique.com — Nano aquarium et petit aquarium;youtube.com — TOP 10 Micro Nano fish pour petits aquariums;aquariophilie.org — Quel nano aquarium choisir;privé;"Google : Aucun guide indépendant 'nano' : marchands aquariophilie (recifart), vidéo, forum ; aucun clic en 2025"
41538;Les meilleures armoires blanches;https://meilleurtest.fr/comparatif-armoire-blanche/;armoire;blanc;couleur / style;1;41529;Les meilleures armoires;https://meilleurtest.fr/comparatif-armoire/;A : simple déclinaison, mais un guide spécialisé isolé dans le top 5;meilleures armoires blanches;1;;E+,E+,E+,S,E+;achatmoinscher.com — Armoire blanche au meilleur prix - Chambre pour adulte;fr.pinterest.com — Découvrez notre sélection des 8 meilleures armoires ...;meubles.fr — Armoires blanches – Comparateur de prix (2026);for-interieur.fr — Armoire blanche : Quel modèle choisir ?;idmarket.com — Armoire blanche pas cher pour votre chambre;privé;"Google : 1 seul guide (for-interieur, pos. 4), reste comparateurs, marchands et Pinterest ; aucun clic en 2025"
41537;Les meilleures armoires d'angle;https://meilleurtest.fr/comparatif-armoire-d-angle/;armoire;angle;technologie / sous-type;1;41529;Les meilleures armoires;https://meilleurtest.fr/comparatif-armoire/;B : intention spécifique selon les attributs, mais aucun guide spécialisé dans le top 5;meilleures armoires d'angle;0;;E+,S?,S?,E+,S?;leroymerlin.fr — Armoire d angle au meilleur prix;fanmuebles.com — Acheter Armoires d'Angle et de Coin Pas Chères;azurahomedesign.com — Armoire d'angle dressing blanche en L 440x210x52;ikea.com — Dressing d'angle;tutrocito.com — Armoire d'angle sur mesure - Personnalisable;garder;"Trafic : 0 clics, dont 0 sur « angle » (pos. 10) en mars-oct. 2025 ; Google seul : privé (Top 5 entièrement marchand, aucun guide 'angle')"
41536;Les meilleures armoires de chambre;https://meilleurtest.fr/comparatif-armoire-de-chambre/;armoire;chambre;usage / contexte;1;41529;Les meilleures armoires;https://meilleurtest.fr/comparatif-armoire/;B : intention spécifique selon les attributs, mais aucun guide spécialisé dans le top 5;meilleures armoires de chambre;0;;S?,E+,S?,S?,G;meublesthiry.com — Armoires de chambre adulte - Design & rangement;leroymerlin.fr — Armoire de chambre;marieclaire.fr — 15 armoires pour optimiser ses rangements côté chambre;camif.fr — Armoires de Chambre pour un Rangement de qualité;lebontri.fr — Meilleure armoire 2026 : portes battantes ou coulissantes ?;privé;"Google : 1 seul guide 'chambre' (marieclaire, pos. 3), reste marchand/général ; aucun clic en 2025"
38682;Les meilleurs aspirateurs pas chers;https://meilleurtest.fr/comparatif-aspirateur-pas-cher/;aspirateur;pas cher;prix;1;36524;Les meilleurs aspirateurs;https://meilleurtest.fr/comparatif-aspirateur/;A : simple déclinaison, mais un guide spécialisé isolé dans le top 5;meilleurs aspirateurs pas chers;1;;G,F,G,S,G;lesnumeriques.com — Comparatif / 45 aspirateurs balais testés Septembre 2026;youtube.com — LES MEILLEURS ASPIRATEURS SANS FIL PAS CHERS DE ...;quechoisir.org — Comment choisir son aspirateur - Guide d'achat;occasionsrenee.fr — Meilleur aspirateur moins de 100;lexpress.fr — Notre comparatif des meilleurs aspirateurs 2026;privé;"Google : 1 seul guide 'pas cher' (occasionsrenee.fr, pos. 4), reste guides généraux ; aucun clic en 2025"
40194;Les meilleurs aspirateurs avec sac silencieux;https://meilleurtest.fr/comparatif-aspirateur-avec-sac-silencieux/;aspirateur;avec sac, silencieux;technologie / sous-type, adjectif de qualité;2;37721;Les meilleurs aspirateurs avec sac;https://meilleurtest.fr/comparatif-aspirateur-avec-sac/;A : simple déclinaison, mais un guide spécialisé isolé dans le top 5;meilleurs aspirateurs avec sac silencieux;1;;E+,E+,S,E+,F;rowenta.fr — Aspirateurs traîneaux avec sac;electrolux.fr — Aspirateur traîneau avec sac pour un intérieur soigné;lesnumeriques.com — Comparatif / 21 aspirateurs traîneaux testés Septembre 2026;amazon.fr — Aspirateur Avec Sac Silencieux Puissant;youtube.com — TOP 3 : Meilleur Aspirateur Traîneau avec Sac 2026;privé;"Google : Aucun guide 'silencieux' : marques, comparatif traîneaux général (lesnumeriques), vidéo ; aucun clic en 2025"
40600;Les meilleurs aspirateurs sans fil Shark;https://meilleurtest.fr/comparatif-aspirateur-sans-fil-shark/;aspirateur;sans fil, Shark;technologie / sous-type, marque;2;37690;Les meilleurs aspirateurs sans fil;https://meilleurtest.fr/comparatif-aspirateur-sans-fil/;A : simple déclinaison, mais un guide spécialisé isolé dans le top 5;meilleurs aspirateurs sans fil Shark;1;;E+,S?,F,S,E+;sharkninja.fr — Aspirateurs Sans Fil | Puissants & Rechargeables;lesnumeriques.com — L'aspirateur Shark le plus puissant, un incontournable pour ...;reddit.com — Pourquoi les aspirateurs Shark sont-ils si bien notés sur ...;maniaques.fr — Que valent les aspirateurs de la marque Shark ? Notre avis !;amazon.fr — Shark: Aspirateurs balais sans fil;privé;"Google : 1 seul guide Shark (maniaques.fr, pos. 4), reste marque, actualité, forum ; aucun clic en 2025"
36977;Les meilleurs aspirateurs de table;https://meilleurtest.fr/comparatif-aspirateur-de-table/;aspirateur;table;usage / contexte;2;37150;Les meilleurs aspirateurs à main;https://meilleurtest.fr/comparatif-aspirateur-a-main/;C : intention spécifique et résultats mixtes (un seul guide spécialisé, pas en tête);meilleurs aspirateurs de table;1;;G,G,E+,F,S;lebontri.fr — Meilleur aspirateur à main 2026 : 10 modèles comparés;capital.fr — Les meilleurs aspirateurs à main selon nos tests;idealo.fr — Aspirateur de table 2026 au meilleur prix;youtube.com — TOP 3 : Meilleur Aspirateur de Table 2026;bissell.fr — Comment bien choisir son aspirateur de table;privé;"Google : Aucun guide indépendant 'de table' : guides aspirateurs à main, comparateur, vidéo ; aucun clic en 2025"
42429;Les meilleurs aspirateurs de cendre de pellets;https://meilleurtest.fr/comparatif-aspirateur-de-cendre-de-pellets/;aspirateur à cendres;pellets;technologie / sous-type;1;38590;Les meilleurs aspirateurs à cendres;https://meilleurtest.fr/comparatif-aspirateur-a-cendre/;C : intention spécifique et résultats mixtes (un seul guide spécialisé, pas en tête);meilleurs aspirateurs de cendre de pellets;1;;G,G,F,S,G;conseils-thermiques.org — Aspirateurs pour poêles à granulés : Tests et Comparatif;bfmtv.com — Les 10 meilleurs aspirateurs cendre 2026;facebook.com — Bonjour, je recherche le meilleur aspirateur pour ...;tecnomat.fr — Aspirateur cendre pellet: au meilleur prix - Bricoman;lebontri.fr — Meilleur aspirateur de cendres 2026;garder;Google : Comparatif aspirateurs pour poêles à granulés en position 1 (conseils-thermiques.org)
42711;Les meilleures assurances habitation pour étudiant;https://meilleurtest.fr/comparatif-assurance-habitation-pour-etudiant/;assurance habitation;étudiant;public visé;1;36794;Les meilleures assurances habitation;https://meilleurtest.fr/comparatif-assurance-habitation/;C : intention spécifique et résultats mixtes (un seul guide spécialisé, pas en tête);meilleures assurances habitation pour étudiant;1;;E+,S?,E+,S,S?;lecomparateurassurance.com — Comparer les assurances habitation étudiant;studyassur.com — Assurance Habitation Etudiant - Dès 1.38 €/mois;lesfurets.com — Comparateur assurance habitation étudiant 🎓 - dès 5€/mois;index-habitation.fr — Quelle assurance habitation pour un étudiant ?;logement.studyrama.com — Assurance logement pour étudiant : comparez, choisissez;garder;Google : 4 comparatifs 'étudiant', dont lecomparateurassurance en position 1
39654;Les meilleures assurances habitations pas chères;https://meilleurtest.fr/comparatif-assurance-habitation-pas-chere/;assurance habitation;pas cher;prix;1;36794;Les meilleures assurances habitation;https://meilleurtest.fr/comparatif-assurance-habitation/;A : simple déclinaison, mais un guide spécialisé isolé dans le top 5;meilleures assurances habitations pas chères;1;;E,E+,E+,S,E+;lelynx.fr — Meilleure assurance habitation : Le Classement 2026;lecomparateurassurance.com — Comparer les assurances habitation pas chères;lesfurets.com — Assurance habitation pas chère en septembre 2026;index-habitation.fr — Assurance habitation pas cher ? Comparatif en ligne;maaf.fr — Assurance habitation pas chère - Devis en ligne;garder;Google : Comparateurs 'pas cher' en positions 2 et 4 (lecomparateurassurance, index-habitation)
39249;Les meilleures mutuelles pour chien;https://meilleurtest.fr/comparatif-mutuelle-pour-chien/;assurance pour chiens;santé;non classé;1;42506;Les meilleures assurances pour chien;https://meilleurtest.fr/comparatif-compagnie-assurance-pour-chien/;B : intention spécifique selon les attributs, mais aucun guide spécialisé dans le top 5;meilleures mutuelles pour chien;0;;F,G,E,G,E+;meilleurtaux.com — Classement 2026 des meilleures assurances animaux;bonne-assurance.com — Classement des meilleures mutuelles pour chien 2027;lecomparateurassurance.com — Comparatif pour choisir la meilleure assurance pour votre ...;bfmtv.com — Les 6 meilleures assurances pour chien 2026;santevet.com — Santévet: Assurance Santé Animale - Mutuelle Santé Chien et ...;à signaler;Doublon : Synonyme du multi assurances pour chien (mutuelle = assurance santé chien). (Google : garder)
41442;Les meilleurs atomiseurs non reconstructibles;https://meilleurtest.fr/comparatif-atomiseur-non-reconstructible/;atomiseur;non reconstructible;non classé;1;37834;Les meilleurs atomiseurs;https://meilleurtest.fr/comparatif-atomiseur/;B : intention spécifique selon les attributs, mais aucun guide spécialisé dans le top 5;meilleurs atomiseurs non reconstructibles;0;;O,G,G,G,O;lepetitvapoteur.com — Atomiseur reconstructible pas cher;lepetitfumeur.fr — Les meilleurs atomiseurs reconstructibles de 2026;fr.vapingpost.com — Quel atomiseur choisir en 2026 ? - La sélection ultime;taklope.com — Meilleurs Atomiseurs Reconstructibles;arsenevalentin.com — Atomiseur reconstructible pas cher - Cigarette électronique;privé;"Google : Aucun guide 'non reconstructibles' : résultats sur reconstructibles, boutiques vape ; aucun clic en 2025"
41241;Les meilleurs kits d'aérographe;https://meilleurtest.fr/comparatif-kit-aerographe/;aérographe;kit;technologie / sous-type;1;41425;Les meilleurs aérographes;https://meilleurtest.fr/comparatif-aerographe/;B : intention spécifique selon les attributs, mais aucun guide spécialisé dans le top 5;meilleurs kits d'aérographe;0;;G,G,F,F,G;aerographe-france.com — Quel Aérographe Choisir ? Guide d'Achat Septembre 2026;latelierdiy.fr — Meilleur Aérographe : Comparatif et Guide d'Achat 2026;youtube.com — TOP—5. Meilleurs aérographes. Test & Comparatif 2025;reddit.com — Meilleur aérographe pour débutants : r/minipainting;amatimodel.com — Comment choisir le meilleur aérographe pour le modélisme;privé;"Google : Aucun guide 'kit' : guides aérographes généraux, vidéo, forum ; aucun clic en 2025"
40253;Les meilleurs baby-foot pour enfant;https://meilleurtest.fr/comparatif-baby-foot-pour-enfant/;baby-foot;enfant;public visé;1;36494;Les meilleurs baby-foot;https://meilleurtest.fr/comparatif-baby-foot/;C : intention spécifique et résultats mixtes (un seul guide spécialisé, pas en tête);meilleurs baby-foot pour enfant;1;;G,G,S,E,G;misterbabyfoot.com — Comment bien choisir son baby-foot;babyfootvintage.com — Quelle est la meilleure marque de baby foot ? Le guide 2025;je-suis-papa.ouest-france.fr — Comparatif des meilleurs babyfoots pour enfant - Je suis papa;decathlon.fr — Comment bien choisir son baby foot ?;fflose.com — Meilleur baby-foot 2026 : 8 modèles pour tous les budgets;garder;"Trafic : 1 clics, dont 0 sur « enfant » (pos. 13) en mars-oct. 2025 ; Google seul : privé (1 seul guide 'enfant' (je-suis-papa ouest-france, pos. 3), reste guides généraux)"
39875;Les meilleures maisons de toilette pour chat;https://meilleurtest.fr/comparatif-maison-de-toilette-pour-chat/;bac à litière pour chats;maison de toilette;non classé;1;37614;Les meilleurs bacs à litière pour chats;https://meilleurtest.fr/comparatif-bac-a-litiere-pour-chat/;B : intention spécifique selon les attributs, mais aucun guide spécialisé dans le top 5;meilleures maisons de toilette pour chat;0;;G,G,E,F,G;minouland.com — Meilleur bac à litière chat 2026 | Comparatif & conseils;griffedamour.com — Meilleur bac à litière pour chat : Le guide ultime pour 2026;vetostore.com — Les meilleurs bacs à litière de 2026;reddit.com — Quel est le meilleur système/bac à litière pour chats ? : r/Pets;medoretcie.com — Choisir le meilleur bac à litière pour mon chat;privé;"Google : Aucun guide 'maison de toilette' : guides bacs à litière généraux, forum ; peu de trafic (1 clics, dont 1 sur « maison de toilette » (pos. 22) en mars-oct. 2025)"
39392;Les meilleures baignoires d'angle;https://meilleurtest.fr/comparatif-baignoire-dangle/;baignoire;angle;technologie / sous-type;1;37329;Les meilleures baignoires;https://meilleurtest.fr/comparatif-baignoire/;B : intention spécifique selon les attributs, mais aucun guide spécialisé dans le top 5;meilleures baignoires d'angle;0;;S?,S?,S?,S?,S?;x2o.fr — Baignoire d'Angle | X²O Salles de bains;distribain.fr — Baignoire balnéo d'angle moderne;meilleurs.fr — Top baignoire d'angle en 2026;azurahomedesign.com — Baignoires d'angle;espace-aubade.fr — Top baignoire d'angle pour petite Salle de Bain;privé;"Google : 1 seul guide (meilleurs.fr, pos. 3) + 1 Sm Aubade, reste marchand ; aucun clic en 2025"
38486;Les meilleures baignoires bébé pliables;https://meilleurtest.fr/comparatif-baignoire-bebe-pliable/;baignoire bébé;pliable;technologie / sous-type;1;37416;Les meilleures baignoires bébé;https://meilleurtest.fr/comparatif-baignoire-bebe/;C : intention spécifique et résultats mixtes (un seul guide spécialisé, pas en tête);meilleures baignoires bébé pliables;1;;G,O,G,O,S;madeinbebe.com — Baignoire bébé : les meilleures marques et les tops produits;consobaby.com — Toutes les baignoires bébé notées par des parents;je-suis-papa.ouest-france.fr — Meilleures baignoires bébé 2026 : notre comparatif;leparisien.fr — Le top des baignoires pour bébé en 2025 : praticité, confort ...;magicmaman.com — Quelle est la meilleure baignoire pliable pour bébé;privé;"Google : 1 seul guide 'pliable' (magicmaman, pos. 5), reste guides généraux ; peu de trafic (1 clics, dont 0 sur « pliable » (pos. 26) en mars-oct. 2025)"
40015;Les meilleures baignoires bébé sur pieds;https://meilleurtest.fr/comparatif-baignoire-bebe-sur-pieds/;baignoire bébé;sur pieds;technologie / sous-type;1;37416;Les meilleures baignoires bébé;https://meilleurtest.fr/comparatif-baignoire-bebe/;B : intention spécifique selon les attributs, mais aucun guide spécialisé dans le top 5;meilleures baignoires bébé sur pieds;0;;G,G,O,F,O;madeinbebe.com — Baignoire bébé sur pied : les meilleures marques et les ...;je-suis-papa.ouest-france.fr — Meilleures baignoires bébé 2026 : notre comparatif;superbe-bebe.com — Baignoires bébé pliables – Sur pied, compactes, avec ...;reddit.com — Quelle type de baignoire pour mon futur nourrisson;consobaby.com — Toutes les baignoires bébé notées par des parents;garder;"Trafic : 41 clics, dont 13 sur « sur pieds » (pos. 10) en mars-oct. 2025 ; Google seul : privé (Guide 'sur pied' en position 1 (madeinbebe.com) — vérifié : madeinbebe.com = boutique, donc privé)"
42582;Les meilleurs bains de bouche antiseptiques;https://meilleurtest.fr/comparatif-bain-de-bouche-antiseptique/;bain de bouche;antiseptique;non classé;1;37734;Les meilleurs bains de bouche;https://meilleurtest.fr/comparatif-bain-de-bouche/;B : intention spécifique selon les attributs, mais aucun guide spécialisé dans le top 5;meilleurs bains de bouche antiseptiques;0;;G,E+,G,G,G;quechoisir.org — Bains de bouche - Comparatif Substances toxiques dans ...;pharmacieveau.fr — Bains de bouche antiseptiques et anti inflammatoires ...;gqmagazine.fr — Les meilleurs bains de bouche pour une santé bucco ...;lasante.net — Quel bain de bouche choisir - Nos conseils;blog.easypara.fr — Top 5 des meilleurs bains de bouche;privé;"Google : Aucun guide 'antiseptiques' : guides bains de bouche généraux, pharmacie en ligne ; aucun clic en 2025"
39665;Les meilleurs balais serpillère professionnels;https://meilleurtest.fr/comparatif-balai-serpillere-professionnel/;balai serpillère;professionnel;public visé;1;36819;Les meilleurs balais serpillères;https://meilleurtest.fr/comparatif-balai-serpillere/;C : intention spécifique et résultats mixtes (un seul guide spécialisé, pas en tête);meilleurs balais serpillère professionnels;1;;G,S?,E+,S,F;lebontri.fr — Meilleur balai serpillère 2026 : comparatif et avis;delcourt.fr — Balai Serpillère Pour Professionnels | Delcourt.fr;amazon.fr — Balai Serpillere Professionnel;maniaques.fr — Les meilleurs balais serpillière professionnels en 2026;youtube.com — TOP 3 : Meilleur Balai Serpillère 2026;privé;"Google : 1 seul guide 'professionnels' (maniaques.fr, pos. 4), reste marchand/général/vidéo ; peu de trafic (4 clics, dont 0 sur « professionnel » (pos. 35) en mars-oct. 2025)"
38938;Les meilleurs balais serpillères électriques;https://meilleurtest.fr/comparatif-balai-serpillere-electrique/;balai serpillère;électrique;technologie / sous-type;1;36819;Les meilleurs balais serpillères;https://meilleurtest.fr/comparatif-balai-serpillere/;C : intention spécifique et résultats mixtes (un seul guide spécialisé, pas en tête);meilleurs balais serpillères électriques;1;;S?,S,F,F,G;bissell.fr — Serpillère Electrique - Balai-Serpillière BISSELL;maniaques.fr — Serpillère électrique avec et sans fil - Les 4 meilleurs ...;reddit.com — Quelles sont les meilleures recommandations pour ...;youtube.com — Top 5 Meilleure Serpillère Électrique 2026;20minutes.fr — Quelle est la meilleure serpillère à choisir en 2026 ?;garder;Trafic : 12 clics, dont 8 sur « électrique » (pos. 13) en mars-oct. 2025
38863;Les meilleures banques sans condition de revenu;https://meilleurtest.fr/comparatif-banque-sans-condition-de-revenu/;banque;sans conditions de revenus;technologie / sous-type;1;37613;Les meilleures banques;https://meilleurtest.fr/comparatif-banque/;C : intention spécifique et résultats mixtes (un seul guide spécialisé, pas en tête);meilleures banques sans condition de revenu;1;;E,S,O,G,G;lesfurets.com — Trouver une banque en ligne sans revenus : nos conseils;panorabanques.com — Trouvez la meilleure banque sans condition de revenus;comparabanques.fr — Compte bancaire gratuit sans revenu : comparatif 2026;finance-heros.fr — Meilleure banque en ligne : comparatif 2026;moneyvox.fr — Meilleure banque en ligne : le comparatif 2026 des offres;garder;Google : 3 comparateurs spécialisés dans le top 3
37478;Les meilleures banques traditionnelles en France;https://meilleurtest.fr/comparatif-banque-traditionnelle-france/;banque;France, physique;technologie / sous-type, technologie / sous-type;2;42027;Les meilleures banques physiques;https://meilleurtest.fr/comparatif-banque-physique/;C : intention spécifique et résultats mixtes (un seul guide spécialisé, pas en tête);meilleures banques traditionnelles en France;1;;G,S,F,G,G;comparabanques.fr — Quelle est la meilleure banque traditionnelle en 2026 ?;finance-heros.fr — Meilleure banque physique : comparatif 2026;reddit.com — Quelle est la meilleure banque traditionnelle selon vous;indy.fr — Le comparateur des meilleures banques en 2026;qonto.com — Top 5 des meilleures banques pro traditionnelles;à signaler;Doublon : Banque traditionnelle = banque physique : synonyme du multi parent. (Google : garder)
42182;Les meilleures banques pros traditionnelles;https://meilleurtest.fr/comparatif-banque-pro-traditionnelle/;banque professionnelle;physique;technologie / sous-type;1;36874;Les meilleures banques professionnelles;https://meilleurtest.fr/comparatif-banque-professionnelle/;B : intention spécifique selon les attributs, mais aucun guide spécialisé dans le top 5;meilleures banques pros traditionnelles;0;;G,O,G,G,O;littlebigthings.fr — TOP 20 des meilleures banques professionnelles !;lecoindesentrepreneurs.fr — Les banques pour les professionnels;qonto.com — Top 5 des meilleures banques pro traditionnelles;avenuedesinvestisseurs.fr — Compte pro : comparatif des meilleures banques et offres pro;legalplace.fr — Banque professionnelle en ligne ou traditionnelle ?;privé;"Google : Aucun guide indépendant 'traditionnelles' ; seul Qonto (banque, Sm) en pos. 3 ; peu de trafic (1 clics, dont 0 sur « physique » (pos. 67) en mars-oct. 2025)"
37681;Les meilleurs barbecues à granulés;https://meilleurtest.fr/comparatif-barbecue-a-granule/;barbecue;granulés;technologie / sous-type;1;37471;Les meilleurs barbecues;https://meilleurtest.fr/comparatif-barbecue/;B : intention spécifique selon les attributs, mais aucun guide spécialisé dans le top 5;meilleurs barbecues à granulés;0;;E,G,G,E,F;esprit-barbecue.fr — Top 5 des meilleurs barbecues à pellets 2026;barbecue-co.com — Quel est l'avis de Barbecue & Co sur les barbecues à pellets;vevor.com — Meilleurs barbecues à pellets 2026;jardiland.com — Pourquoi choisir un barbecue à pellet ?;reddit.com — Quel barbecue à granulés acheter ? : r/pelletgrills;privé;"Google : Aucun guide indépendant : guides pellets de marchands (esprit-barbecue, barbecue-co, vevor) ; peu de trafic (2 clics, dont 1 sur « granulés » (pos. 50) en mars-oct. 2025)"
42450;Les meilleurs combinés barbecue plancha;https://meilleurtest.fr/comparatif-combine-barbecue-plancha/;barbecue;plancha;usage / contexte;1;37471;Les meilleurs barbecues;https://meilleurtest.fr/comparatif-barbecue/;B : intention spécifique selon les attributs, mais aucun guide spécialisé dans le top 5;meilleurs combinés barbecue plancha;0;;E+,E+,E+,E+,F;favexshop.com — Barbecues et planchas combinés : les meilleures marques;passion-barbecue.fr — Barbecues combinés plancha;raviday-barbecue.com — Barbecue à gaz et plancha;cdiscount.com — Combine barbecue plancha;facebook.com — Je comprends que d'acheter deux appareils distincts ...;privé;"Google : Top 5 marchand + réseau social, aucun guide indépendant ; aucun clic en 2025"
39103;Les meilleures barres de son Bluetooth;https://meilleurtest.fr/comparatif-barre-de-son-bluetooth/;barre de son;bluetooth;technologie / sous-type;1;36421;Les meilleures barres de son;https://meilleurtest.fr/comparatif-barre-de-son/;B : intention spécifique selon les attributs, mais aucun guide spécialisé dans le top 5;meilleures barres de son Bluetooth;0;;G,E+,E,F,E;lesnumeriques.com — Guide : Les meilleures barres de son Septembre 2026;laboutiquederic.com — Barres de son sans fil Bluetooth;boulanger.com — Quelle est la meilleure barre de son ?;youtube.com — LES MEILLEURES BARRES DE SON PAS CHÈRES DE 2026;fnac.com — Meilleures ventes Barre de son;privé;"Google : Aucun guide 'Bluetooth' : guides généraux, marchands, vidéo ; peu de trafic (1 clics, dont 0 sur « bluetooth » (pos. 32) en mars-oct. 2025)"
40447;Les meilleures barres de son Bose;https://meilleurtest.fr/comparatif-barre-de-son-bose/;barre de son;Bose;marque;1;36421;Les meilleures barres de son;https://meilleurtest.fr/comparatif-barre-de-son/;A : simple déclinaison, mais un guide spécialisé isolé dans le top 5;meilleures barres de son Bose;1;;E,S,E,F,E;bose.fr — Barres de son sans fil et Dolby Atmos pour télévisions;lesnumeriques.com — Guide : Les meilleures barres de son Bose Septembre 2026;bose.fr — Qu'est-ce qu'une barre de son ? 5 raisons d'en acquérir une;reddit.com — La Bose Smart Ultra Soundbar est-elle la meilleure barre ...;bose.fr — Les meilleures barres de son et home cinéma pour la ...;garder;Google : Guide 'barres de son Bose' en position 2 (lesnumeriques.com)
41975;Les meilleures barres de son sans caisson de basses;https://meilleurtest.fr/comparatif-barre-de-son-sans-caisson-de-basses/;barre de son;sans caisson de basses;technologie / sous-type;1;36421;Les meilleures barres de son;https://meilleurtest.fr/comparatif-barre-de-son/;C : intention spécifique et résultats mixtes (un seul guide spécialisé, pas en tête);meilleures barres de son sans caisson de basses;1;;G,S,F,G,E;synoptik.fr — Barre de son sans caisson : guide et sélection 2026;maisonadam.ca — Les meilleures barres de son sans caisson de basses;reddit.com — Meilleure barre de son sans caisson de basses : r/Soundbars;lesnumeriques.com — Comparatif / 53 barres de son & systèmes home cinéma ...;blog.son-video.com — Comparatif des meilleures barres de son 2026 - Son-Vidéo.com;garder;Google : Guide 'sans caisson' en position 1 (synoptik.fr), plus maisonadam.ca (Sm)
41566;Les meilleures baskets de running pour femme;https://meilleurtest.fr/comparatif-basket-de-running-pour-femme/;basket;femme, running;public visé, usage / contexte;2;38200;Les meilleures baskets pour femme;https://meilleurtest.fr/comparatif-basket-pour-femme/;B : intention spécifique selon les attributs, mais aucun guide spécialisé dans le top 5;meilleures baskets de running pour femme;0;;E+,S?,E+,E+,S?;zalando.fr — Puma Chaussures de running pour femme en promo;fashiola.fr — Baskets & Sneakers On Running pour Femme;sarenza.com — Basket running New Balance pour Femme | Collection 2026;decathlon.fr — Chaussures de running pour femmes Go Run Consistent 2.0;salomon.com — Chaussures pour course à pied femme (drop standard (≥ ...;privé;"Google : Top 5 entièrement marchand, aucun guide 'running femme' ; aucun clic en 2025"
42652;Les meilleures baskets de marche pour homme;https://meilleurtest.fr/comparatif-baskets-de-marche-pour-homme/;basket de marche;homme;public visé;1;42407;Les meilleures baskets de marche;https://meilleurtest.fr/comparatif-baskets-de-marche/;B : intention spécifique selon les attributs, mais aucun guide spécialisé dans le top 5;meilleures baskets de marche pour homme;0;;G,E,E,O,S?;runnea.fr — Les 16 meilleures chaussures de marche avec amorti - Runnea;decathlon.fr — Chaussures pour la marche athlétique, sportive ou nordique;i-run.fr — Quelles marques de chaussures de randonnée choisir ? ...;widermag.com — Les meilleures chaussures pour le fast-hiking;skechers.fr — Chaussures de Marche Homme | Baskets;privé;"Google : Aucun guide 'homme' : guides généraux et marchands (skechers pos. 5) ; peu de trafic (1 clics, dont 0 sur « homme » (pos. 23) en mars-oct. 2025)"
39455;Les meilleures batteries de cuisine en céramique;https://meilleurtest.fr/comparatif-batterie-de-cuisine-ceramique/;batterie de cuisine;céramique;technologie / sous-type;1;36893;Les meilleures batteries de cuisine;https://meilleurtest.fr/comparatif-batterie-de-cuisine/;B : intention spécifique selon les attributs, mais aucun guide spécialisé dans le top 5;meilleures batteries de cuisine en céramique;0;;G,S?,O,G,E+;gastrolux.fr — Meilleure batterie de cuisine antiadhésive;fromourplace.fr — Ensemble céramique;lefef-cooking.com — Batteries de cuisine - Fabriquées en France;mathon.fr — Comment choisir sa batterie de cuisine;lionshome.fr — Batteries de cuisine céramique (2026) Meilleures Ventes;garder;"Trafic : 57 clics, dont 2 sur « céramique » (pos. 4) en mars-oct. 2025 ; Google seul : privé (Aucun guide 'céramique' : marques, marchands et guides généraux)"
41568;Les meilleurs baumes du tigre blanc;https://meilleurtest.fr/comparatif-baume-du-tigre-blanc/;baume du tigre;blanc;couleur / style;1;41585;Les meilleurs baumes du tigre;https://meilleurtest.fr/comparatif-baume-du-tigre/;A : simple déclinaison, mais un guide spécialisé isolé dans le top 5;meilleurs baumes du tigre blanc;1;;G,S?,S,S?,S?;sport-orthese.com — Quel baume du tigre choisir ? Différences des bienfaits;atida.fr — Baume du Tigre Blanc 30g;firn.fr — Baume du Tigre rouge ou blanc : comment bien le choisir ?;123medical.fr — Baume du tigre blanc : bienfaits et indications;storm-skinwear.fr — la différence entre le Baume du Tigre rouge et blanc;garder;"Série « couleur / style » alignée sur garder (rouge) ; avant : Google : 1 seul guide citant 'blanc' (firn.fr, pos. 3), reste pharmacies/explications ; aucun clic en 2025"
41567;Les meilleurs baumes du tigre rouge;https://meilleurtest.fr/comparatif-baume-du-tigre-rouge/;baume du tigre;rouge;couleur / style;1;41585;Les meilleurs baumes du tigre;https://meilleurtest.fr/comparatif-baume-du-tigre/;A : simple déclinaison, mais un guide spécialisé isolé dans le top 5;meilleurs baumes du tigre rouge;1;;G,S,S?,S?,S?;sport-orthese.com — Quel baume du tigre choisir ? Différences des bienfaits;firn.fr — Baume du Tigre rouge ou blanc : comment bien le choisir ?;francois-nature.fr — Baume du tigre - Rouge ou blanc - 19 g ou 30 g.;storm-skinwear.fr — la différence entre le Baume du Tigre rouge et blanc;securimed.fr — Baume du tigre rouge ou blanc et baume chinois;garder;Google : Guide de choix 'rouge ou blanc' en position 2 (firn.fr)
42553;Les meilleures BB crèmes bio;https://meilleurtest.fr/comparatif-bb-creme-bio/;BB crème;bio;technologie / sous-type;1;37439;Les meilleures BB crèmes;https://meilleurtest.fr/comparatif-bb-creme/;C : intention spécifique et résultats mixtes (un seul guide spécialisé, pas en tête);meilleures BB crèmes bio;1;;S?,G,S?,S,G;charlottebio.fr — BB crème bio, naturelle et matifiante : 3 teintes;quechoisir.org — BB crèmes - Comparatif Substances toxiques dans les ...;fr.melvita.com — BB creme bio sans silicone;ayanature.com — Les Meilleurs BB crèmes Bio;incibeauty.com — Les meilleures BB Crèmes;privé;"Google : 1 seul guide 'bio' (ayanature, pos. 4), reste marques et guides généraux ; peu de trafic (2 clics, dont 1 sur « bio » (pos. 28) en mars-oct. 2025)"
41581;Les meilleurs beurres de cacahuète en poudre;https://meilleurtest.fr/comparatif-beurre-de-cacahuete-en-poudre/;beurre de cacahuète;poudre;technologie / sous-type;1;40046;Les meilleures beurres de cacahuète;https://meilleurtest.fr/comparatif-beurre-de-cacahuete/;B : intention spécifique selon les attributs, mais aucun guide spécialisé dans le top 5;meilleurs beurres de cacahuète en poudre;0;;G,F,S?,S?,F;edp-nutrition.fr — Meilleur Beurre de Cacahuète - Comparatif & Test (2026);reddit.com — Quel beurre de cacahuète en poudre se procurer;mixit.fr — Beurre de cacahuète en poudre;prozis.com — Beurre de Cacahouète en Poudre 400 g;instagram.com — Un nouveau comparatif cette fois sur le beurre de ...;privé;"Google : Aucun guide 'en poudre' : guide général, fiches produits, réseaux sociaux ; aucun clic en 2025"
41614;Les meilleurs beurres de cacahuètes protéinés;https://meilleurtest.fr/comparatif-beurre-de-cacahuete-proteine/;beurre de cacahuète;protéiné;non classé;1;40046;Les meilleures beurres de cacahuète;https://meilleurtest.fr/comparatif-beurre-de-cacahuete/;B : intention spécifique selon les attributs, mais aucun guide spécialisé dans le top 5;meilleurs beurres de cacahuètes protéinés;0;;E,F,S?,G,G;fitnessboutique.fr — Quel est le meilleur peanut butter ? Les marques à adopter ...;instagram.com — Un nouveau comparatif cette fois sur le beurre de ...;fitadium.com — Beurres de cacahuètes et d'amande protéinés;doctissimo.fr — Beurre de cacahuète : attention aux pièges ! Quelques ...;bienmanger.com — Meilleurs beurre de cacahuètes;garder;"Trafic : 6 clics, dont 1 sur « protéiné » (pos. 9) en mars-oct. 2025 ; Google seul : privé (Aucun guide 'protéiné' : guides généraux, marchand, Instagram)"
39451;Les meilleurs biberons pour bébés nourris au sein;https://meilleurtest.fr/comparatif-biberon-pour-bebe-nourri-au-sein/;biberon;bébé nourri au sein;public visé;1;37104;Les meilleurs biberons;https://meilleurtest.fr/comparatif-biberon-pour-bebe/;B : intention spécifique selon les attributs, mais aucun guide spécialisé dans le top 5;meilleurs biberons pour bébés nourris au sein;0;;G,G,F,F,G;lemeilleurdelasante.fr — Les meilleurs biberons pour bébé allaité;mariannebertrel.com — Quel est le meilleur biberon pour Bébé ? Choisir le biberon le ...;forum.lllfrance.org — Quel biberon pour un bébé allaité;facebook.com — Quel biberon choisir après l'allaitement ? Marie Perarnau vous ...;kianao.com — Les meilleurs biberons pour bébés allaités;garder;Google : Guide biberons pour bébé allaité en position 1 (lemeilleurdelasante.fr)
41574;Les meilleures bibliothèques basses;https://meilleurtest.fr/comparatif-bibliotheque-basse/;bibliothèque;basse;forme / configuration;1;37487;Les meilleures bibliothèques;https://meilleurtest.fr/comparatif-bibliotheque/;B : intention spécifique selon les attributs, mais aucun guide spécialisé dans le top 5;meilleures bibliothèques basses;0;;E+,E+,S?,S?,E+;lionshome.fr — Bibliothèques basses (2026) Meilleures Ventes;idealo.fr — Bibliotheque Etagere Basse - Étagères;artmeta.fr — Bibliothèque basse Élémentaire;habitat.fr — Camus - Bibliothèque basse 2 cases en chêne - Naturel;fr.pinterest.com — 20 meilleures idées sur Bibliothèque basse;privé;"Google : Top 5 marchand + Pinterest, aucun guide 'basse' ; peu de trafic (1 clics, dont 1 sur « basse » (pos. 27) en mars-oct. 2025)"
41589;Les meilleures bibliothèques d'angle;https://meilleurtest.fr/comparatif-bibliotheque-dangle/;bibliothèque;angle;technologie / sous-type;1;37487;Les meilleures bibliothèques;https://meilleurtest.fr/comparatif-bibliotheque/;B : intention spécifique selon les attributs, mais aucun guide spécialisé dans le top 5;meilleures bibliothèques d'angle;0;;E+,E+,E+,F,E+;lionshome.fr — Bibliothèques d'angle (2026) Meilleures Ventes;fr.pinterest.com — 43 meilleures idées sur Bibliotheque angle;amazon.fr — Amazon.fr : Bibliotheque Angle;facebook.com — Créer une bibliothèque dans un angle 📚 Quand ...;idealo.fr — Bibliotheque Angle sur idealo.fr;privé;"Google : Marchands, comparateurs et réseaux sociaux, aucun guide 'angle' ; aucun clic en 2025"
41627;Les meilleures bibliothèques en bois;https://meilleurtest.fr/comparatif-bibliotheque-en-bois/;bibliothèque;bois;matière / composition;1;37487;Les meilleures bibliothèques;https://meilleurtest.fr/comparatif-bibliotheque/;B : intention spécifique selon les attributs, mais aucun guide spécialisé dans le top 5;meilleures bibliothèques en bois;0;;S?,E+,S?,O,F;essentia-mobilia.com — Les plus belles bibliothèques en bois massif;meubles.fr — Bibliothèques en bois : acheter pas cher;atelier-boyet.com — Bibliothèque en bois massif & Étagère design;camif.fr — Bibliothèques et étagères - Meubles;reddit.com — Quelles sont les meilleures bibliothèques à acheter;privé;"Google : Aucun guide indépendant : essentia-mobilia (fabricant, Sm), marchands, forum ; aucun clic en 2025"
41583;Les meilleures bibliothèques en métal;https://meilleurtest.fr/comparatif-bibliotheque-en-metal/;bibliothèque;métal;matière / composition;1;37487;Les meilleures bibliothèques;https://meilleurtest.fr/comparatif-bibliotheque/;B : intention spécifique selon les attributs, mais aucun guide spécialisé dans le top 5;meilleures bibliothèques en métal;0;;E+,S?,E+,E+,S?;meubles.fr — Bibliothèques en métal : acheter pas cher;designitaly.com — Bibliothèques métalliques & étagères à livres;fr.pinterest.com — 74 meilleures idées sur Bibliothèque bois metal;maisonsdumonde.com — Bibliothèques Métal;idfdesign.fr — Bibliothèques en métal modernes - IDFdesign;privé;"Google : Top 5 marchand + Pinterest, aucun guide 'métal' ; aucun clic en 2025"
38318;Les meilleures bibliothèques murales;https://meilleurtest.fr/comparatif-bibliotheque-murale/;bibliothèque;mural;technologie / sous-type;1;37487;Les meilleures bibliothèques;https://meilleurtest.fr/comparatif-bibliotheque/;B : intention spécifique selon les attributs, mais aucun guide spécialisé dans le top 5;meilleures bibliothèques murales;0;;S?,S?,S?,S?,S?;roche-bobois.com — Bibliothèques et Compositions Murales;habitat.fr — Bibliothèque Murale en Bois ou Métal pour Salon & Chambre;frenchyfancy.com — Les amoureux des livres vont adorer ces bibliothèques ...;bobochicparis.com — Bibliothèque murale;sediarreda.com — Catalogue Bibliothèques et Compositions Murales;privé;"Google : Top 5 marchand ; frenchyfancy (pos. 3) ne vise pas 'murale' dans le titre ; peu de trafic (1 clics, dont 0 sur « mural » (pos. 50) en mars-oct. 2025)"
40647;Les meilleurs blenders Kitchenaid;https://meilleurtest.fr/comparatif-blender-kitchenaid/;blender;KitchenAid;marque;1;37682;Les meilleurs blenders;https://meilleurtest.fr/comparatif-blender/;A : simple déclinaison, mais un guide spécialisé isolé dans le top 5;meilleurs blenders Kitchenaid;1;;E+,E,E+,E+,S;kitchenaid.fr — Comment choisir votre blender KitchenAid;kitchenaid.fr — Blenders | Blender smoothie | Blender soupe;idealo.fr — ▷▷ Blender KitchenAid 2026 au meilleur prix;carrefour.fr — Blender Kitchenaid, Achat Blenders au Meilleur Prix;digitec.ch — Les meilleurs Blenders KitchenAid en 2026 sur ...;privé;"Google : Top 5 marque/marchands (kitchenaid, idealo, carrefour, digitec), aucun guide indépendant ; peu de trafic (1 clics, dont 0 sur « KitchenAid » (pos. 24) en mars-oct. 2025)"
37591;Les meilleurs blenders chauffants;https://meilleurtest.fr/comparatif-blender-chauffant/;blender;chauffant;technologie / sous-type;1;37682;Les meilleurs blenders;https://meilleurtest.fr/comparatif-blender/;C : intention spécifique et résultats mixtes (un seul guide spécialisé, pas en tête);meilleurs blenders chauffants;1;;E,S,F,E+,O;moulinex.fr — Top des meilleurs blenders : quel modèle choisir pour des ...;ultracooker.com — Les Meilleurs Blenders Chauffants Testés;youtube.com — TOP 3 : Meilleur Blender Chauffant 2026;boulanger.com — choisir blender chauffant;parismatch.com — Soupes maison : ces 5 blenders qui font tout le travail à ...;garder;Google : Test de blenders chauffants en position 2 (ultracooker.com)
37959;Les meilleurs mini blenders;https://meilleurtest.fr/comparatif-mini-blender/;blender;mini;technologie / sous-type;1;37682;Les meilleurs blenders;https://meilleurtest.fr/comparatif-blender/;B : intention spécifique selon les attributs, mais aucun guide spécialisé dans le top 5;meilleurs mini blenders;0;;F,G,E+,E+,E;youtube.com — TOP 3: Best Mini Blender 2026;marieclaire.fr — Les meilleurs blenders portables pour les petits espaces;amazon.fr — Mini-blenders;boulanger.com — Blender - Mini blender;moulinex.fr — Top des meilleurs blenders : quel modèle choisir pour des ...;garder;Google : Guide blenders portables/compacts (≈ mini) en position 2 (marieclaire.fr)
39383;Les meilleurs blushs crèmes;https://meilleurtest.fr/comparatif-blush-creme/;blush;crème;technologie / sous-type;1;38505;Les meilleurs blushs;https://meilleurtest.fr/comparatif-blush/;C : intention spécifique et résultats mixtes (un seul guide spécialisé, pas en tête);meilleurs blushs crèmes;1;;G,S,S?,F,G;avril-beaute.fr — Quel est le meilleur blush ?;avis-beaute.marieclaire.fr — Meilleurs blush crème - Prescription Beauté;elle.fr — Les plus beaux blush crème à shopper - Maquillage;reddit.com — Le meilleur blush crème ? : r/Sephora;vogue.fr — Notre guide ultime des meilleurs blushs;garder;Google : Guides blush crème en positions 2-3 (marieclaire, elle)
42611;Les meilleurs bouchons d’oreilles pour concert;https://meilleurtest.fr/comparatif-bouchon-oreilles-pour-concert/;bouchon d'oreille;concert;usage / contexte;1;36965;Les meilleurs bouchons d'oreilles;https://meilleurtest.fr/comparatif-bouchon-d-oreilles/;C : intention spécifique et résultats mixtes (un seul guide spécialisé, pas en tête);meilleurs bouchons d’oreilles pour concert;1;;S?,F,G,G,S;alpineprotectionauditive.fr — Bouchons d'oreilles musique pour concerts - Alpine;reddit.com — Meilleurs bouchons d'oreille pour les concerts ? : r/Music;bouchons-doreilles.fr — Les meilleurs bouchons d'oreille de festival cette saison;test-achats.be — Quels sont les meilleurs bouchons d'oreilles de 2026;nightlife-in-berlin.com — Meilleurs bouchons d'oreilles pour rave techno et concert;garder;Google : 2 guides concert/festival (bouchons-doreilles.fr pos. 3, nightlife-in-berlin.com pos. 5)
41444;Les meilleures bouillottes électriques;https://meilleurtest.fr/comparatif-bouillotte-electrique/;bouillotte;électrique;technologie / sous-type;1;36654;Les meilleures bouillottes;https://meilleurtest.fr/comparatif-bouillote/;B : intention spécifique selon les attributs, mais aucun guide spécialisé dans le top 5;meilleures bouillottes électriques;0;;E+,G,F,F,G;bouillotte-electrique.fr — Bouillotte Électrique — Chaleur sans eau bouillante ...;bfmtv.com — Les 9 meilleures bouillottes 2026;youtube.com — [NOUVEAUTÉS] BOUILLOTTE ÉLECTRIQUE - Comparatif & ...;reddit.com — Bouillotte électrique - quel est le meilleur rapport qualité- ...;elephant-maison.com — Quelle bouillotte choisir;garder;"Trafic : 38 clics, dont 32 sur « électrique » (pos. 7) en mars-oct. 2025 ; Google seul : privé (Aucun guide écrit 'électrique' : marchand, guides généraux, vidéo, forum)"
39722;Les meilleurs bourbons à moins de 100 euros;https://meilleurtest.fr/comparatif-bourbon-a-moins-de-100-euros/;bourbon;moins de 100 euros;prix;1;37730;Les meilleurs bourbons;https://meilleurtest.fr/comparatif-bourbon/;A : simple déclinaison, mais un guide spécialisé isolé dans le top 5;meilleurs bourbons à moins de 100 euros;1;;G,F,G,E+,S;prestigewhisky.fr — Les Meilleurs Bourbons en ligne;reddit.com — Quel est selon vous le meilleur Bourbon à moins de 100;monwhisky.fr — Les meilleurs Bourbons et Whiskey Américain en ligne;whiskyshop.com — 7 whiskies à moins de 100 € qui bluffent même les experts;topdrinks.fr — Top 10 des whiskies à moins de 100 euros;privé;"Google : Aucun guide bourbons moins de 100 € : boutiques, sélections whiskies génériques, forum ; peu de trafic (2 clics en mars-oct. 2025)"
42041;Les meilleurs boîtiers PC en terme d'airflow;https://meilleurtest.fr/comparatif-boitier-pc-en-terme-airflow/;boîtier PC;airflow;non classé;1;36693;Les meilleurs boîtiers PC;https://meilleurtest.fr/comparatif-boitier-pc/;C : intention spécifique et résultats mixtes (un seul guide spécialisé, pas en tête);meilleurs boîtiers PC en terme d'airflow;1;;F,G,F,E+,S;reddit.com — Quel boîtier PC a la meilleure circulation d'air;gamertech.fr — Les Meilleurs Boitiers PC Gamer | Comparatif 2026;youtube.com — TOP 10 BEST PC GAMING CASES;flowup.shop — Comment choisir son boîtier PC en 2026 ? Airflow, format ...;esgamingpc.com — Top 10 des boîtiers PC gaming avec une excellente ...;garder;"Trafic : 16 clics, dont 10 sur « airflow » (pos. 17) en mars-oct. 2025 ; Google seul : privé (1 seul guide airflow (esgamingpc.com, pos. 5), reste forum, vidéo, marchands)"
40397;Les meilleurs boîtiers PC gamer RGB;https://meilleurtest.fr/comparatif-boitier-pc-gamer-rgb/;boîtier PC;gaming, RGB;usage / contexte, technologie / sous-type;1;36693;Les meilleurs boîtiers PC;https://meilleurtest.fr/comparatif-boitier-pc/;B : intention spécifique selon les attributs, mais aucun guide spécialisé dans le top 5;meilleurs boîtiers PC gamer RGB;0;;S?,G,S?,F,G;infomaxparis.com — Boîtiers PC RGB – Tours gamer futuristes;gamertech.fr — Les Meilleurs Boitiers PC Gamer | Comparatif 2026;powerlab.fr — Boîtiers PC RGB – Design et innovation;youtube.com — TOP 10 BEST PC GAMING CASES;dropreference.com — Meilleurs Boîtiers PC Gamer en 2026 – Guide d'Achat & ...;privé;"Google : Aucun guide 'RGB' : guides boîtiers gamer généraux, marchands, vidéo ; aucun clic en 2025"
37925;Les meilleurs bracelets connectés pour femme;https://meilleurtest.fr/comparatif-bracelet-connecte-pour-femme/;bracelet connecté;femme;public visé;1;36522;Les meilleurs bracelets connectés;https://meilleurtest.fr/comparatif-bracelet-connecte/;B : intention spécifique selon les attributs, mais aucun guide spécialisé dans le top 5;meilleurs bracelets connectés pour femme;0;;G,E+,G,E,F;sport-passion.fr — Meilleurs bracelets connectés 2026 : avis et comparatif;decathlon.fr — Bracelet connecté femme;frandroid.com — Quels sont les meilleurs bracelets connectés de santé en ...;femmeactuelle.fr — Quel est le meilleur bracelet connecté ? Notre comparatif ...;youtube.com — On a TESTÉ les Meilleurs Bracelets Connectés;privé;"Google : Aucun guide 'pour femme' : guides bracelets généraux, catégorie decathlon, vidéo ; aucun clic en 2025"
37822;Les meilleurs supports d'écran PC à bras articulé;https://meilleurtest.fr/comparatif-support-decran-pc-a-bras-articule/;bras de moniteur;articulé;non classé;1;37305;Les meilleurs bras d'écrans d'ordinateur;https://meilleurtest.fr/comparatif-bras-ecran-ordinateur/;B : intention spécifique selon les attributs, mais aucun guide spécialisé dans le top 5;meilleurs supports d'écran PC à bras articulé;0;;G,F,F,E+,G;frandroid.com — Supports écrans PC : les meilleurs pieds VESA en 2026;reddit.com — Quel est le meilleur bras de moniteur pour votre ...;youtube.com — TOP 3 : Meilleur Bras Articulé Écran PC 2026;ldlc.com — Bras articulé écran PC & fixation multi-écrans;passionteletravail.fr — Les 5 meilleurs bras support d'écran en septembre 2026;à signaler;Doublon : support d'écran à bras articulé = bras d'écran, synonyme du multi (Google : privé)
36826;Les meilleurs brasero mexicains;https://meilleurtest.fr/comparatif-brasero-mexicain/;brasero;mexicain;non classé;1;36781;Les meilleurs brasero;https://meilleurtest.fr/comparatif-brasero/;C : intention spécifique et résultats mixtes (un seul guide spécialisé, pas en tête);meilleurs brasero mexicains;1;;S?,S,S?,F,E+;amadera.com — Brasero barbecue mexicain;brasero.info — ▷ Brasero Mexicain : +10 modèles pour bien choisir en 2026;meilleur-brasero.com — Archives des Brasero mexicain;youtube.com — Les 5 Meilleurs Brasero Mexicain 2021;esprit-barbecue.fr — Brasero mexicain, cheminée mexicaine;garder;Trafic : 2 clics, dont 2 sur « mexicain » (pos. 2) en mars-oct. 2025
40158;Les meilleurs braseros barbecues;https://meilleurtest.fr/comparatif-brasero-barbecue/;brasero;barbecue;usage / contexte;1;36781;Les meilleurs brasero;https://meilleurtest.fr/comparatif-brasero/;C : intention spécifique et résultats mixtes (un seul guide spécialisé, pas en tête);meilleurs braseros barbecues;1;;E,S,G,E,G;esprit-barbecue.fr — Les 4 meilleurs braseros plancha de 2026;lerepaireduchef.fr — Quel est le meilleur brasero barbecue ? Nos conseils;lafrancaisedupoele.fr — Meilleures Marques de Brasero Plancha en 2026;barbecue-co.com — Top ventes Brasero – Best-sellers 2026;espacefuego.fr — Meilleur brasero plancha 2026 : comparatif et guide d'achat;privé;"Google : Guide 'brasero barbecue' en position 2 (lerepaireduchef.fr) — vérifié : lerepaireduchef.fr = boutique, donc privé ; peu de trafic (1 clics, dont 0 sur « barbecue » (pos. 43) en mars-oct. 2025)"
41599;Les meilleurs brise-vues de jardin;https://meilleurtest.fr/comparatif-brise-vue-de-jardin/;brise-vue;jardin;usage / contexte;1;37493;Les meilleurs brise-vues;https://meilleurtest.fr/comparatif-brise-vue/;B : intention spécifique selon les attributs, mais aucun guide spécialisé dans le top 5;meilleurs brise-vues de jardin;0;;S?,S?,E,G,O;brise-vue.com — Brise-Vue de jardin occultant fabriqué en France;cloture-discount.fr — Brise-vue pas cher pour jardin, terrasse, balcon - Occultation;gammvert.fr — Comment choisir un brise-vue;fermeture-online.com — Quel brise-vue choisir contre le vent et les regards;scenolia.com — Brise vue imprimé décoratif;à signaler;Doublon : brise-vue de jardin ≈ brise-vue (usage extérieur par défaut), quasi-synonyme du multi (Google : privé)
41743;Les meilleurs brise-vues en bois;https://meilleurtest.fr/comparatif-brise-vue-en-bois/;brise-vue;bois;matière / composition;1;37493;Les meilleurs brise-vues;https://meilleurtest.fr/comparatif-brise-vue/;B : intention spécifique selon les attributs, mais aucun guide spécialisé dans le top 5;meilleurs brise-vues en bois;0;;S?,E,E+,E+,E;cloture-discount.fr — Lamelles Occultation Bois - Panneau brise vue bois;comptoirdesbois.fr — Brise-vues et clôtures-Les panneaux prêts à poser ...;bois-expo.com — Brise-Vue Bois Jardin & Terrasse - Occultant;fr.pinterest.com — 64 meilleures idées sur Brise vue bois;idealo.fr — ▷▷ Panneau brise-vue 2026 au meilleur prix;privé;"Google : Top 5 marchand + Pinterest, aucun guide 'bois' ; peu de trafic (1 clics, dont 1 sur « bois » (pos. 11) en mars-oct. 2025)"
37826;Les meilleurs brise-vues rétractables;https://meilleurtest.fr/comparatif-brise-vue-retractable/;brise-vue;rétractable;technologie / sous-type;1;37493;Les meilleurs brise-vues;https://meilleurtest.fr/comparatif-brise-vue/;C : intention spécifique et résultats mixtes (un seul guide spécialisé, pas en tête);meilleurs brise-vues rétractables;1;;E+,O,S,E+,E+;leroymerlin.fr — Brise vue retractable mobile au meilleur prix;meilleurs.fr — Comparatif Store latéral » les 20 meilleurs en 2026;cloture-et-jardin.fr — Comment choisir et installer un brise vue rétractable;idmarket.com — Comment bien choisir votre brise-vue rétractable;idealo.fr — Paravent Extérieur Rétractable - Brise-vues rétractables;garder;Google : Stores latéraux (= brise-vue rétractable) pos. 2 (meilleurs.fr), cloture-et-jardin.fr pos. 3
38010;Les meilleures brouettes 2 roues;https://meilleurtest.fr/comparatif-brouette-2-roues/;brouette;2 roues;technologie / sous-type;1;39753;Les meilleures brouettes;https://meilleurtest.fr/comparatif-brouette/;C : intention spécifique et résultats mixtes (un seul guide spécialisé, pas en tête);meilleures brouettes 2 roues;1;;E+,E+,S,G,F;leroymerlin.fr — Top 5 brouette 2 roues au meilleur prix;achatmoinscher.com — Brouette 2 roues au meilleur prix - Outillage de jardin;tecnomat.fr — Brouette 2 roues: au meilleur prix - Bricoman;haemmerlin.com — Comment choisir la brouette idéale pour vos travaux ?;youtube.com — TOP—5. Meilleures brouettes de jardin et de chantier. Test & ...;privé;"Google : Aucun guide indépendant : marchands (tecnomat = Bricoman), guide marque, vidéo ; peu de trafic (3 clics, dont 0 sur « 2 roues » (pos. 32) en mars-oct. 2025)"
38497;Les meilleures brouettes électriques;https://meilleurtest.fr/comparatif-brouette-electrique/;brouette;électrique;technologie / sous-type;1;39753;Les meilleures brouettes;https://meilleurtest.fr/comparatif-brouette/;B : intention spécifique selon les attributs, mais aucun guide spécialisé dans le top 5;meilleures brouettes électriques;0;;S?,S?,F,S?,E+;agrieuro.fr — Brouette Électrique - Batterie - Promotions AgriEuro 2026;torros.fr — Brouettes électriques à batterie;youtube.com — TOP—5. Meilleures brouettes sans fil. Test & Comparatif 2026;deleks.fr — Brouette 100% électrique avec benne à basculement manuel;leguide.com — Brouette electrique - Comparez les prix avec ...;garder;"Trafic : 32 clics, dont 31 sur « électrique » (pos. 4) en mars-oct. 2025 ; Google seul : privé (Top 5 marchand + 1 vidéo, aucun guide écrit)"
36797;Les meilleurs broyeurs de végétaux électriques;https://meilleurtest.fr/comparatif-broyeur-de-vegetaux-electrique/;broyeur de végétaux;électrique;technologie / sous-type;1;37547;Les meilleurs broyeurs de végétaux;https://meilleurtest.fr/comparatif-broyeur-de-vegetaux/;C : intention spécifique et résultats mixtes (un seul guide spécialisé, pas en tête);meilleurs broyeurs de végétaux électriques;1;;G,F,F,F,S;quechoisir.org — Bien choisir son broyeur de végétaux - Guide d'achat;youtube.com — TOP—5. Meilleurs broyeurs de jardin. Test & Comparatif 2026;forum.geekzone.fr — Quel broyeur de végétaux (électrique) choisir? - BlaBla;broyeur-vegetaux.com — Bien choisir son Broyeur Vegetaux en 2026. Guides, tests ...;lebontri.fr — Meilleur broyeur de végétaux électrique 2026 : comparatif;privé;"Google : 1 seul guide 'électriques' (lebontri.fr, pos. 5), reste général/vidéo/forum ; peu de trafic (5 clics, dont 0 sur « électrique » (pos. 34) en mars-oct. 2025)"
38601;Les meilleurs broyeurs de végétaux thermiques professionnels;https://meilleurtest.fr/comparatif-broyeur-de-vegetaux-thermique-professionnel/;broyeur de végétaux;professionnel, thermique;public visé, technologie / sous-type;2;36814;Les meilleurs broyeurs de végétaux thermiques;https://meilleurtest.fr/comparatif-broyeur-de-vegetaux-thermique/;B : intention spécifique selon les attributs, mais aucun guide spécialisé dans le top 5;meilleurs broyeurs de végétaux thermiques professionnels;0;;S?,E+,G,F,G;agrieuro.fr — Broyeurs de branches et végétaux thermiques - AgriEuro;boutique.cms-constructeur.fr — Broyeur de branches gamme professionnelle;agrialpro.fr — Meilleur broyeur de végétaux : guide d'achat complet;bricobox.com — Broyeur végétaux thermique : le guide complet 2026;quechoisir.org — Bien choisir son broyeur de végétaux - Guide d'achat;privé;"Google : Aucun guide 'professionnels' : guides broyeurs généraux/thermiques, marchands ; peu de trafic (4 clics, dont 0 sur « professionnel » (pos. 48) en mars-oct. 2025)"
41602;Les meilleurs brumisateurs de terrasse;https://meilleurtest.fr/comparatif-brumisateur-de-terrasse/;brumisateur;terrasse;usage / contexte;1;41598;Les meilleurs brumisateurs;https://meilleurtest.fr/comparatif-brumisateur/;B : intention spécifique selon les attributs, mais aucun guide spécialisé dans le top 5;meilleurs brumisateurs de terrasse;0;;E+,G,E+,F,G;raviday-jardin.com — Brumisateur de terrasse O'Fresh;20minutes.fr — Quel est le meilleur brumisateur de jardin à choisir ?;leroymerlin.fr — Brumisateur terrasse au meilleur prix;youtube.com — Top 5 Meilleur Brumisateur Extérieur 2026;ofresh.fr — Brumisateur : comment le choisir ? Notre guide d'achat ...;garder;Trafic : 28 clics, dont 21 sur « terrasse » (pos. 8) en mars-oct. 2025
40299;Les meilleurs brûleurs de graisse pour femme;https://meilleurtest.fr/comparatif-bruleur-de-graisse-pour-femme/;brûleur de graisse;femme;public visé;1;38059;Les meilleurs brûleurs de graisse;https://meilleurtest.fr/comparatif-bruleur-de-graisse/;B : intention spécifique selon les attributs, mais aucun guide spécialisé dans le top 5;meilleurs brûleurs de graisse pour femme;0;;O,G,E,O,G;eafit.com — Brûleur de graisse : minceur et perte de poids;amoseeds.com — Top 5 des meilleurs brûleurs de graisse naturels;parapharmacielafayette.com — Brûleurs de graisses efficaces et naturels pour homme et ...;aroma-zone.com — Incorporer des brûleurs de graisse naturels dans son ...;toutelanutrition.com — Quel est le meilleur brûleur de graisse en 2025;privé;"Google : Aucun guide 'pour femme' : guides brûleurs généraux de marques/marchands ; peu de trafic (19 clics, dont 0 sur « femme » (pos. 61) en mars-oct. 2025)"
42633;Les meilleurs brûleurs de graisse pour homme;https://meilleurtest.fr/comparatif-bruleur-de-graisse-pour-homme/;brûleur de graisse;homme;public visé;1;38059;Les meilleurs brûleurs de graisse;https://meilleurtest.fr/comparatif-bruleur-de-graisse/;B : intention spécifique selon les attributs, mais aucun guide spécialisé dans le top 5;meilleurs brûleurs de graisse pour homme;0;;S?,E+,G,G,G;eafit.com — Bruleurs de graisse pour hommes;parapharmacielafayette.com — Brûleurs de graisses efficaces et naturels pour homme et ...;laprovence.com — Meilleur bruleur de graisse efficace et puissant;amoseeds.com — Top 5 des meilleurs brûleurs de graisse naturels;fitadium.com — Meilleur brûleur de graisse en 2026 : Notre comparatif de ...;privé;"Google : Aucun guide 'pour homme' : marchands, guides brûleurs de graisse généraux ; aucun clic en 2025"
41620;Les meilleurs bureaux d'angle;https://meilleurtest.fr/comparatif-bureau-dangle/;bureau;angle;technologie / sous-type;1;41626;Les meilleurs bureaux;https://meilleurtest.fr/comparatif-bureau/;C : intention spécifique et résultats mixtes (un seul guide spécialisé, pas en tête);meilleurs bureaux d'angle;1;;S?,S,F,F,S?;mobloo.fr — Bureau d'angle professionnel : gain d'espace en L;matelpro.com — Top 5 des meilleurs bureaux d'angle en 2026;reddit.com — [Maison] A la recherche du bureau d'angle parfait;youtube.com — Meilleurs Bureaux d'Angle pour un Espace de Travail Optimisé;mon-bureau-online.com — Votre bureau d'angle professionnel - Top Tarif et Pas cher !;privé;"Google : Aucun guide indépendant : top matelpro.com (marchand), forum, vidéo, marchands ; aucun clic en 2025"
41630;Les meilleurs bureaux scandinaves;https://meilleurtest.fr/comparatif-bureau-scandinave/;bureau;scandinave;couleur / style;1;41626;Les meilleurs bureaux;https://meilleurtest.fr/comparatif-bureau/;A : simple déclinaison, mais un guide spécialisé isolé dans le top 5;meilleurs bureaux scandinaves;1;;E+,S,E+,S?,S?;fr.roble.store — Bureaux scandinaves en bois;for-interieur.fr — Bureau scandinave : Quel modèle choisir ? - For Interieur;fr.pinterest.com — Transformez votre espace de travail avec notre sélection ...;scandina-style.com — Bureau Scandinave;sweeek.fr — Bureau Scandinave;garder;Google : Guide 'bureau scandinave : quel modèle choisir' en position 2 (for-interieur.fr)
41618;Les meilleurs bureaux blancs et bois;https://meilleurtest.fr/comparatif-bureau-blanc-et-bois/;bureau;blanc, bois;couleur / style, matière / composition;2;41616;Les meilleurs bureaux blancs;https://meilleurtest.fr/comparatif-bureau-blanc/;A : simple déclinaison, mais un guide spécialisé isolé dans le top 5;meilleurs bureaux blancs et bois;1;;E,E+,S?,E+,S;ikea.com — Bureaux pour la maison - bureau télétravail;idmarket.com — Bureau blanc et bois pas cher;miliboo.com — Bureau pour la maison et télétravail bois blanc;but.fr — Bureau droit - Blanc;idep-fr.org — Les meilleurs bureaux blancs pas cher - Comparatif 2021 - IDEP;privé;"Google : Top 5 marchand, aucun guide 'blanc et bois' ; aucun clic en 2025"
36724;Les meilleurs bureaux gamer pas cher;https://meilleurtest.fr/comparatif-bureau-gamer-pas-cher/;bureau;gaming, pas cher;usage / contexte, prix;2;37628;Les meilleurs bureaux gamer;https://meilleurtest.fr/comparatif-bureau-gamer/;A : simple déclinaison, mais un guide spécialisé isolé dans le top 5;meilleurs bureaux gamer pas cher;1;;G,S,E,F,F;bureaugamer.com — la qualité au meilleur prix pour tous ! TOP 1 France;gamertech.fr — Les Meilleurs Bureaux Gaming 2026 - Pour un setup parfait !;electrodepot.fr — Meilleur bureau gamer;reddit.com — Bon bureau gaming pas cher : r/buildapc;youtube.com — Les Meilleurs Bureaux Gamer Qualité-Prix de 2026 [N' ...;privé;"Google : Aucun guide 'pas cher' : marchands, guide gaming général (gamertech.fr), forum, vidéo ; aucun clic en 2025"
41978;Les meilleurs cafés en grain pour machine De'Longhi;https://meilleurtest.fr/comparatif-cafe-en-grain-pour-machine-delonghi/;café;De'Longhi, grain;technologie / sous-type, non classé;2;38157;Les meilleurs cafés en grain;https://meilleurtest.fr/comparatif-cafe-grain/;C : intention spécifique et résultats mixtes (un seul guide spécialisé, pas en tête);meilleurs cafés en grain pour machine De'Longhi;1;;S?,S,E+,F,E+;cafedujour.fr — Café en grains De'Longhi pour votre machine;lecoffeelab.fr — Quel meilleur café en grain pour machine DeLonghi ? Top 2026;coffee-webstore.com — Quel est le meilleur café en grain pour machine Delonghi;reddit.com — Quel est le meilleur grain de café pour ma machine;delonghi.com — Grains de cafè | De'Longhi FR;à signaler;Doublon : même intention que 42457 (une De'Longhi à grain est une machine automatique) (Google : privé)
42457;Les meilleurs cafés en grain pour machine automatique;https://meilleurtest.fr/comparatif-cafe-en-grain-pour-machine-automatique/;café;grain, machine automatique;non classé, technologie / sous-type;2;38157;Les meilleurs cafés en grain;https://meilleurtest.fr/comparatif-cafe-grain/;C : intention spécifique et résultats mixtes (un seul guide spécialisé, pas en tête);meilleurs cafés en grain pour machine automatique;1;;S?,S?,F,E+,S;maxicoffee.com — Voici le café en grain pour machine automatique;chacunsoncafe.fr — Cafés en grains : Bio, Italien & grandes marques;youtube.com — QUEL CAFÉ CHOISIR Pour Sa MACHINE à GRAINS ?;coffee-webstore.com — Les 8 meilleurs cafés en grains en 2026;espresso-international.fr — Meilleurs grains pour machines à café automatiques;à signaler;Doublon : même intention que 41978 (cafés en grain pour machine De'Longhi, machine automatique) (Google : privé)
38561;Les meilleurs caissons de basse amplifiés voiture;https://meilleurtest.fr/comparatif-caisson-de-basse-amplifie-voiture/;caisson de basse voiture;amplifié;non classé;1;42067;Les meilleures enceintes pour voiture;https://meilleurtest.fr/comparatif-enceinte-pour-voiture/;B : intention spécifique selon les attributs, mais aucun guide spécialisé dans le top 5;meilleurs caissons de basse amplifiés voiture;0;;E+,O,G,F,F;sebastoautoradio.net — Vente caisson de basse amplifié pour auto;soundautoconcept.com — Caisson de Basse Voiture & Subwoofer Car Audio;abcmoteur.fr — Quel caisson de basse voiture choisir ? Actif, passif ou ...;reddit.com — Quels seraient les meilleurs caissons de basses pour une ...;youtube.com — Top 5 Meilleur Caisson de Basse Voiture 2026;à signaler;"Autre produit : Caisson de basse = complément audio, pas une enceinte voiture ; à vérifier (Google : privé)"
39237;Les meilleures calculatrices imprimantes;https://meilleurtest.fr/comparatif-calculatrice-imprimante/;calculatrice;imprimante;non classé;1;38896;Les meilleures calculatrices;https://meilleurtest.fr/comparatif-calculatrice/;B : intention spécifique selon les attributs, mais aucun guide spécialisé dans le top 5;meilleures calculatrices imprimantes;0;;S?,E+,E+,S?,F;bureauengros.com — Magasinez les calculatrices imprimantes;idealo.fr — ▷▷ Calculatrice imprimante 2026 au meilleur prix;calculatrice-imprimante.fr — Calculatrice Imprimante ⇒ Tests et Avis des meilleurs modèles;hamster.ca — Calculatrices imprimantes;reddit.com — Les meilleures calculatrices scientifiques au monde;privé;"Google : 1 seul guide (calculatrice-imprimante.fr, pos. 3), reste marchand/forum ; aucun clic en 2025"
41367;Les meilleures caméras de chasse 4G;https://meilleurtest.fr/comparatif-camera-de-chasse-4g/;caméra de chasse;4G;technologie / sous-type;1;42596;Les meilleures caméras de chasse;https://meilleurtest.fr/comparatif-camera-de-chasse/;B : intention spécifique selon les attributs, mais aucun guide spécialisé dans le top 5;meilleures caméras de chasse 4G;0;;S?,S?,E,E,E+;chasseur.com — Caméras 4G & Alerte sms/mms - Chasseur.com;camerasurveillance.net — Caméra de chasse 4G – Vidéo 4K, vision nocturne et alerte ...;survivalisme-boutique.fr — La Meilleure Caméra de Chasse ▷ Quelle est la plus Fiable;decathlon.fr — Caméra de chasse : notre guide pour faire le bon choix;amazon.fr — Tzziel Camera de Chasse 4G et Carte Sim,2K ...;à signaler;Doublon : Même intention que 37475 (caméras de chasse GSM = cellulaires), SERP quasi identique. (Google : privé)
37475;Les meilleures caméras de chasse GSM;https://meilleurtest.fr/comparatif-camera-de-chasse-gsm/;caméra de chasse;GSM;technologie / sous-type;1;42596;Les meilleures caméras de chasse;https://meilleurtest.fr/comparatif-camera-de-chasse/;B : intention spécifique selon les attributs, mais aucun guide spécialisé dans le top 5;meilleures caméras de chasse GSM;0;;O,O,S?,E,E;chasseur.com — Caméras 4G & Alerte sms/mms - Chasseur.com;camerasurveillance.net — Caméra de chasse 4G – Vidéo 4K, vision nocturne et alerte ...;camera-espion.com — Caméra de chasse GSM;survivalisme-boutique.fr — La Meilleure Caméra de Chasse ▷ Quelle est la plus Fiable;decathlon.fr — Caméra de chasse : notre guide pour faire le bon choix;à signaler;Doublon : Même intention que 41367 (caméras de chasse 4G), SERP quasi identique. (Google : privé)
38119;Les meilleures caméras de surveillance sans fil;https://meilleurtest.fr/comparatif-camera-de-surveillance-sans-fil/;caméra de surveillance;sans fil;technologie / sous-type;1;42693;Les meilleures caméras de surveillance;https://meilleurtest.fr/comparatif-camera-de-surveillance-guide/;C : intention spécifique et résultats mixtes (un seul guide spécialisé, pas en tête);meilleures caméras de surveillance sans fil;1;;G,E,O,S,G;lesnumeriques.com — Quelle est la meilleure caméra de surveillance extérieure ...;eufy.com — Top 10 des meilleures caméras de surveillance extérieures;quechoisir.org — Caméra de surveillance - Ce qu'il faut savoir avant de s' ...;ubitech.fr — Meilleur caméra de surveillance extérieur sans fil - Ubitech;ouest-france.fr — Quelles sont les 5 meilleures caméras de surveillance ? En ...;privé;"Google : Aucun guide indépendant 'sans fil' : guides généraux, ubitech marchand (pos. 4) ; peu de trafic (2 clics, dont 0 sur « sans fil » (pos. 47) en mars-oct. 2025)"
39218;Les meilleurs caméras de surveillance factice;https://meilleurtest.fr/comparatif-camera-de-surveillance-factice/;caméra de surveillance;factice;non classé;1;42693;Les meilleures caméras de surveillance;https://meilleurtest.fr/comparatif-camera-de-surveillance-guide/;B : intention spécifique selon les attributs, mais aucun guide spécialisé dans le top 5;meilleurs caméras de surveillance factice;0;;S?,S?,E+,S?,E+;scs-sentinel.com — Caméra factice & sirène factice – Dissuasion à moindre coût;lifeboxsecurity.fr — Caméra de surveillance factice motorisée à detecteur ...;manomano.fr — Comparatif : Camera factice 2026;europ-camera.fr — Caméra factice : efficace ou inutile contre les cambrioleurs ?;eufy.com — 5 Meilleures Caméras factices ou fausses caméras en 2026;à signaler;Autre produit : Caméra factice = leurre sans enregistrement, pas une caméra de surveillance. (Google : privé)
42638;Les meilleures caméras extérieures 360° Wi-Fi;https://meilleurtest.fr/comparatif-camera-exterieure-360-avec-wifi/;caméra de surveillance;360, extérieure, wifi;technologie / sous-type, usage / contexte, technologie / sous-type;2;38144;Les meilleures caméras de surveillance extérieure;https://meilleurtest.fr/comparatif-camera-de-surveillance-exterieure/;B : intention spécifique selon les attributs, mais aucun guide spécialisé dans le top 5;meilleures caméras extérieures 360° Wi-Fi;0;;E+,S?,E+,S?,G;leroymerlin.fr — Camera surveillance 360 exterieur au meilleur prix;fr.ctronics.com — Caméra Surveillance WiFi Extérieure PTZ Caméra IP 360° ...;eufy.com — Les meilleures caméras extérieur 360 degrés wifi;camerasurveillance.net — Camera Extérieur Wifi - Surveillance 24h/24 - Autonome & ...;fr.cococam.com — Les 4 Meilleures Caméras de Sécurité Solaires : Guide ...;privé;"Google : Aucun guide indépendant '360° Wi-Fi' : marchands, guide eufy (Sm) ; peu de trafic (1 clics, dont 0 sur « 360, wifi » (pos. 17) en mars-oct. 2025)"
41984;Les meilleures caméras extérieures sans fil avec batterie lithium;https://meilleurtest.fr/comparatif-camera-exterieure-sans-fil-avec-batterie-lithium/;caméra de surveillance;batterie lithium, extérieur, sans fil;non classé, usage / contexte, technologie / sous-type;2;38144;Les meilleures caméras de surveillance extérieure;https://meilleurtest.fr/comparatif-camera-de-surveillance-exterieure/;B : intention spécifique selon les attributs, mais aucun guide spécialisé dans le top 5;meilleures caméras extérieures sans fil avec batterie lithium;0;;S?,E+,G,E+,E+;camerasurveillance.net — Caméra de Surveillance WiFi Sans Fil 2K;leroymerlin.fr — Camera exterieure sur batterie lithium au meilleur prix;lesnumeriques.com — Quelles sont les meilleures caméras de surveillance sur ...;amazon.fr — Camera Wifi Exterieur Sans Fil Batterie;eufy.com — Top 10 des meilleures caméras de surveillance extérieures;privé;"Google : Aucun guide 'batterie lithium' : marchands, guides caméras généraux ; peu de trafic (3 clics, dont 0 sur « batterie lithium, extérieur, sans fil » (pos. 32) en mars-oct. 2025)"
38981;Les meilleures caméras IP PoE;https://meilleurtest.fr/comparatif-camera-ip-poe/;caméra IP;PoE;technologie / sous-type;1;38510;Les meilleures caméras IP;https://meilleurtest.fr/comparatif-cameras-ip/;C : intention spécifique et résultats mixtes (un seul guide spécialisé, pas en tête);meilleures caméras IP PoE;1;;E+,F,G,G,S;eufy.com — Quelle est la meilleure caméra de sécurité PoE 4K en 2026;reddit.com — Quelle est la meilleure caméra de sécurité POE;europ-camera.fr — Notre Top 5 des meilleurs caméras de surveillance extérieur;lesnumeriques.com — Comparatif / 79 caméras de surveillance testées ...;sirixmonitoring.com — Les meilleurs systèmes de vidéosurveillance PoE à ...;garder;"Trafic : 2 clics, dont 1 sur « PoE » (pos. 19) en mars-oct. 2025 ; Google seul : privé (Aucun guide indépendant PoE : eufy et sirixmonitoring (Sm), guides généraux)"
36448;Les meilleurs caméscopes 4K;https://meilleurtest.fr/comparatif-camescope-4k/;caméscope;4K;technologie / sous-type;1;37656;Les meilleurs caméscopes;https://meilleurtest.fr/comparatif-camescope/;B : intention spécifique selon les attributs, mais aucun guide spécialisé dans le top 5;meilleurs caméscopes 4K;0;;F,G,E+,G,G;forum.magazinevideo.com — Quel caméscope 4K choisir ? - CAMESCOPES TOUTES ...;lesnumeriques.com — Caméscopes - Actualités, Tests et Comparatifs;idealo.fr — ▷▷ Caméscope 4K 2026 au meilleur prix;rue-montgallet.com — Comparez les caméscopes grâce à notre classement 2026;filmora.wondershare.fr — Les 10 meilleurs caméscopes à ne pas manquer;privé;"Google : Aucun guide '4K' : forum, guides caméscopes généraux, comparateur de prix ; peu de trafic (5 clics, dont 1 sur « 4K » (pos. 28) en mars-oct. 2025)"
37284;Les meilleurs canapés 2 places convertibles;https://meilleurtest.fr/comparatif-canape-2-places-convertible/;canapé;2 places, convertible;taille / capacité / quantité, technologie / sous-type;1;37367;Les meilleurs canapés convertibles confortables;https://meilleurtest.fr/comparatif-canape-convertible/;A : simple déclinaison, mais un guide spécialisé isolé dans le top 5;meilleurs canapés 2 places convertibles;1;;E+,E+,S?,E+,S;convertiblecenter.fr — Les meilleurs canapés convertibles 2 places;ikea.com — Canapé convertible 2 places;marieclaire.fr — 15 canapés 2 places ultra confortables;lamaisonconvertible.fr — Acheter Canapé Convertible 2 Places - Canapé-lit 2 places;decoelements.fr — Meilleur canapé convertible compact 2 places : Top 7 (2026);garder;"Trafic : 0 clics, dont 0 sur « 2 places » (pos. 10) en mars-oct. 2025 ; Google seul : privé (1 seul S (decoelements.fr, pos. 5) ; marieclaire vise 2 places non convertibles)"
41663;Les meilleurs canapés convertibles velours côtelé;https://meilleurtest.fr/comparatif-canape-convertible-velours-cotele/;canapé;convertible, velours côtelé;technologie / sous-type, matière / composition;1;37367;Les meilleurs canapés convertibles confortables;https://meilleurtest.fr/comparatif-canape-convertible/;B : intention spécifique selon les attributs, mais aucun guide spécialisé dans le top 5;meilleurs canapés convertibles velours côtelé;0;;E+,E+,S?,F,G;lamaisonconvertible.fr — Canapé Convertible Velours - Velours Côtelé et Élégance;meubles.fr — Canapés convertibles en velours : acheter pas cher;leparisien.fr — Le top des canapés en velours côtelé ultra tendance;youtube.com — TOP 5 Canapés Velours Côtelé Maisons du Monde;matelpro.com — Bien choisir son nouveau canapé en velours;privé;"Google : Aucun guide 'convertible velours côtelé' : marchands ; leparisien vise velours côtelé seul ; aucun clic en 2025"
41706;Les meilleurs canapés en cuir convertibles;https://meilleurtest.fr/comparatif-canape-en-cuir-convertible/;canapé;convertible, cuir;technologie / sous-type, matière / composition;1;37367;Les meilleurs canapés convertibles confortables;https://meilleurtest.fr/comparatif-canape-convertible/;B : intention spécifique selon les attributs, mais aucun guide spécialisé dans le top 5;meilleurs canapés en cuir convertibles;0;;E,E+,E+,E+,E+;cuircenter.com — Canapés lits;universducuir.com — Canapé Convertible Cuir - Univers du cuir;lamaisonconvertible.fr — Acheter un Canapé-lit cuir véritable;convertiblecenter.fr — Les meilleurs canapés convertibles en cuir;uncanapeconvertible.com — Canapé Convertible Cuir 100% | Livraison Offerte;privé;"Google : Top 5 marchand (dont guide convertiblecenter.fr), aucun guide indépendant ; peu de trafic (1 clics, dont 0 sur « cuir » (pos. 40) en mars-oct. 2025)"
41701;Les meilleurs canapés d'angle extérieur;https://meilleurtest.fr/comparatif-canape-angle-exterieur/;canapé;angle, extérieur;technologie / sous-type, usage / contexte;1;41689;Les meilleurs canapés d'extérieur;https://meilleurtest.fr/comparatif-canape-d-exterieur/;B : intention spécifique selon les attributs, mais aucun guide spécialisé dans le top 5;meilleurs canapés d'angle extérieur;0;;E+,S?,E+,S?,E+;leroymerlin.fr — Salon de jardin canape d angle au meilleur prix;marieclaire.fr — Les plus beaux canapés de jardin du moment;lionshome.fr — Canapés d'angle de jardin en aluminium (2026) Meilleures ...;kavehome.com — Canapés d'angle de jardin;jardiland.com — Comment bien choisir son salon de jardin avec canapé d' ...;privé;"Google : Aucun guide indépendant 'd'angle' : marchands, comparateur, marieclaire jardin général ; peu de trafic (1 clics, dont 0 sur « angle » (pos. 40) en mars-oct. 2025)"
41675;Les meilleurs canapés d'angle velours cotelé;https://meilleurtest.fr/comparatif-canape-dangle-velours-cotele/;canapé;angle, velours côtelé;technologie / sous-type, matière / composition;1;41682;Les meilleurs canapés en velours cotelé;https://meilleurtest.fr/comparatif-canape-en-velours-cotele/;B : intention spécifique selon les attributs, mais aucun guide spécialisé dans le top 5;meilleurs canapés d'angle velours cotelé;0;;S?,S?,S?,S?,E+;bobochicparis.com — Canapé d'angle velours côtelé;usinestreet.fr — Canapé d'angle en velours côtelé;marieclaire.fr — 10 canapés en velours côtelé qui ont la cote au salon;homifab.com — Canapé d'angle velours côtelé – Livraison rapide & ?4.5/5;idealo.fr — Canape D Angle EN Velours Cotele;privé;"Google : Top 5 marchand, marieclaire vise le velours côtelé sans 'd'angle' ; aucun clic en 2025"
41709;Les meilleurs canapés modulables velours;https://meilleurtest.fr/comparatif-canape-modulable-velours/;canapé;modulable, velours;technologie / sous-type, matière / composition;1;41696;Les meilleurs canapés modulables;https://meilleurtest.fr/comparatif-canape-modulable/;C : intention spécifique et résultats mixtes (un seul guide spécialisé, pas en tête);meilleurs canapés modulables velours;1;;S?,E+,S,E+,E+;bobochicparis.com — Canapé modulable, le canapé qui s'adapte à vos besoins;bestmobilier.com — Canapé modulable pas cher;blog.madeindesign.com — Top 10 des canapés modulables les plus confortables;meubles.fr — Canapés modulables en velours : acheter pas cher;maisonsdumonde.com — Canapés modulables Velours;privé;"Google : Aucun guide 'velours' : marchands, top madeindesign (marchand) sans velours ; aucun clic en 2025"
37340;Les meilleurs canapés relax électriques;https://meilleurtest.fr/comparatif-canape-relax-electrique/;canapé;électrique, relax;technologie / sous-type, technologie / sous-type;1;38221;Les meilleurs canapés relax;https://meilleurtest.fr/comparatif-canape-relax/;C : intention spécifique et résultats mixtes (un seul guide spécialisé, pas en tête);meilleurs canapés relax électriques;1;;S?,S,S?,F,S?;mobilierdefrance.com — Canapé relax électrique 2, 3 places, cuir ou tissu, design;matelpro.com — Quel canapé relax choisir ?;uncanapeconvertible.com — Canapé Relax Électrique 100% Italien | A partir de 1599€;youtube.com — Top 5 Meilleurs Canapés Relax 2026;chateau-dax.fr — Canapés Relax Electriques Chateau d'Ax;garder;"Trafic : 6 clics, dont 3 sur « électrique » (pos. 20) en mars-oct. 2025 ; Google seul : privé (Aucun guide 'électriques' : marchands, guide relax général (matelpro.com), vidéo)"
41911;Les meilleures carabines à plomb de 30 joules;https://meilleurtest.fr/comparatif-carabine-a-plomb-de-30-joules/;carabine à plomb;30 joules;taille / capacité / quantité;1;40316;Les meilleures carabines à plomb;https://meilleurtest.fr/comparatif-carabine-a-plomb/;A : simple déclinaison, mais un guide spécialisé isolé dans le top 5;meilleures carabines à plomb de 30 joules;1;;O,O,O,S,F;maxiprotec.fr — Carabine à plomb : air comprimé, CO2 et PCP, 4,5 à 6,35 mm;toptir.fr — Carabine à plomb de tir sur cible : ressort, gas ram et PCP;fusil-calais.com — Carabine à plomb puissante : 20, 30, 40 J - Livraison rapide;armurier-expert.fr — Meilleure carabine 30 joules: les modèles les plus puissants;forum-airguns.com — Quelle carabine entre 20 et 30 joules;garder;"Trafic : 11 clics, dont 5 sur « 30 joules » (pos. 40) en mars-oct. 2025 ; Google seul : privé (1 seul guide 30 J (armurier-expert, pos. 4), reste armureries/forum)"
38152;Les meilleures cartes graphiques Nvidia;https://meilleurtest.fr/comparatif-carte-graphique-nvidia/;carte graphique;Nvidia;technologie / sous-type;1;37991;Les meilleures cartes graphiques;https://meilleurtest.fr/comparatif-carte-graphique/;B : intention spécifique selon les attributs, mais aucun guide spécialisé dans le top 5;meilleures cartes graphiques Nvidia;0;;G,G,F,E,F;lesnumeriques.com — Quelles sont les meilleures cartes graphiques ? Septembre ...;pausehardware.com — Classement Des Cartes Graphiques 2026;reddit.com — Quel est le meilleur GPU actuel pour le gaming ? : r/buildapc;nvidia.com — Comparez les cartes graphiques GeForce;youtube.com — TOP GRAPHICS CARDS IN 2026;privé;"Google : Aucun guide 'Nvidia' : guides CG généraux, forum, site Nvidia, vidéo ; aucun clic en 2025"
41446;Les meilleures cartes graphiques gamer;https://meilleurtest.fr/comparatif-carte-graphique-gamer/;carte graphique;gaming;usage / contexte;1;37991;Les meilleures cartes graphiques;https://meilleurtest.fr/comparatif-carte-graphique/;B : intention spécifique selon les attributs, mais aucun guide spécialisé dans le top 5;meilleures cartes graphiques gamer;0;;G,G,G,E,G;lesnumeriques.com — Quelles sont les meilleures cartes graphiques ? Septembre ...;pausehardware.com — Classement Des Cartes Graphiques 2026;pixmania.com — Meilleures cartes graphiques 2026 – 1080p, 1440p, 4K ...;topachat.com — Meilleure carte graphique 2026 : Notre top GPU - Top Achat;rue-montgallet.com — Top 10 des meilleures cartes graphiques [mise à jour 2026];à signaler;Doublon : Les cartes graphiques grand public sont gamer : même intention que le multi. (Google : privé)
41940;Les meilleures cartes mères LGA 1700;https://meilleurtest.fr/comparatif-carte-mere-lga-1700/;carte mère;LGA 1700;taille / capacité / quantité;1;37047;Les meilleures cartes mères;https://meilleurtest.fr/comparatif-carte-mere/;A : simple déclinaison, mais un guide spécialisé isolé dans le top 5;meilleures cartes mères LGA 1700;1;;F,E,S,E+,F;reddit.com — Quelle carte mère LGA1700 DDR 4 : r/buildapc;grosbill.com — Carte mère Socket 1700;overclocking.com — Les meilleures cartes mères pour Intel LGA 1700;materiel.net — Carte mère Intel LGA 1700;reddit.com — Meilleure carte mère socket DDR4 1700 ? : r/buildapc;privé;"Google : 1 seul guide LGA 1700 (overclocking.com, pos. 3), reste forums/marchands ; peu de trafic (1 clics, dont 0 sur « LGA 1700 » (pos. 38) en mars-oct. 2025)"
38450;Les meilleures cartes mères gamer;https://meilleurtest.fr/comparatif-carte-mere-gamer/;carte mère;gaming;usage / contexte;1;37047;Les meilleures cartes mères;https://meilleurtest.fr/comparatif-carte-mere/;B : intention spécifique selon les attributs, mais aucun guide spécialisé dans le top 5;meilleures cartes mères gamer;0;;E,F,G,E,F;materiel.net — Quelle carte mère choisir en 2026 ? | Guide ...;youtube.com — Quelle CARTE MERE choisir pour son PC GAMER ?;frandroid.com — Quelles sont les meilleures cartes mère AMD ou Intel en ...;topachat.com — Comment choisir sa carte mère : format, socket et chipset;reddit.com — Meilleure carte mère pour le gaming haut de gamme ...;privé;"Google : Aucun guide 'gamer' : guides cartes mères généraux, vidéo, forum ; aucun clic en 2025"
39210;Les meilleures cartes Wifi pour PC gamer;https://meilleurtest.fr/comparatif-carte-wifi-pour-pc-gamer/;carte Wifi;PC gamer;usage / contexte;1;38451;Les meilleures cartes Wifi;https://meilleurtest.fr/comparatif-carte-wifi/;B : intention spécifique selon les attributs, mais aucun guide spécialisé dans le top 5;meilleures cartes Wifi pour PC gamer;0;;E,S?,G,F,G;topachat.com — Carte WiFi ou clé USB WiFi : comment bien choisir en 2026;infomaxparis.com — Carte WiFi pour PC Gamer;config-gamer.fr — Carte Wifi et Clé USB WiFI - Guide Achat pour bien choisir;reddit.com — Des bonnes cartes Wifi ? : r/buildapc;lescahiersdudebutant.fr — Carte Wifi : Meilleures modèles, comparatif et avis 2026 - LCDD;garder;"Trafic : 35 clics, dont 14 sur « PC gamer » (pos. 7) en mars-oct. 2025 ; Google seul : privé (Aucun guide 'PC gamer' : guides Wifi généraux, marchand, forum)"
39560;Les meilleurs casques studio;https://meilleurtest.fr/comparatif-casque-studio/;casque audio;studio;usage / contexte;1;36489;Les meilleurs casques audio;https://meilleurtest.fr/comparatif-casque-audio/;B : intention spécifique selon les attributs, mais aucun guide spécialisé dans le top 5;meilleurs casques studio;0;;E+,F,E+,F,E+;projethomestudio.fr — 10 des Meilleurs Casques de Home Studio [2026];youtube.com — The 5 Best HEADPHONES for Home Studio / Music Production;woodbrass.com — Top 10 des meilleurs casques de studio;reddit.com — Quels sont actuellement les meilleurs casques audio sur ...;home-studio-et-mao.fr — Comment choisir le Meilleur Casque de Studio pour ...;garder;Google : Guides casques studio en positions 1 et 5 (projethomestudio.fr, home-studio-et-mao.fr)
40343;Les meilleurs casques TV filaires;https://meilleurtest.fr/comparatif-casque-tv-filaire/;casque audio;filaire, TV;technologie / sous-type, technologie / sous-type;2;37239;Les meilleurs casques audio filaires;https://meilleurtest.fr/comparatif-casque-audio-filaire/;C : intention spécifique et résultats mixtes (un seul guide spécialisé, pas en tête);meilleurs casques TV filaires;1;;E+,E+,S?,F,S;cdiscount.com — Casque TV filaire 6m;laboutiquederic.com — Comparer les solutions pour mieux entendre sa TV et les ...;futureland.fr — Casque TV sans fil;youtube.com — TOP 3 MEILLEUR CASQUE TV AVEC FIL LONG POUR ...;bfmtv.com — Les 7 meilleurs casques audio filaires 2026;privé;"Google : Aucun guide 'casque TV filaire' : marchands, vidéo ; bfmtv vise les filaires ; aucun clic en 2025"
37736;Les meilleurs casques nomades filaires;https://meilleurtest.fr/comparatif-casque-nomade-filaire/;casque audio;filaire, nomade;technologie / sous-type, technologie / sous-type;2;37239;Les meilleurs casques audio filaires;https://meilleurtest.fr/comparatif-casque-audio-filaire/;B : intention spécifique selon les attributs, mais aucun guide spécialisé dans le top 5;meilleurs casques nomades filaires;0;;E,S?,G,F,E+;laboutiquederic.com — Comparer les meilleurs casques HiFi fermés en qualité HiFi;auditoriumparisien.fr — Casques audio Nomades Filaires;retrofutur.fr — Guide d'achat : choisir son casque audio 2026;forum.clubic.com — Quel est votre avis sur le choix d'un casque nomade filaire?;son-video.com — Comment bien choisir un casque arceau nomade;privé;"Google : Aucun guide indépendant 'nomades' : marchands hi-fi, guide général, forum ; aucun clic en 2025"
41967;Les meilleurs casques de ski avec visière photochromique;https://meilleurtest.fr/comparatif-casque-de-ski-avec-visiere-photochromique/;casque de ski;visière photochromique;non classé;1;42493;Les meilleurs casques de ski;https://meilleurtest.fr/comparatif-casque-de-ski/;B : intention spécifique selon les attributs, mais aucun guide spécialisé dans le top 5;meilleurs casques de ski avec visière photochromique;0;;E+,O,G,E,F;glisshop.com — Casque de ski à visière photochromique;bolle.com — Casques de ski à Visière;asadventure.fr — les meilleurs casques de ski de cet hiver;alpinstore.com — Notre top 5 des casques de ski a visiere !;skipass.com — Choix casque avec visière photochromique;garder;"Trafic : 98 clics, dont 89 sur « visière photochromique » (pos. 6) en mars-oct. 2025 ; Google seul : privé (Aucun guide indépendant : marchands (glisshop, bolle, alpinstore) et forum skipass)"
40227;Les meilleurs casques de ski pour femme;https://meilleurtest.fr/comparatif-casque-de-ski-pour-femme/;casque de ski;femme;public visé;1;42493;Les meilleurs casques de ski;https://meilleurtest.fr/comparatif-casque-de-ski/;C : intention spécifique et résultats mixtes (un seul guide spécialisé, pas en tête);meilleurs casques de ski pour femme;1;;E+,S,E,G,E;snowleader.com — Casques ski femme & snowboard;hunterchalets.com — 11 meilleurs casques de ski pour les femmes;glisshop.com — Les meilleurs casques de ski 2026–2027;auvieuxcampeur.fr — Casques de ski et de snowboard | Guide de choix Au ...;hardloop.fr — Les 9 meilleurs casques de ski 2026 | Hardloop Magazine;garder;Google : Guide 'femmes' en position 2 (hunterchalets, blog indépendant), reste marchand/général
41898;Les meilleurs casques moto avec Bluetooth intégré;https://meilleurtest.fr/comparatif-casque-moto-avec-bluetooth-integre/;casque moto;bluetooth intégré;non classé;1;37884;Les meilleurs casques moto;https://meilleurtest.fr/comparatif-casque-moto/;C : intention spécifique et résultats mixtes (un seul guide spécialisé, pas en tête);meilleurs casques moto avec Bluetooth intégré;1;;S?,S,S?,G,F;icasque.com — Casque moto Bluetooth intégré;motocard.com — Meilleurs casques moto avec Bluetooth intégré (et légaux);speedway.fr — Casque Moto Bluetooth Intégré;dafy-moto.com — comment choisir son casque de moto connecté;youtube.com — MEILLEUR CASQUE MOTO MODULABLE BLUETOOTH 2026 ...;garder;"Trafic : 24 clics, dont 6 sur « bluetooth intégré » (pos. 31) en mars-oct. 2025 ; Google seul : privé (Aucun S : motocard (pos. 2) et dafy sont des guides marchands)"
42499;Les meilleurs casques moto insonorisés;https://meilleurtest.fr/comparatif-casque-moto-insonorise/;casque moto;insonorisé;non classé;1;37884;Les meilleurs casques moto;https://meilleurtest.fr/comparatif-casque-moto/;B : intention spécifique selon les attributs, mais aucun guide spécialisé dans le top 5;meilleurs casques moto insonorisés;0;;G,F,G,F,G;speedway.fr — Les meilleurs casques moto silencieux en 2026;lerepairedesmotards.com — Casque moto silencieux, des conseils ?;motoblouz.com — Casque moto confortable et silencieux : le top 5 2026;reddit.com — Casques les plus silencieux : r/motorcycle;icasque.com — Quel est le meilleur casque moto silencieux en 2026 ?;privé;"Google : Aucun S : 3 guides 'silencieux' marchands (speedway, motoblouz, icasque) et 2 forums ; peu de trafic (1 clics, dont 0 sur « insonorisé » (pos. 26) en mars-oct. 2025)"
38849;Les meilleurs casques VR pour smartphone;https://meilleurtest.fr/comparatif-casque-vr-pour-smartphone/;casque VR;smartphone;usage / contexte;1;37428;Les meilleurs casques VR;https://meilleurtest.fr/comparatif-casque-vr/;B : intention spécifique selon les attributs, mais aucun guide spécialisé dans le top 5;meilleurs casques VR pour smartphone;0;;E,F,E,G,G;amazon.fr — Casques De Réalité Virtuelle (VR) Pour Téléphone Portable;reddit.com — Meilleur casque VR pour téléphone à moins de 100;yonis-shop.com — Casque VR : découvrez tous nos casques de réalité virtuelle;tomshardware.fr — Meilleur casque VR pour mobile : quel modèle choisir en ...;immersive-display.com — Meilleurs casques VR professionnels : Comparatif et avis;privé;"Google : 1 seul guide 'mobile' (tomshardware.fr, pos. 4), reste marchand/forum ; peu de trafic (2 clics, dont 2 sur « smartphone » (pos. 33) en mars-oct. 2025)"
41716;Les meilleurs casques de BMX;https://meilleurtest.fr/comparatif-casque-de-bmx/;casque vélo;BMX;usage / contexte;1;38197;Les meilleurs casques vélos;https://meilleurtest.fr/comparatif-casque-velo/;B : intention spécifique selon les attributs, mais aucun guide spécialisé dans le top 5;meilleurs casques de BMX;0;;F,S?,S?,E+,S?;casque-bmx.com — Guide pour choisir le meilleur casque de BMX adapté à vos ...;faisduvelo.fr — Casques enfant BMX Race;skatepro.fr — Retrouvez votre casque BMX race ou freestyle;brosstore.fr — CASQUES BMX - MAGASIN BROS BIKE STORE;bmxracing.fr — Casque BMX Intégral | Race, Enfant, Normes CE;garder;"Trafic : 6 clics, dont 6 sur « BMX » (pos. 6) en mars-oct. 2025 ; Google seul : privé (Guide 'BMX' en position 1 (casque-bmx.com, nature éditoriale à vérifier), reste marchand — vérifié : casque-bmx.com = boutique, donc privé)"
37704;Les meilleurs casques vélo urbains;https://meilleurtest.fr/comparatif-casque-de-velo-de-ville/;casque vélo;urbain;usage / contexte;1;38197;Les meilleurs casques vélos;https://meilleurtest.fr/comparatif-casque-velo/;C : intention spécifique et résultats mixtes (un seul guide spécialisé, pas en tête);meilleurs casques vélo urbains;1;;S?,E+,G,S,S?;jesuisavelo.com — Découvrez tous nos casques de vélo urbain;maxandthecity.com — Casques de Vélo - La Meilleure Sélection en France;blog.roulezjeunesse.com — Meilleur casque vélo 2026 : comparatif et guide complet;cleanrider.com — Casque vélo urbain 2026 : comparatif des meilleurs modèles;fr.giro.com — Casques Vélo Urbains pour le Commuting en Ville;garder;"Série casques vélo par pratique alignée sur garder (BMX : 6 clics, pos. 6 en 2025) ; Google seul : 1 guide en pos. 4"
38559;Les meilleures casseroles inox;https://meilleurtest.fr/comparatif-casserole-inox/;casserole;inox;matière / composition;1;38288;Les meilleures casseroles;https://meilleurtest.fr/comparatif-casserole/;B : intention spécifique selon les attributs, mais aucun guide spécialisé dans le top 5;meilleures casseroles inox;0;;S?,S?,F,F,O;cristel.com — Casseroles inox haut de gamme;lessecretsduchef.be — Casseroles et Faitouts en inox;youtube.com — Casserole inox, que choisir;reddit.com — Quelle marque de poêle Inox vous conseillez ? : r/cuisine;cuisineaddict.com — Casserole Qualité Professionnelle Haut de Gamme;privé;"Google : Marques/marchands inox, vidéo et forum, aucun guide écrit ; peu de trafic (3 clics, dont 0 sur « inox » (pos. 20) en mars-oct. 2025)"
36869;Les meilleures caves à vin électriques;https://meilleurtest.fr/comparatif-cave-a-vin-electrique/;cave à vin;électrique;technologie / sous-type;1;41770;Les meilleures caves à vin;https://meilleurtest.fr/comparatif-cave-a-vin/;B : intention spécifique selon les attributs, mais aucun guide spécialisé dans le top 5;meilleures caves à vin électriques;0;;G,G,E,E+,O;cavexcellence.com — Meilleures caves à vin 2026 : le top 8 de notre comparatif;lescavesavin.com — Découvrez les meilleures caves à vin des marques de renom;underdog.shop — Meilleure cave à vin 2026 : comparatif 60 millions ... - Underdog;leroymerlin.fr — Comment choisir sa cave à vin électrique ?;larvf.com — Le grand test des armoires à vins;à signaler;Doublon : Les caves à vin (appareils) sont toutes électriques : même intention que le multi. (Google : privé)
38055;Les meilleurs caves à vins encastrables;https://meilleurtest.fr/comparatif-cave-a-vin-encastrable/;cave à vin;encastrable;technologie / sous-type;1;41770;Les meilleures caves à vin;https://meilleurtest.fr/comparatif-cave-a-vin/;C : intention spécifique et résultats mixtes (un seul guide spécialisé, pas en tête);meilleurs caves à vins encastrables;1;;S?,S,G,S?,S?;ma-cave-a-vin.fr — Cave à Vin Encastrable – Cuisine & Intégrable;cavexcellence.com — Comparatif des meilleures caves à vins encastrables;lescavesavin.com — Découvrez les meilleures caves à vin des marques de renom;climadiff.com — Caves à vin encastrables;eurocave.fr — Cave à vin encastrable - Made in France | Garantie 5 ans;garder;Google : Comparatif 'encastrables' en position 2 (cavexcellence.com)
39178;Les meilleures centrales vapeur professionnelles;https://meilleurtest.fr/comparatif-centrale-vapeur-professionnelle/;centrale vapeur;professionnel;public visé;1;37713;Les meilleures centrales vapeur;https://meilleurtest.fr/comparatif-centrale-vapeur/;B : intention spécifique selon les attributs, mais aucun guide spécialisé dans le top 5;meilleures centrales vapeur professionnelles;0;;S?,S?,G,S?,G;blanchisserie-pro.com — Centrale vapeur professionnelle - générateur ...;laurastar.fr — Centrales Vapeur - Qualité Professionnelle - Laurastar;lemonde.fr — Les meilleures centrales vapeur;jlperrin.com — Centrale vapeur professionnelle / semi professionnelle;quechoisir.org — Comment choisir une centrale vapeur - Guide d'achat;privé;"Google : Aucun guide 'professionnelle' : marchands/marques, guides centrales vapeur généraux ; peu de trafic (3 clics, dont 0 sur « professionnel » (pos. 33) en mars-oct. 2025)"
41718;Les meilleures chaises bois et tissu;https://meilleurtest.fr/comparatif-chaise-bois-et-tissu/;chaise;bois, tissu;matière / composition, matière / composition;1;41729;Les meilleures chaises en tissu;https://meilleurtest.fr/comparatif-chaise-en-tissu/;B : intention spécifique selon les attributs, mais aucun guide spécialisé dans le top 5;meilleures chaises bois et tissu;0;;E+,S?,O,E+,O;laredoute.com — Chaise bois et tissu - La Redoute;beliani.fr — Chaises en bois jusqu'à 50 % de réduction;bobochicparis.com — Chaises salle à manger, plus de confort et la convivialité;meubles.fr — Chaises en tissu : acheter pas cher;marieclaire.fr — 20 chaises de salle à manger ultra tendance;privé;"Google : Marchands + sélection générale marieclaire, aucun guide 'bois et tissu' ; aucun clic en 2025"
41779;Les meilleures chaises de bureau en bois;https://meilleurtest.fr/comparatif-chaise-de-bureau-en-bois/;chaise de bureau;bois;matière / composition;1;37411;Les meilleures chaises de bureau;https://meilleurtest.fr/comparatif-chaise-de-bureau/;B : intention spécifique selon les attributs, mais aucun guide spécialisé dans le top 5;meilleures chaises de bureau en bois;0;;E,S?,F,G,G;chaisebureau365.fr — Meilleures chaises de bureau 2026;monbureaudesign.fr — Chaise Bureau Bois Design | 35 Modèles Ergonomiques;reddit.com — Quelle chaise de bureau choisir ? : r/developpeurs;passionteletravail.fr — Les 8 meilleures chaises ergonomiques en 2026;admagazine.fr — Les meilleurs chaises de bureau pour travailler de chez soi;privé;"Google : Aucun guide 'bois' : guides chaises de bureau généraux, marchand, forum ; peu de trafic (1 clics, dont 1 sur « bois » (pos. 53) en mars-oct. 2025)"
41968;Les meilleures chaises de bureau pour le dos;https://meilleurtest.fr/comparatif-chaise-de-bureau-pour-le-dos/;chaise de bureau;dos;usage / contexte;1;37411;Les meilleures chaises de bureau;https://meilleurtest.fr/comparatif-chaise-de-bureau/;C : intention spécifique et résultats mixtes (un seul guide spécialisé, pas en tête);meilleures chaises de bureau pour le dos;1;;F,S,E+,E,G;reddit.com — r/developpeurs - Quelle est la meilleure chaise ergonomique;ergofrance.com — Chaise de bureau mal de dos : quel modèle choisir;amazon.fr — Chaise Bureau Mal De Dos;chaisebureau365.fr — Chaises ergonomiques;passionteletravail.fr — Les 8 meilleures chaises ergonomiques en 2026;privé;"Google : Seul guide 'mal de dos' : ergofrance, marchand probable (Sm), pos. 2 ; peu de trafic (7 clics, dont 0 sur « dos » (pos. 63) en mars-oct. 2025)"
37285;Les meilleures chaises gamer pas chères;https://meilleurtest.fr/comparatif-chaise-gamer-pas-chere/;chaise gamer;pas cher;prix;1;37352;Les meilleures chaises gamer;https://meilleurtest.fr/comparatif-chaise-gamer/;A : simple déclinaison, mais un guide spécialisé isolé dans le top 5;meilleures chaises gamer pas chères;1;;E,S,F,E+,O;chaisebureau365.fr — Les meilleures chaises gaming rapport qualité-prix 2026;jeuxvideo.com — Quels sont les meilleures chaises gaming pas cher à ...;youtube.com — TOP 10 Best GAMING & ERGONOMIC CHAIRS;electrodepot.fr — Chaise gaming pas cher - Prix bas et qualité;stealth-gamer.com — Sièges;garder;Google : Guide 'pas cher' en position 2 (jeuxvideo.com)
41730;Les meilleures chaises longues pliantes;https://meilleurtest.fr/comparatif-chaise-longue-pliante/;chaise longue;pliant;technologie / sous-type;1;36714;Les meilleures chaises longues;https://meilleurtest.fr/comparatif-chaise-longue/;B : intention spécifique selon les attributs, mais aucun guide spécialisé dans le top 5;meilleures chaises longues pliantes;0;;E+,E,G,E,F;leroymerlin.fr — Chaise longue pliante de jardin au meilleur prix;lionshome.fr — Chaises longues camping pliables (2026) Meilleures Ventes;aosom.fr — Meilleures chaises longues de piscine pour votre jardin, ...;joybuy.fr — Meilleure chaise longue de jardin : Le Top 3 de 2026;youtube.com — La Meilleure Chaise Longue Jardin | Comparatif | TOP 3;privé;"Google : Aucun guide 'pliante' : marchands, guides chaises longues généraux, vidéo ; aucun clic en 2025"
39865;Les meilleurs chargeurs induction voiture;https://meilleurtest.fr/comparatif-chargeur-induction-voiture/;chargeur induction;voiture;usage / contexte;1;36968;Les meilleurs chargeurs à induction;https://meilleurtest.fr/comparatif-chargeur-a-induction/;B : intention spécifique selon les attributs, mais aucun guide spécialisé dans le top 5;meilleurs chargeurs induction voiture;0;;S?,G,S?,S?,F;automobile-propre.com — Chargeurs sans fil voiture 2025 : top supports Qi2 & MagSafe;la-piece-auto.com — Les meilleurs chargeurs sans fil : notre top 6 (2026);lesnumeriques.com — Les chargeurs à induction pullulent dans nos voitures;t-nb.com — Chargeur à Induction de Voiture pour téléphone au ...;youtube.com — Meilleur Chargeur Induction Voiture 2024;garder;Trafic : 3 clics, dont 3 sur « voiture » (pos. 11) en mars-oct. 2025
41906;Les meilleurs chauffages d'appoint sans électricité;https://meilleurtest.fr/comparatif-chauffage-d-appoint-sans-electricite/;chauffage d'appoint;sans électricité;technologie / sous-type;1;36828;Les meilleurs chauffages d'appoint;https://meilleurtest.fr/comparatif-chauffage-d-appoint/;C : intention spécifique et résultats mixtes (un seul guide spécialisé, pas en tête);meilleurs chauffages d'appoint sans électricité;1;;S?,G,E+,S,F;expertschaleurbois.fr — Chauffage d'appoint sans électricité : les erreurs à éviter;conseils-thermiques.org — Chauffage d'appoint : le grand comparatif;amazon.fr — Chauffage Sans Électricité Ni Gaz;tecnomat.fr — Chauffage d appoint sans électricité: au meilleur prix - Bricoman;forumconstruire.com — Chauffage d'appoint sans éléctricité [Résolu] - 30 messages;privé;"Google : Aucun guide d'achat : conseils expertschaleurbois (pos. 1), marchands, forum ; peu de trafic (4 clics, dont 4 sur « sans électricité » (pos. 30) en mars-oct. 2025)"
41973;Les meilleurs chauffages d'appoint électriques;https://meilleurtest.fr/comparatif-chauffage-dappoint-electrique/;chauffage d'appoint;électrique;technologie / sous-type;1;36828;Les meilleurs chauffages d'appoint;https://meilleurtest.fr/comparatif-chauffage-d-appoint/;B : intention spécifique selon les attributs, mais aucun guide spécialisé dans le top 5;meilleurs chauffages d'appoint électriques;0;;G,G,E,G,E;particuliers.engie.fr — Chauffage d'appoint économique : comment bien choisir ...;stadlerform.fr — Chauffage d'appoint : quelles technologies choisir pour un ...;boulanger.com — Bonjour;leparisien.fr — Top 8 des meilleurs chauffages d'appoint économiques ...;castorama.fr — Quel chauffage d'appoint choisir ?;privé;"Google : Aucun guide 'électrique' : guides généraux (engie, leparisien, castorama), boulanger ; peu de trafic (4 clics, dont 0 sur « électrique » (pos. 52) en mars-oct. 2025)"
37120;Les meilleurs chauffe-eaux électriques instantanés;https://meilleurtest.fr/comparatif-chauffe-eau-electrique-instantane/;chauffe-eau;électrique, instantané;technologie / sous-type, technologie / sous-type;2;37353;Les meilleurs chauffe-eaux électriques;https://meilleurtest.fr/comparatif-chauffe-eau-electrique/;C : intention spécifique et résultats mixtes (un seul guide spécialisé, pas en tête);meilleurs chauffe-eaux électriques instantanés;1;;E+,S?,S?,S,F;manomano.fr — Comparatif : Chauffe-eau instantané 2026;djsfrance.fr — Chauffe-eau électrique instantané;clage.com — Chauffe-eau instantanés électriques pour bains et douches;climate.selectra.com — Chauffe-eau instantané : avis, prix et consommation (2026);youtube.com — Les 5 Meilleur Chauffe Eau Instantané 2026;à signaler;Doublon : Même produit que 39618 'sans réservoir' et que le multi 'chauffes-eau instantanés' (Google : privé)
39618;Les meilleurs chauffe-eaux sans réservoir;https://meilleurtest.fr/comparatif-chauffe-eau-sans-reservoir/;chauffe-eau;sans réservoir;forme / configuration;2;38603;Les meilleurs chauffes-eau instantanés;https://meilleurtest.fr/comparatif-chauffe-eau-instantane/;B : intention spécifique selon les attributs, mais aucun guide spécialisé dans le top 5;meilleurs chauffe-eaux sans réservoir;0;;G,E+,S?,G,F;climate.selectra.com — Chauffe-eau instantané : avis, prix et consommation (2026);leroymerlin.fr — Chauffe eau électrique instantané sans réservoir;ecohabitation.com — Le chauffe-eau sans réservoir pour la maison;cedeo.fr — Comment choisir son chauffe-eau instantané;reddit.com — Chauffe-eau sans réservoir vs. chauffe- ...;à signaler;Doublon : Synonyme du multi parent 'chauffes-eau instantanés' (recoupe aussi 37120) (Google : garder)
41863;Les meilleures chauffeuses convertibles;https://meilleurtest.fr/comparatif-chauffeuse-convertible/;chauffeuse;convertible;technologie / sous-type;1;38272;Les meilleures chauffeuses;https://meilleurtest.fr/comparatif-chauffeuse/;B : intention spécifique selon les attributs, mais aucun guide spécialisé dans le top 5;meilleures chauffeuses convertibles;0;;E+,E,S?,E+,E+;ikea.com — Chauffeuse convertible pas cher;laredoute.fr — Chauffeuse;mapetitechaise.com — La chauffeuse convertible : pratique et tendance;m.joybuy.fr — Meilleure chauffeuse convertible : Le guide pour petit espace;tediber.com — Chauffeuse convertible en lit : pour les petits espaces;privé;"Google : Aucun guide indépendant 'convertible' : marchands, guide joybuy (Sm) ; peu de trafic (1 clics, dont 0 sur « convertible » (pos. 43) en mars-oct. 2025)"
42405;Les meilleures chaussettes anti-ampoules;https://meilleurtest.fr/comparatif-chaussettes-anti-ampoules/;chaussette;anti-ampoules;technologie / sous-type;1;38002;Les meilleures chaussettes;https://meilleurtest.fr/comparatif-chaussettes/;C : intention spécifique et résultats mixtes (un seul guide spécialisé, pas en tête);meilleures chaussettes anti-ampoules;1;;S?,S,S?,F,E+;bvsport.com — Chaussette de randonnée anti-ampoule;tonton-outdoor.com — Les 5 meilleures chaussettes running anti-ampoules;5doigts2pieds.fr — Chaussettes anti ampoule à 5 doigts;randonner-leger.org — Le forum de la randonnée légère ou ultra-légère;decathlon.fr — Chaussette randonnée anti ampoule;privé;"Google : Guide 'anti-ampoules' en position 2 (tonton-outdoor.com) — vérifié : tonton-outdoor.com = boutique, donc privé ; aucun clic en 2025"
39445;Les meilleures chaussettes de course;https://meilleurtest.fr/comparatif-chaussette-de-course/;chaussette;course;usage / contexte;1;38002;Les meilleures chaussettes;https://meilleurtest.fr/comparatif-chaussettes/;B : intention spécifique selon les attributs, mais aucun guide spécialisé dans le top 5;meilleures chaussettes de course;0;;G,G,E,G,G;trailandrunning.com — J'ai testé 8 paires de chaussettes de running et de trail;21run.com — Les 10 meilleures chaussettes de running;i-run.fr — Chaussette running et sport;foulees.com — Les meilleures chaussettes de running et trail au meilleur prix;runnea.fr — Guide des chaussettes de running : comment choisir les plus ...;garder;Google : Tests 'running' en positions 1 et 5 (trailandrunning, runnea)
39837;Les meilleures chaussettes chaudes pour homme;https://meilleurtest.fr/comparatif-chaussettes-chaudes/;chaussette;chaude, homme;technologie / sous-type, public visé;2;41158;Les meilleures chaussettes pour homme;https://meilleurtest.fr/comparatif-chaussettes-pour-homme/;C : intention spécifique et résultats mixtes (un seul guide spécialisé, pas en tête);meilleures chaussettes chaudes pour homme;1;;S?,S?,E+,S?,S;leslipfrancais.fr — Chaussettes chaudes Homme Made In France;missegle.com — Chaussettes chaudes pour homme;decathlon.fr — Comment choisir des chaussettes chaudes de randonnée ?;grand-froid.fr — Chaussettes chaudes & thermiques;artisansmongols.fr — Quelles sont les chaussettes les plus chaudes ?;privé;"Google : Aucun guide indépendant : guides Decathlon et artisansmongols (Sm), marques ; peu de trafic (2 clics, dont 2 sur « chaude » (pos. 33) en mars-oct. 2025)"
39221;Les meilleures chaussettes de contention pour femme;https://meilleurtest.fr/comparatif-chaussettes-de-contention-pour-femme/;chaussette de contention;femme;public visé;1;37179;Les meilleures chaussettes de contention;https://meilleurtest.fr/comparatif-chausettes-de-contention/;B : intention spécifique selon les attributs, mais aucun guide spécialisé dans le top 5;meilleures chaussettes de contention pour femme;0;;G,O,S?,S?,G;mes-jambes.com — Chaussettes de contention : sélection de nos orthopédistes;capcontention.com — Spécialiste multimarque de la compression;prevarice.com — Femme - Chaussette de Contention & Mi-bas Classe 2;toutelacontention.com — Chaussettes de contention Femme;21run.com — Les meilleures chaussettes de compression pour le running;privé;"Google : Aucun guide 'femme' : marchands contention, guides généraux ; aucun clic en 2025"
41748;Les meilleures chaussures à talon carré;https://meilleurtest.fr/comparatif-chaussures-a-talon-carre/;chaussures;carré, talon;forme / configuration, non classé;1;36621;Les meilleures chaussures à talon;https://meilleurtest.fr/comparatif-chaussure-a-talon/;B : intention spécifique selon les attributs, mais aucun guide spécialisé dans le top 5;meilleures chaussures à talon carré;0;;S?,E+,S?,S?,F;asos.com — Chaussures à talons femme;shopping.cosmopolitan.fr — Chaussures à talons confortables : nos 10 paires préférées;chaussea.com — Sandales talon carré pour Femme pas chères;elle.fr — 20 chaussures à talons (qui ne font pas mal aux pieds);geox.com — Chaussures à Talon Femme: Confortables et Élégantes;privé;"Google : Aucun guide 'talon carré' : marchands, sélections talons générales (cosmopolitan, elle) ; aucun clic en 2025"
41510;Les meilleurs talons à lacets;https://meilleurtest.fr/comparatif-talons-a-lacets/;chaussures;lacets, talon;non classé, non classé;1;36621;Les meilleures chaussures à talon;https://meilleurtest.fr/comparatif-chaussure-a-talon/;B : intention spécifique selon les attributs, mais aucun guide spécialisé dans le top 5;meilleurs talons à lacets;0;;E+,S?,E+,S?,F;fr.pinterest.com — 9 meilleures idées sur Talon lacet;etsy.com — Talons lacets - Etsy France;amazon.fr — Chaussure Talon A Lacet;chicandshines.com — Talons hauts sexy à lacets;youtube.com — COMMENT CHOISIR SA PAIRE DE TALONS ? - Heels Studio;privé;"Google : Pinterest, marchands et vidéo, aucun guide 'talons à lacets' ; aucun clic en 2025"
42106;Les meilleures chaussures de marche nordique pour femme;https://meilleurtest.fr/comparatif-chaussures-de-marche-nordique-pour-femme/;chaussures de marche nordique;femme;public visé;1;41141;Les meilleures chaussures de marche nordique;https://meilleurtest.fr/comparatif-chaussures-de-marche-nordique/;B : intention spécifique selon les attributs, mais aucun guide spécialisé dans le top 5;meilleures chaussures de marche nordique pour femme;0;;G,G,E+,S?,F;marchons-nordique.fr — LES MEILLEURES CHAUSSURES de Marche Nordique ...;montagnetrekking.fr — Quelles chaussures pour la marche nordique ?;decathlon.fr — Chaussures de Marche Nordique Femme;team-outdoor.fr — Chaussures de marche nordique pour femme;youtube.com — My TOP Best Nordic Walking Shoes in 2025!;privé;"Google : Aucun guide 'femme' : guides marche nordique généraux, marchands, vidéo ; aucun clic en 2025"
36786;Les meilleures chaussures de randonnée pour femme;https://meilleurtest.fr/comparatif-chaussure-de-randonnee-pour-femme/;chaussures de randonnée;femme;public visé;1;42409;Les meilleures chaussures de randonnée;https://meilleurtest.fr/comparatif-chaussures-de-randonnee/;C : intention spécifique et résultats mixtes (un seul guide spécialisé, pas en tête);meilleures chaussures de randonnée pour femme;1;;E+,S?,S,G,S?;i-run.fr — Chaussures randonnée femme;auvieuxcampeur.fr — Chaussures Randonnée;ledauphine.com — Les 10 meilleures chaussures de randonnée pour femmes ...;quechoisir.org — Comment bien choisir ses chaussures de randonnée;galibier.com — Chaussure randonnée femme entre confort et légèreté;privé;"Google : 1 seul guide 'femme' (ledauphine, pos. 3), reste marchand/général ; aucun clic en 2025"
37188;Les meilleures chaussures de randonnée pour hommes;https://meilleurtest.fr/comparatif-chaussures-de-randonnee-pour-homme/;chaussures de randonnée;homme;public visé;1;42409;Les meilleures chaussures de randonnée;https://meilleurtest.fr/comparatif-chaussures-de-randonnee/;B : intention spécifique selon les attributs, mais aucun guide spécialisé dans le top 5;meilleures chaussures de randonnée pour hommes;0;;G,E,G,G,S?;tonton-outdoor.com — Les 10 meilleures chaussures de randonnée en 2026;i-run.fr — Chaussures de randonnée, marche et trekking;columbiasportswear.fr — Guide pour choisir vos chaussures de randonnée idéales;widermag.com — Les meilleures chaussures pour le fast-hiking;auvieuxcampeur.fr — Chaussures Randonnée;privé;"Google : Aucun guide 'homme' : guides randonnée généraux et marchands ; aucun clic en 2025"
42534;Les meilleures chaussures de running pas chères;https://meilleurtest.fr/comparatif-chaussure-de-running-pas-cheres/;chaussures de running;pas cher;prix;1;38394;Les meilleures chaussures de running;https://meilleurtest.fr/comparatif-chaussure-de-running/;A : simple déclinaison, mais un guide spécialisé isolé dans le top 5;meilleures chaussures de running pas chères;1;;G,E,O,E,S;blog.therunningcollective.fr — Les chaussures de running avec le meilleur rapport qualité ...;decathlon.fr — Chaussures running;direct-running.fr — Toutes les Chaussures de Sport pour Homme en Destockage;i-run.fr — Trouvez votre chaussure de running idéale;runnea.fr — Les meilleures chaussures de running à moins de 100 euros;privé;"Google : 1 seul guide prix (runnea, pos. 5) ; pos. 1 vise 'rapport qualité-prix' ; aucun clic en 2025"
37045;Les meilleures chaussures de running pour hommes;https://meilleurtest.fr/comparatif-chaussures-de-running-pour-hommes/;chaussures de running;homme;public visé;1;38394;Les meilleures chaussures de running;https://meilleurtest.fr/comparatif-chaussure-de-running/;B : intention spécifique selon les attributs, mais aucun guide spécialisé dans le top 5;meilleures chaussures de running pour hommes;0;;S?,E+,E,G,G;terrederunning.com — Chaussures running homme – Performance et confort;i-run.fr — Chaussure running homme : nos marques à petits prix;ekosport.fr — Meilleure chaussure de running sur route 2026 : comparatif;blog.therunningcollective.fr — Les meilleures chaussures de running pour courir sur route ...;running-addict.fr — Test des meilleures chaussures de running;privé;"Google : Aucun guide 'homme' : marchands et guides running généraux ; aucun clic en 2025"
37010;Les meilleures baskets de sécurité;https://meilleurtest.fr/comparatif-basket-de-securite/;chaussures de sécurité;basket;usage / contexte;1;36642;Les meilleures chaussures de sécurité;https://meilleurtest.fr/comparatif-chaussures-de-securite/;C : intention spécifique et résultats mixtes (un seul guide spécialisé, pas en tête);meilleures baskets de sécurité;1;;O,G,S,F,G;modyf.fr — Chaussures de sécurité homme & femme | Würth MODYF;chaussures-pro.fr — Les meilleures marques de chaussures de sécurité;universpro.fr — Basket de Sécurité : TOP 9 des Meilleurs Modèles de 2026;reddit.com — Meilleures chaussures de sécurité – Confortables et ...;lebontri.fr — Meilleure chaussure de sécurité 2026 : S1P, S3 ou botte ?;privé;"Google : Aucun guide indépendant : universpro marchand (Sm, pos. 3), guides généraux ; aucun clic en 2025"
38921;Les meilleures chaînes hifi Bluetooth;https://meilleurtest.fr/comparatif-chaine-hifi-bluetooth/;chaîne hifi;bluetooth;technologie / sous-type;1;37497;Les meilleures chaînes hifi;https://meilleurtest.fr/comparatif-chaine-hifi/;B : intention spécifique selon les attributs, mais aucun guide spécialisé dans le top 5;meilleures chaînes hifi Bluetooth;0;;E,O,E,F,G;fnac.com — Meilleures ventes Micro Chaines Hi-fi;audiophile-hifi.fr — Chaînes HiFi haut-de-gamme - Audiophile-Hifi.fr à Tours (37);laboutiquederic.com — Comparer les meilleures mini-chaînes HiFi monoblocs ...;youtube.com — TOP 3 MEILLEUR MINI CHAINE HIFI BLUETOOTH 2025;ericboisseau.com — Quelle mini-chaîne HiFi monobloc choisir pour pour lire les ...;garder;"Trafic : 14 clics, dont 5 sur « bluetooth » (pos. 28) en mars-oct. 2025 ; Google seul : privé (Aucun guide 'Bluetooth' : marchands, guides mini-chaînes généraux, vidéo)"
40585;Les meilleures Chichas électroniques Starbuzz;https://meilleurtest.fr/comparatif-chicha-electronique-starbuzz/;chicha électronique;Starbuzz;marque;1;37976;Les meilleures chichas électroniques;https://meilleurtest.fr/comparatif-chicha-electronique/;A : simple déclinaison, mais un guide spécialisé isolé dans le top 5;meilleures Chichas électroniques Starbuzz;1;;E+,S?,S,S?,E+;lasuiteshop.fr — Chicha Électronique Starbuzz 50K Rechargeable;levapoteur-discount.fr — Starbuzz fabricant de puffs type chicha pas cher;guesshookah.com — Top 10 des Meilleurs Saveurs de Shisha Starbuzz;pro.el-badia.com — Chicha électronique : Hooky ou Starbuzz ?;narguistore.fr — Starbuzz puff : chicha, arômes puissants et praticité en vape;privé;"Google : Aucun guide indépendant : boutiques chicha, top saveurs shisha hors sujet ; peu de trafic (2 clics, dont 1 sur « Starbuzz » (pos. 20) en mars-oct. 2025)"
41751;Les meilleurs chocolats protéinés;https://meilleurtest.fr/comparatif-chocolat-proteine/;chocolat;protéiné;non classé;1;37126;Les meilleurs chocolats;https://meilleurtest.fr/comparatif-chocolat/;C : intention spécifique et résultats mixtes (un seul guide spécialisé, pas en tête);meilleurs chocolats protéinés;1;;E+,S,F,E+,S?;fitnessboutique.fr — Chocolats Protéinés, faible en Calories;crocandjoy.com — Chocolat protéiné : le guide complet 2026 (avantages, ...;reddit.com — Meilleure protéine en poudre au goût chocolat ? : r/VeganDE;ligne-et-proteines.com — Tablette de Chocolat Hyperprotéiné saveur Praliné;lactalisingredients.com — Encas sain : le potentiel du chocolat riche en protéines;privé;"Google : Guide 'protéiné' en position 2 (crocandjoy, possible marque à vérifier) — vérifié : crocandjoy.com = boutique, donc privé ; aucun clic en 2025"
40557;Les meilleures cigarettes électroniques eGo;https://meilleurtest.fr/comparatif-cigarette-electronique-ego/;cigarette électronique;eGo;non classé;1;37653;Les meilleures cigarettes électroniques;https://meilleurtest.fr/comparatif-cigarette-electronique/;B : intention spécifique selon les attributs, mais aucun guide spécialisé dans le top 5;meilleures cigarettes électroniques eGo;0;;G,G,S?,S?,S?;e-liquide-fr.com — Top 10 des meilleures cigarettes électroniques en 2026;lepetitvapoteur.com — Quelle cigarette électronique choisir en 2026;docteur-vaporisateur.com — Liste de produits par fabricant Ego générique (Ecigs);ecigplanete.com — Kit Ego Aio - Joyetech | Cigarette électronique;nicovip.com — Joyetech eGo AIO : Cigarette Électronique Débutant;privé;"Google : Aucun guide 'eGo' : guides e-cigarettes généraux, fiches produits ; peu de trafic (1 clics, dont 1 sur « eGo » (pos. 39) en mars-oct. 2025)"
39763;Les meilleurs ciseaux de coiffure professionnels;https://meilleurtest.fr/comparatif-ciseaux-de-coiffure-professionnels/;ciseaux de coiffure;professionnel;public visé;1;39188;Les meilleurs ciseaux de coiffure;https://meilleurtest.fr/comparatif-ciseaux-de-coiffure/;C : intention spécifique et résultats mixtes (un seul guide spécialisé, pas en tête);meilleurs ciseaux de coiffure professionnels;1;;O,G,G,E,S;myciseauxcoiffure.com — N°1 des ciseaux de coiffure en France;pro-duo.fr — Ciseaux de coiffure : comment choisir la paire parfaite;fr.jpscissors.com — Les 10 meilleurs ciseaux de coupe de cheveux;laboutiqueducoiffeur.com — Ciseaux de coiffure;ciseaux-oshukai.com — Ciseaux de coiffure : Guide complet pour choisir les meilleurs ...;privé;"Google : Aucun guide 'professionnels' : boutiques et guides généraux de marchands/fabricants ; peu de trafic (1 clics, dont 1 sur « professionnel » (pos. 23) en mars-oct. 2025)"
37626;Les meilleurs claviers gamer pas chers;https://meilleurtest.fr/comparatif-clavier-gamer-pas-cher/;clavier;gaming, pas cher;usage / contexte, prix;1;37186;Les meilleurs claviers gamer;https://meilleurtest.fr/comparatif-clavier-gamer/;A : simple déclinaison, mais un guide spécialisé isolé dans le top 5;meilleurs claviers gamer pas chers;1;;E+,F,S?,G,S;amazon.fr — Clavier Gamer Pas Cher;youtube.com — Top 10 Best Gaming Keyboards in 2026;maxesport.gg — Claviers Gamer - Équipement Gaming & Esport;geekom.fr — Comment bien Choisir un meilleur Clavier Gamer? Conseil ...;lesnumeriques.com — Guide : Quel est le meilleur clavier gamer ? Septembre 2026;privé;"Google : Aucun guide 'pas cher' : lesnumeriques général (pos. 5), marchands, vidéo ; aucun clic en 2025"
36533;Les meilleurs claviers sans fil bluetooth;https://meilleurtest.fr/comparatif-clavier-bluetooth-sans-fil/;clavier;bluetooth, sans fil;technologie / sous-type, technologie / sous-type;1;38765;Les meilleurs claviers sans fil;https://meilleurtest.fr/comparatif-clavier-sans-fil/;C : intention spécifique et résultats mixtes (un seul guide spécialisé, pas en tête);meilleurs claviers sans fil bluetooth;1;;E+,G,S,F,F;materiel.net — Clavier sans fil;frandroid.com — Quel clavier choisir pour votre PC de bureau en 2026;cultureunderground.fr — Comparatif des 5 meilleurs claviers gaming sans fil;youtube.com — TOP 3: Best Wireless Keyboards of 2026 (8 tested);reddit.com — Recommandations de claviers sans fil ? : r/keyboards;privé;"Google : Aucun guide 'Bluetooth' : comparatifs sans fil généraux, marchand, vidéo, forum ; aucun clic en 2025"
41364;Les meilleurs climatiseurs De'Longhi;https://meilleurtest.fr/comparatif-climatiseur-de-longhi/;climatiseur;De'Longhi;technologie / sous-type;1;38838;Les meilleurs climatiseurs;https://meilleurtest.fr/comparatif-climatiseur/;C : intention spécifique et résultats mixtes (un seul guide spécialisé, pas en tête);meilleurs climatiseurs De'Longhi;1;;E+,G,S,E+,G;delonghi.com — Climatiseurs mobiles Pinguino De'Longhi;capital.fr — Selon nos tests, voici le champion des climatiseurs mobiles ...;meilleur-climatiseurmobile.fr — Climatiseur mobile De'Longhi Pinguino : avis et prix 2026;leroymerlin.fr — Climatiseur mobile De'Longhi;frandroid.com — Meilleur climatiseur mobile 2026, nos tests et comparatif;garder;"Google : 1 seul S (meilleur-climatiseurmobile, pos. 3), reste marque/marchand/général ; historique : 3 clics, dont 0 sur « De'Longhi » (pos. 11) en mars-oct. 2025"
39075;Les meilleurs climatiseurs monoblocs muraux;https://meilleurtest.fr/comparatif-climatiseur-monobloc-mural/;climatiseur;monobloc, mural;technologie / sous-type, technologie / sous-type;2;36498;Les meilleurs climatiseurs monoblocs;https://meilleurtest.fr/comparatif-climatiseur-monobloc/;B : intention spécifique selon les attributs, mais aucun guide spécialisé dans le top 5;meilleurs climatiseurs monoblocs muraux;0;;G,E+,S?,G,G;geoplanete.fr — Climatiseur sans unité extérieure : guide et comparatif;leroymerlin.fr — Climatiseur monobloc mural au meilleur prix;airchaud-diffusion.fr — Climatiseur Mural Fixe Monobloc: Reversible & Silencieux;etude-et-bilan-thermique.fr — Climatiseur sans unité extérieure : avis et comparatif 2026;conseils.hellopro.fr — Top 5 meilleurs climatiseurs sans unité extérieure - Hellopro.fr;à signaler;"Doublon : même produit que 38289 « climatiseurs sans unité extérieure » (un monobloc mural est un climatiseur sans unité extérieure) ; 43 clics en 2025, garder l'une des deux"
37075;Les meilleurs climatiseurs de caravane;https://meilleurtest.fr/comparatif-climatiseur-de-caravane/;climatiseur de camping-car;caravane;usage / contexte;1;38274;Les meilleurs climatiseurs de camping-car;https://meilleurtest.fr/comparatif-climatiseur-de-camping-car/;B : intention spécifique selon les attributs, mais aucun guide spécialisé dans le top 5;meilleurs climatiseurs de caravane;0;;G,G,S?,F,S?;narbonneaccessoires.fr — Top 5 des meilleurs climatiseurs pour camping-car en 2026;top-accessoires.com — Top 5 des meilleurs climatiseurs pour camping-car en 2026;just4camper.fr — Climatiseurs pour camping-car, caravane, fourgon et van;forum.lescaravaniers2.com — la clim! - Forum les caravaniers2 .com;truma.com — Climatiseurs de toit pour caravanes et camping-cars;garder;"Trafic : 35 clics, dont 6 sur « caravane » (pos. 36) en mars-oct. 2025 ; Google seul : privé (Aucun guide 'caravane' : tops camping-car de marchands, boutiques, forum)"
38292;Les meilleurs climatiseurs mobiles réversibles;https://meilleurtest.fr/comparatif-climatiseur-mobile-reversible/;climatiseur mobile;réversible;technologie / sous-type;1;37750;Les meilleurs climatiseurs mobiles;https://meilleurtest.fr/comparatif-climatiseur-mobile/;B : intention spécifique selon les attributs, mais aucun guide spécialisé dans le top 5;meilleurs climatiseurs mobiles réversibles;0;;G,G,E,G,G;quelleenergie.fr — Quel est le meilleur climatiseur mobile en 2026;lexpress.fr — Les meilleurs climatiseurs mobiles : notre sélection pour ...;castorama.fr — Quel climatiseur mobile choisir | Chauffage;effy.fr — Meilleur Climatiseur Mobile en 2026 : Comparatif et Marque;lebontri.fr — Meilleur climatiseur mobile 2026 : le comparatif sans pièges;privé;"Google : Aucun guide 'réversible' : cinq comparatifs généraux de climatiseurs mobiles ; peu de trafic (7 clics, dont 2 sur « réversible » (pos. 27) en mars-oct. 2025)"
36529;Les meilleurs climatiseurs mobiles silencieux;https://meilleurtest.fr/comparatif-climatiseur-mobile-silencieux/;climatiseur mobile;silencieux;adjectif de qualité;1;37750;Les meilleurs climatiseurs mobiles;https://meilleurtest.fr/comparatif-climatiseur-mobile/;A : simple déclinaison, mais un guide spécialisé isolé dans le top 5;meilleurs climatiseurs mobiles silencieux;1;;E+,S,G,G,S?;leroymerlin.fr — Climatiseur mobile silencieux;planete-air.eu — Quel est le climatiseur mobile le plus silencieux ? - Planète Air;capital.fr — Quel est le meilleur climatiseur mobile en 2026 ? Notre ...;quelleenergie.fr — Quel est le meilleur climatiseur mobile en 2026;espace-aubade.fr — Climatiseur mobile silencieux : comment se rafraîchir sans ...;garder;"Trafic : 20 clics, dont 4 sur « silencieux » (pos. 47) en mars-oct. 2025 ; Google seul : privé (Guide 'silencieux' en position 2 (planete-air, possible marchand à vérifier) — vérifié : planete-air.eu = boutique, donc privé)"
40348;Les meilleures clés USB pour iPad;https://meilleurtest.fr/comparatif-cle-usb-pour-ipad/;clé USB;iPad;technologie / sous-type;1;36488;Les meilleures clés USB;https://meilleurtest.fr/comparatif-cle-usb/;B : intention spécifique selon les attributs, mais aucun guide spécialisé dans le top 5;meilleures clés USB pour iPad;0;;G,E+,S?,F,E+;rue-montgallet.com — Meilleures clés USB (mis à jour été 2025), les ...;amazon.fr — Cle Usb Pour Ipad;gsm55.com — Clés USB Apple iPad Pro 11' 2024 - Livraison 24h/48h;youtube.com — TOP 3 Meilleure Clé USB pour iPhone 2025;communities.apple.com — iPad compatible avec clé USB;privé;"Google : Aucun guide 'iPad' : guide clés USB général, marchands, vidéo, forum ; peu de trafic (3 clics, dont 2 sur « iPad » (pos. 12) en mars-oct. 2025)"
41099;Les meilleures clés à chocs sans fil;https://meilleurtest.fr/comparatif-cle-a-choc-sans-fil/;clé à choc;sans fil;technologie / sous-type;1;37485;Les meilleures clés à choc;https://meilleurtest.fr/comparatif-cle-a-choc/;C : intention spécifique et résultats mixtes (un seul guide spécialisé, pas en tête);meilleures clés à chocs sans fil;1;;G,F,G,S?,S;inter-car.fr — Meilleure clé à choc : top 12 boulonneuses comparées;reddit.com — Meilleure clé à chocs rapport qualité-prix ? : r/EngineBuilding;bfmtv.com — 💥 Meilleures clés à choc 2026 - guide d'achat et comparatif;toolnation.fr — Clé à choc sans fil;planet-tools.fr — Quelle clé à choc sans fil choisir ?;privé;"Google : Aucun guide indépendant 'sans fil' : guides généraux, planet-tools marchand (Sm) ; peu de trafic (5 clics, dont 2 sur « sans fil » (pos. 18) en mars-oct. 2025)"
40446;Les meilleures cocottes-minute Seb;https://meilleurtest.fr/comparatif-cocotte-minute-seb/;cocotte-minute;Seb;marque;1;37499;Les meilleures cocottes-minute;https://meilleurtest.fr/comparatif-cocotte-minute/;A : simple déclinaison, mais un guide spécialisé isolé dans le top 5;meilleures cocottes-minute Seb;1;;E,E,F,S,E+;seb.fr — Autocuiseur;seb.fr — Cocotte-Minute;youtube.com — TOP 3 Seb pressure cookers: the guide to choosing the right ...;parismatch.com — Notre sélection des meilleures cocottes-minute Seb;ledenishop.fr — Cocotte Minute SEB 6L : Quel Modèle Choisir ? Guide 2026;garder;"Trafic : 27 clics, dont 11 sur « Seb » (pos. 9) en mars-oct. 2025 ; Google seul : privé (1 seul guide Seb (parismatch, pos. 4) + 1 Sm, reste marque/vidéo)"
36726;Les meilleurs coffre-forts ignifugés;https://meilleurtest.fr/comparatif-coffre-fort-ignifuge/;coffre-fort;ignifugé;technologie / sous-type;1;241916;Les meilleurs coffres-forts;https://meilleurtest.fr/comparatif-coffres-forts/;B : intention spécifique selon les attributs, mais aucun guide spécialisé dans le top 5;meilleurs coffre-forts ignifugés;0;;S?,S?,G,E+,S?;fichet-bauche.fr — Coffres-forts ignifugés à poser ou à encastrer;hartmann-tresore.fr — Coffres-forts ignifuges et anti feu - Hartmann Tresore;1001coffres.com — Acheter votre Coffre Fort au meilleur prix;leroymerlin.fr — Coffre fort ignifugé;armoireplus.fr — Coffre-fort ignifuge et anti feu, papier 30/60 min;privé;"Google : Top 5 entièrement marchand (fichet-bauche, hartmann, leroymerlin...), aucun guide ; aucun clic en 2025"
37420;Les meilleurs coffre-forts électroniques;https://meilleurtest.fr/comparatif-coffre-fort-electronique/;coffre-fort;électronique;technologie / sous-type;1;241916;Les meilleurs coffres-forts;https://meilleurtest.fr/comparatif-coffres-forts/;B : intention spécifique selon les attributs, mais aucun guide spécialisé dans le top 5;meilleurs coffre-forts électroniques;0;;G,G,O,G,G;1001coffres.com — Acheter votre Coffre Fort au meilleur prix;factorial.fr — Les 6 meilleurs coffres-forts numériques;francenum.gouv.fr — Comment sécuriser le stockage de vos documents grâce ...;appvizer.fr — Les 10 Meilleurs Logiciels de Coffre-fort numérique en 2026;blogdumoderateur.com — Les 7 meilleurs coffres-forts numériques - BDM;privé;"Google : SERP sur coffres-forts numériques (logiciels), hors sujet, plus 1001coffres marchand ; aucun clic en 2025"
39719;Les meilleurs coffres-forts pour la maison;https://meilleurtest.fr/comparatif-coffre-fort-pour-maison/;coffre-fort;maison;usage / contexte;1;241916;Les meilleurs coffres-forts;https://meilleurtest.fr/comparatif-coffres-forts/;B : intention spécifique selon les attributs, mais aucun guide spécialisé dans le top 5;meilleurs coffres-forts pour la maison;0;;G,O,G,E,G;1001coffres.com — Acheter votre Coffre Fort au meilleur prix;fichet-bauche.fr — Coffre-fort blindé, sécurisé et ignifuge haute sécurité;coffretiers.com — Les meilleures marques de coffres-forts en France;protegersamaison.com — Comment bien choisir son coffre-fort domestique ? | Le blog;conseils.hellopro.fr — Top 5 des meilleurs coffres-forts ignifuges;garder;"Google : 1 seul guide 'domestique' (protegersamaison, pos. 4), reste marchand/général ; historique : 5 clics en mars-oct. 2025"
41777;Les meilleures coiffeuses avec miroir LED;https://meilleurtest.fr/comparatif-coiffeuse-avec-miroir-led/;coiffeuse;miroir LED;technologie / sous-type;1;36564;Les meilleures coiffeuses;https://meilleurtest.fr/comparatif-coiffeuse/;B : intention spécifique selon les attributs, mais aucun guide spécialisé dans le top 5;meilleures coiffeuses avec miroir LED;0;;O,O,S?,E,E+;coiffeusesenligne.fr — Table de maquillage avec miroir Coiffeusesenligne;miroir-france.com — Miroirs Coiffeuse pour un Espace Beauté Élégant;mysalondecoiffure.com — Coiffeuse avec miroir led pour votre salon de coiffure;idealo.fr — Coiffeuse Avec Miroir Et Rangements;fr.pinterest.com — Coiffeuse Avec Miroir Led;garder;"Trafic : 0 clics, dont 0 sur « miroir LED » (pos. 18) en mars-oct. 2025 ; Google seul : privé (Marchands et Pinterest, aucun guide 'miroir LED')"
38013;Les meilleures collagènes en poudre;https://meilleurtest.fr/comparatif-collagene-en-poudre/;collagène;poudre;technologie / sous-type;1;41206;Les meilleurs collagènes;https://meilleurtest.fr/comparatif-collagene/;C : intention spécifique et résultats mixtes (un seul guide spécialisé, pas en tête);meilleures collagènes en poudre;1;;G,G,S,O,G;biocyte.com — Quel collagène choisir ? Guide complet selon votre objectif;santemagazine.fr — Meilleur collagène : notre comparatif des top peptides pour ...;biogena.com — Quelle est la meilleure poudre de collagène pour la peau ...;quechoisir.org — Les fausses promesses du collagène - Actualité;granions.fr — Meilleur collagène marin 2026 : Comparatif complet et avis ...;à signaler;"Doublon : même intention que 42054 « poudres de collagène » ; 9 clics en 2025 (l'autre : aucun), garder 38013"
41764;Les meilleurs collagènes en gélules;https://meilleurtest.fr/comparatif-collagene-en-gelules/;collagène;gélules;technologie / sous-type;1;41206;Les meilleurs collagènes;https://meilleurtest.fr/comparatif-collagene/;C : intention spécifique et résultats mixtes (un seul guide spécialisé, pas en tête);meilleurs collagènes en gélules;1;;E,S,F,G,E+;amazon.fr — COLLAGÈNE MARIN + Acide Hyaluronique;les-calories.com — Test HUMBLE+ Collagène Marin Ultra-Concentré;youtube.com — TOP 3 MEILLEUR GELULES DE COLLAGENE MARIN 2025;nutrascan.com — Collagène marin: Comment le choisir, Effets, ...;pharmashopi.com — gelules collagene + acide hyaluronique avis : Achat en ligne;privé;"Google : Aucun guide 'gélules' : test produit, vidéo, guide général, marchands ; peu de trafic (1 clics en mars-oct. 2025)"
41360;Les meilleures colles à bois;https://meilleurtest.fr/comparatif-colles-a-bois/;colle;bois;matière / composition;1;37606;Les meilleures colles pour tout coller;https://meilleurtest.fr/comparatif-colle-pour-tout-coller/;C : intention spécifique et résultats mixtes (un seul guide spécialisé, pas en tête);meilleures colles à bois;1;;F,E+,S,E+,F;youtube.com — Quel est le meilleur choix de colle à bois ?;lairdubois.fr — Quelle Colle a bois utilisez-vous ? par olivier76770;colle21.com — Meilleur colle bois : Guide complet pour des assemblages;colle-a-bois.fr — La meilleure colle à bois - Le comparatif de 2025;reddit.com — Quels sont de bonnes colles à bois solides que vous ...;privé;"Google : 2 guides 'colle à bois' en positions 3 et 4 (colle21, colle-a-bois.fr) — vérifié : colle21.com = boutique, donc privé ; aucun clic en 2025"
39090;Les meilleurs colliers anti-aboiements pour petit chien;https://meilleurtest.fr/comparatif-collier-anti-aboiement-pour-petit-chien/;collier pour chiens;anti-aboiement, petit chien;technologie / sous-type, public visé;2;37078;Les meilleurs colliers anti-aboiement;https://meilleurtest.fr/comparatif-collier-anti-aboiement/;C : intention spécifique et résultats mixtes (un seul guide spécialisé, pas en tête);meilleurs colliers anti-aboiements pour petit chien;1;;E+,S?,E+,S,F;amazon.fr — Collier Anti Aboiement Petit Chien : Animalerie;puppy-safe.fr — Collier Anti Aboiement pour Chien Sans Douleur;zoomalia.com — Quel collier anti-aboiement choisir ? - Blog;bfmtv.com — Les 8 meilleurs colliers anti-aboiement 2026;reddit.com — Quel collier anti-aboiement est le meilleur;privé;"Google : Aucun guide 'petit chien' : bfmtv et zoomalia généraux, marchands, forum ; aucun clic en 2025"
37708;Les meilleurs colliers de dressage pour chien;https://meilleurtest.fr/comparatif-collier-de-dressage-chien/;collier pour chiens;dressage;non classé;1;38397;Les meilleurs colliers pour chien;https://meilleurtest.fr/comparatif-collier-pour-chien/;C : intention spécifique et résultats mixtes (un seul guide spécialisé, pas en tête);meilleurs colliers de dressage pour chien;1;;E+,E+,E+,S,F;decathlon.fr — Meilleur collier de dressage;collier-de-dressage.fr — Collier de dressage pour chien : guide d'achat et comparatif;zoomalia.com — Quel meilleur Collier de dressage pour Chien ? Conseils ...;morinfrance.com — Comment choisir un COLLIER DE RAPPEL ou ...;reddit.com — [Discussion] Quel est le meilleur collier de dressage pour ...;garder;Google : Guide en pos. 2 (collier-de-dressage.fr, nature à vérifier) + 2 guides marchands
39161;Les meilleurs colliers lumineux pour chien;https://meilleurtest.fr/comparatif-collier-lumineux-pour-chien/;collier pour chiens;lumineux;adjectif de qualité;1;38397;Les meilleurs colliers pour chien;https://meilleurtest.fr/comparatif-collier-pour-chien/;A : simple déclinaison, mais un guide spécialisé isolé dans le top 5;meilleurs colliers lumineux pour chien;1;;E+,S?,S,F,E+;decathlon.fr — Colliers lumineux pour chien;canichien.com — Collier Lumineux pour Chien - NightVision;conseils-animaux.fr — Collier lumineux pour chien : comparatif 2026 et avis;reddit.com — Meilleure collier de chien illuminé / lumière pour ...;maxizoo.fr — Collier pour chien lumineux et réflecteurs;garder;"Google : 1 seul guide spécialisé (conseils-animaux, pos. 3), reste marchand/forum ; historique : 0 clics, dont 0 sur « lumineux » (pos. 15) en mars-oct. 2025"
39314;Les meilleurs compléments alimentaires pour maigrir;https://meilleurtest.fr/comparatif-complement-alimentaire-pour-maigrir/;complément alimentaire;minceur;usage / contexte;1;37500;Les meilleurs compléments alimentaires;https://meilleurtest.fr/comparatif-complement-alimentaire/;B : intention spécifique selon les attributs, mais aucun guide spécialisé dans le top 5;meilleurs compléments alimentaires pour maigrir;0;;G,O,G,E,E+;biocyte.com — Quels compléments alimentaires pour perdre du poids ?;quechoisir.org — Dossier Complément alimentaire;impulse-nutrition.fr — Perte de poids : top 10 des compléments alimentaires les ...;conseilsport.decathlon.fr — Doit-on prendre des compléments alimentaires pour ...;yves-rocher.fr — Complément Alimentaire Minceur;privé;"Google : Aucun S : guides de marques (biocyte, impulse), dossier quechoisir, marchands ; peu de trafic (3 clics, dont 0 sur « minceur » (pos. 72) en mars-oct. 2025)"
41106;Les meilleurs congélateurs horizontaux;https://meilleurtest.fr/comparatif-congelateur-horizontal/;congélateur;horizontal;non classé;1;36537;Les meilleurs congélateurs;https://meilleurtest.fr/comparatif-congelateur/;B : intention spécifique selon les attributs, mais aucun guide spécialisé dans le top 5;meilleurs congélateurs horizontaux;0;;G,E,G,G,G;electroguide.com — Les 7 meilleurs congélateurs 2026;beko.fr — Quel congélateur choisir ? Guide d'achat & conseils utiles;achetezlemeilleur.ca — on a trouvé les meilleurs congélateurs de 2026;lebontri.fr — Meilleur congélateur 2026 : 13 modèles, l'autonomie d'abord;protegez-vous.ca — Congélateurs : 24 appareils testés;garder;"Trafic : 5 clics, dont 5 sur « horizontal » (pos. 9) en mars-oct. 2025 ; Google seul : privé (Aucun guide 'horizontal' : cinq comparatifs généraux de congélateurs)"
38380;Les meilleurs minis congélateurs;https://meilleurtest.fr/comparatif-mini-congelateur/;congélateur;mini;technologie / sous-type;1;36537;Les meilleurs congélateurs;https://meilleurtest.fr/comparatif-congelateur/;C : intention spécifique et résultats mixtes (un seul guide spécialisé, pas en tête);meilleurs minis congélateurs;1;;E+,S,G,E,E+;boulanger.com — Mini congélateur - Livraison 24h Offerte;xn--friglateur-e7a.fr — Meilleur mini congélateur 2026 : notre comparatif;meilleurs.fr — Comparatif petit congelateur » les 8 meilleurs en 2026;klarstein.fr — Petits congélateurs - Achetez en ligne à petit prix;conforama.fr — Petit congélateur & mini congélateur pas cher;garder;Trafic : 9 clics, dont 6 sur « mini » (pos. 11) en mars-oct. 2025
41438;Les meilleures coques iPhone 13 sur Amazon;https://meilleurtest.fr/comparatif-coque-iphone-13-amazon/;coque;Amazon, iPhone 13;enseigne / canal de vente, modèle précis (compatibilité);1;42081;Les meilleures coques pour iPhone 13;https://meilleurtest.fr/comparatif-coque-pour-iphone-13/;A : simple déclinaison, mais un guide spécialisé isolé dans le top 5;meilleures coques iPhone 13 sur Amazon;1;;E+,S,E+,F,F;amazon.fr — Amazon.fr : Coque Iphone 13;journaldugeek.com — Meilleure coque iPhone 13 : le guide de protection mis à ...;amazon.fr — Coque Iphone 13 Apple;youtube.com — The BEST CASES to choose for your IPHONE!;reddit.com — Des idées sur le meilleur étui pour iPhone 13 ? : r/iPhone13;à signaler;Doublon : « Sur Amazon » est un canal de vente : mêmes produits que le multi. (Google : privé)
38778;Les meilleures couettes 240x260;https://meilleurtest.fr/comparatif-couette-240x260/;couette;240x260;taille / capacité / quantité;1;37549;Les meilleures couettes;https://meilleurtest.fr/comparatif-couette/;A : simple déclinaison, mais un guide spécialisé isolé dans le top 5;meilleures couettes 240x260;1;;E+,S,S?,G,S?;lacompagniedulit.com — Couette 240x260 : Découvrez nos Offres;garnier-thiebaut.fr — Meilleures couettes 240x260 en 2026;dodo.fr — Couette 240x260 - DODO;quechoisir.org — Comment choisir sa couette - Guide d'achat;drouault.net — Couette 240x260 : Couette Duvet Haut de gamme;privé;"Google : Aucun guide indépendant : garnier-thiebaut est une marque (Sm), reste marchand ; peu de trafic (17 clics, dont 0 sur « 240x260 » (pos. 46) en mars-oct. 2025)"
39657;Les meilleures couettes anti transpiration;https://meilleurtest.fr/comparatif-couette-anti-transpiration/;couette;anti-transpiration;technologie / sous-type;1;37549;Les meilleures couettes;https://meilleurtest.fr/comparatif-couette/;B : intention spécifique selon les attributs, mais aucun guide spécialisé dans le top 5;meilleures couettes anti transpiration;0;;S?,S?,G,E,G;bleucalin.com — Couette anti-transpiration pas chère | Production française;petit-meunier.fr — Couette anti-transpiration avec matières naturelles;carreblanc.com — Quelle couette choisir pour éviter de transpirer ?;tediber.com — Quelle couette choisir pour ne pas transpirer pendant la nuit;lacompagniedublanc.com — Quelle couette pour lutter contre la transpiration nocturne ?;privé;"Google : Aucun guide indépendant ; 3 guides de marques/marchands (Sm) ; aucun clic en 2025"
39318;Les meilleures couettes duvet;https://meilleurtest.fr/comparatif-couette-duvet/;couette;duvet;technologie / sous-type;1;37549;Les meilleures couettes;https://meilleurtest.fr/comparatif-couette/;B : intention spécifique selon les attributs, mais aucun guide spécialisé dans le top 5;meilleures couettes duvet;0;;S?,G,G,G,F;lacompagniedublanc.com — Couette en Duvet d'Oie Pyrénées;matelasnostress.fr — Top 5 Meilleure Couette 2026;quechoisir.org — Comment choisir sa couette - Guide d'achat;marieclaire.fr — Les meilleures couettes pour bien dormir toute l'année;reddit.com — Meilleure couette ever ? : r/AskFrance;privé;"Google : Aucun guide 'duvet' : guides couettes généraux, marchand, forum ; peu de trafic (2 clics, dont 0 sur « duvet » (pos. 23) en mars-oct. 2025)"
41822;Les meilleures couettes en plume d'oie;https://meilleurtest.fr/comparatif-couette-en-plume-oie/;couette;plume d'oie;non classé;1;37549;Les meilleures couettes;https://meilleurtest.fr/comparatif-couette/;B : intention spécifique selon les attributs, mais aucun guide spécialisé dans le top 5;meilleures couettes en plume d'oie;0;;F,G,O,G,G;couette-castex.com — Couette duvet en plume d'oie - CASTEX;quechoisir.org — Comment choisir sa couette - Guide d'achat;lacompagniedublanc.com — Couette en Duvet d'Oie Pyrénées;sleeps.fr — Meilleure Couette : Comparatif et Guide d'achat (2026);nouvojour.fr — Guide d'achat : Choisir la couette en duvet et plume idéale;privé;"Google : Aucun guide 'plume d'oie' : fiches marques, guides couettes généraux ; aucun clic en 2025"
41793;Les meilleures couettes été;https://meilleurtest.fr/comparatif-couette-ete/;couette;été;usage / contexte;1;37549;Les meilleures couettes;https://meilleurtest.fr/comparatif-couette/;C : intention spécifique et résultats mixtes (un seul guide spécialisé, pas en tête);meilleures couettes été;1;;G,S?,S,F,G;matelasnostress.fr — Top 5 Meilleure Couette 2026;lacompagniedublanc.com — Couettes été et hiver : toutes dimensions;leparisien.fr — Notre sélection de couettes idéales pour l'été;couette-castex.com — Quelle couette choisir pour l'été ? Nos conseils - CASTEX;bfmtv.com — Les 5 meilleurs couettes 2026;privé;"Google : 1 seul guide 'été' (leparisien, pos. 3) + 1 Sm Castex ; peu de trafic (2 clics, dont 0 sur « été » (pos. 31) en mars-oct. 2025)"
42734;Les meilleures couvertures chauffantes sans fil;https://meilleurtest.fr/comparatif-couverture-chauffante-sans-fil/;couverture chauffante;sans fil;technologie / sous-type;1;40011;Les meilleures couvertures chauffantes;https://meilleurtest.fr/comparatif-couverture-chauffante/;B : intention spécifique selon les attributs, mais aucun guide spécialisé dans le top 5;meilleures couvertures chauffantes sans fil;0;;E+,G,E+,G,F;amazon.fr — Amazon.fr : Couverture Chauffante Sans Fil;journaldemontreal.com — Les 5 meilleures couvertures chauffantes (2026) | Nos Recos;leroymerlin.fr — Couverture chauffante sans fil au meilleur prix;bedbedtime.com — Les Meilleures Couvertures Chauffantes Testées;youtube.com — TOP 3 : Meilleure Couverture Chauffante 2026;privé;"Google : Aucun guide 'sans fil' : marchands, guides couvertures chauffantes généraux, vidéo ; peu de trafic (2 clics, dont 1 sur « sans fil » (pos. 99) en mars-oct. 2025)"
41100;Les meilleurs crayons à sourcils semi-permanents;https://meilleurtest.fr/comparatif-crayon-a-sourcils-semi-permanent/;crayon à sourcils;semi-permanent;technologie / sous-type;1;38393;Les meilleurs crayons à sourcils;https://meilleurtest.fr/comparatif-crayon-a-sourcil/;B : intention spécifique selon les attributs, mais aucun guide spécialisé dans le top 5;meilleurs crayons à sourcils semi-permanents;0;;S?,G,E+,G,F;onlylashparis.fr — Acheter Crayon semi permanent sourcil Biotek;atelierdusourcil.com — Le meilleur crayon sourcils Sublimabrow;amazon.fr — Crayon Sourcil Semi Permanent Waterproof;avis-beaute.marieclaire.fr — Les meilleurs crayons à sourcils pour une définition parfaite;reddit.com — Meilleurs/crayons à sourcils préférés ? : r/Makeup;garder;"Trafic : 85 clics, dont 69 sur « semi-permanent » (pos. 8) en mars-oct. 2025 ; Google seul : privé (Aucun guide 'semi-permanent' : marchands, marieclaire général, forum)"
39907;Les meilleurs crayons à sourcils waterproof;https://meilleurtest.fr/comparatif-crayon-a-sourcils-waterproof/;crayon à sourcils;waterproof;technologie / sous-type;1;38393;Les meilleurs crayons à sourcils;https://meilleurtest.fr/comparatif-crayon-a-sourcil/;B : intention spécifique selon les attributs, mais aucun guide spécialisé dans le top 5;meilleurs crayons à sourcils waterproof;0;;E,G,F,E+,S?;shopping.cosmopolitan.fr — Quel est le meilleur crayon à sourcils - Cosmopolitan Shopping;avis-beaute.marieclaire.fr — Les meilleurs crayons à sourcils pour une définition parfaite;reddit.com — Quelqu'un a-t-il déjà essayé un crayon à sourcils ...;amazon.fr — Crayon Sourcils Waterproof;bysmaquillage.fr — Crayon à Sourcils Waterproof | Lovely;privé;"Google : Aucun guide 'waterproof' : cosmopolitan et marieclaire généraux, marchands, forum ; peu de trafic (4 clics, dont 3 sur « waterproof » (pos. 25) en mars-oct. 2025)"
42207;Les meilleures crèmes anti-âge pour homme;https://meilleurtest.fr/comparatif-creme-anti-age-pour-homme/;crème;anti-âge, homme;technologie / sous-type, public visé;1;39156;Les meilleures crèmes anti-âge;https://meilleurtest.fr/comparatif-creme-anti-age/;B : intention spécifique selon les attributs, mais aucun guide spécialisé dans le top 5;meilleures crèmes anti-âge pour homme;0;;S?,S?,S?,S?,S?;florame.com — Crème Anti-Age Certifiée Bio Homme;avis-beaute.marieclaire.fr — 10 crèmes anti-âge pour homme à adopter pour une peau ...;clarins.fr — Crèmes Anti-Rides & Anti-Âge Homme;cosma-parfumeries.com — Crème anti-âge pour homme;horace.com — Faut-il utiliser des soins anti-âge;garder;Google : Sélection 'homme' en position 2 (avis-beaute.marieclaire.fr)
42205;Les meilleures crèmes amincissantes pour le ventre;https://meilleurtest.fr/comparatif-creme-amincissante-pour-le-ventre/;crème amincissante;ventre;usage / contexte;1;39710;Les meilleures crèmes amincissantes;https://meilleurtest.fr/comparatif-creme-amincissante/;C : intention spécifique et résultats mixtes (un seul guide spécialisé, pas en tête);meilleures crèmes amincissantes pour le ventre;1;;E+,G,S,O,E;shopping.cosmopolitan.fr — Ventre plat : les 5 crèmes minceur les plus efficaces sur le ...;quechoisir.org — Amincissants, raffermissants - Comparatif Substances ...;vitalya.fr — Quelle est la crème amincissante la plus efficace pour le ventre;clarins.ca — Minceur & Fermeté;pharmacieveau.fr — Crèmes amincissantes;garder;Google : Sélections 'ventre' en positions 1 et 3 (cosmopolitan, vitalya)
42192;Les meilleures crèmes contour des yeux éclaircissantes;https://meilleurtest.fr/comparatif-creme-contour-des-yeux-eclaircissante/;crème contour des yeux;éclaircissante;non classé;1;38005;Les meilleures crèmes contour des yeux;https://meilleurtest.fr/comparatif-creme-contour-des-yeux/;C : intention spécifique et résultats mixtes (un seul guide spécialisé, pas en tête);meilleures crèmes contour des yeux éclaircissantes;1;;G,S,E,G,G;vogue.fr — Les 39 meilleures crèmes pour les yeux pour un regard ...;harpersbazaar.fr — Les 10 meilleures crèmes qui éclaircissent réellement les ...;shopping.cosmopolitan.fr — Les meilleurs soins contour des yeux pour lutter contre les rides;nouvojour.fr — Les Meilleurs Contours des Yeux BIO : Sélection 2026;korean-skincare.fr — Les meilleures crèmes contour des yeux anti-rides;garder;Google : Sélection 'éclaircissantes' en position 2 (harpersbazaar.fr)
42092;Les meilleures crèmes dépilatoires zone intime pour les femmes;https://meilleurtest.fr/comparatif-creme-depilatoire-zone-intime-pour-les-femmes/;crème dépilatoire;femme, zone intime;public visé, non classé;1;39413;Les meilleures crèmes dépilatoires;https://meilleurtest.fr/comparatif-creme-depilatoire/;B : intention spécifique selon les attributs, mais aucun guide spécialisé dans le top 5;meilleures crèmes dépilatoires zone intime pour les femmes;0;;S?,G,O,E,F;lespetitsplaisirs.fr — Lot de 2 Crèmes dépilatoires - zones intimes;depileargile.fr — Quelle est la meilleure crème dépilatoire ? Classement du ...;quechoisir.org — Epilation - Comparatif Substances toxiques dans les ...;shopping.cosmopolitan.fr — Quelle est la meilleure crème dépilatoire pour une épilation ...;reddit.com — Selon vous, la meilleure crème dépilatoire indolore pour ...;privé;"Google : Aucun guide 'zone intime' : marchand, guides dépilatoires généraux, forum ; peu de trafic (1 clics, dont 0 sur « femme, zone intime » (pos. 26) en mars-oct. 2025)"
39329;Les meilleures crèmes hydratantes pour peau sèche;https://meilleurtest.fr/comparatif-creme-hydratante-pour-peau-seche/;crème hydratante;peau sèche;usage / contexte;1;37073;Les meilleures crèmes hydratantes;https://meilleurtest.fr/comparatif-creme-hydratante/;C : intention spécifique et résultats mixtes (un seul guide spécialisé, pas en tête);meilleures crèmes hydratantes pour peau sèche;1;;S?,S,G,O,S?;clarins.fr — Crèmes Hydratantes Visage Peaux Sèches;avis-beaute.marieclaire.fr — Meilleures Crèmes Hydratantes Peaux Sèches et ...;ricaud.com — Pour les peaux déshydratée quelle crème choisir;quechoisir.org — Dossier : Crème hydratante;laroche-posay.fr — Crème peau sèche à très sèche;à signaler;Doublon : Même intention que 42018 (visage peau très sèche), SERP quasi identique. (Google : garder)
42008;Les meilleures crèmes hydratantes corps pour peau très sèche;https://meilleurtest.fr/comparatif-creme-hydratante-corps-pour-peau-tres-seche/;crème hydratante;corps, peau très sèche;usage / contexte, non classé;2;38516;Les meilleures crèmes hydratantes pour le corps;https://meilleurtest.fr/comparatif-creme-hydratante-pour-corps/;C : intention spécifique et résultats mixtes (un seul guide spécialisé, pas en tête);meilleures crèmes hydratantes corps pour peau très sèche;1;;G,E+,S,E+,S?;quechoisir.org — Hydratants corporels - Comparatif Substances toxiques ...;shopping.cosmopolitan.fr — quelles sont les meilleures crèmes riches pour le corps;docmorris.fr — Les meilleures crèmes pour le corps 2025;newpharma.fr — Crème hydratante corps pour peau très sèche;beaute-test.com — 10 crèmes corps, notées 100/100 sur Yuka, pensées pour ...;privé;"Google : Aucun guide 'peau très sèche' : guides corps généraux, pharmacies ; peu de trafic (1 clics, dont 1 sur « peau très sèche » (pos. 52) en mars-oct. 2025)"
42018;Les meilleures crèmes hydratantes visage pour peau très sèche;https://meilleurtest.fr/comparatif-creme-hydratante-visage-pour-peau-tres-seche/;crème hydratante;peau très sèche, visage;non classé, usage / contexte;2;38343;Les meilleures crèmes hydratantes visage;https://meilleurtest.fr/comparatif-creme-hydratante-visage/;C : intention spécifique et résultats mixtes (un seul guide spécialisé, pas en tête);meilleures crèmes hydratantes visage pour peau très sèche;1;;S?,O,G,S?,S;clarins.fr — Crèmes Hydratantes Visage Peaux Sèches;quechoisir.org — Dossier : Crème hydratante;avis-beaute.marieclaire.fr — Meilleures Crèmes Hydratantes Peaux Sèches et ...;laroche-posay.fr — Crème peau sèche à très sèche;atida.fr — Top 5 : meilleurs crème hydratantes visage et soins corps;à signaler;Doublon : Même intention que 39329 (peau sèche), SERP quasi identique. (Google : privé)
38254;Les meilleures crèmes pour les mains abîmées;https://meilleurtest.fr/comparatif-creme-pour-mains-abimees/;crème pour les mains;abîmé;non classé;1;42669;Les meilleures crèmes pour les mains;https://meilleurtest.fr/comparatif-creme-pour-les-mains/;B : intention spécifique selon les attributs, mais aucun guide spécialisé dans le top 5;meilleures crèmes pour les mains abîmées;0;;E+,O,O,O,O;newpharma.fr — Crème hydratante pour les mains abimées (crevasses) ou ...;protection-des-mains.com — Crèmes professionnelles pour les Mains | PDM;leparisien.fr — Crèmes mains réparatrices : nos favorites pour l'hiver;avis-beaute.marieclaire.fr — 10 crèmes pour les mains notées 100/100 sur Yuka pour ...;quechoisir.org — Prendre soin de ses mains avec un large panel de crèmes;privé;"Google : 1 seul guide (leparisien 'réparatrices', pos. 3), reste marchand/général ; peu de trafic (1 clics en mars-oct. 2025)"
40133;Les meilleures crèmes réparatrices pour les pieds;https://meilleurtest.fr/comparatif-creme-reparatrice-pour-pieds/;crème pour pieds;réparatrice;non classé;1;39468;Les meilleures crèmes pour les pieds;https://meilleurtest.fr/comparatif-creme-pour-pieds/;B : intention spécifique selon les attributs, mais aucun guide spécialisé dans le top 5;meilleures crèmes réparatrices pour les pieds;0;;E,G,G,E+,F;shopping.cosmopolitan.fr — 11 crèmes ultra-efficaces pour prendre soin des pieds secs;quechoisir.org — Soins des pieds - Comparatif Substances toxiques dans ...;elle.fr — Les meilleures crèmes pour des pieds doux et lisses;parapharmadirect.com — Quelle est la crème réparatrice pour les pieds la plus ...;podialux.com — Quelle meilleure crème soin pour pieds en France et ...;privé;"Google : Aucun guide indépendant 'réparatrice' : sélections générales, parapharmadirect (Sm) ; aucun clic en 2025"
41159;Les meilleures crèmes solaires minérales;https://meilleurtest.fr/comparatif-creme-solaire-minerale/;crème solaire;minérale;matière / composition;1;37840;Les meilleures crèmes solaires;https://meilleurtest.fr/comparatif-creme-solaire/;C : intention spécifique et résultats mixtes (un seul guide spécialisé, pas en tête);meilleures crèmes solaires minérales;1;;E+,S?,G,S?,S;shopping.cosmopolitan.fr — Quelle est la meilleure crème solaire minérale;doctissimo.fr — Peau sensible : ces 9 crèmes solaires minérales 2026 ...;quechoisir.org — Produits solaires - Comparatif Substances toxiques dans ...;korean-skincare.fr — Crème solaire minérale 101 : ce qu'il faut savoir et quoi ...;sine-cosmetiques.fr — Les meilleures crèmes solaires minérales pour votre peau;garder;Google : Guides spécialisés en positions 1-2 (shopping.cosmopolitan, doctissimo)
36862;Les meilleures crèmes solaires pour bébés;https://meilleurtest.fr/comparatif-creme-solaire-bebe/;crème solaire;bébé;public visé;1;37840;Les meilleures crèmes solaires;https://meilleurtest.fr/comparatif-creme-solaire/;C : intention spécifique et résultats mixtes (un seul guide spécialisé, pas en tête);meilleures crèmes solaires pour bébés;1;;G,S,S?,E,O;quechoisir.org — Crèmes solaires enfant - Comparatif Substances toxiques ...;consobaby.com — Crème solaire bébé et enfant 2026 : comment bien choisir ...;blog.mademoiselle-bio.com — Crèmes solaires : 5 marques pour les bébés et les enfants;objectifbebebio.com — Quelle crème solaire choisir ? Le comparatif d' ...;perfumesclub.fr — 7 crèmes solaires pédiatriques recommandées par les ...;garder;Google : Guide spécialisé bébé en position 2 (consobaby.com)
42154;Les meilleures crèmes solaires teintées;https://meilleurtest.fr/comparatif-creme-solaire-teintee/;crème solaire;teintée;non classé;1;37840;Les meilleures crèmes solaires;https://meilleurtest.fr/comparatif-creme-solaire/;C : intention spécifique et résultats mixtes (un seul guide spécialisé, pas en tête);meilleures crèmes solaires teintées;1;;S?,S,S?,G,E+;laboratoires-biarritz.com — Protection solaire visage teintée;beautyjulia.com — top 7 des crèmes solaires teintées pour une peau parfaite;vogue.fr — 10 crèmes solaires teintées qui vont remplacer le fond de ...;quechoisir.org — Produits solaires - Comparatif Substances toxiques dans ...;shopping.cosmopolitan.fr — Quelle crème solaire teintée choisir pour protéger la peau;garder;Google : 3 guides spécialisés dont beautyjulia (pos. 2) et vogue (pos. 3)
39482;Les meilleures crèmes solaires visages anti-âge;https://meilleurtest.fr/comparatif-creme-solaire-visage-anti-age/;crème solaire;anti-âge, visage;technologie / sous-type, usage / contexte;2;37267;Les meilleures crèmes solaires visage;https://meilleurtest.fr/comparatif-creme-solaire-visage/;C : intention spécifique et résultats mixtes (un seul guide spécialisé, pas en tête);meilleures crèmes solaires visages anti-âge;1;;O,G,O,S?,S;doctissimo.fr — Après 40 ans, ignorer ces 8 crèmes solaires ...;quechoisir.org — Produits solaires - Comparatif Substances toxiques dans ...;vogue.fr — Les 11 crèmes solaires anti-rides les plus efficaces en 2026;dermalogica.fr — Crèmes solaires anti-âge : soins SPF;kreme-paris.com — Pourquoi choisir une crème solaire anti âge;privé;"Google : 1 seul guide 'anti-rides' (vogue, pos. 3) ; doctissimo vise '40 ans' ; aucun clic en 2025"
40190;Les meilleures crèmes teintées anti-rides;https://meilleurtest.fr/comparatif-creme-teintee-anti-rides/;crème teintée;anti-rides;technologie / sous-type;1;42589;Les meilleures crèmes teintées;https://meilleurtest.fr/comparatif-creme-teintee/;C : intention spécifique et résultats mixtes (un seul guide spécialisé, pas en tête);meilleures crèmes teintées anti-rides;1;;E+,O,G,G,S;amazon.fr — Crème Teintée Anti Rides;vogue.fr — 19 crèmes teintées aux actifs anti-âge pour activer son glow;parismatch.com — Les meilleures crèmes teintées pour un effet bonne mine;eucerin.fr — Comment choisir la meilleure crème teintée pour le visage;quechoisir.org — Anti-rides - Comparatif Substances toxiques dans les ...;garder;Google : Sélection vogue 'crèmes teintées anti-âge' en position 2
41145;Les meilleurs cuiseurs de riz japonais;https://meilleurtest.fr/comparatif-cuiseur-de-riz-japonais/;cuiseur à riz;japonais;technologie / sous-type;1;36993;Les meilleurs rice cooker;https://meilleurtest.fr/comparatif-rice-cooker/;B : intention spécifique selon les attributs, mais aucun guide spécialisé dans le top 5;meilleurs cuiseurs de riz japonais;0;;F,F,G,F,G;reddit.com — Vous avez quel cuiseur a riz ? : r/AskFrance;reddit.com — Quel est le meilleur cuiseur à riz que vous avez ou aviez ? ...;equipement-direct.fr — Guide d'Achat Cuiseurs à Riz Professionnels;facebook.com — Bonjour, Je souhaite acheter un cuiseur à riz pour 2-3;izidil.com — Meilleur cuiseur de riz 2026 : notre comparatif complet - iZiDiL;garder;"Trafic : 34 clics, dont 3 sur « japonais » (pos. 24) en mars-oct. 2025 ; Google seul : privé (Aucun guide 'japonais' : forums, facebook et guides cuiseurs généraux)"
38640;Les meilleures cuisinières vitrocéramiques;https://meilleurtest.fr/comparatif-cuisiniere-vitroceramique/;cuisinière;vitrocéramique;technologie / sous-type;1;38677;Les meilleures cuisinières;https://meilleurtest.fr/comparatif-cuisiniere/;C : intention spécifique et résultats mixtes (un seul guide spécialisé, pas en tête);meilleures cuisinières vitrocéramiques;1;;E,S,S?,G,E+;underdog.shop — Meilleure cuisinière 2026 : comparatif 60 millions ... - Underdog;electroguide.com — Les 7 meilleures cuisinières vitrocéramiques 2026;jequipemamaison.com — Cuisinière vitrocéramique;achetezlemeilleur.ca — Meilleure cuisinière électrique de 2026? Mon test complet ...;boulanger.com — Cuisinière vitrocéramique;garder;Trafic : 30 clics, dont 20 sur « vitrocéramique » (pos. 13) en mars-oct. 2025
39901;Les meilleurs cuissards vélos pour femme;https://meilleurtest.fr/comparatif-cuissard-velo-pour-femme/;cuissard;femme, vélo;public visé, usage / contexte;1;38436;Les meilleurs cuissards vélo;https://meilleurtest.fr/comparatif-cuissard-velo/;C : intention spécifique et résultats mixtes (un seul guide spécialisé, pas en tête);meilleurs cuissards vélos pour femme;1;;E+,F,S?,S,F;materiel-velo.com — Quels sont les 10 meilleurs cuissards vélo femme;instagram.com — “Quel est le meilleur cuissard vélo femme ?” Plutôt que de ...;ekoi.fr — French Days jusqu'à -60% | Cuissard Vélo;reines.art — Voici le Guide pour choisir un bon Cuissard vélo femme;reddit.com — Meilleurs cuissards cyclistes pour femmes conçus pour les ...;garder;"Trafic : 20 clics, dont 12 sur « femme » (pos. 32) en mars-oct. 2025 ; Google seul : privé (1 seul S (reines.art, pos. 4) ; materiel-velo marchand, forums)"
39544;Les meilleurs dashcam avant arrière;https://meilleurtest.fr/comparatif-dashcam-avant-arriere/;dashcam;avant arrière;technologie / sous-type;1;36840;Les meilleures dashcams;https://meilleurtest.fr/comparatif-dashcam/;B : intention spécifique selon les attributs, mais aucun guide spécialisé dans le top 5;meilleurs dashcam avant arrière;0;;E,G,G,F,F;norauto.fr — Quelle dashcam choisir ?;inter-car.fr — Meilleure dashcam voiture : top 10 des caméras embarquées;allcam.fr — Voici les 9 meilleures dashcams de 2026 - Allcam;youtube.com — Les Meilleures Dash Cams pour Voiture en 2026;reddit.com — Quelle est la meilleure dashcam selon vous;privé;"Google : Aucun guide 'avant arrière' : guides dashcam généraux, YouTube, Reddit ; peu de trafic (9 clics, dont 1 sur « avant arrière » (pos. 37) en mars-oct. 2025)"
42609;Les meilleurs dentifrices anti-tartres;https://meilleurtest.fr/comparatif-dentifrice-anti-tartre/;dentifrice;anti-tartre;technologie / sous-type;1;36530;Les meilleurs dentifrices;https://meilleurtest.fr/comparatif-dentifrice/;B : intention spécifique selon les attributs, mais aucun guide spécialisé dans le top 5;meilleurs dentifrices anti-tartres;0;;G,E+,G,E,O;vitalya.fr — Quel est le meilleur dentifrice pour enlever le tartre ? - Vitalya.fr;parapharmadirect.com — Dentifrice anti-tartre : Achat en ligne;quechoisir.org — Comment choisir du dentifrice - Guide d'achat;pharmashopi.com — Quel est le meilleur dentifrice pour le tartre ?;oralb.fr — Qu'est-ce que le tartre et la plaque dentaire;privé;"Google : Guide 'tartre' en position 1 (vitalya.fr, nature éditoriale à vérifier) — vérifié : vitalya.fr = boutique, donc privé ; aucun clic en 2025"
41155;Les meilleurs dentifrices bio;https://meilleurtest.fr/comparatif-dentifrice-bio/;dentifrice;bio;technologie / sous-type;1;36530;Les meilleurs dentifrices;https://meilleurtest.fr/comparatif-dentifrice/;C : intention spécifique et résultats mixtes (un seul guide spécialisé, pas en tête);meilleurs dentifrices bio;1;;G,S?,S?,S,G;quechoisir.org — Produits sans risque : Dentifrices - Comparatif Substances ...;mademoiselle-bio.com — Dentifrice naturel et bio pour la Belgique;doctissimo.fr — 20 dentifrices bio pour une hygiène parfaite;nouvojour.fr — Bien choisir son dentifrice bio avec ou sans fluor nos conseils;vitalya.fr — Quel est le dentifrice le plus sain pour la santé ? - Vitalya.fr;garder;"Trafic : 5 clics, dont 5 sur « bio » (pos. 7) en mars-oct. 2025 ; Google seul : privé (2 guides 'bio' : doctissimo (pos. 3) et nouvojour (pos. 4, à vérifier) — vérifié : nouvojour.fr = boutique, donc privé)"
38667;Les meilleures dictionnaires électroniques;https://meilleurtest.fr/comparatif-dictionnaire-electronique/;dictionnaire;électronique;technologie / sous-type;1;38868;Les meilleurs dictionnaires;https://meilleurtest.fr/comparatif-dictionnaire/;B : intention spécifique selon les attributs, mais aucun guide spécialisé dans le top 5;meilleures dictionnaires électroniques;0;;E+,E+,E+,O,E+;prix.net — Dictionnaire électronique - Comparez les prix et achetez ...;achatmoinscher.com — Dictionnaire électronique au meilleur prix - Consommables;cultura.com — Dictionnaire electronique;lerobert.com — Dictionnaire Le Grand Robert de la langue française;amazon.fr — Amazon.fr : Dictionnaire Electronique;garder;"Trafic : 26 clics, dont 26 sur « électronique » (pos. 2) en mars-oct. 2025 ; Google seul : privé (Top 5 entièrement marchand (comparateurs de prix, cultura, amazon, lerobert))"
38365;Les meilleurs dictionnaires francais arabes;https://meilleurtest.fr/comparatif-dictionnaire-francais-arabe/;dictionnaire;français-arabe;non classé;1;38868;Les meilleurs dictionnaires;https://meilleurtest.fr/comparatif-dictionnaire/;C : intention spécifique et résultats mixtes (un seul guide spécialisé, pas en tête);meilleurs dictionnaires francais arabes;1;;S?,S,F,E,G;dictionnaire.reverso.net — Dictionnaire français-arabe | Traduction arabe;apprendre-langue-arabe.fr — Dictionnaire français arabe : les 7 meilleurs comparés;reddit.com — C'est quoi le meilleur dictionnaire d'arabe;play.google.com — Arabe Français Dictionnaire – Applications sur ...;alimnee.com — Meilleurs dictionnaires en ligne pour l'arabe;garder;Google : Comparatif spécialisé en position 2 (apprendre-langue-arabe.fr), alimnee en 5
36902;Les meilleurs disques durs externes 4To;https://meilleurtest.fr/comparatif-disque-dur-externe-4to/;disque dur;4 To, externe;taille / capacité / quantité, technologie / sous-type;1;36462;Les meilleurs disques durs externes;https://meilleurtest.fr/comparatif-disque-dur-externe/;A : simple déclinaison, mais un guide spécialisé isolé dans le top 5;meilleurs disques durs externes 4To;1;;E+,E+,S,S?,F;macway.com — Disque dur Externe 4To - Livraison Rapide;materiel.net — Disque dur externe 4 To;lesnumeriques.com — Quels sont les meilleurs disques durs / SSD externes ? ...;quechoisir.org — Disques durs externes - Toujours plus de capacité ...;reddit.com — Disque dur externe - Quelle est la meilleure recommandation;garder;"Trafic : 0 clics, dont 0 sur « 4 To » (pos. 17) en mars-oct. 2025 ; Google seul : privé (Aucun guide '4 To' : marchands, lesnumeriques général, actualité quechoisir, forum)"
37603;Les meilleurs disques durs externes pour PS4;https://meilleurtest.fr/comparatif-disque-dur-externe-pour-ps4/;disque dur;externe, PS4;technologie / sous-type, technologie / sous-type;1;36462;Les meilleurs disques durs externes;https://meilleurtest.fr/comparatif-disque-dur-externe/;C : intention spécifique et résultats mixtes (un seul guide spécialisé, pas en tête);meilleurs disques durs externes pour PS4;1;;F,S,G,E+,E+;reddit.com — Meilleur disque dur externe pour PS4;bfmtv.com — Meilleurs disques durs externes PS4 : avis et expérience;fr.cnet.com — Les meilleurs disques durs et SSD pour PC, Mac ...;macway.com — Disque SSD pour PS4;amazon.fr — Disque Dur Externe Ps4;garder;Trafic : 0 clics, dont 0 sur « PS4 » (pos. 18) en mars-oct. 2025
40478;Les meilleures doudounes Jott;https://meilleurtest.fr/comparatif-doudoune-jott/;doudoune;Jott;marque;1;42616;Les meilleures doudounes;https://meilleurtest.fr/comparatif-doudoune/;A : simple déclinaison, mais un guide spécialisé isolé dans le top 5;meilleures doudounes Jott;1;;E+,E,E,S,F;jott.com — JOTT : Doudounes, vêtements & accessoires;jott.com — Doudounes Femme;jott.com — Doudounes Homme;leparisien.fr — JOTT, UNIQLO, The North Face... : quelle est la meilleure ...;60millions-mag.com — mauvaise qualité doudoune JOTT - Forum;garder;"Trafic : 11 clics, dont 5 sur « Jott » (pos. 14) en mars-oct. 2025 ; Google seul : privé (Top 3 = jott.com ; leparisien compare plusieurs marques ; forum)"
41915;Les meilleures doudounes chaudes pour femme;https://meilleurtest.fr/comparatif-doudoune-chaude-pour-femme/;doudoune;chaude, femme;technologie / sous-type, public visé;2;37312;Les meilleures doudounes pour femme;https://meilleurtest.fr/comparatif-doudoune-pour-femme/;B : intention spécifique selon les attributs, mais aucun guide spécialisé dans le top 5;meilleures doudounes chaudes pour femme;0;;F,E+,E,S?,G;pyrenex.com — Doudoune femme, chaude et de qualité | Pyrenex – Page 2;decathlon.fr — Meilleure doudoune femme chaude;hardloop.fr — Les 10 meilleures doudounes | Hardloop Magazine;columbiasportswear.fr — Doudoune chaude femme | Columbia Sportswear®;leparisien.fr — JOTT, UNIQLO, The North Face... : quelle est la meilleure ...;privé;"Google : Marques/marchands et guides généraux, aucun guide éditorial 'chaude' ; peu de trafic (3 clics, dont 0 sur « chaude » (pos. 28) en mars-oct. 2025)"
42519;Les meilleures doudounes de randonnée pour femme;https://meilleurtest.fr/comparatif-doudoune-de-randonnee-pour-femme/;doudoune;femme, randonnée;public visé, usage / contexte;2;37312;Les meilleures doudounes pour femme;https://meilleurtest.fr/comparatif-doudoune-pour-femme/;B : intention spécifique selon les attributs, mais aucun guide spécialisé dans le top 5;meilleures doudounes de randonnée pour femme;0;;E,E+,G,S?,S?;hardloop.fr — Les 10 meilleures doudounes | Hardloop Magazine;snowleader.com — Doudounes randonnée femme;blog.aventurenordique.com — Comment choisir une doudoune chaude et légère;millet.com — Doudoune randonnée femme - Millet;chullanka.com — Doudoune de randonnée;privé;"Google : Marchands et guides généraux, aucun guide 'randonnée femme' ; aucun clic en 2025"
38087;Les meilleures doudounes longues pour femme;https://meilleurtest.fr/comparatif-doudoune-longue-pour-femme/;doudoune;femme, longue;public visé, taille / capacité / quantité;2;37312;Les meilleures doudounes pour femme;https://meilleurtest.fr/comparatif-doudoune-pour-femme/;A : simple déclinaison, mais un guide spécialisé isolé dans le top 5;meilleures doudounes longues pour femme;1;;F,S,S?,G,E;pyrenex.com — Nos meilleurs doudounes et parkas femme;marieclaire.fr — Les marques de doudoune auxquelles on fait confiance;galerieslafayette.com — Doudounes femme;leparisien.fr — JOTT, UNIQLO, The North Face... : quelle est la meilleure ...;hardloop.fr — Les 10 meilleures doudounes | Hardloop Magazine;privé;"Google : Aucun guide 'doudoune longue' : marques et guides généraux ; aucun clic en 2025"
40458;Les meilleures draisiennes Puky;https://meilleurtest.fr/comparatif-draisienne-puky/;draisienne;Puky;marque;1;37425;Les meilleures draisiennes;https://meilleurtest.fr/comparatif-draisienne/;A : simple déclinaison, mais un guide spécialisé isolé dans le top 5;meilleures draisiennes Puky;1;;E+,S?,S,G,G;puky.de — Draisiennes PUKY – L'introduction idéale à la mobilité;lespetitsbaroudeurs.com — Draisienne Puky et vélo;lecyclo.com — Quelle draisienne Berg, Puky, Polisport, Rebel Kidz & Dip ...;je-suis-papa.ouest-france.fr — Comparatif des meilleures draisiennes avec frein - Je suis papa;transitionvelo.com — Draisienne enfant : choisir le bon modèle;privé;"Google : Aucun guide Puky : site de marque, marchands, guides draisiennes généraux ; aucun clic en 2025"
39235;Les meilleures draisiennes en bois;https://meilleurtest.fr/comparatif-draisienne-bois/;draisienne;bois;matière / composition;1;37425;Les meilleures draisiennes;https://meilleurtest.fr/comparatif-draisienne/;C : intention spécifique et résultats mixtes (un seul guide spécialisé, pas en tête);meilleures draisiennes en bois;1;;S?,E+,G,S,G;gibuscycles.com — Draisienne bois : pourquoi l'éviter;lesjouetsenbois.com — Draisiennes, trottinettes, tricycles et vélos en bois;blog.roulezjeunesse.com — Draisienne dès 18 mois : top 5 des meilleurs modèles enfants ...;je-suis-papa.ouest-france.fr — Comparatif des meilleures draisiennes en bois - Je suis papa;lespetitsbaroudeurs.com — Comment choisir la draisienne idéale ?;privé;"Google : 1 seul guide spécialisé (je-suis-papa, pos. 4), reste marchand/général ; aucun clic en 2025"
38242;Les meilleures draisiennes électriques;https://meilleurtest.fr/comparatif-draisienne-electrique/;draisienne;électrique;technologie / sous-type;1;37425;Les meilleures draisiennes;https://meilleurtest.fr/comparatif-draisienne/;B : intention spécifique selon les attributs, mais aucun guide spécialisé dans le top 5;meilleures draisiennes électriques;0;;F,E+,E+,E+,F;youtube.com — Quelle draisienne électrique choisir ? Comparatif & top 10 ...;avis-station-electrique-portable.com — Les meilleures draisiennes électriques pour adulte;leclaireur.fnac.com — Draisiennes électriques : trois modèles pour changer vos ...;draisienne-electrique-adulte.fr — Quelle est la meilleure draisienne électrique adulte ?;youtube.com — BEST ELECTRIC BALANCE BIKES – TOP 3 COMPARISON;à signaler;Autre produit : À vérifier : Google comprend draisienne électrique adulte (engin de mobilité), pas draisienne enfant (Google : garder)
41812;Les meilleurs draps housses en jersey;https://meilleurtest.fr/comparatif-drap-housse-en-jersey/;drap-housse;jersey;matière / composition;1;37766;Les meilleurs drap-housses;https://meilleurtest.fr/comparatif-drap-housse/;C : intention spécifique et résultats mixtes (un seul guide spécialisé, pas en tête);meilleurs draps housses en jersey;1;;S?,S?,S,E+,G;dodo.fr — Drap housse en jersey - DODO;francoisesaget.com — Drap housse en jersey;carreblanc.com — Drap housse en jersey ou en coton : quel est le mieux ?;linandelle.com — Drap housse coton 120 fils jersey extensible DOUCEUR;actu.fr — Les meilleurs draps-housses, notre comparatif 2026;privé;"Google : Aucun S : carreblanc (marque) seul guide 'jersey', reste marchand ; aucun clic en 2025"
41823;Les meilleurs draps housses en percale de coton;https://meilleurtest.fr/comparatif-drap-housse-en-percale-de-coton/;drap-housse;percale de coton;non classé;1;37766;Les meilleurs drap-housses;https://meilleurtest.fr/comparatif-drap-housse/;B : intention spécifique selon les attributs, mais aucun guide spécialisé dans le top 5;meilleurs draps housses en percale de coton;0;;G,S?,G,S?,S?;garnier-thiebaut.fr — Meilleurs Draps Housses Percale en 2026;le-drap-francais.com — Linge de lit en Percale de coton bio;actu.fr — Les meilleurs draps-housses, notre comparatif 2026;litierfrancais.com — Drap housse percale de coton;textura-interiors.com — Drap-housse ajustable en coton percale 180 fils Best 2;privé;"Google : Aucun S : garnier-thiebaut (marque) seul guide 'percale', reste marchand/général ; aucun clic en 2025"
41854;Les meilleurs dressings d'angle;https://meilleurtest.fr/comparatif-dressing-dangle/;dressing;angle;technologie / sous-type;1;41818;Les meilleurs dressings;https://meilleurtest.fr/comparatif-dressing/;B : intention spécifique selon les attributs, mais aucun guide spécialisé dans le top 5;meilleurs dressings d'angle;0;;S?,E+,S?,E+,S?;mobalpa.fr — Dressing d'angle : comment l'aménager ?;leroymerlin.fr — Dressing d'angle;nateoconcept.com — Dressing d'Angle en Chêne Massif;fr.pinterest.com — Découvrez 38 idées dressing d'angle;vente-unique.com — Dressing d'angle pas cher;privé;"Google : Aucun guide d'achat : marchands, conseil d'aménagement mobalpa, pinterest ; aucun clic en 2025"
37151;Les meilleurs drones caméra;https://meilleurtest.fr/comparatif-drone-camera/;drone;caméra;non classé;1;37686;Les meilleurs drones;https://meilleurtest.fr/comparatif-drone/;C : intention spécifique et résultats mixtes (un seul guide spécialisé, pas en tête);meilleurs drones caméra;1;;E+,G,G,G,S;boutique.dji-paris.com — Drones-caméras - boutique DJI Paris;lesnumeriques.com — Quels sont les meilleurs drones pour la photo et la vidéo ? ...;bienchoisirsondrone.fr — Bien choisir son drone Comparateur pour acheter votre drone ...;lartdelaphoto.fr — Meilleur drone photo : notre sélection 2026, du Neo au Mavic;studiosport.fr — Guide d'achat, les meilleurs drones avec caméra;garder;Google : Guides 'photo/vidéo' : lesnumeriques (pos. 2) et lartdelaphoto (pos. 4)
41281;Les meilleurs drones d'intérieur;https://meilleurtest.fr/comparatif-drone-dinterieur/;drone;intérieur;usage / contexte;1;37686;Les meilleurs drones;https://meilleurtest.fr/comparatif-drone/;C : intention spécifique et résultats mixtes (un seul guide spécialisé, pas en tête);meilleurs drones d'intérieur;1;;F,G,F,S,E+;youtube.com — TOP 3: Best Indoor Drone;studiosport.fr — Comment bien choisir son mini drone;reddit.com — Le meilleur drone FPV qui est aussi stable pour voler en ...;dronepascher.fr — Les 7 meilleurs drones d'intérieur en 2026 | Avis et Tests;leclaireur.fnac.com — Bien choisir son drone d'intérieur;privé;"Google : 1 seul S (dronepascher, pos. 4) ; fnac marchand, vidéo, forum ; aucun clic en 2025"
37773;Les meilleurs drones suiveurs;https://meilleurtest.fr/comparatif-drone-suiveur/;drone;suiveur;non classé;1;37686;Les meilleurs drones;https://meilleurtest.fr/comparatif-drone/;C : intention spécifique et résultats mixtes (un seul guide spécialisé, pas en tête);meilleurs drones suiveurs;1;;O,S,G,E+,G;studiosport.fr — Un drone qui vous filme grâce à la fonction de suivi;sport-passion.fr — Avis et comparatif des meilleurs drones suiveurs 2026 pour ...;drone-technologie.fr — Quel Drone Choisir pour le Suivi;idealo.fr — Drone Suiveur sur idealo.fr;maisondudrone.com — Meilleur drone 2026 : comparatif des 9 meilleurs modèles;garder;Google : Comparatifs 'suiveurs' en positions 2 et 3 (sport-passion, drone-technologie)
38832;Les meilleures débroussailleuses 4-en-1;https://meilleurtest.fr/comparatif-debroussailleuse-4-1/;débroussailleuse;4-en-1;technologie / sous-type;1;37909;Les meilleures débroussailleuses;https://meilleurtest.fr/comparatif-debroussailleuse/;B : intention spécifique selon les attributs, mais aucun guide spécialisé dans le top 5;meilleures débroussailleuses 4-en-1;0;;E+,E+,G,F,G;leroymerlin.fr — Debroussailleuse 4 en 1 au meilleur prix;idealo.fr — Debroussailleuse Thermique 4 EN 1 - Coupe-bordures ...;cleva-services.fr — Meilleures Débroussailleuses en 2026 : Comparatif (2026);jardimax.com — Comment bien choisir sa débroussailleuse - Notre top 5;lineonline.fr — Débroussailleuse 4 temps | Guide définitif 2026 - Lineonline.fr;privé;"Google : Marchands et guides généraux ; lineonline vise '4 temps', pas '4 en 1' ; peu de trafic (11 clics, dont 0 sur « 4-en-1 » (pos. 44) en mars-oct. 2025)"
39180;Les meilleures débroussailleuses à batterie;https://meilleurtest.fr/comparatif-debroussailleuse-a-batterie/;débroussailleuse;batterie;non classé;1;37909;Les meilleures débroussailleuses;https://meilleurtest.fr/comparatif-debroussailleuse/;C : intention spécifique et résultats mixtes (un seul guide spécialisé, pas en tête);meilleures débroussailleuses à batterie;1;;F,S?,S?,S,G;youtube.com — TOP—5. Meilleures débroussailleuses sans fil. Test & ...;agrieuro.fr — Débroussailleuse à Batterie - Promotions AgriEuro 2026;equipjardin.com — Débroussailleuse Batterie Puissante;systemed.fr — Banc d'essai : six débroussailleuses électriques sur batterie;lebontri.fr — Meilleure débroussailleuse 2026 : top 10 comparatif et avis;garder;"Trafic : 120 clics, dont 44 sur « batterie » (pos. 11) en mars-oct. 2025 ; Google seul : privé (1 seul guide spécialisé (systemed, pos. 4), reste marchand/vidéo/général)"
38615;Les meilleures débroussailleuses à dos;https://meilleurtest.fr/comparatif-debroussailleuse-a-dos/;débroussailleuse;dos;usage / contexte;1;37909;Les meilleures débroussailleuses;https://meilleurtest.fr/comparatif-debroussailleuse/;B : intention spécifique selon les attributs, mais aucun guide spécialisé dans le top 5;meilleures débroussailleuses à dos;0;;S?,G,F,F,E+;agrieuro.fr — Débroussailleuses À Dos - Offres AgriEuro;lineonline.fr — Meilleure débroussailleuse: choisissez les plus vendues de ...;motoculture-jardin.com — Le Forum de la Motoculture > choix debroussailleuse à dos;jardimax.com — Comment bien choisir sa débroussailleuse - Notre top 5;leroymerlin.fr — Debroussailleuse a dos au meilleur prix;garder;"Trafic : 21 clics, dont 8 sur « dos » (pos. 15) en mars-oct. 2025 ; Google seul : privé (Aucun guide 'à dos' : marchands, forum, guides généraux)"
39740;Les meilleures tondeuses débroussailleuses;https://meilleurtest.fr/comparatif-tondeuse-debroussailleuse/;débroussailleuse;à roues;technologie / sous-type;1;37909;Les meilleures débroussailleuses;https://meilleurtest.fr/comparatif-debroussailleuse/;B : intention spécifique selon les attributs, mais aucun guide spécialisé dans le top 5;meilleures tondeuses débroussailleuses;0;;G,O,O,G,E;thomas-sa.fr — Les meilleures tondeuses débroussailleuses pour ...;jardins-loisirs.com — Tondeuses Débroussailleuses Honda, Husqvarna …;univert.fr — Tondeuses débroussailleuses;blog.agrieuro.fr — Guide d'Achat de Tondeuse Débroussailleuse Thermique;oogarden.com — Quelle tondeuse débroussailleuse choisir en 2025;garder;"Trafic : 36 clics en mars-oct. 2025 ; Google seul : privé (Aucun guide indépendant : 3 guides marchands (thomas-sa, agrieuro, oogarden))"
40336;Les meilleurs démaquillants peau mixte;https://meilleurtest.fr/comparatif-demaquillant-peau-mixte/;démaquillant;peau mixte;usage / contexte;1;38355;Les meilleurs démaquillants;https://meilleurtest.fr/comparatif-demaquillant/;C : intention spécifique et résultats mixtes (un seul guide spécialisé, pas en tête);meilleurs démaquillants peau mixte;1;;G,G,S?,G,S;uriage.fr — Quel démaquillant en fonction de mon type de peau ?;elle.fr — Quel démaquillant choisir selon son type de peau ?;parfumdo.com — Une bonne routine de démaquillage pour la peau mixte;quechoisir.org — Démaquillants visage - Comparatif Substances toxiques ...;demakup.com — Peau mixte : quelle routine démaquillage ?;privé;"Google : Aucun guide 'peau mixte' : guides par type de peau, routines de marques ; aucun clic en 2025"
37461;Les meilleurs détecteurs de fumée connectés;https://meilleurtest.fr/comparatif-detecteur-de-fumee-connecte/;détecteur de fumée;connecté;technologie / sous-type;1;37089;Les meilleurs détecteurs de fumée;https://meilleurtest.fr/comparatif-detecteur-de-fumee/;B : intention spécifique selon les attributs, mais aucun guide spécialisé dans le top 5;meilleurs détecteurs de fumée connectés;0;;G,S?,F,S?,G;quechoisir.org — Comment choisir son détecteur de fumée - Guide d'achat;leparisien.fr — 4 détecteurs de fumée connectés: alertes smartphone et ...;youtube.com — 7 Meilleurs Détecteurs de Fumée et Monoxyde de Carbone ...;domadoo.fr — Détecteurs de fumée connectés;capital.fr — Les meilleurs détecteurs de fumée - Comparatif 2026;garder;Google : Sélection 'connectés' de leparisien en position 2
39087;Les meilleurs e-liquides bios;https://meilleurtest.fr/comparatif-e-liquide-bio/;e-liquide;bio;technologie / sous-type;1;36672;Les meilleurs e-liquides;https://meilleurtest.fr/comparatif-e-liquide/;C : intention spécifique et résultats mixtes (un seul guide spécialisé, pas en tête);meilleurs e-liquides bios;1;;S?,S,G,S?,S?;lepetitvapoteur.com — E liquide bio naturel à la glycérine végétale (VG) ou Végétol;maily-quid.com — Découvrez les qualités des meilleurs e liquides bio français;nicovip.com — E-liquide : Guide complet + 500+ saveurs pas cher;taklope.com — Tout sur le E-liquide Bio;ecigplanete.com — E-liquides Bio Pure France : toute la gamme;privé;"Google : Aucun S : maily-quid (fabricant, pos. 2) et taklope sont marchands ; peu de trafic (1 clics, dont 1 sur « bio » (pos. 36) en mars-oct. 2025)"
40235;Les meilleures enceintes TV;https://meilleurtest.fr/comparatif-enceinte-tv/;enceinte;TV;technologie / sous-type;1;39422;Les meilleures enceintes;https://meilleurtest.fr/comparatif-enceinte/;C : intention spécifique et résultats mixtes (un seul guide spécialisé, pas en tête);meilleures enceintes TV;1;;E,G,S,F,E;laboutiquederic.com — Quelles enceintes stéréo amplifiées choisir pour ma ...;lesnumeriques.com — Enceintes - Actualités, Tests et Comparatifs;ericboisseau.com — Comment choisir ses enceintes TV - Audio-Vidéo et TV;reddit.com — Meilleurs enceintes pour regarder la télé;cobra.fr — Les meilleures enceintes HiFi actives compactes;privé;"Google : 1 seul guide 'enceintes TV' (ericboisseau, pos. 3), reste marchand/forum ; aucun clic en 2025"
41188;Les meilleures enceintes actives;https://meilleurtest.fr/comparatif-enceinte-active/;enceinte;active;technologie / sous-type;1;39422;Les meilleures enceintes;https://meilleurtest.fr/comparatif-enceinte/;C : intention spécifique et résultats mixtes (un seul guide spécialisé, pas en tête);meilleures enceintes actives;1;;E+,S,E,G,F;cobra.fr — Les meilleures enceintes HiFi actives compactes;lesnumeriques.com — Quelles sont les meilleures paires d'enceintes stéréo ...;lab.fnac.com — Labo Fnac - comparateur;sonomedoc.fr — Meilleure enceinte amplifiée : guide comparatif 2026;reddit.com — Dans quelle mesure les meilleures enceintes actives se ...;privé;"Google : Pas de S : cobra, sonomedoc marchands ; titre lesnumeriques tronqué sans 'actives' ; peu de trafic (1 clics, dont 1 sur « active » (pos. 43) en mars-oct. 2025)"
37472;Les meilleures enceintes d'extérieur;https://meilleurtest.fr/comparatif-enceinte-d-exterieur/;enceinte;extérieur;usage / contexte;1;39422;Les meilleures enceintes;https://meilleurtest.fr/comparatif-enceinte/;C : intention spécifique et résultats mixtes (un seul guide spécialisé, pas en tête);meilleures enceintes d'extérieur;1;;F,F,E,E,S;reddit.com — Meilleure configuration de haut-parleurs d'extérieur pour le ...;reddit.com — Suggestions pour un système de haut-parleurs extérieurs ...;blog.son-video.com — Comparatifs - Page 2 sur 2 - Son-Vidéo.com le Blog;fr.jbl.com — Comment la véritable réduction de bruit adaptative fixe de ...;enceintesbluetooth.com — Top 10 Meilleures Enceinte Bluetooth pour Extérieur - 2026;privé;"Google : 1 seul guide (enceintesbluetooth.com, pos. 5), Reddit en tête ; peu de trafic (2 clics, dont 0 sur « extérieur » (pos. 34) en mars-oct. 2025)"
41897;Les meilleures enceintes hifi haut de gamme;https://meilleurtest.fr/comparatif-enceinte-hifi-haut-de-gamme/;enceinte;haut de gamme, hifi;prix, technologie / sous-type;2;41901;Les meilleures enceintes hifi;https://meilleurtest.fr/comparatif-enceinte-hifi/;A : simple déclinaison, mais un guide spécialisé isolé dans le top 5;meilleures enceintes hifi haut de gamme;1;;E+,S,E+,E+,E+;hifi.fr — Enceinte Hifi haut de gamme : colonne, bibliothèque;maplatine.com — Le guide des enceintes HiFi haut de gamme;hifilink.fr — Enceintes bibliothèques haut de gamme;blog.son-video.com — Les meilleures enceintes hi-fi haut de gamme : le luxe au ...;hautefidelite-hifi.com — Enceintes Hi-Fi – Tests, avis et sélection haut de gamme;garder;Trafic : 24 clics, dont 11 sur « haut de gamme » (pos. 45) en mars-oct. 2025
42017;Les meilleures enceintes bibliothèques Hi-Fi;https://meilleurtest.fr/comparatif-enceinte-bibliotheque-hi-fi/;enceinte bibliothèque;Hi-Fi;technologie / sous-type;1;39292;Les meilleures enceintes bibliothèques;https://meilleurtest.fr/comparatif-enceinte-bibliotheque/;B : intention spécifique selon les attributs, mais aucun guide spécialisé dans le top 5;meilleures enceintes bibliothèques Hi-Fi;0;;O,E,O,E,F;hifi.fr — Enceintes bibliothèque Hifi haut de gamme;cobra.fr — Enceintes bibliothèque HiFi : compactes ou audiophiles;trianglehifi.fr — Enceintes Bibliothèques Haute Fidélité;blog.son-video.com — Comparatif des meilleures enceintes bibliothèque 2026;youtube.com — COMPARATIF ENCEINTES BIBLIOTHÈQUES - DE 1600€;à signaler;Doublon : Enceinte bibliothèque = enceinte hi-fi par nature : même intention que le multi (Google : privé)
38885;Les meilleures enceintes colonnes bluetooth;https://meilleurtest.fr/comparatif-enceinte-colonne-bluetooth/;enceinte colonne;bluetooth;technologie / sous-type;1;37417;Les meilleures enceintes colonnes;https://meilleurtest.fr/comparatif-enceinte-colonne/;B : intention spécifique selon les attributs, mais aucun guide spécialisé dans le top 5;meilleures enceintes colonnes bluetooth;0;;O,E,G,G,E;hifi.fr — Enceintes colonne Hifi haut de gamme;laboutiquederic.com — Enceintes colonnes;renaissens.com — Les meilleures enceintes colonne du marché;guide-achat.lefigaro.fr — Quelles sont les meilleures enceintes colonnes de 2026 ?;blog.son-video.com — Comparatif des meilleures enceintes colonne 2026;privé;"Google : Aucun guide 'colonne bluetooth' : marchands et guides colonnes généraux ; peu de trafic (2 clics, dont 2 sur « bluetooth » (pos. 20) en mars-oct. 2025)"
40014;Les meilleurs extracteurs de jus horizontaux;https://meilleurtest.fr/comparatif-extracteur-de-jus-horizontal/;extracteur de jus;horizontal;non classé;1;37460;Les meilleurs extracteurs de jus;https://meilleurtest.fr/comparatif-extracteur-de-jus/;C : intention spécifique et résultats mixtes (un seul guide spécialisé, pas en tête);meilleurs extracteurs de jus horizontaux;1;;S?,G,S,G,G;nature-vitalite.com — Extracteur de jus horizontal;quechoisir.org — Extracteur de jus - Guide d'achat;extracteurdejus.com — Meilleurs extracteurs de jus horizontaux (simple vis);conservation-nature.fr — Meilleur Extracteur de Jus : Guide et Comparatif 2026;lesnumeriques.com — Comparatif / 9 extracteurs de jus testés Septembre 2026;privé;"Google : 1 seul guide 'horizontaux' (extracteurdejus.com, pos. 3), reste général/marchand ; peu de trafic (2 clics, dont 2 sur « horizontal » (pos. 42) en mars-oct. 2025)"
39182;Les meilleurs eyeliners magnétiques;https://meilleurtest.fr/comparatif-eyeliner-magnetique/;eyeliner;magnétique;technologie / sous-type;1;37855;Les meilleurs eyeliners;https://meilleurtest.fr/comparatif-eyeliner/;C : intention spécifique et résultats mixtes (un seul guide spécialisé, pas en tête);meilleurs eyeliners magnétiques;1;;E+,S?,S,E+,F;amazon.fr — Amazon.fr : Eye-liner Magnétique;institutlaugier.com — Kit faux-cils magnétiques et Gel Eyeliner Ardell – 110;kleo-beaute.com — Crash Test : Les Faux Cils Magnétiques sur EyeLiner !;laboutiqueducoiffeur.com — Eyeliner magnétique | laboutiqueducoiffeur.com;youtube.com — JE TESTE LES FAUX CILS EYELINER MAGNETIQUES ! (et c ...;à signaler;Autre produit : Eyeliner servant à fixer des faux-cils magnétiques (accessoire de faux-cils) (Google : privé)
38245;Les meilleurs fauteuils club;https://meilleurtest.fr/comparatif-fauteuil-club/;fauteuil;club;non classé;1;38826;Les meilleurs fauteuils;https://meilleurtest.fr/comparatif-fauteuil/;C : intention spécifique et résultats mixtes (un seul guide spécialisé, pas en tête);meilleurs fauteuils club;1;;S?,E+,S,O,E+;rochembeau.fr — L'indémodable fauteuil Club cuir haut de gamme - Rochembeau;monfauteuilclub.com — Achat fauteuil club : comment bien choisir en 2026;ateliergru.com — Reconnaitre et choisir son fauteuil club sans se tromper;rochembeau.fr — Prix fauteuil & canapé cuir : comprendre les écarts de qualité;atelier-du-club.fr — Choisir un fauteuil club cuir : guide complet;privé;"Google : Aucun S : guides de marchands/artisans (monfauteuilclub, ateliergru, atelier-du-club) ; aucun clic en 2025"
41843;Les meilleurs fauteuils crapaud;https://meilleurtest.fr/comparatif-fauteuil-crapaud/;fauteuil;crapaud;non classé;1;38826;Les meilleurs fauteuils;https://meilleurtest.fr/comparatif-fauteuil/;B : intention spécifique selon les attributs, mais aucun guide spécialisé dans le top 5;meilleurs fauteuils crapaud;0;;S?,E+,S?,E+,S?;saulaie.com — Fauteuil crapaud personnalisable - Fabrication haut de ...;lionshome.fr — Fauteuils crapauds (2026) Meilleures Ventes;vente-unique.com — Fauteuil Crapaud;idmarket.com — Comment choisir son fauteuil crapaud;amadeco.fr — Le fauteuil crapaud, mémoire du Second Empire dans nos ...;privé;"Google : Aucun S : marchands, guide idmarket (marchand), article historique amadeco ; peu de trafic (1 clics, dont 1 sur « crapaud » (pos. 26) en mars-oct. 2025)"
41841;Les meilleurs fauteuils en cuir;https://meilleurtest.fr/comparatif-fauteuil-en-cuir/;fauteuil;cuir;matière / composition;1;38826;Les meilleurs fauteuils;https://meilleurtest.fr/comparatif-fauteuil/;B : intention spécifique selon les attributs, mais aucun guide spécialisé dans le top 5;meilleurs fauteuils en cuir;0;;E,S?,S?,S?,S?;cuircenter.com — Fauteuils;lamaisonducanape.com — Fauteuil cuir moderne : design contemporain & confort;chaisier.fr — Fauteuil Cuir de Qualité Supérieure à Prix Compétitif;beliani.fr — Fauteuils en cuir jusqu'à 50 % de réduction;rochembeau.fr — L'indémodable fauteuil Club cuir haut de gamme - Rochembeau;privé;"Google : Top 5 entièrement marchand (cuircenter, lamaisonducanape, chaisier, beliani, rochembeau) ; aucun clic en 2025"
37358;Les meilleurs fauteuils de bureau ergonomique;https://meilleurtest.fr/comparatif-fauteuil-de-bureau-ergonomique/;fauteuil de bureau;ergonomique;technologie / sous-type;1;39767;Les meilleurs fauteuils de bureau;https://meilleurtest.fr/comparatif-fauteuil-de-bureau/;C : intention spécifique et résultats mixtes (un seul guide spécialisé, pas en tête);meilleurs fauteuils de bureau ergonomique;1;;S?,E+,S,F,S?;flexispot.fr — Chaise Ergonomique - Confort & Soutien pour Bureau;chaisebureau365.fr — Chaises ergonomiques;redesk.fr — Chaise de bureau comparatif 2026 : les meilleures ...;reddit.com — r/developpeurs - Quelle est la meilleure chaise ergonomique;desktronic.fr — Chaises de bureau ergonomiques avec soutien lombaire;privé;"Google : Aucun guide 'ergonomique' visible : marques/marchands, comparatif général redesk, forum ; peu de trafic (1 clics, dont 0 sur « ergonomique » (pos. 63) en mars-oct. 2025)"
39091;Les meilleurs fers à boucler pour cheveux épais;https://meilleurtest.fr/comparatif-fer-a-boucler-pour-cheveux-epais/;fer à boucler;cheveux épais;non classé;1;37506;Les meilleurs fers à boucler;https://meilleurtest.fr/comparatif-fer-a-boucler/;B : intention spécifique selon les attributs, mais aucun guide spécialisé dans le top 5;meilleurs fers à boucler pour cheveux épais;0;;G,G,O,F,G;bfmtv.com — Test complet des meilleurs fers à boucler;vogue.fr — Quels sont les meilleurs boucleurs pour cheveux en 2026 ?;notino.fr — Trouvez votre fer à boucler idéal;youtube.com — Les 5 Meilleurs Fers à Boucler;coifferie.com — Comment choisir son fer à friser?;garder;"Trafic : 26 clics, dont 15 sur « cheveux épais » (pos. 5) en mars-oct. 2025 ; Google seul : privé (Aucun guide 'cheveux épais' : tests généraux (bfmtv, vogue), marchands, vidéo)"
39026;Les meilleurs foies gras en conserve;https://meilleurtest.fr/comparatif-foie-gras-conserve/;foie gras;conserve;non classé;1;38627;Les meilleurs foies gras;https://meilleurtest.fr/comparatif-foie-gras/;C : intention spécifique et résultats mixtes (un seul guide spécialisé, pas en tête);meilleurs foies gras en conserve;1;;G,G,S,G,G;comtessedubarry.com — Quel est le meilleur foie gras ?;fermebastebieille.com — Quel est le meilleur foie gras artisanal en 2026 ?;foiegrasgourmet.com — Quel est le meilleur foie gras en conserve ?;quechoisir.org — Les repères pour bien choisir son foie gras - Guide d'achat;regal.fr — Quel foie gras choisir pour Noël 2025 ? Suivez le guide.;privé;"Google : Aucun S : seul guide 'conserve' chez foiegrasgourmet (marchand), reste général ; peu de trafic (3 clics, dont 2 sur « conserve » (pos. 17) en mars-oct. 2025)"
40092;Les meilleurs fonds de teint bio;https://meilleurtest.fr/comparatif-fond-de-teint-bio/;fond de teint;bio;technologie / sous-type;1;37638;Les meilleurs fonds de teint;https://meilleurtest.fr/comparatif-fond-de-teint/;C : intention spécifique et résultats mixtes (un seul guide spécialisé, pas en tête);meilleurs fonds de teint bio;1;;S?,S?,E+,O,S;ayanature.com — Fonds de teint Bio, Vegan & Naturels;moncornerb.com — Fond de teint bio et naturel;shopping.cosmopolitan.fr — Les 10 meilleurs fonds de teint bio - Cosmopolitan Shopping;quechoisir.org — Produits sans risque : Fonds de teint;avis-beaute.marieclaire.fr — Meilleurs fonds de teint bio à moins de 15 euros;garder;Google : 2 guides 'bio' : cosmopolitan (pos. 3) et marieclaire (pos. 5)
38734;Les meilleurs fonds de teint en poudre;https://meilleurtest.fr/comparatif-fond-de-teint-poudre/;fond de teint;poudre;technologie / sous-type;1;37638;Les meilleurs fonds de teint;https://meilleurtest.fr/comparatif-fond-de-teint/;C : intention spécifique et résultats mixtes (un seul guide spécialisé, pas en tête);meilleurs fonds de teint en poudre;1;;G,S,E+,E+,F;avis-beaute.marieclaire.fr — Les meilleurs fonds de teint compacts;beaute-test.com — Quels sont les meilleurs fonds de teint poudre ? Découvrez ...;shopping.cosmopolitan.fr — Quel est le meilleur fond de teint poudre pour une peau parfaite;yves-rocher.fr — Quel fond de teint poudré choisir ?;facebook.com — Pour moi, sans aucune hésitation, le meilleur fond de teint en ...;garder;Google : 2 guides 'poudre' : beaute-test (pos. 2) et cosmopolitan (pos. 3)
40385;Les meilleurs fours encastrables avec tournebroche;https://meilleurtest.fr/comparatif-four-encastrable-avec-tournebroche/;four;encastrable, tournebroche;technologie / sous-type, non classé;1;37611;Les meilleurs fours encastrables;https://meilleurtest.fr/comparatif-four-encastrable/;C : intention spécifique et résultats mixtes (un seul guide spécialisé, pas en tête);meilleurs fours encastrables avec tournebroche;1;;E+,E+,E+,E+,S;boulanger.com — four avec tournebroche - Retrait 1h en Magasin*;cuisine-encastrable.com — Comparatif des 8 meilleurs fours tournebroche;darty.com — Four encastrable avec tournebroche - Achat en ligne;amazon.fr — Four Encastrable Avec Tourne Broche;lexpress.fr — Les meilleurs fours encastrables : notre comparatif 2026;garder;Trafic : 22 clics, dont 13 sur « tournebroche » (pos. 7) en mars-oct. 2025
40200;Les meilleurs fours à pizza d'extérieur;https://meilleurtest.fr/comparatif-four-a-pizza-dexterieur/;four à pizza;extérieur;usage / contexte;1;36520;Les meilleurs fours à pizza;https://meilleurtest.fr/comparatif-four-a-pizza/;C : intention spécifique et résultats mixtes (un seul guide spécialisé, pas en tête);meilleurs fours à pizza d'extérieur;1;;E,E,G,S,F;esprit-barbecue.fr — Comment choisir son four à pizza pour le jardin;raviday-barbecue.com — Quel est le meilleur four à pizza en 2026 ?;lafrenchpizza.fr — Comparer et choisir son four à pizza;lecomptoirdefrance.com — Fours à pizza d'extérieur au meilleur prix;reddit.com — Quel est le meilleur four à pizza à acheter en ce moment;privé;"Google : Aucun S : esprit-barbecue (marchand) seul guide 'jardin', reste général/marchand ; aucun clic en 2025"
39541;Les meilleurs fumoirs à granulés;https://meilleurtest.fr/comparatif-fumoir-granules/;fumoir;granulés;technologie / sous-type;1;40224;Les meilleurs fumoirs;https://meilleurtest.fr/comparatif-fumoir/;B : intention spécifique selon les attributs, mais aucun guide spécialisé dans le top 5;meilleurs fumoirs à granulés;0;;E,F,F,E,O;boutique.cuisinebarbecueconcept.fr — Le fumoir à pellets : performant et convivial !;youtube.com — Les 3 meilleurs fumoirs à granulés en 2026;reddit.com — J'essaie de choisir un premier fumoir à granulés : r/pelletgrills;esprit-barbecue.fr — Comparatif : les 5 meilleurs fumoirs de 2026;bbqquebec.com — Voici les fumoirs de vos rêves;privé;"Google : Aucun guide écrit 'granulés' : vidéo, forum, marchands, sélections générales ; aucun clic en 2025"
41541;Les meilleures gamelles anti-glouton pour chat;https://meilleurtest.fr/comparatif-gamelle-anti-glouton-pour-chat/;gamelle pour chats;anti-glouton;technologie / sous-type;1;42555;Les meilleures gamelles pour chat;https://meilleurtest.fr/comparatif-gamelle-pour-chat/;C : intention spécifique et résultats mixtes (un seul guide spécialisé, pas en tête);meilleures gamelles anti-glouton pour chat;1;;E+,S,F,E+,E+;catedogshop.com — Gamelles anti glouton et gamelles chat;amour-de-chat.com — Quelle gamelle anti glouton choisir;lacompagniedesanimaux.com — Quelle gamelle choisir pour son chat ? | Le Guide 100% Véto;vetostore.com — Gamelle anti glouton chat;amazon.fr — Gamelle Anti Glouton Chat : Animalerie;privé;"Google : Guide 'anti-glouton' en position 2 (amour-de-chat.com) — vérifié : amour-de-chat.com = boutique, donc privé ; peu de trafic (2 clics, dont 2 sur « anti-glouton » (pos. 38) en mars-oct. 2025)"
42567;Les meilleurs gants de vélo de route été;https://meilleurtest.fr/comparatif-gant-de-velo-de-route-ete/;gant;été, route, vélo;usage / contexte, usage / contexte, usage / contexte;1;38291;Les meilleurs gants de vélo de route;https://meilleurtest.fr/comparatif-gants-de-velo-de-route/;C : intention spécifique et résultats mixtes (un seul guide spécialisé, pas en tête);meilleurs gants de vélo de route été;1;;S?,S,E+,F,S?;cyclesetsports.com — Gants de vélo été 2026;bike24.fr — Gants Vélo Été - Les Meilleures Marques - BIKE24;guide-velo.com — Quels sont les meilleurs gants pour vos sorties estivales à ...;reddit.com — Quels sont les meilleurs gants de cyclisme confortables;ekoi.fr — Gants Vélo Été Homme et Femme : Légèreté, Grip et Confort;privé;"Google : 1 seul guide 'été' (guide-velo, pos. 3), reste marchand/forum ; aucun clic en 2025"
42026;Les meilleurs gants chauffants pour moto;https://meilleurtest.fr/comparatif-gants-chauffants-pour-moto/;gant chauffant;moto;usage / contexte;1;37355;Les meilleurs gants chauffants;https://meilleurtest.fr/comparatif-gant-chauffant/;C : intention spécifique et résultats mixtes (un seul guide spécialisé, pas en tête);meilleurs gants chauffants pour moto;1;;E+,E+,E+,S?,S;motoshopping.com — Le grand comparatif des gants moto hiver chauffants;packmoto.com — Gants Chauffants pour Moto | Packmoto.com;motoblouz.com — Bien choisir ses gants moto chauffants ~ EnjoyTheRide;g-heat.com — Gamme de gants moto chauffants;fr.ironjias.com — Meilleurs gants chauffants pour moto;privé;"Google : Aucun S : 3 guides de marchands/marques (motoshopping, motoblouz, ironjias) ; peu de trafic (2 clics, dont 0 sur « moto » (pos. 42) en mars-oct. 2025)"
38104;Les meilleurs gaufriers croque-monsieur;https://meilleurtest.fr/comparatif-gaufrier-croque-monsieur/;gaufrier;croque-monsieur;non classé;1;36428;Les meilleurs gaufriers;https://meilleurtest.fr/comparatif-gaufrier/;C : intention spécifique et résultats mixtes (un seul guide spécialisé, pas en tête);meilleurs gaufriers croque-monsieur;1;;S?,S,G,F,E;lagrange.fr — Gaufrier croque monsieur - Fabricant français depuis 1955;mathon.fr — Bien choisir son gaufrier et croque monsieur;capital.fr — Les meilleurs gaufriers en 2026 selon nos tests;reddit.com — Quel gaufrier choisir ? (besoin de l'avis d'un forum);tefal.fr — Comment choisir un gaufrier ou appareil à croque- ...;privé;"Google : Aucun S : guides de marchand/marque (mathon, tefal), capital général ; aucun clic en 2025"
40643;Les meilleurs gels douche Le Petit Marseillais;https://meilleurtest.fr/comparatif-gel-douche-petit-marseillais/;gel douche;Le Petit Marseillais;marque;1;38057;Les meilleurs gels douche;https://meilleurtest.fr/comparatif-gel-douche/;A : simple déclinaison, mais un guide spécialisé isolé dans le top 5;meilleurs gels douche Le Petit Marseillais;1;;E,S,E,O,E;lepetitmarseillais.com — Gels douches pour le corps;quechoisir.org — LE PETIT MARSEILLAIS - Comparatif Substances toxiques ...;lepetitmarseillais.com — Nos gels et crème de douche Extra Douce;topsante.com — Il y a 4 gels douche irréprochables notés 100/100 sur Yuka;lepetitmarseillais.com — Gel Douche Homme Minéraux & Bois de Cèdre;garder;Trafic : 9 clics, dont 9 sur « Le Petit Marseillais » (pos. 5) en mars-oct. 2025
39976;Les meilleurs gels douche hydratants;https://meilleurtest.fr/comparatif-gel-douche-hydratant/;gel douche;hydratant;non classé;1;38057;Les meilleurs gels douche;https://meilleurtest.fr/comparatif-gel-douche/;C : intention spécifique et résultats mixtes (un seul guide spécialisé, pas en tête);meilleurs gels douche hydratants;1;;G,G,G,S,F;quechoisir.org — Gels douche - Comparatif Substances toxiques dans les ...;avis-beaute.marieclaire.fr — Meilleurs gels douche UFC que Choisir;celestaskincare.com — Top 5 Meilleurs Gels Douches Peau Sensible et Atopique ...;avril-beaute.fr — Quel est le meilleur gel douche hydratant;facebook.com — 10 gels douche notés 100/100 !  Quand on applique un ...;privé;"Google : Aucun S : avril-beaute (marque) seul guide 'hydratant', reste général ; peu de trafic (8 clics, dont 2 sur « hydratant » (pos. 34) en mars-oct. 2025)"
41135;Les meilleurs gels douche parfumés;https://meilleurtest.fr/comparatif-gel-douche-parfume/;gel douche;parfumé;non classé;1;38057;Les meilleurs gels douche;https://meilleurtest.fr/comparatif-gel-douche/;C : intention spécifique et résultats mixtes (un seul guide spécialisé, pas en tête);meilleurs gels douche parfumés;1;;S?,S,S?,G,O;panierdessens.com — Gel douche parfumé;avis-beaute.marieclaire.fr — Quel est le meilleur gel douche parfumé ?;adopt.com — Gel Douche Parfumé;quechoisir.org — Gels douche - Comparatif Substances toxiques dans les ...;parfumsetmoi.fr — Gels douche de luxe des plus grandes marques mondiales;garder;Google : Guide spécialisé 'parfumé' en position 2 (marieclaire)
39871;Les meilleurs gels douche pour femme;https://meilleurtest.fr/comparatif-gel-douche-pour-femme/;gel douche;femme;public visé;1;38057;Les meilleurs gels douche;https://meilleurtest.fr/comparatif-gel-douche/;B : intention spécifique selon les attributs, mais aucun guide spécialisé dans le top 5;meilleurs gels douche pour femme;0;;G,G,G,F,O;quechoisir.org — Gels douche - Comparatif Substances toxiques dans les ...;avis-beaute.marieclaire.fr — Meilleurs gels douche UFC que Choisir;celestaskincare.com — Top 5 Meilleurs Gels Douches Peau Sensible et Atopique ...;facebook.com — 10 gels douche notés 100/100 !  Quand on applique un ...;lesitedumadeinfrance.fr — Tous les Gels Douche Made in France;privé;"Google : Aucun guide 'femme' : guides généraux (quechoisir, marieclaire, celesta), réseau social ; peu de trafic (1 clics, dont 1 sur « femme » (pos. 44) en mars-oct. 2025)"
39615;Les meilleurs gels douche pour homme;https://meilleurtest.fr/comparatif-gel-douche-pour-homme/;gel douche;homme;public visé;1;38057;Les meilleurs gels douche;https://meilleurtest.fr/comparatif-gel-douche/;B : intention spécifique selon les attributs, mais aucun guide spécialisé dans le top 5;meilleurs gels douche pour homme;0;;G,E+,F,S?,G;quechoisir.org — Gels douche - Comparatif Substances toxiques dans les ...;comptoirdelhomme.com — Gel douche homme;reddit.com — Quel est le meilleur gel douche pour hommes ? : r/AskReddit;tendance-parfums.com — Gel Douche Parfumé Homme : 2574 Références Haut de ...;gqmagazine.fr — Les meilleurs gels douche qui nous donnent envie de filer ...;privé;"Google : Aucun guide 'homme' explicite : GQ général (pos. 5), marchands, forum ; peu de trafic (4 clics, dont 3 sur « homme » (pos. 33) en mars-oct. 2025)"
39366;Les meilleurs gels douche pour le corps;https://meilleurtest.fr/comparatif-gel-douche-pour-corps/;gel douche;corps;usage / contexte;1;38057;Les meilleurs gels douche;https://meilleurtest.fr/comparatif-gel-douche/;B : intention spécifique selon les attributs, mais aucun guide spécialisé dans le top 5;meilleurs gels douche pour le corps;0;;G,G,G,F,S?;quechoisir.org — Gels douche - Comparatif Substances toxiques dans les ...;avis-beaute.marieclaire.fr — Meilleurs gels douche UFC que Choisir;celestaskincare.com — Top 5 Meilleurs Gels Douches Peau Sensible et Atopique ...;facebook.com — 10 gels douche notés 100/100 !  Quand on applique un ...;comptoirdelhomme.com — Gel douche & savon nettoyant;à signaler;Doublon : Un gel douche est par définition pour le corps : synonyme du multi (Google : privé)
39916;Les meilleurs gels douche pour peaux sèches;https://meilleurtest.fr/comparatif-gel-douche-pour-peaux-seches/;gel douche;peau sèche;usage / contexte;1;38057;Les meilleurs gels douche;https://meilleurtest.fr/comparatif-gel-douche/;C : intention spécifique et résultats mixtes (un seul guide spécialisé, pas en tête);meilleurs gels douche pour peaux sèches;1;;G,S,G,G,O;quechoisir.org — Gels douche - Comparatif Substances toxiques dans les ...;topsante.com — On a testé : 7 crèmes de douche pour peau sèche;celestaskincare.com — Top 5 Meilleurs Gels Douches Peau Sensible et Atopique ...;aupaysdesanes.com — Quel gel douche pour peau sensible;avis-beaute.marieclaire.fr — 10 gels douches approuvés par les dermatologues;garder;Google : Test 'peau sèche' de topsante en position 2 (crèmes de douche)
42402;Les meilleurs gels intimes pour femme;https://meilleurtest.fr/comparatif-gel-intime-pour-femme/;gel intime;femme;public visé;1;38429;Les meilleurs gels intimes;https://meilleurtest.fr/comparatif-gel-intime/;B : intention spécifique selon les attributs, mais aucun guide spécialisé dans le top 5;meilleurs gels intimes pour femme;0;;G,G,G,O,G;easypara.fr — Bien choisir son gel intime : Le guide complet;quechoisir.org — Hygiène intime - Comparatif Substances toxiques dans les ...;gapianne.com — les meilleurs lubrifiants intimes contre la sécheresse vaginale;20minutes.fr — Les quatre meilleurs lubrifiants à choisir en 2025;questions-intimes.fr — Comment choisir votre gel lavant intime ? | Hydralin FR;supprimer;Contenu adulte : suppression complète déjà validée (410), hors arbitrage
39783;Les meilleures genouillères de maintien;https://meilleurtest.fr/comparatif-genouilleres-de-maintien/;genouillère;maintien;non classé;1;42651;Les meilleures genouillères;https://meilleurtest.fr/comparatif-genouilleres/;B : intention spécifique selon les attributs, mais aucun guide spécialisé dans le top 5;meilleures genouillères de maintien;0;;E,G,S?,E+,G;decathlon.fr — Meilleure genouillère;genouillere-pro.com — Quelle est la meilleure genouillère en 2026 ?;delivortho.com — Genouillère Sport et de Maintien;ekosport.fr — Genouillère de maintien au meilleur Prix;espace-contention.com — Quelle est la meilleure marque de genouillère ?;privé;"Google : Aucun guide 'maintien' : marchands et guides généraux ; peu de trafic (8 clics en mars-oct. 2025)"
42229;Les meilleurs godes ceintures creux;https://meilleurtest.fr/comparatif-gode-ceinture-creux/;gode-ceinture;creux;non classé;1;39287;Les meilleurs godes ceinture;https://meilleurtest.fr/comparatif-gode-ceinture/;C : intention spécifique et résultats mixtes (un seul guide spécialisé, pas en tête);meilleurs godes ceintures creux;1;;O,S?,S,E,E;loveandvibes.fr — Gode ceinture et strapon pour couple | Plaisir et complicité;concordelove.fr — Gode Ceinture Creux pour Homme, l ...;adameteve.fr — Top 10 Gode Ceinture Creux;prix.net — Meilleur gode ceinture - Comparez les prix et achetez sur ...;amazon.fr — PIPEDREAM / Godes Ceintures / Godemichets;supprimer;Contenu adulte : suppression complète déjà validée (410), hors arbitrage
42249;Les meilleurs godes ceintures double pénétration;https://meilleurtest.fr/comparatif-gode-ceinture-double-penetration/;gode-ceinture;double pénétration;technologie / sous-type;1;39287;Les meilleurs godes ceinture;https://meilleurtest.fr/comparatif-gode-ceinture/;B : intention spécifique selon les attributs, mais aucun guide spécialisé dans le top 5;meilleurs godes ceintures double pénétration;0;;O,S?,E,S?,S?;loveandvibes.fr — Gode ceinture et strapon pour couple | Plaisir et complicité;espaceplaisir.fr — Gode Ceinture Double Pénétration;amazon.fr — Vibromasseur Ceinture Double;fr.jaloo.paris — Gode Ceinture Creux Vibrant Double Pénétration - Lux Fetish;adameteve.fr — Double Godes Ceinture - Profitez deux fois plus;supprimer;Contenu adulte : suppression complète déjà validée (410), hors arbitrage
42250;Les meilleurs godes ceintures sans harnais;https://meilleurtest.fr/comparatif-gode-ceinture-sans-harnais/;gode-ceinture;sans harnais;technologie / sous-type;1;39287;Les meilleurs godes ceinture;https://meilleurtest.fr/comparatif-gode-ceinture/;C : intention spécifique et résultats mixtes (un seul guide spécialisé, pas en tête);meilleurs godes ceintures sans harnais;1;;S?,S?,S,E+,F;concordelove.fr — Gode ceinture sans harnais - Plaisir et confort illimité;espaceplaisir.fr — Gode ceinture sans harnais;fr.lovense.com — Avis sur le gode-ceinture sans harnais Shade;idealo.fr — Gode Sans Harnais - Godemichets;reddit.com — Quel est le meilleur gode-ceinture sans sangle ? : r/ftm;supprimer;Contenu adulte : suppression complète déjà validée (410), hors arbitrage
41860;Les meilleurs godes ceintures vibrants;https://meilleurtest.fr/comparatif-gode-ceinture-vibrant/;gode-ceinture;vibrant;technologie / sous-type;1;39287;Les meilleurs godes ceinture;https://meilleurtest.fr/comparatif-gode-ceinture/;B : intention spécifique selon les attributs, mais aucun guide spécialisé dans le top 5;meilleurs godes ceintures vibrants;0;;S?,O,G,E,S?;loveandvibes.fr — Gode ceinture vibrant;concordelove.fr — Gode ceinture : plaisir bien tenu, qualité à petit prix;orgasme-prejuges.com — Top 5 Meilleurs Godes Ceinture : Comparatif (2026);amazon.fr — Godes ceintures;sinful.fr — Godes ceintures vibrants - Couple strap on vibrant;supprimer;Contenu adulte : suppression complète déjà validée (410), hors arbitrage
42251;Les meilleurs godes ceintures éjaculateurs;https://meilleurtest.fr/comparatif-gode-ceinture-ejaculateur/;gode-ceinture;éjaculateur;non classé;1;39287;Les meilleurs godes ceinture;https://meilleurtest.fr/comparatif-gode-ceinture/;B : intention spécifique selon les attributs, mais aucun guide spécialisé dans le top 5;meilleurs godes ceintures éjaculateurs;0;;O,E+,S?,E+,E;espaceplaisir.fr — Gode ceinture : avec ou sans harnais, pour tous les corps;fr.shopping.rakuten.com — Gode Ceinture Ejaculateur pas cher;loveandvibes.fr — Gode ceinture ventouse éjaculateur Felix;laboutiqueduhard.fr — Top 5 des Godes Éjaculateurs 2024;boystore.com — Gode ceinture : Large choix et Conseils pour garder votre ...;supprimer;Contenu adulte : suppression complète déjà validée (410), hors arbitrage
37442;Les meilleures gourdes en inox;https://meilleurtest.fr/comparatif-gourde-inox/;gourde;inox;matière / composition;1;37018;Les meilleures gourdes;https://meilleurtest.fr/comparatif-gourde-deau/;C : intention spécifique et résultats mixtes (un seul guide spécialisé, pas en tête);meilleures gourdes en inox;1;;G,S,G,S?,G;qwetch.com — Meilleure gourde isotherme;bioaddict.fr — Les 7 meilleures marques de gourde en inox;gobilab.com — Découvrez notre top 10 des meilleures gourdes du marché;waterdrop.fr — Bouteilles en Inox robustes et durables;parismatch.com — Les meilleures gourdes isothermes pour s'hydrater cet été;garder;Google : Guide 'gourdes en inox' en position 2 (bioaddict.fr)
37336;Les meilleurs graveurs laser métal;https://meilleurtest.fr/comparatif-graveur-laser-metal/;graveur laser;métal;matière / composition;1;38529;Les meilleurs graveurs laser;https://meilleurtest.fr/comparatif-graveur-laser/;B : intention spécifique selon les attributs, mais aucun guide spécialisé dans le top 5;meilleurs graveurs laser métal;0;;G,G,G,F,F;fr.xtool.com — Meilleurs Graveurs Laser, Découpe Laser et Imprimantes UV;atome3d.com — TOP 10 des meilleurs graveurs laser en 2026 (comparatif);creadil.com — Guide d'achat graveur laser : Comparatif, conseils et avis ...;youtube.com — Les meilleures… et les pires graveuses laser en 2026;youtube.com — TOP—5. Meilleures machines à graver au laser. Test & ...;privé;"Google : Aucun guide 'métal' : comparatifs généraux de graveurs laser, vidéos ; peu de trafic (1 clics, dont 0 sur « métal » (pos. 45) en mars-oct. 2025)"
41085;Les meilleurs grille-pains KitchenAid;https://meilleurtest.fr/comparatif-grille-pain-kitchenaid/;grille-pain;KitchenAid;marque;1;36873;Les meilleurs grille-pains;https://meilleurtest.fr/comparatif-grille-pain/;A : simple déclinaison, mais un guide spécialisé isolé dans le top 5;meilleurs grille-pains KitchenAid;1;;E,S,G,F,G;kitchenaid.fr — Grille-pains;maxicoffee.com — Grille Pain KitchenAid au meilleur prix;femmeactuelle.fr — Quel est le meilleur grille-pain ? Comparatif 2026;reddit.com — Avis sur le grille-pain 2 fentes KitchenAid Pro Series;capital.fr — Les meilleurs modèles de grille-pain en 2026;garder;"Trafic : 11 clics, dont 9 sur « KitchenAid » (pos. 7) en mars-oct. 2025 ; Google seul : privé (Aucun guide 'KitchenAid' : marque, maxicoffee marchand, comparatifs généraux, forum)"
37556;Les meilleures guirlandes d'extérieur pour Noël;https://meilleurtest.fr/comparatif-guirlande-d-exterieur-pour-noel/;guirlande;extérieur, Noël;usage / contexte, usage / contexte;1;37555;Les meilleures guirlandes de Noël;https://meilleurtest.fr/comparatif-guirlande-de-noel/;C : intention spécifique et résultats mixtes (un seul guide spécialisé, pas en tête);meilleures guirlandes d'extérieur pour Noël;1;;S?,S?,S?,S,F;lights4fun.fr — Guirlandes de Noël d'extérieur;lumimania.fr — Guirlandes de noël d'extérieur et cascades lumineuses;balsamhill.fr — Guirlandes de Noël artificielles;millumine.com — Quelle guirlande lumineuse pour l'extérieur : conseils;reddit.com — Les meilleures guirlandes de Noël pour l'extérieur;privé;"Google : Top 3 marchand ; seul guide marchand (millumine, pos. 4) ; Reddit ; aucun clic en 2025"
41430;Les meilleures guitares hollow body;https://meilleurtest.fr/comparatif-guitare-hollow-body/;guitare;électrique, hollow body;technologie / sous-type, non classé;1;37140;Les meilleures guitares électriques;https://meilleurtest.fr/comparatif-guitare-electrique/;B : intention spécifique selon les attributs, mais aucun guide spécialisé dans le top 5;meilleures guitares hollow body;0;;E+,E+,S?,F,F;bax-shop.fr — Quelle est la meilleure guitare hollow body ? | Guide d'achat;thomann.fr — Achetez Guitares Hollowbody chez ...;guitarmaniac.com — Guitares hollowbody / thinline;youtube.com — COMPARATIF SEMI-HOLLOW BODY À MOINS DE 950€;zikinf.com — guitare hollow body;privé;"Google : Aucun guide indépendant : guide marchand bax-shop, catégories, vidéo, forum ; peu de trafic (1 clics, dont 1 sur « hollow body » (pos. 11) en mars-oct. 2025)"
40080;Les meilleurs gyropodes tout terrain;https://meilleurtest.fr/comparatif-gyropode-tout-terrain/;gyropode;tout terrain;usage / contexte;1;36951;Les meilleurs gyropodes;https://meilleurtest.fr/comparatif-gyropode/;C : intention spécifique et résultats mixtes (un seul guide spécialisé, pas en tête);meilleurs gyropodes tout terrain;1;;E,S,E+,F,O;hover-store.fr — Segway & Mini Gyropode Electrique;futura-sciences.com — Avis et test : quel hoverboard tout terrain est le meilleur ?;trottnshop.com — Gyropode Tout-Terrain Cross ITK TECHNOLOGY;youtube.com — TOP 3 MEILLEUR HOVERBOARD TOUT TERRAIN ADULTE ...;lequipe.fr — Les meilleurs hoverboards pour arpenter les rues au ...;privé;"Google : le seul guide 'tout terrain' (futura-sciences, pos. 2) porte sur les hoverboards, multi séparé sur le site ; aucun clic en 2025"
40394;Les meilleurs hamacs de voyage;https://meilleurtest.fr/comparatif-hamac-de-voyage/;hamac;voyage;usage / contexte;1;36731;Les meilleurs hamacs;https://meilleurtest.fr/comparatif-hamac/;B : intention spécifique selon les attributs, mais aucun guide spécialisé dans le top 5;meilleurs hamacs de voyage;0;;O,G,O,F,G;asadventure.fr — Voici nos 7 hamacs préférés;military.eu — Découvrez les meilleurs hamacs de bivouac - classement;montagnes-magazine.com — [Matos] 6 hamacs pour bivouaquer;randonner-leger.org — Le forum de la randonnée légère ou ultra-légère;conservation-nature.fr — Hamac : Guide achat, Avis, et Comparateur 2026;privé;"Google : 1 seul S (montagnes-magazine 'bivouac', pos. 3), reste marchand/forum/général ; aucun clic en 2025"
42390;Les meilleurs harnais pour chaton;https://meilleurtest.fr/comparatif-harnais-pour-chaton/;harnais pour chats;chaton;public visé;1;39106;Les meilleurs harnais pour chat;https://meilleurtest.fr/comparatif-harnais-pour-chat/;C : intention spécifique et résultats mixtes (un seul guide spécialisé, pas en tête);meilleurs harnais pour chaton;1;;F,S,G,F,G;lacompagniedesanimaux.com — Notre guide pour choisir son harnais pour chat;griffedamour.com — Meilleur harnais chat 2026 : anti-fugue, veste, chaton;promene-ton-chat.fr — Les meilleurs harnais pour chat en 2026;reddit.com — Meilleur harnais pour chat ? : r/CatAdvice;franklinpetfood.com — Comment bien choisir son harnais pour chat - Franklin;privé;"Google : Guide citant 'chaton' en position 2 (griffedamour, nature à vérifier) — vérifié : griffedamour.com = boutique, donc privé ; aucun clic en 2025"
39122;Les meilleurs harnais pour petit chien;https://meilleurtest.fr/comparatif-harnais-pour-petit-chien/;harnais pour chien;petit chien;public visé;1;37813;Les meilleurs harnais pour chien;https://meilleurtest.fr/comparatif-harnais-pour-chien/;B : intention spécifique selon les attributs, mais aucun guide spécialisé dans le top 5;meilleurs harnais pour petit chien;0;;G,O,G,G,F;french-bandit.com — Les meilleurs harnais pour chien selon la race : quel ...;croq.fr — Harnais en Y;bande-de-canailles.com — Meilleur harnais chien anti-traction : guide comparatif 2026;journaldemontreal.com — Les 5 meilleurs harnais pour chien (2026) | Nos Recos;lacompagniedesanimaux.com — Comment bien Choisir son Harnais pour Chien;privé;"Google : Aucun guide 'petit chien' : guides généraux ou par race, marchand ; peu de trafic (1 clics, dont 0 sur « petit chien » (pos. 52) en mars-oct. 2025)"
39119;Les meilleurs home cinéma Bluetooth;https://meilleurtest.fr/comparatif-home-cinema-bluetooth/;home cinéma;bluetooth;technologie / sous-type;1;37906;Les meilleurs home cinéma;https://meilleurtest.fr/comparatif-home-cinema/;B : intention spécifique selon les attributs, mais aucun guide spécialisé dans le top 5;meilleurs home cinéma Bluetooth;0;;G,G,G,E,E;noir-et-blanc.com — Home Cinéma Sans Fil : quel système choisir en 2026 ?;lesnumeriques.com — Comparatif / 53 barres de son & systèmes home cinéma ...;synoptik.fr — Les meilleurs home-cinéma : sélection 2026 (par budget);son-video.com — Home-Cinéma Sans Fil - Enceintes;materiel.net — Quel Home-cinéma choisir en 2026 ?;privé;"Google : Aucun guide 'Bluetooth' : guides 'sans fil' ou généraux, marchands ; peu de trafic (2 clics, dont 0 sur « bluetooth » (pos. 41) en mars-oct. 2025)"
37349;Les meilleurs home cinéma sans fil;https://meilleurtest.fr/comparatif-home-cinema-sans-fil/;home cinéma;sans fil;technologie / sous-type;1;37906;Les meilleurs home cinéma;https://meilleurtest.fr/comparatif-home-cinema/;C : intention spécifique et résultats mixtes (un seul guide spécialisé, pas en tête);meilleurs home cinéma sans fil;1;;E+,G,G,S,F;cobra.fr — Packs Home Cinéma sans fil;synoptik.fr — Les meilleurs home-cinéma : sélection 2026 (par budget);lesnumeriques.com — Comparatif / 53 barres de son & systèmes home cinéma ...;noir-et-blanc.com — Home Cinéma Sans Fil : quel système choisir en 2026 ?;reddit.com — Recommandations pour le cinéma maison sans fil;garder;"Trafic : 21 clics, dont 12 sur « sans fil » (pos. 25) en mars-oct. 2025 ; Google seul : privé (1 seul guide 'sans fil' (noir-et-blanc, pos. 4), reste marchand/général/forum)"
39768;Les meilleures hottes aspirantes inclinées;https://meilleurtest.fr/comparatif-hotte-aspirante-inclinee/;hotte aspirante;inclinée;non classé;1;42307;Les meilleures hottes aspirantes;https://meilleurtest.fr/comparatif-hotte-aspirante/;C : intention spécifique et résultats mixtes (un seul guide spécialisé, pas en tête);meilleures hottes aspirantes inclinées;1;;S?,E+,G,F,S;fr.ciarraappliances.com — Les hottes inclinées sont-elles efficaces;ubaldi.com — Hotte Aspirante à Pan Incliné;neutratest.com — Le top 3 - Quelle hotte gagne;forumconstruire.com — Aide choix hotte inclinée - 5 messages;blog.jlm-diffusion.com — Top hotte inclinée : les meilleures hottes verticale du marché;garder;"Trafic : 117 clics, dont 82 sur « inclinée » (pos. 7) en mars-oct. 2025 ; Google seul : privé (Aucun guide indépendant 'inclinée' ; seul guide marchand (jlm-diffusion, pos. 5))"
42264;Les meilleures housses de canapé d'angle;https://meilleurtest.fr/comparatif-housse-de-canape-dangle/;housse de canapé;angle;technologie / sous-type;1;37552;Les meilleures housses de canapés;https://meilleurtest.fr/comparatif-housse-de-canape/;C : intention spécifique et résultats mixtes (un seul guide spécialisé, pas en tête);meilleures housses de canapé d'angle;1;;S?,S?,S?,S,S?;lamaisondelahousse.com — Housse de Canapé d'Angle ᐅ Protégez et Transformez;housse-design.com — Housse de canapé d'angle extensible;lecoindeshousses.fr — Housse de canapé d'angle (2 parties);1001-housses.com — Quelle housse pour canapé d'angle choisir ?;lamaisondeshousses.fr — Housses de Canapés & Canapés d'Angle | Protection et Style;privé;"Google : Top 5 marchand ; seul guide marchand (1001-housses, pos. 4) ; aucun clic en 2025"
40290;Les meilleures housses de canapé extensibles;https://meilleurtest.fr/comparatif-housse-de-canape-extensible/;housse de canapé;extensible;technologie / sous-type;1;37552;Les meilleures housses de canapés;https://meilleurtest.fr/comparatif-housse-de-canape/;B : intention spécifique selon les attributs, mais aucun guide spécialisé dans le top 5;meilleures housses de canapé extensibles;0;;S?,S?,S?,S?,G;maxihousses.fr — ᐅ Housses de Canapé Extensibles | Adaptables et Modernes;lamaisondelahousse.com — Housse de Canapé Extensible Universelle;houssedefrance.com — Housses de Canapé Extensibles 1-4 Places;casaharmony.fr — Housses de canapé extensibles;lejournaldelamaison.fr — Quelle housse choisir pour protéger et couvrir son canapé ?;privé;"Google : Top 4 marchand + 1 guide général, aucun guide 'extensible' ; peu de trafic (5 clics, dont 0 sur « extensible » (pos. 48) en mars-oct. 2025)"
36887;Les meilleurs hoverboards pour enfants;https://meilleurtest.fr/comparatif-hoverboard-pour-enfant/;hoverboard;enfant;public visé;1;37956;Les meilleurs hoverboards;https://meilleurtest.fr/comparatif-hoverboard/;B : intention spécifique selon les attributs, mais aucun guide spécialisé dans le top 5;meilleurs hoverboards pour enfants;0;;E+,E+,E+,F,G;smartbalanceshops.com — Comment choisir un hoverboard pour vos enfants : Guide du ...;amazon.fr — Amazon.fr : Hoverboard Enfant;hover-store.fr — Hoverboard pour enfant / Hoverboard en 4.5 pouces ...;youtube.com — TOP—5. Meilleurs hoverboards. Test & Comparatif 2026;futura-sciences.com — Avis et test : quel hoverboard tout terrain est le meilleur ?;privé;"Google : Aucun S : guide smartbalanceshops (marchand), boutiques, vidéo, futura hors attribut ; aucun clic en 2025"
42124;Les meilleures huiles réparatrices pour cheveux;https://meilleurtest.fr/comparatif-huile-reparatrice-pour-cheveux/;huile capillaire;réparatrice;non classé;1;38421;Les meilleures huiles pour cheveux;https://meilleurtest.fr/comparatif-huile-pour-cheveux/;B : intention spécifique selon les attributs, mais aucun guide spécialisé dans le top 5;meilleures huiles réparatrices pour cheveux;0;;G,G,G,G,G;sainthilairebio.com — Comprendre les huiles végétales pour les choisir, suite;aroma-zone.com — Quelles sont les meilleures huiles pour les cheveux ?;avril-beaute.fr — Quelle huile végétale choisir pour mes cheveux;actu.fr — Les meilleures huiles pour les cheveux : comparatif 2026;fr.melvita.com — Meilleures huiles bio pour cheveux brillants : conseils;privé;"Google : Uniquement des guides huiles cheveux généraux, aucun 'réparatrice' ; aucun clic en 2025"
42263;Les meilleures huiles de coco cheveux;https://meilleurtest.fr/comparatif-huile-de-coco-cheveux/;huile de coco;cheveux;usage / contexte;1;42262;Les meilleures huiles de coco;https://meilleurtest.fr/comparatif-huile-de-coco/;B : intention spécifique selon les attributs, mais aucun guide spécialisé dans le top 5;meilleures huiles de coco cheveux;0;;S?,S?,S?,G,G;blog.lafourche.fr — Comment utiliser l'huile de coco pour ses cheveux ?;aroma-zone.com — Comment utiliser l'huile de coco pour les cheveux ?;ladrome.bio — Peau et cheveux : 5 utilisations de l'huile de Coco;futura-sciences.com — 🥇 Meilleures Huiles de Coco 2026 - Test et Comparatif;bfmtv.com — Les 6 meilleures huiles de coco 2026;privé;"Google : Tutoriels d'utilisation + guides huile de coco généraux, aucun guide 'cheveux' ; aucun clic en 2025"
36553;Les meilleurs inhalateurs électriques;https://meilleurtest.fr/comparatif-inhalateur-electrique/;inhalateur;électrique;technologie / sous-type;1;42271;Les meilleurs inhalateurs;https://meilleurtest.fr/comparatif-inhalateur/;B : intention spécifique selon les attributs, mais aucun guide spécialisé dans le top 5;meilleurs inhalateurs électriques;0;;E+,O,O,O,O;amazon.fr — Inhalateurs électriques et nébuliseurs;topsante.com — Inhalateur : les modèles les plus efficaces;identites.eu — Inhalateur pour rhumes et sinusite, asthmatiques;distrimed.com — Nébuliseur et inhalateur - Distrimed;quechoisir.org — Médicaments - Évitez les erreurs avec les inhalateurs;privé;"Google : Aucun guide 'électrique' : marchands, topsante général, quechoisir hors sujet ; aucun clic en 2025"
38004;Les meilleurs isolants thermiques des murs par l'intérieur;https://meilleurtest.fr/comparatif-isolant-thermique-de-mur-par-linterieur/;isolant thermique;murs par l'intérieur;non classé;1;38282;Les meilleurs isolants thermiques;https://meilleurtest.fr/comparatif-isolant-thermique/;C : intention spécifique et résultats mixtes (un seul guide spécialisé, pas en tête);meilleurs isolants thermiques des murs par l'intérieur;1;;G,G,S,G,G;toutsurlisolation.com — Isolation des murs intérieurs : meilleur isolant thermique;materiaux-naturels.fr — Quel isolant thermique choisir pour l'isolation intérieure ...;greenter.fr — Meilleure isolation thermique des murs par l'intérieur en 2026;promee.fr — Isolation des murs : les 7 meilleurs isolants thermiques ...;particuliers.engie.fr — Quel est le meilleur isolant thermique ?;à signaler;Doublon : Même intention que 42149 'isolants thermiques muraux' (SERP quasi identique) (Google : garder)
42149;Les meilleurs isolants thermiques muraux;https://meilleurtest.fr/comparatif-isolant-thermique-mural/;isolant thermique;mural;technologie / sous-type;1;38282;Les meilleurs isolants thermiques;https://meilleurtest.fr/comparatif-isolant-thermique/;B : intention spécifique selon les attributs, mais aucun guide spécialisé dans le top 5;meilleurs isolants thermiques muraux;0;;G,G,G,G,G;materiaux-naturels.fr — Quel isolant thermique choisir pour l'isolation intérieure ...;toutsurlisolation.com — Isolation des murs intérieurs : meilleur isolant thermique;greenter.fr — Meilleure isolation thermique des murs par l'intérieur en 2026;promee.fr — Isolation des murs : les 7 meilleurs isolants thermiques ...;particuliers.engie.fr — Quel est le meilleur isolant thermique ?;à signaler;Doublon : Même intention que 38004 'murs par l'intérieur' (SERP quasi identique) (Google : garder)
42270;Les meilleures jardinières hautes;https://meilleurtest.fr/comparatif-jardiniere-haute/;jardinière;haute;forme / configuration;1;42275;Les meilleures jardinières;https://meilleurtest.fr/comparatif-jardinieres/;B : intention spécifique selon les attributs, mais aucun guide spécialisé dans le top 5;meilleures jardinières hautes;0;;S?,E+,G,S?,S?;woodblocx.fr — Idées de jardinières hautes pour mettre votre jardin en valeur;leroymerlin.fr — Jardinière en hauteur au meilleur prix;monamenagementjardin.fr — Quel type de jardinière choisir;planfor.fr — Jardinières Hautes Design - Vente en ligne;potsdefleursandco.com — Jardinière Haute;privé;"Google : Marchands, idées woodblocx, guide général ; aucun guide 'hautes' ; aucun clic en 2025"
42396;Les meilleurs jouets interactifs pour chat;https://meilleurtest.fr/comparatif-jouet-interactif-pour-chat/;jouet pour chats;interactif;non classé;1;38201;Les meilleurs jouets pour chat;https://meilleurtest.fr/comparatif-jouet-pour-chat/;B : intention spécifique selon les attributs, mais aucun guide spécialisé dans le top 5;meilleurs jouets interactifs pour chat;0;;G,F,S?,G,F;inooko.com — Nos meilleurs jouets pour chat et chaton;lafermedesanimaux.com — Quel est le meilleur jouet pour chat - La Ferme des Animaux;fr.funnyfuzzy.com — Jouet pour Chat Interactif;santevet.com — Comment choisir le meilleur jouet pour chat ?;reddit.com — Quels sont les meilleurs jouets pour chats que votre ...;privé;"Google : Aucun guide 'interactif' : guides généraux de marchands/assureur, boutique, forum ; aucun clic en 2025"
41233;Les meilleurs kayaks pour débutants;https://meilleurtest.fr/comparatif-kayak-pour-debutant/;kayak;débutant;public visé;1;41173;Les meilleurs kayaks;https://meilleurtest.fr/comparatif-kayaks/;C : intention spécifique et résultats mixtes (un seul guide spécialisé, pas en tête);meilleurs kayaks pour débutants;1;;F,S?,E+,F,S;eauxvives.org — Débutant : quel kayak choisir ?? - Forum Canoe Kayak EVO;nauticexpo.fr — Kayak débutant - Tous les fabricants du nautisme et ...;conseilsport.decathlon.fr — Je fais mes débuts en randonnée kayak;forum-kayak.fr — Choisir un Kayak pour débuter. Encore !!!!!;confluenceoutdoorcanada.com — Les meilleurs kayaks Pelican pour débutants, conçus pour les ...;privé;"Google : Aucun S : forums, nauticexpo, conseil decathlon, confluence (marque) pos. 5 ; aucun clic en 2025"
40345;Les meilleurs kayaks récréatifs;https://meilleurtest.fr/comparatif-kayak-recreatif/;kayak;récréatif;non classé;1;41173;Les meilleurs kayaks;https://meilleurtest.fr/comparatif-kayaks/;B : intention spécifique selon les attributs, mais aucun guide spécialisé dans le top 5;meilleurs kayaks récréatifs;0;;G,G,G,G,G;confluenceoutdoorcanada.com — Le guide ultime pour choisir le bon kayak;sail.ca — Comment choisir un kayak;razorkayaks.fr — Choisir le meilleur kayak gonflable : L'essentiel - Razor Kayaks;achetezlemeilleur.ca — Comment bien choisir son kayak : rien ne sert de flotter, il ...;ez-dock.com — Acheter un kayak pour débutants | Guide d'achat de kayak;privé;"Google : Aucun guide 'récréatif' : cinq guides généraux de choix de kayak ; aucun clic en 2025"
41349;Les meilleurs kayaks sit on top;https://meilleurtest.fr/comparatif-kayak-sit-on-top/;kayak;sit-on-top;non classé;1;41173;Les meilleurs kayaks;https://meilleurtest.fr/comparatif-kayaks/;B : intention spécifique selon les attributs, mais aucun guide spécialisé dans le top 5;meilleurs kayaks sit on top;0;;S?,S?,S?,S?,F;liteventure.de — Kayaks Sit on Top;passionnature.fr — Sit-on-top monoplace;kayak-attitude.fr — Kayak sit on top;nauticexpo.fr — Kayak sit-on-top - Tous les fabricants du nautisme et du ...;chasse-sous-marine.com — Choix Kayak sit in/sit on top;privé;"Google : Top 5 marchand (liteventure, passionnature, kayak-attitude, nauticexpo) + 1 forum ; peu de trafic (1 clics, dont 0 sur « sit-on-top » (pos. 72) en mars-oct. 2025)"
42663;Les meilleurs laits de croissance liquides;https://meilleurtest.fr/comparatif-lait-de-croissance-liquide/;lait de croissance;liquide;technologie / sous-type;1;37252;Les meilleurs laits de croissance;https://meilleurtest.fr/comparatif-lait-de-croissance/;B : intention spécifique selon les attributs, mais aucun guide spécialisé dans le top 5;meilleurs laits de croissance liquides;0;;S?,G,G,S?,G;babybio.fr — Lait de croissance bio | Dès 10 mois | Bouteilles 6x25cl;quel-lait-infantile.fr — Notre classement des laits infantiles 3e âge;consobaby.com — Meilleurs laits infantiles 2026 : comparatif 2e âge ...;mpedia.fr — Faut-il privilégier le lait de croissance liquide ou le lait en ...;bb-joh.fr — Choisir un Lait de Croissance : classement et comparatif;privé;"Google : Aucun guide 'liquide' : classements généraux, babybio marque, mpedia conseil ; peu de trafic (3 clics, dont 1 sur « liquide » (pos. 13) en mars-oct. 2025)"
40410;Les meilleures lampes de bureau sans fil;https://meilleurtest.fr/comparatif-lampe-de-bureau-sans-fil/;lampe de bureau;sans fil;technologie / sous-type;1;39481;Les meilleures lampes de bureau;https://meilleurtest.fr/comparatif-lampe-de-bureau/;B : intention spécifique selon les attributs, mais aucun guide spécialisé dans le top 5;meilleures lampes de bureau sans fil;0;;E+,E+,S?,E+,E+;leroymerlin.fr — Lampe bureau sans fil au meilleur prix;la-lumiere.shop — Achat de lampe de bureau sans fil - La Lumiere;luminaire.fr — Lampes de table sans fil » rechargeables;joybuy.fr — Lampe de bureau sans fil : laquelle choisir ?;amazon.fr — Lampe Bureau Sans Fil;privé;"Google : Top 5 marchand ; seul guide marchand joybuy (pos. 4) ; aucun clic en 2025"
39746;Les meilleures lampes de poche rechargeables;https://meilleurtest.fr/comparatif-lampe-de-poche-rechargeable/;lampe de poche;rechargeable;technologie / sous-type;1;39684;Les meilleures lampes de poche;https://meilleurtest.fr/comparatif-lampe-de-poche/;B : intention spécifique selon les attributs, mais aucun guide spécialisé dans le top 5;meilleures lampes de poche rechargeables;0;;G,S?,G,G,F;bfmtv.com — Avis et comparatif des meilleures lampes torches 2026;la-lampe-torche.com — Lampes torches rechargeables;ledlenser.com — La meilleure lampe de poche pour vos besoins - Ledlenser;knivesandtools.fr — Test : 5 lampes de poche à utiliser chez soi et en extérieur;youtube.com — 7 Meilleures Lampes de Poche Rechargeables;privé;"Google : Aucun guide 'rechargeable' : guides lampes généraux, catégorie, vidéo ; aucun clic en 2025"
42285;Les meilleures lampes frontales running;https://meilleurtest.fr/comparatif-lampe-frontale-running/;lampe frontale;running;usage / contexte;1;37645;Les meilleures lampes frontales;https://meilleurtest.fr/comparatif-lampe-frontale/;B : intention spécifique selon les attributs, mais aucun guide spécialisé dans le top 5;meilleures lampes frontales running;0;;G,E+,E+,E+,E;ledlenser.com — Quelle lampe frontale est adaptée pour la course à pied ?;i-run.fr — Comment bien choisir sa lampe frontale pour courir de nuit;terrederunning.com — Lampes frontales running – Visibilité et sécurité;alltricks.fr — Comparatif : Top 6 des meilleures lampes frontales de trail;decathlon.fr — Comment choisir une lampe frontale ?;privé;"Google : Aucun guide indépendant : guides de marque/marchand (ledlenser, i-run) ; peu de trafic (1 clics, dont 0 sur « running » (pos. 46) en mars-oct. 2025)"
40511;Les meilleures lave-linges Beko;https://meilleurtest.fr/comparatif-lave-linge-beko/;lave-linge;Beko;marque;1;37584;Les meilleurs lave-linge;https://meilleurtest.fr/comparatif-lave-linge/;A : simple déclinaison, mais un guide spécialisé isolé dans le top 5;meilleures lave-linges Beko;1;;E,E,S?,S,E+;beko.fr — La sélection Lave-linge;beko.fr — La sélection Lave-linge Top;extra.fr — Lave-linge top BEKO;murfy.fr — RECO : Avis lave linge beko;idealo.fr — Lave-linge Beko 2026 au meilleur prix;garder;"Trafic : 0 clics, dont 0 sur « Beko » (pos. 20) en mars-oct. 2025 ; Google seul : privé (Aucun S : marque, marchands, avis murfy (réparateur-vendeur) pos. 4)"
36599;Les meilleurs lave-linge 9 kg;https://meilleurtest.fr/comparatif-lave-linge-9kg/;lave-linge;9 kg;taille / capacité / quantité;1;37584;Les meilleurs lave-linge;https://meilleurtest.fr/comparatif-lave-linge/;A : simple déclinaison, mais un guide spécialisé isolé dans le top 5;meilleurs lave-linge 9 kg;1;;E,G,S,E+,G;underdog.shop — Meilleur lave-linge 2026 : comparatif 60 millions ... - Underdog;lesnumeriques.com — Comparatif / 9 lave-linges ☆ testés Septembre 2026;lebontri.fr — Meilleur lave-linge 9 kg 2026 : la couette passe ou pas ?;prix.net — Meilleur lave linge 9kg - Comparez les prix et achetez sur ...;je-suis-papa.ouest-france.fr — Comparatif des meilleurs lave-linge pour une famille de 4 ...;garder;"Trafic : 90 clics, dont 12 sur « 9 kg » (pos. 11) en mars-oct. 2025 ; Google seul : privé (1 seul guide '9 kg' (lebontri, pos. 3), reste général/comparateur)"
39226;Les meilleurs lave-linges frontaux petite largeur;https://meilleurtest.fr/comparatif-lave-linge-frontal-petite-largeur/;lave-linge;frontal, petite largeur;technologie / sous-type, technologie / sous-type;1;37584;Les meilleurs lave-linge;https://meilleurtest.fr/comparatif-lave-linge/;B : intention spécifique selon les attributs, mais aucun guide spécialisé dans le top 5;meilleurs lave-linges frontaux petite largeur;0;;G,E+,G,E,E;quechoisir.org — Comment choisir son lave-linge - Guide d'achat;idealo.fr — Lave Linge Frontal Petite Largeur;lesnumeriques.com — Comparatif / 9 lave-linges ☆ testés Septembre 2026;cdiscount.com — Quelle taille de lave-linge existe-t-il ?;underdog.shop — Meilleur lave-linge 2026 : comparatif 60 millions ... - Underdog;garder;"Trafic : 31 clics, dont 8 sur « frontal, petite largeur » (pos. 12) en mars-oct. 2025 ; Google seul : privé (Aucun guide 'petite largeur' : guides généraux, idealo, cdiscount)"
42442;Les meilleurs lave-vaisselle avec tiroir à couverts;https://meilleurtest.fr/comparatif-lave-vaisselle-avec-tiroir-a-couverts/;lave-vaisselle;avec tiroir à couverts;technologie / sous-type;1;37195;Les meilleurs lave-vaisselles;https://meilleurtest.fr/comparatif-lave-vaisselle/;B : intention spécifique selon les attributs, mais aucun guide spécialisé dans le top 5;meilleurs lave-vaisselle avec tiroir à couverts;0;;E+,E+,E+,E+,E+;boulanger.com — Lave-vaisselle - Tiroir à couvert Ouverture automatique de ...;boulanger.com — Lave-vaisselle - 60 cm (standard) Tiroir à couvert;beko.fr — Lave-vaisselle pose libre Tiroir à couverts;fr.shopping.rakuten.com — Lave Vaisselle Tiroir Couverts pas cher;boulanger.com — Lave-vaisselle 45 cm - Tiroir à couvert 8-10 couverts;garder;"Trafic : 9 clics, dont 5 sur « avec tiroir à couverts » (pos. 11) en mars-oct. 2025 ; Google seul : privé (Top 5 entièrement marchand (boulanger, beko, rakuten), aucun guide)"
38820;Les meilleurs lave-vaisselles 45 cm;https://meilleurtest.fr/comparatif-lave-vaisselle-45-cm/;lave-vaisselle;45 cm;taille / capacité / quantité;1;37195;Les meilleurs lave-vaisselles;https://meilleurtest.fr/comparatif-lave-vaisselle/;A : simple déclinaison, mais un guide spécialisé isolé dans le top 5;meilleurs lave-vaisselles 45 cm;1;;E+,S,E+,E+,E+;achatmoinscher.com — Lave-vaisselle 45 cm au meilleur prix - Le lavage;electroguide.com — Les 7 meilleurs lave-vaisselle 45 cm;boulanger.com — Lave-vaisselle 45 cm - Livraison 24h Offerte*;electrodepot.fr — Lave-vaisselle pose libre 45 cm;idealo.fr — ▷▷ Lave-vaisselle - Largeur 45 cm 2026 au meilleur prix;garder;Trafic : 27 clics, dont 13 sur « 45 cm » (pos. 10) en mars-oct. 2025
36961;Les meilleurs lave-vaisselles pas chers;https://meilleurtest.fr/comparatif-lave-vaisselle-pas-cher/;lave-vaisselle;pas cher;prix;1;37195;Les meilleurs lave-vaisselles;https://meilleurtest.fr/comparatif-lave-vaisselle/;A : simple déclinaison, mais un guide spécialisé isolé dans le top 5;meilleurs lave-vaisselles pas chers;1;;G,E,S,E,F;quechoisir.org — Comment choisir son lave-vaisselle - Guide d'achat;underdog.shop — Meilleur lave-vaisselle 2026 : comparatif 60 millions de ...;electroguide.com — Les 7 meilleurs lave-vaisselle pas chers 2026;cdiscount.com — Lave-vaisselle - Cdiscount Electroménager;youtube.com — TOP5 : MEILLEUR LAVE-VAISSELLE;privé;"Google : 1 seul guide 'pas chers' (electroguide, pos. 3), reste général/marchand ; aucun clic en 2025"
40118;Les meilleurs lave-vaisselles 6 couverts;https://meilleurtest.fr/comparatif-lave-vaisselle-6-couverts/;lave-vaisselle;6 couverts;taille / capacité / quantité;2;36444;Les meilleurs mini lave-vaisselle;https://meilleurtest.fr/comparatif-mini-lave-vaisselle/;A : simple déclinaison, mais un guide spécialisé isolé dans le top 5;meilleurs lave-vaisselles 6 couverts;1;;G,E,G,E+,S;quechoisir.org — Comment choisir son lave-vaisselle - Guide d'achat;electrodepot.fr — Lave-vaisselle compact;leparisien.fr — Lave-vaisselle compact : notre sélection des 8 meilleurs;idealo.fr — ▷▷ Lave-vaisselle - 6 Couverts 2026 au meilleur prix;tecnomat.fr — Lave vaisselle 6 couverts: au meilleur prix - Bricoman;à signaler;"Doublon : 6 couverts = capacité type des mini lave-vaisselle ; Google renvoie des pages « compact » (Google : privé)"
39202;Les meilleurs lave-vaisselles portables;https://meilleurtest.fr/comparatif-lave-vaisselle-portable/;lave-vaisselle;portable;technologie / sous-type;2;36444;Les meilleurs mini lave-vaisselle;https://meilleurtest.fr/comparatif-mini-lave-vaisselle/;B : intention spécifique selon les attributs, mais aucun guide spécialisé dans le top 5;meilleurs lave-vaisselles portables;0;;G,F,G,G,G;eu.havalab.com — 6 Meilleurs Mini-lave-vaisselle 2026 : Comparatif;youtube.com — TOP 5 : Meilleur Mini Lave-Vaisselle 2026;daan.tech — Quel est le meilleur mini lave-vaisselle;bfmtv.com — Les 6 meilleurs mini lave-vaisselle pas chers en mai 2025 ...;marieclaire.fr — Les meilleurs mini lave-vaisselle pour les petites cuisines;à signaler;Doublon : lave-vaisselle portable ≈ mini lave-vaisselle (multi parent) : Google ne renvoie que des guides 'mini' (Google : privé)
41171;Les meilleurs lecteurs Blu-ray 3D;https://meilleurtest.fr/comparatif-lecteur-blu-ray-3d/;lecteur Blu-ray;3D;technologie / sous-type;1;37074;Les meilleurs lecteurs Blu-ray;https://meilleurtest.fr/comparatif-lecteur-blu-ray/;B : intention spécifique selon les attributs, mais aucun guide spécialisé dans le top 5;meilleurs lecteurs Blu-ray 3D;0;;E+,E+,E,E+,F;darty.com — Lecteur Blu Ray 3D - Achat en ligne;idealo.fr — ▷▷ Lecteur Blu-ray 3D 2026 au meilleur prix;cobra.fr — Lecteurs Blu-ray 4K Universal — Ultra HD;boulanger.com — lecteur blu ray 3d - Retrait 1h en Magasin;forum.lesnumeriques.com — Quel lecteur bluray et 3D me conseillez vous? (mai 2014);garder;"Trafic : 20 clics, dont 0 sur « 3D » (pos. 34) en mars-oct. 2025 ; Google seul : privé (Top 5 marchand + forum de 2014, aucun guide)"
37946;Les meilleurs lecteurs Blu-ray 4K;https://meilleurtest.fr/comparatif-lecteur-blu-ray-4k/;lecteur Blu-ray;4K;technologie / sous-type;1;37074;Les meilleurs lecteurs Blu-ray;https://meilleurtest.fr/comparatif-lecteur-blu-ray/;C : intention spécifique et résultats mixtes (un seul guide spécialisé, pas en tête);meilleurs lecteurs Blu-ray 4K;1;;E+,E+,S,F,S?;cobra.fr — Lecteurs Blu-ray 4K Universal — Ultra HD;son-video.com — Lecteurs Blu-Ray / UHD 4K - Son-Vidéo.com;clubic.com — Quels sont les meilleurs lecteurs Blu-ray 4K en 2026 ? ...;reddit.com — Quel est le lecteur Blu Ray 4K avec le meilleur rapport ...;homecinesolutions.fr — Lecteurs Blu-ray 4K;garder;"Trafic : 34 clics, dont 16 sur « 4K » (pos. 30) en mars-oct. 2025 ; Google seul : privé (1 seul guide '4K' (clubic, pos. 3), reste marchand/forum)"
39144;Les meilleurs lecteurs CD USB;https://meilleurtest.fr/comparatif-lecteur-cd-usb/;lecteur CD;USB;technologie / sous-type;1;37860;Les meilleurs lecteurs CD;https://meilleurtest.fr/comparatif-lecteur-cd/;B : intention spécifique selon les attributs, mais aucun guide spécialisé dans le top 5;meilleurs lecteurs CD USB;0;;G,E,F,E,O;maplatine.com — Meilleur lecteur CD Hi-Fi 2026 : comment choisir ? Guide ...;laboutiquederic.com — Choisir et comparer les lecteurs et transports CD;reddit.com — Quels sont les meilleurs lecteurs CD qui ne coûtent pas ...;cobra.fr — Les meilleurs lecteurs CD (2025);sonorplus.com — Lecteurs CD;privé;"Google : Aucun guide 'USB' : guides généraux de marchands hi-fi, forum ; peu de trafic (3 clics, dont 2 sur « USB » (pos. 13) en mars-oct. 2025)"
42577;Les meilleurs lecteurs CD bluetooth;https://meilleurtest.fr/comparatif-lecteur-cd-bluetooth/;lecteur CD;bluetooth;technologie / sous-type;1;37860;Les meilleurs lecteurs CD;https://meilleurtest.fr/comparatif-lecteur-cd/;B : intention spécifique selon les attributs, mais aucun guide spécialisé dans le top 5;meilleurs lecteurs CD bluetooth;0;;E+,G,E,F,O;laboutiquederic.com — Lecteur CD : quelles solutions pour écouter sa collection ?;on-mag.fr — comparatif des lecteurs CD audiophiles nouvelle génération;amazon.fr — Amazon.fr : Meilleur Lecteur CD;youtube.com — TOP 3 MEILLEUR LECTEUR CD SANS FIL 2025;audiophonics.fr — Lecteurs CD;privé;"Google : Aucun guide 'bluetooth' : guides CD généraux, Amazon, vidéo YouTube (pos. 4) ; peu de trafic (6 clics, dont 4 sur « bluetooth » (pos. 17) en mars-oct. 2025)"
37846;Les meilleurs lecteurs CD portables;https://meilleurtest.fr/comparatif-lecteur-cd-portable/;lecteur CD;portable;technologie / sous-type;1;37860;Les meilleurs lecteurs CD;https://meilleurtest.fr/comparatif-lecteur-cd/;B : intention spécifique selon les attributs, mais aucun guide spécialisé dans le top 5;meilleurs lecteurs CD portables;0;;E,E,G,F,G;laboutiquederic.com — Choisir et comparer les lecteurs et transports CD;amazon.fr — Amazon.fr : Meilleur Lecteur CD;on-mag.fr — comparatif des lecteurs CD audiophiles nouvelle génération;reddit.com — Quels sont les meilleurs lecteurs CD qui ne coûtent pas ...;maplatine.com — Meilleur lecteur CD Hi-Fi 2026 : comment choisir ? Guide ...;garder;"Trafic : 158 clics, dont 68 sur « portable » (pos. 8) en mars-oct. 2025 ; Google seul : privé (Aucun guide 'portable' : guides hi-fi généraux (on-mag, maplatine), Amazon, Reddit)"
38858;Les meilleurs lecteurs CD portables pour enfant;https://meilleurtest.fr/comparatif-lecteur-cd-portable-pour-enfant/;lecteur CD enfant;portable;technologie / sous-type;1;37728;Les meilleurs lecteurs CD pour enfants;https://meilleurtest.fr/comparatif-lecteur-cd-enfant/;B : intention spécifique selon les attributs, mais aucun guide spécialisé dans le top 5;meilleurs lecteurs CD portables pour enfant;0;;O,O,F,E,E+;meilleurs.fr — Top Lecteur CD enfant en 2026;lenco.fr — Lenco CD-021KIDS Acheter ? | Boutique officielle Lenco;youtube.com — TOP 3 MEILLEUR LECTEUR CD POUR ENFANT 2025;cdiscount.com — Lecteur CD enfant;leguide.com — Lecteurs de CD portables - Comparer les prix avec ...;à signaler;"Doublon : Quasi tous les lecteurs CD enfant sont portables ; Google renvoie surtout « lecteur CD enfant » (Google : privé)"
36461;Les meilleurs lecteurs DVD portables;https://meilleurtest.fr/comparatif-lecteur-dvd-portable/;lecteur DVD;portable;technologie / sous-type;1;37957;Les meilleurs lecteurs DVD;https://meilleurtest.fr/comparatif-lecteur-dvd/;B : intention spécifique selon les attributs, mais aucun guide spécialisé dans le top 5;meilleurs lecteurs DVD portables;0;;E+,G,E+,F,F;amazon.fr — Lecteurs DVD portables;ouest-france.fr — Comparatif des meilleurs lecteurs DVD 2026;son-video.com — Comment bien choisir un lecteur DVD portable ?;youtube.com — TOP3 : Meilleur lecteur DVD Portable 2026;reddit.com — Meilleur lecteur DVD portable ? : r/dvdcollection;privé;"Google : Aucun S : seul guide 'portable' marchand (son-video, pos. 3), Amazon, vidéo, Reddit ; peu de trafic (2 clics, dont 2 sur « portable » (pos. 25) en mars-oct. 2025)"
39097;Les meilleurs lecteurs MP3 Bluetooth;https://meilleurtest.fr/comparatif-lecteur-mp3-bluetooth/;lecteur MP3;bluetooth;technologie / sous-type;1;37196;Les meilleurs lecteurs MP3;https://meilleurtest.fr/comparatif-lecteur-mp3/;B : intention spécifique selon les attributs, mais aucun guide spécialisé dans le top 5;meilleurs lecteurs MP3 Bluetooth;0;;E,G,F,F,E;amazon.fr — Lecteurs MP3 et MP4;achetezlemeilleur.ca — Le meilleur lecteur MP3 au Canada en 2026;reddit.com — Meilleur lecteur MP3 sur Amazon ? : r/DigitalAudioPlayer;youtube.com — TOP—5. Meilleurs lecteurs MP3 avec Bluetooth. Test & ...;fnac.com — Meilleures Ventes Lecteurs MP3, MP4;privé;"Google : Aucun guide 'Bluetooth' écrit : Amazon, Fnac, guide général, Reddit, YouTube ; aucun clic en 2025"
40064;Les meilleurs lecteurs mp3 étanches;https://meilleurtest.fr/comparatif-lecteur-mp3-etanche/;lecteur MP3;étanche;technologie / sous-type;1;37196;Les meilleurs lecteurs MP3;https://meilleurtest.fr/comparatif-lecteur-mp3/;B : intention spécifique selon les attributs, mais aucun guide spécialisé dans le top 5;meilleurs lecteurs mp3 étanches;0;;E+,E,F,E+,S?;amazon.fr — Lecteurs MP3 étanches : Sports et Loisirs;idealo.fr — MP3 Waterproof - Lecteurs MP3;nageurs.com — Choisir son lecteur MP3 étanche;support.decathlon.fr — LECTEUR MP3 ÉTANCHE NATATION SWIMMUSIC 100 V3;tayogo.com — Lecteur MP3 étanche;privé;"Google : 1 seul guide spécialisé (nageurs.com, pos. 3), reste marchand (Amazon, idealo, Decathlon) ; aucun clic en 2025"
40236;Les meilleurs lecteurs MP4 tactiles;https://meilleurtest.fr/comparatif-lecteur-mp4-tactile/;lecteur MP4;tactile;technologie / sous-type;1;38788;Les meilleurs lecteurs MP4;https://meilleurtest.fr/comparatif-lecteur-mp4/;B : intention spécifique selon les attributs, mais aucun guide spécialisé dans le top 5;meilleurs lecteurs MP4 tactiles;0;;E,E+,G,G,E+;yonis-shop.com — Top Lecteur MP4: Meilleures Offres et Promotions;cdiscount.com — Lecteur MP4 tactile;ledenicheur.fr — Lecteur mp4 – Trouvez le meilleur prix;guide-achat.lefigaro.fr — Meilleur lecteur MP4;amazon.fr — Amazon.fr : Lecteur Mp4 Tactile;garder;"Trafic : 4 clics, dont 0 sur « tactile » (pos. 19) en mars-oct. 2025 ; Google seul : privé (Aucun guide 'tactile' : marchands, ledenicheur, guide Figaro général (pos. 4))"
42019;Les meilleures lessives contre les odeurs;https://meilleurtest.fr/comparatif-lessive-contre-les-odeurs/;lessive;anti-odeurs;technologie / sous-type;1;36833;Les meilleures lessives;https://meilleurtest.fr/comparatif-lessive/;B : intention spécifique selon les attributs, mais aucun guide spécialisé dans le top 5;meilleures lessives contre les odeurs;0;;F,O,F,E+,O;reddit.com — Quelle est la marque de lessive qui produit cette odeur ...;maia-home.fr — 3 Lessives Naturelles (Efficaces) Qui Sentent (Vraiment) Bon;youtube.com — Meilleure Lessive contre les odeurs;amazon.fr — Lessive Sport Anti Odeur;bibamagazine.fr — Voici la lessive qui tient le plus longtemps sur les vêtements;garder;"Trafic : 121 clics, dont 52 sur « anti-odeurs » (pos. 7) en mars-oct. 2025 ; Google seul : privé (Aucun guide écrit 'anti-odeurs' : Reddit, YouTube, Amazon, articles parfum)"
37597;Les meilleurs lisseurs pas cher;https://meilleurtest.fr/comparatif-lisseur-pas-cher/;lisseur à cheveux;pas cher;prix;1;36540;Les meilleurs lisseurs à cheveux;https://meilleurtest.fr/comparatif-lisseur-a-cheveux/;A : simple déclinaison, mais un guide spécialisé isolé dans le top 5;meilleurs lisseurs pas cher;1;;S?,S,E+,F,G;beaute-test.com — ces lisseurs à moins de 100 euros sont les plus vendus du ...;avis-beaute.marieclaire.fr — Top 5 des lisseurs cheveux à moins de 30;amazon.fr — Lisseur Pas Cher;reddit.com — C'est quoi le meilleur lisseur pas cher, pas cher ? : r/longhair;bleulibellule.com — Quels sont les lisseurs qui n'abîment pas les cheveux ?;garder;Google : Guides petit prix en pos. 1-2 (beaute-test, avis-beaute.marieclaire)
40042;Les meilleurs lisseurs pour cheveux épais;https://meilleurtest.fr/comparatif-lisseur-pour-cheveux-epais/;lisseur à cheveux;cheveux épais;non classé;1;36540;Les meilleurs lisseurs à cheveux;https://meilleurtest.fr/comparatif-lisseur-a-cheveux/;B : intention spécifique selon les attributs, mais aucun guide spécialisé dans le top 5;meilleurs lisseurs pour cheveux épais;0;;G,E,E,E+,F;bleulibellule.com — Quels sont les lisseurs qui n'abîment pas les cheveux ?;pascalcoste-shopping.com — Top 10 des meilleurs lisseurs cheveux | Le guide d'achat;boulanger.com — Bien choisir son lisseur;amazon.fr — Amazon.fr : Lisseur Cheveux Épais;youtube.com — LE MEILLEUR LISSEUR  | CHEVEUX FINS, EPAIS, FRISÉ ...;garder;"Trafic : 24 clics, dont 17 sur « cheveux épais » (pos. 11) en mars-oct. 2025 ; Google seul : privé (Aucun guide 'cheveux épais' : guides lisseurs généraux de marchands, Amazon, YouTube)"
39046;Les meilleurs lisseurs à plaques larges;https://meilleurtest.fr/comparatif-lisseur-a-plaques-larges/;lisseur à cheveux;plaques larges;non classé;1;36540;Les meilleurs lisseurs à cheveux;https://meilleurtest.fr/comparatif-lisseur-a-cheveux/;B : intention spécifique selon les attributs, mais aucun guide spécialisé dans le top 5;meilleurs lisseurs à plaques larges;0;;E+,E,G,E+,E;amazon.fr — Amazon.fr : Lisseur Plaque Large;pascalcoste-shopping.com — Top 10 des meilleurs lisseurs cheveux | Le guide d'achat;bleulibellule.com — Quels sont les lisseurs qui n'abîment pas les cheveux ?;darty.com — Lisseur plaques large - Achat en ligne;dyson.fr — Comment choisir son lisseur en 4 étapes ?;privé;"Google : Aucun guide 'plaques larges' : Amazon, Darty, guides généraux (pascalcoste, bleulibellule, dyson) ; peu de trafic (3 clics, dont 2 sur « plaques larges » (pos. 17) en mars-oct. 2025)"
36722;Les meilleurs lits en bois;https://meilleurtest.fr/comparatif-lit-bois/;lit;bois;matière / composition;1;37995;Les meilleurs lits;https://meilleurtest.fr/comparatif-lit/;C : intention spécifique et résultats mixtes (un seul guide spécialisé, pas en tête);meilleurs lits en bois;1;;S?,S?,E+,S,S?;beliani.fr — Lits en bois jusqu'à 50 % de réduction;berahgetah.com — Lit en bois massif;pinterest.com — 130 meilleures idées sur lit en bois;sleeps.fr — Meilleur Lit en Bois : Comparatif et Guide d'achat (2026);bobochicparis.com — Lit bois;privé;"Google : 1 seul guide spécialisé (sleeps.fr, pos. 4), reste marchand et Pinterest ; aucun clic en 2025"
38033;Les meilleurs lits cabanes Montessori;https://meilleurtest.fr/comparatif-lit-cabane-montessori/;lit;cabane, Montessori;usage / contexte, technologie / sous-type;1;36701;Les meilleurs lits Montessori;https://meilleurtest.fr/comparatif-lit-montessori/;C : intention spécifique et résultats mixtes (un seul guide spécialisé, pas en tête);meilleurs lits cabanes Montessori;1;;E+,S,E+,E+,S?;lit-cabane-cabania.com — Lit cabane Montessori pour enfant;je-suis-papa.ouest-france.fr — Meilleur lit Montessori enfant 2026 : comparatif (au sol ...;lelitcabane.fr — Love Mama: Lit cabane Montessori et déco chambre enfant;monlitcabane.com — Lit Montessori - Favorise l'autonomie de votre enfant;sauthon.com — Lit Montessori : Un choix éclairé;privé;"Google : Aucun guide 'cabane' : marchands ; je-suis-papa (pos. 2) vise lit Montessori en général ; aucun clic en 2025"
37436;Les meilleurs lits avec tiroir de rangement;https://meilleurtest.fr/comparatif-lit-tiroir-de-rangement/;lit;tiroir de rangement;non classé;2;36609;Les meilleurs lits avec rangements;https://meilleurtest.fr/comparatif-lit-avec-rangement/;B : intention spécifique selon les attributs, mais aucun guide spécialisé dans le top 5;meilleurs lits avec tiroir de rangement;0;;E,S?,O,G,E;but.fr — Achat Lit avec rangement pas cher;camif.fr — Lit avec rangement, tiroir pour adulte;bfmtv.com — Les 5 meilleurs lits tiroirs 2026;marieclaire.fr — Quel lit avec rangement choisir;ikea.com — Lit coffre et cadres de lit avec rangement;privé;"Google : 1 seul guide spécialisé (bfmtv, pos. 3), reste marchand/général ; aucun clic en 2025"
36605;Les meilleurs lits pliants;https://meilleurtest.fr/comparatif-lit-pliant/;lit d'appoint;pliant;technologie / sous-type;1;37757;Les meilleurs lits d'appoint;https://meilleurtest.fr/comparatif-lit-appoint/;C : intention spécifique et résultats mixtes (un seul guide spécialisé, pas en tête);meilleurs lits pliants;1;;S?,E,G,G,S;coreme.fr — Lit pliant et gains de place;tediber.com — Choisir un lit dépliable de bonne qualité;consobaby.com — Les meilleurs lits parapluie notés par les parents;madeinbebe.com — Top 10 des meilleurs lits parapluie 2026;likoolis.fr — Choisir son lit pliant pour un sommeil confortable;garder;"Trafic : 20 clics, dont 6 sur « pliant » (pos. 16) en mars-oct. 2025 ; Google seul : privé (1 seul S (likoolis, pos. 5) + 1 Sm (tediber) ; lits parapluie bébé hors sujet)"
38956;Les meilleurs lits enfants pour fille;https://meilleurtest.fr/comparatif-lit-enfant-pour-fille/;lit enfant;fille;public visé;1;38001;Les meilleurs lits enfants;https://meilleurtest.fr/comparatif-lit-enfant/;C : intention spécifique et résultats mixtes (un seul guide spécialisé, pas en tête);meilleurs lits enfants pour fille;1;;G,G,S,S?,O;je-suis-papa.ouest-france.fr — Comparatif des meilleurs lits junior pour enfant après 3 ans;chambre-enfant-bebe.fr — Lit Enfant Sécurisé : Nos Modèles Testés & Approuvés;adekokids.fr — Comment choisir le meilleur lit pour une petite fille ? Un guide ...;alfredetcompagnie.com — Lit Enfant Éco-Conçu Garçon & Fille, livraison rapide;marieclaire.fr — Lit enfant : 15 modèles irrésistibles pour la chambre enfant;privé;"Google : Aucun S : seul guide 'fille' marchand (adekokids, pos. 3), reste général/marchand ; aucun clic en 2025"
36905;Les meilleurs lits gigogne adulte;https://meilleurtest.fr/comparatif-lit-gigogne-adulte/;lit gigogne;adulte;public visé;1;37843;Les meilleurs lits gigognes;https://meilleurtest.fr/comparatif-lit-gigogne/;B : intention spécifique selon les attributs, mais aucun guide spécialisé dans le top 5;meilleurs lits gigogne adulte;0;;G,S?,S?,O,S?;lamaisonconvertible.fr — Comment choisir son lit gigogne ? ...;sobreal.fr — Lits gigognes adulte;maisonaveni.com — Lit gigogne adulte élégant, pratique et durable;marieclaire.fr — 10 lits gigogne pour gagner de la place;lelit.fr — Lit gigogne adulte : confort et couchage d'appoint – Lelit.fr;garder;"Trafic : 9 clics, dont 3 sur « adulte » (pos. 14) en mars-oct. 2025 ; Google seul : privé (Aucun guide 'adulte' : marchands (sobreal, maisonaveni, lelit) et guides gigogne généraux)"
39088;Les meilleurs lits gigognes enfant;https://meilleurtest.fr/comparatif-lit-gigogne-enfant/;lit gigogne;enfant;public visé;1;37843;Les meilleurs lits gigognes;https://meilleurtest.fr/comparatif-lit-gigogne/;B : intention spécifique selon les attributs, mais aucun guide spécialisé dans le top 5;meilleurs lits gigognes enfant;0;;S?,O,S?,S?,E+;petitechambre.fr — Lit Gigogne Enfant & Ado : Le Lit Tiroir 2-en-1;alfredetcompagnie.com — Lit Gigogne Eco-conçu - Alfred & Cie;sonuit.fr — Lit gigogne collection chambre enfant à prix câlin;petiteamelie.fr — Avantages lit gigogne : un choix malin pour les enfants - Blog;conforama.fr — Lit gigogne enfant pas cher;garder;"Série « public visé » alignée sur garder (adulte) ; avant : Google : Top 5 marchand (petitechambre, alfred, sonuit, petiteamelie, conforama), aucun guide d'achat ; aucun clic en 2025"
38929;Les meilleurs lits mezzanine adultes;https://meilleurtest.fr/comparatif-lit-mezzanine-adulte/;lit mezzanine;adulte;public visé;1;36911;Les meilleurs lits mezzanines;https://meilleurtest.fr/comparatif-lit-mezzanine/;B : intention spécifique selon les attributs, mais aucun guide spécialisé dans le top 5;meilleurs lits mezzanine adultes;0;;S?,S?,G,E,E;sobreal.fr — Lits mezzanine adulte;maisonaveni.com — Lit mezzanine adulte haut de gamme et durable;nateoconcept.com — Comparatif lit mezzanine : avis, modèles et recommandations;tediber.com — Choisir un lit mezzanine : Guide des différents types;but.fr — Lit superposé - Mezzanine - Lit mezzanine;garder;"Série « public visé » alignée sur garder (enfant) ; avant : Google : Aucun guide 'adulte' : marchands (sobreal, maisonaveni, but), guides mezzanine généraux ; peu de trafic (5 clics, dont 4 sur « adulte » (pos. 32) en mars-oct. 2025)"
36913;Les meilleurs lits mezzanine pour enfant;https://meilleurtest.fr/comparatif-lit-mezzanine-pour-enfant/;lit mezzanine;enfant;public visé;1;36911;Les meilleurs lits mezzanines;https://meilleurtest.fr/comparatif-lit-mezzanine/;C : intention spécifique et résultats mixtes (un seul guide spécialisé, pas en tête);meilleurs lits mezzanine pour enfant;1;;S?,S,S?,S?,E+;marieclaire.fr — Lit mezzanine : les modèles les plus astucieux pour ...;je-suis-papa.ouest-france.fr — Comparatif des meilleurs lits mezzanine enfant - Je suis papa;alfredetcompagnie.com — Lit Mezzanine Eco-Conçu Pour Enfant - Alfred & Cie;chambrekids.com — Votre lit mezzanine enfant idéal : made in France & durable !;conforama.fr — Lit superposé et lit mezzanine 2 places;garder;Google : Guide spécialisé 'mezzanine enfant' en position 2 (je-suis-papa.ouest-france.fr)
36730;Les meilleurs lits mezzanines bureaux;https://meilleurtest.fr/comparatif-lit-mezzanine-bureau/;lit mezzanine;bureau;usage / contexte;1;36911;Les meilleurs lits mezzanines;https://meilleurtest.fr/comparatif-lit-mezzanine/;B : intention spécifique selon les attributs, mais aucun guide spécialisé dans le top 5;meilleurs lits mezzanines bureaux;0;;O,G,G,E,O;alfredetcompagnie.com — Lit Mezzanine Eco-Conçu Pour Enfant - Alfred & Cie;nateoconcept.com — Comparatif lit mezzanine : avis, modèles et recommandations;je-suis-papa.ouest-france.fr — Comparatif des meilleurs lits mezzanine enfant - Je suis papa;but.fr — Lit superposé - Mezzanine - Lit mezzanine;camif.fr — Lits mezzanine enfant : la tête dans les nuages;privé;"Google : Aucun résultat 'bureau' : guides mezzanine généraux et marchands ; peu de trafic (1 clics, dont 0 sur « bureau » (pos. 28) en mars-oct. 2025)"
40398;Les meilleures litières pour chat sans odeur;https://meilleurtest.fr/comparatif-litiere-pour-chat-sans-odeur/;litière pour chat;sans odeur;technologie / sous-type;1;39270;Les meilleures litières pour chat;https://meilleurtest.fr/comparatif-litiere-pour-chat/;C : intention spécifique et résultats mixtes (un seul guide spécialisé, pas en tête);meilleures litières pour chat sans odeur;1;;F,S?,S,F,F;lacompagniedesanimaux.com — Quelle litière sans odeur choisir pour son chat ?;litiere-tranquille.com — Litières sans odeur pour chat;griffedamour.com — Meilleure litière chat appartement : Top 5 anti-odeurs;lafermedesanimaux.com — Quelle litière anti odeur pour son chat ? - La Ferme des Animaux;reddit.com — Meilleure litière pour chat anti-poussière et anti-odeur;privé;"Google : 1 S (griffedamour, pos. 3) + 2 guides marchands (compagnie/ferme des animaux) — vérifié : griffedamour.com = boutique, donc privé ; aucun clic en 2025"
42397;Les meilleures litières pour chaton;https://meilleurtest.fr/comparatif-litiere-pour-chaton/;litière pour chat;chaton;public visé;1;39270;Les meilleures litières pour chat;https://meilleurtest.fr/comparatif-litiere-pour-chat/;C : intention spécifique et résultats mixtes (un seul guide spécialisé, pas en tête);meilleures litières pour chaton;1;;F,S,G,G,F;lafermedesanimaux.com — Quel type de litière pour chaton ? Laquelle choisir ?;jopy.fr — Choisir la Meilleure Litière pour Chaton : Le Guide Ultime;griffedamour.com — Meilleure litière chat appartement : Top 5 anti-odeurs;la-spa.fr — Le guide complet de la litière pour chat - SPA;reddit.com — Quelle est selon vous la meilleure litière ? : r/chats;privé;"Google : Guide 'chaton' en position 2 (jopy.fr) — vérifié : jopy.fr = boutique, donc privé ; aucun clic en 2025"
38431;Les meilleures lunch box chauffantes;https://meilleurtest.fr/comparatif-lunch-box-chauffante/;lunch box;chauffant;technologie / sous-type;1;38625;Les meilleures lunch box;https://meilleurtest.fr/comparatif-lunch-box/;C : intention spécifique et résultats mixtes (un seul guide spécialisé, pas en tête);meilleures lunch box chauffantes;1;;G,S?,S,E,F;lemonde.fr — Les meilleures lunch box pour la pause déjeuner;monbento.com — Lunch Box Chauffante & Gamelle;healthy-lunch.fr — Chauffe gamelle pour chantier : Lequel choisir ? | Healthy Lunch;amazon.fr — Boîtes-repas;youtube.com — La Lunch Box Chauffante Révolutionnaire : Mangez Chaud ...;garder;"Trafic : 61 clics, dont 0 sur « chauffant » (pos. 44) en mars-oct. 2025 ; Google seul : privé (1 seul guide (healthy-lunch 'chauffe gamelle', pos. 3), reste marchand/général/vidéo)"
36437;Les meilleures lunch box isothermes;https://meilleurtest.fr/comparatif-lunch-box-isotherme/;lunch box;isotherme;technologie / sous-type;1;38625;Les meilleures lunch box;https://meilleurtest.fr/comparatif-lunch-box/;B : intention spécifique selon les attributs, mais aucun guide spécialisé dans le top 5;meilleures lunch box isothermes;0;;S?,S?,G,G,G;qwetch.com — Boîtes Repas & Lunch Box Isothermes;monbento.com — Lunch Box Isotherme MB Element;healthy-lunch.fr — Thermos repas chaud : lequel choisir ? I Healthy Lunch;bee-lunch.com — Quelle lunch box choisir ? Guide complet;lemonde.fr — Les meilleures lunch box pour la pause déjeuner;garder;"Trafic : 14 clics, dont 9 sur « isotherme » (pos. 18) en mars-oct. 2025 ; Google seul : privé (Marques en tête + guides généraux, aucun guide 'isotherme')"
42060;Les meilleures machines à café moulu;https://meilleurtest.fr/comparatif-machine-a-cafe-moulu/;machine à café;café moulu;non classé;1;37462;Les meilleures machines à café;https://meilleurtest.fr/comparatif-machine-a-cafe/;B : intention spécifique selon les attributs, mais aucun guide spécialisé dans le top 5;meilleures machines à café moulu;0;;G,E,G,G,G;graindecafe.com — Meilleures Marques de Machines à café;coffee-webstore.com — Comparatif machine à café à grain 2026;coffee-spirit.maxicoffee.com — Quelle est la meilleure machine expresso pour débutant ?;lesnumeriques.com — Comparatif / 80 machines à café automatiques avec ...;atelierbraam.com — Meilleures machines à café à grain d'entrée de gamme ...;privé;"Google : Aucun guide 'café moulu' : guides généraux ou machines à grain ; peu de trafic (1 clics, dont 1 sur « café moulu » (pos. 53) en mars-oct. 2025)"
40607;Les meilleures machines à café Keurig;https://meilleurtest.fr/comparatif-cafetiere-keurig/;machine à café;dosettes, Keurig;technologie / sous-type, marque;2;38185;Les meilleures machines à café à dosettes;https://meilleurtest.fr/comparatif-machine-a-cafe-a-dosettes/;A : simple déclinaison, mais un guide spécialisé isolé dans le top 5;meilleures machines à café Keurig;1;;F,S,E+,O,E+;reddit.com — Quelle est la meilleure machine Keurig ? : r/Coffee;fr.qz.com — Les meilleures cafetières à dosettes K-Cup selon Consumer ...;amazon.fr — Amazon.fr : Keurig;francoischarron.com — Savourez une tasse de café parfaitement à votre goût à ...;leroymerlin.fr — Keurig machine à café au meilleur prix;garder;Trafic : 1 clics, dont 0 sur « Keurig » (pos. 15) en mars-oct. 2025
41921;Les meilleures machines à café avec broyeur silencieux;https://meilleurtest.fr/comparatif-machine-a-cafe-avec-broyeur-silencieux/;machine à café;broyeur, silencieux;non classé, adjectif de qualité;2;37376;Les meilleures machines à café à grains (avec broyeur);https://meilleurtest.fr/comparatif-machine-a-cafe-a-grain/;A : simple déclinaison, mais un guide spécialisé isolé dans le top 5;meilleures machines à café avec broyeur silencieux;1;;E+,S?,S,S?,S?;coffee-webstore.com — Quelle machine à café à grain silencieuse choisir en 2026 ?;atelierbraam.com — Machine à Café à Grain Avec Broyeur Silencieux;maxicoffee.com — Machine à café avec broyeur silencieux au meilleur prix;melitta.fr — Machines avec un moulin silencieux;quechoisir.org — Cafetière à expresso avec broyeur à grains;privé;"Google : Aucun guide indépendant 'silencieux' : marchands/marques ; quechoisir général broyeur ; peu de trafic (13 clics, dont 1 sur « silencieux » (pos. 23) en mars-oct. 2025)"
42395;Les meilleures machines à café à grains double bac;https://meilleurtest.fr/comparatif-machine-a-cafe-a-grains-double-bac/;machine à café;broyeur, double bac;non classé, technologie / sous-type;2;37376;Les meilleures machines à café à grains (avec broyeur);https://meilleurtest.fr/comparatif-machine-a-cafe-a-grain/;C : intention spécifique et résultats mixtes (un seul guide spécialisé, pas en tête);meilleures machines à café à grains double bac;1;;E+,S,O,G,E+;coffee-webstore.com — Meilleures machines à café double bac : comparatif et avis ...;maxicoffee.com — Machine à café à grain double bac au meilleur prix;melitta.fr — Machines avec double réservoir à grains;atelierbraam.com — Meilleures machines à café à grain 2026;amazon.fr — Machine A Cafe Grain Double Bac;privé;"Google : Aucun guide indépendant ; seul guide marchand coffee-webstore (pos. 1) ; aucun clic en 2025"
38564;Les meilleures machines à coudre électroniques;https://meilleurtest.fr/comparatif-machine-a-coudre-electroniques/;machine à coudre;électronique;technologie / sous-type;1;36829;Les meilleures machines à coudre;https://meilleurtest.fr/comparatif-machine-a-coudre/;B : intention spécifique selon les attributs, mais aucun guide spécialisé dans le top 5;meilleures machines à coudre électroniques;0;;G,G,G,G,G;mondialtissus.fr — Quelle machine à coudre choisir ? Comparatif expert 2026;coudreetbroder.com — Guide d'achat machine à coudre - Conseils;ateliermachineacoudre.com — Comparatif Machine à Coudre milieu de gamme;simac-services.com — Quelle machine à coudre choisir en 2026 ? | Comparatif et ...;atelierfoudecoudre.fr — Quelle machine à coudre choisir selon votre usage;privé;"Google : Uniquement des guides machine à coudre généraux, aucun 'électronique' ; peu de trafic (5 clics, dont 3 sur « électronique » (pos. 37) en mars-oct. 2025)"
41902;Les meilleures machines à expresso avec broyeur;https://meilleurtest.fr/comparatif-machine-a-expresso-avec-broyeur/;machine à expresso;avec broyeur;technologie / sous-type;1;36838;Les meilleures machines à expresso;https://meilleurtest.fr/comparatif-machine-a-expresso/;C : intention spécifique et résultats mixtes (un seul guide spécialisé, pas en tête);meilleures machines à expresso avec broyeur;1;;S?,S,G,E+,E+;quechoisir.org — Cafetière à expresso avec broyeur à grains;lesnumeriques.com — Quelles sont les meilleures cafetières automatiques avec ...;maxicoffee.com — Machine à Café à Grain au meilleur prix;coffee-webstore.com — Top 10 machines à café à grains avec broyeur;darty.com — Machine à café à grain - Expresso broyeur;à signaler;Doublon : Même intention que le multi « machines à café à grains (avec broyeur) » (Google : garder)
41955;Les meilleures machines à expresso sans broyeur;https://meilleurtest.fr/comparatif-machine-a-expresso-sans-broyeur/;machine à expresso;sans broyeur;technologie / sous-type;1;36838;Les meilleures machines à expresso;https://meilleurtest.fr/comparatif-machine-a-expresso/;B : intention spécifique selon les attributs, mais aucun guide spécialisé dans le top 5;meilleures machines à expresso sans broyeur;0;;G,G,G,E,E+;coffee-spirit.maxicoffee.com — Meilleure machine expresso manuelle : notre classement ...;quechoisir.org — Cafetière à expresso - Bien choisir sa machine à expresso;placesducafe.com — Selon son budget ou ses compétences, quelle machine à ...;coffee-webstore.com — Guide des meilleures machines à café espresso manuelles ...;beko.fr — La sélection Machine Expresso sans broyeur;privé;"Google : Aucun guide 'sans broyeur' : guides généraux ou 'manuelles', page Beko ; peu de trafic (7 clics, dont 4 sur « sans broyeur » (pos. 23) en mars-oct. 2025)"
41864;Les meilleurs citrates de magnésium en poudre;https://meilleurtest.fr/comparatif-citrate-de-magnesium-en-poudre/;magnésium;citrate, poudre;non classé, technologie / sous-type;1;38386;Les meilleurs magnésium;https://meilleurtest.fr/comparatif-magnesium/;C : intention spécifique et résultats mixtes (un seul guide spécialisé, pas en tête);meilleurs citrates de magnésium en poudre;1;;S?,S?,S?,S?,S;nutrimuscle.com — Citrate de Magnésium en poudre;valebio.com — Citrate de Magnésium Complément Alimentaire en Poudre;phytonut.com — Magnésium citrate - poudre;sunday.fr — Magnésium citrate en poudre - Sunday Natural;granions.fr — Quel magnésium choisir ? Comparatif bisglycinate, citrate, ...;privé;"Google : Top 4 fiches produits marchandes ; granions (pos. 5) guide magnésium général de marque ; aucun clic en 2025"
37518;Les meilleurs maillots de bain 1 pièce;https://meilleurtest.fr/comparatif-maillot-de-bain-1-piece/;maillot de bain;1 pièce;technologie / sous-type;1;37347;Les meilleurs maillots de bain;https://meilleurtest.fr/comparatif-maillot-de-bain/;B : intention spécifique selon les attributs, mais aucun guide spécialisé dans le top 5;meilleurs maillots de bain 1 pièce;0;;S?,S?,S?,O,S?;paindesucre.com — Maillot de bain 1 pièce - Dos nu, push-up, gainant;livia.com — Maillot de bain 1 pièce;janinerobin.com — Maillots de bain 1 pièce;marieclaire.fr — Et si on misait sur un maillot une pièce pour l'été;bananamoon.com — Maillot de bain 1 pièce;privé;"Google : Top 5 marchand ; marieclaire (pos. 4) article tendance, pas un guide ; aucun clic en 2025"
42352;Les meilleurs maillots de bain pour homme;https://meilleurtest.fr/comparatif-maillot-de-bain-pour-homme/;maillot de bain;homme;public visé;1;37347;Les meilleurs maillots de bain;https://meilleurtest.fr/comparatif-maillot-de-bain/;C : intention spécifique et résultats mixtes (un seul guide spécialisé, pas en tête);meilleurs maillots de bain pour homme;1;;S?,S,S?,S?,S?;commeuncamion.com — 10 marques de maillots de bain à connaitre (2026);verygoodlord.com — les meilleures marques de maillot de bain pour homme;vilebrequin.com — Maillot de bain homme;gqmagazine.fr — 15 marques de maillots de bain pour homme pour être ...;leslipfrancais.fr — Maillots de bain Homme Made In France;garder;Google : Guides 'homme' en pos. 2 et 4 (verygoodlord, GQ)
42369;Les meilleurs maillots de bain string;https://meilleurtest.fr/comparatif-maillot-de-bain-string/;maillot de bain;string;non classé;1;37347;Les meilleurs maillots de bain;https://meilleurtest.fr/comparatif-maillot-de-bain/;B : intention spécifique selon les attributs, mais aucun guide spécialisé dans le top 5;meilleurs maillots de bain string;0;;S?,O,S?,S?,S?;bellesdespins.com — Nos maillots de bain strings;scandale.com — Swimwear - Maillots de bain femme;calzedonia.com — Maillots de bain et bikinis string femme;undiz.com — Bas de maillot de bain string;fr.lounge.com — Maillots de bain string;privé;"Google : Top 5 entièrement marchand (bellesdespins, calzedonia, undiz…), aucun guide ; aucun clic en 2025"
42350;Les meilleurs maillots de bain échancré;https://meilleurtest.fr/comparatif-maillot-de-bain-echancre/;maillot de bain;échancré;non classé;1;37347;Les meilleurs maillots de bain;https://meilleurtest.fr/comparatif-maillot-de-bain/;B : intention spécifique selon les attributs, mais aucun guide spécialisé dans le top 5;meilleurs maillots de bain échancré;0;;O,O,G,S?,S?;paindesucre.com — Maillots de bain femme;glamuse.com — Maillots de bain Femme – Chic et Glamour;vogue.fr — Les 27 meilleures marques de maillots de bain à connaître;bananamoon.com — Maillot de Bain Échancré;bellesdespins.com — Maillots de bain échancrés;privé;"Google : Marchands + Vogue général (pos. 3), aucun guide 'échancré' ; aucun clic en 2025"
40141;Les meilleures manettes Android;https://meilleurtest.fr/comparatif-manette-android/;manette;Android;technologie / sous-type;1;39189;Les meilleurs joypads;https://meilleurtest.fr/comparatif-joypad/;C : intention spécifique et résultats mixtes (un seul guide spécialisé, pas en tête);meilleures manettes Android;1;;E+,S,F,E,F;frandroid.com — Meilleure manette pour smartphone Android : le comparatif ...;dealsdugamer.fr — Quelles sont les meilleures manettes de jeux pour ...;reddit.com — Quelle manette Android utilisez-vous;ldlc.com — Manette smartphone - Achat, guide & conseil;youtube.com — The best controller for your smartphone #shortswithzita;garder;Google : Comparatif 'Android' de frandroid en position 1
37046;Les meilleures manettes PC gamer;https://meilleurtest.fr/comparatif-manette-pc-gamer/;manette;gaming, PC;usage / contexte, usage / contexte;1;39189;Les meilleurs joypads;https://meilleurtest.fr/comparatif-joypad/;C : intention spécifique et résultats mixtes (un seul guide spécialisé, pas en tête);meilleures manettes PC gamer;1;;E+,F,S,E+,F;idealo.fr — ▷▷ Manette de jeu Scuf Gaming 2026 au meilleur prix;reddit.com — Est-ce que des joueurs pros PC utilisent des manettes;jeuxend.com — Aniimo : meilleures manettes et accessoires pour PC, PS5 ...;leclaireur.fnac.com — Claviers, souris, manettes, joysticks : les meilleurs ...;reddit.com — Nouveau joueur PC. Recommandations de manettes;privé;"Google : 1 seul S (jeuxend, pos. 3, multi-plateforme), reste marchand/forums ; peu de trafic (2 clics, dont 2 sur « gaming, PC » (pos. 28) en mars-oct. 2025)"
37519;Les meilleures manettes PS4;https://meilleurtest.fr/comparatif-manette-ps4/;manette;PS4;technologie / sous-type;1;39189;Les meilleurs joypads;https://meilleurtest.fr/comparatif-joypad/;C : intention spécifique et résultats mixtes (un seul guide spécialisé, pas en tête);meilleures manettes PS4;1;;G,F,G,E,S;lesnumeriques.com — Guide : Quelles sont les meilleures manettes pour jouer sur ...;reddit.com — Meilleure manette PS4 ? : r/RocketLeagueSchool;gamertech.fr — Les Meilleures Manettes PS5 et PS5 Pro | Comparatif 2026;amazon.fr — Manettes;frandroid.com — PS5, PS4 : quelle manette de PlayStation acheter en 2026 ?;garder;"Trafic : 4 clics, dont 3 sur « PS4 » (pos. 14) en mars-oct. 2025 ; Google seul : privé (1 seul guide 'PS4' (frandroid, pos. 5) ; lesnumeriques sans attribut visible)"
39012;Les meilleures mangeoires à oiseaux sur pied;https://meilleurtest.fr/comparatif-mangeoire-a-oiseaux-sur-pied/;mangeoire à oiseaux;sur pied;technologie / sous-type;1;37781;Les meilleures mangeoires à oiseaux;https://meilleurtest.fr/comparatif-mangeoire-a-oiseau/;B : intention spécifique selon les attributs, mais aucun guide spécialisé dans le top 5;meilleures mangeoires à oiseaux sur pied;0;;G,O,G,E+,E;oisillon.net — CHOISIR une mangeoire- Quelle est la meilleure mangeoire ?;fr.jardins-animes.com — Mangeoire oiseau, nichoir, cabane et nourriture;vivara.fr — Top 10 mangeoires - Vivara.fr;jardiland.com — Mangeoire pour oiseau sur pied;botanic.com — Tout savoir sur les mangeoires et abreuvoirs pour oiseaux;privé;"Google : Aucun guide 'sur pied' : guides mangeoires généraux et marchands ; aucun clic en 2025"
36875;Les meilleurs masques pour cheveux secs;https://meilleurtest.fr/comparatif-masque-pour-cheveux-secs/;masque capillaire;cheveux secs;usage / contexte;1;42382;Les meilleurs masques pour cheveux;https://meilleurtest.fr/comparatif-masque-pour-cheveux/;B : intention spécifique selon les attributs, mais aucun guide spécialisé dans le top 5;meilleurs masques pour cheveux secs;0;;G,G,G,O,E;quechoisir.org — Masques capillaires - Comparatif Substances toxiques ...;avis-beaute.marieclaire.fr — Meilleurs masques cheveux abîmés selon UFC Que Choisir;superbeaute.fr — Meilleurs MASQUES pour prendre soin de vos cheveux ...;elenature.com — Tout savoir sur les masques pour cheveux;shopping.cosmopolitan.fr — Les meilleurs masques cheveux à moins de 10 euros;privé;"Google : Guides masques généraux ; marieclaire (pos. 2) vise 'abîmés', pas 'secs' ; peu de trafic (4 clics, dont 1 sur « cheveux secs » (pos. 34) en mars-oct. 2025)"
39906;Les meilleurs masques anti-acné;https://meilleurtest.fr/comparatif-masque-anti-acne/;masque visage;anti-acné;technologie / sous-type;1;38150;Les meilleurs masques visage;https://meilleurtest.fr/comparatif-masque-visage/;C : intention spécifique et résultats mixtes (un seul guide spécialisé, pas en tête);meilleurs masques anti-acné;1;;G,O,S?,G,S;patyka.com — Quel masque pour réduire l'acné;elle.ch — 16 masques pour le visage qui agissent contre l'acné | Elle;boticinal.com — Masque Anti Acné : peaux à acné et imperfections;ducray.com — quel masque pour lutter contre l'acné;adonisse.fr — Masque LED acné : Les meilleurs masques anti- ...;garder;Google : Sélection 'acné' en position 2 (elle.ch) + guides de marques (patyka, ducray)
41877;Les meilleurs fleshlights transparents;https://meilleurtest.fr/comparatif-fleshlight-transparent/;masturbateur;Fleshlight, transparent;marque, couleur / style;1;37228;Les meilleurs masturbateurs;https://meilleurtest.fr/comparatif-masturbateur/;A : simple déclinaison, mais un guide spécialisé isolé dans le top 5;meilleurs fleshlights transparents;1;;E+,S,F,S?,S?;amazon.com — Fleshlight | Ice Lady | Clear Male Sex Toy;bedbible.com — The 5 Best Clear Fleshlights [Actually Tested];reddit.com — Best clear fleshlight;lovehoney.com — Clear Fleshlight for Men - Sex Toys;adameve.com — Clear Fleshlights | Shop Transparent Male Masturbators;supprimer;Contenu adulte : suppression complète déjà validée (410), hors arbitrage
39842;Les meilleurs masturbateurs anaux;https://meilleurtest.fr/comparatif-masturbateur-anal/;masturbateur;anal;usage / contexte;1;37228;Les meilleurs masturbateurs;https://meilleurtest.fr/comparatif-masturbateur/;C : intention spécifique et résultats mixtes (un seul guide spécialisé, pas en tête);meilleurs masturbateurs anaux;1;;S?,O,O,S,G;adameteve.fr — Masturbateur anal : une sodomie réaliste;vivelavita.com — Masturbateurs en Forme D'anus | 117 Promotions Discrètes;espaceplaisir.fr — Masturbateur anus ultra réaliste Emilie de Toi et Moi;meilleur-masturbateur-masculin.fr — Tests et avis du meilleur masturbateur masculin anal;easytoys.fr — Les 10 meilleurs masturbateurs;supprimer;Contenu adulte : suppression complète déjà validée (410), hors arbitrage
42347;Les meilleurs masturbateurs automatiques;https://meilleurtest.fr/comparatif-masturbateur-automatique/;masturbateur;automatique;technologie / sous-type;1;37228;Les meilleurs masturbateurs;https://meilleurtest.fr/comparatif-masturbateur/;B : intention spécifique selon les attributs, mais aucun guide spécialisé dans le top 5;meilleurs masturbateurs automatiques;0;;G,G,S?,E+,F;gqmagazine.fr — Les meilleurs masturbateurs pour homme de 2026;lemalefrancais.com — Masturbateur homme : lequel choisir ?;adameteve.fr — Masturbateur automatique : laissez le faire;amazon.fr — Masturbateur Automatique - 4 Étoiles & Plus / Sex Toys ...;reddit.com — Meilleur masturbateur automatique (pour hommes) ...;supprimer;Contenu adulte : suppression complète déjà validée (410), hors arbitrage
42349;Les meilleurs masturbateurs réalistes;https://meilleurtest.fr/comparatif-masturbateur-realiste/;masturbateur;réaliste;non classé;1;37228;Les meilleurs masturbateurs;https://meilleurtest.fr/comparatif-masturbateur/;B : intention spécifique selon les attributs, mais aucun guide spécialisé dans le top 5;meilleurs masturbateurs réalistes;0;;S?,S?,G,E+,G;espaceplaisir.fr — Masturbateur réaliste pour homme : sensations intenses & ...;concordelove.fr — Masturbateurs Ultra Réalistes pour Homme;gqmagazine.fr — Les meilleurs masturbateurs pour homme de 2026;amazon.fr — Mastubateurs Réalistes / Masturbateurs Masculins;lemalefrancais.com — Masturbateur homme : lequel choisir ?;supprimer;Contenu adulte : suppression complète déjà validée (410), hors arbitrage
36651;Les meilleurs matelas 140×190;https://meilleurtest.fr/comparatif-matelas-140x190/;matelas;140x190;taille / capacité / quantité;1;37112;Les meilleurs matelas;https://meilleurtest.fr/comparatif-matelas/;A : simple déclinaison, mais un guide spécialisé isolé dans le top 5;meilleurs matelas 140×190;1;;E,G,G,S,E+;lacompagniedulit.com — Meilleur Matelas : Découvrez nos offres;quechoisir.org — Comment choisir son matelas - Guide d'achat;lexpress.fr — Les meilleurs matelas pour un sommeil réparateur en 2026;merinos.fr — Meilleur matelas 140x190 : un standard incontournable;lematelas.fr — Matelas 140x190 Très Ferme - Livraison offerte;garder;"Série « taille / capacité / quantité » alignée sur garder (160x200, 90x190) ; avant : Google : Aucun S : seul guide '140x190' de marque (merinos, pos. 4) ; aucun clic en 2025"
36665;Les meilleurs matelas 160×200;https://meilleurtest.fr/comparatif-matelas-160x200/;matelas;160x200;taille / capacité / quantité;1;37112;Les meilleurs matelas;https://meilleurtest.fr/comparatif-matelas/;A : simple déclinaison, mais un guide spécialisé isolé dans le top 5;meilleurs matelas 160×200;1;;E+,G,S,G,E+;lacompagniedulit.com — Matelas 160x200 : Découvrez nos Offres;quechoisir.org — Comment choisir son matelas - Guide d'achat;expertlitier.com — Matelas 160x200 cm au meilleur prix;lexpress.fr — Les meilleurs matelas pour un sommeil réparateur en 2026;quelmatelas.fr — Meilleur matelas 160x200 cm queen size : comparatif | 2026;garder;"Trafic : 8 clics, dont 5 sur « 160x200 » (pos. 28) en mars-oct. 2025 ; Google seul : privé (1 seul guide '160x200' (quelmatelas.fr, pos. 5), reste marchand/général)"
36728;Les meilleurs matelas 90×190;https://meilleurtest.fr/comparatif-matelas-90x190/;matelas;90x190;taille / capacité / quantité;1;37112;Les meilleurs matelas;https://meilleurtest.fr/comparatif-matelas/;A : simple déclinaison, mais un guide spécialisé isolé dans le top 5;meilleurs matelas 90×190;1;;E+,E+,S,E+,E+;lacompagniedulit.com — Matelas 90x190 : Découvrez nos Offres;ecomatelas.fr — Matelas 90x190 (paiement 3x sans frais);bfmtv.com — Les 7 meilleurs matelas 90x190 haut de gamme 2026;tediber.com — Comment choisir le meilleur matelas 90x190;kidsliterie.com — Quel matelas pour lit 90x190 enfant : comparatif et conseils;garder;Google : 1 S (bfmtv, pos. 3) + 2 guides marchands '90x190' (tediber, kidsliterie)
36928;Les meilleurs matelas en mousse;https://meilleurtest.fr/comparatif-matelas-mousse/;matelas;mousse;technologie / sous-type;1;37112;Les meilleurs matelas;https://meilleurtest.fr/comparatif-matelas/;B : intention spécifique selon les attributs, mais aucun guide spécialisé dans le top 5;meilleurs matelas en mousse;0;;E,E+,G,E,E+;lacompagniedulit.com — Meilleur Matelas : Découvrez nos offres;bultex.fr — Choisir un matelas en mousse pour un sommeil réparateur;quechoisir.org — Comment choisir son matelas - Guide d'achat;quelmatelas.fr — Meilleurs Matelas Mémoire De Forme | 2026;ecomatelas.fr — Quel est le meilleur matelas : mousse, latex ou à ressorts ? ...;privé;"Google : Aucun S : guide de marque bultex (pos. 2), reste marchand/général ; peu de trafic (2 clics, dont 0 sur « mousse » (pos. 62) en mars-oct. 2025)"
39248;Les meilleurs matelas à ressorts ensachés;https://meilleurtest.fr/comparatif-matelas-a-ressorts-ensaches/;matelas;ressorts ensachés;technologie / sous-type;1;37112;Les meilleurs matelas;https://meilleurtest.fr/comparatif-matelas/;B : intention spécifique selon les attributs, mais aucun guide spécialisé dans le top 5;meilleurs matelas à ressorts ensachés;0;;E+,S?,E,E+,E+;lacompagniedulit.com — Matelas Ressorts ensachés : Découvrez nos Offres;maison-aubertin.com — Matelas à Ressorts Ensachés Haut de Gamme;maisondelaliterie.fr — Quel matelas à ressort choisir ?;tediber.com — Matelas à ressorts ensachés haut de gamme : Guide complet;quelmatelas.fr — Meilleurs Matelas À Ressorts Ensachés | 2026;privé;"Google : 1 seul S (quelmatelas.fr, pos. 5) + 1 guide de marque (tediber) ; aucun clic en 2025"
38979;Les meilleurs matelas latex naturel;https://meilleurtest.fr/comparatif-matelas-latex-naturel/;matelas;latex naturel;non classé;2;38862;Les meilleurs matelas latex;https://meilleurtest.fr/comparatif-matelas-latex/;C : intention spécifique et résultats mixtes (un seul guide spécialisé, pas en tête);meilleurs matelas latex naturel;1;;E+,G,F,E+,S;cosme-literie.com — Comparatif meilleur matelas en latex naturel;matelasnostress.fr — Top 5 Meilleur Matelas Latex 2026;forum.quechoisir.org — Comparatif matelas latex naturel: comment choisir?;tediber.com — Choisir un matelas en latex naturel : guide complet;loreillerdelorraine.fr — Le meilleur matelas 100% latex naturel;privé;"Google : Aucun S indépendant : guides marchands (cosme-literie, tediber, loreillerdelorraine), forum, général ; peu de trafic (3 clics, dont 1 sur « latex naturel » (pos. 44) en mars-oct. 2025)"
42358;Les meilleurs matelas viscoélastiques;https://meilleurtest.fr/comparatif-matelas-viscoelastique/;matelas;viscoélastique;technologie / sous-type;2;37550;Les meilleurs matelas à mémoire de forme;https://meilleurtest.fr/comparatif-matelas-a-memoire-de-forme/;B : intention spécifique selon les attributs, mais aucun guide spécialisé dans le top 5;meilleurs matelas viscoélastiques;0;;S?,S?,S?,S?,G;dormideo.fr — Matelas en mousse viscoélastique;dormissimo.com — Matelas viscoélastique;emma.fr — Tout savoir sur la mousse viscoélastique - Matelas;mamoussesurmesure.com — Matelas viscoélastique - Tailles standard et sur mesure;quechoisir.org — Comment choisir son matelas à mémoire de forme;à signaler;Doublon : Viscoélastique = mémoire de forme : synonyme du multi parent matelas à mémoire de forme (Google : privé)
42363;Les meilleurs matelas de berceau;https://meilleurtest.fr/comparatif-matelas-de-berceau/;matelas bébé;berceau;non classé;1;37915;Les meilleurs matelas bébé;https://meilleurtest.fr/comparatif-matelas-bebe/;B : intention spécifique selon les attributs, mais aucun guide spécialisé dans le top 5;meilleurs matelas de berceau;0;;G,O,G,E,G;matelasnostress.fr — Top 5 Meilleur Matelas bébé 2026;consobaby.com — Tous les matelas bébé notés par des parents;mamadvisor.magicmaman.com — Quel est le meilleur matelas pour bébé - Mam'Advisor;berceaumagique.com — Guide : Comment choisir le matelas de bébé ?;quechoisir.org — Comment choisir un matelas bébé - Guide d'achat;privé;"Google : Que des guides matelas bébé généraux, aucun guide 'berceau' ; aucun clic en 2025"
36780;Les meilleurs matelas de randonnée;https://meilleurtest.fr/comparatif-matelas-de-randonnee/;matelas de camping;randonnée;usage / contexte;1;36479;Les meilleurs matelas de camping;https://meilleurtest.fr/comparatif-matelas-de-camping/;B : intention spécifique selon les attributs, mais aucun guide spécialisé dans le top 5;meilleurs matelas de randonnée;0;;G,E+,G,G,G;i-trekkings.net — Test comparatif de 9 matelas 3 saisons ultralight;hardloop.fr — Les 10 meilleurs matelas de randonnée;tonton-outdoor.com — Quels sont les meilleurs matelas de bivouac 2026 ?;bigagnes.fr — Blog » Comment bien choisir son matelas de trekking ?;rayonrando.com — Les meilleurs matelas de trekking isolants;privé;"Google : 1 S (rayonrando, pos. 5) + 3 guides marchands (hardloop, tonton-outdoor, bigagnes) — vérifié : rayonrando.com = boutique, donc privé ; peu de trafic (1 clics, dont 0 sur « randonnée » (pos. 51) en mars-oct. 2025)"
38810;Les meilleures meuleuses 230 mm;https://meilleurtest.fr/comparatif-meuleuse-230-mm/;meuleuse;230 mm;taille / capacité / quantité;1;37136;Les meilleures meuleuses;https://meilleurtest.fr/comparatif-meuleuse/;A : simple déclinaison, mais un guide spécialisé isolé dans le top 5;meilleures meuleuses 230 mm;1;;S?,G,E,S,F;guedo-outillage.fr — Meuleuse d'angle 230 mm : filaire & sans-fil;outillage-de-pro.com — Meilleure Meuleuse | Le Comparatif des Pros ᑕ❶ᑐ - Outillage;leroymerlin.fr — Comparer meuleuse 230 au meilleur prix;rotopino.fr — classement de meuleuses d'angle 230 mm;youtube.com — TOP 3: Best 230mm Angle Grinders;garder;"Trafic : 24 clics, dont 22 sur « 230 mm » (pos. 2) en mars-oct. 2025 ; Google seul : privé (Aucun guide indépendant '230 mm' ; classement marchand rotopino (pos. 4))"
40181;Les meilleurs micro-ondes monofonction;https://meilleurtest.fr/comparatif-micro-onde-monofonction/;micro-ondes;monofonction;non classé;1;37901;Les meilleurs micro-ondes;https://meilleurtest.fr/comparatif-micro-onde/;B : intention spécifique selon les attributs, mais aucun guide spécialisé dans le top 5;meilleurs micro-ondes monofonction;0;;E,E+,G,G,G;darty.com — La sélection des meilleurs micro-ondes;boulanger.com — Micro-ondes monofonction;quechoisir.org — Comment choisir son four micro-ondes - Guide d'achat;occasionsrenee.fr — Quel micro-ondes simple choisir : guide des meilleurs ...;electroguide.com — Les 7 meilleurs micro-ondes classiques 2026;garder;"Trafic : 18 clics, dont 7 sur « monofonction » (pos. 11) en mars-oct. 2025 ; Google seul : privé (2 guides 'simple/classique' en pos. 4-5 (occasionsrenee, electroguide) — vérifié : occasionsrenee.fr = boutique, donc privé)"
37985;Les meilleurs micro-ondes multifonction;https://meilleurtest.fr/comparatif-micro-onde-multifonction/;micro-ondes;multifonction;technologie / sous-type;1;37901;Les meilleurs micro-ondes;https://meilleurtest.fr/comparatif-micro-onde/;B : intention spécifique selon les attributs, mais aucun guide spécialisé dans le top 5;meilleurs micro-ondes multifonction;0;;G,O,E,G,G;electroguide.com — Les 7 meilleurs micro-ondes combinés 2026;jequipemamaison.com — Micro ondes combiné;boulanger.com — Micro-ondes combiné - Retrait 1h en Magasin;bfmtv.com — Avis sur les micro-ondes combinés : le meilleur choix;je-suis-papa.ouest-france.fr — Comparatif des meilleurs fours micro ondes pour une famille ...;garder;Google : Guides 'combinés' en pos. 1 et 4 (electroguide, bfmtv)
39487;Les meilleurs micros USB;https://meilleurtest.fr/comparatif-micro-usb/;microphone;USB;technologie / sous-type;1;40072;Les meilleurs microphones;https://meilleurtest.fr/comparatif-microphone/;C : intention spécifique et résultats mixtes (un seul guide spécialisé, pas en tête);meilleurs micros USB;1;;E+,S,G,F,E+;bax-shop.fr — Quel est le meilleur micro USB ? | Guide d'achat;sonovente.com — Guide micro USB : quel microphone choisir ?;projethomestudio.fr — 10 des Meilleurs Micros pour Podcast [2026];reddit.com — Meilleurs microphones USB pour débuter le podcasting ...;thomann.fr — Les 10 Meilleurs Micros USB à envisager en 2026;privé;"Google : Aucun S : 3 guides 'USB' de marchands (bax-shop, sonovente, thomann) ; aucun clic en 2025"
39601;Les meilleurs micros de streaming;https://meilleurtest.fr/comparatif-micro-de-streaming/;microphone;streaming;usage / contexte;1;40072;Les meilleurs microphones;https://meilleurtest.fr/comparatif-microphone/;C : intention spécifique et résultats mixtes (un seul guide spécialisé, pas en tête);meilleurs micros de streaming;1;;F,S,E+,F,S?;youtube.com — Top 10 Best Microphones in 2026 (Discord, Twitch, YouTube);frandroid.com — Micro pour le podcast et le streaming : notre sélection en ...;materiel.net — Quel micro choisir pour le streaming ?;reddit.com — Un micro recommandé pour le streaming ? : r/Twitch;maxesport.gg — Micros Streaming - Équipement Gaming & Esport;garder;Google : Sélection 'streaming' en position 2 (frandroid.com)
41320;Les meilleurs micros pour appareil photo;https://meilleurtest.fr/comparatif-micro-pour-appareil-photo/;microphone;appareil photo;non classé;1;40072;Les meilleurs microphones;https://meilleurtest.fr/comparatif-microphone/;C : intention spécifique et résultats mixtes (un seul guide spécialisé, pas en tête);meilleurs micros pour appareil photo;1;;G,F,F,E,S;studiosport.fr — Quel microphone choisir pour la prise de son en vidéo ?;reddit.com — Le meilleur micro pour caméra polyvalent : r/videography;youtube.com — Quel micro choisir pour filmer en 2026 ?;bax-shop.fr — Quel est le meilleur micro caméra ? | Guide d'achat;apprendre-la-photo.fr — MICRO pour APPAREIL PHOTO : comment le choisir ?;privé;"Google : 1 seul guide spécialisé (apprendre-la-photo, pos. 5), reste forums/vidéos/marchands ; aucun clic en 2025"
41433;Les meilleurs micros pour smartphone;https://meilleurtest.fr/comparatif-micro-pour-smartphone/;microphone;smartphone;usage / contexte;1;40072;Les meilleurs microphones;https://meilleurtest.fr/comparatif-microphone/;B : intention spécifique selon les attributs, mais aucun guide spécialisé dans le top 5;meilleurs micros pour smartphone;0;;E,F,F,F,S?;bax-shop.fr — Quel est le meilleur micro Android / iOS ? | Guide d'achat;sonovente.com — Quel micro pour smartphone choisir ?;youtube.com — TOP3 : Meilleur micro pour Smartphone;reddit.com — Quel est le meilleur petit micro à utiliser avec un ...;objectif-bastille.com — Micro pour smartphone;garder;"Série micros par usage alignée sur garder (streaming : sélection frandroid en pos. 2) ; Google seul : aucun guide 'smartphone'"
38880;Les meilleurs microscopes numériques;https://meilleurtest.fr/comparatif-microscope-numerique/;microscope;numérique;technologie / sous-type;1;37827;Les meilleurs microscopes;https://meilleurtest.fr/comparatif-microscope/;B : intention spécifique selon les attributs, mais aucun guide spécialisé dans le top 5;meilleurs microscopes numériques;0;;S?,S?,G,F,F;microptique.com — Microscope Numérique;bresser.fr — Acheter des Microscopes numériques chez Bresser;mamadvisor.magicmaman.com — Les meilleurs microscopes pour enfants - Mam'Advisor;reddit.com — Le meilleur microscope numérique pour les ...;youtube.com — Top 3 des Meilleurs Microscope Numérique !;privé;"Google : Aucun guide 'numérique' écrit : marchands, guide microscopes enfants, Reddit, YouTube ; peu de trafic (3 clics, dont 1 sur « numérique » (pos. 26) en mars-oct. 2025)"
42365;Les meilleurs miels d'acacia;https://meilleurtest.fr/comparatif-miel-acacia/;miel;acacia;matière / composition;1;38166;Les meilleurs miels;https://meilleurtest.fr/comparatif-miel/;C : intention spécifique et résultats mixtes (un seul guide spécialisé, pas en tête);meilleurs miels d'acacia;1;;S?,S,S?,G,S?;ruchers-du-morvan.fr — Miel d'Acacia Bio en France;abeilledelorraine.fr — Maintes fois primé – Elu meilleur Miel d'Acacia de France ...;famillemary.fr — Miel d'Acacia sauvage de Hongrie;miel-factory.com — Top 5 des meilleurs miels du monde;apiculture.net — Tout savoir sur le miel d'Acacia et ses vertus;privé;"Google : Producteurs/marchands de miel, aucun guide comparatif 'acacia' ; aucun clic en 2025"
42361;Les meilleurs miels d'oranger;https://meilleurtest.fr/comparatif-miel-oranger/;miel;oranger;non classé;1;38166;Les meilleurs miels;https://meilleurtest.fr/comparatif-miel/;B : intention spécifique selon les attributs, mais aucun guide spécialisé dans le top 5;meilleurs miels d'oranger;0;;S?,S?,S?,S?,S?;lamiellerie.fr — Miel d'Oranger Bio - 500g;bonne-maman.com — Miel de Fleur d'Oranger - Bonne Maman;famillemary.fr — Miel d'Oranger des vergers de Valence;quieronaranjas.com — Acheter Miel de Fleur d'Oranger naturel – Direct de l' ...;secretsdemiel.com — Miel d'Oranger;privé;"Google : Top 5 entièrement marchand (fiches produits miel d'oranger) ; aucun clic en 2025"
42368;Les meilleurs miels de fleurs;https://meilleurtest.fr/comparatif-miel-de-fleurs/;miel;fleurs;non classé;1;38166;Les meilleurs miels;https://meilleurtest.fr/comparatif-miel/;B : intention spécifique selon les attributs, mais aucun guide spécialisé dans le top 5;meilleurs miels de fleurs;0;;G,O,G,G,G;quechoisir.org — Comment choisir son miel - Guide d'achat;miel-lerucherdelours.fr — Des Miels de grande qualité pour tous les goûts;alvadiem.fr — Quel est le meilleur miel;miel-factory.com — Top 5 des meilleurs miels du monde;naturaforce.com — Meilleurs miels : classement complet;privé;"Google : Que des guides miel généraux, aucun guide 'miel de fleurs' ; aucun clic en 2025"
42366;Les meilleurs miels de lavande;https://meilleurtest.fr/comparatif-miel-de-lavande/;miel;lavande;matière / composition;1;38166;Les meilleurs miels;https://meilleurtest.fr/comparatif-miel/;B : intention spécifique selon les attributs, mais aucun guide spécialisé dans le top 5;meilleurs miels de lavande;0;;S?,S?,S?,E+,S?;labeilledelesterel.com — Miel de lavande crémeux;famillemary.fr — Miel bio de lavande;hedene.fr — Miel Lavande de France format familial;lavande-bio.fr — Miel de lavande 100 gr à 3 Kg;miellerie-des-collines.com — Miel de Lavande 500 g;privé;"Google : Top 5 entièrement marchand (fiches produits miel de lavande) ; aucun clic en 2025"
42314;Les meilleurs lave-linges de camping;https://meilleurtest.fr/comparatif-lave-linge-de-camping/;mini lave-linge;camping;usage / contexte;1;39850;Les meilleurs lave-linges portables;https://meilleurtest.fr/comparatif-lave-linge-portable/;B : intention spécifique selon les attributs, mais aucun guide spécialisé dans le top 5;meilleurs lave-linges de camping;0;;E+,S?,F,E+,F;trigano-camping.com — Lave linge camping;eu.havalab.com — Machine à laver murale pour camping-car JOSTechnik;youtube.com — The 3 Best Camping Washing Machines;idealo.fr — Machine À Laver Camping - Lave-linge;reddit.com — Quelle est la meilleure machine à laver portable pour les ...;privé;"Google : Top 5 marchand (trigano, havalab, idealo) + vidéo et forum ; aucun clic en 2025"
38841;Les meilleurs mitigeurs cuisine thermostatiques;https://meilleurtest.fr/comparatif-mitigeur-cuisine-thermostatique/;mitigeur;cuisine, thermostatique;usage / contexte, technologie / sous-type;1;38539;Les meilleurs mitigeurs thermostatiques;https://meilleurtest.fr/comparatif-mitigeur-thermostatique/;C : intention spécifique et résultats mixtes (un seul guide spécialisé, pas en tête);meilleurs mitigeurs cuisine thermostatiques;1;;S?,E+,G,S,G;x2o.fr — Robinets de cuisine thermostatiques modernes - X2O;leroymerlin.fr — Mitigeur thermostatique cuisine au meilleur prix;1001robinet.com — Les 10 Meilleurs Mitigeurs de l'Année : Guide d'Achat et ...;batinea.com — Meilleur marque robinet de cuisine : guide d'achat complet ...;deco.journaldesfemmes.fr — Meilleurs mitigeurs pour robinets dans toute la maison - Déco;privé;"Google : Aucun guide indépendant 'cuisine thermostatique' : marchands (x2o, leroymerlin), guides généraux ou marchands ; aucun clic en 2025"
39154;Les meilleures montres connectées Android;https://meilleurtest.fr/comparatif-montres-connectee-android/;montre connectée;Android;technologie / sous-type;1;37067;Les meilleures montres connectées;https://meilleurtest.fr/comparatif-montre-connectee/;C : intention spécifique et résultats mixtes (un seul guide spécialisé, pas en tête);meilleures montres connectées Android;1;;E,G,S,G,E;frandroid.com — Meilleure montre connectée 2026 : le comparatif complet;lesnumeriques.com — Comparatif / 130 montres connectées santé et sport testées ...;mibrofit.com — 8 meilleures montres connectées pour Android;01net.com — Les meilleures montres connectées en septembre 2026;amazon.fr — Montres intelligentes;privé;"Google : Aucun guide indépendant 'Android' ; seul blog de marque mibrofit (pos. 3) ; peu de trafic (4 clics, dont 3 sur « Android » (pos. 47) en mars-oct. 2025)"
36936;Les meilleures montres connectées pour hommes;https://meilleurtest.fr/comparatif-montre-connectee-pour-homme/;montre connectée;homme;public visé;1;37067;Les meilleures montres connectées;https://meilleurtest.fr/comparatif-montre-connectee/;B : intention spécifique selon les attributs, mais aucun guide spécialisé dans le top 5;meilleures montres connectées pour hommes;0;;G,G,E+,E+;mibrofit.com — 8 meilleures montres connectées pour Android;futura-sciences.com — Quelles sont les meilleures montres connectées pas chères ?;amazon.fr — 50 À 100 EUR - Montres Connectées Tendance Pour ...;cdiscount.com — Montres connectées pour hommes, avec appels Bluetooth ...;;privé;"Google : Aucun guide 'homme' : guides généraux, Amazon, Cdiscount ; 5e résultat vide ; peu de trafic (2 clics, dont 0 sur « homme » (pos. 41) en mars-oct. 2025)"
38406;Les meilleures montres connectées étanches;https://meilleurtest.fr/comparatif-montre-connectee-etanche/;montre connectée;étanche;technologie / sous-type;1;37067;Les meilleures montres connectées;https://meilleurtest.fr/comparatif-montre-connectee/;C : intention spécifique et résultats mixtes (un seul guide spécialisé, pas en tête);meilleures montres connectées étanches;1;;G,S,O,S?,G;lesnumeriques.com — Comparatif / 130 montres connectées santé et sport testées ...;mibrofit.com — 8 meilleures montres connectées étanches 2026 (2 ATM, 5 ...;garmin.com — Montres connectées pour la natation;montreconnectee.co — Montres Connectées, étanchéité 10 ATM;tonton-outdoor.com — Les meilleures montres connectées 2026 - Comparatif;garder;"Trafic : 72 clics, dont 31 sur « étanche » (pos. 10) en mars-oct. 2025 ; Google seul : privé (Seul guide 'étanches' = blog de marque mibrofit (pos. 2))"
41936;Les meilleures montres connectées sport pour homme;https://meilleurtest.fr/comparatif-montre-connectee-sport-pour-homme/;montre connectée;homme, sport;public visé, usage / contexte;2;38363;Les meilleures montres connectées sport;https://meilleurtest.fr/comparatif-montre-connectee-sport/;C : intention spécifique et résultats mixtes (un seul guide spécialisé, pas en tête);meilleures montres connectées sport pour homme;1;;E+,S,G,O,E+;i-run.fr — Montre sport GPS : Montres Running, Trail & Fitness;lesnumeriques.com — Comparatif / 130 montres connectées santé et sport testées ...;tonton-outdoor.com — Les meilleures montres connectées 2026 - Comparatif;terrederunning.com — Montres cardio-GPS running – Suivi et performance;alltricks.fr — Comparatif des meilleures montres connectées de sport;privé;"Google : Aucun guide 'homme' : guides montres sport généraux et marchands ; aucun clic en 2025"
38780;Les meilleures montres GPS pour enfant;https://meilleurtest.fr/comparatif-montre-gps-pour-enfant/;montre enfant;GPS;technologie / sous-type;1;38179;Les meilleures montres pour enfants;https://meilleurtest.fr/comparatif-montre-pour-enfant/;B : intention spécifique selon les attributs, mais aucun guide spécialisé dans le top 5;meilleures montres GPS pour enfant;0;;G,E,E+,F,G;minty-wendy.com — Montre enfant 10 ans : comparatif des meilleurs modèles;leclaireur.fnac.com — Guide d'achat 2026 : quelle montre connectée pour enfant ...;darty.com — Guide d'achat montres connectées pour enfant – GPS et SOS;reddit.com — Quelles montres connectées pour enfants me conseilles-tu;savefamilygps.com — Quelle est la meilleure montre connectée pour enfant ?;à signaler;Doublon : Montre connectée enfant = montre GPS : même intention et SERP que l'ID 37298 (Google : privé)
37298;Les meilleures montres connectées pour enfants;https://meilleurtest.fr/comparatif-montre-connectee-pour-enfant/;montre enfant;connectée;technologie / sous-type;1;38179;Les meilleures montres pour enfants;https://meilleurtest.fr/comparatif-montre-pour-enfant/;B : intention spécifique selon les attributs, mais aucun guide spécialisé dans le top 5;meilleures montres connectées pour enfants;0;;G,S?,E+,S?,F;minty-wendy.com — Montre enfant 10 ans : comparatif des meilleurs modèles;savefamilygps.com — Montres Connectées Enfants;leclaireur.fnac.com — Guide d'achat 2026 : quelle montre connectée pour enfant ...;smartwatchphone.fr — N°1 Montres Connectées Enfants – SMARTWATCHPHONE;reddit.com — Quelles montres connectées pour enfants me conseilles-tu;à signaler;Doublon : Même intention et SERP que l'ID 38780 (montres GPS enfant) (Google : privé)
40099;Les meilleures motos enduro 4 temps;https://meilleurtest.fr/comparatif-moto-enduro-4-temps/;moto;4 temps, enduro;taille / capacité / quantité, non classé;1;38366;Les meilleures motos;https://meilleurtest.fr/comparatif-moto/;A : simple déclinaison, mais un guide spécialisé isolé dans le top 5;meilleures motos enduro 4 temps;1;;F,S,E+,E+,F;reddit.com — Quelle moto enduro 4 temps de moins de 350cc ...;blog.la-becanerie.com — Quelle est la meilleure moto pour débuter l'enduro;leguidevert.com — Choix Enduro 4T à l'ancienne / Le Guide Vert;freenduro.com — Quelle moto choisir pour débuter l'enduro ? Le guide ...;youtube.com — 250 Comparison Test: Which 4-Stroke ENDURO ...;garder;"Trafic : 6 clics, dont 4 sur « 4 temps, enduro » (pos. 6) en mars-oct. 2025 ; Google seul : privé (Aucun guide 'enduro 4 temps' : forums, vidéo, guides 'débuter l'enduro')"
38833;Les meilleurs motoculteurs professionnels;https://meilleurtest.fr/comparatif-motoculteur-professionnel/;motoculteur;professionnel;public visé;1;40149;Les meilleurs motoculteurs;https://meilleurtest.fr/comparatif-motoculteur/;B : intention spécifique selon les attributs, mais aucun guide spécialisé dans le top 5;meilleurs motoculteurs professionnels;0;;F,S?,O,G,G;jardimax.com — Les meilleurs motoculteurs professionnels - Top 5;staub-motoculture.fr — Motoculteurs professionnels;motoculturestjean.fr — Motoculteur thermique : Honda, Staub, Husqvarna, Grillo;blog.agrieuro.fr — Guide d'Achat du Meilleur Motoculteur - AgriEuro Blog;lebontri.fr — Meilleur motoculteur 2026 : thermique, électrique, batterie;garder;"Trafic : 27 clics, dont 26 sur « professionnel » (pos. 3) en mars-oct. 2025 ; Google seul : privé (Seul guide 'professionnels' marchand (jardimax pos. 1) ; reste marque, revendeur, généraux)"
36964;Les meilleurs Cookeo;https://meilleurtest.fr/comparatif-cookeo/;multicuiseur;Cookeo;technologie / sous-type;1;38481;Les meilleurs multicuiseurs;https://meilleurtest.fr/comparatif-multicuiseur/;C : intention spécifique et résultats mixtes (un seul guide spécialisé, pas en tête);meilleurs Cookeo;1;;G,E+,F,F,S;lesnumeriques.com — Quels sont les meilleurs multicuiseurs ? Septembre 2026;moulinex.fr — Cookeo : multicuiseur haute pression intelligent;facebook.com — Bonjour je vais acheter un cookeo le quel es le mieux svp ?;facebook.com — Quel Cookeo Choisir en 2026 ??? Je vous aide à trouver le ...;maison-borgeot.fr — Quel est le Meilleur Cookeo ? Avis, Conseils & Comparatif;garder;"Trafic : 4 clics, dont 2 sur « Cookeo » (pos. 17) en mars-oct. 2025 ; Google seul : privé (1 seul guide Cookeo (maison-borgeot, pos. 5), reste général, marque, Facebook)"
39656;Les meilleures multivitamines pour femme de plus de 50 ans;https://meilleurtest.fr/comparatif-multivitamines-pour-femme-de-plus-de-50-ans/;multivitamine;femme, plus de 50 ans;public visé, taille / capacité / quantité;1;39316;Les meilleures multivitamines pour femme;https://meilleurtest.fr/comparatif-multivitamines-pour-femme/;A : simple déclinaison, mais un guide spécialisé isolé dans le top 5;meilleures multivitamines pour femme de plus de 50 ans;1;;E+,G,O,G,S;amazon.fr — Vitamine Femme 50 Ans;doctissimo.fr — Comparatif 2025 des meilleurs multivitamines;tsunaminutrition.com — Les 5 meilleurs compléments alimentaires après 50 ans;lexpress.fr — Meilleurs multivitamines 2026 : comparatif et conseils;goldmanlaboratories.com — Les meilleures multivitamines pour femmes;privé;"Google : Aucun guide 'femme 50 ans' : Amazon et guides multivitamines généraux ; peu de trafic (9 clics, dont 2 sur « plus de 50 ans » (pos. 24) en mars-oct. 2025)"
36763;Les meilleures mutuelles pour les chômeurs;https://meilleurtest.fr/comparatif-mutuelle-pour-chomeurs/;mutuelle;chômeurs;public visé;1;36753;Les meilleures mutuelles santé;https://meilleurtest.fr/comparatif-mutuelle-sante/;B : intention spécifique selon les attributs, mais aucun guide spécialisé dans le top 5;meilleures mutuelles pour les chômeurs;0;;O,G,O,O,E+;malakoffhumanis.com — Mutuelle santé en cas de chômage;mutuelle.dispofi.fr — Demandeurs d'emploi : quelle mutuelle choisir ? - Dispofi;complementaire-sante-solidaire.gouv.fr — Vous êtes demandeur d'emploi;solimut-mutuelle.fr — Une mutuelle solidaire pour les sans-emploi;lesfurets.com — Mutuelle chômeur - Mutuelle pour demandeur d'emploi;garder;Google : Guide 'demandeurs d'emploi' en position 2 (dispofi)
38079;Les meilleures mutuelles santé pour les séniors;https://meilleurtest.fr/comparatif-mutuelle-sante-pour-seniors/;mutuelle;sénior;public visé;1;36753;Les meilleures mutuelles santé;https://meilleurtest.fr/comparatif-mutuelle-sante/;B : intention spécifique selon les attributs, mais aucun guide spécialisé dans le top 5;meilleures mutuelles santé pour les séniors;0;;S?,G,F,E+,E+;harmonie-mutuelle.fr — Mutuelle Senior & Retraité : Tarifs & Garanties;quechoisir.org — Complémentaire santé - Comment choisir une mutuelle ...;meilleurtaux.com — Classement des meilleures mutuelles seniors 2026;lecomparateurassurance.com — Quelles sont les meilleures mutuelles pour senior;mutuellesenior.fr — Comparateur 190 mutuelles santé Senior;garder;Google : 3 comparateurs seniors en pos. 3-5 (meilleurtaux, lecomparateurassurance, mutuellesenior)
41305;Les meilleurs NAS 2 baies;https://meilleurtest.fr/comparatif-nas-2-baies/;NAS;2 baies;taille / capacité / quantité;1;37138;Les meilleurs NAS;https://meilleurtest.fr/comparatif-nas/;A : simple déclinaison, mais un guide spécialisé isolé dans le top 5;meilleurs NAS 2 baies;1;;E+,S,G,F,E;macway.com — Serveur NAS 2 baies - Disques durs & Stockage;nasfr.com — Meilleur NAS 2 baies 2026 : comparatif et guide d'achat;frandroid.com — Quels sont les meilleurs serveurs NAS à acheter en 2026;reddit.com — Quel NAS à 2 baies acheter en tant que débutant sans ...;materiel.net — Quel serveur NAS choisir en 2026 ?;garder;Google : Guide NAS 2 baies en position 2 (nasfr.com)
41205;Les meilleurs nettoyants injecteurs essence;https://meilleurtest.fr/comparatif-nettoyant-injecteur-essence/;nettoyant injecteur;essence;technologie / sous-type;1;38460;Les meilleurs nettoyants injecteurs;https://meilleurtest.fr/comparatif-nettoyant-injecteur/;C : intention spécifique et résultats mixtes (un seul guide spécialisé, pas en tête);meilleurs nettoyants injecteurs essence;1;;G,G,S,F,E+;mister-turbo.com — Notre top 5 des nettoyants pour injecteurs diesel (+ verdict);injecteur-direct.com — Meilleur nettoyant injecteur diesel : guide et choix;inter-car.fr — Nettoyant injecteur diesel & essence : quel choisir ? - InterCar;reddit.com — Le meilleur nettoyant pour injecteurs ? : r/MechanicAdvice;oscaro.com — Pourquoi et comment nettoyer les injecteurs d'une voiture ...;garder;"Trafic : 23 clics, dont 17 sur « essence » (pos. 11) en mars-oct. 2025 ; Google seul : privé (Top 2 = guides diesel ; seul guide essence marchand (inter-car pos. 3))"
38283;Les meilleurs Kärcher haute-pression;https://meilleurtest.fr/comparatif-karcher/;nettoyeur haute-pression;Kärcher;marque;1;37064;Les meilleurs nettoyeurs haute-pression;https://meilleurtest.fr/comparatif-nettoyeur-haute-pression/;A : simple déclinaison, mais un guide spécialisé isolé dans le top 5;meilleurs Kärcher haute-pression;1;;S?,G,G,S,G;kaercher.com — Nettoyeurs Haute Pression Karcher: Efficacité et Économie;lesnumeriques.com — Comparatif / 10 nettoyeurs haute pression testés ...;quechoisir.org — Comment choisir son nettoyeur haute pression;maniaques.fr — Comparatif des meilleurs nettoyeurs haute pression en 2026;lineonline.fr — Le meilleur nettoyeur haute pression de 2026 - Lineonline.fr;privé;"Google : Aucun guide Kärcher : site de la marque pos. 1, puis comparatifs généraux ; peu de trafic (1 clics, dont 0 sur « Kärcher » (pos. 30) en mars-oct. 2025)"
39037;Les meilleurs nettoyeurs haute-pression à eau chaude;https://meilleurtest.fr/comparatif-nettoyeur-haute-pression-a-eau-chaude/;nettoyeur haute-pression;eau chaude;technologie / sous-type;1;37064;Les meilleurs nettoyeurs haute-pression;https://meilleurtest.fr/comparatif-nettoyeur-haute-pression/;B : intention spécifique selon les attributs, mais aucun guide spécialisé dans le top 5;meilleurs nettoyeurs haute-pression à eau chaude;0;;S?,O,G,E+,G;haute-pression-concept.com — Nettoyeur haute pression eau chaude - HP Concept;btpmat.fr — Nettoyeur haute pression professionnel | Chaud ou froid;misterworker.com — Les 8 meilleurs nettoyeurs haute pression de 2026;leroymerlin.fr — Nettoyeur haute pression eau chaude au meilleur prix;kobleo.com — Les meilleurs nettoyeurs haute pression thermiques ...;privé;"Google : Aucun guide 'eau chaude' : marchands et guides généraux (misterworker, kobleo) ; peu de trafic (2 clics, dont 1 sur « eau chaude » (pos. 27) en mars-oct. 2025)"
39879;Les meilleurs nettoyeurs vapeur pour joints de carrelage;https://meilleurtest.fr/comparatif-nettoyeur-vapeur-pour-joints-de-carrelage/;nettoyeur vapeur;joints de carrelage;non classé;1;36423;Les meilleurs nettoyeurs vapeur;https://meilleurtest.fr/comparatif-nettoyeur-vapeur/;B : intention spécifique selon les attributs, mais aucun guide spécialisé dans le top 5;meilleurs nettoyeurs vapeur pour joints de carrelage;0;;G,S?,G,E+,F;maniaques.fr — Les meilleurs nettoyeurs vapeur pour joint en 2026;karcher.com — Comment nettoyer efficacement les joints de carrelage;lyonloc.fr — Meilleur Nettoyeur Vapeur 2026 : Comparatif & Tests Terrain;amazon.fr — Nettoyeur Vapeur Joint Carrelage;reddit.com — Merci à ceux qui ont recommandé un nettoyeur vapeur ...;garder;Trafic : 10 clics, dont 5 sur « joints de carrelage » (pos. 4) en mars-oct. 2025
38594;Les meilleurs nettoyeurs vapeur à main;https://meilleurtest.fr/comparatif-nettoyeur-vapeur-a-main/;nettoyeur vapeur;main;usage / contexte;1;36423;Les meilleurs nettoyeurs vapeur;https://meilleurtest.fr/comparatif-nettoyeur-vapeur/;B : intention spécifique selon les attributs, mais aucun guide spécialisé dans le top 5;meilleurs nettoyeurs vapeur à main;0;;G,G,F,E+,G;quechoisir.org — Comment choisir un nettoyeur vapeur - Guide d'achat;lyonloc.fr — Meilleur Nettoyeur Vapeur 2026 : Comparatif & Tests Terrain;reddit.com — Quel est le meilleur nettoyeur vapeur à main;leroymerlin.fr — Nettoyeur vapeur à main au meilleur prix;ruedelhygiene.fr — Choisir le meilleur nettoyeur vapeur : guide complet;privé;"Google : Aucun guide 'à main' : guides généraux (quechoisir, lyonloc), Reddit, leroymerlin ; peu de trafic (1 clics, dont 0 sur « main » (pos. 40) en mars-oct. 2025)"
41454;Les meilleurs nettoyeurs à vapeur sèche;https://meilleurtest.fr/comparatif-nettoyeur-a-vapeur-seche/;nettoyeur vapeur;sèche;usage / contexte;1;36423;Les meilleurs nettoyeurs vapeur;https://meilleurtest.fr/comparatif-nettoyeur-vapeur/;B : intention spécifique selon les attributs, mais aucun guide spécialisé dans le top 5;meilleurs nettoyeurs à vapeur sèche;0;;G,G,S?,G,G;lyonloc.fr — Meilleur Nettoyeur Vapeur 2026 : Comparatif & Tests Terrain;quechoisir.org — Comment choisir un nettoyeur vapeur - Guide d'achat;hypronet.fr — Nettoyeur vapeur sèche professionnel;lesnumeriques.com — Comparatif / 19 nettoyeurs vapeur testés Septembre 2026;lebontri.fr — Meilleur nettoyeur vapeur 2026;garder;"Trafic : 10 clics, dont 2 sur « sèche » (pos. 19) en mars-oct. 2025 ; Google seul : privé (Aucun guide 'vapeur sèche' : guides généraux, hypronet marchand pos. 3)"
41161;Les meilleurs niveaux laser extérieurs;https://meilleurtest.fr/comparatif-niveau-laser-exterieurs/;niveau laser;extérieur;usage / contexte;1;37057;Les meilleurs niveaux laser;https://meilleurtest.fr/comparatif-niveau-laser/;B : intention spécifique selon les attributs, mais aucun guide spécialisé dans le top 5;meilleurs niveaux laser extérieurs;0;;G,G,S?,F,G;misterworker.com — Meilleur niveau laser 2026 : testé et évalué;niveaux-laser.com — Meilleur Niveau Laser Professionnel : Comparatif et Avis (2026);topographie-laser.eu — Niveau laser rotatif extérieur de chantier;reddit.com — Quel niveau laser choisir ? : r/brico;btpmat.fr — Comment choisir un niveau laser de chantier ? Guide pro;garder;"Trafic : 10 clics, dont 6 sur « extérieur » (pos. 14) en mars-oct. 2025 ; Google seul : privé (Aucun guide 'extérieur' : guides niveau laser généraux, marchand, Reddit)"
42481;Les meilleures croquettes anti-boules de poils;https://meilleurtest.fr/comparatif-croquettes-anti-boules-de-poils/;nourriture pour chats;anti-boules de poils, croquettes;technologie / sous-type, non classé;2;37402;Les meilleures croquettes pour chat;https://meilleurtest.fr/comparatif-croquettes-pour-chat/;B : intention spécifique selon les attributs, mais aucun guide spécialisé dans le top 5;meilleures croquettes anti-boules de poils;0;;E+,E+,F,S?,F;vetostore.com — Croquettes et alimentation anti boule de poils pour chat;amazon.fr — Croquettes Chat Anti Boule De Poils;lacompagniedesanimaux.com — Croquettes Chat Anti Boules Poils;husse.fr — Croquettes anti-boules de poils pour chat;wamiz.com — Croquettes contre les boules de poils - Chats;privé;"Google : Top 5 marchand, aucun guide 'anti-boules de poils' ; aucun clic en 2025"
42203;Les meilleures croquettes pour chat avec problèmes urinaires;https://meilleurtest.fr/comparatif-croquette-pour-chat-avec-problemes-urinaires/;nourriture pour chats;croquettes, problèmes urinaires;non classé, non classé;2;37402;Les meilleures croquettes pour chat;https://meilleurtest.fr/comparatif-croquettes-pour-chat/;C : intention spécifique et résultats mixtes (un seul guide spécialisé, pas en tête);meilleures croquettes pour chat avec problèmes urinaires;1;;F,S,E+,E+,S?;lacompagniedesanimaux.com — Croquettes chat troubles urinaires : comment bien choisir;goodbro.fr — Meilleures Croquettes Chat Urinary : Avis Véto & Comparatif;maxizoo.fr — Régime VET : croquettes pour chat avec problèmes urinaires;vetostore.com — Croquettes et alimentation pour chat avec calcul urinaire;certivet.com — Croquette diététique - Urinaire Chat;privé;"Google : Comparatif 'urinaires' en position 2 (goodbro.fr) — vérifié : goodbro.fr = boutique, donc privé ; peu de trafic (1 clics, dont 0 sur « problèmes urinaires » (pos. 49) en mars-oct. 2025)"
42568;Les meilleures croquettes pour chaton stérilisé;https://meilleurtest.fr/comparatif-croquette-pour-chaton-sterilise/;nourriture pour chats;chaton, croquettes, stérilisé;public visé, non classé, non classé;2;37402;Les meilleures croquettes pour chat;https://meilleurtest.fr/comparatif-croquettes-pour-chat/;C : intention spécifique et résultats mixtes (un seul guide spécialisé, pas en tête);meilleures croquettes pour chaton stérilisé;1;;F,S,S?,E+,F;lafermedesanimaux.com — Comparatif des croquettes chat sans céréales;actu.fr — Meilleure croquette chat stérilisé 2026;vetoavenue.fr — Alimentation humide et croquette pour chat stérilisé;animalis.com — Croquettes pour chat stérilisé;lacompagniedesanimaux.com — Quelles sont les meilleures croquettes pour chat stérilisé ?;privé;"Google : Aucun guide 'chaton stérilisé' : actu.fr vise 'chat stérilisé', reste marchand ; aucun clic en 2025"
37666;Les meilleures conserves pour chats;https://meilleurtest.fr/comparatif-conserve-pour-chat/;nourriture pour chats;conserve;non classé;1;38700;Les meilleures nourritures pour chat;https://meilleurtest.fr/comparatif-nourriture-pour-chat/;B : intention spécifique selon les attributs, mais aucun guide spécialisé dans le top 5;meilleures conserves pour chats;0;;E+,E,S?,F,S?;amazon.fr — Aliments en conserve pour chat;maxizoo.fr — Pâtées & Nourriture Humide Chat | Qualité & Choix;animalerieenligne.xyz — Nourriture en conserve pour chat;reddit.com — Quelle est la nourriture en conserve humide pour chats ...;animauxenligne.com — Nourriture pour chat en conserve -;privé;"Google : Top 5 marchand + Reddit, aucun guide 'conserves' ; peu de trafic (6 clics, dont 0 sur « conserve » (pos. 3) en mars-oct. 2025)"
39598;Les meilleures nourritures solides pour chat;https://meilleurtest.fr/comparatif-nourriture-solide-pour-chat/;nourriture pour chats;solide;technologie / sous-type;1;38700;Les meilleures nourritures pour chat;https://meilleurtest.fr/comparatif-nourriture-pour-chat/;B : intention spécifique selon les attributs, mais aucun guide spécialisé dans le top 5;meilleures nourritures solides pour chat;0;;O,F,E,E,E;certivet.com — Nourrir son chat : une alimentation adaptée à chaque âge;reddit.com — Quelle est la meilleure marque de nourriture pour chats;maxizoo.fr — Nourriture pour chat en ligne;zoomalia.com — Quelle est la meilleure Nourriture Bio pour Chat ? - Blog;vetostore.com — Choisir la bonne alimentation pour son chat;privé;"Google : Aucun guide 'solide' : conseils généraux, Reddit, marchands ; aucun clic en 2025"
42565;Les meilleures croquettes pour bichon maltais;https://meilleurtest.fr/comparatif-croquette-pour-bichon-maltais/;nourriture pour chiens;bichon maltais, croquettes;non classé, non classé;2;36690;Les meilleures croquettes pour chien;https://meilleurtest.fr/comparatif-croquettes-pour-chien/;C : intention spécifique et résultats mixtes (un seul guide spécialisé, pas en tête);meilleures croquettes pour bichon maltais;1;;S?,F,S?,S,S?;croqlavie.fr — Croquettes pour Bichon Maltais;lafermedesanimaux.com — Croquettes pour Bichon Maltais - La Ferme des Animaux;ultrapremiumdirect.com — Croquettes pour Bichon Maltais : une alimentation équilibrée;animaute.fr — Croquette Bichon Maltais - Guide pour choisir les ...;royalcanin.com — Croquettes pour Bichon Maltais Adulte;garder;"Série croquettes par race alignée sur garder (bouledogue français : 38 clics, pos. 7 en 2025) ; Google seul : privé"
42135;Les meilleures croquettes pour bouledogue français;https://meilleurtest.fr/comparatif-croquettes-pour-bouledogue-francais/;nourriture pour chiens;bouledogue français, croquettes;non classé, non classé;2;36690;Les meilleures croquettes pour chien;https://meilleurtest.fr/comparatif-croquettes-pour-chien/;B : intention spécifique selon les attributs, mais aucun guide spécialisé dans le top 5;meilleures croquettes pour bouledogue français;0;;E+,S?,S?,F,S?;francecroquettes.com — Quelles Croquettes choisir pour un Bouledogue Français;pro-nutrition.fr — Croquettes pour Bouledogue Français - Digestion & santé;husse.fr — Croquettes pour bouledogue français;forum.rogerlebouledogue.com — Avis pour croquettes;croqlavie.fr — Croquettes pour Bouledogue Français;garder;"Trafic : 38 clics, dont 31 sur « bouledogue français » (pos. 7) en mars-oct. 2025 ; Google seul : privé (Aucun guide indépendant : francecroquettes (Sm), marchands, forum)"
39131;Les meilleures croquettes pour chien pas chères;https://meilleurtest.fr/comparatif-croquette-pour-chien-pas-chere/;nourriture pour chiens;croquettes, pas cher;non classé, prix;2;36690;Les meilleures croquettes pour chien;https://meilleurtest.fr/comparatif-croquettes-pour-chien/;A : simple déclinaison, mais un guide spécialisé isolé dans le top 5;meilleures croquettes pour chien pas chères;1;;E+,S?,E+,S,E+;zoomalia.com — Croquettes pour chien pas cher;ultrapremiumdirect.com — Croquettes pour chien | Prix direct usine | Livraison 24/48h;animalis.com — Croquettes chien pas cher;actu.fr — Comparatif : les meilleures croquettes pour chien en 2026;wanimo.com — Croquettes pour chien : meilleures marques, prix attractifs ! ...;privé;"Google : Aucun guide 'pas chères' : marchands, comparatif actu.fr général ; aucun clic en 2025"
42662;Les meilleures croquettes pour chien souffrant d'arthrose;https://meilleurtest.fr/comparatif-croquettes-pour-chien-souffrant-arthrose/;nourriture pour chiens;arthrose, croquettes;usage / contexte, non classé;2;36690;Les meilleures croquettes pour chien;https://meilleurtest.fr/comparatif-croquettes-pour-chien/;B : intention spécifique selon les attributs, mais aucun guide spécialisé dans le top 5;meilleures croquettes pour chien souffrant d'arthrose;0;;S?,E+,S?,F,E+;chronovet.fr — Croquettes pour arthrose du chien | Articulations souples ...;vetostore.com — Alimentation et croquettes pour chiens souffrant d'arthrose;certivet.com — Croquette diététique - Articulation Chien;lacompagniedesanimaux.com — Les Meilleures Croquettes pour Chiens Souffrant d'Arthrose;jardiland.com — Quelle alimentation choisir pour un chien souffrant d'arthrose;privé;"Google : Aucun guide indépendant 'arthrose' : marchands, 2 guides d'animaleries (Sm) ; peu de trafic (1 clics, dont 1 sur « arthrose » (pos. 33) en mars-oct. 2025)"
39502;Les meilleures croquettes pour chien stérilisé;https://meilleurtest.fr/comparatif-croquettes-pour-chien-sterilise/;nourriture pour chiens;chien stérilisé, croquettes;non classé, non classé;2;36690;Les meilleures croquettes pour chien;https://meilleurtest.fr/comparatif-croquettes-pour-chien/;B : intention spécifique selon les attributs, mais aucun guide spécialisé dans le top 5;meilleures croquettes pour chien stérilisé;0;;S?,F,S?,E+,S?;ultrapremiumdirect.com — Croquette pour chien stérilisé;lacompagniedesanimaux.com — Top 10 : les meilleures croquettes pour un chien stérilisé;nourrircommelanature.com — Croquettes pour chiens stérilisés;zoomalia.com — Croquettes chiens stérilisés;medoretcie.com — Croquettes pour chien stérilisé;privé;"Google : Aucun guide indépendant : marchands, top 10 lacompagniedesanimaux (Sm) ; aucun clic en 2025"
42479;Les meilleures croquettes pour chihuahua;https://meilleurtest.fr/comparatif-croquettes-pour-chihuahua/;nourriture pour chiens;chihuahua, croquettes;non classé, non classé;2;36690;Les meilleures croquettes pour chien;https://meilleurtest.fr/comparatif-croquettes-pour-chien/;C : intention spécifique et résultats mixtes (un seul guide spécialisé, pas en tête);meilleures croquettes pour chihuahua;1;;E+,S?,S?,F,S;francecroquettes.com — Quelles Croquettes choisir pour un Chihuahua;croqlavie.fr — Croquettes Chihuahua;pro-nutrition.fr — Croquettes pour Chihuahua - Nutrition des chiens miniatures;lafermedesanimaux.com — Croquettes pour Chihuahua - La Ferme des Animaux;animaute.fr — Croquette Chihuahua - Guide pour choisir les meilleures ...;garder;"Série croquettes par race alignée sur garder (bouledogue français : 38 clics, pos. 7 en 2025) ; Google seul : privé"
39811;Les meilleures nourritures crues pour chien;https://meilleurtest.fr/comparatif-nourriture-crue-pour-chien/;nourriture pour chiens;crue;non classé;1;36752;Les meilleures nourritures pour chiens;https://meilleurtest.fr/comparatif-nourriture-pour-chien/;B : intention spécifique selon les attributs, mais aucun guide spécialisé dans le top 5;meilleures nourritures crues pour chien;0;;S?,S?,S?,O,F;omlet.fr — Les chiens doivent-ils manger de la viande crue ?;qru.pet — QRU - n°1 BARF - Alimentation Crue pour Chiens et Chats;evolutioncanine.ca — Moulée vs nourriture crue : Que donner à mon chien;medoretcie.com — Alimentation BARF pour chien;facebook.com — Les meilleurs compagnies de nourriture cru pour chien?;privé;"Google : Aucun guide 'crue/BARF' : articles d'info, marques BARF, Facebook ; peu de trafic (4 clics, dont 3 sur « crue » (pos. 32) en mars-oct. 2025)"
39387;Les meilleures nourritures humides pour chiens;https://meilleurtest.fr/comparatif-nourriture-humide-pour-chiens/;nourriture pour chiens;humide;technologie / sous-type;1;36752;Les meilleures nourritures pour chiens;https://meilleurtest.fr/comparatif-nourriture-pour-chien/;C : intention spécifique et résultats mixtes (un seul guide spécialisé, pas en tête);meilleures nourritures humides pour chiens;1;;S?,E+,E+,S,S?;wow.pet — Nourriture humide pour chiens sans céréales | WOW Dog;shop.justrussel.fr — Nourriture humide pour chiens - Qualité premium;maxizoo.fr — Nourriture humide pour chien | Pâtées savoureuses;conseils-animaux.fr — Meilleures marques de nourriture humide pour chien;terracanis.com — Nourriture humide pour chiens : qualité premium chez ...;privé;"Google : 1 seul guide spécialisé (conseils-animaux, pos. 4), reste marchand ; peu de trafic (1 clics, dont 1 sur « humide » (pos. 28) en mars-oct. 2025)"
39741;Les meilleures nourritures pour chien sans céréales;https://meilleurtest.fr/comparatif-nourriture-pour-chien-sans-cereales/;nourriture pour chiens;sans céréales;technologie / sous-type;1;36752;Les meilleures nourritures pour chiens;https://meilleurtest.fr/comparatif-nourriture-pour-chien/;C : intention spécifique et résultats mixtes (un seul guide spécialisé, pas en tête);meilleures nourritures pour chien sans céréales;1;;F,S?,S?,S,E+;lafermedesanimaux.com — Comparatif des croquettes chien sans céréales;nourrircommelanature.com — Croquettes pour chien sans céréales;franklinpetfood.com — Croquettes pour chien sans céréales | Franklin Pet Food;20minutes.fr — Quelles sont les meilleures croquettes pour chien sans ...;shop.atavik.fr — Croquettes sans céréales pour chien - Atavik;privé;"Google : 1 seul guide indépendant (20minutes, pos. 4), reste marchand ; aucun clic en 2025"
39599;Les meilleures nourritures pour chien âgé;https://meilleurtest.fr/comparatif-nourriture-pour-chien-age/;nourriture pour chiens;âgé;public visé;1;36752;Les meilleures nourritures pour chiens;https://meilleurtest.fr/comparatif-nourriture-pour-chien/;B : intention spécifique selon les attributs, mais aucun guide spécialisé dans le top 5;meilleures nourritures pour chien âgé;0;;S?,E,S?,F,S?;nourrircommelanature.com — Croquette chien âgé - Croquette vieux chien sénior;zooplus.fr — La nourriture adaptée pour les chiens seniors;equilibre-et-instinct.com — Pâtées pour chien âgé : nourriture adaptée;lafermedesanimaux.com — Les meilleures croquettes pour chien senior;conseils-veto.com — Alimentation chien âgé : Type et quantité à donner ?;privé;"Google : Aucun guide indépendant : marchands + guide lafermedesanimaux (pos. 4) ; aucun clic en 2025"
39728;Les meilleures nourritures pour chiot de grande race;https://meilleurtest.fr/comparatif-nourriture-pour-chiot-de-grande-race/;nourriture pour chiens;chiot, grande race;public visé, technologie / sous-type;2;39304;Les meilleures nourritures pour chiot;https://meilleurtest.fr/comparatif-nourriture-pour-chiot/;C : intention spécifique et résultats mixtes (un seul guide spécialisé, pas en tête);meilleures nourritures pour chiot de grande race;1;;S?,E,F,S,F;vetoavenue.fr — Nourriture et croquettes pour chiot de grande race;vetostore.com — Alimentation, croquettes et nourriture pour grand chien;reddit.com — Meilleure nourriture pour chiot/chien de grande race ...;leparisien.fr — Quelle est la meilleure marque de nourriture pour chiot ?;facebook.com — Quelle nourriture pour chiot de grande taille vous donner a ...;privé;"Google : Aucun guide 'grande race' : marchands, forums, guide chiot général ; peu de trafic (1 clics en mars-oct. 2025)"
42189;Les meilleures offres box + 2 mobiles;https://meilleurtest.fr/comparatif-offre-box-2-mobiles/;offre box et mobile;2 mobiles;taille / capacité / quantité;1;41951;Les meilleures offres box et mobile;https://meilleurtest.fr/comparatif-offre-box-et-mobile/;A : simple déclinaison, mais un guide spécialisé isolé dans le top 5;meilleures offres box + 2 mobiles;1;;G,O,S,G,O;quechoisir.org — Comparateur Box Internet - Les meilleures offres Fibre et ...;bouyguestelecom.fr — BiG : Offre Box + Forfait Mobile - Économies pour la famille;selectra.info — Forfait box + 2 mobiles : le comparatif pour regrouper et ...;bonforfait.fr — Comparatif box + forfait mobile - septembre 2026;sfr.fr — Box + Mobile : Pack Box Internet + Forfait Mobile;privé;"Google : 1 seul comparatif '2 mobiles' (selectra, pos. 3), reste opérateurs/généraux ; aucun clic en 2025"
41488;Les meilleurs oméga 3 vegan;https://meilleurtest.fr/comparatif-omega-3-vegan/;oméga 3;végan;technologie / sous-type;1;38504;Les meilleurs oméga 3;https://meilleurtest.fr/comparatif-omega-3/;B : intention spécifique selon les attributs, mais aucun guide spécialisé dans le top 5;meilleurs oméga 3 vegan;0;;S?,S?,S?,G,E;aroma-zone.com — Oméga 3 vegan en capsules : complément alimentaire;norsan.fr — Pack Omega-3 Vegan - norsan;nutrixeal.fr — Oméga 3 végan - Compléments alimentaires;nutripure.fr — Meilleurs oméga-3 : guide complet pour bien choisir;vegan-pratique.fr — Les lipides et les acides gras, fiche nutrition;privé;"Google : Top 3 fiches produits de marques, aucun guide 'vegan' ; peu de trafic (1 clics, dont 0 sur « végan » (pos. 72) en mars-oct. 2025)"
36995;Les meilleurs oreillers anti-ronflements;https://meilleurtest.fr/comparatif-oreiller-anti-ronflements/;oreiller;anti-ronflements;technologie / sous-type;1;37544;Les meilleurs oreillers;https://meilleurtest.fr/comparatif-oreiller/;C : intention spécifique et résultats mixtes (un seul guide spécialisé, pas en tête);meilleurs oreillers anti-ronflements;1;;S?,S?,S,E+,E+;lamaisondeloreiller.com — Oreiller anti-ronflements Ergoform Biotex® – Brevet Suisse;bonsoirs.com — L'oreiller anti ronflement ça existe vraiment;emma.fr — Oreiller anti-ronflements : comment le choisir ?;tediber.com — choisir un coussin anti ronflement - Oreiller;maisondelaliterie.fr — Oreiller anti-ronflement: comment choisir de façon utile et ...;privé;"Google : Aucun guide indépendant : guides de marques (emma, tediber, maisondelaliterie) et fiches ; peu de trafic (6 clics, dont 4 sur « anti-ronflements » (pos. 54) en mars-oct. 2025)"
40049;Les meilleurs oreillers ergonomiques;https://meilleurtest.fr/comparatif-oreiller-ergonomique/;oreiller;ergonomique;technologie / sous-type;1;37544;Les meilleurs oreillers;https://meilleurtest.fr/comparatif-oreiller/;C : intention spécifique et résultats mixtes (un seul guide spécialisé, pas en tête);meilleurs oreillers ergonomiques;1;;G,S,S?,G,F;lexpress.fr — Les meilleurs oreillers : notre comparatif 2026;tousergo.com — Comment choisir un oreiller ergonomique ? Dossier et ...;lamaisondeloreiller.com — Oreiller Ergonomique : Oreiller Cervical Mémoire de Forme;leparisien.fr — Meilleurs oreillers 2026 : le guide pour bien choisir votre ...;forum.quechoisir.org — Oreiller ergonomique ou morphologique - Matelas;à signaler;Doublon : quasi-synonyme de la page 39134 oreillers orthopédiques (mêmes oreillers cervicaux) (Google : privé)
39134;Les meilleurs oreillers orthopédiques;https://meilleurtest.fr/comparatif-oreiller-orthopedique/;oreiller;orthopédique;usage / contexte;1;37544;Les meilleurs oreillers;https://meilleurtest.fr/comparatif-oreiller/;B : intention spécifique selon les attributs, mais aucun guide spécialisé dans le top 5;meilleurs oreillers orthopédiques;0;;G,G,G,G,F;lexpress.fr — Les meilleurs oreillers : notre comparatif 2026;laviechiropratique.com — L'ultime guide pour bien choisir son oreiller;inphysio.fr — Les meilleurs oreillers contre les douleurs cervicales;leparisien.fr — Le top 10 des meilleurs oreillers ergonomiques pour ...;youtube.com — We TESTED the Best Neck Pillows;à signaler;Doublon : quasi-synonyme de la page 40049 oreillers ergonomiques (mêmes oreillers cervicaux) (Google : privé)
39303;Les meilleurs oreillers pour dormir sur le côté;https://meilleurtest.fr/comparatif-oreiller-pour-dormir-sur-cote/;oreiller;dormeur sur le côté;non classé;1;37544;Les meilleurs oreillers;https://meilleurtest.fr/comparatif-oreiller/;B : intention spécifique selon les attributs, mais aucun guide spécialisé dans le top 5;meilleurs oreillers pour dormir sur le côté;0;;G,G,O,F,O;dodo.fr — Quel oreiller pour dormir sur le côté ? | DODO;lexpress.fr — Les meilleurs oreillers : notre comparatif 2026;fr.tempur.com — Oreillers par position de sommeil : sur le côté - TEMPUR;reddit.com — Quels sont les meilleurs oreillers pour les dormeurs sur le ...;lamaisondeloreiller.com — Oreiller Ergonomique Dos et Côté;privé;"Google : Seul guide 'côté' de marque (dodo pos. 1), aucun guide indépendant ; aucun clic en 2025"
38480;Les meilleurs lits orthopédiques pour chien;https://meilleurtest.fr/comparatif-lit-orthopedique-pour-chien/;panier pour chien;orthopédique;usage / contexte;1;39470;Les meilleurs lits pour chien;https://meilleurtest.fr/comparatif-lit-pour-chien/;C : intention spécifique et résultats mixtes (un seul guide spécialisé, pas en tête);meilleurs lits orthopédiques pour chien;1;;S?,S?,S?,F,S;fr.funnyfuzzy.com — Panier Orthopédique Chien | Lit Mémoire de Forme & Confort;williamwalker.fr — Lit orthopédique haut de gamme William Walker;welovehunter.com — Acheter des lits orthopédiques pour chiens en ligne;reddit.com — Meilleur lit orthopédique pour chien ? : r/Pets;petformed.com — Quel panier orthopédique pour chien choisir ? ...;garder;"Trafic : 35 clics, dont 20 sur « orthopédique » (pos. 12) en mars-oct. 2025 ; Google seul : privé (Aucun S : marchands, Reddit, guide marchand petformed (pos. 5))"
39176;Les meilleurs paniers pour grand chien;https://meilleurtest.fr/comparatif-panier-pour-grand-chien/;panier pour chien;grand chien;public visé;1;39470;Les meilleurs lits pour chien;https://meilleurtest.fr/comparatif-lit-pour-chien/;B : intention spécifique selon les attributs, mais aucun guide spécialisé dans le top 5;meilleurs paniers pour grand chien;0;;F,G,S?,G,G;lacompagniedesanimaux.com — Comment choisir son Panier pour Chien ? | Guide 100% Véto;lumpmedia.fr — Les meilleurs paniers pour chien en 2026 : notre sélection;fr.funnyfuzzy.com — Panier Grand Chien XXL | Confort & Lit Adapté;bagane.fr — Le meilleur panier pour chien orthopédique et design;notretemps.com — Quel est le meilleur panier pour chien à choisir en 2025 ?;privé;"Google : Aucun guide 'grand chien' : guides paniers généraux, funnyfuzzy marchand (pos. 3) ; aucun clic en 2025"
39851;Les meilleurs papiers peints repositionnables;https://meilleurtest.fr/comparatif-papier-peint-repositionnable/;papier peint;repositionnable;non classé;1;36770;Les meilleurs papiers peints;https://meilleurtest.fr/comparatif-papier-peint/;C : intention spécifique et résultats mixtes (un seul guide spécialisé, pas en tête);meilleurs papiers peints repositionnables;1;;S?,S,O,O,O;ferflex.fr — Papier peint adhésif repositionnable et magnétique;legrandcirque.fr — Guide des papiers peints adhésifs repositionnables;4murs.com — Papier peint adhésif : rénovez avec facilité;wellpapers.com — Nos 3 types de papiers peints;blog.beau-beau.co — Papier peint adhésif : ce que vous devez savoir;privé;"Google : Seul guide 'repositionnable' de marque (legrandcirque pos. 2), reste marchand ; peu de trafic (1 clics, dont 1 sur « repositionnable » (pos. 16) en mars-oct. 2025)"
42214;Les meilleures parapluies résistants au vent;https://meilleurtest.fr/comparatif-parapluie-resistant-au-vent/;parapluie;résistant au vent;non classé;1;37303;Les meilleurs parapluies;https://meilleurtest.fr/comparatif-parapluie/;B : intention spécifique selon les attributs, mais aucun guide spécialisé dans le top 5;meilleures parapluies résistants au vent;0;;S?,S?,O,O,F;parapluiedecherbourg.com — Les parapluies résistants au vent;rueduparapluie.fr — Parapluie anti tempête solide et résistant au vent;isotoner.fr — Parapluies tempête très solide et anti-vent;lemondeduparapluie.com — Parapluie tempête - anti-vent;reddit.com — Est-ce qu'un parapluie résistant au vent qui ne se retourne ...;privé;"Google : Top 4 marchand (parapluiedecherbourg, rueduparapluie, isotoner, lemondeduparapluie) + Reddit ; peu de trafic (11 clics, dont 2 sur « résistant au vent » (pos. 28) en mars-oct. 2025)"
37378;Les meilleurs parapluies inversés;https://meilleurtest.fr/comparatif-parapluie-inverse/;parapluie;inversé;non classé;1;37303;Les meilleurs parapluies;https://meilleurtest.fr/comparatif-parapluie/;C : intention spécifique et résultats mixtes (un seul guide spécialisé, pas en tête);meilleurs parapluies inversés;1;;S?,S,S?,G,O;parapluieparis.com — Parapluie inversé très innovant;parapluiedecherbourg.com — Pourquoi choisir un parapluie inversé ?;rueduparapluie.fr — Parapluie inversé - modèles originaux, pliants ou ...;smati-paris.fr — Top 7 des meilleures marques de Parapluie;meilleurs.fr — Top Parapluie anti-tempête en 2026;garder;"Trafic : 3 clics, dont 3 sur « inversé » (pos. 17) en mars-oct. 2025 ; Google seul : privé (Aucun guide indépendant 'inversé' : marchands, marque, tops généraux)"
40351;Les meilleurs parfums floral pour femme;https://meilleurtest.fr/comparatif-parfum-floral-pour-femme/;parfum;femme, floral;public visé, non classé;1;37377;Les meilleurs parfums pour femme;https://meilleurtest.fr/comparatif-parfum-pour-femme/;C : intention spécifique et résultats mixtes (un seul guide spécialisé, pas en tête);meilleurs parfums floral pour femme;1;;S?,S?,E+,S,E+;news-parfums.com — Parfum Floral pour Femme : Fleuri, Rose, Jasmin;parfumerie-burdin.com — Parfum Floral pour femme et homme | Parfumerie Burdin;sephora.fr — Parfum floral;tendance-parfums.com — Parfum floral fruité femme : guide 2026;marionnaud.ch — 5 meilleurs parfums floraux pour elle - Blog;privé;"Google : Aucun guide indépendant : guides marchands (tendance-parfums, marionnaud) et catégories ; peu de trafic (4 clics, dont 1 sur « floral » (pos. 44) en mars-oct. 2025)"
40079;Les meilleurs PC Portables 4K;https://meilleurtest.fr/comparatif-pc-portables-4k/;pc;4K, portable;technologie / sous-type, technologie / sous-type;1;37911;Les meilleurs PC portables;https://meilleurtest.fr/comparatif-ordinateur-portable/;B : intention spécifique selon les attributs, mais aucun guide spécialisé dans le top 5;meilleurs PC Portables 4K;0;;F,S?,E+,S?,E+;reddit.com — Nouvel ordi portable pour regarder des films 4K avec ...;laptopspirit.fr — Computex 2025 – Asus ProArt P16 H7606W, nouveau PC ...;lenovo.com — Comment évaluer le meilleur PC portable Gaming en 2026 ...;frandroid.com — Lenovo Yoga 9i : un PC de travail 2-en-1 avec un écran 4K;hp.com — HP 4K (3840 x 2160) Ordinateur portable | HP Store Canada;privé;"Google : Aucun guide 'PC portables 4K' : forum, actualités produit, pages marques ; aucun clic en 2025"
37211;Les meilleurs PC gamer fixes;https://meilleurtest.fr/comparatif-pc-gamer-fixe/;pc;fixe, gaming;technologie / sous-type, usage / contexte;1;36516;Les meilleurs ordinateurs de bureau;https://meilleurtest.fr/comparatif-ordinateur-de-bureau/;B : intention spécifique selon les attributs, mais aucun guide spécialisé dans le top 5;meilleurs PC gamer fixes;0;;E+,E,O,O,E+;materiel.net — PC gamer - Ordinateur gaming;topachat.com — Meilleur PC Gamer 2026 : Quelle configuration choisir ?;infomaxparis.com — Quelles sont les meilleures marques de PC gamer;cybertek.fr — PC Gamer Cybertek - Ordinateur Gamer Achat / Vente sur ...;fr.msi.com — Meilleurs PC gaming 2026 : guide d'achat ordinateurs de ...;garder;"Trafic : 22 clics, dont 8 sur « fixe, gaming » (pos. 24) en mars-oct. 2025 ; Google seul : privé (Aucun guide indépendant : marchands et guides de marchands (topachat, infomaxparis, msi))"
36858;Les meilleurs ordinateurs fixes pas chers;https://meilleurtest.fr/comparatif-ordinateur-fixe-pas-cher/;pc;fixe, pas cher;technologie / sous-type, prix;1;36516;Les meilleurs ordinateurs de bureau;https://meilleurtest.fr/comparatif-ordinateur-de-bureau/;A : simple déclinaison, mais un guide spécialisé isolé dans le top 5;meilleurs ordinateurs fixes pas chers;1;;E+,S,S?,E+,E+;grosbill.com — Les ordinateurs fixes les plus performants pour petits budgets;dessinemoiunsite.com — Meilleur PC de bureau pas cher 2026 : comparatif et avis;pcspecialist.fr — Ordinateur de Bureau, Achat PC Fixe pas cher - PCSpecialist;afbshop.fr — Quel PC Fixe Choisir en 2025 ? | Guide Complet pour bien ...;materiel.net — Comment choisir son PC fixe en 2026 ?;garder;Google : Guide 'PC de bureau pas cher' en position 2 (dessinemoiunsite.com)
39077;Les meilleures pelles pliantes;https://meilleurtest.fr/comparatif-pelle-pliante/;pelle;pliant;technologie / sous-type;1;38327;Les meilleures pelles;https://meilleurtest.fr/comparatif-pelle/;B : intention spécifique selon les attributs, mais aucun guide spécialisé dans le top 5;meilleures pelles pliantes;0;;S?,S?,G,F,S?;knivesandtools.fr — Pelles pliantes : parfaites pour vos aventures camping ou ...;materiel-aventure.fr — Pelles pliantes pour la randonnée, le camping et la survie;entrainement-militaire.fr — Quelles sont les Meilleures pelles de survie [Guide d'achat];youtube.com — TOP 3 MEILLEUR PELLE PLIANTE 2025;projet13.com — Pelle pliante militaire de l'armée US Américaine, survie et ...;privé;"Google : Top 5 marchand + vidéo ; seul guide vise 'survie' (pos. 3) ; aucun clic en 2025"
38129;Les meilleures perceuse-visseuses à percussion sans fil 18 V;https://meilleurtest.fr/comparatif-perceuse-visseuse-a-percussion-sans-fil-18-v/;perceuse-visseuse;18V, percussion, sans fil;taille / capacité / quantité, non classé, technologie / sous-type;2;36925;Les meilleures perceuses-visseuses sans fil;https://meilleurtest.fr/comparatif-perceuse-visseuse-sans-fil/;A : simple déclinaison, mais un guide spécialisé isolé dans le top 5;meilleures perceuse-visseuses à percussion sans fil 18 V;1;;S?,S,G,E+,F;makita.fr — Perceuse Visseuse à Percussion LXT® (18V);lineonline.fr — Perceuse visseuse sans fil : les meilleurs modèles 2026;fredobrico.com — Quelle visseuse choisir ? Le guide comparatif 2026;leroymerlin.fr — Perceuse visseuse sans fil;youtube.com — Génial ! Mon top 3 PERCEUSE VISSEUSE A PERCUSSION ...;privé;"Google : Aucun guide 'percussion 18 V' : marque, guides sans fil généraux, vidéo ; peu de trafic (1 clics, dont 0 sur « 18V, percussion » (pos. 53) en mars-oct. 2025)"
37173;Les meilleurs pianos à queue pour enfant;https://meilleurtest.fr/comparatif-piano-a-queue-enfant/;piano enfant;queue;non classé;1;41224;Les meilleurs pianos pour enfant;https://meilleurtest.fr/comparatif-piano-pour-enfant/;C : intention spécifique et résultats mixtes (un seul guide spécialisé, pas en tête);meilleurs pianos à queue pour enfant;1;;O,S?,E+,S,F;stars-music.fr — Le piano numérique pour les enfants : un choix adapté ?;vilac.com — Grand piano à queue noir - Musique;cdiscount.com — Piano à queue - Instruments de musique;justeunpiano.fr — Meilleures marques de piano à queue;reddit.com — Meilleur piano numérique pour un enfant de 3 ans;privé;"Google : Aucun guide piano à queue enfant : marchands, piano adulte, Reddit ; aucun clic en 2025"
41090;Les meilleures pinces à sertir multicouche;https://meilleurtest.fr/comparatif-pince-a-sertir-multicouche/;pince à sertir;multicouche;matière / composition;1;39204;Les meilleures pinces à sertir;https://meilleurtest.fr/comparatif-pince-a-sertir/;C : intention spécifique et résultats mixtes (un seul guide spécialisé, pas en tête);meilleures pinces à sertir multicouche;1;;G,S,S?,F,F;plomberie-pro.com — Comment choisir sa pince à sertir ?;bfmtv.com — Les 5 meilleures pinces à sertir multicouche 2026;waterout.fr — Pince à Sertir Multicouche et PER;forumconstruire.com — Pince à sertir choix - 15 messages;youtube.com — TOP 3: Best Multilayer Crimping Tool 2026;garder;Trafic : 15 clics, dont 7 sur « multicouche » (pos. 8) en mars-oct. 2025
36708;Les meilleures planchas en fonte;https://meilleurtest.fr/comparatif-plancha-fonte/;plancha;fonte;matière / composition;1;37967;Les meilleures planchas;https://meilleurtest.fr/comparatif-plancha/;B : intention spécifique selon les attributs, mais aucun guide spécialisé dans le top 5;meilleures planchas en fonte;0;;E,G,G,E,G;esprit-barbecue.fr — Quelle est la meilleure marque de plancha ?;verycook.com — Comparatif plaques de cuisson plancha;lerepaireduchef.fr — Quelle est la meilleure plancha gaz ? Comparatif;raviday-barbecue.com — Plancha Gaz : Comparez 70 Modèles des Meilleures ...;lebontri.fr — Meilleure plancha 2026 : gaz ou électrique, quelle plaque ?;privé;"Google : Aucun guide 'fonte' : guides plancha généraux et gaz ; peu de trafic (3 clics, dont 1 sur « fonte » (pos. 31) en mars-oct. 2025)"
42011;Les meilleures planchas électriques pour l'extérieur;https://meilleurtest.fr/comparatif-plancha-electrique-pour-l-exterieur/;plancha;électrique, extérieur;technologie / sous-type, usage / contexte;2;36970;Les meilleures planchas électriques;https://meilleurtest.fr/comparatif-planchas-electriques/;C : intention spécifique et résultats mixtes (un seul guide spécialisé, pas en tête);meilleures planchas électriques pour l'extérieur;1;;E+,E+,E+,S,S?;esprit-barbecue.fr — Quelles sont les meilleures planchas électriques en 2026;raviday-barbecue.com — Plancha électrique : le guide complet pour bien choisir;leroymerlin.fr — Meilleure plancha électrique au meilleur prix;lesnumeriques.com — Guide : Quelles sont les meilleures planchas électriques ? ...;riviera-et-bar.fr — Plancha électrique extérieur : précision et cuisine en plein air;privé;"Google : Aucun guide 'extérieur' : guides planchas électriques généraux, marchands ; aucun clic en 2025"
39943;Les meilleures plaques de cuisson électriques;https://meilleurtest.fr/comparatif-plaque-de-cuisson-electrique/;plaque de cuisson;électrique;technologie / sous-type;1;36691;Les meilleures plaques de cuisson;https://meilleurtest.fr/comparatif-plaque-de-cuisson/;B : intention spécifique selon les attributs, mais aucun guide spécialisé dans le top 5;meilleures plaques de cuisson électriques;0;;G,E,E,G,E;quechoisir.org — Comment choisir sa plaque de cuisson à induction;bosch-home.fr — Meilleure Plaque de Cuisson : notre guide interactif;electrodepot.fr — Quelles sont les 7 meilleures plaques de cuisson du moment;lesnumeriques.com — Plaques de cuisson - Actualités, Tests et Comparatifs;ubaldi.com — Quelle plaque de cuisson choisir ? Induction, Gaz, Vitro...;privé;"Google : Uniquement des guides plaques de cuisson généraux, aucun 'électrique' ; aucun clic en 2025"
38699;Les meilleures plaques mixtes induction et gaz;https://meilleurtest.fr/comparatif-plaque-mixte-induction-et-gaz/;plaque de cuisson;gaz, mixte induction;technologie / sous-type, non classé;2;38848;Les meilleures plaques de cuisson au gaz;https://meilleurtest.fr/comparatif-plaque-de-cuisson-au-gaz/;B : intention spécifique selon les attributs, mais aucun guide spécialisé dans le top 5;meilleures plaques mixtes induction et gaz;0;;E,G,S?,E,G;electrolux.fr — Plaque de cuisson mixte;electroguide.com — Les 7 meilleures plaques de cuisson mixtes;beldeko.com — Plaque de cuisson mixte gaz et induction 4 foyers;ubaldi.com — Achat Plaque De Cuisson Mixte : Comment Choisir ?;cuisine-encastrable.com — Meilleure plaque mixte : le comparatif 2026;garder;"Trafic : 38 clics, dont 27 sur « mixte induction » (pos. 5) en mars-oct. 2025 ; Google seul : privé (Guides visent 'plaques mixtes' sans 'induction' (electroguide, pos. 2) ; reste marchand)"
37984;Les meilleures plateformes vibrantes oscillantes;https://meilleurtest.fr/comparatif-plateforme-vibrante-oscillante/;plateforme vibrante;oscillante;non classé;1;36682;Les meilleures plateformes vibrantes;https://meilleurtest.fr/comparatif-plateforme-vibrante/;B : intention spécifique selon les attributs, mais aucun guide spécialisé dans le top 5;meilleures plateformes vibrantes oscillantes;0;;E,G,G,G,G;shopping.cosmopolitan.fr — Les meilleures plateformes vibrantes pour maigrir et se muscler;20minutes.fr — Les trois meilleures plateformes vibrantes à choisir en 2026;bfmtv.com — 💥 Meilleures plateformes vibrantes 2026 - guide d'achat et ...;avis-beaute.marieclaire.fr — Les meilleures plateformes vibrantes pour se muscler en ...;sport-passion.fr — Comment choisir sa plateforme vibrante ?;privé;"Google : Uniquement des guides plateformes vibrantes généraux, aucun 'oscillante' ; peu de trafic (1 clics, dont 0 sur « oscillante » (pos. 53) en mars-oct. 2025)"
42452;Les meilleures platines vinyles audiophiles;https://meilleurtest.fr/comparatif-platine-vinyle-audiophile/;platine vinyle;audiophile;non classé;1;37107;Les meilleures platines vinyles;https://meilleurtest.fr/comparatif-platine-vinyle/;B : intention spécifique selon les attributs, mais aucun guide spécialisé dans le top 5;meilleures platines vinyles audiophiles;0;;S?,S?,F,F,F;ouest-france.fr — La platine vinyle qui cartonne sur les réseaux est enfin à ...;on-mag.fr — Rega RP8 : une platine vinyle audiophile de référence à ...;youtube.com — The Best Turntables of 2026;forum-hifi.fr — Platines Vinyles légendaires;reddit.com — Meilleure platine vinyle à moins de 250 £ : r/turntables;privé;"Google : Aucun guide : actu ouest-france, article Rega RP8 (on-mag), vidéo, forums ; peu de trafic (1 clics, dont 1 sur « audiophile » (pos. 40) en mars-oct. 2025)"
41952;Les meilleures platines vinyles avec ampli intégré;https://meilleurtest.fr/comparatif-platine-vinyle-avec-ampli-integre/;platine vinyle;ampli intégré;non classé;1;37107;Les meilleures platines vinyles;https://meilleurtest.fr/comparatif-platine-vinyle/;B : intention spécifique selon les attributs, mais aucun guide spécialisé dans le top 5;meilleures platines vinyles avec ampli intégré;0;;E,G,E+,O,E;laboutiquederic.com — Choisir et comparer les platines vinyles pré-amplifiés;vinyles.com — TOP 10 meilleures platines 2026 : Guide complet ...;cobra.fr — Platines vinyle avec préampli phono intégré;lenco.fr — Platines vinyles avec encientes;blog.son-video.com — Comparatif des meilleures platines vinyle 2026 - Son-Vidéo.com;garder;"Trafic : 10 clics, dont 7 sur « ampli intégré » (pos. 10) en mars-oct. 2025 ; Google seul : privé (Aucun guide 'ampli intégré' : marchands et guides platines généraux)"
38685;Les meilleures platines vinyles bluetooth;https://meilleurtest.fr/comparatif-platine-vinyle-bluetooth/;platine vinyle;bluetooth;technologie / sous-type;1;37107;Les meilleures platines vinyles;https://meilleurtest.fr/comparatif-platine-vinyle/;B : intention spécifique selon les attributs, mais aucun guide spécialisé dans le top 5;meilleures platines vinyles bluetooth;0;;E+,S?,G,F,E;laboutiquederic.com — Choisir et comparer les platines vinyles Bluetooth;vinyles.com — Duel platines Bluetooth 2026 à moins de 200;lesnumeriques.com — Guide : Les meilleures platines vinyle Septembre 2026;reddit.com — Quel est le meilleur tourne-disque Bluetooth et automatique;blog.son-video.com — Comparatif des meilleures platines vinyle 2026 - Son-Vidéo.com;garder;Google : Comparatif 'Bluetooth' en position 2 (vinyles.com)
36933;Les meilleurs pneus neige;https://meilleurtest.fr/comparatif-pneu-neige/;pneu;neige;usage / contexte;1;38398;Les meilleurs pneus voiture;https://meilleurtest.fr/comparatif-pneu-voiture/;C : intention spécifique et résultats mixtes (un seul guide spécialisé, pas en tête);meilleurs pneus neige;1;;G,G,G,S,G;guideautoweb.com — Meilleurs pneus d'hiver 2026-2027 : nos suggestions;centralepneus.fr — Quel est le meilleur pneu hiver ? | Guide CentralePneus.fr;testpneus.fr — Pneus hiver de 2026 - aperçu du marché, tests, revues;avatacar.com — Quels sont les meilleurs pneus hiver/neige ? Le top 5;oponeo.fr — Tests des pneus d'hiver de l'ADAC;garder;Google : Guide 'pneus hiver' en position 1 (guideautoweb), testpneus en pos. 3
40199;Les meilleurs pneus rechapés;https://meilleurtest.fr/comparatif-pneu-rechape/;pneu;rechapé;non classé;1;38398;Les meilleurs pneus voiture;https://meilleurtest.fr/comparatif-pneu-voiture/;C : intention spécifique et résultats mixtes (un seul guide spécialisé, pas en tête);meilleurs pneus rechapés;1;;S?,S,S?,S?,F;grip500.fr — Acheter des pneus rechapés à prix discount;confortauto.fr — Acheter des pneus rechapés Insa Turbo au meilleur prix;tiregom.fr — Les pneus rechapés : que valent-il vraiment ?;commercial.bridgestone.com — Qu'est-ce que les pneus rechapés et pourquoi devriez- ...;forum4x4.org — Avis pneus rechapés;privé;"Google : Aucun guide indépendant 'rechapés' : marchands, Bridgestone, forum ; peu de trafic (1 clics, dont 1 sur « rechapé » (pos. 20) en mars-oct. 2025)"
41426;Les meilleures ponceuses deltas;https://meilleurtest.fr/comparatif-ponceuse-delta/;ponceuse;delta;non classé;1;37596;Les meilleures ponceuses;https://meilleurtest.fr/comparatif-ponceuse/;C : intention spécifique et résultats mixtes (un seul guide spécialisé, pas en tête);meilleures ponceuses deltas;1;;G,S,E+,S?,F;lemonde.fr — Les meilleures ponceuses triangulaires;outillage-de-pro.com — Ponceuse Triangulaire, Delta | Comparatif Pro TOP ᑕ❸ᑐ;idealo.fr — Ponceuse delta 2026 au meilleur prix;fixami.fr — Ponceuses delta;youtube.com — TOP 3: Best Delta Sander (Detail, Hand, or Mouse Sander) 2025;garder;Trafic : 26 clics, dont 11 sur « delta » (pos. 8) en mars-oct. 2025
38331;Les meilleures ponceuses à bande;https://meilleurtest.fr/comparatif-ponceuse-a-bande/;ponceuse;bande;non classé;1;37596;Les meilleures ponceuses;https://meilleurtest.fr/comparatif-ponceuse/;B : intention spécifique selon les attributs, mais aucun guide spécialisé dans le top 5;meilleures ponceuses à bande;0;;E+,E+,F,F,F;leroymerlin.fr — Ponceuse à bande filaire;ponceuse-a-bande.com — Ponceuse à Bande : Avis, tests & comparatifs 2026;reddit.com — Recommandations de ponceuses à bande ? : r/Tools;youtube.com — Les Meilleures Ponceuses à Bande Rapport Qualité-Prix de ...;facebook.com — Avis honnête sur mes machines. Et pour vous quelle est votre ...;garder;Google : Site de tests 'ponceuse à bande' en position 2 (ponceuse-a-bande.com)
39525;Les meilleures ponceuses à ongles professionnelles;https://meilleurtest.fr/comparatif-ponceuse-a-ongles-professionnelle/;ponceuse à ongles;professionnel;public visé;1;38439;Les meilleures ponceuses à ongles;https://meilleurtest.fr/comparatif-ponceuse-a-ongle/;C : intention spécifique et résultats mixtes (un seul guide spécialisé, pas en tête);meilleures ponceuses à ongles professionnelles;1;;S?,O,S,E,F;onix-pro.fr — Ponceuse a ongle professionnelle;nailsfrs.fr — Ponceuse à ongles pro : manucure et pédicure;velvet-extension.fr — Quelle ponceuse ongle professionnelle choisir;shopping.cosmopolitan.fr — Quelle ponceuse à ongles choisir ? - Cosmopolitan Shopping;forumongles.fr — Choix ponceuses - Le forum des ongles (prothésistes ...;privé;"Google : Aucun guide indépendant 'pro' ; guide marchand velvet-extension (pos. 3) ; peu de trafic (1 clics en mars-oct. 2025)"
37610;Les meilleurs porte-cartes de visite;https://meilleurtest.fr/comparatif-porte-cartes-de-visite/;porte-cartes;cartes de visite;non classé;1;42681;Les meilleurs porte-cartes;https://meilleurtest.fr/comparatif-porte-cartes/;B : intention spécifique selon les attributs, mais aucun guide spécialisé dans le top 5;meilleurs porte-cartes de visite;0;;O,S?,G,S?,F;porte-cartes.fr — Porte-cartes.fr: PORTE-CARTES, l'alternative au porte ...;bruneau.fr — Porte-cartes de visite;crivellaro-paris.fr — Meilleurs choix de porte-cartes pour homme en 2026;vistaprint.fr — Porte-cartes de visite et étuis personnalisés;instagram.com — Les meilleures marques de porte-cartes;privé;"Google : Top 5 marchand + Instagram, aucun guide 'cartes de visite' ; aucun clic en 2025"
41259;Les meilleurs porte-vélos hayon;https://meilleurtest.fr/comparatif-porte-velo-hayon/;porte-vélo;hayon;non classé;1;37055;Les meilleurs porte-vélos pour voiture;https://meilleurtest.fr/comparatif-porte-velo-pour-voiture/;C : intention spécifique et résultats mixtes (un seul guide spécialisé, pas en tête);meilleurs porte-vélos hayon;1;;E,G,S,S?,G;alltricks.fr — Comparatif : les meilleurs porte-vélos du marché;autobacs.fr — Top 10 des Meilleurs Porte Vélos de l'Année;autoplus.fr — Porte-vélos sur hayon : 5 modèles testés pour les vacances;autopieces-online.fr — Portes-Vélos sur Hayon (2, 3, 4 vélos);cycles.brumaire.co — Comment choisir le meilleur porte-vélo électrique ?;garder;"Google : 1 seul guide 'hayon' (autoplus, pos. 3), reste général/marchand ; historique : 7 clics, dont 1 sur « hayon » (pos. 28) en mars-oct. 2025"
38886;Les meilleurs postes à souder TIG AC/DC;https://meilleurtest.fr/comparatif-postes-a-souder-tig-ac-dc/;poste à souder;AC/DC, TIG;technologie / sous-type, technologie / sous-type;1;40274;Les meilleurs postes à souder;https://meilleurtest.fr/comparatif-poste-a-souder/;B : intention spécifique selon les attributs, mais aucun guide spécialisé dans le top 5;meilleurs postes à souder TIG AC/DC;0;;S?,E+,S?,F,E;soudure.pro — Poste à souder TIG Professionnel dès 536,21€;laboutiquedusoudeur.com — POSTE À SOUDER TIG AC DC ACIER / INOX ET ALU;"soudeurs.com — Analyse de l'offre des postes TIG AC/DC ""Made in China""";youtube.com — TOP—5. Meilleurs postes à souder TIG (TIG). Test & Comparatif ...;eshop.wurth.fr — Top 6 des meilleurs postes à souder;privé;"Google : Aucun guide TIG AC/DC : marchands, forum soudeurs.com, YouTube, Würth général ; aucun clic en 2025"
36490;Les meilleurs postes à souder pour soudure à l'arc;https://meilleurtest.fr/comparatif-poste-a-souder-pour-soudure-a-larc/;poste à souder;soudure à l'arc;non classé;1;40274;Les meilleurs postes à souder;https://meilleurtest.fr/comparatif-poste-a-souder/;B : intention spécifique selon les attributs, mais aucun guide spécialisé dans le top 5;meilleurs postes à souder pour soudure à l'arc;0;;F,G,G,G,F;youtube.com — TOP—5. Meilleurs postes à souder à électrode (MMA, ARC, E- ...;soudure.pro — Meilleur poste à souder professionnel;le-meilleur-poste-a-souder.com — Le meilleur poste a souder en 2026;systemed.fr — Avis et test sur six postes à souder MMA Inverter;patrol-gr.net — Quel poste soudure à l'arc ? - Le Bistrot...! - Patrol-GR.net;privé;"Google : 1 seul guide arc/MMA (systemed, pos. 4), reste vidéos, forum, généraux ; peu de trafic (4 clics, dont 0 sur « soudure à l'arc » (pos. 21) en mars-oct. 2025)"
41230;Les meilleurs postes à souder semi-automatiques;https://meilleurtest.fr/comparatif-poste-a-souder-semi-automatique/;poste à souder;semi-automatique;technologie / sous-type;1;40274;Les meilleurs postes à souder;https://meilleurtest.fr/comparatif-poste-a-souder/;B : intention spécifique selon les attributs, mais aucun guide spécialisé dans le top 5;meilleurs postes à souder semi-automatiques;0;;S?,G,E,O,G;soudure.pro — Poste à souder MIG MAG (semi-automatique) Professionnel;soudeurs.com — quel poste à souder mig mag choisir ?;eshop.wurth.fr — Top 6 des meilleurs postes à souder;vector-welding.fr — Poste a souder semi auto dès 219€ | VECTOR WELDING®;bfmtv.com — Les 7 meilleurs postes à souder 2026;garder;"Trafic : 2 clics, dont 1 sur « semi-automatique » (pos. 7) en mars-oct. 2025 ; Google seul : privé (Aucun guide indépendant MIG/semi-auto : soudeurs.com forum pos. 2, reste marchand/général)"
39211;Les meilleures poubelles à ouverture automatique;https://meilleurtest.fr/comparatif-poubelle-a-ouverture-automatique/;poubelle;ouverture automatique;non classé;1;39064;Les meilleures poubelles;https://meilleurtest.fr/comparatif-poubelle/;B : intention spécifique selon les attributs, mais aucun guide spécialisé dans le top 5;meilleures poubelles à ouverture automatique;0;;G,G,E,F,E;poubelle-eco.fr — Meilleures poubelles automatiques;marieclaire.fr — Notre sélection des meilleures poubelles automatiques;idealo.fr — ▷▷ Poubelle automatique 2026 au meilleur prix;youtube.com — TOP 3 MEILLEUR POUBELLE AUTOMATIQUE TRI SELECTIF ...;leroymerlin.fr — Poubelle cuisine automatique au meilleur prix;garder;Google : Sélection 'poubelles automatiques' marieclaire en position 2
39099;Les meilleurs poulaillers en bois;https://meilleurtest.fr/comparatif-poulailler-bois/;poulailler;bois;matière / composition;1;36720;Les meilleurs poulaillers;https://meilleurtest.fr/comparatif-poulailler/;B : intention spécifique selon les attributs, mais aucun guide spécialisé dans le top 5;meilleurs poulaillers en bois;0;;G,E,O,G,F;poulailler-direct.fr — Quel poulailler choisir ? Nos astuces et conseils pour faire ...;animal-valley.com — Meilleur poulailler : quel modèle choisir pour vos poules;chemin-des-poulaillers.com — Poulaillers toutes tailles;poules-club.com — Meilleur poulailler : lequel acheter en 2024 ?;youtube.com — Best Chicken Coop for Laying Hens? 3 Criteria for Choosing.;garder;"Série « matière / composition » alignée sur garder (plastique) ; avant : Google : Aucun guide 'bois' : guides poulailler généraux, marchand, YouTube ; aucun clic en 2025"
39175;Les meilleurs poulaillers en plastique;https://meilleurtest.fr/comparatif-poulailler-plastique/;poulailler;plastique;matière / composition;1;36720;Les meilleurs poulaillers;https://meilleurtest.fr/comparatif-poulailler/;C : intention spécifique et résultats mixtes (un seul guide spécialisé, pas en tête);meilleurs poulaillers en plastique;1;;S?,E,S?,S,F;le-roi-de-la-poule.com — Poulaillers en plastique recyclé;animal-valley.com — Meilleur poulailler : quel modèle choisir pour vos poules;nestera.fr — Poulailler plastique recyclé | nettoyage facile | Anti poux rouges;poules-club.com — Poulailler plastique : Tests et modèles;plumage.forum-actif.net — Poulaillers HPL ou plastique recyclé;garder;"Trafic : 4 clics, dont 3 sur « plastique » (pos. 9) en mars-oct. 2025 ; Google seul : privé (1 seul guide 'plastique' (poules-club, pos. 4), reste marchand/forum)"
41333;Les meilleurs poupons interactifs;https://meilleurtest.fr/comparatif-poupon-interactif/;poupon;interactif;non classé;1;38371;Les meilleurs poupons;https://meilleurtest.fr/comparatif-poupon/;C : intention spécifique et résultats mixtes (un seul guide spécialisé, pas en tête);meilleurs poupons interactifs;1;;O,S?,S?,S,S?;mamadvisor.magicmaman.com — Quelle est la meilleure poupée enfant ? - Mam'Advisor;lagranderecre.fr — Poupons interactifs;king-jouet.be — Poupons interactifs;guide-achat.lefigaro.fr — trouver les meilleurs poupées et poupons interactifs;corolle.com — grand poupon interactif qui parle et qui pleure - jouet;garder;"Trafic : 5 clics, dont 4 sur « interactif » (pos. 9) en mars-oct. 2025 ; Google seul : privé (1 seul guide 'interactifs' (lefigaro, pos. 4), reste marchand)"
39547;Les meilleures poussettes running;https://meilleurtest.fr/comparatif-poussette-running/;poussette;running;usage / contexte;1;37807;Les meilleures poussettes;https://meilleurtest.fr/comparatif-poussette/;C : intention spécifique et résultats mixtes (un seul guide spécialisé, pas en tête);meilleures poussettes running;1;;S?,G,G,F,S;tonton-outdoor.com — Poussettes running et course à pied pour courir avec ses ...;thule.com — Comment choisir une poussette de jogging;support.runna.com — Les meilleures poussettes de course pour 2025;reddit.com — Poussette de jogging - est-ce que ça vaut le coup;madeinbebe.com — Poussette running : les meilleures marques et les tops ...;privé;"Google : Guides 'poussettes running' en pos. 3 et 5 (runna, madeinbebe) — vérifié : support.runna.com = hors sujet, madeinbebe.com = boutique, donc privé ; peu de trafic (1 clics, dont 0 sur « running » (pos. 55) en mars-oct. 2025)"
41415;Les meilleures poêles en inox;https://meilleurtest.fr/comparatif-poele-en-inox/;poêle;inox;matière / composition;1;42687;Les meilleures poêles pour la cuisine;https://meilleurtest.fr/comparatif-poele-pour-la-cuisine/;C : intention spécifique et résultats mixtes (un seul guide spécialisé, pas en tête);meilleures poêles en inox;1;;F,S?,S?,F,S;saine-inox.com — comparatif des meilleures poêles 2026 - saine-inox.com;debuyer.com — Poêles en inox;cristel.com — Poêles inox Cristel | Fabrication Française;reddit.com — Comment bien choisir des poêles en Inox ? : r/cuisine;mathon.fr — Comparatif des meilleures marques de poêles en inox;garder;"Trafic : 60 clics, dont 15 sur « inox » (pos. 36) en mars-oct. 2025 ; Google seul : privé (Aucun guide indépendant 'inox' : marques, Reddit, guide marchand mathon (pos. 5))"
42427;Les meilleurs poêles à bois bouilleurs;https://meilleurtest.fr/comparatif-poele-a-bois-bouilleur/;poêle à bois;bouilleur;non classé;1;36930;Les meilleurs poêles à bois;https://meilleurtest.fr/comparatif-poele-a-bois/;C : intention spécifique et résultats mixtes (un seul guide spécialisé, pas en tête);meilleurs poêles à bois bouilleurs;1;;S?,S?,F,S,O;topchaleur.com — Poêle à bois hydro - Poêle à bois bouilleur;romotop.fr — Poêles à bois bouilleurs 🚿| Eau chaude ROMOTOP;forumconstruire.com — Meilleure marque de poêle bouilleur à bûches;conseils-thermiques.org — Poêles à bois bouilleur : Guide d'achat;chaleurbois.com — Poêle chauffage central;garder;"Google : 1 seul guide 'bouilleur' (conseils-thermiques, pos. 4), reste marchand/forum ; historique : 0 clics, dont 0 sur « bouilleur » (pos. 20) en mars-oct. 2025"
38725;Les meilleurs poêles à bois scandinaves;https://meilleurtest.fr/comparatif-poele-a-bois-scandinave/;poêle à bois;scandinave;couleur / style;1;36930;Les meilleurs poêles à bois;https://meilleurtest.fr/comparatif-poele-a-bois/;A : simple déclinaison, mais un guide spécialisé isolé dans le top 5;meilleurs poêles à bois scandinaves;1;;G,S?,S,S?,S?;effy.fr — Meilleur Poêle à Bois : Comparatif 2026;ambiances-flammes.fr — Poêle à bois scandinave;futura-sciences.com — Quels sont les meilleurs poêles à bois scandinaves ?;aasgard.fr — Aäsgard, expert des poêles à bois scandinaves;quelleenergie.fr — Poêle à bois scandinave : efficacité, économies et esthétisme;privé;"Google : 1 seul guide 'scandinaves' (futura-sciences, pos. 3), reste marchand/général ; peu de trafic (2 clics, dont 1 sur « scandinave » (pos. 37) en mars-oct. 2025)"
38723;Les meilleures poêles à frire compatibles induction;https://meilleurtest.fr/comparatif-poele-a-frire-compatible-induction/;poêle à frire;compatible induction;technologie / sous-type;1;37218;Les meilleures poêles à frire;https://meilleurtest.fr/comparatif-poele-a-frire/;B : intention spécifique selon les attributs, mais aucun guide spécialisé dans le top 5;meilleures poêles à frire compatibles induction;0;;G,G,G,G,G;mathon.fr — Poêles de cuisson au meilleur prix - Induction, tous feux;marieclaire.fr — Les meilleures poêles à induction pour une cuisson idéale;quechoisir.org — Comment choisir sa poêle à frire - Guide d'achat;lecreuset.fr — Guide des meilleures poêles et casseroles pour plaques à ...;marmiton.org — Bien choisir une poêle : comparatif des meilleures poêles;garder;Google : Sélection 'poêles à induction' marieclaire en position 2
37320;Les meilleurs poêles à granulés canalisables;https://meilleurtest.fr/comparatif-poele-a-granules-canalisable/;poêle à granulés;canalisable;non classé;1;37183;Les meilleurs poêles à granulés;https://meilleurtest.fr/comparatif-poele-a-granules/;C : intention spécifique et résultats mixtes (un seul guide spécialisé, pas en tête);meilleurs poêles à granulés canalisables;1;;S?,O,G,S,S?;topchaleur.com — Poêle à granulé canalisable;lafrancaisedupoele.fr — Poêles à granulés / pellets La française du ...;quelleenergie.fr — Meilleur Poêle à Granulé : Comparatif 2026;aasgard.fr — Les meilleurs poêles à granulés canalisables;poelediscount.com — Poêle à granulés canalisable - Chauffage multi-pièces à ...;privé;"Google : Seul guide 'canalisables' de marque (aasgard pos. 4), reste marchand ; peu de trafic (10 clics, dont 3 sur « canalisable » (pos. 28) en mars-oct. 2025)"
42564;Les meilleurs poêles à granulés extra plats;https://meilleurtest.fr/comparatif-poele-a-granules-extra-plat/;poêle à granulés;extra plat;adjectif de qualité;1;37183;Les meilleurs poêles à granulés;https://meilleurtest.fr/comparatif-poele-a-granules/;A : simple déclinaison, mais un guide spécialisé isolé dans le top 5;meilleurs poêles à granulés extra plats;1;;S?,S?,S,S?,G;topchaleur.com — Poêle à granulés extra plat;lafrancaisedupoele.fr — Poêle à Granulés Extra Plat Puissant | Design Compact;conseils-thermiques.org — Poêles à granulés plats et extra plats : Guide d'achat;poelediscount.com — Poêles à granulés extra plats et poêles de couloir - Page 2;"poeleplus.fr — Notre sélection de poêles à granulés ""plats""";garder;"Trafic : 7 clics, dont 0 sur « extra plat » (pos. 5) en mars-oct. 2025 ; Google seul : privé (1 seul guide indépendant (conseils-thermiques, pos. 3) ; poeleplus jugé marchand)"
37404;Les meilleurs poêles à granulés ventouse;https://meilleurtest.fr/comparatif-poele-a-granules-ventouse/;poêle à granulés;ventouse;non classé;1;37183;Les meilleurs poêles à granulés;https://meilleurtest.fr/comparatif-poele-a-granules/;B : intention spécifique selon les attributs, mais aucun guide spécialisé dans le top 5;meilleurs poêles à granulés ventouse;0;;S?,G,G,S?,S?;topchaleur.com — Poêle à granulé étanche pour sortie en ventouse;quelleenergie.fr — Meilleur Poêle à Granulé : Comparatif 2026;conseils-thermiques.org — Quel est le meilleur poêle à granulés?;poelesagranulesitalia.com — Poêles à Granulés Étanches et Kit Ventouse | Prix Usine;poelediscount.com — Poêle à granulés étanche à ventouse : comment bien le ...;à signaler;Doublon : recouvre la page 37489 poêles à granulés étanches (sortie ventouse = poêle étanche) (Google : privé)
42430;Les meilleurs poêles à granulés à convection naturelle;https://meilleurtest.fr/comparatif-poele-a-granules-a-convection-naturelle/;poêle à granulés;convection naturelle;non classé;1;37183;Les meilleurs poêles à granulés;https://meilleurtest.fr/comparatif-poele-a-granules/;B : intention spécifique selon les attributs, mais aucun guide spécialisé dans le top 5;meilleurs poêles à granulés à convection naturelle;0;;G,S?,G,S?,S?;conseils-thermiques.org — Quel est le meilleur poêle à granulés?;poelediscount.com — Poêles à granulés à convection naturelle;quelleenergie.fr — Meilleur Poêle à Granulé : Comparatif 2026;aasgard.fr — Poêle à granulés à convection naturelle;kbane.com — Qu'est ce qu'un poêle à granulés à convection naturelle ?;privé;"Google : Aucun guide 'convection naturelle' : guides généraux, marchands, définition kbane ; aucun clic en 2025"
37489;Les meilleurs poêles à granulés étanches;https://meilleurtest.fr/comparatif-poele-a-granules-etanche/;poêle à granulés;étanche;technologie / sous-type;1;37183;Les meilleurs poêles à granulés;https://meilleurtest.fr/comparatif-poele-a-granules/;C : intention spécifique et résultats mixtes (un seul guide spécialisé, pas en tête);meilleurs poêles à granulés étanches;1;;S?,G,G,S,G;lafrancaisedupoele.fr — Poêles à Granulés et Pellets Étanches | La Francaise du ...;conseils-thermiques.org — Quel est le meilleur poêle à granulés?;quelleenergie.fr — Meilleur Poêle à Granulé : Comparatif 2026;poelediscount.com — Poêle étanche à granulés – Sélection & prix imbattables;laprimeenergie.fr — Meilleur poêle à granulés en 2026 : le guide pour le choisir;à signaler;Doublon : recouvre la page 37404 poêles à granulés ventouse (mêmes modèles étanches) (Google : privé)
42061;Les meilleurs poêles à pétrole sans odeur;https://meilleurtest.fr/comparatif-poele-a-petrole-sans-odeur/;poêle à pétrole;sans odeur;technologie / sous-type;1;37586;Les meilleurs poêles à pétrole;https://meilleurtest.fr/comparatif-poele-a-petrole/;B : intention spécifique selon les attributs, mais aucun guide spécialisé dans le top 5;meilleurs poêles à pétrole sans odeur;0;;E+,E+,E+,G,E;amazon.fr — Poêle À Pétrole Sans Odeur;bricomarche.com — Poêle à pétrole sans odeur : est-ce possible ?;cdiscount.com — Poêle à pétrole sans odeur;20minutes.fr — Quel est le meilleur poêle à pétrole à choisir en 2026 ?;leroymerlin.fr — Poêle à pétrole;garder;"Trafic : 182 clics, dont 119 sur « sans odeur » (pos. 7) en mars-oct. 2025 ; Google seul : privé (Top 5 marchand (amazon, bricomarche, cdiscount, leroymerlin) + 20minutes général)"
36526;Les meilleurs presse-agrumes électriques;https://meilleurtest.fr/comparatif-presse-agrumes-electrique/;presse-agrumes;électrique;technologie / sous-type;1;39269;Les meilleurs presse-agrumes;https://meilleurtest.fr/comparatif-presse-agrumes/;C : intention spécifique et résultats mixtes (un seul guide spécialisé, pas en tête);meilleurs presse-agrumes électriques;1;;S?,G,F,S,E+;mathon.fr — Presse-agrumes électriques - www.mathon.fr;presse-agrumes.fr — ▷ Meilleur Presse-Agrumes 2026 : Conseils | Guides d'achat ...;youtube.com — TOP 3 : Meilleur Presse Agrume Électrique 2025;marieclaire.fr — Quels sont les meilleurs presse-agrumes électriques;amazon.fr — Presse-agrumes électriques;privé;"Google : 1 seul guide 'électriques' (marieclaire, pos. 4), reste marchand/vidéo ; peu de trafic (1 clics, dont 0 sur « électrique » (pos. 45) en mars-oct. 2025)"
39732;Les meilleurs primers pour cils;https://meilleurtest.fr/comparatif-primer-pour-cils/;primer;cils;non classé;1;39990;Les meilleurs primers;https://meilleurtest.fr/comparatif-primer/;B : intention spécifique selon les attributs, mais aucun guide spécialisé dans le top 5;meilleurs primers pour cils;0;;S?,E+,O,E+,F;londonlash.fr — Primer Pour Cils Premium | London Lash FR;amazon.fr — PRIMER Pour Cils : Beauté Et Parfum;avis-beaute.marieclaire.fr — Quelle est la meilleure base de mascara;shopping.cosmopolitan.fr — 15 bases de mascara à shopper pour des cils XXL;youtube.com — Best eye primer: 3 inexpensive eye primers;à signaler;Autre produit : base de mascara (cils), produit distinct du primer de teint du multi (Google : garder)
39395;Les meilleurs probiotiques pour femme;https://meilleurtest.fr/comparatif-probiotique-pour-femme/;probiotique;femme;public visé;1;36463;Les meilleurs probiotiques;https://meilleurtest.fr/comparatif-probiotique/;B : intention spécifique selon les attributs, mais aucun guide spécialisé dans le top 5;meilleurs probiotiques pour femme;0;;G,G,G,G,G;gapianne.com — Compléments - probiotiques flore intime : comparatif 2026;aroma-zone.com — Probiotiques pour la flore intime : quels bienfaits;lexpress.fr — Les meilleurs probiotiques : Comparatif 2026;physionorm.fr — Comment choisir des Probiotiques pour ma Flore intime ?;cdhf.ca — Guide du pharmacien pour choisir le bon probiotique;privé;"Google : Aucun guide indépendant : guides marchands flore intime (gapianne, physionorm), guides généraux ; peu de trafic (2 clics, dont 0 sur « femme » (pos. 71) en mars-oct. 2025)"
42187;Les meilleurs probiotiques pour maigrir;https://meilleurtest.fr/comparatif-probiotique-pour-maigrir/;probiotique;minceur;usage / contexte;1;36463;Les meilleurs probiotiques;https://meilleurtest.fr/comparatif-probiotique/;B : intention spécifique selon les attributs, mais aucun guide spécialisé dans le top 5;meilleurs probiotiques pour maigrir;0;;G,O,G,G,S?;santemagazine.fr — Quel probiotique pour maigrir;aroma-zone.com — Probiotiques pour maigrir : rôle et efficacité;biogena.com — Probiotiques pour la perte de poids » Quelles bactéries ...;lexpress.fr — Les meilleurs probiotiques : Comparatif 2026;biocyte.com — Microbiote Minceur Probiotiques | Aide à la perte de de poids;garder;Google : Guide 'probiotique pour maigrir' en position 1 (santemagazine.fr)
41332;Les meilleurs antirouilles auto;https://meilleurtest.fr/comparatif-antirouille-auto/;produit anti-rouille;voiture;usage / contexte;1;41165;Les meilleurs produits anti-rouille;https://meilleurtest.fr/comparatif-produit-anti-rouille/;B : intention spécifique selon les attributs, mais aucun guide spécialisé dans le top 5;meilleurs antirouilles auto;0;;G,O,S?,G,F;guideautoweb.com — Antirouille : quel traitement est le plus recommandé?;protegez-vous.ca — Les traitements antirouille et les ateliers les plus appréciés;vroomly.com — Antirouille voiture : tout ce qu'il faut savoir;resinpro.fr — Meilleurs Produits Antirouille Auto | RP FR;facebook.com — Quel est selon vous le meilleur antirouille pour auto? Je ...;garder;"Google : guides antirouille de sites auto en pos. 1-2 (guideautoweb, Protégez-Vous) ; le contexte 'auto' est implicite"
37149;Les meilleurs protège-matelas imperméables;https://meilleurtest.fr/comparatif-protege-matelas-impermeable/;protège-matelas;imperméable;technologie / sous-type;1;39406;Les meilleurs protège-matelas;https://meilleurtest.fr/comparatif-protege-matelas/;C : intention spécifique et résultats mixtes (un seul guide spécialisé, pas en tête);meilleurs protège-matelas imperméables;1;;G,S,G,F,O;sleeps.fr — Meilleur Protège-matelas : Comparatif et Guide (2026);lingedesfamilles.fr — Quel est le meilleur protège-matelas imperméable;drouault.net — Quel protège-matelas choisir ? | Protection Literie;forum.quechoisir.org — quel protège matelas ? - Page 2;grandlitier.com — Le protège-matelas pour une protection optimale ...;privé;"Google : Seul guide 'imperméable' jugé marchand (lingedesfamilles pos. 2), reste général/forum ; peu de trafic (2 clics, dont 0 sur « imperméable » (pos. 32) en mars-oct. 2025)"
37529;Les meilleures protéines en poudre pour hommes;https://meilleurtest.fr/comparatif-proteine-poudre-pour-homme/;protéine en poudre;homme;public visé;1;39282;Les meilleures protéines en poudre;https://meilleurtest.fr/comparatif-proteine-poudre/;B : intention spécifique selon les attributs, mais aucun guide spécialisé dans le top 5;meilleures protéines en poudre pour hommes;0;;G,G,G,E,G;toutelanutrition.com — Meilleure protéine en poudre : laquelle choisir;darwin-nutrition.fr — Meilleure protéine whey 2026 : 14 marques testées et ...;santemagazine.fr — La meilleure Whey : sélection par une nutritionniste du sport;decathlon.fr — Comment choisir des protéines ?;journaldemontreal.com — Les 5 meilleures protéines en poudre (2026) | Nos Recos;à signaler;Doublon : Pas de protéine spécifique homme : même intention que le multi (SERP générale) (Google : privé)
39909;Les meilleures protéines en poudre pour maigrir;https://meilleurtest.fr/comparatif-proteine-poudre-pour-maigrir/;protéine en poudre;minceur;usage / contexte;1;39282;Les meilleures protéines en poudre;https://meilleurtest.fr/comparatif-proteine-poudre/;B : intention spécifique selon les attributs, mais aucun guide spécialisé dans le top 5;meilleures protéines en poudre pour maigrir;0;;S?,E,O,E,G;eafit.com — Protéines pour maigrir : minceur et perte de poids;decathlon.fr — Comment choisir les protéines pour perdre du poids ?;nutripure.fr — Quelle whey choisir pour maigrir efficacement ?;fitnessboutique.fr — Prendre de la whey pour maigrir : Quand ? Pourquoi ? ...;rituel-sportclub.fr — Quelles sont les meilleures protéines pour maigrir ...;privé;"Google : 1 S (rituel-sportclub, pos. 5) + 2 guides marchands (decathlon, nutripure) — vérifié : rituel-sportclub.fr = boutique, donc privé ; peu de trafic (6 clics en mars-oct. 2025)"
39849;Les meilleurs purificateurs d'air pour les allergies;https://meilleurtest.fr/comparatif-purificateur-dair-pour-allergies/;purificateur d'air;allergies;usage / contexte;1;36635;Les meilleurs purificateurs d'air;https://meilleurtest.fr/comparatif-purificateur-d-air/;C : intention spécifique et résultats mixtes (un seul guide spécialisé, pas en tête);meilleurs purificateurs d'air pour les allergies;1;;O,S,E+,E,G;quechoisir.org — Purificateurs d'air - Des résultats mitigés - Actualité;esneuxmedical.be — Quel purificateur d'air choisir pour la rhinite allergique ? Ça ...;dyson.fr — Personnes allergiques: Les avantages des purificateurs d'air;boulanger.com — Quel est le meilleur purificateur d'air actuellement ? Le ...;actu.fr — Les meilleurs purificateurs d'air 2026 : notre comparatif;garder;"Série purificateurs par usage alignée sur garder (poils d'animaux : guide en pos. 2) ; Google seul : guide 'allergies' d'un centre médical"
39759;Les meilleurs purificateurs d'air pour poils d'animaux;https://meilleurtest.fr/comparatif-purificateur-dair-pour-poils-danimaux/;purificateur d'air;poils d'animaux;usage / contexte;1;36635;Les meilleurs purificateurs d'air;https://meilleurtest.fr/comparatif-purificateur-d-air/;B : intention spécifique selon les attributs, mais aucun guide spécialisé dans le top 5;meilleurs purificateurs d'air pour poils d'animaux;0;;F,G,E,E+,O;reddit.com — Meilleur purificateur d'air pour les propriétaires de chiens ? ...;techanimaux.fr — Meilleur purificateur d'air pour animaux : comparatif 2026;dyson.fr — Personnes allergiques: Les avantages des purificateurs d'air;amazon.fr — Purificateur D'air Poils Animaux;petsnowy.com — Pet Air Purifier;garder;Google : Guide 'purificateur pour animaux' en position 2 (techanimaux.fr)
40655;Les meilleurs pèse-personnes Terraillon;https://meilleurtest.fr/comparatif-pese-personne-terraillon/;pèse-personne;Terraillon;marque;1;37061;Les meilleurs pèse-personnes;https://meilleurtest.fr/comparatif-pese-personne/;A : simple déclinaison, mais un guide spécialisé isolé dans le top 5;meilleurs pèse-personnes Terraillon;1;;E,E,S,E+,E+;terraillon.com — Pèse-personnes;terraillon.com — TB1800 - Pèse-personne électronique;sport-passion.fr — Test du pèse-personne connecté Terraillon SMART ...;idealo.fr — Pèse-personne Terraillon 2026 au meilleur prix;boulanger.com — Pèse personne Terraillon;garder;"Google : 1 seul test Terraillon (sport-passion, pos. 3), reste marque/marchands ; historique : 1 clics, dont 1 sur « Terraillon » (pos. 17) en mars-oct. 2025"
41908;Les meilleurs radiateurs double cœur de chauffe 2000W;https://meilleurtest.fr/comparatif-radiateur-double-coeur-de-chauffe-2000w/;radiateur;2000W, double cœur de chauffe;taille / capacité / quantité, technologie / sous-type;1;40384;Les meilleurs radiateurs double coeur de chauffe;https://meilleurtest.fr/comparatif-radiateur-double-coeur-de-chauffe/;A : simple déclinaison, mais un guide spécialisé isolé dans le top 5;meilleurs radiateurs double cœur de chauffe 2000W;1;;E+,E,G,S,G;leroymerlin.fr — Radiateur double coeur de chauffe 2000w au meilleur prix;noirot.fr — Le radiateur EVOLUTION élu Produit de l'Année 2025;izi-by-edf-renov.fr — Quel radiateur double cœur de chauffe choisir;tecnomat.fr — Meilleur radiateur double cœur de chauffe 2000w - Bricoman;laprimeenergie.fr — Quel est le meilleur radiateur électrique en 2026;garder;"Trafic : 327 clics, dont 294 sur « 2000W, double cœur de chauffe » (pos. 6) en mars-oct. 2025 ; Google seul : privé (Aucun guide indépendant '2000W' : tecnomat marchand pos. 4, reste marchand/général)"
41914;Les meilleurs radiateurs à inertie sèche 2000W;https://meilleurtest.fr/comparatif-radiateur-a-inertie-seche-2000w/;radiateur;2000W, inertie sèche;taille / capacité / quantité, technologie / sous-type;1;38096;Les meilleurs radiateurs à inertie sèche;https://meilleurtest.fr/comparatif-radiateur-a-inertie-seche/;A : simple déclinaison, mais un guide spécialisé isolé dans le top 5;meilleurs radiateurs à inertie sèche 2000W;1;;G,E+,E,S,G;domomat.com — Quel est le meilleur radiateur électrique à inertie ?;leroymerlin.fr — Radiateur a inertie 2000w au meilleur prix;noirot.fr — Le radiateur EVOLUTION élu Produit de l'Année 2025;tecnomat.fr — Meilleur radiateur inertie sèche 2000w - Bricoman;quelleenergie.fr — Meilleur Radiateur Électrique : Comparatif 2026;garder;"Trafic : 34 clics, dont 18 sur « 2000W » (pos. 9) en mars-oct. 2025 ; Google seul : privé (Aucun guide indépendant '2000W' : tecnomat marchand pos. 4, reste général/marchand)"
41157;Les meilleurs radiateurs électriques mobiles;https://meilleurtest.fr/comparatif-radiateur-electrique-mobile/;radiateur;électrique, mobile;technologie / sous-type, technologie / sous-type;1;36550;Les meilleurs radiateurs électriques;https://meilleurtest.fr/comparatif-radiateur-electrique/;C : intention spécifique et résultats mixtes (un seul guide spécialisé, pas en tête);meilleurs radiateurs électriques mobiles;1;;S?,E+,E+,S?,S;izi-by-edf-renov.fr — Radiateur électrique mobile : bonne / mauvaise idée ?;castorama.fr — Choisir un radiateur électrique mobile | Chauffage;leroymerlin.fr — Radiateur électrique mobile;quelleenergie.fr — Le radiateur électrique mobile;bfmtv.com — Les 10 meilleurs radiateurs électriques mobiles 2026;garder;"Trafic : 7 clics, dont 5 sur « mobile » (pos. 8) en mars-oct. 2025 ; Google seul : privé (1 seul guide 'mobiles' (bfmtv, pos. 5), reste marchand/informatif)"
38984;Les meilleurs radios-réveils projecteurs;https://meilleurtest.fr/comparatif-radio-reveil-projecteur/;radio-réveil;projecteur;non classé;1;36594;Les meilleurs radios-réveils;https://meilleurtest.fr/comparatif-radio-reveil/;B : intention spécifique selon les attributs, mais aucun guide spécialisé dans le top 5;meilleurs radios-réveils projecteurs;0;;G,G,E,G,S?;bfmtv.com — Avis et comparatif : les meilleurs radios-réveils en 2026;madouceveilleuse.com — Top5 des meilleurs radios-réveils en 2026;amazon.fr — Radio-réveils;journaldemontreal.com — Les 5 meilleurs radios-réveils matin (2026) | Nos Recos;lebonreveil.com — Radio Réveil Projecteur – Plafond, Météo & Radio Pilotée;privé;"Google : Aucun guide 'projecteur' : guides radios-réveils généraux, amazon, lebonreveil marchand ; peu de trafic (1 clics, dont 0 sur « projecteur » (pos. 69) en mars-oct. 2025)"
38315;Les meilleurs rafraîchisseurs d'air silencieux;https://meilleurtest.fr/comparatif-rafraichisseur-dair-silencieux/;rafraîchisseur d'air;silencieux;adjectif de qualité;1;36762;Les meilleurs rafraîchisseurs d'air;https://meilleurtest.fr/comparatif-rafraichisseur-d-air/;A : simple déclinaison, mais un guide spécialisé isolé dans le top 5;meilleurs rafraîchisseurs d'air silencieux;1;;G,S,G,G,E+;quechoisir.org — Comment choisir un rafraîchisseur d'air - Guide d'achat;mesdepanneurs.fr — Quel est le meilleur rafraîchisseur d'air silencieux ? ...;lebontri.fr — Meilleur rafraîchisseur d'air 2026 : comparatif, avis et vérités;ouest-france.fr — Comparatif des meilleurs rafraîchisseurs d'air 2026;amazon.fr — Rafraichisseur D'air Silencieux;privé;"Google : Guide 'silencieux' en position 2 (mesdepanneurs.fr), reste général et marchand — vérifié : mesdepanneurs.fr = boutique, donc privé ; peu de trafic (7 clics, dont 3 sur « silencieux » (pos. 39) en mars-oct. 2025)"
38304;Les meilleurs rafraîchisseurs d'air évaporatifs;https://meilleurtest.fr/comparatif-rafraichisseur-dair-evaporatif/;rafraîchisseur d'air;évaporatif;non classé;1;36762;Les meilleurs rafraîchisseurs d'air;https://meilleurtest.fr/comparatif-rafraichisseur-d-air/;B : intention spécifique selon les attributs, mais aucun guide spécialisé dans le top 5;meilleurs rafraîchisseurs d'air évaporatifs;0;;G,G,F,E+,F;quechoisir.org — Comment choisir un rafraîchisseur d'air - Guide d'achat;lebontri.fr — Meilleur rafraîchisseur d'air 2026 : comparatif, avis et vérités;youtube.com — TOP 5 Meilleur Rafraichisseur d'Air 2026;leroymerlin.fr — Refroidisseur évaporatif au meilleur prix;forum.lesnumeriques.com — Ventilateur, rafraichisseur, climatiseur : voici les meilleures ...;à signaler;Doublon : Un rafraîchisseur d'air est par définition évaporatif : synonyme du multi parent (Google : privé)
38114;Les meilleures RAM DDR4;https://meilleurtest.fr/comparatif-ram-ddr4/;RAM;DDR4;technologie / sous-type;1;39956;Les meilleures RAM;https://meilleurtest.fr/comparatif-ram/;C : intention spécifique et résultats mixtes (un seul guide spécialisé, pas en tête);meilleures RAM DDR4;1;;E,G,S,G,F;ldlc.com — Quelle mémoire PC (RAM) choisir ? Guide des meilleures ...;frandroid.com — Quelles sont les meilleures barrettes de RAM (DDR5 ...;gamertech.fr — Les Meilleurs Kits de RAM DDR4 | Comparatif 2026;senetic.fr — Classement mémoire RAM 2026: quelle RAM choisir?;reddit.com — Quelle est la meilleure marque pour les barrettes de RAM;garder;"Série DDR3/DDR4/DDR5 alignée sur garder (DDR5 : comparatif en pos. 2 ; DDR3 : 20 clics en 2025) ; DDR4 seul : 1 guide en pos. 3"
42472;Les meilleures RAM DDR5;https://meilleurtest.fr/comparatif-ram-ddr5/;RAM;DDR5;technologie / sous-type;1;39956;Les meilleures RAM;https://meilleurtest.fr/comparatif-ram/;C : intention spécifique et résultats mixtes (un seul guide spécialisé, pas en tête);meilleures RAM DDR5;1;;E+,S,E,F,G;topachat.com — Meilleure RAM DDR5 gaming 2026 : notre sélection;maconfigpc.fr — Meilleures RAM DDR5 et DDR4 : Le comparatif complet ...;ldlc.com — Quelle mémoire PC (RAM) choisir ? Guide des meilleures ...;reddit.com — La meilleure marque pour une RAM DDR5 32 Go 6000 MHz;cybertek.fr — Guide Achat RAM 2026 : quelle mémoire choisir pour votre ...;garder;Google : Comparatif DDR5 en position 2 (maconfigpc.fr), plus sélection TopAchat (Sm) en 1
40239;Les meilleurs RAM DDR3;https://meilleurtest.fr/comparatif-ram-ddr3/;RAM;DDR3;technologie / sous-type;1;39956;Les meilleures RAM;https://meilleurtest.fr/comparatif-ram/;B : intention spécifique selon les attributs, mais aucun guide spécialisé dans le top 5;meilleurs RAM DDR3;0;;F,E+,G,E+,F;reddit.com — Quelle est la meilleure RAM DDR3 pour ma configuration;materiel.net — RAM DDR3;rue-montgallet.com — Nos recommandations des meilleures RAM pour cet ...;amazon.fr — Barrette De Ram Ddr3;forum.hardware.fr — Quelle est la meilleur barrette de ram DDR3 ?;garder;"Trafic : 20 clics, dont 2 sur « DDR3 » (pos. 31) en mars-oct. 2025 ; Google seul : privé (Aucun guide DDR3 : forums, marchands et guide RAM général)"
38244;Les meilleurs recourbe-cils chauffants;https://meilleurtest.fr/comparatif-recourbe-cils-chauffant/;recourbe-cils;chauffant;technologie / sous-type;1;36481;Les meilleurs recourbe-cils;https://meilleurtest.fr/comparatif-recourbe-cils/;C : intention spécifique et résultats mixtes (un seul guide spécialisé, pas en tête);meilleurs recourbe-cils chauffants;1;;S?,E+,F,S,F;avis-beaute.marieclaire.fr — 7 recourbes-cils chauffants vraiment efficaces;shopping.cosmopolitan.fr — Les meilleurs recourbe-cils chauffant - Cosmopolitan Shopping;instagram.com — Vous connaissez les recourbes-cils chauffants ?! (J'ai mis le ...;noovomoi.ca — On a testé le recourbe-cils chauffant, on vous dit tout!;reddit.com — Quel est le meilleur recourbe-cils que tu as jamais utilisé;garder;Trafic : 66 clics, dont 54 sur « chauffant » (pos. 8) en mars-oct. 2025
40637;Les meilleurs robots piscine Zodiac;https://meilleurtest.fr/comparatif-robot-piscine-zodiac/;robot piscine;Zodiac;marque;1;37003;Les meilleurs robots piscine;https://meilleurtest.fr/comparatif-robot-piscine/;A : simple déclinaison, mais un guide spécialisé isolé dans le top 5;meilleurs robots piscine Zodiac;1;;E+,S,G,S?,S?;zodiac-poolcare.fr — Robot piscine - Zodiac;azialo.com — Choisir son robot piscine Zodiac;mypiscine.com — Les Meilleurs Robots Piscine Sans Fil 2026 - Comparatif;piscine-center.net — Robot piscine Zodiac Vortex;outlet-piscines.fr — Robot de Piscine Zodiac;privé;"Google : Aucun guide indépendant 'Zodiac' : marque, marchands, guide marchand azialo (pos. 2) ; aucun clic en 2025"
40372;Les meilleurs robots tondeuses sans fil périphérique;https://meilleurtest.fr/comparatif-robot-tondeuse-sans-fil-peripherique/;robot tondeuse;sans fil périphérique;technologie / sous-type;1;37767;Les meilleurs robots tondeuses;https://meilleurtest.fr/comparatif-robot-tondeuse/;C : intention spécifique et résultats mixtes (un seul guide spécialisé, pas en tête);meilleurs robots tondeuses sans fil périphérique;1;;G,S,G,S?,E;lesnumeriques.com — Comparatif / 44 robots tondeuses testés Septembre 2026;fr.navimow.com — 6 Meilleurs robots tondeuses sans fil périphérique 2026;quechoisir.org — Comment choisir une tondeuse robot pour l'entretien de sa ...;terraculture.fr — Robots Tondeuses Sans Fil Périphérique Gazon & Pelouse;oogarden.com — 7 robots tondeuses comparés sur les critères essentiels;garder;"Trafic : 29 clics, dont 5 sur « sans fil périphérique » (pos. 54) en mars-oct. 2025 ; Google seul : privé (Seul guide 'sans fil périphérique' publié par la marque navimow (pos. 2))"
37831;Les meilleurs rollers électriques;https://meilleurtest.fr/comparatif-rollers-electriques/;rollers;électrique;technologie / sous-type;1;38462;Les meilleurs rollers;https://meilleurtest.fr/comparatif-roller/;B : intention spécifique selon les attributs, mais aucun guide spécialisé dans le top 5;meilleurs rollers électriques;0;;S?,E+,F,E+,G;atmosgear.com — Rollers Électriques;snowfeetstore.com — Meilleurs patins à roulettes électriques en 2026 (Wheelfeet ...;youtube.com — MEILLEURS ROLLERS ELECTRIQUES - Avis & Guide d' ...;nomadeshop.com — AtmosGear : premiers rollers électriques au monde chez ...;fflose.com — Quels sont les 5 meilleurs rollers en 2026 ? Notre comparatif;privé;"Google : Aucun guide indépendant : marque, marchands, vidéo ; snowfeetstore (pos. 2) est marchand ; peu de trafic (1 clics, dont 0 sur « électrique » (pos. 24) en mars-oct. 2025)"
38813;Les meilleurs rouge à lèvres longue tenue;https://meilleurtest.fr/comparatif-rouge-a-levres-longue-tenue/;rouge à lèvres;longue tenue;non classé;1;39369;Les meilleurs rouges à lèvres;https://meilleurtest.fr/comparatif-rouge-a-levres/;B : intention spécifique selon les attributs, mais aucun guide spécialisé dans le top 5;meilleurs rouge à lèvres longue tenue;0;;S?,E+,F,G,O;bourjois.fr — Rouges à Lèvres Longue Tenue;shopping.cosmopolitan.fr — 15 rouges à lèvres sans transfert pour un résultat longue tenue;reddit.com — C'est quoi votre meilleur rouge à lèvres longue tenue;avis-beaute.marieclaire.fr — Quel est le meilleur rouge à lèvres sans transfert;salutbonjour.ca — Nos 10 rouges à lèvres longue durée coups de coeur pour ...;garder;Google : Sélections 'longue tenue' cosmopolitan (pos. 2) et salutbonjour.ca (pos. 5)
39350;Les meilleurs routeurs WiFi 6;https://meilleurtest.fr/comparatif-routeur-wifi-6/;routeur;wifi 6;taille / capacité / quantité;1;37531;Les meilleurs routeurs;https://meilleurtest.fr/comparatif-routeur/;A : simple déclinaison, mais un guide spécialisé isolé dans le top 5;meilleurs routeurs WiFi 6;1;;E+,F,S?,F,S;boulanger.com — Routeur Wifi 6 - Retrait 1h en Magasin;reddit.com — Meilleur routeur wifi 6e à acheter : r/HomeNetworking;tp-link.com — Les routeurs WiFi 6E arrivent - TP-Link;youtube.com — WiFi 6 Routers 2026: Our Top 5;gamerz.be — Quel modem/routeur wifi 6 choisir;garder;"Google : 1 seul guide 'wifi 6' (gamerz.be, pos. 5), reste marchand, forums, vidéo ; historique : 16 clics, dont 2 sur « wifi 6 » (pos. 42) en mars-oct. 2025"
39429;Les meilleurs routeurs WiFi pour gamer;https://meilleurtest.fr/comparatif-routeur-wifi-pour-gamer/;routeur WiFi;gaming;usage / contexte;1;37102;Les meilleurs routeurs Wifi;https://meilleurtest.fr/comparatif-routeur-wifi/;C : intention spécifique et résultats mixtes (un seul guide spécialisé, pas en tête);meilleurs routeurs WiFi pour gamer;1;;E+,S,F,F,O;asus.com — Meilleur routeur gaming – Console, PC, mobile;tp-link.com — Comment choisir le meilleur routeur Gaming en 2026 - TP-Link;reddit.com — À la recherche du meilleur routeur pour le gaming;youtube.com — TOP 5 : MEILLEUR ROUTEUR WIFI POUR GAMER 2023;francoischarron.com — Le routeur idéal pour les gamers et les familles avec de ...;privé;"Google : Aucun guide indépendant : guides de marques asus/tp-link, forum, vidéo 2023 ; aucun clic en 2025"
37053;Les meilleurs mini réfrigérateurs;https://meilleurtest.fr/comparatif-mini-frigo/;réfrigérateur;mini;technologie / sous-type;1;37058;Les meilleurs réfrigérateurs;https://meilleurtest.fr/comparatif-refrigerateur/;B : intention spécifique selon les attributs, mais aucun guide spécialisé dans le top 5;meilleurs mini réfrigérateurs;0;;F,E+,E+,F,G;youtube.com — Top 3 Best Mini Fridges of 2026;boulanger.com — Mini Frigo - Petit réfrigérateur - Livraison 24h Offerte*;darty.com — Bien choisir son mini frigo;reddit.com — Le meilleur mini-réfrigérateur ? De préférence avec un ...;frigolab.eu — Les meilleurs réfrigérateurs portables de l'année;garder;"Série réfrigérateurs par format alignée sur garder (1 porte : 21 clics ; 2 portes : 7 clics, pos. 11) ; Google seul : aucun guide 'mini'"
38488;Les meilleurs réfrigérateurs 1 porte;https://meilleurtest.fr/comparatif-refrigerateur-1-porte/;réfrigérateur;1 porte;technologie / sous-type;1;37058;Les meilleurs réfrigérateurs;https://meilleurtest.fr/comparatif-refrigerateur/;C : intention spécifique et résultats mixtes (un seul guide spécialisé, pas en tête);meilleurs réfrigérateurs 1 porte;1;;E+,G,S?,G,S;underdog.shop — Réfrigérateur 1 porte sans congélateur | Le guide complet 2026;electroguide.com — Les 7 meilleurs réfrigérateurs armoires 2026;jequipemamaison.com — Réfrigérateur 1 porte;lesnumeriques.com — Comparatif / nos tests de réfrigérateurs Septembre 2026;mycomparatif.com — Meilleurs réfrigérateurs 1 porte [sans congélateur] 2026;garder;"Trafic : 21 clics, dont 11 sur « 1 porte » (pos. 15) en mars-oct. 2025 ; Google seul : privé (1 seul guide '1 porte' (mycomparatif, pos. 5) ; electroguide vise 'armoires')"
36501;Les meilleurs réfrigérateurs 2 portes;https://meilleurtest.fr/comparatif-frigo-2-portes/;réfrigérateur;2 portes;technologie / sous-type;1;37058;Les meilleurs réfrigérateurs;https://meilleurtest.fr/comparatif-refrigerateur/;C : intention spécifique et résultats mixtes (un seul guide spécialisé, pas en tête);meilleurs réfrigérateurs 2 portes;1;;E,G,G,G,S;underdog.shop — Meilleur réfrigérateur 2026 : comparatif 60 millions ... - Underdog;lesnumeriques.com — Comparatif / nos tests de réfrigérateurs Septembre 2026;quechoisir.org — Comment choisir son frigo - Guide d'achat;lebontri.fr — Meilleur réfrigérateur 2026 : 10 frigos comparés par type;jequipemamaison.com — comparatif refrigerateur 2 portes combine frigo inverse ...;garder;"Trafic : 7 clics, dont 3 sur « 2 portes » (pos. 11) en mars-oct. 2025 ; Google seul : privé (1 seul guide '2 portes' (jequipemamaison, pos. 5), reste général)"
36547;Les meilleurs réfrigérateurs encastrables;https://meilleurtest.fr/comparatif-frigo-encastrable/;réfrigérateur;encastrable;technologie / sous-type;1;37058;Les meilleurs réfrigérateurs;https://meilleurtest.fr/comparatif-refrigerateur/;B : intention spécifique selon les attributs, mais aucun guide spécialisé dans le top 5;meilleurs réfrigérateurs encastrables;0;;G,E+,S?,E,E+;lesnumeriques.com — Comparatif / nos tests de réfrigérateurs Septembre 2026;cuisine-encastrable.com — Meilleur réfrigérateur encastrable : top 8 et comparatif;jequipemamaison.com — Réfrigérateur Encastrable 1 porte;underdog.shop — Meilleur réfrigérateur 2026 : comparatif 60 millions ... - Underdog;darty.com — Quel réfrigérateur encastrable choisir ?;à signaler;Doublon : Intention quasi identique à 42718 (réfrigérateurs congélateurs encastrables), SERP presque identique (Google : garder)
36466;Les meilleurs réfrigérateurs pas cher;https://meilleurtest.fr/comparatif-frigo-pas-cher/;réfrigérateur;pas cher;prix;1;37058;Les meilleurs réfrigérateurs;https://meilleurtest.fr/comparatif-refrigerateur/;A : simple déclinaison, mais un guide spécialisé isolé dans le top 5;meilleurs réfrigérateurs pas cher;1;;E+,S,E,G,G;darty.com — meilleurs réfrigérateurs congélateurs pas chers à moins de ...;electroguide.com — Les 7 meilleurs réfrigérateurs pas chers 2026;underdog.shop — Meilleur réfrigérateur 2026 : comparatif 60 millions ... - Underdog;quechoisir.org — Comment choisir son frigo - Guide d'achat;lebontri.fr — Meilleur réfrigérateur 2026 : 10 frigos comparés par type;garder;Trafic : 3 clics, dont 3 sur « pas cher » (pos. 19) en mars-oct. 2025
39667;Les meilleurs réfrigérateurs side-by-side;https://meilleurtest.fr/comparatif-refrigerateur-side-by-side/;réfrigérateur;side-by-side;non classé;1;37058;Les meilleurs réfrigérateurs;https://meilleurtest.fr/comparatif-refrigerateur/;B : intention spécifique selon les attributs, mais aucun guide spécialisé dans le top 5;meilleurs réfrigérateurs side-by-side;0;;G,S?,G,S?,S?;lesnumeriques.com — Comparatif / nos tests de réfrigérateurs Septembre 2026;neff-home.com — Réfrigérateurs-congélateurs side-by-side pour votre cuisine;quechoisir.org — Comment choisir son frigo - Guide d'achat;mediamarkt.be — Qu'est-ce qu'un réfrigérateur side-by-side ?;liebherr.com — Réfrigérateurs Side-by-Side;privé;"Google : Aucun guide 'side-by-side' : marques, définition mediamarkt, guides frigos généraux ; peu de trafic (1 clics, dont 1 sur « side-by-side » (pos. 34) en mars-oct. 2025)"
42718;Les meilleurs réfrigérateurs congélateurs encastrables;https://meilleurtest.fr/comparatif-refrigerateur-congelateur-encastrable/;réfrigérateur congélateur;encastrable;technologie / sous-type;1;37181;Les meilleurs réfrigérateurs congélateurs;https://meilleurtest.fr/comparatif-refrigerateur-congelateur/;B : intention spécifique selon les attributs, mais aucun guide spécialisé dans le top 5;meilleurs réfrigérateurs congélateurs encastrables;0;;E,E+,G,S?,E+;underdog.shop — Meilleur réfrigérateur 2026 : comparatif 60 millions ... - Underdog;cuisine-encastrable.com — Meilleur réfrigérateur encastrable : top 8 et comparatif;quechoisir.org — Comment choisir son frigo - Guide d'achat;jequipemamaison.com — Réfrigérateur Encastrable 1 porte;ubaldi.com — Frigo Encastrable, Réfrigérateur Encastrable, Refrigerateur ...;à signaler;Doublon : Intention quasi identique à 36547 (réfrigérateurs encastrables), SERP presque identique (Google : garder)
37842;Les meilleurs répéteurs Wifi Ethernet;https://meilleurtest.fr/comparatif-repeteur-wifi-ethernet/;répéteur Wifi;ethernet;technologie / sous-type;1;36589;Les meilleurs répéteurs Wifi;https://meilleurtest.fr/comparatif-repeteur-wifi/;B : intention spécifique selon les attributs, mais aucun guide spécialisé dans le top 5;meilleurs répéteurs Wifi Ethernet;0;;O,G,E,G,G;quechoisir.org — Répéteur wi-fi - Pour améliorer sa connexion à la maison;lesnumeriques.com — Comparatif / 38 répéteurs wi-fi testés Septembre 2026;amazon.fr — Amazon.fr : Meilleur Répéteur Wifi;config-gamer.fr — Meilleur répéteur / amplificateur WiFi 2026 : comparatif et prix;tlrconnect.fr — Meilleur répéteur Wi-Fi 2026 : comparatif & guide fibre;privé;"Google : Aucun guide 'Ethernet' : guides répéteurs généraux et amazon ; aucun clic en 2025"
40067;Les meilleurs répéteurs Wifi fibre;https://meilleurtest.fr/comparatif-repeteur-wifi-fibre/;répéteur Wifi;fibre;non classé;1;36589;Les meilleurs répéteurs Wifi;https://meilleurtest.fr/comparatif-repeteur-wifi/;B : intention spécifique selon les attributs, mais aucun guide spécialisé dans le top 5;meilleurs répéteurs Wifi fibre;0;;E,G,G,O,G;fibre.guide — Box internet avec répéteurs Wi-Fi inclus : Comparatif des ...;lesnumeriques.com — Comparatif / 38 répéteurs wi-fi testés Septembre 2026;config-gamer.fr — Meilleur répéteur / amplificateur WiFi 2026 : comparatif et prix;quechoisir.org — Répéteur wi-fi - Pour améliorer sa connexion à la maison;cgv.fr — Comment choisir le meilleur répéteur WiFi - CGV.fr;privé;"Google : Aucun guide 'fibre' : guides répéteurs généraux, comparatif de box hors sujet ; peu de trafic (2 clics, dont 0 sur « fibre » (pos. 32) en mars-oct. 2025)"
39720;Les meilleurs sacs pour PC portable pour femme;https://meilleurtest.fr/comparatif-sac-pour-pc-portable-pour-femme/;sac;femme, PC portable;public visé, technologie / sous-type;1;36817;Les meilleurs sacs pour PC portable;https://meilleurtest.fr/comparatif-sac-pour-ordinateur-portable/;C : intention spécifique et résultats mixtes (un seul guide spécialisé, pas en tête);meilleurs sacs pour PC portable pour femme;1;;E,S,S?,S?,F;eikenshop.com — Sac à Dos Ordinateur : Le Guide Ultime pour Bien Choisir ...;looqita.com — Guide : 10 sacs ordinateur femme pratiques pour le travail;letanneur.com — Sac ordinateur Femme en cuir;voyage-paisible.com — Sac à Dos Femme Travail;reddit.com — Meilleur sac à dos de travail pour ordinateur portable ...;privé;"Google : Guide 'sacs ordinateur femme' en position 2 (looqita.com) — vérifié : looqita.com = boutique, donc privé ; aucun clic en 2025"
41418;Les meilleurs sacs de couchage compacts;https://meilleurtest.fr/comparatif-sac-de-couchage-compact/;sac de couchage;compact;technologie / sous-type;1;39435;Les meilleurs sacs de couchage;https://meilleurtest.fr/comparatif-sac-de-couchage/;C : intention spécifique et résultats mixtes (un seul guide spécialisé, pas en tête);meilleurs sacs de couchage compacts;1;;G,S,E,E,F;rayonrando.com — Les meilleurs sacs de couchage ultra légers;i-trekkings.net — Test Comparatif de 14 sacs de couchage 3 saisons ultralight;hardloop.fr — Les 14 meilleurs sacs de couchage pour un trek;campsider.com — Les meilleurs sacs de couchage pour un trek;randonner-leger.org — [Couchage] Recherche d'un sac ultra compact et léger à;privé;"Google : Aucun guide 'compact' : guides ultralégers/trek généraux et forum ; aucun clic en 2025"
38364;Les meilleurs sacs de couchage doubles;https://meilleurtest.fr/comparatif-sac-de-couchage-double/;sac de couchage;double;technologie / sous-type;1;39435;Les meilleurs sacs de couchage;https://meilleurtest.fr/comparatif-sac-de-couchage/;B : intention spécifique selon les attributs, mais aucun guide spécialisé dans le top 5;meilleurs sacs de couchage doubles;0;;E,G,E,S?,F;alltricks.fr — Comparatif : TOP 10 des meilleurs sacs de couchage 2026;i-trekkings.net — Test Comparatif de 14 sacs de couchage 3 saisons ultralight;decathlon.fr — Sac Couchage 2 Personnes;campwerk.fr — Sac de couchage double : avantages, coûts, matériaux et ...;reddit.com — Des avis sur les sacs de couchage doubles;privé;"Google : Aucun guide 'double' : guides généraux, decathlon, article campwerk, forum ; aucun clic en 2025"
42488;Les meilleurs sacs de couchage grand froid;https://meilleurtest.fr/comparatif-sac-de-couchage-grand-froid/;sac de couchage;grand froid;technologie / sous-type;1;39435;Les meilleurs sacs de couchage;https://meilleurtest.fr/comparatif-sac-de-couchage/;B : intention spécifique selon les attributs, mais aucun guide spécialisé dans le top 5;meilleurs sacs de couchage grand froid;0;;S?,E+,S?,E,S?;montagnes-magazine.com — [Matos] Les sacs de couchage pour le grand froid;decathlon.fr — Sac de couchage grand froid;inuka.com — Sac de couchage grand froid et duvets hiver jusqu'à -63°C;hardloop.fr — Les 14 meilleurs sacs de couchage pour un trek;bigagnes.fr — Sac de couchage duvet grand froid;garder;Google : Article matériel 'grand froid' en position 1 (montagnes-magazine.com)
37144;Les meilleurs sacs de couchage pour la randonnée;https://meilleurtest.fr/comparatif-sac-de-couchage-pour-randonnee/;sac de couchage;randonnée;usage / contexte;1;39435;Les meilleurs sacs de couchage;https://meilleurtest.fr/comparatif-sac-de-couchage/;B : intention spécifique selon les attributs, mais aucun guide spécialisé dans le top 5;meilleurs sacs de couchage pour la randonnée;0;;G,E,E,G,F;i-trekkings.net — Test Comparatif de 14 sacs de couchage 3 saisons ultralight;hardloop.fr — Les 14 meilleurs sacs de couchage pour un trek;decathlon.fr — Trek et bivouac : les meilleurs sacs de couchage Decathlon;auvieuxcampeur.fr — Comment bien choisir son sac de couchage ? Notre guide ...;randonner-leger.org — Le forum de la randonnée légère ou ultra-légère;privé;"Google : Aucun guide indépendant 'randonnée' : guides marchands hardloop/decathlon, forum ; aucun clic en 2025"
36440;Les meilleurs sacs de couchage pour le camping;https://meilleurtest.fr/comparatif-sac-de-couchage-camping/;sac de couchage;camping;usage / contexte;1;39435;Les meilleurs sacs de couchage;https://meilleurtest.fr/comparatif-sac-de-couchage/;B : intention spécifique selon les attributs, mais aucun guide spécialisé dans le top 5;meilleurs sacs de couchage pour le camping;0;;G,E,E,E,G;i-trekkings.net — Test Comparatif de 14 sacs de couchage 3 saisons ultralight;hardloop.fr — Les 14 meilleurs sacs de couchage pour un trek;decathlon.fr — Trek et bivouac : les meilleurs sacs de couchage Decathlon;campsider.com — Les meilleurs sacs de couchage pour un trek;auvieuxcampeur.fr — Comment bien choisir son sac de couchage ? Notre guide ...;privé;"Google : Aucun guide 'camping' : guides trek/généraux, surtout marchands ; aucun clic en 2025"
40210;Les meilleurs sacs de frappe sur pied;https://meilleurtest.fr/comparatif-sac-de-frappe-sur-pied/;sac de frappe;sur pied;technologie / sous-type;1;39829;Les meilleurs sacs de frappe;https://meilleurtest.fr/comparatif-sac-de-frappe/;C : intention spécifique et résultats mixtes (un seul guide spécialisé, pas en tête);meilleurs sacs de frappe sur pied;1;;E,S,F,S?,S?;decathlon.fr — Comment choisir son sac de frappe ?;bfmtv.com — Meilleur sac de frappe sur pied : comparatif, avis et choix;boutiquedesartsmartiaux.com — Sac de Frappe sur Pied ou Suspendu : Lequel Choisir ?;metal-boxe.com — Sac de frappe sur pied;avis-beaute.marieclaire.fr — 10 sacs de frappe sur pied ultra pratiques pour la maison;garder;Google : Guides 'sur pied' bfmtv (pos. 2) et marieclaire (pos. 5)
42451;Les meilleurs sacs à dos de randonnée journée;https://meilleurtest.fr/comparatif-sac-a-dos-de-randonnee-journee/;sac de randonnée;journée;non classé;1;36523;Les meilleurs sacs à dos de randonnée;https://meilleurtest.fr/comparatif-sac-a-dos-de-randonnee/;C : intention spécifique et résultats mixtes (un seul guide spécialisé, pas en tête);meilleurs sacs à dos de randonnée journée;1;;E+,G,E,S,G;snowleader.com — Sac à dos 20l pour petite randonnée d'une journée;tonton-outdoor.com — Les meilleurs sacs à dos de randonnée 2026 - Comparatif;glisshop.com — Les Meilleurs Sac à Dos de Randonnée 2026;rayonrando.com — Quel sac à dos pour une journée de randonnée ?;trekmag.com — Meilleurs sacs à dos de randonnée 2026 : comparatif et avis;privé;"Google : 1 seul guide 'journée' (rayonrando, pos. 4), reste général/marchand ; aucun clic en 2025"
36880;Les meilleurs sacs à dos pour cabine d'avion;https://meilleurtest.fr/comparatif-sac-a-dos-pour-cabine-avion/;sac à dos;cabine d'avion;non classé;1;39319;Les meilleurs sacs à dos;https://meilleurtest.fr/comparatif-sac-a-dos/;C : intention spécifique et résultats mixtes (un seul guide spécialisé, pas en tête);meilleurs sacs à dos pour cabine d'avion;1;;E,G,S,F,G;decathlon.fr — Comment choisir le meilleur sac à dos cabine ?;cabaia.com — Quel sac à dos pour voyager en avion ? - Cabaia;rangementchic.com — Sac a dos cabine avion : comparatif complet et guide de ...;reddit.com — Le meilleur sac personnel pour toutes les compagnies ...;lesacados.com — Sac à dos de voyage : comparatif des 15 meilleurs (2026);privé;"Google : 1 guide indépendant (rangementchic, pos. 3) + 2 guides marchands decathlon/cabaia — vérifié : rangementchic.com = boutique, donc privé ; peu de trafic (3 clics, dont 0 sur « cabine d'avion » (pos. 93) en mars-oct. 2025)"
37351;Les meilleurs sacs de cours avec poche ordinateur;https://meilleurtest.fr/comparatif-sac-de-cours-avec-poche-ordinateur/;sac à dos;cours, poche ordinateur;usage / contexte, non classé;2;36667;Les meilleurs sacs à dos pour PC portable;https://meilleurtest.fr/comparatif-sac-a-dos-ordinateur/;B : intention spécifique selon les attributs, mais aucun guide spécialisé dans le top 5;meilleurs sacs de cours avec poche ordinateur;0;;E+,S?,E,S?,O;amazon.fr — Sac De Cours Avec Range Ordinateur;lecoinpochette.fr — Sac A Main Pour Cours | Pour Ordinateur;zalando.fr — Sacs ordinateur femme | Tous les articles chez Zalando;rentreediscount.com — Sacs de cours femme et étudiantes - Collège et Lycée;looqita.com — Guide : 10 sacs ordinateur femme pratiques pour le travail;privé;"Google : Top 5 marchand, aucun guide 'sac de cours' ; looqita vise le travail ; aucun clic en 2025"
37883;Les meilleurs sacs à dos à langer;https://meilleurtest.fr/comparatif-sac-a-dos-a-langer/;sac à langer;sac à dos;technologie / sous-type;1;37821;Les meilleurs sacs à langer;https://meilleurtest.fr/comparatif-sac-a-langer/;C : intention spécifique et résultats mixtes (un seul guide spécialisé, pas en tête);meilleurs sacs à dos à langer;1;;G,S,G,O,G;consobaby.com — Les meilleurs sacs à langer notés par les parents;madeinbebe.com — Sac à dos à langer : les meilleures marques et les top ...;je-suis-papa.ouest-france.fr — Comparatif des meilleurs sacs à dos à langer - Je suis papa;petitvadrouilleur.fr — Sac à langer, sac de voyage;goodnvibes.com — Quel est le meilleur sac à langer en 2026 ? Notre comparatif ...;garder;"Trafic : 22 clics, dont 6 sur « sac à dos » (pos. 26) en mars-oct. 2025 ; Google seul : privé (Guides 'sac à dos à langer' madeinbebe (pos. 2) et ouest-france (pos. 3) — vérifié : madeinbebe.com = boutique, donc privé)"
39140;Les meilleurs salons de jardin en bois;https://meilleurtest.fr/comparatif-salon-de-jardin-bois/;salon de jardin;bois;matière / composition;1;37111;Les meilleurs salons de jardin;https://meilleurtest.fr/comparatif-salon-de-jardin/;B : intention spécifique selon les attributs, mais aucun guide spécialisé dans le top 5;meilleurs salons de jardin en bois;0;;S?,S?,G,G,E+;sweeek.fr — Salon de jardin bois;berahgetah.com — Salon de jardin en bois : Acacia, Teck, Rotin;marieclaire.fr — Salon de jardin design : notre sélection pour un été au top;ouest-france.fr — Comparatif des meilleurs salons de jardin 2026;jardiland.com — Quel salon de jardin en bois choisir pour l'extérieur ?;privé;"Google : Aucun guide indépendant 'bois' : marchands, guides généraux, guide jardiland ; aucun clic en 2025"
41939;Les meilleures sandales de randonnée pour femme;https://meilleurtest.fr/comparatif-sandales-de-randonnee-pour-femme/;sandale de randonnée;femme;public visé;1;42105;Les meilleures sandales de randonnée;https://meilleurtest.fr/comparatif-sandales-de-randonnee/;B : intention spécifique selon les attributs, mais aucun guide spécialisé dans le top 5;meilleures sandales de randonnée pour femme;0;;G,O,G,E+,E+;tonton-outdoor.com — Quelles sont les meilleures sandales de randonnée 2026 ?;trek-expert.fr — Toutes nos sandales pour la Randonnée | Trek-Expert;auvieuxcampeur.fr — Comment bien choisir ses sandales de marche ? Notre ...;snowleader.com — Sandales de randonnée et de marche femme;decathlon.fr — Choisir ses sandales de randonnée pour femme aux pieds ...;privé;"Google : Aucun guide indépendant 'femme' : guides généraux, marchands, guide Decathlon ; aucun clic en 2025"
37588;Les meilleurs sapins de Noël artificiels;https://meilleurtest.fr/comparatif-sapin-de-noel-artificiel/;sapin de Noël;artificiel;non classé;1;41534;Les meilleurs sapins de Noël;https://meilleurtest.fr/comparatif-sapin-de-noel/;C : intention spécifique et résultats mixtes (un seul guide spécialisé, pas en tête);meilleurs sapins de Noël artificiels;1;;S?,E+,S?,F,S;balsamhill.fr — Sapins de Noël artificiels;sapinsdenoelartificiels.fr — Tous les sapins de Noël artificiels;fairytrees.fr — Sapins de Noël artificiels pour la saison 2026/2027 | FairyTrees;reddit.com — Le meilleur sapin de Noël artificiel qui ressemble vraiment ...;eminza.com — Top 10 Sapins Artificiels Réalistes & Pas Chers;privé;"Google : Top 5 marchand + forum ; seul top (eminza.com) est marchand ; peu de trafic (4 clics, dont 2 sur « artificiel » (pos. 55) en mars-oct. 2025)"
40040;Les meilleurs savons pour toilette intime;https://meilleurtest.fr/comparatif-savon-pour-toilette-intime/;savon;toilette intime;non classé;1;38633;Les meilleurs savons;https://meilleurtest.fr/comparatif-savon/;C : intention spécifique et résultats mixtes (un seul guide spécialisé, pas en tête);meilleurs savons pour toilette intime;1;;G,O,S?,E+,S;yombyyom.com — Quels sont les meilleurs savons pour l'hygiène intime ...;quechoisir.org — Hygiène intime - Comparatif Substances toxiques dans les ...;lessavonsdejoya.com — Savon pour toilette intime certifié bio;pharmacielafayette.com — Toilette intime : je ne supporte plus aucun savon !;gapianne.com — Les 8 meilleurs produits d'hygiène intime;garder;Google : Guides 'hygiène intime' yombyyom (pos. 1) et comparatif quechoisir (pos. 2)
39027;Les meilleurs scarificateurs manuels;https://meilleurtest.fr/comparatif-scarificateur-manuel/;scarificateur;manuel;technologie / sous-type;1;42613;Les meilleurs scarificateurs;https://meilleurtest.fr/comparatif-scarificateur/;C : intention spécifique et résultats mixtes (un seul guide spécialisé, pas en tête);meilleurs scarificateurs manuels;1;;E+,S,F,G,S?;tondeuse-manuelle.com — Scarificateur manuel : Avis, Comparatif, Guide d'achat, ...;univers-paysagiste.fr — Meilleur scarificateur manuel 2026 : top 6 râteaux et rouleaux;jardimax.com — Quel scarificateur choisir ? Guide d'achat;lebontri.fr — Meilleur scarificateur 2026 : électrique ou thermique;outils-wolf.fr — Scarificateurs de pelouse manuels | Démousseurs de gazon;garder;Google : Guides 'manuel' tondeuse-manuelle.com (pos. 1) et univers-paysagiste (pos. 2)
42714;Les meilleures scies sauteuses sans fil;https://meilleurtest.fr/comparatif-scie-sauteuse-sans-fil/;scie sauteuse;sans fil;technologie / sous-type;1;38847;Les meilleures scies sauteuses;https://meilleurtest.fr/comparatif-scie-sauteuse/;B : intention spécifique selon les attributs, mais aucun guide spécialisé dans le top 5;meilleures scies sauteuses sans fil;0;;S?,E+,G,G,F;cotebrico.fr — Scie sauteuse sans fil professionnelle;idealo.fr — Scie sauteuse sans fil 2026 au meilleur prix;fixami.fr — choisissez la meilleure scie sauteuse pour vos travaux;lesnumeriques.com — Scies sauteuses - Actualités, Tests et Comparatifs;youtube.com — Meilleure Scie Sauteuse 2026 | Guide, Avis & Comparatif;privé;"Google : Aucun guide 'sans fil' : catégories marchandes, guides généraux, vidéo ; aucun clic en 2025"
36534;Les meilleures scies à onglet radiales;https://meilleurtest.fr/comparatif-scie-a-onglet-radiale/;scie à onglet;radiale;non classé;1;36566;Les meilleures scies à onglet;https://meilleurtest.fr/comparatif-scie-a-onglet/;C : intention spécifique et résultats mixtes (un seul guide spécialisé, pas en tête);meilleures scies à onglet radiales;1;;G,S,G,F,G;ongletpro.com — 10 meilleure scie à onglet : Laquelle Choisir selon Votre ...;outillage-de-pro.com — Scie à onglet | Scie radiale : Meilleur Comparatif des Pros ...;lairdubois.fr — Quelle scie a onglet choisir par Geoffrey1104;youtube.com — TOP 5 : Meilleure Scie à Onglet 2026 | Avis Metabo, DEWALT & ...;tecnomat.fr — Meilleur scie a onglet - Bricoman;garder;Google : Comparatif 'scie radiale' en position 2 (outillage-de-pro.com)
39756;Les meilleures serpillères pour parquet;https://meilleurtest.fr/comparatif-serpillere-pour-parquet/;serpillère;parquet;usage / contexte;1;38230;Les meilleures serpillères;https://meilleurtest.fr/comparatif-serpillere/;B : intention spécifique selon les attributs, mais aucun guide spécialisé dans le top 5;meilleures serpillères pour parquet;0;;E+,E+,G,E+,O;leroymerlin.fr — Serpillère parquet au meilleur prix;boutique-parquet.com — Accessoires de nettoyage pour le parquet;lebontri.fr — Meilleur balai serpillère 2026 : comparatif et avis;amazon.fr — Amazon.fr : Serpillere Parquet;vileda.fr — Balai à plat UltraMax Sensitive;garder;"Trafic : 8 clics, dont 2 sur « parquet » (pos. 18) en mars-oct. 2025 ; Google seul : privé (Top 5 marchand + 1 guide général, aucun guide 'parquet')"
39538;Les meilleurs sites de streaming (légaux et payants) pour regarder des animes;https://meilleurtest.fr/comparatif-site-de-streaming-animes-legal/;service de streaming;anime;non classé;1;38533;Les meilleurs services de streaming (légaux et payants) pour regarder des films et séries;https://meilleurtest.fr/comparatif-plateformes-de-streaming-legales/;B : intention spécifique selon les attributs, mais aucun guide spécialisé dans le top 5;meilleurs sites de streaming (légaux et payants) pour regarder des animes;0;;F,O,F,S?,G;reddit.com — La meilleure façon de regarder cet anime... : r/Lain;blog-united.com — Les meilleures solutions pour lire mangas et comics en ligne;reddit.com — [Mother's Basement] L'état actuel de Crunchyroll : r/anime;tunesbank.com — de 10 sites web pour regarder des dessins animés en ligne ...;blog-united.com — Les meilleurs sites de streaming légal : le guide comparatif ...;privé;"Google : Aucun guide 'animes' : forums, guides streaming généraux, hors sujet manga ; aucun clic en 2025"
38175;Les meilleures serviettes hygiéniques lavables;https://meilleurtest.fr/comparatif-serviette-hygienique-lavable/;serviette hygiénique;lavable;technologie / sous-type;1;37118;Les meilleures serviettes hygiéniques;https://meilleurtest.fr/comparatif-serviette-hygienique/;C : intention spécifique et résultats mixtes (un seul guide spécialisé, pas en tête);meilleures serviettes hygiéniques lavables;1;;S?,S?,S,G,F;plim-underwear.com — Nos Serviettes hygiéniques lavables;dreamact.eu — Top serviettes hygiéniques lavables - écoresponsables;parenthesemaison.fr — Serviettes hygiéniques lavables : les meilleures marques 2026;avis-beaute.marieclaire.fr — Meilleure serviette hygiénique 60 Millions de ...;youtube.com — FAVORIS Les meilleures serviettes hygiéniques lavables (pour ...;garder;"Trafic : 2 clics, dont 0 sur « lavable » (pos. 19) en mars-oct. 2025 ; Google seul : privé (1 seul guide indépendant (parenthesemaison, pos. 3) ; dreamact marchand)"
42194;Les meilleurs shampoings sans sulfate, sans silicone et sans paraben;https://meilleurtest.fr/comparatif-shampoing-sans-sulfate-sans-silicone-et-sans-paraben/;shampoing;sans paraben, sans silicone, sans sulfate;technologie / sous-type, technologie / sous-type, technologie / sous-type;2;37433;Les meilleurs shampoings sans sulfate;https://meilleurtest.fr/comparatif-shampoing-sans-sulfate/;C : intention spécifique et résultats mixtes (un seul guide spécialisé, pas en tête);meilleurs shampoings sans sulfate, sans silicone et sans paraben;1;;O,S?,S,S?,E+;quechoisir.org — Produits sans risque : Shampooings;rejence.fr — Soin shampoing sans silicone, sans sulfate, sans parabène;jeanmarcjoubert.com — Top 3 des meilleurs shampoings sans sulfates en 2025;bleulibellule.com — Shampoing sans sulfate sans silicone : les bienfaits;yves-rocher.fr — Shampoing Sans sulfate et Sans silicone - Cheveux;garder;"Trafic : 23 clics, dont 11 sur « sans paraben, sans silicone » (pos. 24) en mars-oct. 2025 ; Google seul : privé (Aucun guide indépendant : marques/marchands ; jeanmarcjoubert vise seulement 'sans sulfate')"
42665;Les meilleurs shampoings anti-puces pour chien;https://meilleurtest.fr/comparatif-shampoing-anti-puces-pour-chien/;shampoing pour chiens;anti-puces;technologie / sous-type;1;39479;Les meilleurs shampoings pour chien;https://meilleurtest.fr/comparatif-shampoing-pour-chien/;B : intention spécifique selon les attributs, mais aucun guide spécialisé dans le top 5;meilleurs shampoings anti-puces pour chien;0;;F,S?,S?,F,O;lacompagniedesanimaux.com — Meilleur shampoing anti-puces chien | Avis vétérinaire;direct-vet.fr — Defencare Shampooing pour chien anti-puces et anti-tiques;animigo.fr — Shampooing Anti-Puces & Tiques pour Chiens 500ml;youtube.com — TOP 5 des shampoings anti puce pour chien à acheter en 2024 !;vitalya.fr — Shampoing anti puce chien - Parapharmacie en ligne Vitalya.fr;privé;"Google : Aucun guide indépendant : guide marchand lacompagniedesanimaux (pos. 1), produits, vidéo ; aucun clic en 2025"
39838;Les meilleurs shampoings pour chiots;https://meilleurtest.fr/comparatif-shampoing-pour-chiot/;shampoing pour chiens;chiot;public visé;1;39479;Les meilleurs shampoings pour chien;https://meilleurtest.fr/comparatif-shampoing-pour-chien/;B : intention spécifique selon les attributs, mais aucun guide spécialisé dans le top 5;meilleurs shampoings pour chiots;0;;G,G,S?,O,E+;smithandburton.fr — Meilleur shampoing naturel pour chien;medoretcie.com — Quel shampoing pour mon chien ?;veto-plus.fr — Shampooings pour la Peau Sensible des Chiots;chiensetchatsnaturellement.com — Shampoings naturels et bio pour les chiens et les chats;amazon.fr — Amazon.fr : Shampoing Pour Chiot;garder;"Trafic : 2 clics, dont 2 sur « chiot » (pos. 20) en mars-oct. 2025 ; Google seul : privé (Aucun guide 'chiot' : guides généraux de marques, pages marchandes)"
40634;Les meilleurs smartphones Samsung pliables;https://meilleurtest.fr/comparatif-smartphone-samsung-pliable/;smartphone;pliable, Samsung;technologie / sous-type, marque;2;36929;Les meilleurs téléphones portables pliables;https://meilleurtest.fr/comparatif-telephone-portable-pliable/;A : simple déclinaison, mais un guide spécialisé isolé dans le top 5;meilleurs smartphones Samsung pliables;1;;E+,G,S,E+,E+;samsung.com — Quel smartphone pliable Samsung choisir en 2026;lesnumeriques.com — Quel sont les meilleurs smartphones pliants ? Septembre ...;frandroid.com — Meilleurs smartphones pliables : quel modèle choisir en ...;boulanger.com — Smartphone - SAMSUNG Ecran pliable;samsung.com — Smartphones pliables | Samsung Professionnels FR;privé;"Google : Aucun guide indépendant 'Samsung' : guide de la marque, guides pliables généraux ; aucun clic en 2025"
39250;Les meilleurs sommiers 140x190;https://meilleurtest.fr/comparatif-sommier-140x190/;sommier;140x190;taille / capacité / quantité;1;36698;Les meilleurs sommiers;https://meilleurtest.fr/comparatif-sommier/;A : simple déclinaison, mais un guide spécialisé isolé dans le top 5;meilleurs sommiers 140x190;1;;E,E+,E+,S,G;maisondelaliterie.fr — Quel sommier choisir ?;mello-matelas.fr — Sommier 140x190 - 100 nuits d'essai offertes - Mello Matelas;lacompagniedulit.com — Sommier 140x190 : Découvrez nos Offres;monlitparfait.com — Meilleur sommier 140x190 cm | Comparatif, avis et guide;leparisien.fr — Les 10 meilleurs sommiers à lattes de 2026 pour ...;privé;"Google : 1 seul guide '140x190' (monlitparfait, pos. 4), reste marchand/général ; aucun clic en 2025"
38329;Les meilleurs sommiers tapissiers;https://meilleurtest.fr/comparatif-sommier-tapissier/;sommier;tapissier;non classé;1;36698;Les meilleurs sommiers;https://meilleurtest.fr/comparatif-sommier/;B : intention spécifique selon les attributs, mais aucun guide spécialisé dans le top 5;meilleurs sommiers tapissiers;0;;E+,S?,E+,E+,F;lacompagniedulit.com — Sommier Tapissier : Découvrez nos Offres;camif.fr — Achat Sommier Tapissier de Qualité;bultex.fr — Comment choisir un sommier tapissier ?;tediber.com — Comment choisir son sommier tapissier ? Guide d'achat;forum.quechoisir.org — Conseils achat sommier tapissier - Matelas;privé;"Google : Aucun guide indépendant : marchands, guides de marques bultex/tediber, forum ; peu de trafic (1 clics, dont 1 sur « tapissier » (pos. 47) en mars-oct. 2025)"
39569;Les meilleurs souffleurs de feuilles électriques;https://meilleurtest.fr/comparatif-souffleur-de-feuilles-electriques/;souffleur de feuilles;électrique;technologie / sous-type;1;40053;Les meilleurs souffleurs de feuilles;https://meilleurtest.fr/comparatif-souffleur-de-feuilles/;B : intention spécifique selon les attributs, mais aucun guide spécialisé dans le top 5;meilleurs souffleurs de feuilles électriques;0;;G,G,G,F,G;jardiforet.com — Guide complet pour choisir le meilleur Souffleur;sobrico.com — Souffleur de feuilles : guide 2026 pour bien choisir et ...;stihl.lu — Quel souffleur ou aspirateur de feuilles choisir pour mon jardin?;youtube.com — TOP—5. Meilleurs aspirateurs et souffleurs à feuilles sans fil. ...;lebontri.fr — Meilleur souffleur de feuilles 2026 : notre top 8 comparé;privé;"Google : Aucun guide 'électrique' : guides souffleurs généraux et vidéo ; aucun clic en 2025"
41324;Les meilleurs souffleurs thermiques;https://meilleurtest.fr/comparatif-souffleur-thermique/;souffleur de feuilles;thermique;technologie / sous-type;1;40053;Les meilleurs souffleurs de feuilles;https://meilleurtest.fr/comparatif-souffleur-de-feuilles/;C : intention spécifique et résultats mixtes (un seul guide spécialisé, pas en tête);meilleurs souffleurs thermiques;1;;G,S,S?,F,E+;jardiforet.com — Guide complet pour choisir le meilleur Souffleur;lambin.fr — Meilleur souffleur thermique : comparatif et guide d'achat ...;jardins-loisirs.com — Souffleur thermique;youtube.com — Le meilleure souffleur thermique : petit mais puissant !;idealo.fr — ▷▷ Aspirateurs souffleurs - Thermique 2026 au meilleur prix;privé;"Google : Guide 'thermique' en position 2 (lambin.fr), nature du site incertaine — vérifié : lambin.fr = boutique, donc privé ; peu de trafic (5 clics, dont 4 sur « thermique » (pos. 24) en mars-oct. 2025)"
39060;Les meilleures souris gamer pour gaucher;https://meilleurtest.fr/comparatif-souris-gamer-pour-gaucher/;souris;gaming, gaucher;usage / contexte, public visé;1;36845;Les meilleures souris gamer;https://meilleurtest.fr/comparatif-souris-gamer/;B : intention spécifique selon les attributs, mais aucun guide spécialisé dans le top 5;meilleures souris gamer pour gaucher;0;;F,G,E+,F,E+;reddit.com — Y a-t-il de bonnes souris de gaming pour gauchers ? Si ce ...;gamertech.fr — Les Meilleures Souris Gamer | Comparatif 2026 - GamerTech;ldlc.pro — Souris pour gaucher pour professionnels - Devis gratuit & ...;youtube.com — TOP 5: BEST GAMING MOUSE FOR LEFTIES;razer.com — Souris gaming MMO pour gaucher – Razer Naga Left- ...;privé;"Google : Aucun guide écrit 'gaucher' : Reddit, YouTube, marchands, guide général ; aucun clic en 2025"
41385;Les meilleures souris sans fil sur Amazon;https://meilleurtest.fr/comparatif-souris-sans-fil-amazon/;souris;Amazon, sans fil;enseigne / canal de vente, technologie / sous-type;1;38232;Les meilleures souris sans fil;https://meilleurtest.fr/comparatif-souris-sans-fil/;A : simple déclinaison, mais un guide spécialisé isolé dans le top 5;meilleures souris sans fil sur Amazon;1;;E+,F,E+,F,S;amazon.fr — Amazon.fr : Souris Sans Fil;reddit.com — Quelles sont les bonnes souris Amazon pas chères;amazon.fr — Amazon.fr : Souris Ordinateur Sans Fil;reddit.com — Meilleure souris sans fil Amazon ? : r/MouseReview;cultureunderground.fr — Meilleures souris gamer sans fil : comparatif et guide d'achat;à signaler;Doublon : Canal « Amazon » sans produit distinct : même intention que le multi souris sans fil (Google : privé)
39536;Les meilleurs sous-vêtements thermiques pour homme;https://meilleurtest.fr/comparatif-sous-vetement-thermique-pour-homme/;sous-vêtement thermique;homme;public visé;1;42562;Les meilleurs sous-vêtements thermiques;https://meilleurtest.fr/comparatif-sous-vetement-thermique/;B : intention spécifique selon les attributs, mais aucun guide spécialisé dans le top 5;meilleurs sous-vêtements thermiques pour homme;0;;E+,O,O,G,S?;decathlon.fr — Sous Vetement Homme Thermique;latenuedespros.fr — Sous vetement de travail grand froid et sous vêtement ...;grand-froid.fr — Sous-vêtement thermique grand froid -60°C : la référence;skieur.com — [Test 2026] Les meilleurs sous-vêtements thermiques pour ...;fusalp.com — Sous-vêtements thermiques homme;privé;"Google : Aucun guide 'homme' : marchands ; test skieur.com (pos. 4) non ciblé homme ; peu de trafic (2 clics, dont 2 sur « homme » (pos. 13) en mars-oct. 2025)"
42211;Les meilleurs soutiens-gorge minimiseurs;https://meilleurtest.fr/comparatif-soutien-gorge-minimiseur/;soutien-gorge;minimiseur;non classé;1;38080;Les meilleurs soutiens-gorge;https://meilleurtest.fr/comparatif-soutien-gorge/;B : intention spécifique selon les attributs, mais aucun guide spécialisé dans le top 5;meilleurs soutiens-gorge minimiseurs;0;;S?,S?,S?,S?,F;playtex.fr — Soutiens-gorge Minimiseurs;leonisa.fr — Soutien-gorge de compression | Minimiseurs;dim.fr — Soutiens-gorge Minimiseurs - DIM;fr.triumph.com — [MINIMISEUR] à la boutique ên ligne officielle de ...;reddit.com — Des recommandations pour un bon soutien-gorge ...;garder;"Trafic : 101 clics, dont 59 sur « minimiseur » (pos. 7) en mars-oct. 2025 ; Google seul : privé (Top 5 : marques de lingerie + forum, aucun guide)"
36699;Les meilleurs soutiens-gorge sans bretelles;https://meilleurtest.fr/comparatif-soutien-gorge-sans-bretelle/;soutien-gorge;sans bretelles;technologie / sous-type;1;38080;Les meilleurs soutiens-gorge;https://meilleurtest.fr/comparatif-soutien-gorge/;B : intention spécifique selon les attributs, mais aucun guide spécialisé dans le top 5;meilleurs soutiens-gorge sans bretelles;0;;S?,S?,S?,S?,F;undiz.com — Soutiens-gorge bandeaux sans bretelles;etam.com — Soutien-gorge bandeau et sans bretelles;lemoncurve.com — Soutiens-gorge sans bretelles pour un effet invisible;fr.triumph.com — Multipositions, sans bretelles, bandeaux;reddit.com — Quel soutien-gorge sans bretelles préférez-vous;privé;"Google : Top 5 : marques de lingerie + forum, aucun guide ; peu de trafic (12 clics, dont 3 sur « sans bretelles » (pos. 37) en mars-oct. 2025)"
42047;Les meilleurs soutiens-gorge sans armature pour forte poitrine;https://meilleurtest.fr/comparatif-soutien-gorge-sans-armature-pour-forte-poitrine/;soutien-gorge;forte poitrine, sans armature;non classé, forme / configuration;2;37862;Les meilleurs soutiens-gorge sans armature;https://meilleurtest.fr/comparatif-soutien-gorge-sans-armature/;B : intention spécifique selon les attributs, mais aucun guide spécialisé dans le top 5;meilleurs soutiens-gorge sans armature pour forte poitrine;0;;O,S?,G,S?,G;playtex.fr — Soutiens-gorge Grande Taille;chantelle.com — Soutiens-gorge sans armature pour femmes;fr.momcozy.com — Le meilleur soutien-gorge pour les poitrines généreuses et ...;sanscomplexe.com — Soutien-gorge Sans Armatures;primadonna.com — Parmi les 8 types, quel modèle de soutien-gorge vous va le ...;privé;"Google : Aucun guide indépendant : marques de lingerie, guide de la marque momcozy ; peu de trafic (5 clics, dont 1 sur « forte poitrine » (pos. 38) en mars-oct. 2025)"
39799;Les meilleures spirulines bio;https://meilleurtest.fr/comparatif-spiruline-bio/;spiruline;bio;technologie / sous-type;1;38792;Les meilleures spirulines;https://meilleurtest.fr/comparatif-spiruline/;C : intention spécifique et résultats mixtes (un seul guide spécialisé, pas en tête);meilleures spirulines bio;1;;G,E,S,O,G;darwin-nutrition.fr — Les 3 meilleures spirulines, selon une pharmacienne (2026);sourceshop.fr — Les 6 meilleures spirulines françaises;la-spirulinerie.fr — Quelle est la meilleure spiruline bio française ?;naturellement-bio.com — Où acheter de la Spiruline de bonne qualité ? Voici 6 ...;novoma.com — Quelle est la meilleure spiruline ? Conseils et astuces;privé;"Google : Aucun guide indépendant 'bio' ; seul guide producteur (la-spirulinerie, pos. 3) ; peu de trafic (2 clics, dont 0 sur « bio » (pos. 65) en mars-oct. 2025)"
38634;Les meilleures stations météo professionnelles;https://meilleurtest.fr/comparatif-station-meteo-professionnelle/;station météo;professionnel;public visé;1;37474;Les meilleures stations météo;https://meilleurtest.fr/comparatif-station-meteo/;B : intention spécifique selon les attributs, mais aucun guide spécialisé dans le top 5;meilleures stations météo professionnelles;0;;S?,O,E,S?,G;bresser.fr — Stations météo professionnelles avec capteur extérieur - Bresser;lacrossetechnology.fr — Stations Météo;boutique.davis-meteo.com — Stations météo complètes;baroland.com — Stations météo professionnelles et instruments ...;lamaison.fr — Quelle est la meilleure station météo pour la maison ?;privé;"Google : Marques/marchands + guide 'maison', aucun guide 'professionnelle' ; peu de trafic (14 clics en mars-oct. 2025)"
37542;Les meilleurs steppers climber verticaux;https://meilleurtest.fr/comparatif-stepper-climber-vertical/;stepper;climber, vertical;non classé, non classé;1;37056;Les meilleurs steppers;https://meilleurtest.fr/comparatif-stepper/;B : intention spécifique selon les attributs, mais aucun guide spécialisé dans le top 5;meilleurs steppers climber verticaux;0;;E+,G,O,E,F;idealo.fr — Stepper Climber - Steppers;avis-beaute.marieclaire.fr — Les meilleurs steppers d'escalier pour renforcer le cardio et ...;powergym.fr — Stepper pour entraînement de fitness et de cardio;amazon.fr — Amazon.fr : Stepper Grimpeur;youtube.com — Best Mini Steppers for Home Use. 2025 Review & Comparison;garder;"Trafic : 37 clics, dont 33 sur « climber, vertical » (pos. 5) en mars-oct. 2025 ; Google seul : privé (Aucun guide 'climber vertical' : idealo, amazon, guide steppers général, vidéo)"
37159;Les meilleurs supports de PC portables ventilés;https://meilleurtest.fr/comparatif-support-dordinateur-portable-ventile/;support de PC portable;ventilé;technologie / sous-type;1;39457;Les meilleurs supports de PC portable;https://meilleurtest.fr/comparatif-support-de-pc-portable/;B : intention spécifique selon les attributs, mais aucun guide spécialisé dans le top 5;meilleurs supports de PC portables ventilés;0;;E+,G,O,G,F;amazon.fr — Support Ventilé Pour Ordinateur Portable;bruneau.fr — Choisir un support d'ordinateur portable : Guide complet;monsieurplus.com — Refroidissement et support - Ordinateurs portables;bfmtv.com — Les 7 meilleurs supports pour ordinateur portable 2026;reddit.com — quel support pour ordinateur portable ? : r/LenovoLegion;privé;"Google : Aucun guide 'ventilé' : marchands, guides supports généraux, forum ; peu de trafic (2 clics, dont 0 sur « ventilé » (pos. 31) en mars-oct. 2025)"
39762;Les meilleurs surmatelas pour ceux qui dorment sur le côté;https://meilleurtest.fr/comparatif-surmatelas-pour-ceux-qui-dorment-sur-cote/;surmatelas;dormir sur le côté;non classé;1;36831;Les meilleurs surmatelas;https://meilleurtest.fr/comparatif-surmatelas/;C : intention spécifique et résultats mixtes (un seul guide spécialisé, pas en tête);meilleurs surmatelas pour ceux qui dorment sur le côté;1;;E,O,F,E,S;mello-matelas.fr — Quel surmatelas convient à votre position de sommeil ? – Mello;grandlitier.com — Matelas : quel est le meilleur pour le sommeil latéral ?;reddit.com — meilleur surmatelas pour ceux qui dorment sur le côté qui a ...;maisondelaliterie.fr — Quel surmatelas choisir pour mieux dormir ?;matelasnostress.fr — Meilleur Matelas pour Dormir sur le Côté : Top 5 2026;privé;"Google : Aucun guide surmatelas 'côté' : guides visent les matelas, reste marchand/forum ; aucun clic en 2025"
38479;Les meilleurs surmatelas à mémoire de forme;https://meilleurtest.fr/comparatif-surmatelas-a-memoire-de-forme/;surmatelas;mémoire de forme;technologie / sous-type;1;36831;Les meilleurs surmatelas;https://meilleurtest.fr/comparatif-surmatelas/;C : intention spécifique et résultats mixtes (un seul guide spécialisé, pas en tête);meilleurs surmatelas à mémoire de forme;1;;E,G,G,S,F;mello-matelas.fr — Surmatelas haut de gamme - Fabriqué en France - Mello;good-nyte.com — Meilleur surmatelas : comparatif et guide d'achat 2026;lexpress.fr — Les meilleurs surmatelas : notre comparatif 2026;sleeps.fr — Meilleur Surmatelas Mémoire de Forme;forum.quechoisir.org — Surmatelas Mémoire de forme sans effet de chaleur - Matelas;privé;"Google : 1 seul guide 'mémoire de forme' (sleeps.fr, pos. 4) ; aucun clic en 2025"
37944;Les meilleurs sèche-cheveux ioniques;https://meilleurtest.fr/comparatif-seche-cheveux-ionique/;sèche-cheveux;ionique;non classé;1;37079;Les meilleurs sèche-cheveux;https://meilleurtest.fr/comparatif-seche-cheveux/;B : intention spécifique selon les attributs, mais aucun guide spécialisé dans le top 5;meilleurs sèche-cheveux ioniques;0;;E+,E+,O,S?,G;laboutiqueducoiffeur.com — Sèche Cheveux Ionique Professionnel;boulanger.com — C'est quoi un sèche cheveux ionique ?;beaute-test.com — Ce sèche-cheveux fait mieux que Dyson et Babyliss dans ...;avis-beaute.marieclaire.fr — Le top des sèche-cheveux ioniques repérés sur Amazon;bleulibellule.com — Quels sont les meilleurs sèche-cheveux 2025 ?;garder;"Google : 1 seul guide 'ioniques' (marieclaire, pos. 4), reste marchand/définitions ; historique : 7 clics, dont 2 sur « ionique » (pos. 38) en mars-oct. 2025"
38649;Les meilleurs sèche-cheveux pour cheveux crépus;https://meilleurtest.fr/comparatif-seche-cheveux-pour-cheveux-crepus/;sèche-cheveux;cheveux crépus;usage / contexte;1;37079;Les meilleurs sèche-cheveux;https://meilleurtest.fr/comparatif-seche-cheveux/;B : intention spécifique selon les attributs, mais aucun guide spécialisé dans le top 5;meilleurs sèche-cheveux pour cheveux crépus;0;;E,G,F,G,S?;amazon.fr — Seche Cheveux Afro;helssyhair.com — Quel sèche-cheveux choisir ? | Conseils et utilisations;youtube.com — Le meilleur sèche-cheveux/diffuseur pour cheveux texturés ...;bleulibellule.com — Quels sont les meilleurs sèche-cheveux 2025 ?;lesatelierscrepus.com — Sécher les cheveux crépus : la méthode en salon;privé;"Google : Aucun guide 'crépus' : amazon, guides généraux, vidéo, tutoriel ; peu de trafic (7 clics, dont 1 sur « cheveux crépus » (pos. 28) en mars-oct. 2025)"
37943;Les meilleurs sèche-cheveux silencieux;https://meilleurtest.fr/comparatif-seche-cheveux-silencieux/;sèche-cheveux;silencieux;adjectif de qualité;1;37079;Les meilleurs sèche-cheveux;https://meilleurtest.fr/comparatif-seche-cheveux/;A : simple déclinaison, mais un guide spécialisé isolé dans le top 5;meilleurs sèche-cheveux silencieux;1;;S?,G,S,E+,F;velecta-paris.com — Sèche-cheveux silencieux;bleulibellule.com — Quels sont les meilleurs sèche-cheveux 2025 ?;leparisien.fr — Top 9 des meilleurs sèche-cheveux silencieux;darty.com — Sèche Cheveux Silencieux - Achat en ligne;reddit.com — Sèche-cheveux silencieux et pas cher ? : r/AustralianMakeup;privé;"Google : 1 seul guide 'silencieux' (leparisien, pos. 3), reste marchand/forum ; peu de trafic (2 clics, dont 2 sur « silencieux » (pos. 34) en mars-oct. 2025)"
40519;Les meilleurs sèche-linges Bosch;https://meilleurtest.fr/comparatif-seche-linge-bosch/;sèche-linge;Bosch;marque;1;37578;Les meilleurs sèche-linges;https://meilleurtest.fr/comparatif-seche-linge/;A : simple déclinaison, mais un guide spécialisé isolé dans le top 5;meilleurs sèche-linges Bosch;1;;E,G,E+,G,S;bosch-home.fr — Quel sèche-linge est fait pour vous;bfmtv.com — Avis : les meilleurs sèche-linges pompe à chaleur en 2026;underdog.shop — Notre avis sur la marque de sèche-linge Bosch - Underdog;lesnumeriques.com — Comparatif / 10 sèche-linges à pompe à chaleur testés ...;mycomparatif.com — Que Valent les Sèche-linge BOSCH ? Avis & Top 3;garder;"Google : 1 seul guide 'Bosch' (mycomparatif, pos. 5) + avis marchand underdog ; historique : 5 clics, dont 2 sur « Bosch » (pos. 11) en mars-oct. 2025"
37569;Les meilleurs sèche-linges avec pompe à chaleur;https://meilleurtest.fr/comparatif-seche-linge-avec-pompe-a-chaleur/;sèche-linge;pompe à chaleur;technologie / sous-type;1;37578;Les meilleurs sèche-linges;https://meilleurtest.fr/comparatif-seche-linge/;C : intention spécifique et résultats mixtes (un seul guide spécialisé, pas en tête);meilleurs sèche-linges avec pompe à chaleur;1;;E,S,G,S?,E;underdog.shop — Meilleur sèche-linge 2026 : comparatif 60 millions ... - Underdog;maniaques.fr — Les meilleurs sèche-linges pompes à chaleur (A+++) en ...;je-suis-papa.ouest-france.fr — Comparatif des meilleurs sèche-linge pour une famille de 4 ...;particulier.hellio.com — Sèche-linge pompe à chaleur ou condensation;darty.com — La sélection des meilleurs sèche-linge;garder;Trafic : 18 clics, dont 8 sur « pompe à chaleur » (pos. 35) en mars-oct. 2025
40306;Les meilleurs sèche-linges à ouverture dessus;https://meilleurtest.fr/comparatif-seche-linge-a-ouverture-dessus/;sèche-linge;ouverture dessus;non classé;1;37578;Les meilleurs sèche-linges;https://meilleurtest.fr/comparatif-seche-linge/;B : intention spécifique selon les attributs, mais aucun guide spécialisé dans le top 5;meilleurs sèche-linges à ouverture dessus;0;;E+,G,E+,G,G;boulanger.com — seche linge ouverture dessus - Retrait 1h en Magasin;quechoisir.org — Comment choisir son sèche-linge - Guide d'achat;amazon.fr — Seche Linge Ouverture Dessus;lebontri.fr — Meilleur sèche-linge 2026 : le piège de l'étiquette A+++;lexpress.fr — Notre comparatif des meilleurs sèche-linges 2026;garder;"Trafic : 36 clics, dont 2 sur « ouverture dessus » (pos. 18) en mars-oct. 2025 ; Google seul : privé (Aucun guide 'ouverture dessus' : marchands et guides généraux)"
38085;Les meilleurs sèche-linges à évacuation;https://meilleurtest.fr/comparatif-seche-linge-a-evacuation/;sèche-linge;évacuation;non classé;1;37578;Les meilleurs sèche-linges;https://meilleurtest.fr/comparatif-seche-linge/;C : intention spécifique et résultats mixtes (un seul guide spécialisé, pas en tête);meilleurs sèche-linges à évacuation;1;;E,S?,S,G,E+;underdog.shop — Meilleur sèche-linge 2026 : comparatif 60 millions ... - Underdog;group-digital.fr — Sèche-linge à évacuation, à condensation ou à pompe ...;electroguide.com — Les 7 meilleurs sèche-linge à évacuation;quechoisir.org — Comment choisir son sèche-linge - Guide d'achat;idealo.fr — Sèche-linge à évacuation 2026 au meilleur prix;garder;"Trafic : 8 clics, dont 3 sur « évacuation » (pos. 10) en mars-oct. 2025 ; Google seul : privé (1 seul guide 'évacuation' (electroguide, pos. 3), reste général/marchand)"
38899;Les meilleurs sèche serviettes électrique;https://meilleurtest.fr/comparatif-seche-serviette-electrique/;sèche-serviette;électrique;technologie / sous-type;1;36515;Les meilleurs sèche-serviettes;https://meilleurtest.fr/comparatif-seche-serviette/;C : intention spécifique et résultats mixtes (un seul guide spécialisé, pas en tête);meilleurs sèche serviettes électrique;1;;G,S,G,E+,E+;proxiserve.fr — Comparateur de sèche-serviettes : comment choisir le bon ...;climate.selectra.com — Meilleur sèche-serviette électrique 2026 : prix, puissance, ...;izi-by-edf-renov.fr — Quelle est la meilleure marque de sèche-serviette ?;leroymerlin.fr — Sèche-serviettes électrique;castorama.fr — Comment choisir un sèche-serviettes électrique | Chauffage;garder;Google : Guide 'électrique' en position 2 (climate.selectra.com)
41351;Les meilleurs sérums pour cheveux secs;https://meilleurtest.fr/comparatif-serum-pour-cheveux-secs/;sérum capillaire;cheveux secs;usage / contexte;1;38444;Les meilleurs sérums pour cheveux;https://meilleurtest.fr/comparatif-serum-pour-cheveux/;C : intention spécifique et résultats mixtes (un seul guide spécialisé, pas en tête);meilleurs sérums pour cheveux secs;1;;G,S?,S,O,G;actu.fr — Les meilleurs sérums pour cheveux à adopter en 2026;kerastase.fr — Huiles & sérums pour cheveux secs;madamedalexis.com — Quel sérum pour cheveux secs;lesalon.easypara.fr — Tous nos sérums pour cheveux;aroma-zone.com — que choisir pour obtenir une belle chevelure au quotidien;privé;"Google : 1 seul guide 'cheveux secs' (madamedalexis, pos. 3), reste marques/général ; aucun clic en 2025"
41530;Les meilleures tables hautes de cuisine;https://meilleurtest.fr/comparatif-table-haute-de-cuisine/;table;cuisine, haute;usage / contexte, forme / configuration;1;41505;Les meilleures tables hautes;https://meilleurtest.fr/comparatif-table-haute/;C : intention spécifique et résultats mixtes (un seul guide spécialisé, pas en tête);meilleures tables hautes de cuisine;1;;S?,S?,S,E+,E+;4-pieds.com — Table haute mange-debout pour cuisine;pierimport.fr — Tables hautes / Mange debout;chaisier.fr — Table de Bar Haute - La Qualité au Meilleur Prix;idmarket.com — Table haute pas cher pour la cuisine;meubles.fr — Tables hautes : acheter pas cher | Les meilleures offres du ...;privé;"Google : Top 5 entièrement marchand, aucun guide ; aucun clic en 2025"
38026;Les meilleures tables basses en marbre;https://meilleurtest.fr/comparatif-table-basse-marbre/;table basse;marbre;matière / composition;1;37323;Les meilleures tables basses;https://meilleurtest.fr/comparatif-table-basse/;B : intention spécifique selon les attributs, mais aucun guide spécialisé dans le top 5;meilleures tables basses en marbre;0;;S?,S?,E+,S?,E+;made-in-meubles.com — Table basse en marbre design de qualité;choham.com — Tables basses en marbre de luxe - Mobiliers haut de gamme;fr.pinterest.com — 61 meilleures idées sur Table basse en marbre;talkadecor.fr — Table basse marbre véritable et haut de gamme;laredoute.fr — Table basse marbre;privé;"Google : Top 5 marchand + Pinterest, aucun guide 'marbre' ; aucun clic en 2025"
38904;Les meilleures tables ping-pong outdoor;https://meilleurtest.fr/comparatif-table-ping-pong-outdoor/;table de ping-pong;outdoor;usage / contexte;1;36946;Les meilleures tables de ping-pong;https://meilleurtest.fr/comparatif-table-de-ping-pong/;C : intention spécifique et résultats mixtes (un seul guide spécialisé, pas en tête);meilleures tables ping-pong outdoor;1;;O,G,S,G,S?;fr.cornilleau.com — Tables de Ping Pong Extérieur | Made in France;tablesdepingpong.ch — Comparatif des meilleures tables de ping-pong | Comment ...;fr.sportibel.com — Guide : choisir sa table de ping-pong pliable outdoor en 2026;fflose.com — Meilleure table de ping pong : notre top 8 en 2026;e-ping-pong.com — Table Ping pong Extérieur Outdoor Cornilleau Loisir;privé;"Google : Aucun guide indépendant 'outdoor' ; guide marchand sportibel (pos. 3) ; peu de trafic (2 clics en mars-oct. 2025)"
40062;Les meilleures tables à repasser murales;https://meilleurtest.fr/comparatif-table-a-repasser-murale/;table à repasser;mural;technologie / sous-type;1;38484;Les meilleures tables à repasser;https://meilleurtest.fr/comparatif-table-a-repasser/;B : intention spécifique selon les attributs, mais aucun guide spécialisé dans le top 5;meilleures tables à repasser murales;0;;G,E+,S?,F,E+;lebontri.fr — Meilleure table à repasser 2026 : où part la vapeur ?;lionshome.fr — Tables à repasser murales (2026) Meilleures Ventes;tiroirs-sur-mesure.com — Table à repasser murale pliante, découvrez la solution ...;youtube.com — MEILLEURE TABLE À REPASSER MURALE - Comparatif & ...;amazon.fr — Amazon.fr : Planche À Repasser Murale;privé;"Google : Marchands, vidéo, guide général ; aucun guide écrit 'murale' ; peu de trafic (3 clics en mars-oct. 2025)"
42468;Les meilleures tables à repasser pour centrale vapeur;https://meilleurtest.fr/comparatif-table-a-repasser-pour-centrale-vapeur/;table à repasser;centrale vapeur;technologie / sous-type;1;38484;Les meilleures tables à repasser;https://meilleurtest.fr/comparatif-table-a-repasser/;C : intention spécifique et résultats mixtes (un seul guide spécialisé, pas en tête);meilleures tables à repasser pour centrale vapeur;1;;O,G,G,S,G;laurastar.fr — Tables à Repasser | Planches à repasser;fr.josephjoseph.com — Comment choisir la meilleure planche à repasser pour vous;lebontri.fr — Meilleure table à repasser 2026 : où part la vapeur ?;polti.fr — Quels types de tables à repasser pour centrale vapeur faut- ...;20minutes.fr — Les trois meilleures tables à repasser en 2025;privé;"Google : Aucun guide indépendant ; seul guide de marque (polti, pos. 4) ; peu de trafic (2 clics, dont 0 sur « centrale vapeur » (pos. 25) en mars-oct. 2025)"
37289;Les meilleures tablettes 10 pouces;https://meilleurtest.fr/comparatif-tablette-10-pouce/;tablette;10 pouces;taille / capacité / quantité;1;36512;Les meilleures tablettes;https://meilleurtest.fr/comparatif-tablette/;A : simple déclinaison, mais un guide spécialisé isolé dans le top 5;meilleures tablettes 10 pouces;1;;G,S,G,G,E+;lesnumeriques.com — Comparatif / 64 tablettes tactiles ☆ testées Septembre 2026;frandroid.com — comparatif des tablettes tactiles 10 pouces;lesnumeriques.com — Quelles sont les meilleures tablettes ? Septembre 2026;linote.fr — Comparatif tablettes par taille : 8, 10, 12 ou 15 pouces ? ...;idealo.fr — Tablettes tactiles - Taille d'écran 10 pouces;garder;Google : Comparatif '10 pouces' en position 2 (frandroid.com)
38754;Les meilleures tablettes 8 pouces;https://meilleurtest.fr/comparatif-tablette-8-pouces/;tablette;8 pouces;taille / capacité / quantité;1;36512;Les meilleures tablettes;https://meilleurtest.fr/comparatif-tablette/;A : simple déclinaison, mais un guide spécialisé isolé dans le top 5;meilleures tablettes 8 pouces;1;;E+,S,F,S?,G;lenovo.com — Les meilleures tablettes 8 pouces;comparez-malin.fr — Comparatif tablette 8.0 pouces;reddit.com — Meilleure tablette 8 pouces ? : r/androidtablets;lesandroides.net — Tablettes 8 pouces - tablette Android;lesnumeriques.com — Comparatif / 64 tablettes tactiles ☆ testées Septembre 2026;garder;"Série « taille / capacité / quantité » alignée sur garder (10 pouces) ; avant : Google : Comparatif 8 pouces en position 2 (comparez-malin.fr) — vérifié : comparez-malin.fr = comparateur de prix, donc privé ; peu de trafic (4 clics, dont 3 sur « 8 pouces » (pos. 32) en mars-oct. 2025)"
37009;Les meilleures tablettes avec clavier;https://meilleurtest.fr/comparatif-tablette-avec-clavier/;tablette;clavier;non classé;1;36512;Les meilleures tablettes;https://meilleurtest.fr/comparatif-tablette/;B : intention spécifique selon les attributs, mais aucun guide spécialisé dans le top 5;meilleures tablettes avec clavier;0;;G,S?,G,E+,E+;lesnumeriques.com — Quelles sont les meilleures tablettes ? Septembre 2026;lesandroides.net — Tablettes hybrides (avec clavier) - tablette Android;quechoisir.org — Comment bien choisir sa tablette tactile - Guide d'achat;joybuy.fr — Quelle tablette tactile avec clavier choisir;darty.com — PC hybride ou tablette avec clavier : lequel acheter ?;privé;"Google : Pas de S : guides marchands joybuy/darty ; lesandroides sans format guide ; peu de trafic (4 clics, dont 1 sur « clavier » (pos. 32) en mars-oct. 2025)"
38156;Les meilleures tablettes pas chères;https://meilleurtest.fr/comparatif-tablette-pas-chere/;tablette;pas cher;prix;1;36512;Les meilleures tablettes;https://meilleurtest.fr/comparatif-tablette/;A : simple déclinaison, mais un guide spécialisé isolé dans le top 5;meilleures tablettes pas chères;1;;G,S,F,S?,F;lesnumeriques.com — Quelles sont les meilleures tablettes ? Septembre 2026;comparez-malin.fr — Comparatif tablettes tactiles pas cher;youtube.com — TABLETTES : ARRÊTEZ de gaspiller votre argent ! (TOP 9 ...;lesandroides.net — Tablettes à moins de 200 € – tablette Android;reddit.com — Meilleures tablettes pas chères ? : r/androidtablets;privé;"Google : Comparatif 'pas cher' en position 2 (comparez-malin.fr) — vérifié : comparez-malin.fr = comparateur de prix, donc privé ; peu de trafic (5 clics, dont 0 sur « pas cher » (pos. 42) en mars-oct. 2025)"
40045;Les meilleures tablettes Android pour dessiner;https://meilleurtest.fr/comparatif-tablette-android-pour-dessiner/;tablette;Android, dessin;technologie / sous-type, usage / contexte;2;38207;Les meilleures tablettes Android;https://meilleurtest.fr/comparatif-tablette-android/;B : intention spécifique selon les attributs, mais aucun guide spécialisé dans le top 5;meilleures tablettes Android pour dessiner;0;;F,E+,E+,S?,F;reddit.com — Quelle est la meilleure tablette pour dessiner;backmarket.fr — Quelle tablette pour dessiner;simbans.com — Les 14 Meilleures Tablettes De Dessin Autonomes En 2026;clipstudio.net — Recommandations 2026 de tablettes à stylet ! | Art Rocket;youtube.com — Les meilleures tablettes pour dessiner [avec stylet];privé;"Google : Aucun guide indépendant : forum, vidéo, guides de marques/marchands (backmarket, simbans, clipstudio) ; peu de trafic (2 clics, dont 0 sur « dessin » (pos. 46) en mars-oct. 2025)"
41563;Les meilleurs tabourets de bar en rotin;https://meilleurtest.fr/comparatif-tabouret-de-bar-en-rotin/;tabouret de bar;rotin;matière / composition;1;38063;Les meilleurs tabourets de bar;https://meilleurtest.fr/comparatif-tabouret-de-bar/;C : intention spécifique et résultats mixtes (un seul guide spécialisé, pas en tête);meilleurs tabourets de bar en rotin;1;;S?,S?,E+,S?,S;drawer.fr — Tabouret de bar en rotin;themasie.com — Tabouret en rotin;maisonsdumonde.com — Chaises et tabourets de bar Rotin;brindouest.com — Tabouret en rotin, tabouret rotin bas et tabouret de bar en ...;cosy-home-design.fr — Comparatif des meilleurs tabourets de bar en rotin;privé;"Google : Top 4 marchand ; seul guide 'rotin' en position 5 (cosy-home-design) ; aucun clic en 2025"
37271;Les meilleures taies d'oreiller en soie;https://meilleurtest.fr/comparatif-taie-d-oreiller-soie/;taie d'oreiller;soie;matière / composition;1;39061;Les meilleures taies d'oreiller;https://meilleurtest.fr/comparatif-taie-doreiller/;C : intention spécifique et résultats mixtes (un seul guide spécialisé, pas en tête);meilleures taies d'oreiller en soie;1;;E+,S,F,E+,S?;shopping.cosmopolitan.fr — Les meilleures taies d'oreillers en soie - Cosmopolitan Shopping;taie-oreiller.fr — Les meilleures taies d'oreiller en soie en 2026;reddit.com — Recommandations pour les taies d'oreiller en soie;maisondelasoie.com — Taies d'oreiller en soie;emilyspillow.com — Emily's Pillow - Taie d'oreiller en soie 100% naturelle et ...;garder;Trafic : 21 clics, dont 1 sur « soie » (pos. 39) en mars-oct. 2025
41283;Les meilleurs taille-haies électriques filaires;https://meilleurtest.fr/comparatif-taille-haie-electrique-filaire/;taille-haie;électrique, filaire;technologie / sous-type, technologie / sous-type;2;37867;Les meilleurs taille-haies électriques;https://meilleurtest.fr/comparatif-taille-haie-electrique/;B : intention spécifique selon les attributs, mais aucun guide spécialisé dans le top 5;meilleurs taille-haies électriques filaires;0;;S?,F,G,F,G;kingvert.fr — Taille-Haies électriques Filaires;youtube.com — TOP—5. Meilleurs taille-haies électriques. Test & Comparatif ...;stihl.lu — Quel taille-haie me convient le mieux ? - stihl;jardimax.com — Quel est le meilleur taille-haie électrique;quechoisir.org — Comment bien choisir son taille-haie - Guide d'achat;privé;"Google : Aucun guide 'filaire' : marchand, vidéo, guides taille-haies généraux ; peu de trafic (9 clics, dont 2 sur « filaire » (pos. 46) en mars-oct. 2025)"
39214;Les meilleurs talkies-walkies rechargeables;https://meilleurtest.fr/comparatif-talkie-walkie-rechargeable/;talkie-walkie;rechargeable;technologie / sous-type;1;38192;Les meilleurs talkies-walkies;https://meilleurtest.fr/comparatif-talkie-walkie/;B : intention spécifique selon les attributs, mais aucun guide spécialisé dans le top 5;meilleurs talkies-walkies rechargeables;0;;S?,G,G,E+,G;bukifrance.com — Talkies-walkies rechargeables;passion-radio.fr — Meilleur Talkie-Walkie longue portée pas cher;onedirect.fr — Top 10 des meilleurs talkies walkies 2026;decathlon.fr — Talkie Walkie : Paire Rechargeable, Étanche & PMR446;herdaradio.com — Les 7 meilleurs talkies-walkies pour enfants;privé;"Google : Aucun guide 'rechargeables' : marchands et guides généraux ou autres attributs ; peu de trafic (1 clics, dont 0 sur « rechargeable » (pos. 42) en mars-oct. 2025)"
42384;Les meilleurs tapis de course pliables;https://meilleurtest.fr/comparatif-tapis-de-course-pliable/;tapis de course;pliable;technologie / sous-type;1;37207;Les meilleurs tapis de course;https://meilleurtest.fr/comparatif-tapis-de-course/;C : intention spécifique et résultats mixtes (un seul guide spécialisé, pas en tête);meilleurs tapis de course pliables;1;;E,S,E,G,F;decathlon.fr — Meilleur tapis de course pas cher - Jusqu'à -54%;sport-passion.fr — Comparatif : les meilleurs tapis de course pliables en 2026;fitnessboutique.fr — Tapis de course - Meilleurs modèles 2026;charlyaourir.com — 7 meilleurs tapis de marche 2026 : avis, comparatif et code ...;reddit.com — Quel est le meilleur tapis de course pliable ? : r/treadmills;garder;Google : Comparatif 'pliables' en position 2 (sport-passion.fr)
38251;Les meilleurs tapis de marche électriques;https://meilleurtest.fr/comparatif-tapis-de-marche-electrique/;tapis de marche;électrique;technologie / sous-type;1;38007;Les meilleurs tapis de marche;https://meilleurtest.fr/comparatif-tapis-de-marche/;B : intention spécifique selon les attributs, mais aucun guide spécialisé dans le top 5;meilleurs tapis de marche électriques;0;;G,G,E+,E,F;charlyaourir.com — 7 meilleurs tapis de marche 2026 : avis, comparatif et code ...;lequipe.fr — Les 7 meilleurs tapis de marche pour booster votre NEAT ...;shopping.cosmopolitan.fr — Quel est le meilleur tapis de course ? - Cosmopolitan Shopping;amazon.fr — Amazon.fr : Meilleur Tapis De Marche;youtube.com — TOP 3 : Meilleur Tapis de Marche Électrique 2026;à signaler;Doublon : Un tapis de marche est quasi toujours électrique : même intention que le multi parent (Google : privé)
41961;Les meilleures tentes de trekking;https://meilleurtest.fr/comparatif-tente-de-trekking/;tente;trekking;usage / contexte;1;39521;Les meilleures tentes;https://meilleurtest.fr/comparatif-tente/;B : intention spécifique selon les attributs, mais aucun guide spécialisé dans le top 5;meilleures tentes de trekking;0;;E,G,E,E+,O;hardloop.fr — Les 10 meilleures tentes de randonnée;wildroad.fr — Les meilleures tentes de bivouac en randonnée : quel est ...;i-trekkings.net — Test Comparatif de 16 tentes 2 places ultralight;snowleader.com — Tente : tentes trekking, randonnée, bivouac, toile 2-3 places;chullanka.com — Tentes de camping, bivouac et randonnée;garder;Google : Guide tentes de randonnée/bivouac (≈ trekking) en position 2 (wildroad.fr)
38524;Les meilleures tentes ultra légères;https://meilleurtest.fr/comparatif-tente-ultra-legere/;tente;ultra légère;adjectif de qualité;1;39521;Les meilleures tentes;https://meilleurtest.fr/comparatif-tente/;A : simple déclinaison, mais un guide spécialisé isolé dans le top 5;meilleures tentes ultra légères;1;;G,S?,S?,S,E;i-trekkings.net — Test Comparatif de 16 tentes 2 places ultralight;bigagnes.fr — Tente randonnée ultra légère & Ultralight, moins de 1 kg;monbivouac.com — Tentes de randonnée ultralégères - Ultralight & compactes;besoindaventure.fr — Top 10 Tentes Ultralegères 1 Place pour Randonner;alltricks.fr — Comparatif des meilleures tentes de trekking 2026;garder;Google : Comparatif ultralight en position 1 (i-trekkings.net), top besoindaventure.fr pos. 4
38817;Les meilleurs testeurs d'humidité pour le bois de chauffage;https://meilleurtest.fr/comparatif-testeur-dhumidite-pour-bois-de-chauffage/;testeur d'humidité;bois de chauffage;technologie / sous-type;1;40389;Les meilleurs testeurs d'humidité;https://meilleurtest.fr/comparatif-testeur-dhumidite/;B : intention spécifique selon les attributs, mais aucun guide spécialisé dans le top 5;meilleurs testeurs d'humidité pour le bois de chauffage;0;;O,G,E+,G,F;simplyfeu.com — Comment mesurer le taux d'humidité d'une bûche de bois;20minutes.fr — Les trois meilleurs testeurs d'humidité en 2025;leroymerlin.fr — Testeur humidité bois de chauffage au meilleur prix;hygrometre.fr — Bien choisir son testeur d'humidité pour bois - Hygromètre;youtube.com — Les 7 Meilleurs Humidimètres pour Murs et Bois (2026)  Top ...;garder;"Trafic : 7 clics, dont 3 sur « bois de chauffage » (pos. 9) en mars-oct. 2025 ; Google seul : privé (Aucun guide indépendant 'bois de chauffage' : tutoriel, guide général, marchands, vidéo)"
37875;Les meilleurs thermostats sans fil;https://meilleurtest.fr/comparatif-thermostat-sans-fil/;thermostat;sans fil;technologie / sous-type;1;36818;Les meilleurs thermostats;https://meilleurtest.fr/comparatif-thermostat/;B : intention spécifique selon les attributs, mais aucun guide spécialisé dans le top 5;meilleurs thermostats sans fil;0;;G,G,G,G,E+;laprimeenergie.fr — Comparatif des meilleurs thermostats connectés en 2026;quelleenergie.fr — Meilleur thermostat connecté : top 5 2026 et guide d'achat;hellowatt.fr — Quel est le meilleur thermostat connecté en 2026 ?;ekwateur.fr — Quel est le meilleur thermostat connecté en 2026 ?;leroymerlin.fr — Thermostat connecte sans fil au meilleur prix;privé;"Google : Aucun guide 'sans fil' : 4 guides thermostats connectés, leroymerlin ; aucun clic en 2025"
38072;Les meilleurs thés en sachet;https://meilleurtest.fr/comparatif-the-sachet/;thé;sachet;non classé;1;36473;Les meilleurs thés;https://meilleurtest.fr/comparatif-the/;B : intention spécifique selon les attributs, mais aucun guide spécialisé dans le top 5;meilleurs thés en sachet;0;;S?,G,G,F,G;gourmet.galerieslafayette.com — Thé en sachet - vente en ligne;palaisdesthes.com — Meilleures ventes de thés;quechoisir.org — Comment choisir son thé vert - Guide d'achat;reddit.com — Quelle est la marque de sachets de thé de la plus haute ...;compagnie-co.com — Thé Vert haut de gamme : notre meilleure sélection;privé;"Google : Aucun guide 'sachet' : marchands, guides thé vert, forum ; peu de trafic (2 clics, dont 1 sur « sachet » (pos. 23) en mars-oct. 2025)"
39623;Les meilleurs thés pour maigrir;https://meilleurtest.fr/comparatif-the-pour-maigrir/;thé;minceur;usage / contexte;1;36473;Les meilleurs thés;https://meilleurtest.fr/comparatif-the/;C : intention spécifique et résultats mixtes (un seul guide spécialisé, pas en tête);meilleurs thés pour maigrir;1;;G,S,E,G,G;frequencemedicale.com — Les 6 meilleurs thés pour perdre du poids;terredoc.com — Thé vert minceur : bienfaits, lequel choisir et comment le ...;amazon.fr — Thé Pour Maigrir Rapidement;pandatea.fr — Quels sont les meilleurs thés et tisanes pour perdre du poids;anatae.fr — Quel thé boire pour vous aider à maigrir;garder;Google : Guide 'perdre du poids' en position 1 (frequencemedicale.com)
38111;Les meilleurs tire-laits électriques;https://meilleurtest.fr/comparatif-tire-lait-electrique/;tire-lait;électrique;technologie / sous-type;1;37409;Les meilleurs tire-laits;https://meilleurtest.fr/comparatif-tire-lait/;C : intention spécifique et résultats mixtes (un seul guide spécialisé, pas en tête);meilleurs tire-laits électriques;1;;G,G,S,G,G;bebe9.com — Quel tire-lait choisir ?;minty-wendy.com — Meilleur tire-lait du marché en 2026 : le comparatif complet ...;consobaby.com — Les meilleurs tire-laits manuels et électriques en 2026;larmoiredebebe.com — Tire-lait - Les meilleurs tire laits sont sur L'Armoire de Bébé;madeinbebe.com — Tire-lait : les meilleures marques et les tops produits;privé;"Google : Aucun guide 'électriques' : consobaby couvre manuels et électriques, reste général ; peu de trafic (2 clics, dont 0 sur « électrique » (pos. 44) en mars-oct. 2025)"
39105;Les meilleurs toboggans bébé;https://meilleurtest.fr/comparatif-toboggan-bebe/;toboggan;bébé;public visé;1;37313;Les meilleurs toboggans;https://meilleurtest.fr/comparatif-toboggan/;C : intention spécifique et résultats mixtes (un seul guide spécialisé, pas en tête);meilleurs toboggans bébé;1;;E+,G,S,S?,G;lionshome.fr — Toboggans bébé (2026) Meilleures Ventes;consobaby.com — Les meilleurs toboggans enfants notés par des parents;je-suis-papa.ouest-france.fr — Comparatif des meilleurs toboggans intérieur bébé et enfant;aosom.fr — Toboggan bébé & toboggan enfant dès 1 an | Aosom France;mamadvisor.magicmaman.com — Quel est le meilleur toboggan extérieur pour enfant;privé;"Google : 1 seul guide 'bébé' (ouest-france, pos. 3), reste marchand/général ; aucun clic en 2025"
41390;Les meilleures tondeuses Remington;https://meilleurtest.fr/comparatif-tondeuse-remington/;tondeuse à barbe;Remington;marque;1;37868;Les meilleures tondeuses à barbe;https://meilleurtest.fr/comparatif-tondeuse-a-barbe/;A : simple déclinaison, mais un guide spécialisé isolé dans le top 5;meilleures tondeuses Remington;1;;E+,S?,E+,S,F;fr.remington-europe.com — Tondeuses | Remington;rasoir-expert.com — Tondeuse cheveux et barbe Remington;amazon.fr — Remington: Tondeuse cheveux;menskit.fr — Les 6 (vraies) Meilleures Tondeuses Remington en 2026;youtube.com — TOP 2 : Meilleure Tondeuse a Cheveux 2022;garder;"Trafic : 3 clics, dont 1 sur « Remington » (pos. 8) en mars-oct. 2025 ; Google seul : privé (1 seul guide Remington (menskit.fr, pos. 4), reste marchand et vidéo)"
42541;Les meilleures tondeuses barbe courte;https://meilleurtest.fr/comparatif-tondeuse-barbe-courte/;tondeuse à barbe;barbe courte;non classé;1;37868;Les meilleures tondeuses à barbe;https://meilleurtest.fr/comparatif-tondeuse-a-barbe/;B : intention spécifique selon les attributs, mais aucun guide spécialisé dans le top 5;meilleures tondeuses barbe courte;0;;G,G,O,O,F;barbedudaron.fr — Les meilleures tondeuses à barbe de 3 jours (Top 3);fr.braun.com — Comment choisir la meilleure tondeuse à barbe;rasoir-service.fr — Tondeuse barbe;rasoir-expert.com — tondeuse barbe : pour bien tailler sa barbe;reddit.com — Recommandations de tondeuses à barbe pour les ...;garder;Google : Guide tondeuses barbe de 3 jours (≈ barbe courte) en position 1 (barbedudaron.fr)
39382;Les meilleures tondeuses à cheveux pour homme;https://meilleurtest.fr/comparatif-tondeuse-a-cheveux-pour-homme/;tondeuse à cheveux;homme;public visé;1;37970;Les meilleures tondeuses à cheveux;https://meilleurtest.fr/comparatif-tondeuse-a-cheveux/;B : intention spécifique selon les attributs, mais aucun guide spécialisé dans le top 5;meilleures tondeuses à cheveux pour homme;0;;E,S?,G,F,G;unjourunhomme.com — Tondeuse cheveux professionnelle | Les plus grandes ...;coifferie.com — Tondeuses professionnelles pour les cheveux;lesnumeriques.com — Quelles sont les meilleures tondeuses électriques pour ...;youtube.com — Les Meilleures Tondeuses à Cheveux Sans Fil 2026;journaldemontreal.com — Les 5 meilleures tondeuses à cheveux (clipper) de 2026;à signaler;Doublon : « pour homme » = usage par défaut des tondeuses à cheveux, quasi-synonyme du multi (Google : privé)
41918;Les meilleures tondeuses thermiques professionnelles;https://meilleurtest.fr/comparatif-tondeuse-thermique-professionnelle/;tondeuse à gazon;professionnel, thermique;public visé, technologie / sous-type;2;36935;Les meilleures tondeuses thermiques;https://meilleurtest.fr/comparatif-tondeuse-thermique/;C : intention spécifique et résultats mixtes (un seul guide spécialisé, pas en tête);meilleures tondeuses thermiques professionnelles;1;;E+,F,S?,S?,S;oogarden.com — 7 meilleures tondeuses thermiques par surface de jardin;jardimax.com — Meilleures tondeuses thermiques - Comparatif d'expert;motoculture84.fr — Tondeuse à gazon thermique professionnelle;jeanjean-motoculture.com — La gamme de tondeuses à gazon professionnelles;lebontri.fr — Meilleure tondeuse thermique 2026 : top 12 comparatif;privé;"Google : Aucun guide 'professionnelles' : guides thermiques généraux et revendeurs motoculture ; peu de trafic (11 clics en mars-oct. 2025)"
41101;Les meilleures tondeuses thermiques à démarrage électrique;https://meilleurtest.fr/comparatif-tondeuse-thermique-a-demarrage-electrique/;tondeuse à gazon;démarrage électrique, thermique;non classé, technologie / sous-type;2;36935;Les meilleures tondeuses thermiques;https://meilleurtest.fr/comparatif-tondeuse-thermique/;C : intention spécifique et résultats mixtes (un seul guide spécialisé, pas en tête);meilleures tondeuses thermiques à démarrage électrique;1;;F,S?,S?,S,E+;jardimax.com — Meilleures tondeuses thermiques - Comparatif d'expert;equipjardin.com — Tondeuse thermique démarrage électrique;agrieuro.fr — Tondeuses à Gazon Démarrage Électrique - Offres AgriEuro;lebontri.fr — Meilleure tondeuse thermique 2026 : top 12 comparatif;leroymerlin.fr — Tondeuse thermique demarrage electrique au meilleur prix;garder;"Trafic : 43 clics, dont 4 sur « démarrage électrique » (pos. 10) en mars-oct. 2025 ; Google seul : privé (Aucun guide 'démarrage électrique' : catégories marchandes, guides thermiques généraux)"
37595;Les meilleures tondeuses hélicoïdales;https://meilleurtest.fr/comparatif-tondeuse-helicoidale/;tondeuse à gazon;hélicoïdale;non classé;1;37792;Les meilleures tondeuses à gazon;https://meilleurtest.fr/comparatif-tondeuse-a-gazon/;B : intention spécifique selon les attributs, mais aucun guide spécialisé dans le top 5;meilleures tondeuses hélicoïdales;0;;F,S?,G,G,F;forumgazon.fr — Quelle marque / modèle de tondeuse hélicoïdale choisir ?;tondeogreen.com — Tondeuse hélicoïdale thermique;tondeuse-manuelle.com — Le Guide d'achat comparatif des tondeuses manuelles;terrevivante.org — Banc d'essai : Tondeuses à main, notre test;youtube.com — TOP—5. Meilleures tondeuses hélicoïdales ...;privé;"Google : Aucun guide 'hélicoïdales' : forum, vidéo, guides tondeuses manuelles (tondeuse-manuelle.com, terrevivante) ; peu de trafic (3 clics, dont 2 sur « hélicoïdale » (pos. 16) en mars-oct. 2025)"
38353;Les meilleures tondeuses à batterie lithium;https://meilleurtest.fr/comparatif-tondeuse-a-batterie-lithium/;tondeuse à gazon;batterie lithium;non classé;1;37792;Les meilleures tondeuses à gazon;https://meilleurtest.fr/comparatif-tondeuse-a-gazon/;B : intention spécifique selon les attributs, mais aucun guide spécialisé dans le top 5;meilleures tondeuses à batterie lithium;0;;G,G,G,G,E;fr.mammotion.com — Meilleure tondeuse à batterie : comparatif 2026 pour bien choisir;fixami.fr — Quelle est la meilleure tondeuse à gazon sur batterie ?;lebontri.fr — Meilleure tondeuse à batterie 2026 : top 10 sans fil;achetezlemeilleur.ca — J'ai testé 19 tondeuses à batterie vendues au Québec;eufy.com — Meilleure Tondeuse à Batterie : Guide 2026;garder;Google : Guides 'à batterie' (lithium) : lebontri.fr pos. 3, achetezlemeilleur.ca pos. 4
39612;Les meilleures tondeuses à gazon poussées;https://meilleurtest.fr/comparatif-tondeuse-a-gazon-poussee/;tondeuse à gazon;poussée;non classé;1;37792;Les meilleures tondeuses à gazon;https://meilleurtest.fr/comparatif-tondeuse-a-gazon/;B : intention spécifique selon les attributs, mais aucun guide spécialisé dans le top 5;meilleures tondeuses à gazon poussées;0;;E,F,G,G,F;oogarden.com — 7 meilleures tondeuses thermiques par surface de jardin;jardimax.com — Meilleures tondeuses thermiques - Comparatif d'expert;lineonline.fr — Meilleures Tondeuses à gazon du 2026 - les plus vendues;fixami.fr — Quelle est la meilleure tondeuse à gazon sur batterie ?;youtube.com — TOP—5. Meilleures tondeuses à gazon avec traction. Test & ...;privé;"Google : Aucun guide 'poussées' : guides thermiques/batterie, page marchande, vidéo ; aucun clic en 2025"
38445;Les meilleures tonnelles pliantes;https://meilleurtest.fr/comparatif-tonnelle-pliante/;tonnelle;pliant;technologie / sous-type;1;37536;Les meilleures tonnelles;https://meilleurtest.fr/comparatif-tonnelle/;C : intention spécifique et résultats mixtes (un seul guide spécialisé, pas en tête);meilleures tonnelles pliantes;1;;S?,S,F,G,E+;intent24.fr — Acheter un barnum ou tonnelle pliante de qualité;mobeventpro.com — Quelle est la meilleure tente pliante : le comparateur;c2m-chapiteaux.com — Comment bien choisir sa tonnelle pliante ?;bfmtv.com — Les 6 meilleures tonnelles de jardin 2026;leroymerlin.fr — Tonnelle pliante;privé;"Google : Aucun guide indépendant 'pliantes' : guides fabricants (mobeventpro, c2m-chapiteaux), marchands ; peu de trafic (5 clics en mars-oct. 2025)"
39939;Les meilleurs top coat semi-permanents;https://meilleurtest.fr/comparatif-top-coat-semi-permanent/;top coat;semi-permanent;technologie / sous-type;1;38635;Les meilleurs top coats;https://meilleurtest.fr/comparatif-top-coat/;C : intention spécifique et résultats mixtes (un seul guide spécialisé, pas en tête);meilleurs top coat semi-permanents;1;;O,S?,S,E+,F;nailsfrs.fr — Top coat UV/LED : brillant, mat ou magnétique;bleulibellule.com — Top coat semi-permanent - Ongles;nails-company.fr — Guide d'achat Top Coat semi permanent;shopping.cosmopolitan.fr — Les 9 meilleures marques de vernis semi-permanents;reddit.com — Des recommandations pour le meilleur top coat en gel (pas ...;garder;"Trafic : 91 clics, dont 69 sur « semi-permanent » (pos. 6) en mars-oct. 2025 ; Google seul : privé (Aucun guide indépendant : marchands, guide marchand nails-company (pos. 3))"
38888;Les meilleurs tournevis électriques sans fil;https://meilleurtest.fr/comparatif-tournevis-electrique-sans-fil/;tournevis;électrique, sans fil;technologie / sous-type, technologie / sous-type;1;41111;Les meilleurs tournevis;https://meilleurtest.fr/comparatif-tournevis/;C : intention spécifique et résultats mixtes (un seul guide spécialisé, pas en tête);meilleurs tournevis électriques sans fil;1;;E+,F,F,S,E+;leroymerlin.fr — Tournevis sans fil au meilleur prix;youtube.com — TOP 3 : Meilleur Tournevis Électrique 2026;reddit.com — Quel est le meilleur tournevis électrique sans fil ? : r/Tools;electroguide.com — Les 7 meilleurs tournevis électriques 2025;m.joybuy.fr — Meilleur tournevis électrique sans fil : Top 3 & Guide 2026;privé;"Google : 1 seul guide (electroguide, pos. 4) + guide marchand joybuy, reste marchand/forums ; aucun clic en 2025"
39695;Les meilleurs traceurs GPS sans abonnement;https://meilleurtest.fr/comparatif-traceur-gps-sans-abonnement/;traceur GPS;sans abonnement;technologie / sous-type;1;39715;Les meilleurs traceurs GPS;https://meilleurtest.fr/comparatif-traceur-gps/;C : intention spécifique et résultats mixtes (un seul guide spécialisé, pas en tête);meilleurs traceurs GPS sans abonnement;1;;E+,S?,S,G,F;antivol-store.com — Traceur GPS Voiture Sans Abonnement et Autonome;paj-gps.fr — Pourquoi éviter un Traceur GPS sans abonnement ?;trakmy.fr — Meilleur traceur GPS voiture sans abonnement 2026;lesnumeriques.com — Comparatif / nos tests de traceurs gps Septembre 2026;reddit.com — Quel tracter GPS sans abonnement me conseillez-vous?;garder;"Trafic : 53 clics, dont 20 sur « sans abonnement » (pos. 40) en mars-oct. 2025 ; Google seul : privé (Aucun guide indépendant : marchands, article paj-gps, guide marchand trakmy)"
39059;Les meilleurs tracteurs tondeuses professionnels;https://meilleurtest.fr/comparatif-tracteur-tondeuse-professionnel/;tracteur tondeuse;professionnel;public visé;1;37406;Les meilleurs tracteurs tondeuses;https://meilleurtest.fr/comparatif-tracteur-tondeuse/;C : intention spécifique et résultats mixtes (un seul guide spécialisé, pas en tête);meilleurs tracteurs tondeuses professionnels;1;;F,G,G,S,S?;jardimax.com — Classement des 3 meilleures marques de tracteur tondeuse;blog.agrieuro.fr — Guide d'Achat du Meilleur Tracteur Tondeuse | AgriEuro Blog;bfmtv.com — 💥 Meilleurs tracteurs tondeuses 2026 - guide d'achat et ...;boby.net — Top 5 des meilleurs tracteurs tondeuses professionnels;etesia.fr — Tondeuse Autoportée Professionnelle;garder;"Google : 1 seul guide 'professionnels' (boby.net, pos. 4), reste général/marque ; historique : 9 clics, dont 2 sur « professionnel » (pos. 27) en mars-oct. 2025"
37687;Les meilleurs mini-trampolines;https://meilleurtest.fr/comparatif-mini-trampoline/;trampoline;mini;technologie / sous-type;1;36649;Les meilleurs trampolines;https://meilleurtest.fr/comparatif-trampoline/;C : intention spécifique et résultats mixtes (un seul guide spécialisé, pas en tête);meilleurs mini-trampolines;1;;S?,S,E,F,E+;gymnova.com — Mini-trampolines;achetezlemeilleur.ca — Le meilleur mini trampoline au Canada en 2026;idealo.fr — ▷▷ Trampoline fitness 2026 au meilleur prix;youtube.com — TOP3 : Meilleur mini trampoline 2025;joybuy.fr — Mini Trampoline : Le Guide d'Achat pour Trouver le Meilleur;garder;Google : Guide 'mini trampoline' en position 2 (achetezlemeilleur.ca)
37260;Les meilleures trottinettes freestyle;https://meilleurtest.fr/comparatif-trottinette-freestyle/;trottinette;freestyle;non classé;1;38328;Les meilleures trottinettes;https://meilleurtest.fr/comparatif-trottinette/;C : intention spécifique et résultats mixtes (un seul guide spécialisé, pas en tête);meilleures trottinettes freestyle;1;;E+,E+,S?,S,E+;nomadeshop.com — TOP 3 Trottinette freestyle Park 2026;trottinetteshop.fr — Quelle trottinette freestyle choisir ?;skatepro.fr — Trottinettes freestyle - Achetez votre trottinette en ligne;micro-mobility.fr — Les meilleures trottinettes freestyle pour riders;decathlon.fr — Comment choisir une trottinette freestyle ?;privé;"Google : Aucun guide indépendant : uniquement marchands/marques (nomadeshop, trottinetteshop, micro, decathlon) ; aucun clic en 2025"
36657;Les meilleures trousses de toilette pour l'avion;https://meilleurtest.fr/comparatif-trousse-de-toilette-pour-avion/;trousse de toilette;avion;usage / contexte;1;37817;Les meilleures trousses de toilette;https://meilleurtest.fr/comparatif-trousse-de-toilette/;B : intention spécifique selon les attributs, mais aucun guide spécialisé dans le top 5;meilleures trousses de toilette pour l'avion;0;;S?,G,S?,S?,E;ma-trousse-parfaite.com — Comment préparer sa trousse de toilette pour voyager en ...;globe-trotting.com — La trousse de toilette de voyage | Guide pratique et comparatif;chalair.fr — Où mettre sa trousse de toilette lors d'un voyage en avion;trousse-de-toilette.com — Articles Autorisés en Avion dans ma Trousse de Toilette ...;conseilsport.decathlon.fr — Comment préparer une trousse de toilette de voyage ?;privé;"Google : Aucun guide d'achat 'avion' : conseils de préparation, règles bagage, guide voyage ; aucun clic en 2025"
38940;Les meilleurs tuyaux d'arrosage extensibles;https://meilleurtest.fr/comparatif-tuyau-darrosage-extensible/;tuyau d'arrosage;extensible;technologie / sous-type;1;36706;Les meilleurs tuyaux d'arrosage;https://meilleurtest.fr/comparatif-tuyau-d-arrosage/;C : intention spécifique et résultats mixtes (un seul guide spécialisé, pas en tête);meilleurs tuyaux d'arrosage extensibles;1;;G,S,E,F,E+;livlig.com — Acheter un tuyau d'arrosage — le guide honnête (2026);arrosagedujardin.fr — Meilleur Tuyau d'Arrosage Extensible : Comparatif 2026;gammvert.fr — Comment choisir son tuyau d'arrosage ?;youtube.com — Les 7 Meilleurs Tuyaux d'Arrosage [2026]  Extensibles et ...;amazon.fr — Tuyau Arrosage Extensible 30m - 4 Étoiles & Plus;garder;"Trafic : 60 clics, dont 51 sur « extensible » (pos. 10) en mars-oct. 2025 ; Google seul : privé (Comparatif 'extensible' en position 2 (arrosagedujardin.fr) — vérifié : arrosagedujardin.fr = boutique, donc privé)"
40234;Les meilleurs téléphones sans fil duo;https://meilleurtest.fr/comparatif-telephone-sans-fil-duo/;téléphone fixe;duo, sans fil;taille / capacité / quantité, technologie / sous-type;1;36575;Les meilleurs téléphones fixes sans fil;https://meilleurtest.fr/comparatif-telephone-fixe-sans-fil/;A : simple déclinaison, mais un guide spécialisé isolé dans le top 5;meilleurs téléphones sans fil duo;1;;G,E+,F,S?,S;lesnumeriques.com — Quels sont les meilleurs téléphones fixes ? Septembre 2026;boutiquepro.orange.fr — Téléphone fixe sans fil avec répondeur;youtube.com — TOP—5. Meilleurs téléphones DECT (sans fil, avec répondeur, ...;officeeasy.fr — Téléphone sans fil Duo et Trio: 2 et 3 combinés;linote.fr — Quel est le meilleur téléphone fixe sans fil duo ?;garder;"Google : 1 seul guide 'duo' (linote, pos. 5), reste général/marchand/vidéo ; historique : 8 clics, dont 3 sur « duo » (pos. 26) en mars-oct. 2025"
38595;Les meilleurs téléphones portables à clapet pour séniors;https://meilleurtest.fr/comparatif-telephone-portable-a-clapet-pour-senior/;téléphone portable;clapet, sénior;non classé, public visé;2;40357;Les meilleurs téléphones à clapet;https://meilleurtest.fr/comparatif-telephone-a-clapet/;C : intention spécifique et résultats mixtes (un seul guide spécialisé, pas en tête);meilleurs téléphones portables à clapet pour séniors;1;;S?,S?,S,G,E+;doro.com — Nos téléphones portables pour seniors 4G;quechoisir.org — Téléphones mobiles pour seniors;linote.fr — Mobile à clapet pour senior : les meilleurs modèles en 2026;rogervoice.com — Les meilleurs smartphones pour personnes âgées;amazon.fr — Telephone Senior - Clapet / Téléphones Portables Et ...;privé;"Google : 1 seul guide 'clapet senior' (linote, pos. 3), reste marque/général ; peu de trafic (3 clics, dont 0 sur « sénior » (pos. 27) en mars-oct. 2025)"
40283;Les meilleures TV 4K incurvées;https://meilleurtest.fr/comparatif-tv-4k-incurvee/;téléviseur;4K, incurvé;technologie / sous-type, forme / configuration;2;37658;Les meilleures TV 4K;https://meilleurtest.fr/comparatif-tv-4k/;C : intention spécifique et résultats mixtes (un seul guide spécialisé, pas en tête);meilleures TV 4K incurvées;1;;E+,E+,S,E+,F;idealo.fr — Télé Incurvé 4K - Téléviseurs;ldlc.com — TV incurvée - Achat, guide & conseil;lesnumeriques.com — Guide : Quels sont les meilleurs TV 4K ? Septembre 2026;darty.com — Téléviseur Incurvé 4k - Achat en ligne;youtube.com — Les 5 meilleurs téléviseurs incurvés;privé;"Google : Aucun guide 'incurvé' : marchands, guide TV 4K général (lesnumeriques), vidéo ; aucun clic en 2025"
39192;Les meilleures têtes de lit capitonnées;https://meilleurtest.fr/comparatif-tete-de-lit-capitonnee/;tête de lit;capitonnée;forme / configuration;1;38036;Les meilleures têtes de lit;https://meilleurtest.fr/comparatif-tete-de-lit/;B : intention spécifique selon les attributs, mais aucun guide spécialisé dans le top 5;meilleures têtes de lit capitonnées;0;;S?,F,E+,S?,O;bobochicparis.com — Tête de lit capitonnée;stores-et-rideaux.com — Tête de lit capitonnée sur mesure - Made in France;tediber.com — La tête de lit capitonnée : tendance déco haut de gamme;hello-hello.fr — Les plus belles têtes de lit capitonnées - Blog Déco;grandlitier.com — Têtes de lit élégantes et confortables;privé;"Google : 1 seul guide 'capitonnées' (hello-hello.fr, pos. 4), reste marchand ; aucun clic en 2025"
37758;Les meilleures têtes de lit en bois;https://meilleurtest.fr/comparatif-tete-de-lit-bois/;tête de lit;bois;matière / composition;1;38036;Les meilleures têtes de lit;https://meilleurtest.fr/comparatif-tete-de-lit/;B : intention spécifique selon les attributs, mais aucun guide spécialisé dans le top 5;meilleures têtes de lit en bois;0;;S?,S?,S?,O,O;decowood.com — Têtes de Lit en Bois Faites à la Main Écologiques;ma-credence-deco.com — Tête de lit en bois naturel et durable;artynium.fr — Tête de lit sur mesure bois & design | Fabrication française;marieclaire.fr — 15 têtes de lit tendance pour renouveler sa chambre;lesitedumadeinfrance.fr — Toutes les Têtes de Lit Made in France;privé;"Google : Top 5 marchand, aucun guide 'bois' (marieclaire général) ; aucun clic en 2025"
38958;Les meilleures têtes de lit en rotin;https://meilleurtest.fr/comparatif-tete-de-lit-rotin/;tête de lit;rotin;matière / composition;1;38036;Les meilleures têtes de lit;https://meilleurtest.fr/comparatif-tete-de-lit/;B : intention spécifique selon les attributs, mais aucun guide spécialisé dans le top 5;meilleures têtes de lit en rotin;0;;S?,S?,E+,S?,E+;berahgetah.com — Lit et tête de lit en bois et rotin;brindouest.com — Une tête de lit en rotin pour tous les styles décoratifs;meubles.fr — Têtes de lit en rotin : acheter pas cher;sweeek.fr — Tête de lit rotin;laredoute.fr — Tête de lit rotin;privé;"Google : Top 5 entièrement marchand, aucun guide 'rotin' ; aucun clic en 2025"
37164;Les meilleurs ukulélés pour débutants;https://meilleurtest.fr/comparatif-ukulele-pour-debutant/;ukulélé;débutant;public visé;1;38340;Les meilleurs ukulélés;https://meilleurtest.fr/comparatif-ukulele/;B : intention spécifique selon les attributs, mais aucun guide spécialisé dans le top 5;meilleurs ukulélés pour débutants;0;;F,G,G,E+,F;reddit.com — Meilleure ukulélé à acheter pour les débutants;guitare.org — Comment choisir son ukulélé;ukuleleroadtrips.com — Les 10 Meilleurs Ukulélés de 2024 : Comparatif et Avis ...;algam-webstore.fr — Quel ukulélé choisir pour bien débuter ? Suivez le guide !;ukulele-forum.fr — Quel ukulele choisir pour débuter ? Shiver ? Lag? Fender?;privé;"Google : Aucun guide indépendant 'débutants' : forums, guides généraux, guide marchand algam ; peu de trafic (5 clics, dont 0 sur « débutant » (pos. 56) en mars-oct. 2025)"
36866;Les meilleures valises de soute;https://meilleurtest.fr/comparatif-valise-de-soute/;valise;soute;technologie / sous-type;1;37685;Les meilleures valises;https://meilleurtest.fr/comparatif-valise/;C : intention spécifique et résultats mixtes (un seul guide spécialisé, pas en tête);meilleures valises de soute;1;;G,G,O,F,S;gqmagazine.fr — Top 10 des meilleures marques de valises qui nous ...;quechoisir.org — Comment choisir sa valise - Guide d'achat;americantourister.fr — Bestsellers valises;reddit.com — Quelle est la meilleure valise à acheter en ce moment;ma-valise-voyage.fr — Comparatif : la meilleure valise rigide, cabine ou soute en ...;garder;"Trafic : 33 clics, dont 17 sur « soute » (pos. 12) en mars-oct. 2025 ; Google seul : privé (1 seul guide citant 'soute' (ma-valise-voyage.fr, pos. 5), reste général/forum)"
36851;Les meilleures valises pas chères;https://meilleurtest.fr/comparatif-valise-pas-chere/;valise;pas cher;prix;1;37685;Les meilleures valises;https://meilleurtest.fr/comparatif-valise/;A : simple déclinaison, mais un guide spécialisé isolé dans le top 5;meilleures valises pas chères;1;;G,S?,S,S?,S?;ma-valise-voyage.fr — Comparatif : la meilleure valise rigide, cabine ou soute en ...;bleucerise.com — Valises pas cher | Profitez de prix réduits;rayondor-bagages.fr — Meilleures marques des bagage pas cher;tictactrip.eu — Top des valises de voyage pas chères et solides pour l' ...;americantourister.fr — Valises rigides & souples pas chères | American Tourister ...;privé;"Google : 1 seul guide indépendant 'pas chères' (tictactrip.eu, pos. 4), reste marchand ; peu de trafic (2 clics, dont 0 sur « pas cher » (pos. 63) en mars-oct. 2025)"
36614;Les meilleures valises à fermeture TSA;https://meilleurtest.fr/comparatif-valise-a-fermeture-tsa/;valise;fermeture TSA;non classé;1;37685;Les meilleures valises;https://meilleurtest.fr/comparatif-valise/;B : intention spécifique selon les attributs, mais aucun guide spécialisé dans le top 5;meilleures valises à fermeture TSA;0;;O,O,G,E,G;bleucerise.com — Valises pas cher | Profitez de prix réduits - TSA;mesbagages.com — Valises serrure tsa à code;ma-valise-voyage.fr — Comparatif : la meilleure valise rigide, cabine ou soute en ...;amazon.fr — Serrure TSA / Valises / Valises Et Sacs De Voyage : Mode;jump.fr — Quelles différences entre une valise à fermeture à code et ...;privé;"Google : Aucun guide 'TSA' : pages marchandes, comparatif valises général (ma-valise-voyage.fr) ; aucun clic en 2025"
42487;Les meilleures veilleuses bébé à projection plafond;https://meilleurtest.fr/comparatif-veilleuse-bebe-a-projection-plafond/;veilleuse;bébé, projection plafond;public visé, non classé;1;37189;Les meilleures veilleuses bébé;https://meilleurtest.fr/comparatif-veilleuse-pour-bebe/;C : intention spécifique et résultats mixtes (un seul guide spécialisé, pas en tête);meilleures veilleuses bébé à projection plafond;1;;E+,E+,O,G,S;madeinbebe.com — Veilleuse bébé : les meilleures marques et les tops produits;autourdebebe.com — Veilleuse bébé, veilleuses de nuit avec projection au plafond;madouceveilleuse.com — Veilleuse Projecteur - Ciel étoilé - Expédition 48h;je-suis-papa.ouest-france.fr — Comparatif des meilleures veilleuses projection - Je suis papa;revedeveilleuse.com — Meilleure veilleuse bébé : guide 2026;privé;"Google : 1 seul guide 'projection' (je-suis-papa ouest-france, pos. 4), reste marchand/général ; aucun clic en 2025"
37076;Les meilleurs ventilateurs silencieux;https://meilleurtest.fr/comparatif-ventilateur-silencieux/;ventilateur;silencieux;adjectif de qualité;1;37759;Les meilleurs ventilateurs;https://meilleurtest.fr/comparatif-ventilateur/;A : simple déclinaison, mais un guide spécialisé isolé dans le top 5;meilleurs ventilateurs silencieux;1;;G,G,E+,F,S;lesnumeriques.com — Quels sont les meilleurs ventilateurs ? Septembre 2026;lemonde.fr — Les meilleurs ventilateurs pour affronter la chaleur;darty.com — Le top des ventilateurs les plus silencieux du marché;youtube.com — Quel VENTILATEUR choisir ? Notre sélection des 7 MEILLEURS;lebontri.fr — Meilleur ventilateur silencieux 2026 : le vrai top par dB;garder;"Trafic : 13 clics, dont 6 sur « silencieux » (pos. 32) en mars-oct. 2025 ; Google seul : privé (1 seul guide 'silencieux' (lebontri, pos. 5) + sélection darty)"
38050;Les meilleurs mini ventilateurs USB;https://meilleurtest.fr/comparatif-mini-ventilateur-usb/;ventilateur;mini, USB;technologie / sous-type, technologie / sous-type;2;38067;Les meilleurs ventilateurs de table;https://meilleurtest.fr/comparatif-ventilateur-de-table/;B : intention spécifique selon les attributs, mais aucun guide spécialisé dans le top 5;meilleurs mini ventilateurs USB;0;;E+,G,G,F,G;amazon.fr — Ventilateurs USB;vogue.fr — Les 5 meilleurs ventilateurs portatifs pour affronter les ...;notretemps.com — Les 7 meilleurs petits ventilateurs silencieux 2026 pour un ...;facebook.com — Les meilleurs mini-ventilateurs pour éviter les coups de chaleur;journaldugeek.com — Ventilateur portable : comment bien le choisir ? Les 5 ...;garder;"Trafic : 6 clics, dont 3 sur « mini, USB » (pos. 9) en mars-oct. 2025 ; Google seul : privé (Aucun guide 'mini USB' : guides ventilateurs portatifs/petits, amazon, facebook)"
42500;Les meilleures vestes de pluie vélo;https://meilleurtest.fr/comparatif-veste-de-pluie-velo/;veste de pluie;vélo;usage / contexte;1;36796;Les meilleures vestes de pluie;https://meilleurtest.fr/comparatif-veste-de-pluie/;B : intention spécifique selon les attributs, mais aucun guide spécialisé dans le top 5;meilleures vestes de pluie vélo;0;;E+,S?,E+,F,S?;materiel-velo.com — Quelles sont les meilleures vestes de pluie pour vélo route;ekoi.fr — Vestes de pluie vélo imperméables;cyclable.com — Veste de pluie vélo;reddit.com — Recommandez-moi une veste de pluie ! : r/bikepacking;enrouelibre.fr — Faire du vélo sous la pluie : l'équipement essentiel;privé;"Google : Guide vestes de pluie vélo en position 1 (materiel-velo.com) — vérifié : materiel-velo.com = boutique, donc privé ; peu de trafic (1 clics, dont 0 sur « vélo » (pos. 33) en mars-oct. 2025)"
39611;Les meilleures vestes de ski pour homme;https://meilleurtest.fr/comparatif-veste-de-ski-pour-homme/;veste de ski;homme;public visé;1;42686;Les meilleures vestes de ski;https://meilleurtest.fr/comparatif-veste-de-ski/;B : intention spécifique selon les attributs, mais aucun guide spécialisé dans le top 5;meilleures vestes de ski pour homme;0;;E,E+,G,G,E+;hardloop.fr — Les 10 meilleures vestes de ski 2026 | Hardloop Magazine;snowleader.com — Veste de ski - manteau, blouson, veste ski et snow homme;millet.com — Comment choisir sa veste de ski ? Le guide complet - Millet;blog.chullanka.com — Top 10 des meilleures vestes de ski pour cet hiver;skiwebshop.fr — Vestes de ski Homme;privé;"Google : Aucun guide 'homme' : guides vestes de ski généraux, catégories marchandes ; aucun clic en 2025"
41492;Les meilleurs vibromasseurs doubles;https://meilleurtest.fr/comparatif-vibromasseur-double/;vibromasseur;double;technologie / sous-type;1;36475;Les meilleurs vibromasseurs;https://meilleurtest.fr/comparatif-vibromasseur/;C : intention spécifique et résultats mixtes (un seul guide spécialisé, pas en tête);meilleurs vibromasseurs doubles;1;;G,S?,S,O,O;gqmagazine.fr — Les meilleurs vibromasseurs de 2026;sinful.fr — Vibromasseurs Doubles - Pour une double stimulation;sexyavenue.com — Les meilleurs Sextoys double stimulation Clitoris et Point G;mariages.net — Les meilleurs sextoys pour couple de 2026 : 20 modèles ...;passagedudesir.com — Le Top 10 des meilleurs Sextoys par ...;supprimer;Contenu adulte : suppression complète déjà validée (410), hors arbitrage
37689;Les meilleurs pico projecteurs;https://meilleurtest.fr/comparatif-pico-projecteur/;vidéoprojecteur;pico;non classé;2;41381;Les meilleurs mini vidéoprojecteurs;https://meilleurtest.fr/comparatif-mini-videoprojecteur/;C : intention spécifique et résultats mixtes (un seul guide spécialisé, pas en tête);meilleurs pico projecteurs;1;;G,S,E+,O,F;lesnumeriques.com — Les meilleurs mini-vidéoprojecteurs portables Septembre ...;frandroid.com — Meilleur mini-vidéoprojecteur : les meilleurs modèles en ...;son-video.com — Choisir un mini vidéoprojecteur;ecranlarge.com — Les 8 meilleurs mini projecteurs (2026) pour du cinéma sur ...;youtube.com — TOP5 : MEILLEUR PICO PROJECTEUR;à signaler;Doublon : pico projecteur = mini vidéoprojecteur, synonyme du multi parent (Google : privé)
37684;Les meilleurs vidéoprojecteurs 4K;https://meilleurtest.fr/comparatif-videoprojecteur-4k/;vidéoprojecteur;4K;technologie / sous-type;1;36422;Les meilleurs vidéoprojecteurs;https://meilleurtest.fr/comparatif-videoprojecteur/;C : intention spécifique et résultats mixtes (un seul guide spécialisé, pas en tête);meilleurs vidéoprojecteurs 4K;1;;G,S,F,E+,E+;lesnumeriques.com — Vidéoprojecteurs - Actualités, Tests et Comparatifs;choisir-videoprojecteur.fr — Comparatif vidéoprojecteurs : HD, 4K, Pico, Home-cinéma ...;youtube.com — Les 5 Meilleurs Vidéoprojecteurs Laser 4K de 2026;son-video.com — Vidéoprojecteurs UHD 4K - Son-Vidéo.com;cobra.fr — Vidéoprojecteurs 4K & 8K home cinéma;privé;"Google : Aucun guide écrit '4K' : comparatifs généraux, vidéo, marchands ; peu de trafic (1 clics, dont 1 sur « 4K » (pos. 44) en mars-oct. 2025)"
41473;Les meilleurs vidéoprojecteurs Bluetooth;https://meilleurtest.fr/comparatif-videoprojecteur-bluetooth/;vidéoprojecteur;bluetooth;technologie / sous-type;1;36422;Les meilleurs vidéoprojecteurs;https://meilleurtest.fr/comparatif-videoprojecteur/;B : intention spécifique selon les attributs, mais aucun guide spécialisé dans le top 5;meilleurs vidéoprojecteurs Bluetooth;0;;G,E+,G,E+,G;lesnumeriques.com — Comparatif / 40 vidéoprojecteurs testés Septembre 2026;boulanger.com — Vidéoprojecteur - Bluetooth;choisir-videoprojecteur.fr — Comparatif vidéoprojecteurs : HD, 4K, Pico, Home-cinéma ...;materiel.net — Vidéoprojecteur Connecté - WiFi - Bluetooth;lexpress.fr — Les meilleurs vidéoprojecteurs : notre comparatif 2026;privé;"Google : Aucun guide 'Bluetooth' : guides vidéoprojecteurs généraux et marchands ; aucun clic en 2025"
39280;Les meilleurs vidéoprojecteurs home cinéma;https://meilleurtest.fr/comparatif-videoprojecteur-home-cinema/;vidéoprojecteur;home cinéma;usage / contexte;1;36422;Les meilleurs vidéoprojecteurs;https://meilleurtest.fr/comparatif-videoprojecteur/;B : intention spécifique selon les attributs, mais aucun guide spécialisé dans le top 5;meilleurs vidéoprojecteurs home cinéma;0;;G,G,E+,O,G;lesnumeriques.com — Quels sont les meilleurs vidéoprojecteurs ? Septembre 2026;choisir-videoprojecteur.fr — Sélection des 10 meilleurs vidéoprojecteurs pour 2026;materiel.net — Quel vidéoprojecteur choisir pour un Home-Cinema ?;homecinesolutions.fr — Vidéoprojecteurs;lexpress.fr — Les meilleurs vidéoprojecteurs : notre comparatif 2026;privé;"Google : Aucun guide indépendant 'home cinéma' : guides généraux, guide marchand materiel.net ; aucun clic en 2025"
37541;Les meilleurs vitamines en gouttes;https://meilleurtest.fr/comparatif-vitamine-goutte/;vitamine;gouttes;technologie / sous-type;1;38379;Les meilleures vitamines;https://meilleurtest.fr/comparatif-vitamine/;B : intention spécifique selon les attributs, mais aucun guide spécialisé dans le top 5;meilleurs vitamines en gouttes;0;;G,G,E,G,G;biogena.com — Meilleur vitamine D 2025 : notre guide pour bien choisir;ouest-france.fr — Comparatif des meilleures vitamines D sans ordonnance ...;pharmashopi.com — meilleur multivitamines : Achat en ligne;blog.easypara.fr — Vitamine D : bienfaits et meilleures formes à choisir;darwin-nutrition.fr — Les meilleures vitamines D : notre avis;privé;"Google : Aucun guide 'gouttes' : guides vitamine D généraux, pharmacie en ligne ; aucun clic en 2025"
41937;Les meilleures VMC hygroréglables basse consommation;https://meilleurtest.fr/comparatif-vmc-hygroreglable-basse-consommation/;VMC;basse consommation, hygroréglable;adjectif de qualité, non classé;2;42413;Les meilleures VMC hygroréglables;https://meilleurtest.fr/comparatif-vmc-hygroreglable/;A : simple déclinaison, mais un guide spécialisé isolé dans le top 5;meilleures VMC hygroréglables basse consommation;1;;G,G,S?,G,S;laprimeenergie.fr — Quelle est la meilleure VMC simple flux en 2026;hellowatt.fr — [Guide] Quelle marque de VMC choisir ?;conseils-thermiques.org — La VMC hygroréglable : Performante et accessible;effy.fr — Meilleur VMC Simple Flux : Notre Sélection 2026;tecnomat.fr — Meilleur vmc hygroréglable: au meilleur prix - Bricoman;garder;"Trafic : 83 clics, dont 7 sur « basse consommation » (pos. 12) en mars-oct. 2025 ; Google seul : privé (Aucun guide 'basse consommation' : guides VMC généraux, Bricoman marchand (pos. 5))"
37782;Les meilleures voitures économiques;https://meilleurtest.fr/comparatif-voiture-economique/;voiture;économique;prix;1;39426;Les meilleures voitures;https://meilleurtest.fr/comparatif-voiture/;A : simple déclinaison, mais un guide spécialisé isolé dans le top 5;meilleures voitures économiques;1;;S?,E+,S,F,G;lacentrale.fr — Top des voitures économiques et écologiques;autoshop.fr — Les meilleures voitures économiques pour rouler au quotidien;avendcar.com — Voiture économique 2026 : Le top 3 au coût par kilomètre;youtube.com — LES VOITURES LES PLUS FIABLE & ÉCONOMIQUE EN 2026 !;vivacar.fr — Top 10 des citadines qui consomment le moins (2026);privé;"Google : Aucun guide indépendant identifié : lacentrale, autoshop, avendcar, vivacar sont marchands/plateformes ; peu de trafic (1 clics, dont 0 sur « économique » (pos. 14) en mars-oct. 2025)"
41470;Les meilleurs VTT électriques Cube;https://meilleurtest.fr/comparatif-vtt-electrique-cube/;VTT;cube, électrique;non classé, technologie / sous-type;2;36577;Les meilleurs VTT électriques;https://meilleurtest.fr/comparatif-vtt-electrique/;C : intention spécifique et résultats mixtes (un seul guide spécialisé, pas en tête);meilleurs VTT électriques Cube;1;;E+,S?,S,F,S?;cubebikes.fr — VTT Électriques CUBE : performance, exploration & plaisir;staterabikes.fr — VTT électriques CUBE : grimpe toutes les côtes avec une ...;materiel-velo.com — Les meilleurs VTT électrique / VTTAE;youtube.com — Top 5 best Cube full-suspension electric mountain bikes ...;mhw-bike.fr — Cube VTT tout suspendu - Vélos électriques - mhw-bike.de;privé;"Google : Aucun guide 'Cube' : marque, revendeurs, guide VTTAE général (materiel-velo.com), vidéo ; aucun clic en 2025"
36782;Les meilleurs fat bikes électriques;https://meilleurtest.fr/comparatif-fat-bike-electrique/;vélo;électrique, fat bike;technologie / sous-type, non classé;2;37197;Les meilleurs vélos électriques;https://meilleurtest.fr/comparatif-velo-electrique/;C : intention spécifique et résultats mixtes (un seul guide spécialisé, pas en tête);meilleurs fat bikes électriques;1;;E+,E,S?,E+,S;fatbike-factory.com — Meilleur fat bike électrique 2026 : comparatif et guide d'achat;upway.be — Les meilleurs fatbikes de 2026 - Upway;lankeleisi.fr — Fat bike electrique | Robuste, puissant et tout-terrain;myfatbike.fr — Le Blog du FatBike Électrique : Conseils, Guides & ...;blog.roulezjeunesse.com — Meilleur Fatbike Électrique 2026 : Comparatif & Guide d'Achat;privé;"Google : Aucun guide indépendant : guides marchands fatbike-factory (pos. 1), upway, roulezjeunesse ; peu de trafic (7 clics, dont 2 sur « fat bike » (pos. 16) en mars-oct. 2025)"
42539;Les meilleurs vélos électriques à moins de 1000 euros;https://meilleurtest.fr/comparatif-velo-electrique-a-moins-de-1000-euros/;vélo;électrique, moins de 1000 euros;technologie / sous-type, prix;2;37197;Les meilleurs vélos électriques;https://meilleurtest.fr/comparatif-velo-electrique/;A : simple déclinaison, mais un guide spécialisé isolé dans le top 5;meilleurs vélos électriques à moins de 1000 euros;1;;E+,S,F,S?,F;upway.fr — Vélo électrique pas cher : notre sélection à moins de 1 000€;cleanrider.com — Vélo électrique pas cher : notre top testé à moins de 1000 ...;reddit.com — Quel est le meilleur vélo électrique à moins de 1000;fr.fiido.com — Vélo Électrique à Moins de 1000;youtube.com — The 8 Best Electric Bikes Under $1000!;garder;Google : Top testé 'moins de 1000 €' en position 2 (cleanrider.com)
39640;Les meilleurs vélos d'appartement couché;https://meilleurtest.fr/comparatif-velo-dappartement-couche/;vélo d'appartement;couche;technologie / sous-type;1;36435;Les meilleurs vélos d'appartement;https://meilleurtest.fr/comparatif-velo-d-appartement/;B : intention spécifique selon les attributs, mais aucun guide spécialisé dans le top 5;meilleurs vélos d'appartement couché;0;;O,O,F,G,E;carefitness.com — Vélo d'appartement semi-allongé;gymcompany.fr — Vélos d'appartement Semi-Allongés | GymCompany;youtube.com — TOP3 : meilleur vélo d'appartement couché ou semi allongé;commeunvelo.com — Vélo semi‑allongé : comment bien choisir (confort & ...;fitnessboutique.fr — Les 8 Meilleurs vélos d'appartement : Comparatif et guide ...;privé;"Google : 1 seul guide 'semi-allongé' (commeunvelo, pos. 4), reste marchand/vidéo ; aucun clic en 2025"
42496;Les meilleurs vélos de route aluminium;https://meilleurtest.fr/comparatif-velo-de-route-aluminium/;vélo de route;aluminium;matière / composition;1;37098;Les meilleurs vélos de route;https://meilleurtest.fr/comparatif-velo-de-route/;C : intention spécifique et résultats mixtes (un seul guide spécialisé, pas en tête);meilleurs vélos de route aluminium;1;;E+,G,S,E,S?;canyon.com — Vélos de route en aluminium;zeoutdoor.com — Notre comparatif des meilleurs vélos de route alu;velochannel.com — Quels sont les meilleurs vélos de course en aluminium;alltricks.fr — Comparatif : Top 12 des meilleurs vélos de route 2026;mhw-bike.fr — Vélo de course homme aluminium – léger & rapide;garder;Google : Comparatifs 'alu' zeoutdoor (pos. 2) et velochannel (pos. 3)
39822;Les meilleurs vélos de route pour la montagne;https://meilleurtest.fr/comparatif-velo-de-route-pour-montagne/;vélo de route;montagne;usage / contexte;1;37098;Les meilleurs vélos de route;https://meilleurtest.fr/comparatif-velo-de-route/;C : intention spécifique et résultats mixtes (un seul guide spécialisé, pas en tête);meilleurs vélos de route pour la montagne;1;;E+,G,S,S?,G;upway.be — Les meilleurs vélos de montagne pour les ascensions - Upway;materiel-velo.com — Quels sont les 10 meilleurs vélo route ?;alti-mag.com — Quel vélo de route choisir pour la montagne ? Nos conseils ...;velotech.fr — Vers la fin du vélo de montagne ? Pourquoi l'aéro a tout ...;my-velo.fr — Quel vélo de route acheter ? Guide pour bien choisir;garder;"Google : 1 seul guide 'montagne' (alti-mag, pos. 3), reste général/marchand ; historique : 17 clics, dont 3 sur « montagne » (pos. 46) en mars-oct. 2025"
40071;Les meilleurs vélos de route à moins de 1500 euros;https://meilleurtest.fr/comparatif-velo-de-route-a-moins-de-1500-euros/;vélo de route;moins de 1500 euros;prix;1;37098;Les meilleurs vélos de route;https://meilleurtest.fr/comparatif-velo-de-route/;A : simple déclinaison, mais un guide spécialisé isolé dans le top 5;meilleurs vélos de route à moins de 1500 euros;1;;G,E+,F,S,E;redbull.com — Top 10 des meilleurs vélos de route pas chers;campsider.com — Vélos de route à 1500 euros occasion et neufs ⛷️;reddit.com — Vélo de route débutant 1500€, compliqué ? : r/pedale;velo101.com — Les meilleurs vélos pour moins de 1500 €;alltricks.fr — Comparatif : Top 12 des meilleurs vélos de route 2026;garder;"Google : 1 seul guide '1500 €' (velo101, pos. 4) ; redbull vise 'pas chers' ; historique : 6 clics, dont 4 sur « moins de 1500 euros » (pos. 22) en mars-oct. 2025"
41328;Les meilleurs vélos de route à moins de 3000 euros;https://meilleurtest.fr/comparatif-velo-de-route-a-moins-de-3000-euros/;vélo de route;moins de 3000 euros;prix;1;37098;Les meilleurs vélos de route;https://meilleurtest.fr/comparatif-velo-de-route/;A : simple déclinaison, mais un guide spécialisé isolé dans le top 5;meilleurs vélos de route à moins de 3000 euros;1;;E+,S,E,F,E+;campsider.com — Vélos de route à 3000 euros occasion et neufs 🚴;velo101.com — Les meilleurs vélos de route entre 2000€ et 3000 € en 2026;upway.be — Les meilleurs vélos de route à moins de 3 000 euros - Upway;reddit.com — Vélo route budget 3000 euros : r/pedale;canyon.com — Vélos de route à moins de 3000 €;garder;Google : Guide budget 3000 € en position 2 (velo101.com)
37533;Les meilleurs scotchs whisky;https://meilleurtest.fr/comparatif-scotch-whisky/;whisky;scotch;non classé;1;36644;Les meilleurs whiskies;https://meilleurtest.fr/comparatif-whisky-du-monde/;C : intention spécifique et résultats mixtes (un seul guide spécialisé, pas en tête);meilleurs scotchs whisky;1;;G,G,S,F,G;whisky.fr — Une sélection des meilleurs whiskies d'Ecosse;prestigewhisky.fr — Whisky Écossais : Les Meilleurs Whiskies Ecossais en Ligne;whiskylodge.com — Guide pour choisir le whisky écossais parfait;reddit.com — Quel scotch whisky est le meilleur??;lejournalduwhisky.com — Les 10 meilleurs whisky du monde - Classement 2026;privé;"Google : Aucun guide indépendant 'écossais' : cavistes en ligne, forum, classement général ; aucun clic en 2025"
39760;Les meilleurs whiskys de seigle;https://meilleurtest.fr/comparatif-whisky-de-seigle/;whisky;seigle;matière / composition;1;36644;Les meilleurs whiskies;https://meilleurtest.fr/comparatif-whisky-du-monde/;B : intention spécifique selon les attributs, mais aucun guide spécialisé dans le top 5;meilleurs whiskys de seigle;0;;G,G,S?,G,F;prestigewhisky.fr — Les Meilleurs Whiskies Rye Whiskey en Ligne;whiskylodge.com — Les meilleurs Rye Whisky du monde ≡ La ...;deliawhisky.de — Acheter du whisky de seigle;verasco.fr — TOP des Meilleurs Whisky : Tour d'horizon des différents ...;reddit.com — Quel est le bon whisky de seigle à preuve élevée à utiliser;garder;"Trafic : 0 clics, dont 0 sur « seigle » (pos. 10) en mars-oct. 2025 ; Google seul : privé (Aucun guide indépendant 'seigle' : cavistes en ligne, forum)"
36647;Les meilleurs écouteurs de running;https://meilleurtest.fr/comparatif-ecouteur-de-running/;écouteurs;running;usage / contexte;1;37836;Les meilleurs écouteurs;https://meilleurtest.fr/comparatif-ecouteurs/;B : intention spécifique selon les attributs, mais aucun guide spécialisé dans le top 5;meilleurs écouteurs de running;0;;G,G,F,E+,E;powerplanetonline.com — Meilleurs écouteurs pour la course à pied;campus.coach — Blog | Quels sont les meilleurs écouteurs pour courir;reddit.com — Meilleurs écouteurs pour la course à pied;fr.jbl.com — Trouver les meilleurs écouteurs de running;decathlon.fr — Comment choisir des écouteurs de course à pied ?;garder;Google : Guide 'pour courir' en position 2 (campus.coach) + 3 guides marchands
42145;Les meilleurs écouteurs sans fil non intra-auriculaires;https://meilleurtest.fr/comparatif-ecouteurs-sans-fil-non-intra-auriculaires/;écouteurs;open-ear, sans fil;non classé, technologie / sous-type;2;36842;Les meilleurs écouteurs sans fil;https://meilleurtest.fr/comparatif-ecouteurs-sans-fil/;C : intention spécifique et résultats mixtes (un seul guide spécialisé, pas en tête);meilleurs écouteurs sans fil non intra-auriculaires;1;;G,E,F,S,F;lesnumeriques.com — Guide : Les meilleurs écouteurs ouverts Septembre 2026;amazon.fr — Ecouteur Non Intra Auriculaire;reddit.com — Meilleur écouteur bluetooth, non intra auriculaire;frandroid.com — Quels sont les meilleurs écouteurs sans fil en 2026 ?;youtube.com — TOP 5 BEST OPEN-EAR Bluetooth Wireless Earbuds;garder;Trafic : 44 clics en mars-oct. 2025
37262;Les meilleurs écouteurs sans fil pour home cinéma;https://meilleurtest.fr/comparatif-ecouteurs-sans-fil-pour-home-cinema/;écouteurs;home cinéma, sans fil;usage / contexte, technologie / sous-type;2;36842;Les meilleurs écouteurs sans fil;https://meilleurtest.fr/comparatif-ecouteurs-sans-fil/;B : intention spécifique selon les attributs, mais aucun guide spécialisé dans le top 5;meilleurs écouteurs sans fil pour home cinéma;0;;F,S?,E+,F,F;reddit.com — Écouteurs sans fil à 200 $ pour regarder la télévision / ...;homecinesolutions.fr — iFi GO Pod Air : transformez vos écouteurs filaires en ...;leclaireur.fnac.com — 5 écouteurs True Wireless pour vivre sans fil;reddit.com — Meilleurs écouteurs haut de gamme pour une expérience ...;facebook.com — 🎶 Retrouvez tous nos conseils pour choisir vos écouteurs ...;garder;"Trafic : 0 clics, dont 0 sur « home cinéma » (pos. 7) en mars-oct. 2025 ; Google seul : privé (Aucun guide 'home cinéma' : forums, réseaux sociaux, guide général fnac)"
39080;Les meilleurs écrans pour vidéoprojecteur motorisés;https://meilleurtest.fr/comparatif-ecran-pour-videoprojecteur-motorise/;écran de projection;motorisé;technologie / sous-type;1;37160;Les meilleurs écrans pour vidéoprojecteur;https://meilleurtest.fr/comparatif-ecran-de-projection-pour-videoprojecteur/;B : intention spécifique selon les attributs, mais aucun guide spécialisé dans le top 5;meilleurs écrans pour vidéoprojecteur motorisés;0;;E+,G,F,G,G;cobra.fr — Ecrans de projection motorisés — électriques;visunext.fr — Écran de projection Test & Comparatif 2026;reddit.com — Le meilleur écran de projection, ça vaut le coup de se faire ...;frandroid.com — Quel écran de vidéoprojecteur choisir en 2026 ? Guide ...;home-cinema-tendance.com — Quel écran de vidéoprojection choisir ?;privé;"Google : Aucun guide 'motorisé' : guides écrans généraux, cobra, forum ; aucun clic en 2025"
39191;Les meilleurs écrans pour vidéoprojecteur sur pied;https://meilleurtest.fr/comparatif-ecran-pour-videoprojecteur-sur-pied/;écran de projection;sur pied;technologie / sous-type;1;37160;Les meilleurs écrans pour vidéoprojecteur;https://meilleurtest.fr/comparatif-ecran-de-projection-pour-videoprojecteur/;B : intention spécifique selon les attributs, mais aucun guide spécialisé dans le top 5;meilleurs écrans pour vidéoprojecteur sur pied;0;;G,G,F,E,F;visunext.fr — Écran de projection Test & Comparatif 2026;frandroid.com — Quel écran de vidéoprojecteur choisir en 2026 ? Guide ...;reddit.com — Le meilleur écran de projection, ça vaut le coup de se faire ...;son-video.com — Comment choisir son écran de projection ?;youtube.com — TOP 3: Best Projection Screen 2026;privé;"Google : Aucun guide 'sur pied' : guides écrans généraux, forum, vidéo ; aucun clic en 2025"
39660;Les meilleurs écrans PC 1440p (QHD / WQHD);https://meilleurtest.fr/comparatif-ecrans-pc-1440p/;écran PC;1440p;technologie / sous-type;1;37893;Les meilleurs écrans PC;https://meilleurtest.fr/comparatif-ecran-pc/;B : intention spécifique selon les attributs, mais aucun guide spécialisé dans le top 5;meilleurs écrans PC 1440p (QHD / WQHD);0;;E+,G,F,G,F;flowup.shop — Meilleur écran gaming 2026 : 1080p, 1440p ou 4K, quel Hz ?;lesnumeriques.com — Quel sont les meilleurs écrans PC pour jouer en WQHD ? ...;reddit.com — C'est QUOI le meilleur écran 1440p IPS qu'on puisse s' ...;maconfigpc.fr — Meilleurs Écrans Gaming : Comparatif & Guide d'Achat 2026;youtube.com — LE MEILLEUR ÉCRAN GAMING 1440P 240HZ À MOINS DE 200;à signaler;Doublon : Même intention que 36645 (écrans PC gamer 1440p) : SERP identique, orientée jeu (Google : garder)
40216;Les meilleurs écrans PC 144 Hz pas chers;https://meilleurtest.fr/comparatif-ecran-pc-144-hz-pas-cher/;écran PC;144 Hz, pas cher;technologie / sous-type, prix;2;36861;Les meilleurs écrans PC 144 Hz;https://meilleurtest.fr/comparatif-ecran-pc-144-hz/;A : simple déclinaison, mais un guide spécialisé isolé dans le top 5;meilleurs écrans PC 144 Hz pas chers;1;;E+,S,G,E+,F;grosbill.com — Écran PC 144Hz – Fluidité et Performance pour le Gaming;lesnumeriques.com — Quel est le meilleur moniteur / écran 144 Hz Septembre 2026;config-gamer.fr — Meilleur écran gaming 2026 : Guide d'achat 1440p, OLED ...;materiel.net — Écran PC 144 Hz;youtube.com — TOP 10 BEST GAMING PC & CONSOLE MONITORS;privé;"Google : Aucun guide 'pas cher' : lesnumeriques vise 144 Hz seulement, reste marchand ; aucun clic en 2025"
36645;Les meilleurs écrans PC gamer 1440p;https://meilleurtest.fr/comparatif-ecranepc-gamer-1440p/;écran PC;1440p, gaming;technologie / sous-type, usage / contexte;2;36548;Les meilleurs écrans PC gamer;https://meilleurtest.fr/comparatif-ecran-pc-gamer/;C : intention spécifique et résultats mixtes (un seul guide spécialisé, pas en tête);meilleurs écrans PC gamer 1440p;1;;E+,G,S,F,F;flowup.shop — Meilleur écran gaming 2026 : 1080p, 1440p ou 4K, quel Hz ?;lesnumeriques.com — Quel sont les meilleurs écrans PC pour jouer en WQHD ? ...;maconfigpc.fr — Meilleurs Écrans Gaming : Comparatif & Guide d'Achat 2026;reddit.com — C'est QUOI le meilleur écran 1440p IPS qu'on puisse s' ...;youtube.com — LE MEILLEUR ÉCRAN GAMING 1440P 240HZ À MOINS DE 200;à signaler;Doublon : Même intention que 39660 (écrans PC 1440p) : SERP identique (Google : garder)
39782;Les meilleurs écrans PC gamer incurvés;https://meilleurtest.fr/comparatif-ecran-pc-gamer-incurve/;écran PC;gaming, incurvé;usage / contexte, forme / configuration;2;36548;Les meilleurs écrans PC gamer;https://meilleurtest.fr/comparatif-ecran-pc-gamer/;C : intention spécifique et résultats mixtes (un seul guide spécialisé, pas en tête);meilleurs écrans PC gamer incurvés;1;;E+,G,E+,S,G;topachat.com — Ecran PC incurvé - Top Achat;lesnumeriques.com — Comparatif / 50 Écrans pc testés Septembre 2026;materiel.net — Écran PC incurvé;comparez-malin.fr — Comparatif écran PC incurvé;jeuxvideo.com — Les meilleurs écrans PC gamer en septembre 2026;privé;"Google : 1 seul guide 'incurvé' (comparez-malin, pos. 4), reste marchand/général ; aucun clic en 2025"
