"ID";"mltv5_new_intro"
"42503";"Un bon sac de trail fera la différence entre une course fluide et une sortie inconfortable. Ce guide vous présentera les modèles les plus adaptés selon leur contenance, leur ventilation et leur maintien. Pour de plus longues distances, vous apprécierez les <a href=""https://meilleurtest.fr/comparatif-sac-ultra-trail/"">sacs ultra trail</a>. Nos comparatifs de <a href=""https://meilleurtest.fr/comparatif-chaussure-de-trail/"">chaussures de trail</a>, de <a href=""https://meilleurtest.fr/comparatif-gourde-sport/"">gourdes sport</a> et de <a href=""https://meilleurtest.fr/comparatif-sac-de-sport-pour-homme/"">sacs de sport</a> compléteront votre équipement. Vous trouverez ici le sac de trail adapté à vos courses."
"41772";"La combinaison de triathlon vous accompagnera de la natation au vélo puis à la course à pied. Ce guide analysera les modèles selon leur aérodynamisme, leur séchage et leur confort en transition. Vous y associerez des <a href=""https://meilleurtest.fr/comparatif-chaussures-de-triathlon/"">chaussures de triathlon</a> et une <a href=""https://meilleurtest.fr/comparatif-montre-gps-de-triathlon/"">montre GPS de triathlon</a>. Un <a href=""https://meilleurtest.fr/comparatif-sac-de-sport-pour-homme/"">sac de sport</a> transportera votre matériel, et des <a href=""https://meilleurtest.fr/comparatif-ecouteurs-sans-fil-pour-le-sport/"">écouteurs sport sans fil</a> rythmeront vos séances. Ce comparatif vous guidera vers la combinaison de triathlon idéale."
"41716";"Un casque de BMX fiable protégera votre tête lors de chaque session, en park comme en street. Ce guide comparera les modèles selon leur résistance aux chocs, leur ventilation et leur ajustement. Nos guides de <a href=""https://meilleurtest.fr/comparatif-casque-vtt/"">casques VTT</a> et de <a href=""https://meilleurtest.fr/comparatif-casque-de-ski/"">casques de ski</a> compléteront vos recherches. Nos sélections de <a href=""https://meilleurtest.fr/comparatif-ballon-de-basket/"">ballons de basket</a> et de <a href=""https://meilleurtest.fr/comparatif-batte-de-baseball/"">battes de baseball</a> vous inspireront pour vos autres sports. Vous trouverez ici le casque de BMX adapté à votre pratique."
"41285";"Sur un ultra trail, votre sac deviendra votre base mobile pendant des heures de course en autonomie. Ce guide évaluera les modèles selon leur capacité, leur légèreté et leur système d'hydratation. Notre sélection de <a href=""https://meilleurtest.fr/comparatif-sac-de-trail/"">sacs de trail</a> classiques vous intéressera aussi. Nos comparatifs de <a href=""https://meilleurtest.fr/comparatif-chaussure-de-trail/"">chaussures de trail</a>, de <a href=""https://meilleurtest.fr/comparatif-gourde-sport/"">gourdes sport</a> et de <a href=""https://meilleurtest.fr/comparatif-montres-trail-gps/"">montres trail GPS</a> compléteront votre équipement. Vous trouverez ici le sac ultra trail taillé pour vos longues distances."
"40153";"Les chaussures de triathlon vous permettront d'enchaîner natation, vélo et course à pied sans perdre de temps en transition. Ce guide comparera les modèles selon leur légèreté, leur drainage et leur polyvalence. Vous les associerez à une <a href=""https://meilleurtest.fr/comparatif-combinaison-de-triathlon/"">combinaison de triathlon</a> performante et à une <a href=""https://meilleurtest.fr/comparatif-montre-gps-de-triathlon/"">montre GPS de triathlon</a>. Nos sélections de <a href=""https://meilleurtest.fr/comparatif-chaussures-de-running-route-et-chemin/"">chaussures de running</a> et de <a href=""https://meilleurtest.fr/comparatif-sac-de-sport-pour-homme/"">sacs de sport</a> compléteront votre panoplie. Ce comparatif vous orientera vers les chaussures de triathlon adaptées à vos courses."
"39806";"Un bon sac de sport pour homme organisera vos affaires et facilitera chaque trajet vers la salle ou le terrain. Ce guide comparera les modèles selon leur volume, leurs compartiments et leur résistance. Nos comparatifs de <a href=""https://meilleurtest.fr/comparatif-sac-de-trail/"">sacs de trail</a>, de <a href=""https://meilleurtest.fr/comparatif-brassiere-de-sport/"">brassières de sport</a> et de <a href=""https://meilleurtest.fr/comparatif-gourde-sport/"">gourdes sport</a> compléteront votre équipement. Des <a href=""https://meilleurtest.fr/comparatif-ecouteurs-sans-fil-pour-le-sport/"">écouteurs sans fil pour le sport</a> rendront vos séances plus motivantes. Vous trouverez ici le sac de sport pour homme adapté à vos besoins."
"38845";"La batte de baseball influencera directement votre puissance de frappe et votre précision au marbre. Ce guide comparera les modèles selon leur matériau, leur poids et leur équilibre. Les amateurs de sports collectifs retrouveront aussi nos sélections de <a href=""https://meilleurtest.fr/comparatif-ballon-de-basket/"">ballons de basket</a>. Un <a href=""https://meilleurtest.fr/comparatif-casque-de-bmx/"">casque de BMX</a> et des <a href=""https://meilleurtest.fr/comparatif-gants-de-boxe/"">gants de boxe</a> vous protégeront dans vos autres pratiques. Un <a href=""https://meilleurtest.fr/comparatif-sac-de-sport-pour-homme/"">sac de sport</a> transportera tout votre matériel. Vous trouverez ici la batte de baseball adaptée à votre niveau."
"38674";"Le ballon de basket adapté à votre niveau transformera votre expérience sur le terrain, en salle comme en extérieur. Ce guide comparera les modèles selon leur grip, leur rebond et leur durabilité. Nos sélections de <a href=""https://meilleurtest.fr/comparatif-batte-de-baseball/"">battes de baseball</a> et de <a href=""https://meilleurtest.fr/comparatif-brassiere-de-sport/"">brassières de sport</a> vous intéresseront pour vos autres pratiques. Un <a href=""https://meilleurtest.fr/comparatif-sac-de-sport-pour-homme/"">sac de sport</a> transportera votre matériel, et des <a href=""https://meilleurtest.fr/comparatif-ecouteurs-sans-fil-pour-le-sport/"">écouteurs sport sans fil</a> rythmeront vos séances. Vous trouverez ici le ballon de basket idéal."
"38619";"Une brassière de sport bien choisie vous offrira un maintien optimal et réduira les inconforts pendant vos séances. Ce guide comparera les modèles selon leur niveau de soutien, leur respirabilité et leur coupe. Nos comparatifs de <a href=""https://meilleurtest.fr/comparatif-legging-de-sport/"">leggings de sport</a>, de <a href=""https://meilleurtest.fr/comparatif-chaussures-de-triathlon/"">chaussures de triathlon</a> et d'<a href=""https://meilleurtest.fr/comparatif-ecouteurs-sans-fil-pour-le-sport/"">écouteurs sans fil pour le sport</a> compléteront votre tenue. Un <a href=""https://meilleurtest.fr/comparatif-sac-de-sport-pour-homme/"">sac de sport</a> transportera tout votre équipement. Vous trouverez ici la brassière de sport adaptée à votre pratique."
"37363";"Les semelles chauffantes garderont vos pieds au chaud lors de vos sorties hivernales, que vous pratiquiez la randonnée ou le ski. Ce guide comparera les modèles selon leur autonomie, leur système de chauffe et leur compatibilité avec vos chaussures. Nos guides de <a href=""https://meilleurtest.fr/comparatif-gant-chauffant/"">gants chauffants</a>, de <a href=""https://meilleurtest.fr/comparatif-veste-chauffante/"">vestes chauffantes</a> et de <a href=""https://meilleurtest.fr/comparatif-chauffe-main/"">chauffe-mains</a> compléteront votre protection contre le froid. Un <a href=""https://meilleurtest.fr/comparatif-sac-de-trail/"">sac de trail</a> transportera vos accessoires. Vous trouverez ici les semelles chauffantes adaptées à vos activités."
"42641";"Un clavier physique transformera votre utilisation quotidienne de votre tablette ou smartphone Android. Vous gagnerez en confort de frappe pour rediger des messages, travailler sur des documents ou naviguer plus vite. Ce guide vous aidera a choisir parmi les modeles compatibles, en les comparant aux <a href=""""https://meilleurtest.fr/comparatif-clavier-bluetooth/"""">claviers Bluetooth</a>, aux <a href=""""https://meilleurtest.fr/comparatif-clavier-sans-fil/"""">claviers sans fil</a> et aux <a href=""""https://meilleurtest.fr/comparatif-souris-sans-fil/"""">souris sans fil</a> pour un poste de travail mobile complet."
"41746";"Un chargeur universel pour PC portable vous permettra d'alimenter plusieurs <a href=""""https://meilleurtest.fr/comparatif-ordinateur-portable/"""">ordinateurs portables</a> avec un seul adaptateur, quel que soit le fabricant. Vous reduirez ainsi le nombre de cables a transporter. Ce guide compare les modeles les plus polyvalents et les confronte aux <a href=""""https://meilleurtest.fr/comparatif-chargeur-gan-multiport/"""">chargeurs GaN multiport</a>, aux <a href=""""https://meilleurtest.fr/comparatif-cable-usb-c/"""">cables USB-C</a> et aux <a href=""""https://meilleurtest.fr/comparatif-batterie-externe-pc-portable/"""">batteries externes pour PC portable</a>."
"41400";"Un dock Thunderbolt 3 vous permettra de retrouver tous les ports dont les <a href=""""https://meilleurtest.fr/comparatif-ordinateur-portable/"""">PC portables</a> actuels ne disposent plus. Vous brancherez un <a href=""""https://meilleurtest.fr/comparatif-ecran-pc/"""">ecran PC</a>, des peripheriques USB et un reseau filaire via un seul cable. Ce guide compare les meilleurs docks et les situe face aux <a href=""""https://meilleurtest.fr/comparatif-hub-usb/"""">hubs USB</a> et aux <a href=""""https://meilleurtest.fr/comparatif-cable-usb-c/"""">cables USB-C</a>."
"41257";"La pile CR2032 alimentera vos petits appareils au quotidien : telecommandes, montres, cles de voiture ou cartes meres. Ce format bouton lithium 3 V offre une autonomie fiable dans un encombrement minimal. Ce guide vous aidera a selectionner les modeles les plus endurants, a comparer avec les <a href=""""https://meilleurtest.fr/comparatif-piles-aa/"""">piles AA</a>, les <a href=""""https://meilleurtest.fr/comparatif-pile-aaa-rechargeable/"""">piles AAA rechargeables</a> et les <a href=""""https://meilleurtest.fr/comparatif-chargeur-de-pile-rechargeable/"""">chargeurs de piles rechargeables</a>."
"40598";"Un chargeur Samsung adapte vous permettra de recharger votre smartphone rapidement tout en preservant la batterie. Charge rapide, sans fil ou filaire : le choix du bon modele fera la difference au quotidien. Ce guide vous orientera vers les chargeurs Samsung les plus performants, en les comparant aux <a href=""""https://meilleurtest.fr/comparatif-chargeur-sans-fil-apple-iphone/"""">chargeurs sans fil Apple iPhone</a>, aux <a href=""""https://meilleurtest.fr/comparatif-chargeur-gan-multiport/"""">chargeurs GaN multiport</a> et aux <a href=""""https://meilleurtest.fr/comparatif-cable-usb-c/"""">cables USB-C</a>."
"40067";"Un repeteur Wifi fibre etendra la couverture de votre reseau dans les zones ou le signal de votre box ne parvient pas. Vous eliminerez les zones mortes et profiterez du debit de la fibre dans chaque piece. Ce guide compare les modeles les plus performants et les situe face aux <a href=""""https://meilleurtest.fr/comparatif-repeteur-wifi-ethernet/"""">repeteurs Wifi Ethernet</a>, aux <a href=""""https://meilleurtest.fr/comparatif-routeur-wifi-6/"""">routeurs WiFi 6</a> et aux <a href=""""https://meilleurtest.fr/comparatif-box-internet/"""">box internet</a>."
"39969";"Un chargeur MacBook Pro de remplacement vous evitera de dependre du seul adaptateur fourni par le constructeur. Certains modeles alternatifs offriront plusieurs ports et un format plus compact pour vos deplacements. Ce guide vous aidera a identifier le chargeur MacBook Pro le plus adapte, en le comparant aux <a href=""""https://meilleurtest.fr/comparatif-chargeur-universel-pour-pc-portable/"""">chargeurs universels pour PC portable</a>, aux <a href=""""https://meilleurtest.fr/comparatif-chargeur-gan-multiport/"""">chargeurs GaN multiport</a> et aux <a href=""""https://meilleurtest.fr/comparatif-cable-usb-c/"""">cables USB-C</a>."
"39790";"Un localisateur de cle vous permettra de retrouver vos objets egares en quelques secondes grace a une application sur votre telephone. Compact et simple a fixer sur un trousseau, il sonnera a distance ou affichera sa position sur une carte. Ce guide compare les modeles les plus fiables et les rapproche des <a href=""""https://meilleurtest.fr/comparatif-iphone/"""">iPhone</a>, des <a href=""""https://meilleurtest.fr/comparatif-casque-bluetooth/"""">casques Bluetooth</a> et des <a href=""""https://meilleurtest.fr/comparatif-camera-de-surveillance-sans-fil/"""">cameras de surveillance sans fil</a>."
"39635";"Un chargeur d'accu 18650 vous permettra de recharger les accumulateurs cylindriques utilises dans les <a href=""""https://meilleurtest.fr/comparatif-lampe-torche-puissante/"""">lampes torches puissantes</a> ou les cigarettes electroniques. Nombre de baies, intensite et securite varieront d'un modele a l'autre. Ce guide compare les chargeurs les plus fiables, a mettre en regard des <a href=""""https://meilleurtest.fr/comparatif-chargeur-de-pile-rechargeable/"""">chargeurs de piles rechargeables</a>, des <a href=""""https://meilleurtest.fr/comparatif-pile-aaa-rechargeable/"""">piles AAA rechargeables</a> et des <a href=""""https://meilleurtest.fr/comparatif-piles-aa/"""">piles AA</a>."
"39381";"Un parasurtenseur protegera vos appareils electroniques contre les pics de tension pouvant endommager un <a href=""""https://meilleurtest.fr/comparatif-ordinateur-portable/"""">PC portable</a>, une <a href=""""https://meilleurtest.fr/comparatif-televiseur/"""">TV</a> ou une console. Son circuit dedie redirigera l'exces de courant vers la terre sans toucher vos equipements. Ce guide vous orientera vers les modeles les plus surs, a comparer aux <a href=""""https://meilleurtest.fr/comparatif-multiprise-parafoudre-parasupertenseur/"""">multiprises parafoudres</a> et aux <a href=""""https://meilleurtest.fr/comparatif-multiprise/"""">multiprises</a> classiques."
"39372";"Un chargeur sans fil Apple iPhone vous permettra de recharger votre <a href=""""https://meilleurtest.fr/comparatif-iphone/"""">iPhone</a> simplement en le posant sur un socle, sans manipuler de cable. Vous gagnerez en praticite au bureau comme a la maison. Ce guide compare les meilleurs chargeurs sans fil pour iPhone et les situe face aux <a href=""""https://meilleurtest.fr/comparatif-batterie-externe-pour-iphone/"""">batteries externes pour iPhone</a>, aux <a href=""""https://meilleurtest.fr/comparatif-chargeur-samsung/"""">chargeurs Samsung</a> et aux <a href=""""https://meilleurtest.fr/comparatif-chargeur-gan-multiport/"""">chargeurs GaN multiport</a>."
"39350";"Un routeur WiFi 6 vous offrira des debits superieurs et une meilleure gestion des appareils connectes par rapport aux generations precedentes. Streaming, teletravail et domotique fonctionneront sans compromis de bande passante. Ce guide compare les modeles les plus performants et les met en perspective avec les <a href=""""https://meilleurtest.fr/comparatif-routeur/"""">routeurs</a> classiques, les <a href=""""https://meilleurtest.fr/comparatif-routeur-4g/"""">routeurs 4G</a> et les <a href=""""https://meilleurtest.fr/comparatif-repeteur-wifi-fibre/"""">repeteurs Wifi fibre</a>."
"38768";"Les piles AA alimenteront vos telecommandes, manettes, lampes et de nombreux appareils du quotidien. Alcalines, lithium ou NiMH rechargeables : chaque technologie conviendra a un usage different. Ce guide vous aidera a identifier les piles AA les plus endurantes et les compare aux <a href=""""https://meilleurtest.fr/comparatif-pile-aaa-rechargeable/"""">piles AAA rechargeables</a>, aux <a href=""""https://meilleurtest.fr/comparatif-piles-cr2032/"""">piles CR2032</a> et aux <a href=""""https://meilleurtest.fr/comparatif-chargeur-de-pile-rechargeable/"""">chargeurs de piles rechargeables</a>."
"38636";"Un chargeur GaN multiport rechargera votre telephone, votre tablette et votre <a href=""""https://meilleurtest.fr/comparatif-ordinateur-portable/"""">PC portable</a> simultanement grace a la technologie nitrure de gallium, plus compacte et moins sujette a la chauffe. Ce guide compare les modeles les plus polyvalents et les rapproche des <a href=""""https://meilleurtest.fr/comparatif-chargeur-universel-pour-pc-portable/"""">chargeurs universels pour PC portable</a>, des <a href=""""https://meilleurtest.fr/comparatif-chargeur-samsung/"""">chargeurs Samsung</a> et des <a href=""""https://meilleurtest.fr/comparatif-cable-usb-c/"""">cables USB-C</a>."
"38545";"Les piles AAA rechargeables vous permettront d'alimenter vos telecommandes, jouets et petits appareils pendant des centaines de cycles, sans racheter de piles jetables. Vous reduirez vos dechets tout en realisant des economies sur le long terme. Ce guide compare les modeles les plus fiables et les met en perspective avec les <a href=""""https://meilleurtest.fr/comparatif-piles-aa/"""">piles AA</a>, les <a href=""""https://meilleurtest.fr/comparatif-chargeur-de-pile-rechargeable/"""">chargeurs de piles rechargeables</a> et les <a href=""""https://meilleurtest.fr/comparatif-piles-cr2032/"""">piles CR2032</a>."
"38525";"Un chargeur de piles rechargeables vous permettra de redonner vie a vos accus AA et AAA en quelques heures, pour les reutiliser des centaines de fois. Nombre de baies, indicateur de charge et vitesse de recharge varieront selon les modeles. Ce guide vous orientera vers les chargeurs les plus fiables, a comparer aux <a href=""""https://meilleurtest.fr/comparatif-pile-aaa-rechargeable/"""">piles AAA rechargeables</a>, aux <a href=""""https://meilleurtest.fr/comparatif-piles-aa/"""">piles AA</a> et aux <a href=""""https://meilleurtest.fr/comparatif-chargeur-accu-18650/"""">chargeurs accu 18650</a>."
"38440";"Un switch Ethernet vous permettra de connecter plusieurs ordinateurs et peripheriques a votre reseau local de maniere stable, sans perte de debit. C'est une solution simple et economique pour etendre un reseau existant. Ce guide compare les modeles les plus performants et les situe face aux <a href=""""https://meilleurtest.fr/comparatif-routeur/"""">routeurs</a>, aux <a href=""""https://meilleurtest.fr/comparatif-routeur-wifi-6/"""">routeurs WiFi 6</a> et aux <a href=""""https://meilleurtest.fr/comparatif-box-internet/"""">box internet</a>."
"38385";"Un hotspot 4G vous fournira une connexion internet mobile partout ou vous vous trouverez, sans dependre d'un reseau Wifi fixe. Compact et autonome, il partagera sa connexion avec plusieurs appareils simultanement. Ce guide compare les modeles les plus performants et les rapproche des <a href=""""https://meilleurtest.fr/comparatif-routeur-4g/"""">routeurs 4G</a>, des <a href=""""https://meilleurtest.fr/comparatif-routeur-wifi-6/"""">routeurs WiFi 6</a> et des <a href=""""https://meilleurtest.fr/comparatif-repeteur-wifi-fibre/"""">repeteurs Wifi fibre</a>."
"38172";"Une batterie externe pour iPhone prolongera l'autonomie de votre <a href=""""https://meilleurtest.fr/comparatif-iphone/"""">iPhone</a> lors de vos deplacements, sans chercher de prise electrique. Certains modeles offriront meme une recharge sans fil par induction. Ce guide vous aidera a choisir la batterie externe iPhone la plus adaptee, en la comparant aux <a href=""""https://meilleurtest.fr/comparatif-chargeur-sans-fil-apple-iphone/"""">chargeurs sans fil Apple iPhone</a>, aux <a href=""""https://meilleurtest.fr/comparatif-batterie-externe-pc-portable/"""">batteries externes pour PC portable</a> et aux <a href=""""https://meilleurtest.fr/comparatif-chargeur-gan-multiport/"""">chargeurs GaN multiport</a>."
"38106";"Un hub USB vous permettra de multiplier les ports de votre <a href=""""https://meilleurtest.fr/comparatif-ordinateur-portable/"""">PC portable</a> pour y brancher cles USB, disques et peripheriques simultanement. Compact et souvent sans alimentation externe, il se glissera facilement dans un sac. Ce guide compare les modeles les plus polyvalents et les rapproche des <a href=""""https://meilleurtest.fr/comparatif-dock-thunderbolt-3/"""">docks Thunderbolt 3</a>, des <a href=""""https://meilleurtest.fr/comparatif-cable-usb-c/"""">cables USB-C</a> et des <a href=""""https://meilleurtest.fr/comparatif-ecran-pc/"""">ecrans PC</a>."
"38056";"Un chauffe-mains rechargeable gardera vos doigts au chaud lors des journees froides, que vous travailliez en exterieur ou pratiquiez une activite de plein air. Compact et reutilisable, il se glissera dans une poche et se rechargera via USB. Ce guide compare les modeles les plus performants et les rapproche des <a href=""""https://meilleurtest.fr/comparatif-batterie-externe-pour-iphone/"""">batteries externes pour iPhone</a>, des <a href=""""https://meilleurtest.fr/comparatif-batterie-externe-pc-portable/"""">batteries externes pour PC portable</a> et des <a href=""""https://meilleurtest.fr/comparatif-chargeur-gan-multiport/"""">chargeurs GaN multiport</a>."
"37869";"Une batterie externe pour PC portable vous offrira plusieurs heures d'autonomie supplementaires lorsque vous travaillerez loin de toute prise electrique. Puissance, capacite et connectique varieront d'un modele a l'autre. Ce guide vous aidera a choisir la batterie la mieux adaptee a votre <a href=""""https://meilleurtest.fr/comparatif-ordinateur-portable/"""">ordinateur portable</a>, en la comparant aux <a href=""""https://meilleurtest.fr/comparatif-chargeur-universel-pour-pc-portable/"""">chargeurs universels pour PC portable</a>, aux <a href=""""https://meilleurtest.fr/comparatif-batterie-externe-pour-iphone/"""">batteries externes pour iPhone</a> et aux <a href=""""https://meilleurtest.fr/comparatif-chargeur-gan-multiport/"""">chargeurs GaN multiport</a>."
"37842";"Un repeteur Wifi Ethernet etendra la portee de votre reseau domestique en se connectant a votre <a href=""""https://meilleurtest.fr/comparatif-box-internet/"""">box internet</a> par cable ou sans fil, puis en rediffusant le signal. Vous eliminerez ainsi les zones sans couverture dans votre logement. Ce guide compare les modeles les plus fiables et les rapproche des <a href=""""https://meilleurtest.fr/comparatif-repeteur-wifi-fibre/"""">repeteurs Wifi fibre</a>, des <a href=""""https://meilleurtest.fr/comparatif-routeur-wifi-6/"""">routeurs WiFi 6</a> et des <a href=""""https://meilleurtest.fr/comparatif-routeur/"""">routeurs</a> classiques."
"37531";"Un routeur vous permettra de partager votre connexion internet en filaire ou en Wifi avec tous les appareils de votre foyer ou de votre bureau. Debit, portee et nombre de ports varieront selon les modeles. Ce guide compare les routeurs les plus performants et les situe face aux <a href=""""https://meilleurtest.fr/comparatif-routeur-wifi-6/"""">routeurs WiFi 6</a>, aux <a href=""""https://meilleurtest.fr/comparatif-routeur-4g/"""">routeurs 4G</a>, aux <a href=""""https://meilleurtest.fr/comparatif-switch-ethernet/"""">switchs Ethernet</a> et aux <a href=""""https://meilleurtest.fr/comparatif-box-internet/"""">box internet</a>."
"37490";"Un routeur 4G vous fournira une connexion internet rapide et stable la ou l'ADSL et la fibre ne seront pas disponibles. Il creera un reseau domestique complet a partir du reseau mobile. Ce guide vous aidera a trouver le modele le plus adapte a vos besoins, en le comparant aux <a href=""""https://meilleurtest.fr/comparatif-routeur/"""">routeurs</a> classiques, aux <a href=""""https://meilleurtest.fr/comparatif-hotspot-4g/"""">hotspots 4G</a> et aux <a href=""""https://meilleurtest.fr/comparatif-repeteur-wifi-fibre/"""">repeteurs Wifi fibre</a>."
"42702";"Un <a href=""""https://meilleurtest.fr/comparatif-anti-puces-pour-chat/"""">anti-puces pour chat</a> ou un <a href=""""https://meilleurtest.fr/comparatif-anti-puce-pour-chien/"""">anti-puces pour chien</a> ne suffira pas toujours si les parasites ont envahi votre logement. Les oeufs et larves se cachent dans les textiles, hors de portée d'un simple <a href=""""https://meilleurtest.fr/comparatif-collier-anti-puces-pour-chien/"""">collier anti-puces</a>. Un spray anti-puces maison éliminera ces réservoirs en coupant le cycle de reinfestation. Ce guide vous orientera vers le spray anti-puces maison adapté à votre intérieur."
"42455";"Que vous partiez en week-end ou que vous souhaitiez réguler les portions, un distributeur automatique de croquettes pour chat garantira des repas réguliers à votre félin. Associé à de bonnes <a href=""""https://meilleurtest.fr/comparatif-croquettes-pour-chat/"""">croquettes pour chat</a> et à une <a href=""""https://meilleurtest.fr/comparatif-chatiere-electronique/"""">chatière électronique</a>, il simplifiera votre quotidien. Ce guide comparera les modèles programmables et connectés pour vous aider à choisir le <a href=""""https://meilleurtest.fr/comparatif-distributeur-automatique-de-croquettes/"""">distributeur de croquettes</a> idéal pour votre chat."
"42080";"Votre chat mérite de sortir librement sans que des intrus ne s'invitent chez vous. Contrairement à une <a href=""""https://meilleurtest.fr/comparatif-chatiere-isolante/"""">chatière isolante</a> classique, la chatière électronique ne s'ouvrira que pour votre animal, grâce à une puce ou un collier RFID. Couplée à un <a href=""""https://meilleurtest.fr/comparatif-distributeur-automatique-de-croquettes-pour-chat/"""">distributeur de croquettes</a> et un <a href=""""https://meilleurtest.fr/comparatif-arbre-a-chat/"""">arbre à chat</a>, elle rendra votre foyer parfaitement adapté. Ce guide vous aidera à trouver la chatière électronique qui conviendra à votre félin."
"40183";"Pour laisser votre chat aller et venir sans perdre de chaleur, une chatière isolante réduira les courants d'air et limitera les intrusions. Pour un contrôle total, une <a href=""""https://meilleurtest.fr/comparatif-chatiere-electronique/"""">chatière électronique</a> conviendra mieux. Un <a href=""""https://meilleurtest.fr/comparatif-arbre-a-chat/"""">arbre à chat</a> et une <a href=""""https://meilleurtest.fr/comparatif-litiere-pour-chat/"""">litière adaptée</a> compléteront l'équipement de votre félin. Ce guide vous orientera vers la chatière isolante faite pour votre logement."
"39823";"Un lapin propre commence par une litière bien choisie et adaptée à sa <a href=""""https://meilleurtest.fr/comparatif-cage-a-lapin-pas-chere/"""">cage</a>. Chanvre, lin ou papier recyclé, chaque matériau influencera le confort de votre animal et la fréquence de nettoyage. Comme pour une <a href=""""https://meilleurtest.fr/comparatif-cage-a-hamster/"""">cage à hamster</a> ou un <a href=""""https://meilleurtest.fr/comparatif-terrarium/"""">terrarium</a>, le choix du substrat sera déterminant. Ce guide vous orientera vers la litière pour lapin la mieux adaptée."
"39723";"Qu'il s'agisse d'accueillir un reptile, un amphibien ou de créer un jardin miniature, le terrarium offrira un habitat contrôlé et esthétique. Verre, bois ou plastique, chaque matériau conviendra à un usage précis. Si vous hébergez d'autres petits animaux, une <a href=""""https://meilleurtest.fr/comparatif-cage-a-hamster/"""">cage à hamster</a>, une <a href=""""https://meilleurtest.fr/comparatif-cage-a-lapin-pas-chere/"""">cage à lapin</a> ou une bonne <a href=""""https://meilleurtest.fr/comparatif-litieres-pour-lapin/"""">litière pour lapin</a> compléteront votre équipement. Ce guide vous aidera à choisir le terrarium adapté à vos besoins."
"39175";"Face au traditionnel <a href=""""https://meilleurtest.fr/comparatif-poulailler-bois/"""">poulailler en bois</a>, le modèle en plastique séduira par sa facilité d'entretien et sa résistance aux intempéries. Léger et souvent démontable, il conviendra aux éleveurs qui recherchent un habitat pratique. Les <a href=""""https://meilleurtest.fr/comparatif-poulailler-xxl/"""">poulaillers XXL</a> et les <a href=""""https://meilleurtest.fr/comparatif-poulailler-pas-cher/"""">poulaillers pas chers</a> offriront d'autres options selon vos besoins. Ce guide vous orientera vers le poulailler en plastique adapté à votre élevage."
"39139";"Six poules offriront une production d'oeufs confortable pour toute la famille. La surface du poulailler devra être suffisante pour le bien-être de vos volailles. Si votre cheptel est plus petit, un <a href=""""https://meilleurtest.fr/comparatif-poulailler-4-poules/"""">poulailler 4 poules</a> conviendra mieux. Pour un élevage plus grand, un <a href=""""https://meilleurtest.fr/comparatif-poulailler-xxl/"""">poulailler XXL</a> en <a href=""""https://meilleurtest.fr/comparatif-poulailler-bois/"""">bois</a> sera plus adapté. Ce guide vous aidera à trouver le poulailler 6 poules idéal."
"39104";"Offrir un espace confortable à votre lapin ne nécessitera pas un gros budget. Une cage bien conçue protégera votre animal tout en lui laissant de la place pour se déplacer. Une bonne <a href=""""https://meilleurtest.fr/comparatif-litieres-pour-lapin/"""">litière pour lapin</a> complétera l'habitat. Si vous élevez aussi des rongeurs ou des reptiles, une <a href=""""https://meilleurtest.fr/comparatif-cage-a-hamster/"""">cage à hamster</a> ou un <a href=""""https://meilleurtest.fr/comparatif-terrarium/"""">terrarium</a> seront utiles. Ce guide vous orientera vers la cage à lapin pas chère la plus adaptée."
"39099";"Le bois reste le matériau privilégié pour un poulailler durable et naturel. Un poulailler en bois s'intégrera harmonieusement dans votre jardin, au même titre qu'un <a href=""""https://meilleurtest.fr/comparatif-abri-de-jardin/"""">abri de jardin</a>. Si vous préférez un entretien minimal, un <a href=""""https://meilleurtest.fr/comparatif-poulailler-plastique/"""">poulailler en plastique</a> sera plus simple. Pour accueillir un cheptel conséquent, un <a href=""""https://meilleurtest.fr/comparatif-poulailler-6-poules/"""">poulailler 6 poules</a> offrira l'espace nécessaire. Ce guide vous aidera à choisir le poulailler en bois adapté à votre élevage."
"39096";"Si vous élevez un grand nombre de volailles, un poulailler XXL leur offrira l'espace vital nécessaire à leur bien-être. En <a href=""""https://meilleurtest.fr/comparatif-poulailler-bois/"""">bois</a> ou en métal, ces structures accueilleront bien plus que les <a href=""""https://meilleurtest.fr/comparatif-poulailler-6-poules/"""">6 poules</a> d'un modèle standard. Si vous souhaitez déplacer l'abri au fil des saisons, un <a href=""""https://meilleurtest.fr/comparatif-poulailler-mobile/"""">poulailler mobile</a> sera une alternative intéressante. Ce guide vous orientera vers le poulailler XXL adapté à votre terrain."
"39089";"Deux poules suffiront pour profiter d'oeufs frais au quotidien, même dans un petit jardin. Un poulailler 2 poules sera compact et facile à installer. Si votre espace le permet, un <a href=""""https://meilleurtest.fr/comparatif-poulailler-4-poules/"""">poulailler 4 poules</a> offrira plus de confort. Pour un budget serré, les <a href=""""https://meilleurtest.fr/comparatif-poulailler-pas-cher/"""">poulaillers pas chers</a> resteront accessibles, et les <a href=""""https://meilleurtest.fr/comparatif-poulailler-mobile/"""">poulaillers mobiles</a> faciliteront les déplacements. Ce guide vous aidera à choisir le poulailler 2 poules adapté à votre situation."
"39042";"Quatre poules représentent le compromis idéal entre une production d'oeufs régulière et un encombrement raisonnable. Un poulailler 4 poules trouvera sa place dans la plupart des jardins. Si vous débutez, un <a href=""""https://meilleurtest.fr/comparatif-poulailler-2-poules/"""">poulailler 2 poules</a> sera plus simple à gérer. Pour un élevage plus ambitieux, un <a href=""""https://meilleurtest.fr/comparatif-poulailler-6-poules/"""">poulailler 6 poules</a> en <a href=""""https://meilleurtest.fr/comparatif-poulailler-bois/"""">bois</a> conviendra mieux. Ce guide vous orientera vers le poulailler 4 poules adapté à votre projet."
"39041";"Un poulailler mobile vous permettra de déplacer l'abri de vos poules au fil des saisons pour alterner les zones de pâturage. Plus léger qu'un <a href=""""https://meilleurtest.fr/comparatif-poulailler-bois/"""">poulailler en bois</a> fixe, il sera souvent en <a href=""""https://meilleurtest.fr/comparatif-poulailler-plastique/"""">plastique</a> ou en métal léger. Pour un budget maîtrisé, les <a href=""""https://meilleurtest.fr/comparatif-poulailler-pas-cher/"""">poulaillers pas chers</a> proposeront aussi des options déplaçables. Ce guide vous aidera à choisir le poulailler mobile adapté à votre terrain."
"39036";"Pour un grand chien, une cage XXL offrira l'espace nécessaire au transport et au repos de votre animal. Plus spacieuse qu'une <a href=""""https://meilleurtest.fr/comparatif-cage-pour-chien/"""">cage pour chien</a> classique, elle conviendra aux races de grande taille. Une <a href=""""https://meilleurtest.fr/comparatif-niche-pour-chien/"""">niche pour chien</a> complétera l'équipement extérieur, tandis qu'un <a href=""""https://meilleurtest.fr/comparatif-distributeur-automatique-de-croquettes/"""">distributeur de croquettes</a> automatisera les repas. Ce guide vous orientera vers la cage pour chien XXL adaptée à votre compagnon."
"38401";"Élever des poules ne nécessitera pas un gros investissement si vous choisissez le bon poulailler. Un <a href=""""https://meilleurtest.fr/comparatif-poulailler-2-poules/"""">poulailler 2 poules</a> ou un modèle en <a href=""""https://meilleurtest.fr/comparatif-poulailler-plastique/"""">plastique</a> figurera souvent parmi les options les plus abordables. Pour déplacer l'abri au gré des saisons, un <a href=""""https://meilleurtest.fr/comparatif-poulailler-mobile/"""">poulailler mobile</a> restera aussi accessible. Ce guide vous aidera à trouver le poulailler pas cher qui offrira confort et sécurité à vos volailles."
"38268";"Malgré sa petite taille, votre hamster aura besoin d'un espace suffisant pour courir, grimper et creuser. Une cage bien dimensionnée préservera son bien-être au quotidien. Si vous hébergez un lapin, une <a href=""""https://meilleurtest.fr/comparatif-cage-a-lapin-pas-chere/"""">cage à lapin</a> avec une bonne <a href=""""https://meilleurtest.fr/comparatif-litieres-pour-lapin/"""">litière</a> conviendra mieux. Pour les reptiles, un <a href=""""https://meilleurtest.fr/comparatif-terrarium/"""">terrarium</a> sera plus adapté. Ce guide vous orientera vers la cage à hamster qui répondra aux besoins de votre rongeur."
"37738";"Une cage pour chien servira aussi bien à l'éducation de votre animal qu'à son transport en toute sécurité. Selon la taille de votre compagnon, vous opterez pour un modèle standard ou une <a href=""""https://meilleurtest.fr/comparatif-cage-pour-chien-xxl/"""">cage XXL</a>. En complément, une <a href=""""https://meilleurtest.fr/comparatif-niche-pour-chien/"""">niche pour chien</a> protégera votre animal à l'extérieur, et un <a href=""""https://meilleurtest.fr/comparatif-distributeur-automatique-de-croquettes/"""">distributeur de croquettes</a> régulera ses repas. Ce guide vous aidera à choisir la cage pour chien adaptée à vos besoins."
"37226";"Vos absences ne perturberont plus les repas de votre animal grâce à un distributeur automatique de croquettes. Programmable et parfois connecté, il dosera les portions à heures fixes pour chiens et chats. Pour les félins, un <a href=""""https://meilleurtest.fr/comparatif-distributeur-automatique-de-croquettes-pour-chat/"""">distributeur dédié aux chats</a> offrira des réglages plus fins. Une <a href=""""https://meilleurtest.fr/comparatif-cage-pour-chien/"""">cage pour chien</a> ou une <a href=""""https://meilleurtest.fr/comparatif-chatiere-electronique/"""">chatière électronique</a> compléteront l'équipement. Ce guide vous orientera vers le distributeur automatique de croquettes adapté à votre foyer."
"39257";"Entre deux trajets ou pendant le sport, le podcast s'est imposé comme le format audio préféré des Français. Encore faut-il la bonne appli : téléchargement hors ligne, recommandations pertinentes et lecture fluide sur votre <a href=""https://meilleurtest.fr/comparatif-casque-sony/"">casque</a>, vos <a href=""https://meilleurtest.fr/comparatif-ecouteurs-intra-auriculaires-sans-fil/"">écouteurs sans fil</a> ou une <a href=""https://meilleurtest.fr/comparatif-enceinte-bluetooth/"">enceinte Bluetooth</a>. Ce guide comparatif vous aidera à choisir celle qui correspondra le mieux à vos habitudes d'écoute."
"42695";"Pour maintenir une eau saine dans votre <a href=""""https://meilleurtest.fr/comparatif-aquarium/"""">aquarium</a>, la filtration extérieure reste une solution de choix. Ce type de filtre, contrairement à un <a href=""""https://meilleurtest.fr/comparatif-filtre-a-aquarium/"""">filtre interne</a>, préservera l'espace de nage et conviendra aux bacs de <a href=""""https://meilleurtest.fr/comparatif-aquarium-100-litres/"""">100 litres</a> et plus. Associé à une bonne <a href=""""https://meilleurtest.fr/comparatif-pompe-a-aquarium/"""">pompe</a>, il garantira une circulation optimale. Ce guide vous aidera à choisir le meilleur filtre à aquarium extérieur."
"39179";"L'aquarium cylindrique apportera une touche originale à votre intérieur tout en offrant un panorama à 360 degrés sur vos poissons. Plus compact qu'un <a href=""""https://meilleurtest.fr/comparatif-aquarium/"""">aquarium classique</a>, il conviendra aux espaces réduits, à l'image d'un <a href=""""https://meilleurtest.fr/comparatif-petit-aquarium/"""">petit aquarium</a>. Pensez à l'associer avec un bon <a href=""""https://meilleurtest.fr/comparatif-substrat-pour-aquarium/"""">substrat</a> et une <a href=""""https://meilleurtest.fr/comparatif-rampe-led-pour-aquarium/"""">rampe LED</a> adaptée. Ce guide vous orientera vers le meilleur aquarium cylindrique."
"39148";"Le nano aquarium séduira les aquariophiles disposant de peu d'espace. Avec un volume souvent proche d'un <a href=""""https://meilleurtest.fr/comparatif-aquarium-20-litres/"""">aquarium de 20 litres</a>, il accueillera crevettes, plantes et petits poissons dans un décor soigné. Un bon <a href=""""https://meilleurtest.fr/comparatif-filtre-a-aquarium/"""">filtre</a>, un <a href=""""https://meilleurtest.fr/comparatif-substrat-pour-aquarium/"""">substrat adapté</a> et une <a href=""""https://meilleurtest.fr/comparatif-rampe-led-pour-aquarium/"""">rampe LED</a> en feront un véritable écosystème miniature. Ce guide vous accompagnera dans le choix du meilleur nano aquarium."
"39109";"La rampe LED pour aquarium fournira un éclairage essentiel à la croissance de vos plantes aquatiques et mettra en valeur vos poissons. Que vous possédiez un <a href=""""https://meilleurtest.fr/comparatif-nano-aquariums/"""">nano aquarium</a>, un bac de <a href=""""https://meilleurtest.fr/comparatif-aquarium-60-litres/"""">60 litres</a> ou un <a href=""""https://meilleurtest.fr/comparatif-aquarium-100-litres/"""">aquarium de 100 litres</a>, le bon éclairage favorisera la photosynthèse du <a href=""""https://meilleurtest.fr/comparatif-substrat-pour-aquarium/"""">substrat</a> planté. Ce guide vous permettra de trouver la meilleure rampe LED pour aquarium."
"39086";"L'aquarium mural transformera un mur ordinaire en un tableau vivant, parfait pour les intérieurs où l'espace au sol manque. Ce type de bac s'intégrera aussi bien qu'un <a href=""""https://meilleurtest.fr/comparatif-aquarium-design/"""">aquarium design</a> tout en restant compact comme un <a href=""""https://meilleurtest.fr/comparatif-petit-aquarium/"""">petit aquarium</a>. Prévoyez un <a href=""""https://meilleurtest.fr/comparatif-filtre-a-aquarium/"""">filtre discret</a> et une <a href=""""https://meilleurtest.fr/comparatif-rampe-led-pour-aquarium/"""">rampe LED</a> adaptée à sa forme. Ce guide vous aidera à choisir le meilleur aquarium mural."
"39068";"Le substrat pour aquarium constituera la base d'un écosystème aquatique équilibré, en fournissant nutriments et ancrage aux plantes. Que vous équipiez un <a href=""""https://meilleurtest.fr/comparatif-nano-aquariums/"""">nano aquarium</a> ou un bac de <a href=""""https://meilleurtest.fr/comparatif-aquarium-60-litres/"""">60 litres</a>, le choix du sol influencera directement la santé de votre bac. Associé à une bonne <a href=""""https://meilleurtest.fr/comparatif-rampe-led-pour-aquarium/"""">rampe LED</a> et un <a href=""""https://meilleurtest.fr/comparatif-filtre-a-aquarium/"""">filtre performant</a>, il fera la différence. Ce guide vous orientera vers le meilleur substrat pour aquarium."
"39047";"L'aquarium de 60 litres offrira un bel équilibre entre compacité et volume de nage pour vos poissons. Plus spacieux qu'un <a href=""""https://meilleurtest.fr/comparatif-aquarium-20-litres/"""">aquarium de 20 litres</a> et moins encombrant qu'un bac de <a href=""""https://meilleurtest.fr/comparatif-aquarium-100-litres/"""">100 litres</a>, il conviendra aux débutants comme aux aquariophiles confirmés. Équipez-le d'un <a href=""""https://meilleurtest.fr/comparatif-filtre-a-aquarium/"""">filtre adapté</a> et d'un <a href=""""https://meilleurtest.fr/comparatif-chauffage-d-aquarium/"""">chauffage fiable</a> pour un biotope sain. Ce guide vous accompagnera dans le choix du meilleur aquarium 60 litres."
"39044";"Le chauffage d'aquarium maintiendra l'eau à une température stable, indispensable au bien-être des poissons tropicaux. Que votre bac fasse <a href=""""https://meilleurtest.fr/comparatif-aquarium-60-litres/"""">60 litres</a> ou <a href=""""https://meilleurtest.fr/comparatif-aquarium-100-litres/"""">100 litres</a>, un thermostat fiable évitera les variations dangereuses. Associez-le à un <a href=""""https://meilleurtest.fr/comparatif-filtre-a-aquarium/"""">bon filtre</a> et un <a href=""""https://meilleurtest.fr/comparatif-bulleur-pour-aquarium/"""">bulleur</a> pour diffuser la chaleur uniformément. Ce guide vous aidera à sélectionner le meilleur chauffage d'aquarium."
"39032";"L'aquarium de 20 litres représentera un choix idéal pour débuter en aquariophilie sans encombrer votre intérieur. Ce format compact, proche d'un <a href=""""https://meilleurtest.fr/comparatif-nano-aquariums/"""">nano aquarium</a>, accueillera de petits poissons ou des crevettes. Prévoyez un <a href=""""https://meilleurtest.fr/comparatif-filtre-a-aquarium/"""">filtre adapté</a> et un <a href=""""https://meilleurtest.fr/comparatif-chauffage-d-aquarium/"""">chauffage</a> pour assurer leur bien-être, puis un bac de <a href=""""https://meilleurtest.fr/comparatif-aquarium-60-litres/"""">60 litres</a> pourra prendre le relais si vous souhaitez évoluer. Ce guide vous orientera vers le meilleur aquarium 20 litres."
"39020";"Le petit aquarium conviendra parfaitement aux débutants en aquariophilie souhaitant un premier bac facile à entretenir. Selon vos envies, vous choisirez un <a href=""""https://meilleurtest.fr/comparatif-nano-aquariums/"""">nano aquarium</a>, un modèle de <a href=""""https://meilleurtest.fr/comparatif-aquarium-20-litres/"""">20 litres</a> ou un <a href=""""https://meilleurtest.fr/comparatif-aquarium-cylindrique/"""">aquarium cylindrique</a>. Pensez aussi à un <a href=""""https://meilleurtest.fr/comparatif-filtre-a-aquarium/"""">filtre compact</a> pour garantir une eau saine dans un volume réduit. Ce guide vous accompagnera dans le choix du meilleur petit aquarium."
"38982";"L'aquarium de 100 litres offrira un espace généreux pour créer un biotope varié avec poissons, plantes et décors. Plus polyvalent qu'un bac de <a href=""""https://meilleurtest.fr/comparatif-aquarium-60-litres/"""">60 litres</a>, il nécessitera un <a href=""""https://meilleurtest.fr/comparatif-filtre-a-aquarium-exterieur/"""">filtre extérieur</a> performant et un <a href=""""https://meilleurtest.fr/comparatif-chauffage-d-aquarium/"""">chauffage</a> adapté à son volume. Un bon <a href=""""https://meilleurtest.fr/comparatif-substrat-pour-aquarium/"""">substrat</a> complétera l'installation pour favoriser la croissance des plantes. Ce guide vous aidera à choisir le meilleur aquarium 100 litres."
"38969";"Le bulleur pour aquarium améliorera l'oxygénation de l'eau et créera un mouvement bénéfique pour vos poissons. Son action complétera celle d'une <a href=""""https://meilleurtest.fr/comparatif-pompe-a-aquarium/"""">pompe à aquarium</a> et d'un <a href=""""https://meilleurtest.fr/comparatif-filtre-a-aquarium/"""">filtre</a> en assurant une meilleure circulation. Même un <a href=""""https://meilleurtest.fr/comparatif-nano-aquariums/"""">nano aquarium</a> pourra en bénéficier, à condition de choisir un modèle au débit adapté. Ce guide vous permettra de trouver le meilleur bulleur pour aquarium."
"38954";"Le filtre à aquarium assurera une eau limpide et saine, condition essentielle au bien-être de vos poissons. Pour un grand bac de <a href=""""https://meilleurtest.fr/comparatif-aquarium-100-litres/"""">100 litres</a>, vous privilégierez un <a href=""""https://meilleurtest.fr/comparatif-filtre-a-aquarium-exterieur/"""">filtre extérieur</a>, tandis qu'un modèle interne conviendra à un <a href=""""https://meilleurtest.fr/comparatif-nano-aquariums/"""">nano aquarium</a>. Couplé à une <a href=""""https://meilleurtest.fr/comparatif-pompe-a-aquarium/"""">pompe</a> et un <a href=""""https://meilleurtest.fr/comparatif-bulleur-pour-aquarium/"""">bulleur</a>, il optimisera la qualité de l'eau. Ce guide vous accompagnera dans le choix du meilleur filtre à aquarium."
"38555";"L'aquarium design apportera une touche esthétique à votre intérieur en alliant décoration et aquariophilie. Que vous optiez pour un modèle <a href=""""https://meilleurtest.fr/comparatif-aquarium-mural/"""">mural</a> ou <a href=""""https://meilleurtest.fr/comparatif-aquarium-cylindrique/"""">cylindrique</a>, le rendu visuel dépendra aussi d'une <a href=""""https://meilleurtest.fr/comparatif-rampe-led-pour-aquarium/"""">rampe LED</a> soignée et d'un <a href=""""https://meilleurtest.fr/comparatif-substrat-pour-aquarium/"""">substrat</a> bien choisi pour sublimer les plantes. Ce guide vous orientera vers le meilleur aquarium design pour votre espace."
"38546";"L'aquarium pas cher vous permettra de vous lancer en aquariophilie sans dépasser votre budget. Les modèles compacts, comme un <a href=""""https://meilleurtest.fr/comparatif-aquarium-20-litres/"""">aquarium de 20 litres</a> ou un <a href=""""https://meilleurtest.fr/comparatif-petit-aquarium/"""">petit aquarium</a>, resteront les plus abordables. Complétez votre installation avec un <a href=""""https://meilleurtest.fr/comparatif-filtre-a-aquarium/"""">filtre</a> d'entrée de gamme et un <a href=""""https://meilleurtest.fr/comparatif-bulleur-pour-aquarium/"""">bulleur</a> simple pour assurer le bien-être de vos poissons. Ce guide vous aidera à dénicher le meilleur aquarium pas cher."
"38493";"La pompe à aquarium assurera une circulation d'eau continue, essentielle à l'oxygénation et à la santé de vos poissons. Elle complétera efficacement votre <a href=""""https://meilleurtest.fr/comparatif-filtre-a-aquarium/"""">filtre à aquarium</a> et pourra remplacer un <a href=""""https://meilleurtest.fr/comparatif-bulleur-pour-aquarium/"""">bulleur</a> dans certains montages. Pour un bac de <a href=""""https://meilleurtest.fr/comparatif-aquarium-100-litres/"""">100 litres</a>, associez-la à un <a href=""""https://meilleurtest.fr/comparatif-filtre-a-aquarium-exterieur/"""">filtre extérieur</a> pour un résultat optimal. Ce guide vous aidera à choisir la meilleure pompe à aquarium."
"38126";"L'aquarium constituera le coeur de votre installation aquariophile, offrant à vos poissons un habitat adapté et plaisant à observer. Selon vos besoins, vous opterez pour un <a href=""""https://meilleurtest.fr/comparatif-nano-aquariums/"""">nano aquarium</a>, un bac de <a href=""""https://meilleurtest.fr/comparatif-aquarium-60-litres/"""">60 litres</a> ou un modèle de <a href=""""https://meilleurtest.fr/comparatif-aquarium-100-litres/"""">100 litres</a>. Complétez l'ensemble avec un <a href=""""https://meilleurtest.fr/comparatif-filtre-a-aquarium/"""">filtre</a> et un <a href=""""https://meilleurtest.fr/comparatif-chauffage-d-aquarium/"""">chauffage</a> adaptés pour un écosystème équilibré. Ce guide vous accompagnera dans le choix du meilleur aquarium."
"37399";"Les triops fascineront petits et grands par leur allure préhistorique et leur croissance rapide. Ces crustacés se développeront dans un <a href=""""https://meilleurtest.fr/comparatif-petit-aquarium/"""">petit aquarium</a> ou un bac type <a href=""""https://meilleurtest.fr/comparatif-nano-aquariums/"""">nano aquarium</a>, ce qui en fera une activité éducative accessible. Certains coffrets incluront tout le nécessaire, tandis qu'un <a href=""""https://meilleurtest.fr/comparatif-aquarium/"""">aquarium</a> séparé offrira plus de confort à vos colonies. Ce guide vous orientera vers les meilleurs triops."
"42389";"Vous souhaitez parfumer votre intérieur de manière durable et agréable. Plusieurs solutions existent, des <a href=""""https://meilleurtest.fr/comparatif-diffuseur-de-parfum/"""">diffuseurs de parfums</a> aux <a href=""""https://meilleurtest.fr/comparatif-bougie-parfumee/"""">bougies parfumées</a>, en passant par les <a href=""""https://meilleurtest.fr/comparatif-cire-fondante-parfumee/"""">cires fondantes</a> et les <a href=""""https://meilleurtest.fr/comparatif-brume-parfumee/"""">brumes parfumées</a>. Chaque option diffuse ses fragrances différemment. Notre guide vous présentera les critères essentiels pour choisir le parfum d'ambiance maison adapté à votre logement et à vos goûts."
"42279";"Les huiles essentielles offrent de nombreux bienfaits, que ce soit pour <a href=""""https://meilleurtest.fr/comparatif-huile-essentielle-pour-dormir/"""">favoriser le sommeil</a>, <a href=""""https://meilleurtest.fr/comparatif-huile-essentielle-pour-peau/"""">prendre soin de la peau</a> ou parfumer la maison via un <a href=""""https://meilleurtest.fr/comparatif-diffuseur-huile-essentielle/"""">diffuseur adapté</a>. Cependant, les prix varient considérablement d'un produit à l'autre. Notre comparatif vous orientera vers les <a href=""""https://meilleurtest.fr/comparatif-diffuseurs-huiles-essentielles-pas-cher/"""">solutions abordables</a> et vous aidera à trouver une huile essentielle pas chère sans compromis sur la qualité."
"41669";"Le brumisateur d'eau constitue une solution efficace pour rafraîchir votre espace de vie pendant les fortes chaleurs. Proche du <a href=""""https://meilleurtest.fr/comparatif-ventilateur-brumisateur-sur-pied/"""">ventilateur brumisateur sur pied</a> et complémentaire de l'<a href=""""https://meilleurtest.fr/comparatif-humidificateur-d-air/"""">humidificateur d'air</a>, il se décline en modèles fixes et portables. Que vous recherchiez un appareil d'intérieur ou un <a href=""""https://meilleurtest.fr/comparatif-brumisateur-de-terrasse/"""">brumisateur de terrasse</a>, notre guide vous orientera vers le <a href=""""https://meilleurtest.fr/comparatif-brumisateur/"""">meilleur brumisateur</a> d'eau pour votre usage."
"41602";"Pour profiter de votre extérieur même en pleine canicule, le brumisateur de terrasse projette une fine brume qui abaisse la température ambiante. Plus spécialisé qu'un <a href=""""https://meilleurtest.fr/comparatif-brumisateur/"""">brumisateur classique</a> ou un <a href=""""https://meilleurtest.fr/comparatif-brumisateur-deau/"""">brumisateur d'eau portable</a>, il se fixe directement sur votre pergola ou parasol. Associé à un <a href=""""https://meilleurtest.fr/comparatif-ventilateur-brumisateur-sur-pied/"""">ventilateur brumisateur</a>, il sera encore plus efficace. Notre guide vous orientera vers le brumisateur de terrasse le mieux adapté à vos besoins."
"41598";"Le brumisateur se révèle indispensable pour se rafraîchir lors des journées chaudes. Selon vos besoins, vous opterez pour un <a href=""""https://meilleurtest.fr/comparatif-brumisateur-deau/"""">brumisateur d'eau</a> portable, un <a href=""""https://meilleurtest.fr/comparatif-brumisateur-de-terrasse/"""">modèle de terrasse</a> fixe ou un <a href=""""https://meilleurtest.fr/comparatif-ventilateur-brumisateur-sur-pied/"""">ventilateur brumisateur sur pied</a>. Puissance de brumisation, autonomie et débit varient d'un appareil à l'autre. Pour un usage intérieur, un <a href=""""https://meilleurtest.fr/comparatif-humidificateur-d-air/"""">humidificateur d'air</a> pourra compléter votre installation. Notre guide vous orientera vers le brumisateur adapté à votre quotidien."
"41585";"Le baume du tigre est un onguent traditionnel prisé pour soulager douleurs musculaires, maux de tête et congestion nasale. Il se décline en <a href=""""https://meilleurtest.fr/comparatif-baume-du-tigre-blanc/"""">baume blanc</a> pour les voies respiratoires et <a href=""""https://meilleurtest.fr/comparatif-baume-du-tigre-rouge/"""">baume rouge</a> pour les articulations. Pour les nourrissons, préférez un <a href=""""https://meilleurtest.fr/comparatif-baume-pectoral-bebe/"""">baume pectoral bébé</a>. En complément, des <a href=""""https://meilleurtest.fr/comparatif-pastilles-contre-toux/"""">pastilles contre la toux</a> renforceront votre trousse naturelle. Notre guide vous orientera vers le baume du tigre adapté à vos maux."
"41582";"Le baume pectoral bébé est un remède naturel qui apaise les gênes respiratoires des nourrissons, de la toux aux premiers rhumes. Formulé avec des ingrédients doux, il se distingue du <a href=""""https://meilleurtest.fr/comparatif-baume-du-tigre/"""">baume du tigre</a> classique, trop puissant pour un tout-petit. Pour les cas persistants, un <a href=""""https://meilleurtest.fr/comparatif-nebuliseur/"""">nébuliseur</a> complétera les soins. Pensez aussi aux <a href=""""https://meilleurtest.fr/comparatif-pastilles-contre-toux/"""">pastilles contre la toux</a> pour le reste de la famille. Notre guide vous orientera vers le baume pectoral bébé le plus sûr."
"41568";"Le baume du tigre blanc est un remède traditionnel chinois apprécié pour soulager maux de tête, congestion nasale et piqûres d'insectes. Moins chauffant que le <a href=""""https://meilleurtest.fr/comparatif-baume-du-tigre-rouge/"""">baume du tigre rouge</a>, il procure une fraîcheur apaisante grâce au menthol. Pour un usage polyvalent, consultez notre sélection de <a href=""""https://meilleurtest.fr/comparatif-baume-du-tigre/"""">baumes du tigre</a>. Pour la toux, préférez un <a href=""""https://meilleurtest.fr/comparatif-baume-pectoral-bebe/"""">baume pectoral</a> ou des <a href=""""https://meilleurtest.fr/comparatif-pastilles-contre-toux/"""">pastilles</a>. Notre guide vous orientera vers le baume du tigre blanc adapté à vos besoins."
"41567";"Le baume du tigre rouge est un onguent traditionnel efficace contre les douleurs musculaires et articulaires. Sa formulation chauffante, riche en huile de cannelle, le distingue du <a href=""""https://meilleurtest.fr/comparatif-baume-du-tigre-blanc/"""">baume du tigre blanc</a> et en fait l'allié des sportifs. Pour une approche globale, consultez notre sélection de <a href=""""https://meilleurtest.fr/comparatif-baume-du-tigre/"""">baumes du tigre</a>. Pour les enfants, optez pour un <a href=""""https://meilleurtest.fr/comparatif-baume-pectoral-bebe/"""">baume pectoral bébé</a>. Notre guide vous aidera à choisir le baume du tigre rouge adapté à vos besoins."
"41442";"L'atomiseur non reconstructible est le composant de prédilection des vapoteurs qui recherchent la simplicité. Contrairement à l'<a href=""""https://meilleurtest.fr/comparatif-atomiseur-reconstructible/"""">atomiseur reconstructible</a>, il utilise des résistances pré-montées et ne nécessite aucun montage. Compatible avec la plupart des <a href=""""https://meilleurtest.fr/comparatif-box-cigarette-electronique/"""">box de cigarettes électroniques</a>, il s'associe aussi aux <a href=""""https://meilleurtest.fr/comparatif-clearomiseur/"""">clearomiseurs</a> pour varier les expériences. Consultez notre sélection générale d'<a href=""""https://meilleurtest.fr/comparatif-atomiseur/"""">atomiseurs</a> pour comparer. Notre guide vous orientera vers l'atomiseur non reconstructible adapté à votre profil de vapoteur."
"41266";"Les huiles essentielles constituent une alternative naturelle pour retrouver un sommeil de qualité. Lavande, camomille ou petit grain bigarade favorisent la détente et l'endormissement. Associées à un <a href=""""https://meilleurtest.fr/comparatif-diffuseur-huile-essentielle/"""">diffuseur d'huiles essentielles</a> ou à un <a href=""""https://meilleurtest.fr/comparatif-the-pour-dormir/"""">thé pour dormir</a>, elles seront plus efficaces. Pour d'autres usages, consultez nos guides sur les <a href=""""https://meilleurtest.fr/comparatif-huile-essentielle-pour-peau/"""">huiles pour la peau</a> et les <a href=""""https://meilleurtest.fr/comparatif-huile-essentielle-pas-chere/"""">huiles pas chères</a>. Notre comparatif vous orientera vers l'huile essentielle pour dormir la plus adaptée."
"41150";"Le diffuseur de parfum transforme l'atmosphère de votre intérieur en diffusant des fragrances agréables au fil de la journée. Nébulisation, chaleur douce ou capillarité, chaque technologie présente ses avantages. Pour varier les plaisirs, explorez aussi les <a href=""""https://meilleurtest.fr/comparatif-bougie-parfumee/"""">bougies parfumées</a>, les <a href=""""https://meilleurtest.fr/comparatif-cire-fondante-parfumee/"""">cires fondantes</a> ou les <a href=""""https://meilleurtest.fr/comparatif-parfum-ambiance-maison/"""">parfums d'ambiance maison</a>. Pour les huiles, un <a href=""""https://meilleurtest.fr/comparatif-diffuseur-huile-essentielle/"""">diffuseur d'huiles essentielles</a> conviendra mieux. Notre guide vous orientera vers le diffuseur de parfum idéal pour votre logement."
"40557";"La cigarette électronique eGo est un modèle compact et simple d'utilisation, idéal pour les débutants qui souhaitent arrêter le tabac en douceur. Moins puissante qu'une <a href=""""https://meilleurtest.fr/comparatif-box-cigarette-electronique/"""">box de cigarette électronique</a>, elle offre un tirage serré proche de la cigarette classique. Pour un format encore plus discret, découvrez les <a href=""""https://meilleurtest.fr/comparatif-cigarette-electronique-pod/"""">cigarettes POD</a>. Pensez à choisir un bon <a href=""""https://meilleurtest.fr/comparatif-clearomiseur/"""">clearomiseur</a> et un <a href=""""https://meilleurtest.fr/comparatif-e-liquide-pas-cher/"""">e-liquide adapté</a>. Notre guide vous orientera vers la cigarette électronique eGo qui correspondra à votre profil."
"40213";"Les huiles essentielles offrent des propriétés remarquables pour entretenir la peau. Arbre à thé, lavande, géranium : chaque huile cible des besoins spécifiques. Complétez votre routine avec de l'<a href=""""https://meilleurtest.fr/comparatif-eau-de-rose/"""">eau de rose</a> en tonique naturel. Consultez aussi nos <a href=""""https://meilleurtest.fr/comparatif-huile-essentielle-pour-dormir/"""">huiles essentielles pour dormir</a> et nos <a href=""""https://meilleurtest.fr/comparatif-huile-essentielle-pas-chere/"""">options à petit prix</a>. Un <a href=""""https://meilleurtest.fr/comparatif-diffuseur-huile-essentielle/"""">diffuseur</a> maximisera leurs bienfaits au quotidien. Notre guide vous aidera à trouver l'huile essentielle pour la peau la plus adaptée."
"39972";"Les bougies parfumées créent une atmosphère chaleureuse sans nécessiter un budget conséquent. Cire de soja, paraffine ou mélange, le type de cire influencera la durée de combustion et la diffusion du parfum. Pour d'autres options, explorez les <a href=""""https://meilleurtest.fr/comparatif-bougie-parfumee/"""">bougies haut de gamme</a>, les <a href=""""https://meilleurtest.fr/comparatif-cire-fondante-parfumee/"""">cires fondantes</a> ou les <a href=""""https://meilleurtest.fr/comparatif-diffuseur-de-parfum/"""">diffuseurs de parfums</a>. Un <a href=""""https://meilleurtest.fr/comparatif-parfum-ambiance-maison/"""">parfum d'ambiance</a> pourra compléter l'ensemble. Notre guide vous orientera vers la bougie parfumée pas chère offrant le meilleur rapport qualité-prix."
"39792";"La cigarette électronique POD séduit par sa simplicité et son format ultra-compact. Sans réglage complexe, elle convient aux vapoteurs débutants comme aux fumeurs en transition. Moins volumineuse qu'une <a href=""""https://meilleurtest.fr/comparatif-box-cigarette-electronique/"""">box de cigarette électronique</a>, elle reste performante au quotidien. Pour un tirage similaire, la <a href=""""https://meilleurtest.fr/comparatif-cigarette-electronique-ego/"""">cigarette eGo</a> constitue une alternative. Choisissez un <a href=""""https://meilleurtest.fr/comparatif-e-liquide-pas-cher/"""">e-liquide adapté</a> pour les saveurs et un bon <a href=""""https://meilleurtest.fr/comparatif-clearomiseur/"""">clearomiseur</a> pour la vapeur. Notre guide vous aidera à trouver la cigarette électronique POD idéale."
"39739";"La box de cigarette électronique double accu offre une autonomie prolongée et une puissance élevée, idéale pour les vapoteurs intensifs. Avec deux batteries, vous vapoterez toute la journée sans recharge. Si vous débutez, une <a href=""""https://meilleurtest.fr/comparatif-box-cigarette-electronique/"""">box simple</a> ou une <a href=""""https://meilleurtest.fr/comparatif-cigarette-electronique-pod/"""">cigarette POD</a> suffira. Pensez à un bon <a href=""""https://meilleurtest.fr/comparatif-clearomiseur/"""">clearomiseur</a> et un <a href=""""https://meilleurtest.fr/comparatif-chargeur-accu-18650/"""">chargeur d'accus 18650</a> pour compléter votre setup. Notre guide vous orientera vers la box double accu adaptée à votre consommation."
"39646";"La cire fondante parfumée offre une diffusion douce et régulière de senteurs dans votre intérieur, sans flamme ni risque de brûlure. Elle fond lentement dans un brûle-parfum et libère sa fragrance pendant des heures. Pour comparer les alternatives, découvrez les <a href=""""https://meilleurtest.fr/comparatif-bougie-parfumee/"""">bougies parfumées</a>, les <a href=""""https://meilleurtest.fr/comparatif-diffuseur-de-parfum/"""">diffuseurs de parfums</a> ou les <a href=""""https://meilleurtest.fr/comparatif-parfum-ambiance-maison/"""">parfums d'ambiance maison</a>. Les <a href=""""https://meilleurtest.fr/comparatif-brume-parfumee/"""">brumes parfumées</a> constituent aussi une option complémentaire. Notre guide vous orientera vers la cire fondante parfumée la mieux adaptée à vos préférences olfactives."
"39524";"La box de cigarette électronique vous permettra de régler précisément la puissance et la température pour personnaliser votre expérience de vape. Elle constitue le choix de référence des vapoteurs confirmés. Pour plus d'autonomie, optez pour une <a href=""""https://meilleurtest.fr/comparatif-box-cigarette-electronique-double-accu/"""">box double accu</a>. Les débutants préféreront une <a href=""""https://meilleurtest.fr/comparatif-cigarette-electronique-pod/"""">cigarette POD</a> ou un modèle <a href=""""https://meilleurtest.fr/comparatif-cigarette-electronique-ego/"""">eGo</a>. Associez-la à un <a href=""""https://meilleurtest.fr/comparatif-clearomiseur/"""">clearomiseur</a> performant pour un rendu optimal. Notre guide vous orientera vers la box de cigarette électronique correspondant à vos attentes."
"39286";"Le clearomiseur est le réservoir transparent qui accueille l'e-liquide et la résistance de votre cigarette électronique. Son choix influencera directement la saveur et la quantité de vapeur produite. Compatible avec les <a href=""""https://meilleurtest.fr/comparatif-box-cigarette-electronique/"""">box de cigarettes électroniques</a> comme avec les modèles <a href=""""https://meilleurtest.fr/comparatif-cigarette-electronique-ego/"""">eGo</a>, il se différencie de l'<a href=""""https://meilleurtest.fr/comparatif-atomiseur-reconstructible/"""">atomiseur reconstructible</a> par sa simplicité. Associez-le à un <a href=""""https://meilleurtest.fr/comparatif-e-liquide-pas-cher/"""">e-liquide de qualité</a> pour un rendu optimal. Notre guide vous orientera vers le clearomiseur adapté à votre style de vape."
"38851";"Le diffuseur d'huiles essentielles pour voiture transforme vos trajets en moments de bien-être. Lavande pour la détente, menthe pour la concentration : chaque huile apportera un bénéfice différent au volant. Choisissez parmi nos <a href=""""https://meilleurtest.fr/comparatif-huile-essentielle-pas-chere/"""">huiles essentielles pas chères</a>. À la maison, préférez un <a href=""""https://meilleurtest.fr/comparatif-diffuseur-huile-essentielle/"""">diffuseur classique</a>. Explorez aussi les <a href=""""https://meilleurtest.fr/comparatif-diffuseurs-huiles-essentielles-pas-cher/"""">diffuseurs pas chers</a> et les <a href=""""https://meilleurtest.fr/comparatif-desodorisant-voiture/"""">désodorisants voiture</a>. Notre guide vous orientera vers le diffuseur d'huiles essentielles pour voiture le mieux adapté."
"38751";"Profiter de l'aromathérapie ne nécessite pas un gros budget. Un diffuseur d'huiles essentielles pas cher remplira son rôle si vous choisissez le bon modèle. Pour un usage en voiture, consultez nos <a href=""""https://meilleurtest.fr/comparatif-diffuseur-huiles-essentielles-pour-voiture/"""">diffuseurs pour voiture</a>. Complétez avec des <a href=""""https://meilleurtest.fr/comparatif-huile-essentielle-pas-chere/"""">huiles essentielles abordables</a>. Pour d'autres modes de parfumage, explorez les <a href=""""https://meilleurtest.fr/comparatif-diffuseur-de-parfum/"""">diffuseurs de parfums</a> et les <a href=""""https://meilleurtest.fr/comparatif-diffuseur-huile-essentielle/"""">modèles haut de gamme</a>. Notre guide vous orientera vers le diffuseur d'huiles essentielles pas cher offrant le meilleur rapport qualité-prix."
"38738";"L'atomiseur reconstructible s'adresse aux vapoteurs expérimentés qui souhaitent monter leurs propres résistances. Ce composant offre un contrôle total sur le rendu des saveurs et la production de vapeur. Plus exigeant qu'un <a href=""""https://meilleurtest.fr/comparatif-atomiseur-non-reconstructible/"""">atomiseur non reconstructible</a> ou qu'un <a href=""""https://meilleurtest.fr/comparatif-clearomiseur/"""">clearomiseur</a>, il se décline en dripper et en tank. Associez-le à une <a href=""""https://meilleurtest.fr/comparatif-box-cigarette-electronique/"""">box performante</a> et consultez notre sélection d'<a href=""""https://meilleurtest.fr/comparatif-atomiseur/"""">atomiseurs</a> pour comparer. Notre guide vous aidera à choisir l'atomiseur reconstructible adapté à votre niveau."
"38676";"La brume parfumée est une alternative légère et rafraîchissante au parfum classique. Elle se vaporise sur la peau ou les vêtements et offre une senteur subtile qui convient particulièrement aux journées chaudes. Pour parfumer votre intérieur, explorez les <a href=""""https://meilleurtest.fr/comparatif-parfum-ambiance-maison/"""">parfums d'ambiance maison</a>, les <a href=""""https://meilleurtest.fr/comparatif-bougie-parfumee/"""">bougies parfumées</a> ou les <a href=""""https://meilleurtest.fr/comparatif-diffuseur-de-parfum/"""">diffuseurs de parfums</a>. Pour le soin du visage, découvrez aussi l'<a href=""""https://meilleurtest.fr/comparatif-eau-de-rose/"""">eau de rose</a>. Notre guide vous orientera vers la brume parfumée qui correspondra à vos envies olfactives."
"38442";"L'eau de rose est un produit polyvalent utilisé en soin de la peau, en cuisine et en aromathérapie. Hydratante et apaisante, elle sert de tonique naturel et complète une routine beauté à base d'<a href=""""https://meilleurtest.fr/comparatif-huile-essentielle-pour-peau/"""">huiles essentielles pour la peau</a>. Pour varier les plaisirs olfactifs, explorez les <a href=""""https://meilleurtest.fr/comparatif-brume-parfumee/"""">brumes parfumées</a>, les <a href=""""https://meilleurtest.fr/comparatif-bain-moussant/"""">bains moussants</a> et les <a href=""""https://meilleurtest.fr/comparatif-huile-essentielle-pas-chere/"""">huiles essentielles pas chères</a>. Notre guide vous orientera vers l'eau de rose la mieux adaptée à vos besoins."
"38191";"La bougie parfumée allie décoration et bien-être en diffusant des senteurs chaleureuses dans votre intérieur. Cire de soja, cire d'abeille ou paraffine, chaque composition influence la durée et l'intensité du parfum. Pour un budget maîtrisé, consultez nos <a href=""""https://meilleurtest.fr/comparatif-bougie-parfumee-pas-chere/"""">bougies parfumées pas chères</a>. En complément, explorez les <a href=""""https://meilleurtest.fr/comparatif-cire-fondante-parfumee/"""">cires fondantes</a>, les <a href=""""https://meilleurtest.fr/comparatif-diffuseur-de-parfum/"""">diffuseurs de parfums</a> ou les <a href=""""https://meilleurtest.fr/comparatif-lampe-de-sel/"""">lampes de sel</a> pour varier les ambiances. Notre guide vous aidera à sélectionner la bougie parfumée idéale pour votre logement."
"37834";"L'atomiseur est la pièce maîtresse de toute cigarette électronique : il chauffe l'e-liquide pour produire la vapeur. Entre l'<a href=""""https://meilleurtest.fr/comparatif-atomiseur-reconstructible/"""">atomiseur reconstructible</a> pour les experts et l'<a href=""""https://meilleurtest.fr/comparatif-atomiseur-non-reconstructible/"""">atomiseur non reconstructible</a> pour la simplicité, le choix dépendra de votre profil. Complétez votre setup avec un bon <a href=""""https://meilleurtest.fr/comparatif-clearomiseur/"""">clearomiseur</a> et une <a href=""""https://meilleurtest.fr/comparatif-box-cigarette-electronique/"""">box adaptée</a>. Notre guide vous orientera vers l'atomiseur qui correspondra à votre style de vape."
"37710";"Le diffuseur d'huiles essentielles vous permettra de profiter des bienfaits de l'aromathérapie chez vous. Nébulisation à froid, ultrasons ou chaleur douce, chaque technologie préserve différemment les principes actifs des huiles. Pour un budget limité, consultez nos <a href=""""https://meilleurtest.fr/comparatif-diffuseurs-huiles-essentielles-pas-cher/"""">diffuseurs pas chers</a>. En voiture, optez pour un <a href=""""https://meilleurtest.fr/comparatif-diffuseur-huiles-essentielles-pour-voiture/"""">modèle spécifique</a>. Complétez avec des <a href=""""https://meilleurtest.fr/comparatif-huile-essentielle-pas-chere/"""">huiles essentielles abordables</a> et un <a href=""""https://meilleurtest.fr/comparatif-diffuseur-de-parfum/"""">diffuseur de parfum</a> pour varier. Notre guide vous aidera à choisir le diffuseur d'huiles essentielles adapté à votre usage."
"42605";"Vous recherchez des dégradés fluides et des couleurs vibrantes pour vos créations ? Ce guide vous accompagnera dans le choix du feutre à alcool adapté à votre niveau, des pointes aux types d'encres. Idéal en complément de vos <a href=""https://meilleurtest.fr/comparatif-peinture-acrylique/"">peintures acryliques</a>, d'un <a href=""https://meilleurtest.fr/comparatif-aerographe/"">aérographe</a>, de vos <a href=""https://meilleurtest.fr/comparatif-plume-a-dessin/"">plumes à dessin</a> ou d'une <a href=""https://meilleurtest.fr/comparatif-table-a-dessin-lumineuse/"">table lumineuse</a>, le feutre à alcool que vous choisirez sublimera chaque illustration."
"41425";"Ce guide vous présentera les critères déterminants pour choisir un aérographe performant, de la finesse de buse au type d'alimentation. Vous découvrirez comment cet outil de précision transformera vos projets de <a href=""https://meilleurtest.fr/comparatif-peinture-acrylique/"">peinture acrylique</a>, de modélisme ou de customisation, en complément de vos <a href=""https://meilleurtest.fr/comparatif-feutre-a-alcool/"">feutres à alcool</a>. Notre sélection vous orientera vers l'aérographe qui correspondra à vos besoins, avec ou sans <a href=""https://meilleurtest.fr/comparatif-kit-aerographe/"">kit complet</a>."
"41241";"Vous souhaitez vous lancer dans la pulvérisation artistique sans assembler votre matériel pièce par pièce ? Ce guide vous aidera à choisir le kit d'aérographe qui réunira <a href=""https://meilleurtest.fr/comparatif-aerographe/"">aérographe</a>, compresseur et accessoires en un seul coffret. Vous y trouverez les critères clés pour vos travaux de <a href=""https://meilleurtest.fr/comparatif-peinture-acrylique/"">peinture acrylique</a> sur <a href=""https://meilleurtest.fr/comparatif-chevalet/"">chevalet</a> ou vos retouches aux <a href=""https://meilleurtest.fr/comparatif-feutre-a-alcool/"">feutres à alcool</a>, et sélectionner le kit d'aérographe adapté à chaque projet."
"41138";"Graver des motifs sur bois, cuir ou liège avec un outil chauffant demandera du matériel fiable et précis. Ce guide vous présentera les critères essentiels pour choisir le pyrograveur adapté à vos projets créatifs, de la puissance de chauffe aux types de pointes. Que vous pratiquiez aussi le <a href=""https://meilleurtest.fr/comparatif-coffret-de-pate-fimo/"">modelage de pâte polymère</a>, la peinture sur <a href=""https://meilleurtest.fr/comparatif-chevalet/"">chevalet</a> ou le dessin sur <a href=""https://meilleurtest.fr/comparatif-table-a-dessin-lumineuse/"">table lumineuse</a>, vous trouverez ici le pyrograveur qui conviendra à votre pratique."
"40613";"Ce guide vous accompagnera dans le choix du coffret de pâte Fimo adapté à vos envies créatives. Vous y découvrirez les différences entre les gammes disponibles, ainsi que les critères de sélection pour vos projets de bijoux, figurines ou décorations. En complément de vos <a href=""https://meilleurtest.fr/comparatif-peinture-acrylique/"">peintures acryliques</a> pour les finitions, de votre <a href=""https://meilleurtest.fr/comparatif-pyrograveur/"">pyrograveur</a> pour les textures ou de votre <a href=""https://meilleurtest.fr/comparatif-kit-de-calligraphie/"">kit de calligraphie</a>, le coffret de pâte Fimo enrichira votre atelier créatif."
"40319";"Polyvalente et accessible, la peinture acrylique conviendra aussi bien aux débutants qu'aux artistes confirmés. Ce guide vous présentera les critères de choix essentiels, de la pigmentation à la consistance, pour sélectionner les tubes qui répondront à vos attentes. Que vous peigniez sur <a href=""https://meilleurtest.fr/comparatif-chevalet/"">chevalet</a>, dessiniez à la <a href=""https://meilleurtest.fr/comparatif-plume-a-dessin/"">plume</a> ou coloriez aux <a href=""https://meilleurtest.fr/comparatif-feutre-a-alcool/"">feutres à alcool</a>, vous trouverez ici la peinture acrylique qui s'intégrera à votre pratique sur <a href=""https://meilleurtest.fr/comparatif-aerographe/"">aérographe</a> ou au pinceau."
"40294";"Un éclairage uniforme par en dessous facilitera le calque, le lettrage et la retouche de vos illustrations. Ce guide vous aidera à choisir la table à dessin lumineuse adaptée à votre pratique, selon la taille et la luminosité. Que vous travailliez à la <a href=""https://meilleurtest.fr/comparatif-plume-a-dessin/"">plume à dessin</a>, aux <a href=""https://meilleurtest.fr/comparatif-feutre-a-alcool/"">feutres à alcool</a> ou avec un <a href=""https://meilleurtest.fr/comparatif-kit-de-calligraphie/"">kit de calligraphie</a>, en complément de votre <a href=""https://meilleurtest.fr/comparatif-lampe-de-bureau/"">lampe de bureau</a>, la table lumineuse deviendra un atout de votre espace créatif."
"40121";"La plume à dessin vous permettra de tracer des lignes d'une finesse inégalée, du croquis à l'illustration aboutie. Ce guide vous présentera les critères de sélection, de la souplesse du bec au type de porte-plume, pour trouver l'outil adapté à votre style. Associée à un <a href=""https://meilleurtest.fr/comparatif-kit-de-calligraphie/"">kit de calligraphie</a>, à vos <a href=""https://meilleurtest.fr/comparatif-feutre-a-alcool/"">feutres à alcool</a> ou posée sur une <a href=""https://meilleurtest.fr/comparatif-table-a-dessin-lumineuse/"">table lumineuse</a>, la plume à dessin restera un instrument fondamental pour tout artiste."
"39996";"Ce guide vous présentera les critères pour choisir un kit de tatouage débutant adapté à votre apprentissage, de la puissance du moteur à la qualité des pigments. Vous pourrez affiner votre trait avec une <a href=""https://meilleurtest.fr/comparatif-plume-a-dessin/"">plume à dessin</a>, préparer vos dégradés aux <a href=""https://meilleurtest.fr/comparatif-feutre-a-alcool/"">feutres à alcool</a> et protéger la peau tatouée avec une <a href=""https://meilleurtest.fr/comparatif-creme-pour-tatouage/"">crème adaptée</a> pour progresser sereinement avec votre kit de tatouage."
"39777";"Que vous souhaitiez acquérir une toile originale ou vendre vos propres créations, les sites de vente d'art en ligne vous ouvriront un large éventail de possibilités. Ce guide vous présentera les critères pour choisir la plateforme adaptée à vos besoins, des galeries numériques aux places de marché. Artiste travaillant sur <a href=""https://meilleurtest.fr/comparatif-chevalet/"">chevalet</a>, à la <a href=""https://meilleurtest.fr/comparatif-peinture-acrylique/"">peinture acrylique</a> ou aux <a href=""https://meilleurtest.fr/comparatif-feutre-a-alcool/"">feutres à alcool</a>, vous trouverez le site de vente d'art en ligne qui valorisera votre travail."
"39401";"Socle de toute pratique picturale, le chevalet soutiendra vos toiles à la hauteur et à l'angle qui conviendront à votre posture de travail. Ce guide vous présentera les critères essentiels, du type de chevalet à sa stabilité, pour choisir le modèle adapté à votre atelier. Que vous utilisiez de la <a href=""https://meilleurtest.fr/comparatif-peinture-acrylique/"">peinture acrylique</a>, un <a href=""https://meilleurtest.fr/comparatif-aerographe/"">aérographe</a> ou une <a href=""https://meilleurtest.fr/comparatif-table-a-dessin-lumineuse/"">table à dessin lumineuse</a>, le chevalet restera la pièce maîtresse de votre espace créatif."
"38998";"Alliant patience et élégance du geste, la calligraphie vous invitera à maîtriser un art où chaque trait compte. Ce guide vous présentera les critères de sélection pour choisir le kit de calligraphie adapté à votre niveau, des types de plumes aux encres fournies. En complément de vos <a href=""https://meilleurtest.fr/comparatif-plume-a-dessin/"">plumes à dessin</a>, de vos <a href=""https://meilleurtest.fr/comparatif-feutre-a-alcool/"">feutres à alcool</a> ou de votre <a href=""https://meilleurtest.fr/comparatif-table-a-dessin-lumineuse/"">table lumineuse</a>, le kit de calligraphie deviendra un pilier de votre pratique artistique."
"40242";"Votre couteau papillon se distinguera par la fluidité de son mécanisme et la solidité de ses poignées. Ce guide comparatif analysera les modèles selon leur équilibre, leur poids et leur qualité de finition. Retrouvez aussi nos comparatifs de <a href=""https://meilleurtest.fr/comparatif-sac-de-frappe/"">sacs de frappe</a>, de <a href=""https://meilleurtest.fr/comparatif-punching-ball/"">punching balls</a> et de <a href=""https://meilleurtest.fr/comparatif-gants-de-boxe/"">gants de boxe</a> dans notre rubrique arts martiaux pour bien choisir votre couteau papillon."
"40210";"Votre sac de frappe sur pied vous offrira un entraînement complet sans fixation murale ni plafond. Ce guide comparatif évaluera les modèles selon leur stabilité, leur hauteur réglable et leur absorption des coups. Découvrez aussi nos guides sur les <a href=""https://meilleurtest.fr/comparatif-sac-de-frappe/"">sacs de frappe</a>, les <a href=""https://meilleurtest.fr/comparatif-gants-de-boxe/"">gants de boxe</a> et les <a href=""https://meilleurtest.fr/comparatif-punching-ball/"">punching balls</a> pour équiper votre espace autour du sac de frappe sur pied."
"39829";"Votre sac de frappe sera l'élément central de votre entraînement de boxe ou d'arts martiaux. Ce guide comparatif analysera les modèles selon leur remplissage, leur poids et leur résistance aux coups répétés. Consultez également nos sélections de <a href=""https://meilleurtest.fr/comparatif-gants-de-boxe/"">gants de boxe</a>, de <a href=""https://meilleurtest.fr/comparatif-casque-de-boxe-anglaise/"">casques de boxe anglaise</a> et de <a href=""https://meilleurtest.fr/comparatif-sac-de-frappe-sur-pied/"">sacs de frappe sur pied</a> pour compléter votre équipement autour du sac de frappe."
"39025";"Votre casque de boxe anglaise protégera votre visage et vos tempes pendant les sparrings. Ce guide comparatif évaluera les modèles selon leur rembourrage, leur champ de vision et leur ajustement. Retrouvez aussi nos comparatifs de <a href=""https://meilleurtest.fr/comparatif-gants-de-boxe/"">gants de boxe</a>, de <a href=""https://meilleurtest.fr/comparatif-sac-de-frappe/"">sacs de frappe</a> et de <a href=""https://meilleurtest.fr/comparatif-punching-ball/"">punching balls</a> pour compléter votre protection avec le bon casque de boxe anglaise."
"38852";"Votre punching ball vous permettra de travailler la vitesse de vos mains et vos réflexes. Ce guide comparatif passera en revue les modèles selon leur rebond, leur fixation et leur solidité. Parcourez aussi nos guides sur les <a href=""https://meilleurtest.fr/comparatif-sac-de-frappe/"">sacs de frappe</a>, les <a href=""https://meilleurtest.fr/comparatif-gants-de-boxe/"">gants de boxe</a> et les <a href=""https://meilleurtest.fr/comparatif-sac-de-frappe-sur-pied/"">sacs de frappe sur pied</a> pour accompagner votre entraînement au punching ball."
"37396";"Vos gants de boxe détermineront la protection de vos mains et le confort de vos frappes. Ce guide comparatif analysera les modèles selon leur rembourrage, leur maintien du poignet et leur taille. Découvrez aussi nos sélections de <a href=""https://meilleurtest.fr/comparatif-sac-de-frappe/"">sacs de frappe</a>, de <a href=""https://meilleurtest.fr/comparatif-casque-de-boxe-anglaise/"">casques de boxe anglaise</a> et de <a href=""https://meilleurtest.fr/comparatif-punching-ball/"">punching balls</a> pour compléter votre équipement autour de vos gants de boxe."
"42711";"Protéger votre premier logement étudiant ne devrait pas peser sur votre budget. Ce guide comparera les contrats qui couvrent dégât des eaux, vol et responsabilité civile à petit prix. Vous découvrirez aussi les <a href=""""https://meilleurtest.fr/comparatif-assurance-habitation-pas-chere/"""">assurances habitation pas chères</a>, les <a href=""""https://meilleurtest.fr/comparatif-mutuelle-etudiante/"""">mutuelles étudiantes</a> adaptées et les <a href=""""https://meilleurtest.fr/comparatif-assurance-loyer-impaye/"""">assurances loyer impayé</a>. Notre sélection vous orientera vers la meilleure assurance habitation pour étudiant."
"42694";"Un loyer impayé peut mettre en péril votre investissement locatif en quelques mois. Ce guide passera en revue les garanties, les plafonds d'indemnisation et les délais de carence des meilleures formules du marché. Vous trouverez aussi des conseils sur les <a href=""""https://meilleurtest.fr/comparatif-assurance-habitation-pour-etudiant/"""">assurances habitation pour étudiant</a>, les <a href=""""https://meilleurtest.fr/comparatif-assurance-habitation-pas-chere/"""">assurances habitation pas chères</a> et les <a href=""""https://meilleurtest.fr/comparatif-assurance-emprunteur/"""">assurances emprunteur</a>. Vous saurez quelle assurance loyer impayé protégera le mieux vos revenus locatifs."
"42690";"Avec l'essor du vélo électrique, les risques de vol et d'accident se multiplient sur la route. Ce guide analysera les contrats qui couvrent la casse, le vol et la responsabilité civile de votre VAE. Vous consulterez aussi nos comparatifs des <a href=""""https://meilleurtest.fr/comparatif-velo-electrique/"""">meilleurs vélos électriques</a>, des <a href=""""https://meilleurtest.fr/comparatif-assurance-mobile/"""">assurances mobile</a> et des <a href=""""https://meilleurtest.fr/comparatif-assurance-de-carte-bancaire/"""">assurances de carte bancaire</a>. Vous identifierez ainsi la meilleure assurance pour vélo électrique."
"42645";"Un séjour aux États-Unis sans couverture adaptée peut générer des frais médicaux colossaux. Ce guide comparera les formules qui incluent hospitalisation, rapatriement et annulation pour le territoire américain. Vous découvrirez aussi les <a href=""""https://meilleurtest.fr/comparatif-assurance-voyage/"""">assurances voyage</a> générales, les <a href=""""https://meilleurtest.fr/comparatif-carte-bancaire-pour-voyager/"""">cartes bancaires pour voyager</a> et les <a href=""""https://meilleurtest.fr/comparatif-assurance-de-carte-bancaire/"""">assurances de carte bancaire</a>. Notre sélection vous guidera vers la meilleure assurance voyage pour les USA."
"42635";"Un arrêt de travail prolongé peut réduire considérablement vos revenus, même dans la fonction publique. Ce guide évaluera les contrats de prévoyance qui complètent votre traitement en cas de maladie ou d'accident. Vous consulterez aussi les <a href=""""https://meilleurtest.fr/comparatif-mutuelle-pour-independant/"""">mutuelles pour indépendant</a>, les <a href=""""https://meilleurtest.fr/comparatif-assurance-emprunteur/"""">assurances emprunteur</a> et les <a href=""""https://meilleurtest.fr/comparatif-assurance-vie/"""">assurances vie</a>. Vous trouverez ici la meilleure assurance de maintien de salaire pour fonctionnaire."
"42632";"Les remboursements de la Sécurité sociale couvrent rarement l'intégralité de vos dépenses de santé quand vous êtes étudiant. Ce guide comparera les mutuelles qui offrent le meilleur rapport garanties-prix pour les jeunes budgets. Vous découvrirez aussi les <a href=""""https://meilleurtest.fr/comparatif-mutuelle-sante-pour-jeunes/"""">mutuelles santé pour jeunes</a>, les <a href=""""https://meilleurtest.fr/comparatif-mutuelle-optique/"""">mutuelles optiques</a> et les <a href=""""https://meilleurtest.fr/comparatif-mutuelle-dentaire-pour-implants/"""">mutuelles dentaires pour implants</a>. Notre sélection vous orientera vers la meilleure mutuelle étudiante."
"42629";"Souscrire un prêt immobilier implique de choisir une assurance emprunteur qui protégera votre famille et votre patrimoine. Ce guide comparera les contrats en termes de garanties décès, invalidité et incapacité, ainsi que leurs tarifs. Vous consulterez aussi les <a href=""""https://meilleurtest.fr/comparatif-assurance-vie/"""">assurances vie</a>, les <a href=""""https://meilleurtest.fr/comparatif-assurance-habitation-pas-chere/"""">assurances habitation pas chères</a> et les <a href=""""https://meilleurtest.fr/comparatif-assurance-de-carte-bancaire/"""">assurances de carte bancaire</a>. Vous trouverez ici la meilleure assurance emprunteur pour votre projet."
"42615";"La pose d'un implant dentaire représente un investissement lourd que la Sécurité sociale ne rembourse quasiment pas. Ce guide comparera les mutuelles qui proposent des forfaits implantaires élevés et des délais de carence réduits. Vous consulterez aussi les <a href=""""https://meilleurtest.fr/comparatif-mutuelle-optique-dentaire/"""">mutuelles optique dentaire</a>, les <a href=""""https://meilleurtest.fr/comparatif-mutuelle-optique/"""">mutuelles optiques</a> et les <a href=""""https://meilleurtest.fr/comparatif-surcomplementaire-sante/"""">surcomplémentaires santé</a>. Notre sélection vous guidera vers la meilleure mutuelle dentaire pour implants."
"42612";"Entre verres progressifs, montures et lentilles, les frais optiques restent parmi les plus mal remboursés par la Sécurité sociale. Ce guide comparera les mutuelles qui proposent des plafonds élevés et une prise en charge rapide de vos équipements. Vous découvrirez aussi les <a href=""""https://meilleurtest.fr/comparatif-mutuelle-optique-dentaire/"""">mutuelles optique dentaire</a>, les <a href=""""https://meilleurtest.fr/comparatif-mutuelle-dentaire-pour-implants/"""">mutuelles dentaires pour implants</a> et les <a href=""""https://meilleurtest.fr/comparatif-surcomplementaire-sante/"""">surcomplémentaires santé</a>. Vous identifierez la mutuelle optique la mieux adaptée à votre vue."
"42551";"Investir en SCPI via une assurance vie permet de combiner rendement immobilier et fiscalité avantageuse. Ce guide comparera les contrats multisupports qui donnent accès aux meilleures SCPI avec des frais maîtrisés. Vous consulterez aussi les <a href=""""https://meilleurtest.fr/comparatif-assurance-vie/"""">assurances vie</a> classiques, les <a href=""""https://meilleurtest.fr/comparatif-pea/"""">meilleurs PEA</a> et les <a href=""""https://meilleurtest.fr/comparatif-compte-titres/"""">comptes-titres</a> disponibles. Notre sélection vous orientera vers la meilleure assurance vie SCPI pour votre épargne."
"42506";"Les frais vétérinaires peuvent atteindre plusieurs centaines d'euros en cas d'accident ou de maladie chronique chez votre chien. Ce guide comparera les formules qui couvrent consultations, chirurgies et traitements au long cours. Vous découvrirez aussi les <a href=""""https://meilleurtest.fr/comparatif-mutuelle-pour-chien/"""">mutuelles pour chien</a>, les <a href=""""https://meilleurtest.fr/comparatif-assurances-cheval/"""">assurances cheval</a> et les <a href=""""https://meilleurtest.fr/comparatif-assurance-de-carte-bancaire/"""">assurances de carte bancaire</a>. Vous trouverez ici la meilleure assurance pour chien adaptée à votre compagnon."
"42498";"Posséder un cheval entraîne des responsabilités financières considérables, des soins vétérinaires lourds au risque de dommages causés à des tiers. Ce guide comparera les contrats qui couvrent mortalité, frais de soins et responsabilité civile équestre. Vous consulterez aussi les <a href=""""https://meilleurtest.fr/comparatif-compagnie-assurance-pour-chien/"""">assurances pour chien</a>, les <a href=""""https://meilleurtest.fr/comparatif-assurance-habitation-pas-chere/"""">assurances habitation pas chères</a> et les <a href=""""https://meilleurtest.fr/comparatif-assurance-de-carte-bancaire/"""">assurances de carte bancaire</a>. Vous identifierez la meilleure assurance cheval pour votre monture."
"42464";"Cumuler des besoins en optique et en dentaire peut vite creuser votre budget santé. Ce guide comparera les mutuelles combinées qui offrent des remboursements élevés sur les deux postes avec un seul contrat. Vous découvrirez aussi les <a href=""""https://meilleurtest.fr/comparatif-mutuelle-optique/"""">mutuelles optiques</a>, les <a href=""""https://meilleurtest.fr/comparatif-mutuelle-dentaire-pour-implants/"""">mutuelles dentaires pour implants</a> et les <a href=""""https://meilleurtest.fr/comparatif-surcomplementaire-sante/"""">surcomplémentaires santé</a>. Notre sélection vous guidera vers la meilleure mutuelle optique dentaire."
"42423";"Partir en voyage sans couverture adéquate expose à des dépenses imprévues, des frais médicaux élevés aux bagages perdus. Ce guide comparera les formules qui protègent contre l'annulation, le rapatriement et les accidents à l'étranger. Vous consulterez aussi les <a href=""""https://meilleurtest.fr/comparatif-assurance-voyage-pour-les-usa/"""">assurances voyage pour les USA</a>, les <a href=""""https://meilleurtest.fr/comparatif-carte-bancaire-pour-voyager/"""">cartes bancaires pour voyager</a> et les <a href=""""https://meilleurtest.fr/comparatif-assurance-de-carte-bancaire/"""">assurances de carte bancaire</a>. Vous trouverez ici la meilleure assurance voyage pour vos prochains séjours."
"42420";"Malgré une mutuelle, votre reste à charge peut rester élevé sur les soins dentaires, optiques ou les dépassements d'honoraires. Ce guide comparera les surcomplémentaires qui visent un remboursement intégral de vos dépenses de santé. Vous découvrirez aussi les <a href=""""https://meilleurtest.fr/comparatif-mutuelle-optique/"""">mutuelles optiques</a>, les <a href=""""https://meilleurtest.fr/comparatif-mutuelle-dentaire-pour-implants/"""">mutuelles dentaires pour implants</a> et les <a href=""""https://meilleurtest.fr/comparatif-mutuelle-sante-pour-seniors/"""">mutuelles santé pour seniors</a>. Notre sélection vous orientera vers la meilleure surcomplémentaire santé."
"40314";"En tant que travailleur indépendant, vos dépenses de santé restent souvent mal remboursées par le régime de base. Ce guide comparera les mutuelles TNS qui offrent des garanties solides en hospitalisation, optique et dentaire. Vous consulterez aussi les <a href=""""https://meilleurtest.fr/comparatif-surcomplementaire-sante/"""">surcomplémentaires santé</a>, les <a href=""""https://meilleurtest.fr/comparatif-mutuelle-optique-dentaire/"""">mutuelles optique dentaire</a> et les <a href=""""https://meilleurtest.fr/comparatif-assurance-de-maintien-de-salaire-pour-fonctionnaire/"""">assurances de maintien de salaire</a>. Vous trouverez ici la meilleure mutuelle pour indépendant."
"39654";"Protéger votre logement sans grever votre budget mensuel reste un défi courant pour de nombreux ménages. Ce guide comparera les contrats qui offrent une couverture efficace en responsabilité civile, dégât des eaux et vol à prix réduit. Vous découvrirez aussi les <a href=""""https://meilleurtest.fr/comparatif-assurance-habitation-pour-etudiant/"""">assurances habitation pour étudiant</a>, les <a href=""""https://meilleurtest.fr/comparatif-assurance-loyer-impaye/"""">assurances loyer impayé</a> et les <a href=""""https://meilleurtest.fr/comparatif-assurance-emprunteur/"""">assurances emprunteur</a>. Notre sélection vous guidera vers la meilleure assurance habitation pas chère."
"39582";"Un smartphone endommagé ou volé peut coûter plusieurs centaines d'euros à remplacer. Ce guide comparera les assurances mobile qui couvrent la casse, le vol et l'oxydation de votre appareil à un tarif compétitif. Vous consulterez aussi les <a href=""""https://meilleurtest.fr/comparatif-assurance-de-carte-bancaire/"""">assurances de carte bancaire</a>, les <a href=""""https://meilleurtest.fr/comparatif-assurance-voyage/"""">assurances voyage</a> et les <a href=""""https://meilleurtest.fr/comparatif-assurance-pour-velo-electrique/"""">assurances pour vélo électrique</a>. Vous identifierez la meilleure assurance mobile pour protéger votre téléphone."
"39164";"Rouler à moto sans une assurance adaptée vous expose à de lourdes conséquences financières en cas d'accident ou de vol. Ce guide comparera les formules tiers, intermédiaires et tous risques pour deux-roues. Vous consulterez aussi les <a href=""""https://meilleurtest.fr/comparatif-casque-moto/"""">meilleurs casques moto</a>, les <a href=""""https://meilleurtest.fr/comparatif-assurance-de-carte-bancaire/"""">assurances de carte bancaire</a> et les <a href=""""https://meilleurtest.fr/comparatif-assurance-voyage/"""">assurances voyage</a>. Notre sélection vous orientera vers la meilleure assurance moto pour votre deux-roues."
"38079";"Avec l'âge, les besoins en soins de santé augmentent et les cotisations de mutuelle aussi. Ce guide comparera les contrats qui offrent des remboursements élevés en optique, dentaire et hospitalisation pour les seniors. Vous découvrirez aussi les <a href=""""https://meilleurtest.fr/comparatif-surcomplementaire-sante/"""">surcomplémentaires santé</a>, les <a href=""""https://meilleurtest.fr/comparatif-mutuelle-optique/"""">mutuelles optiques</a>, les <a href=""""https://meilleurtest.fr/comparatif-mutuelle-dentaire-pour-implants/"""">mutuelles dentaires pour implants</a> et les <a href=""""https://meilleurtest.fr/comparatif-mutuelle-optique-dentaire/"""">mutuelles optique dentaire</a>. Vous trouverez ici la meilleure mutuelle santé pour seniors."
"38061";"Quand on débute dans la vie active, les dépenses de santé passent souvent au second plan. Ce guide comparera les mutuelles jeunes qui allient couverture efficace et cotisations abordables. Vous découvrirez aussi les <a href=""""https://meilleurtest.fr/comparatif-mutuelle-etudiante/"""">mutuelles étudiantes</a>, les <a href=""""https://meilleurtest.fr/comparatif-mutuelle-optique/"""">mutuelles optiques</a> et les <a href=""""https://meilleurtest.fr/comparatif-mutuelle-dentaire-pour-implants/"""">mutuelles dentaires pour implants</a>. Notre sélection vous orientera vers la meilleure mutuelle santé pour jeunes."
"37814";"L'assurance vie reste le placement préféré des Français pour se constituer un capital et préparer la transmission de patrimoine. Ce guide comparera les contrats en fonds euros, unités de compte et supports immobiliers. Vous découvrirez aussi les <a href=""""https://meilleurtest.fr/comparatif-assurance-vie-scpi/"""">assurances vie SCPI</a>, les <a href=""""https://meilleurtest.fr/comparatif-assurance-emprunteur/"""">assurances emprunteur</a> et les <a href=""""https://meilleurtest.fr/comparatif-pea/"""">meilleurs PEA</a>. Notre sélection vous orientera vers la meilleure assurance vie pour votre épargne."
"37801";"Votre carte bancaire inclut souvent des garanties méconnues, de l'assurance voyage à la protection contre le vol et la casse. Ce guide comparera les couvertures proposées selon le type de carte et leurs conditions d'activation. Vous consulterez aussi les <a href=""""https://meilleurtest.fr/comparatif-carte-bancaire/"""">meilleures cartes bancaires</a>, les <a href=""""https://meilleurtest.fr/comparatif-assurance-voyage/"""">assurances voyage</a> et les <a href=""""https://meilleurtest.fr/comparatif-assurance-mobile/"""">assurances mobile</a>. Vous trouverez ici la meilleure assurance de carte bancaire pour vos besoins."
"42722";"Les écouteurs intra-auriculaires à réduction de bruit combinent compacité et isolation sonore active pour une écoute sereine au quotidien. Plus discrets qu'un <a href=""https://meilleurtest.fr/comparatif-casques-a-reduction-de-bruit/"">casque à réduction de bruit</a>, ils se glissent dans une poche. Des modèles performants existent <a href=""https://meilleurtest.fr/comparatif-ecouteurs-a-reduction-de-bruit-a-moins-de-100-euros/"">à moins de 100 euros</a>, y compris en version <a href=""https://meilleurtest.fr/comparatif-ecouteurs-intra-auriculaires-sans-fil/"">sans fil</a>. Ce guide vous aidera à trouver les meilleurs intra-auriculaires à réduction de bruit."
"42676";"Sony propose une gamme de casques couvrant tous les usages, du modèle <a href=""https://meilleurtest.fr/comparatif-casque-bluetooth-sony/"">Bluetooth à réduction de bruit</a> au casque de studio. Chaque référence mise sur la qualité sonore caractéristique de la marque. Que vous privilégiez un <a href=""https://meilleurtest.fr/comparatif-casque-sony-sans-fil/"">casque sans fil</a> pour vos déplacements ou un modèle <a href=""https://meilleurtest.fr/comparatif-casque-audio-filaire/"">filaire</a> pour l'écoute sédentaire, ce guide vous orientera vers le casque Sony qui correspond à votre profil."
"42597";"Les écouteurs intra-auriculaires sans fil offrent une liberté de mouvement totale grâce à l'absence de câble. Leur format compact les rend idéaux pour le <a href=""https://meilleurtest.fr/comparatif-ecouteurs-sans-fil-pour-le-sport/"">sport</a> comme pour les trajets quotidiens. Certains modèles intègrent une <a href=""https://meilleurtest.fr/comparatif-ecouteurs-intra-auriculaires-a-reduction-de-bruit/"">réduction de bruit active</a>, tandis que d'autres privilégient l'autonomie ou la qualité <a href=""https://meilleurtest.fr/comparatif-ecouteurs-pour-audiophiles/"">audiophile</a>. Ce guide vous aidera à choisir les intra-auriculaires sans fil les plus adaptés."
"42547";"Un ampli tuner CD regroupe amplificateur, tuner radio et lecteur CD en un seul appareil, idéal pour une <a href=""https://meilleurtest.fr/comparatif-chaine-hifi/"">chaîne hi-fi</a> compacte. Ce format tout-en-un simplifie l'installation par rapport à un <a href=""https://meilleurtest.fr/comparatif-ampli-tuner/"">ampli tuner</a> et un lecteur séparés. Associé à de bonnes <a href=""https://meilleurtest.fr/comparatif-enceinte-hifi/"">enceintes hi-fi</a>, il délivrera un son convaincant. Ce guide vous aidera à choisir le meilleur ampli tuner CD."
"42512";"Un récepteur Bluetooth pour ampli hi-fi permet de diffuser sans fil la musique de votre téléphone vers votre installation existante. C'est la solution la plus simple pour moderniser un <a href=""https://meilleurtest.fr/comparatif-ampli-hifi/"">ampli hi-fi</a> classique sans le remplacer. Contrairement à un <a href=""https://meilleurtest.fr/comparatif-ampli-hifi-connecte/"">ampli connecté</a>, il s'ajoute à votre équipement actuel. Ce guide vous aidera à choisir le meilleur récepteur Bluetooth pour <a href=""https://meilleurtest.fr/comparatif-enceinte-hifi/"">votre système hi-fi</a>."
"42508";"Un système multiroom diffuse la musique dans plusieurs pièces de votre logement, avec un contrôle centralisé depuis votre téléphone. Chaque <a href=""https://meilleurtest.fr/comparatif-enceinte-wifi/"">enceinte Wi-Fi</a> fonctionne de manière indépendante ou synchronisée selon vos envies. Certains systèmes s'intègrent aux assistants vocaux des <a href=""https://meilleurtest.fr/comparatif-enceinte-connectee-intelligente/"">enceintes connectées</a> et se complètent avec un <a href=""https://meilleurtest.fr/comparatif-streamer-hifi-audiophile/"">streamer hi-fi</a> pour les pièces principales. Ce guide vous aidera à composer le système multiroom adapté à votre habitat."
"42501";"Un ampli casque audiophile révèle le potentiel sonore de votre <a href=""https://meilleurtest.fr/comparatif-casque-hifi/"">casque hi-fi</a> en lui fournissant une amplification dédiée et précise. Associé à un <a href=""https://meilleurtest.fr/comparatif-dac-audiophile/"">DAC audiophile</a>, il constitue la base d'une chaîne d'écoute au casque haut de gamme. Certains modèles combinent les deux fonctions dans un <a href=""https://meilleurtest.fr/comparatif-amplificateur-dac-pour-casque-audio/"">amplificateur-DAC intégré</a>. Ce guide vous orientera vers l'ampli casque audiophile qui sublimera votre écoute."
"42463";"Un streamer hi-fi audiophile donne accès à vos plateformes musicales et fichiers haute résolution avec une qualité de conversion supérieure. Intégré à une <a href=""https://meilleurtest.fr/comparatif-chaine-hifi/"">chaîne hi-fi</a>, il remplace avantageusement un lecteur CD. Couplé à un bon <a href=""https://meilleurtest.fr/comparatif-dac-audiophile/"">DAC</a> et à un <a href=""https://meilleurtest.fr/comparatif-ampli-hifi/"">ampli hi-fi</a> de qualité, il formera un ensemble cohérent. Ce guide vous aidera à choisir le streamer audiophile adapté à votre installation."
"42462";"Le poste radio DAB+ capte la radio numérique terrestre, offrant un son plus clair et un choix de stations plus large que la FM analogique. Certains modèles intègrent une connexion <a href=""https://meilleurtest.fr/comparatif-radio-internet-wifi/"">Wi-Fi pour la radio internet</a>, un lecteur <a href=""https://meilleurtest.fr/comparatif-radio-cd-usb/"">CD ou USB</a>, voire une fonction <a href=""https://meilleurtest.fr/comparatif-radio-reveil-projecteur/"">réveil</a>. Ce guide vous aidera à choisir le poste radio DAB+ adapté à votre pièce et à vos habitudes d'écoute."
"42432";"Un récepteur Bluetooth pour chaîne hi-fi transforme votre <a href=""https://meilleurtest.fr/comparatif-chaine-hifi/"">installation existante</a> en système sans fil, sans changer d'équipement. Il suffit de le brancher sur une entrée auxiliaire pour diffuser la musique depuis votre téléphone. Moins coûteux qu'un <a href=""https://meilleurtest.fr/comparatif-ampli-hifi-connecte/"">ampli connecté</a>, il se combine aussi avec un <a href=""https://meilleurtest.fr/comparatif-emetteur-bluetooth/"">émetteur Bluetooth</a>. Ce guide vous aidera à trouver le meilleur récepteur Bluetooth pour chaîne hi-fi."
"42152";"Un DAC audiophile convertit le signal numérique en analogique avec une précision supérieure à celle des puces intégrées dans les téléphones ou ordinateurs. Associé à un <a href=""https://meilleurtest.fr/comparatif-ampli-casque-audiophile/"">ampli casque</a> et à un <a href=""https://meilleurtest.fr/comparatif-casque-hifi/"">casque hi-fi</a>, il révèle les détails des enregistrements haute résolution. Les modèles <a href=""https://meilleurtest.fr/comparatif-dac-usb/"">DAC USB</a> portables conviennent aussi aux auditeurs nomades. Ce guide vous aidera à choisir le DAC audiophile adapté à votre écoute."
"42145";"Les écouteurs sans fil non intra-auriculaires se posent dans le pavillon de l'oreille sans pénétrer le conduit auditif, un format plus confortable pour de longues écoutes. Moins isolants que des <a href=""https://meilleurtest.fr/comparatif-ecouteurs-intra-auriculaires-sans-fil/"">intra-auriculaires</a>, ils laissent percevoir l'environnement. Les modèles à <a href=""https://meilleurtest.fr/comparatif-ecouteurs-a-conduction-osseuse/"">conduction osseuse</a> poussent ce principe plus loin. Ce guide vous orientera vers les écouteurs sans fil <a href=""https://meilleurtest.fr/comparatif-ecouteur-true-wireless/"">true wireless</a> non intra les plus convaincants."
"42087";"Une enceinte Wi-Fi se connecte à votre réseau domestique pour diffuser la musique depuis vos plateformes de streaming avec une qualité supérieure au Bluetooth. Plusieurs enceintes Wi-Fi peuvent former un <a href=""https://meilleurtest.fr/comparatif-systeme-multiroom/"">système multiroom</a> couvrant tout le logement. Certaines intègrent un assistant vocal comme les <a href=""https://meilleurtest.fr/comparatif-enceinte-connectee-intelligente/"">enceintes connectées</a> et rivalisent avec les meilleures <a href=""https://meilleurtest.fr/comparatif-enceinte-bluetooth/"">enceintes Bluetooth</a>. Ce guide vous aidera à choisir l'enceinte Wi-Fi adaptée à votre usage."
"42067";"Une enceinte pour voiture remplace les haut-parleurs d'origine pour offrir un son plus riche et détaillé. Coaxiales ou composants séparés, elles s'adaptent aux emplacements de votre véhicule. Pour les environnements humides, les <a href=""https://meilleurtest.fr/comparatif-haut-parleur-marine/"">haut-parleurs marines</a> constituent une alternative résistante. Associées à un bon amplificateur, elles surpasseront toute <a href=""https://meilleurtest.fr/comparatif-enceinte-bluetooth/"">enceinte Bluetooth</a> nomade en puissance. Ce guide vous aidera à choisir les <a href=""https://meilleurtest.fr/comparatif-haut-parleur-voiture/"">haut-parleurs</a> adaptés à votre voiture."
"42045";"Un casque Bluetooth pour TV Samsung vous permet de regarder vos programmes sans déranger votre entourage. Le couplage se fait via le Bluetooth natif du <a href=""https://meilleurtest.fr/comparatif-televiseur/"">téléviseur</a>. Pour le son partagé, une <a href=""https://meilleurtest.fr/comparatif-barre-de-son-samsung/"">barre de son Samsung</a> prendra le relais, tandis qu'un <a href=""https://meilleurtest.fr/comparatif-casque-tv-sans-fil/"">casque TV sans fil</a> universel conviendra à d'autres marques. Ce guide vous orientera vers le casque Bluetooth idéal pour votre TV Samsung."
"42017";"Les enceintes bibliothèques hi-fi offrent un rendu sonore détaillé dans un format compact, idéal pour les pièces de taille moyenne. Posées sur un meuble ou des pieds dédiés, elles s'intègrent facilement à une <a href=""https://meilleurtest.fr/comparatif-chaine-hifi/"">chaîne hi-fi</a> existante. Plus accessibles que des <a href=""https://meilleurtest.fr/comparatif-enceinte-colonne/"">enceintes colonnes</a>, elles délivrent un son précis lorsqu'elles sont associées à un bon <a href=""https://meilleurtest.fr/comparatif-ampli-hifi/"">ampli hi-fi</a>. Ce guide vous aidera à choisir les meilleures enceintes bibliothèques hi-fi."
"42013";"Un casque TV sans fil pour malentendant amplifie le son du téléviseur sans gêner l'entourage. Il intègre des réglages de tonalité et de clarté vocale adaptés aux pertes auditives, à la différence d'un <a href=""https://meilleurtest.fr/comparatif-casque-tv-sans-fil/"">casque TV standard</a>. Un modèle <a href=""https://meilleurtest.fr/comparatif-casque-tv-filaire/"">filaire</a> conviendra si la latence vous gêne, et une <a href=""https://meilleurtest.fr/comparatif-barre-de-son-tv/"">barre de son</a> complètera le dispositif pour le son partagé. Ce guide vous orientera vers le casque TV pour malentendant le plus adapté."
"41975";"Une barre de son sans caisson de basses regroupe tous les haut-parleurs dans un seul bloc compact, idéal sous un <a href=""https://meilleurtest.fr/comparatif-televiseur/"">téléviseur</a>. Ce format convient aux petits espaces où un caisson serait encombrant. Les modèles haut de gamme offrent un rendu grave satisfaisant. Pour un son surround, un <a href=""https://meilleurtest.fr/comparatif-home-cinema/"">home cinéma</a> ou un système <a href=""https://meilleurtest.fr/comparatif-barre-de-son-5-1/"">5.1</a> sera plus indiqué. Ce guide vous aidera à choisir la meilleure barre de son sans caisson."
"41960";"Une enceinte connectée haut de gamme allie qualité sonore audiophile et assistant vocal intégré. Au-delà de la simple <a href=""https://meilleurtest.fr/comparatif-enceinte-connectee-intelligente/"">enceinte connectée</a> d'entrée de gamme, elle délivre un son riche et détaillé dans une grande pièce. Certains modèles fonctionnent avec <a href=""https://meilleurtest.fr/comparatif-enceinte-alexa/"">Alexa</a> et s'intègrent à un <a href=""https://meilleurtest.fr/comparatif-systeme-multiroom/"">système multiroom</a>. Ce guide vous aidera à choisir l'enceinte connectée haut de gamme la plus adaptée à votre salon."
"41942";"Une enceinte Bluetooth haut de gamme offre un rendu sonore proche d'une <a href=""https://meilleurtest.fr/comparatif-enceinte-hifi/"">enceinte hi-fi</a> avec la praticité du sans-fil. Elle se distingue des modèles <a href=""https://meilleurtest.fr/comparatif-enceinte-bluetooth-pas-chere/"">pas chers</a> par des matériaux nobles, une puissance supérieure et un son plus détaillé. Certaines rivalisent avec les <a href=""https://meilleurtest.fr/comparatif-enceinte-bluetooth-puissante/"">enceintes Bluetooth puissantes</a> pour sonoriser de grands espaces. Ce guide vous aidera à choisir l'enceinte Bluetooth haut de gamme adaptée à vos exigences."
"41938";"Un ampli vintage séduit par son caractère sonore chaleureux et son esthétique rétro. Qu'il s'agisse d'un modèle à transistors ou à tubes, il se marie avec des <a href=""https://meilleurtest.fr/comparatif-enceinte-hifi/"">enceintes hi-fi</a> et un <a href=""https://meilleurtest.fr/comparatif-preampli-phono/"">préampli phono</a> pour écouter vos vinyles. Contrairement à un <a href=""https://meilleurtest.fr/comparatif-ampli-hifi/"">ampli hi-fi</a> moderne, il demande parfois un entretien spécifique. Ce guide vous orientera vers le meilleur ampli vintage."
"41919";"Les écouteurs sans fil pour le sport résistent à la transpiration et tiennent fermement en place pendant l'effort. Les modèles à <a href=""https://meilleurtest.fr/comparatif-ecouteurs-a-conduction-osseuse/"">conduction osseuse</a> laissent l'oreille ouverte pour la course en extérieur, tandis que les <a href=""https://meilleurtest.fr/comparatif-ecouteur-de-running-sans-fil/"">écouteurs de running</a> classiques isolent davantage. Un <a href=""https://meilleurtest.fr/comparatif-casque-bluetooth-sport/"">casque Bluetooth sport</a> avec arceau conviendra aux entraînements intenses. Ce guide vous aidera à choisir les écouteurs sans fil sportifs les plus adaptés."
"41901";"Les enceintes hi-fi constituent le maillon final de votre chaîne audio et déterminent largement la qualité du son. Compactes en <a href=""https://meilleurtest.fr/comparatif-enceinte-bibliotheque-hi-fi/"">format bibliothèque</a> ou imposantes en <a href=""https://meilleurtest.fr/comparatif-enceinte-colonne/"">colonne</a>, elles s'associent à un <a href=""https://meilleurtest.fr/comparatif-ampli-hifi/"">ampli hi-fi</a> pour restituer vos enregistrements avec fidélité. Les modèles <a href=""https://meilleurtest.fr/comparatif-enceinte-hifi-haut-de-gamme/"">haut de gamme</a> offrent une scène sonore remarquable. Ce guide vous aidera à trouver les enceintes hi-fi adaptées à votre pièce."
"41897";"Les enceintes hi-fi haut de gamme repoussent les limites de la restitution sonore grâce à des matériaux nobles et une conception acoustique soignée. Elles surpassent les <a href=""https://meilleurtest.fr/comparatif-enceinte-hifi/"">enceintes hi-fi</a> classiques en précision et en richesse de timbres. Disponibles en <a href=""https://meilleurtest.fr/comparatif-enceinte-bibliotheque-hi-fi/"">format bibliothèque</a> ou en <a href=""https://meilleurtest.fr/comparatif-enceinte-colonne/"">colonne</a>, elles exigent un <a href=""https://meilleurtest.fr/comparatif-ampli-hifi/"">ampli</a> à la hauteur pour exprimer leur potentiel. Ce guide vous orientera vers les meilleures enceintes hi-fi haut de gamme."
"41851";"Les enceintes Bluetooth se sont imposées comme l'accessoire audio le plus polyvalent, du pique-nique au salon. Les modèles <a href=""https://meilleurtest.fr/comparatif-enceinte-bluetooth-etanche/"">étanches</a> accompagnent les sorties en plein air, tandis que les versions <a href=""https://meilleurtest.fr/comparatif-enceinte-bluetooth-puissante/"">puissantes</a> sonorisent une fête. Si votre budget est limité, des options performantes existent <a href=""https://meilleurtest.fr/comparatif-enceinte-bluetooth-pas-chere/"">à petit prix</a>, et les audiophiles trouveront des modèles <a href=""https://meilleurtest.fr/comparatif-enceinte-bluetooth-haut-de-gamme/"">haut de gamme</a>. Ce guide vous aidera à choisir l'enceinte Bluetooth adaptée à vos besoins."
"41452";"Un ampli pour casque fournit une amplification dédiée qui améliore sensiblement le rendu de votre casque audio. Il révèle les détails et la dynamique que la sortie d'un téléphone ou d'un ordinateur ne restitue pas. Les modèles <a href=""https://meilleurtest.fr/comparatif-ampli-casque-audiophile/"">audiophiles</a> se destinent aux <a href=""https://meilleurtest.fr/comparatif-casque-hifi/"">casques hi-fi</a> exigeants, et un <a href=""https://meilleurtest.fr/comparatif-dac-audiophile/"">DAC audiophile</a> complétera la chaîne. Ce guide vous orientera vers l'ampli pour casque adapté à votre installation."
"41433";"Un micro pour smartphone améliore considérablement la qualité audio de vos vidéos, podcasts ou interviews réalisés avec votre téléphone. Le son du micro intégré reste limité, surtout en extérieur. Un <a href=""https://meilleurtest.fr/comparatif-micro-cravate/"">micro-cravate</a> conviendra aux vlogs, un <a href=""https://meilleurtest.fr/comparatif-micro-sans-fil/"">micro sans fil</a> aux interviews, et un modèle directionnel aux captations précises. Ce guide vous aidera à choisir le <a href=""https://meilleurtest.fr/comparatif-microphone/"">microphone</a> pour smartphone le mieux adapté à votre contenu."
"41412";"Un micro de karaoké Bluetooth combine microphone et haut-parleur intégré pour chanter partout sans installation complexe. Il se connecte sans fil à votre téléphone ou à une <a href=""https://meilleurtest.fr/comparatif-enceinte-bluetooth/"">enceinte Bluetooth</a> pour plus de puissance. Les meilleurs modèles offrent des effets vocaux et un éclairage LED. Pour un usage scénique, un <a href=""https://meilleurtest.fr/comparatif-micro-chant/"">micro de chant</a> ou un <a href=""https://meilleurtest.fr/comparatif-micro-sans-fil/"">micro sans fil</a> sera plus adapté. Ce guide vous orientera vers le micro de karaoké Bluetooth idéal."
"41408";"La sélection d'enceintes disponibles sur Amazon couvre tous les usages et budgets, des modèles connectés <a href=""https://meilleurtest.fr/comparatif-enceinte-alexa/"">Alexa</a> aux <a href=""https://meilleurtest.fr/comparatif-enceinte-bluetooth/"">enceintes Bluetooth</a> nomades. Le catalogue est vaste et les écarts de qualité importants entre les références. Une <a href=""https://meilleurtest.fr/comparatif-enceinte-connectee-intelligente/"">enceinte connectée</a> avec assistant vocal conviendra au salon, tandis qu'un modèle compact accompagnera vos sorties. Ce guide vous aidera à identifier les meilleures enceintes parmi l'offre Amazon."
"41372";"Un baladeur audiophile lit les fichiers haute résolution (FLAC, DSD) avec un DAC et un ampli intégrés de qualité supérieure. Il surpasse largement un téléphone pour l'écoute nomade avec un <a href=""https://meilleurtest.fr/comparatif-casque-hifi/"">casque hi-fi</a> ou des <a href=""https://meilleurtest.fr/comparatif-ecouteurs-pour-audiophiles/"">écouteurs audiophiles</a>. Certains modèles servent aussi de <a href=""https://meilleurtest.fr/comparatif-dac-usb/"">DAC USB</a> pour ordinateur. Ce guide vous aidera à choisir le baladeur audiophile adapté à vos exigences sonores et à votre mobilité."
"41320";"Un micro pour appareil photo remplace le micro intégré de votre boîtier pour capturer un son clair et détaillé lors de vos tournages. Directionnel ou <a href=""https://meilleurtest.fr/comparatif-micro-cravate/"">micro-cravate</a>, il s'adapte aux interviews comme aux captations d'ambiance. Un <a href=""https://meilleurtest.fr/comparatif-micro-sans-fil/"">modèle sans fil</a> offrira plus de liberté de mouvement. Les vidéastes et <a href=""https://meilleurtest.fr/comparatif-camera-pour-youtubeur/"">créateurs de contenu</a> y trouveront un gain de qualité immédiat. Ce guide vous aidera à choisir le meilleur micro pour appareil photo."
"41316";"Un émetteur Bluetooth ajoute la connectivité sans fil à un appareil qui n'en dispose pas, comme un téléviseur, une chaîne hi-fi ou un <a href=""https://meilleurtest.fr/comparatif-lecteur-mp3/"">lecteur MP3</a> ancien. Il transmet le signal audio vers votre <a href=""https://meilleurtest.fr/comparatif-casque-bluetooth/"">casque Bluetooth</a> ou vos enceintes sans fil. Associé à un <a href=""https://meilleurtest.fr/comparatif-recepteur-bluetooth-pour-ampli-hifi/"">récepteur Bluetooth</a>, il crée un pont audio complet. Ce guide vous aidera à choisir l'émetteur Bluetooth le plus fiable et polyvalent."
"41309";"Un ampli tuner combine amplificateur et tuner radio FM/DAB+ en un seul appareil, simplifiant la composition d'une <a href=""https://meilleurtest.fr/comparatif-chaine-hifi/"">chaîne hi-fi</a>. Il alimente directement vos <a href=""https://meilleurtest.fr/comparatif-enceinte-hifi/"">enceintes hi-fi</a> tout en captant vos stations préférées. Pour un appareil encore plus complet, un <a href=""https://meilleurtest.fr/comparatif-ampli-tuner-cd/"">ampli tuner CD</a> intègre aussi la lecture de disques. Ce guide vous aidera à choisir l'ampli tuner adapté à votre écoute quotidienne."
"41267";"Un micro sans fil offre une liberté de mouvement totale lors de vos présentations, spectacles ou tournages. La transmission radio garantit un son stable sans câble. Pour les interviews, un <a href=""https://meilleurtest.fr/comparatif-micro-cravate/"">micro-cravate</a> sans fil sera idéal. Les streamers préféreront un <a href=""https://meilleurtest.fr/comparatif-micro-de-streaming/"">micro de streaming</a> fixe, et les vidéastes un <a href=""https://meilleurtest.fr/comparatif-micro-pour-smartphone/"">micro pour smartphone</a>. Ce guide vous orientera vers le micro sans fil le plus adapté à votre activité."
"41197";"Les haut-parleurs marines sont conçus pour résister au sel, à l'humidité et aux UV, ce qui les rend indispensables sur un bateau ou un jet-ski. Leur traitement anticorrosion les distingue des <a href=""https://meilleurtest.fr/comparatif-enceinte-pour-voiture/"">enceintes pour voiture</a> classiques. Pour un usage en extérieur terrestre, les <a href=""https://meilleurtest.fr/comparatif-enceinte-d-exterieur/"">enceintes d'extérieur</a> ou les modèles <a href=""https://meilleurtest.fr/comparatif-enceinte-bluetooth-etanche/"">Bluetooth étanches</a> constitueront une alternative. Ce guide vous aidera à choisir les meilleurs haut-parleurs marines."
"41188";"Une enceinte active intègre son propre amplificateur, ce qui simplifie l'installation : il suffit de la brancher à une source audio, sans <a href=""https://meilleurtest.fr/comparatif-ampli-hifi/"">ampli hi-fi</a> séparé. Ce format convient aux bureaux, studios et petits espaces. Les modèles <a href=""https://meilleurtest.fr/comparatif-enceinte-bibliotheque-hi-fi/"">bibliothèques</a> restent compacts, tandis que certaines enceintes actives rivalisent avec les meilleures <a href=""https://meilleurtest.fr/comparatif-enceinte-hifi/"">enceintes hi-fi</a> passives. Ce guide vous aidera à choisir l'enceinte active adaptée à votre usage."
"41154";"L'enceinte centrale restitue principalement les dialogues dans un système home cinéma, un rôle essentiel pour la compréhension des films. Placée sous le <a href=""https://meilleurtest.fr/comparatif-televiseur/"">téléviseur</a>, elle complète les <a href=""https://meilleurtest.fr/comparatif-enceinte-de-home-cinema/"">enceintes surround</a>. Pour un système plus compact, une <a href=""https://meilleurtest.fr/comparatif-barre-de-son-tv/"">barre de son</a> regroupera toutes les voies en un seul bloc. Ce guide vous aidera à choisir l'enceinte centrale adaptée à votre installation."
"41119";"Yamaha occupe une place majeure dans l'amplification hi-fi grâce à des modèles fiables et musicaux, du premier prix à la gamme audiophile. Un ampli Yamaha s'associe naturellement à des <a href=""https://meilleurtest.fr/comparatif-enceinte-hifi/"">enceintes hi-fi</a> de qualité et peut intégrer un <a href=""https://meilleurtest.fr/comparatif-ampli-tuner/"">tuner</a> pour la radio. La marque propose aussi des <a href=""https://meilleurtest.fr/comparatif-synthetiseur-yamaha/"">synthétiseurs</a> et des équipements de studio. Ce guide vous orientera vers l'ampli hi-fi Yamaha adapté à vos besoins."
"40652";"JBL propose une gamme complète de casques, du modèle d'entrée de gamme au <a href=""https://meilleurtest.fr/comparatif-casque-jbl-sans-fil/"">casque sans fil</a> performant. La marque est reconnue pour son rendu sonore généreux et ses basses profondes. Certains modèles <a href=""https://meilleurtest.fr/comparatif-casque-bluetooth-jbl/"">Bluetooth JBL</a> intègrent la réduction de bruit, et la gamme s'étend aussi aux <a href=""https://meilleurtest.fr/comparatif-ecouteur-sans-fil-jbl/"">écouteurs sans fil</a>. Ce guide vous aidera à choisir le casque JBL correspondant à votre usage."
"40632";"Bose s'est imposé comme une référence de la <a href=""https://meilleurtest.fr/comparatif-casques-a-reduction-de-bruit/"">réduction de bruit</a> active, avec des casques au confort reconnu pour les longs trajets. La gamme couvre les modèles <a href=""https://meilleurtest.fr/comparatif-casque-bose-sans-fil/"">sans fil</a> pour la mobilité et les versions filaires pour le studio. Associé aux <a href=""https://meilleurtest.fr/comparatif-enceinte-bose/"">enceintes Bose</a>, l'écosystème de la marque forme un ensemble cohérent. Ce guide vous orientera vers le casque Bose adapté à vos habitudes d'écoute."
"40629";"Logitech conçoit des casques orientés vers le <a href=""https://meilleurtest.fr/comparatif-casque-gamer/"">gaming</a> et les communications en ligne, avec un accent sur le confort prolongé et le <a href=""https://meilleurtest.fr/comparatif-casque-micro/"">micro intégré</a>. La gamme va du modèle abordable au <a href=""https://meilleurtest.fr/comparatif-casque-logitech-sans-fil/"">casque sans fil</a> haut de gamme avec son surround virtuel. Le logiciel de la marque permet d'ajuster l'égalisation et le micro. Ce guide vous aidera à choisir le casque Logitech adapté à votre usage."
"40589";"Les enceintes Alexa intègrent l'assistant vocal d'Amazon pour contrôler votre musique et vos objets connectés à la voix. Elles fonctionnent aussi comme <a href=""https://meilleurtest.fr/comparatif-enceinte-wifi/"">enceinte Wi-Fi</a> pour le streaming musical. Les modèles premium rivalisent avec les <a href=""https://meilleurtest.fr/comparatif-enceinte-connectee-haut-de-gamme/"">enceintes connectées haut de gamme</a>, tandis que d'autres <a href=""https://meilleurtest.fr/comparatif-enceinte-amazon/"">enceintes Amazon</a> privilégient la compacité. Ce guide vous aidera à choisir l'enceinte Alexa la mieux adaptée à votre quotidien."
"40584";"Les casques Logitech sans fil se destinent aux joueurs et aux professionnels en visioconférence, avec une connexion stable par dongle USB ou Bluetooth. Ils offrent un <a href=""https://meilleurtest.fr/comparatif-casque-micro-bluetooth/"">micro intégré</a> de qualité et un confort adapté aux longues sessions. La gamme complète la version <a href=""https://meilleurtest.fr/comparatif-casque-logitech/"">filaire</a> de la marque et rivalise avec les <a href=""https://meilleurtest.fr/comparatif-casque-gamer/"">casques gamer</a> concurrents. Ce guide vous orientera vers le meilleur casque Logitech sans fil."
"40583";"Motorola propose des talkies-walkies robustes, adaptés aux loisirs de plein air comme aux usages professionnels. La marque couvre les randonnées familiales et les situations exigeantes avec des <a href=""https://meilleurtest.fr/comparatif-talkie-walkie-longue-portee/"">modèles longue portée</a>. Les amateurs de chasse trouveront des versions <a href=""https://meilleurtest.fr/comparatif-talkie-walkie-pour-chasse/"">spécialisées</a>, et les <a href=""https://meilleurtest.fr/comparatif-talkie-walkie-rechargeable/"">modèles rechargeables</a> évitent le coût des piles. Ce guide vous orientera vers le talkie-walkie Motorola adapté à votre activité."
"40580";"Marshall transpose son héritage sonore de la scène vers des casques Bluetooth au design vintage reconnaissable. Le rendu chaleureux et les graves généreux séduiront les amateurs de rock et de musiques amplifiées. Face aux autres <a href=""https://meilleurtest.fr/comparatif-casque-bluetooth/"">casques Bluetooth</a>, ils se distinguent par leur identité sonore. La marque décline aussi des <a href=""https://meilleurtest.fr/comparatif-enceinte-bluetooth-marshall/"">enceintes</a> au même caractère. Ce guide vous aidera à trouver le casque Marshall adapté parmi les modèles <a href=""https://meilleurtest.fr/comparatif-casque-audio-haut-de-gamme/"">haut de gamme</a>."
"40579";"Beats associe design soigné et basses généreuses, une signature sonore qui a fait la réputation de la marque. Les <a href=""https://meilleurtest.fr/comparatif-casque-bluetooth/"">casques Bluetooth</a> actuels intègrent la puce Apple pour un appairage instantané avec l'écosystème. Certains modèles proposent la <a href=""https://meilleurtest.fr/comparatif-casques-a-reduction-de-bruit/"">réduction de bruit</a> active. Les <a href=""https://meilleurtest.fr/comparatif-ecouteurs-sans-fil-beats/"">écouteurs sans fil Beats</a> offrent une alternative compacte. Ce guide vous orientera vers le casque Bluetooth Beats adapté à vos attentes."
"40578";"Sony excelle dans les <a href=""https://meilleurtest.fr/comparatif-casques-a-reduction-de-bruit/"">casques à réduction de bruit</a> Bluetooth, avec des modèles régulièrement plébiscités pour leur qualité sonore et leur confort. La gamme Bluetooth complète les <a href=""https://meilleurtest.fr/comparatif-casque-sony/"">casques Sony</a> filaires et s'étend aux modèles <a href=""https://meilleurtest.fr/comparatif-casque-sony-sans-fil/"">sans fil</a> avec audio spatiale. La marque propose aussi des <a href=""https://meilleurtest.fr/comparatif-ecouteur-sans-fil-sony/"">écouteurs sans fil</a> dans la même lignée. Ce guide vous aidera à identifier le casque Bluetooth Sony le plus adapté."
"40577";"LG propose des chaînes hi-fi polyvalentes, capables de sonoriser une pièce comme d'animer une soirée, avec Bluetooth intégré. Pour le son TV, une <a href=""https://meilleurtest.fr/comparatif-barre-de-son-lg/"">barre de son LG</a> sera plus adaptée, et une <a href=""https://meilleurtest.fr/comparatif-mini-chaine-hifi/"">mini-chaîne</a> conviendra aux espaces réduits. La gamme LG se compare utilement aux <a href=""https://meilleurtest.fr/comparatif-chaine-hifi/"">chaînes hi-fi</a> d'autres marques. Ce guide vous orientera vers la chaîne hi-fi LG adaptée à votre intérieur."
"40575";"Bose conçoit des chaînes hi-fi compactes au rendu sonore ample, caractéristique de la marque. Les systèmes Bose s'intègrent souvent à un <a href=""https://meilleurtest.fr/comparatif-systeme-multiroom/"">écosystème multiroom</a> pour une diffusion dans toute la maison. Les modèles <a href=""https://meilleurtest.fr/comparatif-chaine-hifi-haut-de-gamme/"">haut de gamme</a> offrent une qualité proche des installations hi-fi dédiées. Les <a href=""https://meilleurtest.fr/comparatif-enceinte-bose/"">enceintes Bose</a> complètent l'offre pour les auditeurs exigeants. Ce guide vous aidera à choisir la chaîne hi-fi Bose correspondant à votre écoute."
"40574";"Les écouteurs sans fil Beats combinent design reconnaissable et basses puissantes, une signature qui plaît aux amateurs de hip-hop et de pop. La puce Apple assure un appairage instantané avec l'écosystème de la marque. Certains modèles rivalisent avec les meilleurs <a href=""https://meilleurtest.fr/comparatif-ecouteurs-a-reduction-de-bruit/"">écouteurs à réduction de bruit</a>. Les <a href=""https://meilleurtest.fr/comparatif-casque-bluetooth-beats/"">casques Beats</a> offrent un format circum-aural alternatif. Ce guide vous aidera à choisir les <a href=""https://meilleurtest.fr/comparatif-ecouteur-true-wireless/"">écouteurs true wireless</a> Beats les plus adaptés."
"40572";"Samsung propose des écouteurs sans fil intégrés à l'écosystème Galaxy, avec appairage rapide et fonctions exclusives sur ses téléphones. Les modèles actuels offrent réduction de bruit et qualité sonore soignée. Les <a href=""https://meilleurtest.fr/comparatif-oreillettes-bluetooth-samsung/"">oreillettes Bluetooth Samsung</a> offrent un format alternatif plus discret. Des options performantes existent aussi <a href=""https://meilleurtest.fr/comparatif-ecouteurs-sans-fil-a-moins-de-100-euros/"">à moins de 100 euros</a> et en version <a href=""https://meilleurtest.fr/comparatif-ecouteur-samsung/"">filaire</a>. Ce guide vous aidera à choisir les écouteurs sans fil Samsung les plus adaptés."
"40571";"Philips propose des chaînes hi-fi accessibles et polyvalentes, avec un bon rapport qualité-prix pour l'écoute au quotidien. La marque décline aussi des <a href=""https://meilleurtest.fr/comparatif-barre-de-son-philips/"">barres de son</a> pour le cinéma à domicile. Une <a href=""https://meilleurtest.fr/comparatif-mini-chaine-hifi/"">mini-chaîne</a> conviendra aux espaces réduits, tandis que les <a href=""https://meilleurtest.fr/comparatif-chaine-hifi/"">chaînes hi-fi</a> toutes marques offriront un choix plus large. Ce guide vous aidera à choisir la chaîne hi-fi Philips adaptée à votre budget."
"40566";"Sony est une référence en matière d'écouteurs sans fil, avec des modèles régulièrement primés pour leur <a href=""https://meilleurtest.fr/comparatif-ecouteurs-a-reduction-de-bruit/"">réduction de bruit</a> et leur qualité sonore. La gamme couvre aussi bien l'usage quotidien que l'écoute audiophile. Les <a href=""https://meilleurtest.fr/comparatif-casque-bluetooth-sony/"">casques Bluetooth Sony</a> offrent un format circum-aural alternatif, et les <a href=""https://meilleurtest.fr/comparatif-casque-sony/"">casques Sony</a> filaires complètent la gamme. Ce guide vous aidera à choisir les écouteurs sans fil Sony les plus adaptés à votre usage."
"40562";"Philips propose des barres de son offrant un bon rapport qualité-prix pour améliorer le son de votre <a href=""https://meilleurtest.fr/comparatif-televiseur/"">téléviseur</a>. Certains modèles intègrent le Dolby Atmos ou un caisson sans fil. Pour un son TV encore plus complet, un <a href=""https://meilleurtest.fr/comparatif-home-cinema/"">système home cinéma</a> dédié conviendra mieux. La marque décline aussi des <a href=""https://meilleurtest.fr/comparatif-chaine-hifi-philips/"">chaînes hi-fi Philips</a> pour l'écoute musicale. Ce guide vous aidera à choisir la barre de son Philips adaptée à votre salon."
"40556";"Sony propose des chaînes hi-fi combinant puissance et fonctions connectées, avec Bluetooth, Wi-Fi et compatibilité haute résolution. La marque décline aussi des <a href=""https://meilleurtest.fr/comparatif-barre-de-son-sony/"">barres de son</a> pour le cinéma à domicile et des <a href=""https://meilleurtest.fr/comparatif-enceinte-bluetooth-sony/"">enceintes Bluetooth</a> nomades. Les modèles <a href=""https://meilleurtest.fr/comparatif-chaine-hifi-haut-de-gamme/"">haut de gamme</a> offrent une qualité sonore remarquable pour les auditeurs exigeants. Ce guide vous aidera à choisir la chaîne hi-fi Sony correspondant à votre usage."
"40553";"Les casques JBL sans fil se distinguent par leur signature sonore énergique et leur autonomie généreuse. Ils offrent un bon rapport qualité-prix face aux autres <a href=""https://meilleurtest.fr/comparatif-casque-bluetooth/"">casques Bluetooth</a> du marché. La gamme complète les <a href=""https://meilleurtest.fr/comparatif-casque-jbl/"">casques JBL</a> filaires et s'étend aux <a href=""https://meilleurtest.fr/comparatif-ecouteur-sans-fil-jbl/"">écouteurs sans fil JBL</a> pour un format plus compact. Ce guide vous aidera à choisir le casque JBL sans fil le mieux adapté à vos besoins."
"40551";"Les casques Bose sans fil sont plébiscités pour leur <a href=""https://meilleurtest.fr/comparatif-casques-a-reduction-de-bruit/"">réduction de bruit</a> parmi les plus efficaces du marché et leur confort sur les longs trajets. Chaque modèle offre un son équilibré et une application de personnalisation. La gamme filaire des <a href=""https://meilleurtest.fr/comparatif-casque-bose/"">casques Bose</a> convient au studio, et les <a href=""https://meilleurtest.fr/comparatif-ecouteur-sans-fil-bose/"">écouteurs sans fil</a> offrent un format plus discret. Ce guide vous orientera vers le casque Bose sans fil adapté à vos habitudes."
"40549";"Les oreillettes Bluetooth Samsung offrent une intégration poussée avec les téléphones Galaxy et des fonctions exclusives comme le partage audio. Plus discrètes qu'un casque, elles conviennent aux appels et à l'écoute quotidienne. Les <a href=""https://meilleurtest.fr/comparatif-ecouteur-sans-fil-samsung/"">écouteurs sans fil Samsung</a> offrent un format intra-auriculaire, et les <a href=""https://meilleurtest.fr/comparatif-mini-oreillette-bluetooth/"">mini-oreillettes</a> un design encore plus compact. Des modèles performants existent aussi <a href=""https://meilleurtest.fr/comparatif-ecouteur-sans-fil-pas-cher/"">à petit prix</a>. Ce guide vous aidera à choisir la meilleure oreillette Bluetooth Samsung."
"40546";"Sony décline des enceintes Bluetooth allant du modèle compact et étanche au haut-parleur de salon puissant. La qualité sonore caractérise la gamme, avec le codec LDAC pour un streaming haute résolution. Les <a href=""https://meilleurtest.fr/comparatif-enceinte-bluetooth/"">enceintes Bluetooth</a> toutes marques offrent un choix plus large. Les <a href=""https://meilleurtest.fr/comparatif-barre-de-son-sony/"">barres de son Sony</a> conviendront au cinéma, et les <a href=""https://meilleurtest.fr/comparatif-chaine-hifi-sony/"">chaînes hi-fi Sony</a> à l'écoute sédentaire. Ce guide vous aidera à choisir l'enceinte Bluetooth Sony adaptée à votre usage."
"40545";"Marshall transpose l'esthétique de ses amplificateurs de guitare dans des enceintes Bluetooth au caractère sonore affirmé. Revêtement vinyle et boutons dorés confèrent à chaque modèle un style distinctif. La gamme inclut aussi des <a href=""https://meilleurtest.fr/comparatif-enceinte-marshall/"">enceintes filaires</a>. Les <a href=""https://meilleurtest.fr/comparatif-enceinte-bluetooth-nomade/"">enceintes Bluetooth nomades</a> d'autres marques ou les modèles <a href=""https://meilleurtest.fr/comparatif-enceinte-bluetooth-haut-de-gamme/"">haut de gamme</a> offrent des alternatives. Ce guide vous orientera vers l'enceinte Bluetooth Marshall la plus adaptée à vos goûts."
"40543";"Les casques Bluetooth JBL séduisent par leur son généreux et leur autonomie confortable à un prix accessible. La marque propose des modèles avec réduction de bruit et des versions <a href=""https://meilleurtest.fr/comparatif-casque-jbl-sans-fil/"">sans fil</a> évoluées. Les <a href=""https://meilleurtest.fr/comparatif-casque-jbl/"">casques JBL</a> filaires offrent un prix encore plus bas, et les <a href=""https://meilleurtest.fr/comparatif-ecouteur-sans-fil-jbl/"">écouteurs sans fil JBL</a> conviendront aux amateurs de compacité. Ce guide vous orientera vers le casque Bluetooth JBL adapté à votre budget."
"40538";"Sony propose des barres de son réputées pour leur rendu sonore immersif et leur compatibilité native avec les téléviseurs de la marque. Les modèles <a href=""https://meilleurtest.fr/comparatif-barre-de-son-dolby-atmos/"">Dolby Atmos</a> créent un son tridimensionnel saisissant. Pour un système plus complet, un <a href=""https://meilleurtest.fr/comparatif-home-cinema/"">home cinéma</a> dédié sera plus adapté. Les <a href=""https://meilleurtest.fr/comparatif-chaine-hifi-sony/"">chaînes hi-fi Sony</a> conviendront à l'écoute musicale pure. Ce guide vous aidera à choisir la barre de son Sony adaptée à votre salon."
"40527";"Lexon conçoit des radios au design contemporain et minimaliste, aussi agréables à regarder qu'à écouter. Ces postes compacts trouvent leur place sur un bureau ou une table de nuit. Pour une réception numérique, les <a href=""https://meilleurtest.fr/comparatif-poste-radio-dab-plus/"">postes DAB+</a> offrent plus de stations, et une <a href=""https://meilleurtest.fr/comparatif-radio-internet-wifi/"">radio internet</a> donne accès aux stations du monde entier. Une <a href=""https://meilleurtest.fr/comparatif-enceinte-bluetooth/"">enceinte Bluetooth</a> sera plus polyvalente. Ce guide vous orientera vers la radio Lexon correspondant à vos goûts."
"40523";"Baofeng propose des talkies-walkies abordables et puissants, prisés des radioamateurs et des utilisateurs exigeants. La marque se distingue par des modèles programmables couvrant de nombreuses fréquences. Pour les randonnées en famille, des <a href=""https://meilleurtest.fr/comparatif-talkie-walkie/"">talkies-walkies</a> PMR446 plus simples conviendront. Les modèles <a href=""https://meilleurtest.fr/comparatif-talkie-walkie-longue-portee/"">longue portée</a> intéresseront les professionnels, et les versions <a href=""https://meilleurtest.fr/comparatif-talkie-walkie-rechargeable/"">rechargeables</a> réduiront le coût d'usage. Ce guide vous aidera à choisir le talkie-walkie Baofeng adapté à votre pratique."
"40513";"Yamaha applique son expertise acoustique à des barres de son au rendu riche et détaillé. Certains modèles intègrent un <a href=""https://meilleurtest.fr/comparatif-barre-de-son-5-1/"">système 5.1</a> virtuel, d'autres adoptent le Dolby Atmos. Pour une expérience cinéma complète, un <a href=""https://meilleurtest.fr/comparatif-home-cinema/"">home cinéma</a> dédié conviendra mieux. La marque décline aussi des <a href=""https://meilleurtest.fr/comparatif-ampli-hifi-yamaha/"">amplis hi-fi</a> pour les mélomanes. Ce guide vous orientera vers la barre de son Yamaha la plus adaptée à votre installation."
"40505";"JBL propose des barres de son à la signature sonore généreuse, avec des basses profondes caractéristiques de la marque. Les modèles se connectent en <a href=""https://meilleurtest.fr/comparatif-barre-de-son-bluetooth/"">Bluetooth</a> à votre téléphone pour la musique et en HDMI au <a href=""https://meilleurtest.fr/comparatif-barre-de-son-tv/"">téléviseur</a> pour les films. La gamme d'<a href=""https://meilleurtest.fr/comparatif-enceinte-bluetooth-jbl/"">enceintes Bluetooth JBL</a> complète l'offre pour l'écoute nomade. Ce guide vous aidera à choisir la barre de son JBL adaptée à votre salon."
"40479";"LG conçoit des barres de son pensées pour fonctionner en synergie avec ses téléviseurs, grâce à des protocoles de connexion simplifiés. Les modèles <a href=""https://meilleurtest.fr/comparatif-barre-de-son-dolby-atmos/"">Dolby Atmos</a> offrent un son immersif pour le cinéma à domicile. Pour un système plus complet, un <a href=""https://meilleurtest.fr/comparatif-home-cinema/"">home cinéma</a> dédié conviendra. La marque propose aussi des <a href=""https://meilleurtest.fr/comparatif-chaine-hifi-lg/"">chaînes hi-fi LG</a> pour l'écoute musicale. Ce guide vous aidera à choisir la barre de son LG adaptée à votre installation."
"40476";"Ce guide vous aidera à identifier les meilleurs écouteurs sans fil JBL selon vos usages. Vous y découvrirez une analyse de l'autonomie, du confort et de la restitution sonore propres à la gamme JBL. Vous pourrez aussi consulter nos sélections de <a href=""https://meilleurtest.fr/comparatif-casque-jbl/"">casques JBL</a>, de <a href=""https://meilleurtest.fr/comparatif-casque-bluetooth-jbl/"">casques bluetooth JBL</a>, de <a href=""https://meilleurtest.fr/comparatif-casque-jbl-sans-fil/"">casques JBL sans fil</a> et d'<a href=""https://meilleurtest.fr/comparatif-enceinte-bluetooth-jbl/"">enceintes bluetooth JBL</a>. Ce comparatif vous orientera vers les écouteurs sans fil JBL les plus convaincants."
"40459";"Ce guide vous présentera les meilleurs écouteurs sans fil Bose disponibles. Vous découvrirez une évaluation de la réduction de bruit, du confort et de la qualité audio de chaque modèle Bose. Nos comparatifs de <a href=""https://meilleurtest.fr/comparatif-casque-bose/"">casques Bose</a>, de <a href=""https://meilleurtest.fr/comparatif-casque-bose-sans-fil/"">casques Bose sans fil</a>, d'<a href=""https://meilleurtest.fr/comparatif-enceinte-bluetooth-bose/"">enceintes bluetooth Bose</a> et de <a href=""https://meilleurtest.fr/comparatif-barre-de-son-bose/"">barres de son Bose</a> compléteront votre recherche. Ce comparatif vous orientera vers les écouteurs sans fil Bose adaptés à vos attentes."
"40452";"Ce guide vous permettra de comparer les meilleures barres de son Samsung du marché. Vous y trouverez une analyse des performances sonores, de la connectivité et de la compatibilité avec votre installation. Nos sélections de <a href=""https://meilleurtest.fr/comparatif-barre-de-son-tv/"">barres de son TV</a>, de <a href=""https://meilleurtest.fr/comparatif-barre-de-son-5-1/"">barres de son 5.1</a>, de <a href=""https://meilleurtest.fr/comparatif-barre-de-son-dolby-atmos/"">barres de son Dolby Atmos</a> et de <a href=""https://meilleurtest.fr/comparatif-casque-bluetooth-pour-tv-samsung/"">casques bluetooth pour TV Samsung</a> pourront aussi vous intéresser. Ce comparatif vous guidera vers les barres de son Samsung les plus performantes."
"40450";"Vous découvrirez dans ce guide les meilleures enceintes bluetooth Bose du moment. Vous y trouverez une analyse de la puissance, de la portabilité et de la qualité sonore de chaque modèle. Nos comparatifs d'<a href=""https://meilleurtest.fr/comparatif-enceinte-bose/"">enceintes Bose</a>, de <a href=""https://meilleurtest.fr/comparatif-casque-bose/"">casques Bose</a>, d'<a href=""https://meilleurtest.fr/comparatif-ecouteur-sans-fil-bose/"">écouteurs sans fil Bose</a> et de <a href=""https://meilleurtest.fr/comparatif-barre-de-son-bose/"">barres de son Bose</a> compléteront votre recherche. Ce guide vous orientera vers les enceintes bluetooth Bose les mieux adaptées à vos besoins."
"40447";"Ce guide vous présentera les meilleures barres de son Bose pour améliorer votre installation home cinéma. Vous découvrirez une analyse de la spatialisation, de la connectivité et du rendu sonore de chaque modèle. Nos guides sur les <a href=""https://meilleurtest.fr/comparatif-casque-bose/"">casques Bose</a>, les <a href=""https://meilleurtest.fr/comparatif-enceinte-bluetooth-bose/"">enceintes bluetooth Bose</a> et les <a href=""https://meilleurtest.fr/comparatif-barre-de-son-dolby-atmos/"">barres de son Dolby Atmos</a> compléteront votre recherche. Ce comparatif vous aidera à choisir les barres de son Bose les plus performantes."
"40443";"Ce guide vous aidera à choisir les meilleurs AirPods selon vos usages et votre budget. Vous découvrirez une analyse détaillée du confort, de l'autonomie et de la réduction de bruit de chaque modèle. Nos comparatifs d'<a href=""https://meilleurtest.fr/comparatif-ecouteurs-sans-fil-apple/"">écouteurs sans fil Apple</a>, d'<a href=""https://meilleurtest.fr/comparatif-ecouteur-sans-fil-pour-iphone/"">écouteurs sans fil pour iPhone</a>, d'<a href=""https://meilleurtest.fr/comparatif-ecouteurs-a-reduction-de-bruit/"">écouteurs à réduction de bruit</a> et d'<a href=""https://meilleurtest.fr/comparatif-ecouteur-true-wireless/"">écouteurs true wireless</a> compléteront votre recherche. Ce comparatif vous orientera vers les AirPods les mieux adaptés à vos besoins."
"40442";"Ce guide vous présentera les meilleurs écouteurs Samsung, filaires et sans fil. Vous y trouverez une analyse du confort, de la qualité sonore et de l'intégration avec l'écosystème Samsung. Nos comparatifs d'<a href=""https://meilleurtest.fr/comparatif-ecouteur-sans-fil-samsung/"">écouteurs sans fil Samsung</a>, d'<a href=""https://meilleurtest.fr/comparatif-oreillettes-bluetooth-samsung/"">oreillettes bluetooth Samsung</a> et de <a href=""https://meilleurtest.fr/comparatif-casque-bluetooth-pour-tv-samsung/"">casques bluetooth pour TV Samsung</a> pourront aussi vous intéresser. Ce comparatif vous guidera vers les écouteurs Samsung les plus adaptés à vos attentes."
"40396";"Ce guide vous aidera à trouver les meilleurs dictaphones au meilleur rapport qualité-prix. Vous découvrirez une analyse de la qualité d'enregistrement, de l'autonomie et de la facilité d'utilisation de chaque modèle. Nos comparatifs de <a href=""https://meilleurtest.fr/comparatif-microphone/"">microphones</a>, de <a href=""https://meilleurtest.fr/comparatif-micro-usb/"">micros USB</a>, de <a href=""https://meilleurtest.fr/comparatif-micro-cravate/"">micros cravate</a> et de <a href=""https://meilleurtest.fr/comparatif-micro-pour-smartphone/"">micros pour smartphone</a> pourront compléter votre recherche. Ce comparatif vous orientera vers les dictaphones offrant le meilleur rapport qualité-prix."
"40375";"Ce guide vous présentera les meilleures enceintes bluetooth à moins de 100 euros. Vous y trouverez une analyse de la puissance, de l'autonomie et de la qualité sonore de chaque modèle. Nos comparatifs d'<a href=""https://meilleurtest.fr/comparatif-enceinte-bluetooth-a-moins-de-50-euros/"">enceintes bluetooth à moins de 50 euros</a>, d'<a href=""https://meilleurtest.fr/comparatif-enceinte-bluetooth-pas-chere/"">enceintes bluetooth pas chères</a>, d'<a href=""https://meilleurtest.fr/comparatif-enceinte-bluetooth-nomade/"">enceintes bluetooth nomades</a> et d'<a href=""https://meilleurtest.fr/comparatif-enceinte-portable-a-batterie/"">enceintes portables à batterie</a> compléteront votre recherche. Ce comparatif vous guidera vers les enceintes bluetooth à moins de 100 euros les plus performantes."
"40343";"Ce guide vous aidera à choisir les meilleurs casques TV filaires pour profiter de vos programmes sans déranger votre entourage. Vous découvrirez une analyse du confort, de la qualité sonore et de la longueur de câble de chaque modèle. Nos comparatifs de <a href=""https://meilleurtest.fr/comparatif-casque-tv-sans-fil/"">casques TV sans fil</a>, de <a href=""https://meilleurtest.fr/comparatif-casque-audio-filaire/"">casques audio filaires</a> et de <a href=""https://meilleurtest.fr/comparatif-casque-circum-aural/"">casques circum-auraux</a> pourront aussi vous intéresser. Ce comparatif vous orientera vers les casques TV filaires les plus adaptés."
"40305";"Ce guide vous présentera les meilleurs écouteurs pour l'avion, pensés pour isoler du bruit et offrir un confort longue durée. Vous découvrirez une analyse de la réduction de bruit, de l'autonomie et de l'ergonomie de chaque modèle. Nos comparatifs d'<a href=""https://meilleurtest.fr/comparatif-ecouteurs-a-reduction-de-bruit/"">écouteurs à réduction de bruit</a>, de <a href=""https://meilleurtest.fr/comparatif-casques-a-reduction-de-bruit/"">casques à réduction de bruit</a> et d'<a href=""https://meilleurtest.fr/comparatif-ecouteurs-intra-auriculaires-a-reduction-de-bruit/"">écouteurs intra-auriculaires à réduction de bruit</a> compléteront votre recherche. Ce comparatif vous orientera vers les écouteurs pour l'avion les plus efficaces."
"40280";"Ce guide vous aidera à choisir les meilleures tables de mixage pour débutant. Vous y découvrirez une analyse des fonctionnalités, de la prise en main et du rapport qualité-prix de chaque modèle. Nos comparatifs de <a href=""https://meilleurtest.fr/comparatif-table-de-mixage/"">tables de mixage</a>, de <a href=""https://meilleurtest.fr/comparatif-controleur-dj/"">contrôleurs DJ</a>, de <a href=""https://meilleurtest.fr/comparatif-launchpad/"">launchpads</a> et de <a href=""https://meilleurtest.fr/comparatif-microphone/"">microphones</a> pourront aussi vous intéresser. Ce comparatif vous orientera vers les tables de mixage pour débutant les plus adaptées."
"40245";"Ce guide vous présentera les meilleurs casques audio à moins de 50 euros. Vous y trouverez une analyse du confort, de la qualité sonore et de la robustesse de chaque modèle. Nos comparatifs de <a href=""https://meilleurtest.fr/comparatif-casque-audio-pas-cher/"">casques audio pas chers</a>, de <a href=""https://meilleurtest.fr/comparatif-casque-bluetooth-pas-cher/"">casques bluetooth pas chers</a>, de <a href=""https://meilleurtest.fr/comparatif-casque-audio-a-moins-de-100-euros/"">casques audio à moins de 100 euros</a> et de <a href=""https://meilleurtest.fr/comparatif-casque-audio-filaire/"">casques audio filaires</a> compléteront votre recherche. Ce comparatif vous guidera vers les casques audio à moins de 50 euros les plus convaincants."
"40235";"Ce guide vous aidera à choisir les meilleures enceintes TV pour améliorer le son de votre téléviseur. Vous découvrirez une analyse de la puissance, de la clarté des dialogues et de la connectivité de chaque modèle. Nos comparatifs de <a href=""https://meilleurtest.fr/comparatif-barre-de-son-tv/"">barres de son TV</a>, de <a href=""https://meilleurtest.fr/comparatif-barre-de-son-pas-chere/"">barres de son pas chères</a>, d'<a href=""https://meilleurtest.fr/comparatif-enceinte-de-home-cinema/"">enceintes de home cinéma</a> et d'<a href=""https://meilleurtest.fr/comparatif-enceinte-de-salon/"">enceintes de salon</a> compléteront votre recherche. Ce comparatif vous orientera vers les enceintes TV les plus adaptées à votre installation."
"40202";"Notre guide passera en revue les meilleurs amplis hifi connectés pour profiter de vos sources numériques avec une qualité audiophile. Vous découvrirez une analyse de la puissance, des protocoles de streaming et de la qualité de conversion de chaque modèle. Nos comparatifs d'<a href=""https://meilleurtest.fr/comparatif-ampli-hifi/"">amplis hifi</a>, d'<a href=""https://meilleurtest.fr/comparatif-ampli-tuner/"">amplis tuners</a>, de <a href=""https://meilleurtest.fr/comparatif-streamer-hifi-audiophile/"">streamers hifi audiophiles</a> et de <a href=""https://meilleurtest.fr/comparatif-recepteur-stereo/"">récepteurs stéréo</a> pourront aussi vous intéresser. Ce comparatif vous guidera vers les amplis hifi connectés les plus performants."
"40178";"Ce guide vous aidera à choisir les meilleures stations d'accueil bluetooth pour diffuser votre musique sans fil. Vous y trouverez une analyse de la qualité sonore, de la connectivité et du design de chaque modèle. Nos comparatifs de <a href=""https://meilleurtest.fr/comparatif-recepteur-bluetooth-pour-chaine-hifi/"">récepteurs bluetooth pour chaîne hifi</a>, d'<a href=""https://meilleurtest.fr/comparatif-enceinte-bluetooth/"">enceintes bluetooth</a>, de <a href=""https://meilleurtest.fr/comparatif-recepteur-bluetooth-pour-ampli-hifi/"">récepteurs bluetooth pour ampli hifi</a> et de <a href=""https://meilleurtest.fr/comparatif-chaine-hifi-bluetooth/"">chaînes hifi bluetooth</a> compléteront votre recherche. Ce comparatif vous orientera vers les stations d'accueil bluetooth les plus adaptées."
"40151";"Ce guide vous présentera les meilleurs écouteurs de running sans fil pour accompagner vos séances de sport. Vous découvrirez une analyse du maintien, de la résistance à la transpiration et de la qualité sonore de chaque modèle. Nos comparatifs d'<a href=""https://meilleurtest.fr/comparatif-ecouteurs-sans-fil-pour-le-sport/"">écouteurs sans fil pour le sport</a>, d'<a href=""https://meilleurtest.fr/comparatif-ecouteurs-a-conduction-osseuse/"">écouteurs à conduction osseuse</a> et d'<a href=""https://meilleurtest.fr/comparatif-ecouteur-true-wireless/"">écouteurs true wireless</a> pourront aussi vous intéresser. Ce comparatif vous guidera vers les écouteurs de running sans fil les plus adaptés à votre pratique."
"40150";"Ce guide vous aidera à choisir les meilleurs écouteurs à conduction osseuse, une technologie qui transmet le son par les os en laissant vos oreilles libres. Vous découvrirez une analyse du confort et de la qualité sonore de chaque modèle. Nos comparatifs d'<a href=""https://meilleurtest.fr/comparatif-ecouteur-de-running-sans-fil/"">écouteurs de running sans fil</a>, d'<a href=""https://meilleurtest.fr/comparatif-ecouteurs-sans-fil-pour-le-sport/"">écouteurs sans fil pour le sport</a> et de <a href=""https://meilleurtest.fr/comparatif-casque-bluetooth-sport/"">casques bluetooth sport</a> compléteront votre recherche. Ce comparatif vous orientera vers les écouteurs à conduction osseuse les plus performants."
"40137";"Ce guide vous présentera les meilleures enceintes portables à batterie pour écouter votre musique partout. Vous y trouverez une analyse de l'autonomie, de la puissance et de la résistance aux éléments de chaque modèle. Nos comparatifs d'<a href=""https://meilleurtest.fr/comparatif-enceinte-bluetooth/"">enceintes bluetooth</a>, d'<a href=""https://meilleurtest.fr/comparatif-enceinte-bluetooth-nomade/"">enceintes bluetooth nomades</a>, d'<a href=""https://meilleurtest.fr/comparatif-enceinte-transportable/"">enceintes transportables</a> et d'<a href=""https://meilleurtest.fr/comparatif-enceinte-bluetooth-etanche/"">enceintes bluetooth étanches</a> pourront compléter votre recherche. Ce comparatif vous guidera vers les enceintes portables à batterie les plus adaptées à vos usages."
"40078";"Ce guide vous aidera à choisir les meilleurs casques DJ pour le mixage et le monitoring en cabine. Vous découvrirez une analyse de l'isolation, du confort et de la fidélité sonore de chaque modèle. Nos comparatifs de <a href=""https://meilleurtest.fr/comparatif-casque-studio/"">casques studio</a>, de <a href=""https://meilleurtest.fr/comparatif-controleur-dj/"">contrôleurs DJ</a>, de <a href=""https://meilleurtest.fr/comparatif-table-de-mixage/"">tables de mixage</a> et de <a href=""https://meilleurtest.fr/comparatif-casque-audio-filaire/"">casques audio filaires</a> compléteront votre recherche. Ce comparatif vous orientera vers les casques DJ les plus adaptés à votre pratique."
"40072";"Ce guide vous présentera les meilleurs microphones pour la voix, la musique ou l'enregistrement. Vous y trouverez une analyse de la directivité, de la sensibilité et de la qualité de captation de chaque modèle. Nos comparatifs de <a href=""https://meilleurtest.fr/comparatif-micro-usb/"">micros USB</a>, de <a href=""https://meilleurtest.fr/comparatif-micro-sans-fil/"">micros sans fil</a>, de <a href=""https://meilleurtest.fr/comparatif-micro-chant/"">micros chant</a> et de <a href=""https://meilleurtest.fr/comparatif-micro-de-streaming/"">micros de streaming</a> pourront aussi vous intéresser. Ce comparatif vous guidera vers les microphones les plus adaptés à vos besoins."
"40019";"Ce guide vous aidera à choisir les meilleurs launchpads pour la production musicale et le live. Vous découvrirez une analyse de la sensibilité des pads, de la compatibilité logicielle et des fonctionnalités de chaque modèle. Nos comparatifs de <a href=""https://meilleurtest.fr/comparatif-controleur-dj/"">contrôleurs DJ</a>, de <a href=""https://meilleurtest.fr/comparatif-table-de-mixage/"">tables de mixage</a>, de <a href=""https://meilleurtest.fr/comparatif-table-de-mixage-pour-debutant/"">tables de mixage pour débutant</a> et de <a href=""https://meilleurtest.fr/comparatif-microphone/"">microphones</a> compléteront votre recherche. Ce comparatif vous orientera vers les launchpads les plus adaptés à votre workflow musical."
"39979";"Ce guide vous présentera les meilleurs écouteurs à réduction de bruit à moins de 100 euros. Vous y trouverez une analyse de l'efficacité ANC, du confort et du rendu sonore de chaque modèle. Nos comparatifs d'<a href=""https://meilleurtest.fr/comparatif-ecouteurs-a-reduction-de-bruit/"">écouteurs à réduction de bruit</a>, de <a href=""https://meilleurtest.fr/comparatif-casques-a-reduction-de-bruit/"">casques à réduction de bruit</a> et d'<a href=""https://meilleurtest.fr/comparatif-ecouteurs-sans-fil-a-moins-de-100-euros/"">écouteurs sans fil à moins de 100 euros</a> compléteront votre recherche. Ce comparatif vous orientera vers les écouteurs à réduction de bruit abordables les plus convaincants."
"39952";"Vous trouverez dans ce guide les meilleurs récepteurs stéréo pour votre installation audio. Vous découvrirez une analyse de la puissance, de la connectivité et de la qualité de restitution de chaque modèle. Nos comparatifs d'<a href=""https://meilleurtest.fr/comparatif-ampli-hifi/"">amplis hifi</a>, d'<a href=""https://meilleurtest.fr/comparatif-ampli-tuner/"">amplis tuners</a>, d'<a href=""https://meilleurtest.fr/comparatif-ampli-vintage/"">amplis vintage</a> et de <a href=""https://meilleurtest.fr/comparatif-recepteur-bluetooth-pour-ampli-hifi/"">récepteurs bluetooth pour ampli hifi</a> pourront aussi vous intéresser. Ce comparatif vous orientera vers les récepteurs stéréo les plus adaptés à votre écoute."
"39950";"Ce guide vous présentera les meilleures enceintes de home cinéma pour une immersion sonore optimale. Vous y trouverez une analyse de la spatialisation, de la puissance et de la clarté de chaque modèle. Nos comparatifs de <a href=""https://meilleurtest.fr/comparatif-home-cinema/"">home cinéma</a>, de <a href=""https://meilleurtest.fr/comparatif-barre-de-son-5-1/"">barres de son 5.1</a>, d'<a href=""https://meilleurtest.fr/comparatif-enceinte-centrale/"">enceintes centrales</a> et d'<a href=""https://meilleurtest.fr/comparatif-enceinte-colonne/"">enceintes colonnes</a> compléteront votre recherche. Ce comparatif vous guidera vers les enceintes de home cinéma les plus adaptées à votre pièce."
"39934";"Ce guide vous aidera à identifier les meilleurs écouteurs avec de bonnes basses pour un rendu grave puissant et défini. Vous découvrirez une analyse de la profondeur des basses, du confort et de l'équilibre sonore de chaque modèle. Nos comparatifs d'<a href=""https://meilleurtest.fr/comparatif-ecouteurs-a-reduction-de-bruit/"">écouteurs à réduction de bruit</a>, d'<a href=""https://meilleurtest.fr/comparatif-ecouteur-true-wireless/"">écouteurs true wireless</a> et d'<a href=""https://meilleurtest.fr/comparatif-ecouteurs-pour-audiophiles/"">écouteurs pour audiophiles</a> pourront aussi vous intéresser. Ce comparatif vous orientera vers les écouteurs offrant les meilleures basses."
"39921";"Ce guide vous présentera les meilleurs préamplis phono pour tirer le meilleur parti de votre platine vinyle. Vous y trouverez une analyse du rapport signal-bruit, de la fidélité et de la compatibilité avec différentes cellules. Nos comparatifs d'<a href=""https://meilleurtest.fr/comparatif-ampli-hifi/"">amplis hifi</a>, d'<a href=""https://meilleurtest.fr/comparatif-enceinte-pour-platine-vinyle/"">enceintes pour platine vinyle</a>, d'<a href=""https://meilleurtest.fr/comparatif-ampli-vintage/"">amplis vintage</a> et de <a href=""https://meilleurtest.fr/comparatif-dac-audiophile/"">DAC audiophiles</a> compléteront votre recherche. Ce comparatif vous guidera vers les préamplis phono les plus performants."
"39911";"Ce guide vous aidera à choisir les meilleures enceintes sono pour vos événements et vos prestations. Vous découvrirez une analyse de la puissance, de la couverture sonore et de la robustesse de chaque modèle. Nos comparatifs d'<a href=""https://meilleurtest.fr/comparatif-enceinte-amplifiee-sono/"">enceintes amplifiées sono</a>, de <a href=""https://meilleurtest.fr/comparatif-microphone/"">microphones</a>, de <a href=""https://meilleurtest.fr/comparatif-micro-sans-fil/"">micros sans fil</a> et d'<a href=""https://meilleurtest.fr/comparatif-enceinte-active/"">enceintes actives</a> compléteront votre recherche. Ce comparatif vous orientera vers les enceintes sono les plus adaptées à vos besoins."
"39853";"Ce guide vous présentera les meilleurs micros casques professionnels pour les centres d'appels et le travail à distance. Vous y trouverez une analyse de la clarté vocale, du confort longue durée et de la réduction de bruit ambiante. Nos comparatifs de <a href=""https://meilleurtest.fr/comparatif-casque-micro/"">casques micro</a>, de <a href=""https://meilleurtest.fr/comparatif-casque-micro-bluetooth/"">casques micro bluetooth</a>, de <a href=""https://meilleurtest.fr/comparatif-casque-micro-pc/"">casques micro PC</a> et de <a href=""https://meilleurtest.fr/comparatif-micro-usb/"">micros USB</a> compléteront votre recherche. Ce comparatif vous guidera vers les micros casques professionnels les plus performants."
"39815";"Ce guide vous aidera à choisir les meilleurs écouteurs pour Android, compatibles avec les fonctionnalités avancées de votre smartphone. Vous découvrirez une analyse de la qualité sonore, de la connectivité et du confort de chaque modèle. Nos comparatifs d'<a href=""https://meilleurtest.fr/comparatif-ecouteur-sans-fil-android/"">écouteurs sans fil Android</a>, d'<a href=""https://meilleurtest.fr/comparatif-ecouteurs-sans-fil-a-moins-de-100-euros/"">écouteurs sans fil à moins de 100 euros</a> et d'<a href=""https://meilleurtest.fr/comparatif-ecouteurs-avec-micro/"">écouteurs avec micro</a> pourront aussi vous intéresser. Ce comparatif vous orientera vers les écouteurs pour Android les plus adaptés."
"39800";"Ce guide vous présentera les meilleurs écouteurs pour iPhone, optimisés pour l'écosystème Apple. Vous y trouverez une analyse de la compatibilité, de la qualité sonore et du confort de chaque modèle. Nos comparatifs d'<a href=""https://meilleurtest.fr/comparatif-ecouteur-sans-fil-pour-iphone/"">écouteurs sans fil pour iPhone</a>, d'<a href=""https://meilleurtest.fr/comparatif-ecouteurs-sans-fil-apple/"">écouteurs sans fil Apple</a>, d'<a href=""https://meilleurtest.fr/comparatif-airpod/"">AirPods</a> et d'<a href=""https://meilleurtest.fr/comparatif-ecouteurs-a-reduction-de-bruit/"">écouteurs à réduction de bruit</a> compléteront votre recherche. Ce comparatif vous guidera vers les écouteurs pour iPhone les plus convaincants."
"39780";"Ce guide vous aidera à choisir les meilleurs micros chant pour sublimer votre voix en studio ou sur scène. Vous découvrirez une analyse de la sensibilité, de la réponse en fréquence et de la directivité de chaque modèle. Nos comparatifs de <a href=""https://meilleurtest.fr/comparatif-microphone/"">microphones</a>, de <a href=""https://meilleurtest.fr/comparatif-micro-sans-fil/"">micros sans fil</a>, de <a href=""https://meilleurtest.fr/comparatif-micro-usb/"">micros USB</a> et de <a href=""https://meilleurtest.fr/comparatif-micro-pas-cher/"">micros pas chers</a> compléteront votre recherche. Ce comparatif vous orientera vers les micros chant les plus adaptés à votre pratique vocale."
"39674";"Ce guide vous présentera les meilleurs écouteurs pour audiophiles, conçus pour une restitution sonore fidèle et détaillée. Vous y trouverez une analyse de la réponse en fréquence, de la scène sonore et des matériaux de chaque modèle. Nos comparatifs de <a href=""https://meilleurtest.fr/comparatif-dac-audiophile/"">DAC audiophiles</a>, d'<a href=""https://meilleurtest.fr/comparatif-amplificateur-dac-pour-casque-audio/"">amplificateurs DAC pour casque</a>, de <a href=""https://meilleurtest.fr/comparatif-baladeur-audiophile/"">baladeurs audiophiles</a> et de <a href=""https://meilleurtest.fr/comparatif-casque-hifi/"">casques hifi</a> compléteront votre recherche. Ce comparatif vous guidera vers les écouteurs pour audiophiles les plus convaincants."
"39638";"Ce guide vous aidera à choisir les meilleurs écouteurs pour enfants, avec un volume limité pour protéger leur audition. Vous découvrirez une analyse du confort, de la robustesse et de la sécurité sonore de chaque modèle. Nos comparatifs de <a href=""https://meilleurtest.fr/comparatif-casque-audio-pour-enfant/"">casques audio pour enfant</a>, d'<a href=""https://meilleurtest.fr/comparatif-ecouteur-pas-cher/"">écouteurs pas chers</a> et d'<a href=""https://meilleurtest.fr/comparatif-ecouteurs-sans-fil-a-moins-de-50-euros/"">écouteurs sans fil à moins de 50 euros</a> pourront aussi vous intéresser. Ce comparatif vous orientera vers les écouteurs pour enfants les plus sûrs et adaptés."
"39609";"Ce guide vous présentera les meilleures enceintes sans fil pour diffuser votre musique en toute liberté. Vous y trouverez une analyse de la qualité sonore, de la portée et de la compatibilité de chaque modèle. Nos comparatifs d'<a href=""https://meilleurtest.fr/comparatif-enceinte-bluetooth/"">enceintes bluetooth</a>, d'<a href=""https://meilleurtest.fr/comparatif-enceinte-wifi/"">enceintes wifi</a>, de <a href=""https://meilleurtest.fr/comparatif-systeme-multiroom/"">systèmes multiroom</a> et d'<a href=""https://meilleurtest.fr/comparatif-enceinte-de-salon/"">enceintes de salon</a> compléteront votre recherche. Ce comparatif vous guidera vers les enceintes sans fil les plus adaptées à votre intérieur."
"39601";"Ce guide vous aidera à choisir les meilleurs micros de streaming pour des diffusions vocales claires et professionnelles. Vous découvrirez une analyse de la qualité de captation, de la directivité et de la facilité d'installation de chaque modèle. Nos comparatifs de <a href=""https://meilleurtest.fr/comparatif-micro-usb/"">micros USB</a>, de <a href=""https://meilleurtest.fr/comparatif-microphone/"">microphones</a>, de <a href=""https://meilleurtest.fr/comparatif-micro-pc/"">micros PC</a> et de <a href=""https://meilleurtest.fr/comparatif-casque-micro/"">casques micro</a> compléteront votre recherche. Ce comparatif vous orientera vers les micros de streaming les plus performants."
"39597";"Ce guide vous présentera les meilleures enceintes Bluetooth à moins de 50 euros. Vous y trouverez une analyse de la qualité sonore, de l'autonomie et de la portabilité de chaque modèle. Nos comparatifs d'<a href=""https://meilleurtest.fr/comparatif-enceinte-bluetooth-a-moins-de-100-euros/"">enceintes bluetooth à moins de 100 euros</a>, d'<a href=""https://meilleurtest.fr/comparatif-enceinte-bluetooth-pas-chere/"">enceintes bluetooth pas chères</a>, d'<a href=""https://meilleurtest.fr/comparatif-enceinte-bluetooth/"">enceintes bluetooth</a> et d'<a href=""https://meilleurtest.fr/comparatif-enceinte-portable-a-batterie/"">enceintes portables à batterie</a> compléteront votre recherche. Ce comparatif vous guidera vers les enceintes Bluetooth à moins de 50 euros les plus convaincantes."
"39592";"Ce guide vous aidera à choisir les meilleures enceintes Bluetooth nomades pour emporter votre musique partout. Vous découvrirez une analyse de l'autonomie, de la résistance à l'eau et de la qualité sonore de chaque modèle. Nos comparatifs d'<a href=""https://meilleurtest.fr/comparatif-enceinte-bluetooth/"">enceintes bluetooth</a>, d'<a href=""https://meilleurtest.fr/comparatif-enceinte-portable-a-batterie/"">enceintes portables à batterie</a>, d'<a href=""https://meilleurtest.fr/comparatif-enceinte-bluetooth-etanche/"">enceintes bluetooth étanches</a> et d'<a href=""https://meilleurtest.fr/comparatif-enceinte-transportable/"">enceintes transportables</a> compléteront votre recherche. Ce comparatif vous orientera vers les enceintes Bluetooth nomades les plus adaptées à vos déplacements."
"39577";"Ce guide vous présentera les meilleures barres de son TV pour transformer l'audio de votre téléviseur. Vous y trouverez une analyse de la puissance, de la spatialisation et de la connectivité de chaque modèle. Nos comparatifs de <a href=""https://meilleurtest.fr/comparatif-barre-de-son-pas-chere/"">barres de son pas chères</a>, de <a href=""https://meilleurtest.fr/comparatif-barre-de-son-5-1/"">barres de son 5.1</a>, de <a href=""https://meilleurtest.fr/comparatif-barre-de-son-dolby-atmos/"">barres de son Dolby Atmos</a> et d'<a href=""https://meilleurtest.fr/comparatif-enceinte-tv/"">enceintes TV</a> compléteront votre recherche. Ce comparatif vous guidera vers les barres de son TV les plus performantes."
"39560";"Ce guide vous aidera à choisir les meilleurs casques studio pour le mixage, le mastering et l'enregistrement. Vous découvrirez une analyse de la neutralité sonore, du confort et de l'isolation de chaque modèle. Nos comparatifs de <a href=""https://meilleurtest.fr/comparatif-casque-hifi/"">casques hifi</a>, de <a href=""https://meilleurtest.fr/comparatif-casque-audio-filaire/"">casques audio filaires</a>, de <a href=""https://meilleurtest.fr/comparatif-casque-circum-aural/"">casques circum-auraux</a> et de <a href=""https://meilleurtest.fr/comparatif-casque-audio-haut-de-gamme/"">casques audio haut de gamme</a> compléteront votre recherche. Ce comparatif vous orientera vers les casques studio les plus adaptés à votre production."
"39523";"Ce guide vous présentera les meilleurs écouteurs sans fil à moins de 100 euros. Vous y trouverez une analyse de la qualité sonore, de l'autonomie et du confort de chaque modèle. Nos comparatifs d'<a href=""https://meilleurtest.fr/comparatif-ecouteurs-sans-fil-a-moins-de-50-euros/"">écouteurs sans fil à moins de 50 euros</a>, d'<a href=""https://meilleurtest.fr/comparatif-ecouteur-sans-fil-pas-cher/"">écouteurs sans fil pas chers</a> et d'<a href=""https://meilleurtest.fr/comparatif-ecouteur-true-wireless/"">écouteurs true wireless</a> compléteront votre recherche. Ce comparatif vous guidera vers les écouteurs sans fil à petit prix les plus convaincants."
"39511";"Ce guide vous aidera à trouver les meilleurs casques audio pas chers pour un bon son à petit prix. Vous découvrirez une analyse du confort, de la robustesse et du rendu sonore. Nos comparatifs de <a href=""https://meilleurtest.fr/comparatif-casque-audio-a-moins-de-50-euros/"">casques audio à moins de 50 euros</a>, de <a href=""https://meilleurtest.fr/comparatif-casque-bluetooth-pas-cher/"">casques bluetooth pas chers</a>, de <a href=""https://meilleurtest.fr/comparatif-casque-audio-a-moins-de-100-euros/"">casques audio à moins de 100 euros</a> et de <a href=""https://meilleurtest.fr/comparatif-casque-audio-filaire/"">casques audio filaires</a> compléteront votre recherche. Ce comparatif vous orientera vers les casques audio abordables les plus convaincants."
"39487";"Ce guide vous présentera les meilleurs micros USB pour l'enregistrement, le streaming et les visioconférences. Vous y trouverez une analyse de la qualité de captation, de la facilité de branchement et de la directivité de chaque modèle. Nos comparatifs de <a href=""https://meilleurtest.fr/comparatif-microphone/"">microphones</a>, de <a href=""https://meilleurtest.fr/comparatif-micro-de-streaming/"">micros de streaming</a>, de <a href=""https://meilleurtest.fr/comparatif-micro-pc/"">micros PC</a> et de <a href=""https://meilleurtest.fr/comparatif-micro-pas-cher/"">micros pas chers</a> compléteront votre recherche. Ce comparatif vous guidera vers les micros USB les plus adaptés à votre usage."
"39484";"Ce guide vous aidera à dénicher les meilleurs écouteurs sans fil à moins de 50 euros. Vous découvrirez une analyse de la qualité sonore, de l'autonomie et du confort de chaque modèle. Nos comparatifs d'<a href=""https://meilleurtest.fr/comparatif-ecouteurs-sans-fil-a-moins-de-100-euros/"">écouteurs sans fil à moins de 100 euros</a>, d'<a href=""https://meilleurtest.fr/comparatif-ecouteur-sans-fil-pas-cher/"">écouteurs sans fil pas chers</a> et d'<a href=""https://meilleurtest.fr/comparatif-ecouteur-pas-cher/"">écouteurs pas chers</a> pourront aussi vous intéresser. Ce comparatif vous orientera vers les écouteurs sans fil à moins de 50 euros les plus convaincants."
"39478";"Ce guide vous présentera les meilleures mousses acoustiques pour améliorer le traitement sonore de votre pièce. Vous y trouverez une analyse de l'absorption, de la densité et de la facilité de pose de chaque modèle. Nos comparatifs de <a href=""https://meilleurtest.fr/comparatif-micro-de-streaming/"">micros de streaming</a>, de <a href=""https://meilleurtest.fr/comparatif-microphone/"">microphones</a> et de <a href=""https://meilleurtest.fr/comparatif-casque-studio/"">casques studio</a> pourront aussi vous intéresser. Ce comparatif vous guidera vers les mousses acoustiques les plus adaptées à votre espace."
"39458";"Ce guide vous aidera à trouver les meilleures barres de son pas chères pour améliorer l'audio de votre téléviseur sans vous ruiner. Vous découvrirez une analyse de la puissance, de la connectivité et du rendu sonore de chaque modèle. Nos comparatifs de <a href=""https://meilleurtest.fr/comparatif-barre-de-son-tv/"">barres de son TV</a>, de <a href=""https://meilleurtest.fr/comparatif-barre-de-son-bluetooth/"">barres de son bluetooth</a> et d'<a href=""https://meilleurtest.fr/comparatif-enceinte-tv/"">enceintes TV</a> compléteront votre recherche. Ce comparatif vous orientera vers les barres de son pas chères les plus performantes."
"39422";"Ce guide vous présentera les meilleures enceintes disponibles, pour la musique, le cinéma ou la décoration sonore de votre intérieur. Vous y trouverez une analyse de la qualité sonore, de la puissance et du design de chaque modèle. Nos comparatifs d'<a href=""https://meilleurtest.fr/comparatif-enceinte-bluetooth/"">enceintes bluetooth</a>, d'<a href=""https://meilleurtest.fr/comparatif-enceinte-hifi/"">enceintes hifi</a>, d'<a href=""https://meilleurtest.fr/comparatif-enceinte-sans-fil/"">enceintes sans fil</a> et d'<a href=""https://meilleurtest.fr/comparatif-enceinte-colonne/"">enceintes colonnes</a> compléteront votre recherche. Ce comparatif vous guidera vers les enceintes les plus adaptées à vos besoins."
"39370";"Ce guide vous aidera à choisir les meilleurs casques hifi pour une écoute musicale exigeante. Vous découvrirez une analyse de la fidélité sonore, du confort et de la construction de chaque modèle. Nos comparatifs de <a href=""https://meilleurtest.fr/comparatif-casque-audio-haut-de-gamme/"">casques audio haut de gamme</a>, de <a href=""https://meilleurtest.fr/comparatif-casque-studio/"">casques studio</a>, d'<a href=""https://meilleurtest.fr/comparatif-ampli-casque-audiophile/"">amplis casque audiophiles</a> et de <a href=""https://meilleurtest.fr/comparatif-dac-audiophile/"">DAC audiophiles</a> compléteront votre recherche. Ce comparatif vous orientera vers les casques hifi les plus performants pour votre écoute."
"39330";"Ce guide vous présentera les meilleures enceintes pour platine vinyle afin de restituer fidèlement le son analogique de vos disques. Vous y trouverez une analyse de la qualité sonore, de la compatibilité et de la puissance de chaque modèle. Nos comparatifs de <a href=""https://meilleurtest.fr/comparatif-preampli-phono/"">préamplis phono</a>, d'<a href=""https://meilleurtest.fr/comparatif-ampli-hifi/"">amplis hifi</a>, d'<a href=""https://meilleurtest.fr/comparatif-enceinte-bibliotheque/"">enceintes bibliothèques</a> et d'<a href=""https://meilleurtest.fr/comparatif-enceinte-hifi/"">enceintes hifi</a> compléteront votre recherche. Ce comparatif vous guidera vers les enceintes pour platine vinyle les plus adaptées."
"39317";"Ce guide vous aidera à choisir les meilleurs écouteurs à réduction de bruit pour un silence optimal en toute situation. Vous découvrirez une analyse de l'efficacité ANC, du confort et de la qualité sonore de chaque modèle. Nos comparatifs d'<a href=""https://meilleurtest.fr/comparatif-ecouteurs-a-reduction-de-bruit-a-moins-de-100-euros/"">écouteurs ANC à moins de 100 euros</a>, de <a href=""https://meilleurtest.fr/comparatif-casques-a-reduction-de-bruit/"">casques à réduction de bruit</a> et d'<a href=""https://meilleurtest.fr/comparatif-ecouteurs-intra-auriculaires-a-reduction-de-bruit/"">écouteurs intra-auriculaires ANC</a> compléteront votre recherche. Ce comparatif vous orientera vers les écouteurs à réduction de bruit les plus performants."
"39292";"Ce guide vous présentera les meilleures enceintes bibliothèques pour une écoute hifi compacte et raffinée. Vous y trouverez une analyse de la qualité sonore, de l'encombrement et de la compatibilité avec différents amplis. Nos comparatifs d'<a href=""https://meilleurtest.fr/comparatif-enceinte-bibliotheque-hi-fi/"">enceintes bibliothèques hi-fi</a>, d'<a href=""https://meilleurtest.fr/comparatif-enceinte-hifi/"">enceintes hifi</a>, d'<a href=""https://meilleurtest.fr/comparatif-ampli-hifi/"">amplis hifi</a> et d'<a href=""https://meilleurtest.fr/comparatif-enceinte-pour-platine-vinyle/"">enceintes pour platine vinyle</a> compléteront votre recherche. Ce comparatif vous guidera vers les enceintes bibliothèques les plus adaptées à votre écoute."
"39244";"Ce guide vous aidera à trouver les meilleurs écouteurs pas chers qui offrent un bon rapport qualité-prix. Vous découvrirez une analyse du confort, de la qualité sonore et de la robustesse de chaque modèle. Nos comparatifs d'<a href=""https://meilleurtest.fr/comparatif-ecouteur-a-moins-de-100-euros/"">écouteurs à moins de 100 euros</a>, d'<a href=""https://meilleurtest.fr/comparatif-ecouteurs-sans-fil-a-moins-de-50-euros/"">écouteurs sans fil à moins de 50 euros</a> et d'<a href=""https://meilleurtest.fr/comparatif-ecouteur-sans-fil-pas-cher/"">écouteurs sans fil pas chers</a> pourront aussi vous intéresser. Ce comparatif vous orientera vers les écouteurs pas chers les plus convaincants."
"39243";"Ce guide vous présentera les meilleurs écouteurs à moins de 100 euros, filaires et sans fil. Vous y trouverez une analyse de la qualité sonore, du confort et de l'autonomie de chaque modèle. Nos comparatifs d'<a href=""https://meilleurtest.fr/comparatif-ecouteur-pas-cher/"">écouteurs pas chers</a>, d'<a href=""https://meilleurtest.fr/comparatif-ecouteurs-sans-fil-a-moins-de-100-euros/"">écouteurs sans fil à moins de 100 euros</a> et d'<a href=""https://meilleurtest.fr/comparatif-ecouteurs-avec-micro/"">écouteurs avec micro</a> compléteront votre recherche. Ce comparatif vous guidera vers les écouteurs à moins de 100 euros les plus performants."
"39214";"Ce guide vous aidera à choisir les meilleurs talkies-walkies rechargeables pour vos activités en plein air ou professionnelles. Vous découvrirez une analyse de la portée, de l'autonomie et de la robustesse de chaque modèle. Nos comparatifs de <a href=""https://meilleurtest.fr/comparatif-talkie-walkie/"">talkies-walkies</a>, de <a href=""https://meilleurtest.fr/comparatif-talkie-walkie-longue-portee/"">talkies-walkies longue portée</a> et de <a href=""https://meilleurtest.fr/comparatif-talkie-walkie-pour-chasse/"">talkies-walkies pour la chasse</a> pourront aussi vous intéresser. Ce comparatif vous orientera vers les talkies-walkies rechargeables les plus fiables."
"39213";"Ce guide vous présentera les meilleures chaînes hifi pour enfants, conçues pour être simples à utiliser et résistantes. Vous y trouverez une analyse de la qualité sonore, des fonctionnalités adaptées et de la robustesse de chaque modèle. Nos comparatifs de <a href=""https://meilleurtest.fr/comparatif-chaine-hifi/"">chaînes hifi</a>, de <a href=""https://meilleurtest.fr/comparatif-mini-chaine-hifi/"">mini chaînes hifi</a> et d'<a href=""https://meilleurtest.fr/comparatif-enceinte-bluetooth-a-moins-de-50-euros/"">enceintes bluetooth à moins de 50 euros</a> pourront aussi vous intéresser. Ce comparatif vous guidera vers les chaînes hifi pour enfants les plus adaptées."
"39203";"Ce guide vous aidera à choisir les meilleurs écouteurs sans fil pour iPhone, optimisés pour une intégration fluide avec iOS. Vous découvrirez une analyse de la compatibilité, de la qualité sonore et de l'autonomie de chaque modèle. Nos comparatifs d'<a href=""https://meilleurtest.fr/comparatif-ecouteurs-pour-iphone/"">écouteurs pour iPhone</a>, d'<a href=""https://meilleurtest.fr/comparatif-ecouteurs-sans-fil-apple/"">écouteurs sans fil Apple</a>, d'<a href=""https://meilleurtest.fr/comparatif-airpod/"">AirPods</a> et d'<a href=""https://meilleurtest.fr/comparatif-ecouteur-true-wireless/"">écouteurs true wireless</a> compléteront votre recherche. Ce comparatif vous orientera vers les écouteurs sans fil pour iPhone les plus convaincants."
"39198";"Ce guide vous présentera les meilleurs écouteurs avec micro pour vos appels, visioconférences et sessions de jeu. Vous y trouverez une analyse de la clarté du micro, du confort et de la qualité sonore de chaque modèle. Nos comparatifs d'<a href=""https://meilleurtest.fr/comparatif-ecouteur-true-wireless/"">écouteurs true wireless</a>, d'<a href=""https://meilleurtest.fr/comparatif-ecouteurs-sans-fil-a-moins-de-100-euros/"">écouteurs sans fil à moins de 100 euros</a> et de <a href=""https://meilleurtest.fr/comparatif-casque-micro/"">casques micro</a> pourront aussi vous intéresser. Ce comparatif vous guidera vers les écouteurs avec micro les plus adaptés à vos usages."
"39190";"Ce guide vous aidera à choisir les meilleurs casques circum-auraux, dont les coussinets englobent vos oreilles pour un confort et une isolation optimaux. Vous découvrirez une analyse du rendu sonore, du poids et des matériaux de chaque modèle. Nos comparatifs de <a href=""https://meilleurtest.fr/comparatif-casque-audio-filaire/"">casques audio filaires</a>, de <a href=""https://meilleurtest.fr/comparatif-casque-hifi/"">casques hifi</a> et de <a href=""https://meilleurtest.fr/comparatif-casque-studio/"">casques studio</a> compléteront votre recherche. Ce comparatif vous orientera vers les casques circum-auraux les plus adaptés à votre écoute."
"39183";"Ce guide vous présentera les meilleures enceintes transportables pour profiter de votre musique en déplacement. Vous y trouverez une analyse de la compacité, de l'autonomie et de la qualité sonore de chaque modèle. Nos comparatifs d'<a href=""https://meilleurtest.fr/comparatif-enceinte-bluetooth-nomade/"">enceintes bluetooth nomades</a>, d'<a href=""https://meilleurtest.fr/comparatif-enceinte-portable-a-batterie/"">enceintes portables à batterie</a>, d'<a href=""https://meilleurtest.fr/comparatif-enceinte-bluetooth/"">enceintes bluetooth</a> et d'<a href=""https://meilleurtest.fr/comparatif-enceinte-d-exterieur/"">enceintes d'extérieur</a> compléteront votre recherche. Ce comparatif vous guidera vers les enceintes transportables les plus adaptées à vos sorties."
"39174";"Ce guide vous aidera à choisir les meilleurs écouteurs sans fil Android, optimisés pour les fonctionnalités de votre smartphone. Vous découvrirez une analyse de la connectivité, de la qualité sonore et du confort de chaque modèle. Nos comparatifs d'<a href=""https://meilleurtest.fr/comparatif-ecouteurs-pour-android/"">écouteurs pour Android</a>, d'<a href=""https://meilleurtest.fr/comparatif-ecouteurs-sans-fil-a-moins-de-100-euros/"">écouteurs sans fil à moins de 100 euros</a> et d'<a href=""https://meilleurtest.fr/comparatif-ecouteur-true-wireless/"">écouteurs true wireless</a> pourront aussi vous intéresser. Ce comparatif vous orientera vers les écouteurs sans fil Android les plus adaptés."
"39152";"Ce guide vous présentera les meilleurs casques bluetooth pour Switch, compatibles avec la console portable. Vous y trouverez une analyse de la latence audio, du confort et de la qualité sonore de chaque modèle. Nos comparatifs de <a href=""https://meilleurtest.fr/comparatif-casque-bluetooth/"">casques bluetooth</a>, de <a href=""https://meilleurtest.fr/comparatif-casque-gamer/"">casques gamer</a>, de <a href=""https://meilleurtest.fr/comparatif-casque-bluetooth-pas-cher/"">casques bluetooth pas chers</a> et d'<a href=""https://meilleurtest.fr/comparatif-adaptateur-casque-bluetooth/"">adaptateurs casque bluetooth</a> compléteront votre recherche. Ce comparatif vous guidera vers les casques bluetooth pour Switch les plus adaptés."
"39146";"Ce guide vous aidera à choisir les meilleures grosses enceintes Bluetooth pour un son puissant et immersif. Vous découvrirez une analyse de la puissance, de la qualité des basses et de l'autonomie de chaque modèle. Nos comparatifs d'<a href=""https://meilleurtest.fr/comparatif-enceinte-bluetooth-puissante/"">enceintes bluetooth puissantes</a>, d'<a href=""https://meilleurtest.fr/comparatif-enceinte-bluetooth/"">enceintes bluetooth</a>, d'<a href=""https://meilleurtest.fr/comparatif-enceinte-bluetooth-de-salon/"">enceintes bluetooth de salon</a> et d'<a href=""https://meilleurtest.fr/comparatif-enceinte-portable-a-batterie/"">enceintes portables à batterie</a> compléteront votre recherche. Ce comparatif vous orientera vers les grosses enceintes Bluetooth les plus performantes."
"39141";"Ce guide vous présentera les meilleurs talkies-walkies enfants, conçus pour résister aux chocs et offrir une utilisation simple. Vous y trouverez une analyse de la portée, de la robustesse et de la sécurité de chaque modèle. Nos comparatifs de <a href=""https://meilleurtest.fr/comparatif-talkie-walkie/"">talkies-walkies</a>, de <a href=""https://meilleurtest.fr/comparatif-talkie-walkie-rechargeable/"">talkies-walkies rechargeables</a> et de <a href=""https://meilleurtest.fr/comparatif-talkie-walkie-longue-portee/"">talkies-walkies longue portée</a> pourront aussi vous intéresser. Ce comparatif vous guidera vers les talkies-walkies enfants les plus adaptés à leurs aventures."
"39138";"Ce guide vous aidera à choisir les meilleurs talkies-walkies pour la chasse, pensés pour la discrétion et la fiabilité en milieu forestier. Vous découvrirez une analyse de la portée, de la résistance aux intempéries et de l'autonomie de chaque modèle. Nos comparatifs de <a href=""https://meilleurtest.fr/comparatif-talkie-walkie/"">talkies-walkies</a>, de <a href=""https://meilleurtest.fr/comparatif-talkie-walkie-longue-portee/"">talkies-walkies longue portée</a> et de <a href=""https://meilleurtest.fr/comparatif-talkie-walkie-rechargeable/"">talkies-walkies rechargeables</a> compléteront votre recherche. Ce comparatif vous orientera vers les talkies-walkies pour la chasse les plus fiables."
"39136";"Ce guide vous présentera les meilleurs casques micro bluetooth pour vos appels et visioconférences sans fil. Vous y trouverez une analyse de la clarté du micro, du confort et de l'autonomie de chaque modèle. Nos comparatifs de <a href=""https://meilleurtest.fr/comparatif-casque-micro/"">casques micro</a>, de <a href=""https://meilleurtest.fr/comparatif-casque-micro-pc/"">casques micro PC</a>, de <a href=""https://meilleurtest.fr/comparatif-casque-bluetooth/"">casques bluetooth</a> et de <a href=""https://meilleurtest.fr/comparatif-micro-casque-professionnel/"">micros casques professionnels</a> compléteront votre recherche. Ce comparatif vous guidera vers les casques micro bluetooth les plus adaptés à votre quotidien."
"39113";"Ce guide vous aidera à choisir les meilleures barres de son 5.1 pour une expérience surround immersive. Vous découvrirez une analyse de la spatialisation, de la puissance du caisson et de la connectivité de chaque modèle. Nos comparatifs de <a href=""https://meilleurtest.fr/comparatif-barre-de-son-tv/"">barres de son TV</a>, de <a href=""https://meilleurtest.fr/comparatif-barre-de-son-dolby-atmos/"">barres de son Dolby Atmos</a>, d'<a href=""https://meilleurtest.fr/comparatif-enceinte-de-home-cinema/"">enceintes de home cinéma</a> et de <a href=""https://meilleurtest.fr/comparatif-home-cinema/"">home cinéma</a> compléteront votre recherche. Ce comparatif vous orientera vers les barres de son 5.1 les plus performantes."
"39112";"Ce guide vous présentera les meilleurs casques micro PC pour le gaming, les visioconférences et le streaming. Vous y trouverez une analyse du confort, de la clarté du micro et de la qualité sonore de chaque modèle. Nos comparatifs de <a href=""https://meilleurtest.fr/comparatif-casque-micro/"">casques micro</a>, de <a href=""https://meilleurtest.fr/comparatif-casque-micro-bluetooth/"">casques micro bluetooth</a>, de <a href=""https://meilleurtest.fr/comparatif-casque-gamer/"">casques gamer</a> et de <a href=""https://meilleurtest.fr/comparatif-micro-de-streaming/"">micros de streaming</a> compléteront votre recherche. Ce comparatif vous guidera vers les casques micro PC les plus adaptés à votre usage."
"39103";"Associer votre téléviseur à un système audio sans fil transformera vos soirées cinéma et musique. Vous découvrirez des modèles avec <a href=""https://meilleurtest.fr/comparatif-barre-de-son-dolby-atmos/"">son Dolby Atmos</a>, des configurations <a href=""https://meilleurtest.fr/comparatif-barre-de-son-5-1/"">surround 5.1</a> et des options <a href=""https://meilleurtest.fr/comparatif-barre-de-son-pas-chere/"">à petit prix</a>. Que vous possédiez déjà une <a href=""https://meilleurtest.fr/comparatif-enceinte-bluetooth/"">enceinte Bluetooth</a> ou non, ce guide vous orientera vers la barre de son Bluetooth la mieux adaptée à votre salon."
"39082";"Communiquer sur plusieurs kilomètres sans réseau mobile nécessitera un appareil fiable et puissant. Vous comparerez des modèles <a href=""https://meilleurtest.fr/comparatif-talkie-walkie-rechargeable/"">rechargeables</a>, des appareils adaptés à la <a href=""https://meilleurtest.fr/comparatif-talkie-walkie-pour-chasse/"">chasse</a> ou conçus pour les <a href=""https://meilleurtest.fr/comparatif-talkie-walkie-enfant/"">enfants</a>. Pour aller au-delà des <a href=""https://meilleurtest.fr/comparatif-talkie-walkie/"">talkies-walkies classiques</a> à portée limitée, ce guide vous aidera à trouver le talkie-walkie longue portée adapté à vos sorties terrain."
"39076";"Investir dans un casque premium vous ouvrira les portes d'une restitution sonore exceptionnelle au quotidien. Vous comparerez des modèles <a href=""https://meilleurtest.fr/comparatif-casque-audio-filaire/"">filaires</a> audiophiles, des <a href=""https://meilleurtest.fr/comparatif-casque-bluetooth/"">casques Bluetooth</a> performants et des références de <a href=""https://meilleurtest.fr/comparatif-casque-studio/"">studio</a> professionnelles. Un <a href=""https://meilleurtest.fr/comparatif-amplificateur-dac-pour-casque-audio/"">amplificateur DAC</a> pourra compléter votre installation pour en tirer le meilleur. Ce guide vous accompagnera dans le choix de votre casque audio haut de gamme."
"39067";"Allier qualité sonore et jeux de lumière créera une atmosphère unique pour vos soirées en intérieur comme en extérieur. Vous trouverez des modèles <a href=""https://meilleurtest.fr/comparatif-enceinte-bluetooth-puissante/"">puissants</a>, des enceintes <a href=""https://meilleurtest.fr/comparatif-enceinte-bluetooth-etanche/"">étanches</a> pour le plein air et des options <a href=""https://meilleurtest.fr/comparatif-enceinte-bluetooth-pas-chere/"">abordables</a>. Que vous préfériez un modèle <a href=""https://meilleurtest.fr/comparatif-enceinte-bluetooth-nomade/"">nomade</a> à emmener partout ou une enceinte de <a href=""https://meilleurtest.fr/comparatif-enceinte-bluetooth-de-salon/"">salon</a>, ce guide vous orientera vers l'enceinte Bluetooth lumineuse idéale."
"39062";"Avec la disparition progressive de la prise jack, les écouteurs USB-C deviendront un accessoire incontournable pour écouter votre musique au quotidien. Vous découvrirez des modèles compatibles <a href=""https://meilleurtest.fr/comparatif-ecouteurs-pour-android/"">Android</a> et <a href=""https://meilleurtest.fr/comparatif-ecouteurs-pour-iphone/"">iPhone</a>, des <a href=""https://meilleurtest.fr/comparatif-ecouteurs-avec-micro/"">écouteurs avec micro</a> intégré et des options <a href=""https://meilleurtest.fr/comparatif-ecouteur-pas-cher/"">pas chères</a>. Ce guide vous aidera à sélectionner les écouteurs USB-C les plus adaptés à votre appareil et à vos habitudes."
"39031";"Explorer l'univers de la haute fidélité vous révélera des différences sonores considérables. Vous comparerez des systèmes intégrés, des <a href=""https://meilleurtest.fr/comparatif-ampli-hifi/"">amplis hifi</a> séparés et des ensembles avec <a href=""https://meilleurtest.fr/comparatif-enceinte-hifi-haut-de-gamme/"">enceintes haut de gamme</a>. La connectivité <a href=""https://meilleurtest.fr/comparatif-chaine-hifi-bluetooth/"">Bluetooth</a> ou un <a href=""https://meilleurtest.fr/comparatif-streamer-hifi-audiophile/"">streamer audiophile</a> complétera votre installation. Ce guide vous orientera vers la chaîne hifi haut de gamme faite pour vous."
"38990";"Retrouver le charme analogique de la cassette séduira les amateurs de vintage et les collectionneurs. Vous découvrirez des baladeurs avec conversion numérique, à associer à un <a href=""https://meilleurtest.fr/comparatif-casque-nomade-filaire/"">casque nomade filaire</a> ou des <a href=""https://meilleurtest.fr/comparatif-ecouteurs/"">écouteurs</a> de qualité. Que vous soyez nostalgique ou curieux des <a href=""https://meilleurtest.fr/comparatif-baladeur-audiophile/"">baladeurs audiophiles</a> modernes, ce guide vous aidera à choisir votre walkman cassette."
"38984";"Afficher l'heure au plafond tout en profitant de la radio simplifiera vos réveils. Vous comparerez des modèles avec projection réglable, double alarme et réception <a href=""https://meilleurtest.fr/comparatif-poste-radio-dab-plus/"">DAB+</a>. Si vous cherchez un appareil plus polyvalent, une <a href=""https://meilleurtest.fr/comparatif-radio-internet-wifi/"">radio internet wifi</a> ou une <a href=""https://meilleurtest.fr/comparatif-radio-cd-usb/"">radio CD USB</a> sera une alternative. Ce guide vous orientera vers le radio-réveil projecteur adapté à votre chambre."
"38963";"Écouter vos CD préférés et vos fichiers USB sur un même appareil vous offrira une grande flexibilité musicale. Vous trouverez des modèles compacts, des radios avec réception <a href=""https://meilleurtest.fr/comparatif-poste-radio-dab-plus/"">DAB+</a> et des systèmes proches d'une <a href=""https://meilleurtest.fr/comparatif-mini-chaine-hifi/"">mini chaîne hifi</a>. Les <a href=""https://meilleurtest.fr/comparatif-radio-internet-wifi/"">radios internet wifi</a> élargiront le choix pour les auditeurs connectés. Ce guide vous accompagnera dans la sélection de votre radio CD USB."
"38960";"Révéler tout le potentiel sonore de votre ordinateur ou smartphone passera par un convertisseur numérique-analogique dédié. Vous comparerez des modèles portables, des <a href=""https://meilleurtest.fr/comparatif-dac-audiophile/"">DAC audiophiles</a> de bureau et des <a href=""https://meilleurtest.fr/comparatif-amplificateur-dac-pour-casque-audio/"">amplificateurs DAC pour casque</a>. Associé à un <a href=""https://meilleurtest.fr/comparatif-casque-hifi/"">casque hifi</a> ou un <a href=""https://meilleurtest.fr/comparatif-ampli-pour-casque/"">ampli pour casque</a>, le résultat sera transformé. Ce guide vous orientera vers le DAC USB le plus adapté à votre installation."
"38945";"Porter une oreillette discrète toute la journée vous permettra de rester joignable sans encombrement. Vous découvrirez des modèles ultracompacts, proches des <a href=""https://meilleurtest.fr/comparatif-ecouteur-true-wireless/"">écouteurs true wireless</a> mais conçus pour les appels. Entre les options <a href=""https://meilleurtest.fr/comparatif-ecouteur-sans-fil-pas-cher/"">pas chères</a> et les modèles <a href=""https://meilleurtest.fr/comparatif-ecouteur-intra-auriculaire-bluetooth/"">intra-auriculaires Bluetooth</a> plus polyvalents, ce guide vous aidera à choisir votre mini oreillette Bluetooth."
"38921";"Diffuser votre musique depuis un smartphone vers un système hifi vous offrira le meilleur des deux mondes. Vous comparerez des chaînes intégrées, des modèles <a href=""https://meilleurtest.fr/comparatif-chaine-hifi-haut-de-gamme/"">haut de gamme</a> et des systèmes compacts comme les <a href=""https://meilleurtest.fr/comparatif-mini-chaine-hifi/"">mini chaînes</a>. Un <a href=""https://meilleurtest.fr/comparatif-recepteur-bluetooth-pour-chaine-hifi/"">récepteur Bluetooth pour chaîne hifi</a> pourra aussi moderniser votre équipement existant. Ce guide vous orientera vers la chaîne hifi Bluetooth idéale."
"38885";"Équiper votre salon d'enceintes colonnes sans fil vous offrira un son ample et immersif sans câbles apparents. Vous comparerez des modèles proches des <a href=""https://meilleurtest.fr/comparatif-enceinte-colonne/"">enceintes colonnes</a> classiques, des systèmes <a href=""https://meilleurtest.fr/comparatif-enceinte-bluetooth-puissante/"">Bluetooth puissants</a> et des options adaptées au <a href=""https://meilleurtest.fr/comparatif-enceinte-bluetooth-de-salon/"">salon</a>. Les <a href=""https://meilleurtest.fr/comparatif-enceinte-hifi/"">enceintes hifi</a> filaires resteront une alternative pour les audiophiles. Ce guide vous orientera vers les enceintes colonnes Bluetooth les plus adaptées à votre pièce."
"38866";"Sonoriser un événement ou une salle de répétition nécessitera des enceintes amplifiées puissantes et fiables. Vous comparerez des modèles actifs, des <a href=""https://meilleurtest.fr/comparatif-enceinte-sono/"">enceintes sono</a> passives et des systèmes portables. Une <a href=""https://meilleurtest.fr/comparatif-table-de-mixage/"">table de mixage</a> et un <a href=""https://meilleurtest.fr/comparatif-micro-sans-fil/"">micro sans fil</a> compléteront votre installation. Ce guide vous orientera vers l'enceinte amplifiée sono adaptée à votre usage."
"38864";"Profiter d'un son généreux en intérieur comme en extérieur nécessitera une enceinte sans fil à forte puissance. Vous découvrirez des modèles <a href=""https://meilleurtest.fr/comparatif-enceinte-bluetooth-etanche/"">étanches</a> pour le plein air, des enceintes <a href=""https://meilleurtest.fr/comparatif-enceinte-bluetooth-de-salon/"">de salon</a> et des références <a href=""https://meilleurtest.fr/comparatif-enceinte-bluetooth-haut-de-gamme/"">haut de gamme</a>. Les <a href=""https://meilleurtest.fr/comparatif-grosse-enceinte-bluetooth/"">grosses enceintes Bluetooth</a> offriront un volume encore supérieur. Ce guide vous aidera à choisir l'enceinte Bluetooth puissante idéale."
"38854";"Installer une enceinte sans fil dans votre pièce de vie transformera votre expérience musicale quotidienne. Vous comparerez des modèles compacts, des enceintes <a href=""https://meilleurtest.fr/comparatif-enceinte-bluetooth-puissante/"">puissantes</a> et des références <a href=""https://meilleurtest.fr/comparatif-enceinte-bluetooth-haut-de-gamme/"">haut de gamme</a>. Pour un son multi-pièces, les <a href=""https://meilleurtest.fr/comparatif-enceinte-wifi/"">enceintes wifi</a> et les <a href=""https://meilleurtest.fr/comparatif-systeme-multiroom/"">systèmes multiroom</a> élargiront vos possibilités. Ce guide vous orientera vers l'enceinte Bluetooth de salon la plus adaptée."
"38831";"Obtenir un son de qualité sans dépasser 150 euros sera tout à fait possible avec les bons modèles. Vous comparerez des <a href=""https://meilleurtest.fr/comparatif-casque-bluetooth/"">casques Bluetooth</a>, des <a href=""https://meilleurtest.fr/comparatif-casque-audio-filaire/"">casques filaires</a> et des modèles à <a href=""https://meilleurtest.fr/comparatif-casques-a-reduction-de-bruit/"">réduction de bruit</a>. Si votre budget est plus serré, les <a href=""https://meilleurtest.fr/comparatif-casque-audio-a-moins-de-100-euros/"">casques à moins de 100 euros</a> constitueront une alternative. Ce guide vous aidera à choisir le casque audio à moins de 150 euros le plus adapté."
"38776";"Écouter de la musique sous la douche, à la piscine ou en randonnée nécessitera une enceinte résistante à l'eau. Vous découvrirez des modèles <a href=""https://meilleurtest.fr/comparatif-enceinte-bluetooth-puissante/"">puissants</a>, des enceintes <a href=""https://meilleurtest.fr/comparatif-enceinte-bluetooth-nomade/"">nomades</a> compactes et des options <a href=""https://meilleurtest.fr/comparatif-enceinte-bluetooth-pas-chere/"">pas chères</a>. Les <a href=""https://meilleurtest.fr/comparatif-enceinte-portable-a-batterie/"">enceintes portables à batterie</a> conviendront aux longues sorties. Ce guide vous orientera vers l'enceinte Bluetooth étanche adaptée à vos activités."
"38748";"Mixer vos morceaux préférés chez vous ou en soirée deviendra accessible avec le bon équipement. Vous comparerez des contrôleurs pour débutants, des modèles professionnels et des alternatives comme les <a href=""https://meilleurtest.fr/comparatif-launchpad/"">launchpads</a>. Associé à une <a href=""https://meilleurtest.fr/comparatif-table-de-mixage/"">table de mixage</a> et un <a href=""https://meilleurtest.fr/comparatif-casque-dj/"">casque DJ</a>, votre installation sera complète. Ce guide vous aidera à choisir le contrôleur DJ adapté à votre niveau."
"38740";"Enregistrer votre voix ou vos instruments sans vous ruiner sera tout à fait réalisable. Vous comparerez des <a href=""https://meilleurtest.fr/comparatif-micro-usb/"">micros USB</a> branchés en direct, des <a href=""https://meilleurtest.fr/comparatif-micro-cravate/"">micros cravates</a> discrets et des modèles orientés <a href=""https://meilleurtest.fr/comparatif-micro-chant/"">chant</a>. Un <a href=""https://meilleurtest.fr/comparatif-micro-de-streaming/"">micro de streaming</a> dédié sera aussi à envisager pour la vidéo en ligne. Ce guide vous orientera vers le micro pas cher le plus adapté."
"38713";"Recréer un son surround tridimensionnel dans votre salon transformera votre expérience cinéma. Vous comparerez des modèles avec caisson intégré, des <a href=""https://meilleurtest.fr/comparatif-barre-de-son-5-1/"">barres 5.1</a> et des systèmes compatibles avec votre <a href=""https://meilleurtest.fr/comparatif-home-cinema/"">home cinéma</a>. Les <a href=""https://meilleurtest.fr/comparatif-barre-de-son-bluetooth/"">barres Bluetooth</a> et les <a href=""https://meilleurtest.fr/comparatif-barre-de-son-pas-chere/"">barres pas chères</a> constitueront des alternatives. Ce guide vous aidera à choisir la barre de son Dolby Atmos idéale pour votre installation."
"38698";"Combiner qualité hifi et format réduit conviendra aux espaces restreints et aux budgets maîtrisés. Vous comparerez des mini chaînes avec lecteur CD, des modèles <a href=""https://meilleurtest.fr/comparatif-chaine-hifi-bluetooth/"">Bluetooth</a> et des systèmes proches d'une <a href=""https://meilleurtest.fr/comparatif-micro-chaine-hifi/"">micro chaîne</a>. Si vous recherchez un son plus ample, une <a href=""https://meilleurtest.fr/comparatif-chaine-hifi/"">chaîne hifi</a> complète sera l'alternative à considérer. Ce guide vous orientera vers la mini chaîne hifi adaptée à votre intérieur."
"38694";"Intégrer un système hifi dans un minimum d'espace séduira les amateurs de musique en appartement. Vous découvrirez des modèles avec lecteur CD, des micro chaînes <a href=""https://meilleurtest.fr/comparatif-chaine-hifi-bluetooth/"">Bluetooth</a> et des systèmes avec tuner intégré. Si vous disposez de plus de place, une <a href=""https://meilleurtest.fr/comparatif-mini-chaine-hifi/"">mini chaîne</a> ou une <a href=""https://meilleurtest.fr/comparatif-chaine-hifi/"">chaîne hifi</a> classique offrira davantage de puissance. Ce guide vous aidera à choisir la micro chaîne hifi idéale."
"38680";"Améliorer la qualité de vos visioconférences, podcasts ou streams passera par un micro dédié à votre ordinateur. Vous comparerez des <a href=""https://meilleurtest.fr/comparatif-micro-usb/"">micros USB</a> plug-and-play, des modèles orientés <a href=""https://meilleurtest.fr/comparatif-micro-de-streaming/"">streaming</a> et des solutions intégrées à un <a href=""https://meilleurtest.fr/comparatif-casque-micro-pc/"">casque micro PC</a>. Les <a href=""https://meilleurtest.fr/comparatif-micro-casque-professionnel/"">casques micro professionnels</a> conviendront aux usages intensifs. Ce guide vous orientera vers le micro PC adapté à vos besoins."
"38631";"Obtenir un son fidèle avec un casque filaire à prix contenu sera possible en ciblant les bons modèles. Vous comparerez des casques ouverts, fermés et des <a href=""https://meilleurtest.fr/comparatif-casque-nomade-filaire/"">casques nomades</a> pour l'extérieur. Les <a href=""https://meilleurtest.fr/comparatif-casque-audio-a-moins-de-50-euros/"">modèles à moins de 50 euros</a> offriront une entrée de gamme accessible, tandis que les <a href=""https://meilleurtest.fr/comparatif-casque-audio-pas-cher/"">casques audio pas chers</a> élargiront vos options. Ce guide vous orientera vers le casque audio filaire à moins de 100 euros le plus adapté."
"38548";"Profiter de la liberté sans fil sans trop dépenser deviendra réalité avec les bons modèles. Vous découvrirez des casques adaptés au <a href=""https://meilleurtest.fr/comparatif-casque-bluetooth-sport/"">sport</a>, des modèles polyvalents et des alternatives <a href=""https://meilleurtest.fr/comparatif-casque-sans-fil-a-moins-de-100-euros/"">à moins de 100 euros</a>. Les <a href=""https://meilleurtest.fr/comparatif-casque-audio-pas-cher/"">casques audio pas chers</a> en filaire offriront aussi un bon rapport qualité-prix. Ce guide vous aidera à trouver le casque Bluetooth pas cher adapté à vos usages."
"38489";"Transformer votre pièce de vie en véritable espace d'écoute passera par des enceintes adaptées à votre intérieur. Vous comparerez des <a href=""https://meilleurtest.fr/comparatif-enceinte-colonne/"">enceintes colonnes</a>, des modèles <a href=""https://meilleurtest.fr/comparatif-enceinte-bluetooth-de-salon/"">Bluetooth de salon</a> et des <a href=""https://meilleurtest.fr/comparatif-enceinte-hifi/"">enceintes hifi</a> plus exigeantes. Les <a href=""https://meilleurtest.fr/comparatif-enceinte-wifi/"">enceintes wifi</a> complèteront le panorama pour les amateurs de connectivité. Ce guide vous orientera vers l'enceinte de salon la plus adaptée à votre espace."
"38487";"S'entraîner avec un son motivant nécessitera un casque sans fil résistant à la transpiration. Vous découvrirez des modèles légers pour la course, des casques avec <a href=""https://meilleurtest.fr/comparatif-casques-a-reduction-de-bruit/"">réduction de bruit</a> et des options <a href=""https://meilleurtest.fr/comparatif-casque-bluetooth-pas-cher/"">pas chères</a>. Si vous préférez des écouteurs, les <a href=""https://meilleurtest.fr/comparatif-ecouteur-de-running-sans-fil/"">écouteurs de running sans fil</a> et les <a href=""https://meilleurtest.fr/comparatif-ecouteurs-sans-fil-pour-le-sport/"">écouteurs sport</a> seront des alternatives. Ce guide vous orientera vers le casque Bluetooth sport adapté à vos séances."
"38381";"Enregistrer un son clair et discret lors d'interviews, conférences ou vidéos passera par un micro cravate adapté. Vous comparerez des modèles <a href=""https://meilleurtest.fr/comparatif-micro-sans-fil/"">sans fil</a>, des micros <a href=""https://meilleurtest.fr/comparatif-micro-pour-smartphone/"">pour smartphone</a> et des options filaires professionnelles. Un <a href=""https://meilleurtest.fr/comparatif-micro-pour-appareil-photo/"">micro pour appareil photo</a> complétera votre équipement de tournage. Ce guide vous orientera vers le micro cravate le plus adapté à votre situation."
"38250";"Accéder à des milliers de stations du monde entier depuis votre salon nécessitera une radio connectée au wifi. Vous comparerez des modèles avec écran couleur, réception <a href=""https://meilleurtest.fr/comparatif-poste-radio-dab-plus/"">DAB+</a> intégrée et fonctions <a href=""https://meilleurtest.fr/comparatif-systeme-multiroom/"">multiroom</a>. Les <a href=""https://meilleurtest.fr/comparatif-radio-cd-usb/"">radios CD USB</a> offriront une alternative polyvalente pour les auditeurs locaux. Ce guide vous aidera à choisir la radio internet wifi idéale pour votre écoute."
"38243";"Participer à des visioconférences, jouer en ligne ou télétravailler dans de bonnes conditions sonores passera par un casque avec micro intégré. Vous comparerez des <a href=""https://meilleurtest.fr/comparatif-casque-micro-pc/"">casques micro PC</a>, des modèles <a href=""https://meilleurtest.fr/comparatif-casque-micro-bluetooth/"">Bluetooth</a> et des <a href=""https://meilleurtest.fr/comparatif-micro-casque-professionnel/"">casques professionnels</a>. Les <a href=""https://meilleurtest.fr/comparatif-casque-gamer/"">casques gamer</a> offriront des fonctions dédiées au jeu en réseau. Ce guide vous orientera vers le casque micro adapté à votre usage quotidien."
"38192";"Communiquer à distance sans dépendre d'un réseau téléphonique sera indispensable en randonnée, sur un chantier ou lors d'événements. Vous comparerez des modèles <a href=""https://meilleurtest.fr/comparatif-talkie-walkie-longue-portee/"">longue portée</a>, des talkies <a href=""https://meilleurtest.fr/comparatif-talkie-walkie-rechargeable/"">rechargeables</a> et des appareils pour la <a href=""https://meilleurtest.fr/comparatif-talkie-walkie-pour-chasse/"">chasse</a>. Des <a href=""https://meilleurtest.fr/comparatif-talkie-walkie-enfant/"">modèles enfants</a> existent aussi pour le loisir en famille. Ce guide vous aidera à choisir le talkie-walkie adapté à votre activité."
"38149";"Regarder la télévision sans déranger votre entourage deviendra simple avec un casque dédié à votre téléviseur. Vous découvrirez des modèles confortables pour les longues sessions, des <a href=""https://meilleurtest.fr/comparatif-casque-tv-sans-fil-pour-malentendant/"">casques pour malentendants</a> et des alternatives <a href=""https://meilleurtest.fr/comparatif-casque-tv-filaire/"">filaires</a>. Un <a href=""https://meilleurtest.fr/comparatif-adaptateur-casque-bluetooth/"">adaptateur Bluetooth</a> pourra aussi connecter un casque existant à votre TV. Ce guide vous orientera vers le casque TV sans fil le plus adapté."
"38136";"Compléter votre écosystème Apple avec des écouteurs sans fil optimisés vous offrira une intégration fluide avec tous vos appareils. Vous comparerez les différents <a href=""https://meilleurtest.fr/comparatif-airpod/"">AirPods</a> et des alternatives compatibles <a href=""https://meilleurtest.fr/comparatif-ecouteur-sans-fil-pour-iphone/"">iPhone</a>. Les <a href=""https://meilleurtest.fr/comparatif-ecouteurs-sans-fil-a-moins-de-100-euros/"">écouteurs sans fil à moins de 100 euros</a> offriront des options plus accessibles. Ce guide vous aidera à choisir les écouteurs sans fil Apple les plus adaptés à vos besoins."
"38117";"Rendre votre casque filaire sans fil ou connecter un casque Bluetooth à un appareil non compatible deviendra possible avec le bon adaptateur. Vous comparerez des <a href=""https://meilleurtest.fr/comparatif-emetteur-bluetooth/"">émetteurs Bluetooth</a> pour TV, des <a href=""https://meilleurtest.fr/comparatif-recepteur-bluetooth-pour-ampli-hifi/"">récepteurs pour ampli hifi</a> et des dongles USB. Un <a href=""https://meilleurtest.fr/comparatif-casque-tv-sans-fil/"">casque TV sans fil</a> dédié sera aussi une alternative à considérer. Ce guide vous orientera vers l'adaptateur pour casque Bluetooth le plus adapté."
"38083";"Explorer la gamme JBL vous donnera accès à des enceintes reconnues pour leur robustesse et leur son dynamique. Vous comparerez des modèles portables, étanches et des enceintes de salon. Les <a href=""https://meilleurtest.fr/comparatif-enceinte-bluetooth/"">enceintes Bluetooth</a> générales, les modèles <a href=""https://meilleurtest.fr/comparatif-enceinte-bluetooth-pas-chere/"">pas chers</a> et les <a href=""https://meilleurtest.fr/comparatif-enceinte-bluetooth-puissante/"">enceintes puissantes</a> élargiront votre comparaison. Ce guide vous orientera vers l'enceinte Bluetooth JBL la mieux adaptée."
"38039";"Profiter d'un son sans fil correct sans dépasser un petit budget sera accessible avec les bonnes références. Vous comparerez des enceintes <a href=""https://meilleurtest.fr/comparatif-enceinte-bluetooth-a-moins-de-50-euros/"">à moins de 50 euros</a>, des options <a href=""https://meilleurtest.fr/comparatif-enceinte-bluetooth-a-moins-de-100-euros/"">sous les 100 euros</a> et des modèles <a href=""https://meilleurtest.fr/comparatif-enceinte-bluetooth-nomade/"">nomades</a> compacts. Les <a href=""https://meilleurtest.fr/comparatif-enceinte-bluetooth-puissante/"">enceintes Bluetooth puissantes</a> offriront plus de volume pour un budget un peu plus large. Ce guide vous aidera à trouver l'enceinte Bluetooth pas chère la plus convaincante."
"37953";"Trouver un casque audio performant sous la barre des 100 euros vous demandera de bien cibler vos priorités. Vous comparerez des <a href=""https://meilleurtest.fr/comparatif-casque-bluetooth-pas-cher/"">casques Bluetooth pas chers</a>, des modèles <a href=""https://meilleurtest.fr/comparatif-casque-audio-filaire/"">filaires</a> et des casques à <a href=""https://meilleurtest.fr/comparatif-casques-a-reduction-de-bruit/"">réduction de bruit</a>. Les <a href=""https://meilleurtest.fr/comparatif-casque-audio-a-moins-de-50-euros/"">casques à moins de 50 euros</a> resteront une piste encore plus accessible. Ce guide vous orientera vers le casque audio à moins de 100 euros le plus adapté."
"37938";"S'offrir la liberté du sans fil à prix contenu sera possible en ciblant les bonnes références. Vous comparerez des modèles avec <a href=""https://meilleurtest.fr/comparatif-casques-a-reduction-de-bruit/"">réduction de bruit</a>, des casques pour le <a href=""https://meilleurtest.fr/comparatif-casque-bluetooth-sport/"">sport</a> et des options polyvalentes. Pour un budget plus large, les <a href=""https://meilleurtest.fr/comparatif-casque-audio-a-moins-de-150-euros/"">casques à moins de 150 euros</a> élargiront le choix. Ce guide vous aidera à trouver le casque sans fil à moins de 100 euros fait pour vous."
"37933";"Découvrir la gamme Sony en casques sans fil vous donnera accès à des technologies avancées en réduction de bruit et qualité audio. Vous comparerez les différents modèles, des références <a href=""https://meilleurtest.fr/comparatif-casque-bluetooth-sony/"">Bluetooth Sony</a> aux casques circum-auriculaires. Les <a href=""https://meilleurtest.fr/comparatif-casques-a-reduction-de-bruit/"">casques à réduction de bruit</a> et les <a href=""https://meilleurtest.fr/comparatif-casque-sans-fil-a-moins-de-100-euros/"">modèles à moins de 100 euros</a> élargiront la comparaison. Ce guide vous orientera vers le casque Sony sans fil le plus adapté."
"37932";"Brancher un casque en USB sur votre ordinateur vous assurera une connexion numérique stable et sans latence. Vous comparerez des modèles orientés <a href=""https://meilleurtest.fr/comparatif-casque-micro-pc/"">micro PC</a>, des casques pour le télétravail et des références pour le <a href=""https://meilleurtest.fr/comparatif-casque-gamer/"">gaming</a>. Un <a href=""https://meilleurtest.fr/comparatif-micro-casque-professionnel/"">casque micro professionnel</a> conviendra aux usages intensifs. Ce guide vous aidera à choisir le casque audio USB idéal pour votre poste de travail."
"37895";"Explorer la gamme Sennheiser en sans fil vous ouvrira l'accès à un savoir-faire audiophile reconnu. Vous comparerez des modèles haut de gamme, des casques à <a href=""https://meilleurtest.fr/comparatif-casques-a-reduction-de-bruit/"">réduction de bruit</a> et des références proches du <a href=""https://meilleurtest.fr/comparatif-casque-hifi/"">casque hifi</a>. Un <a href=""https://meilleurtest.fr/comparatif-amplificateur-dac-pour-casque-audio/"">amplificateur DAC</a> pourra sublimer ces casques en mode filaire. Ce guide vous orientera vers le casque Sennheiser sans fil fait pour vos oreilles."
"37894";"Extraire le plein potentiel de votre casque audiophile passera par un amplificateur DAC dédié. Vous comparerez des modèles portables, des <a href=""https://meilleurtest.fr/comparatif-dac-usb/"">DAC USB</a> compacts et des <a href=""https://meilleurtest.fr/comparatif-dac-audiophile/"">DAC audiophiles</a> de bureau. Un <a href=""https://meilleurtest.fr/comparatif-ampli-pour-casque/"">ampli pour casque</a> séparé sera aussi à envisager pour les casques exigeants. Ce guide vous aidera à choisir l'amplificateur DAC pour casque audio le plus adapté à votre écoute."
"37882";"Isoler vos oreilles des bruits ambiants dans les transports ou en open space transformera votre concentration et votre écoute. Vous découvrirez des modèles <a href=""https://meilleurtest.fr/comparatif-casque-bluetooth/"">Bluetooth</a> polyvalents, des casques <a href=""https://meilleurtest.fr/comparatif-casque-nomade-bluetooth/"">nomades</a> compacts et des références haut de gamme. Les <a href=""https://meilleurtest.fr/comparatif-ecouteurs-a-reduction-de-bruit/"">écouteurs à réduction de bruit</a> seront une alternative plus discrète. Ce guide vous orientera vers le casque à réduction de bruit active idéal."
"37874";"Mixer du son en live ou en studio nécessitera une table de mixage adaptée à votre niveau et à vos besoins. Vous comparerez des modèles analogiques, numériques et des <a href=""https://meilleurtest.fr/comparatif-table-de-mixage-pour-debutant/"">tables pour débutants</a>. Un <a href=""https://meilleurtest.fr/comparatif-controleur-dj/"">contrôleur DJ</a> et un <a href=""https://meilleurtest.fr/comparatif-micro-sans-fil/"">micro sans fil</a> compléteront votre installation. Ce guide vous aidera à choisir la table de mixage la plus adaptée à votre pratique."
"37859";"Se passer totalement de câble en écoutant votre musique au quotidien deviendra naturel avec des écouteurs true wireless. Vous comparerez des modèles à <a href=""https://meilleurtest.fr/comparatif-ecouteurs-a-reduction-de-bruit/"">réduction de bruit</a>, des écouteurs <a href=""https://meilleurtest.fr/comparatif-ecouteur-sans-fil-pas-cher/"">pas chers</a> et des références <a href=""https://meilleurtest.fr/comparatif-ecouteur-intra-auriculaire-bluetooth/"">intra-auriculaires</a>. Les <a href=""https://meilleurtest.fr/comparatif-ecouteurs-sans-fil-a-moins-de-100-euros/"">écouteurs sans fil à moins de 100 euros</a> élargiront vos options. Ce guide vous orientera vers les écouteurs true wireless adaptés à vos habitudes."
"37856";"Protéger l'audition de vos enfants tout en leur offrant un bon son passera par un casque adapté à leurs oreilles. Vous découvrirez des modèles avec limitation de volume, des casques <a href=""https://meilleurtest.fr/comparatif-casque-audio-filaire/"">filaires</a> robustes et des options <a href=""https://meilleurtest.fr/comparatif-casque-audio-a-moins-de-50-euros/"">à moins de 50 euros</a>. Des <a href=""https://meilleurtest.fr/comparatif-ecouteur-pour-enfant/"">écouteurs pour enfants</a> constitueront une alternative compacte. Ce guide vous aidera à choisir le casque audio pour enfant le plus sûr."
"37853";"Découvrir la gamme Bose vous donnera accès à des enceintes réputées pour leur équilibre sonore et leur finition. Vous comparerez les <a href=""https://meilleurtest.fr/comparatif-enceinte-bluetooth-bose/"">enceintes Bluetooth Bose</a>, des modèles portables et des systèmes pour la maison. Les <a href=""https://meilleurtest.fr/comparatif-enceinte-bluetooth-haut-de-gamme/"">enceintes Bluetooth haut de gamme</a> et les <a href=""https://meilleurtest.fr/comparatif-enceinte-sans-fil/"">enceintes sans fil</a> élargiront votre comparaison. Ce guide vous orientera vers l'enceinte Bose adaptée à votre usage."
"37847";"Choisir une tour de son verticale pour votre salon vous apportera une puissance généreuse dans un format élégant sans multiplier les éléments. Vous comparerez des modèles avec Bluetooth, des tours proches d'une <a href=""https://meilleurtest.fr/comparatif-enceinte-colonne/"">enceinte colonne</a> et des systèmes tout-en-un. Une <a href=""https://meilleurtest.fr/comparatif-barre-de-son-tv/"">barre de son TV</a> ou une <a href=""https://meilleurtest.fr/comparatif-enceinte-bluetooth-de-salon/"">enceinte Bluetooth de salon</a> sera aussi à considérer. Ce guide vous orientera vers la tour de son idéale pour votre espace."
"37839";"Accéder à des écouteurs performants sans dépasser 200 euros vous permettra de profiter des meilleures technologies audio. Vous comparerez des <a href=""https://meilleurtest.fr/comparatif-ecouteur-true-wireless/"">écouteurs true wireless</a>, des modèles à <a href=""https://meilleurtest.fr/comparatif-ecouteurs-a-reduction-de-bruit/"">réduction de bruit</a> et des références audiophiles. Les <a href=""https://meilleurtest.fr/comparatif-ecouteur-a-moins-de-100-euros/"">écouteurs à moins de 100 euros</a> resteront une option plus accessible. Ce guide vous orientera vers les écouteurs à moins de 200 euros les plus convaincants."
"37838";"Retrouver le calme dans un environnement bruyant transformera votre façon d'écouter de la musique et de travailler. Vous comparerez des modèles avec <a href=""https://meilleurtest.fr/comparatif-a-reduction-de-bruit-active/"">réduction de bruit active</a>, des <a href=""https://meilleurtest.fr/comparatif-casque-nomade-bluetooth/"">casques nomades Bluetooth</a> et des références haut de gamme. Les <a href=""https://meilleurtest.fr/comparatif-ecouteurs-a-reduction-de-bruit/"">écouteurs à réduction de bruit</a> offriront une alternative compacte. Ce guide vous aidera à choisir le casque à réduction de bruit adapté à vos besoins."
"37836";"Choisir des écouteurs adaptés à votre quotidien vous demandera de considérer confort, qualité sonore et usage. Vous comparerez des <a href=""https://meilleurtest.fr/comparatif-ecouteur-true-wireless/"">écouteurs true wireless</a>, des modèles <a href=""https://meilleurtest.fr/comparatif-ecouteur-intra-auriculaire-bluetooth/"">intra-auriculaires Bluetooth</a> et des options <a href=""https://meilleurtest.fr/comparatif-ecouteur-pas-cher/"">pas chères</a>. Les <a href=""https://meilleurtest.fr/comparatif-ecouteurs-a-reduction-de-bruit/"">écouteurs à réduction de bruit</a> conviendront aux environnements bruyants. Ce guide vous orientera vers les écouteurs les mieux adaptés à vos habitudes d'écoute."
"37736";"Emporter un casque filaire léger et pliable dans vos déplacements vous assurera un son fidèle sans latence. Vous comparerez des modèles fermés pour l'isolation, des <a href=""https://meilleurtest.fr/comparatif-casque-audio-filaire/"">casques filaires</a> de référence et des options compactes. Un <a href=""https://meilleurtest.fr/comparatif-baladeur-audiophile/"">baladeur audiophile</a> complétera votre installation nomade. Si le sans fil vous tente, les <a href=""https://meilleurtest.fr/comparatif-casque-nomade-bluetooth/"">casques nomades Bluetooth</a> seront à considérer. Ce guide vous aidera à choisir le casque nomade filaire idéal."
"37592";"Découvrir la gamme Marshall vous plongera dans un univers sonore inspiré du rock et du vintage. Vous comparerez les <a href=""https://meilleurtest.fr/comparatif-enceinte-bluetooth-marshall/"">enceintes Bluetooth Marshall</a>, des modèles portables et des systèmes pour la maison. Les <a href=""https://meilleurtest.fr/comparatif-enceinte-bluetooth-haut-de-gamme/"">enceintes Bluetooth haut de gamme</a> et les <a href=""https://meilleurtest.fr/comparatif-enceinte-bluetooth/"">enceintes Bluetooth</a> générales complèteront la comparaison. Ce guide vous orientera vers l'enceinte Marshall la mieux adaptée."
"37589";"Installer un jukebox chez vous apportera une touche rétro et festive à votre intérieur. Vous comparerez des modèles vintage restaurés, des jukebox modernes avec Bluetooth et des systèmes connectés. Si une <a href=""https://meilleurtest.fr/comparatif-chaine-hifi/"">chaîne hifi</a>, une <a href=""https://meilleurtest.fr/comparatif-mini-chaine-hifi/"">mini chaîne</a> ou une <a href=""https://meilleurtest.fr/comparatif-enceinte-bluetooth-de-salon/"">enceinte Bluetooth de salon</a> vous intéresse aussi, ce guide vous aidera à trouver le jukebox idéal pour votre espace."
"37583";"Se déplacer avec un son de qualité sans fil passera par un casque Bluetooth compact et pliable. Vous comparerez des modèles avec <a href=""https://meilleurtest.fr/comparatif-casques-a-reduction-de-bruit/"">réduction de bruit</a>, des casques <a href=""https://meilleurtest.fr/comparatif-casque-bluetooth-pas-cher/"">pas chers</a> et des références adaptées au <a href=""https://meilleurtest.fr/comparatif-casque-bluetooth-sport/"">sport</a>. Les <a href=""https://meilleurtest.fr/comparatif-casque-nomade-filaire/"">casques nomades filaires</a> offriront un son sans latence en alternative. Ce guide vous orientera vers le casque nomade Bluetooth adapté à vos trajets quotidiens."
"37503";"Accéder au confort du sans fil sans se ruiner sera possible avec les bonnes références. Vous comparerez des écouteurs <a href=""https://meilleurtest.fr/comparatif-ecouteurs-sans-fil-a-moins-de-50-euros/"">à moins de 50 euros</a>, des modèles <a href=""https://meilleurtest.fr/comparatif-ecouteurs-sans-fil-a-moins-de-100-euros/"">sous les 100 euros</a> et des <a href=""https://meilleurtest.fr/comparatif-ecouteur-true-wireless/"">écouteurs true wireless</a> abordables. Les <a href=""https://meilleurtest.fr/comparatif-ecouteurs/"">écouteurs</a> toutes gammes élargiront vos options. Ce guide vous aidera à trouver les écouteurs sans fil pas chers les plus convaincants."
"37497";"Équiper votre salon d'un système hifi transformera votre façon d'écouter la musique au quotidien. Vous comparerez des modèles <a href=""https://meilleurtest.fr/comparatif-chaine-hifi-bluetooth/"">Bluetooth</a>, des chaînes <a href=""https://meilleurtest.fr/comparatif-chaine-hifi-haut-de-gamme/"">haut de gamme</a> et des formats compacts comme les <a href=""https://meilleurtest.fr/comparatif-mini-chaine-hifi/"">mini chaînes</a>. Un <a href=""https://meilleurtest.fr/comparatif-ampli-hifi/"">ampli hifi</a> séparé conviendra aux passionnés souhaitant composer leur installation. Ce guide vous orientera vers la chaîne hifi la plus adaptée à vos envies musicales."
"37472";"Diffuser de la musique dans votre jardin, sur votre terrasse ou au bord de la piscine nécessitera des enceintes résistantes aux intempéries. Vous comparerez des modèles <a href=""https://meilleurtest.fr/comparatif-enceinte-bluetooth-etanche/"">Bluetooth étanches</a>, des <a href=""https://meilleurtest.fr/comparatif-enceinte-portable-a-batterie/"">enceintes portables à batterie</a> et des <a href=""https://meilleurtest.fr/comparatif-haut-parleur-marine/"">haut-parleurs marins</a>. Les <a href=""https://meilleurtest.fr/comparatif-enceinte-bluetooth-puissante/"">enceintes Bluetooth puissantes</a> assureront un bon volume en plein air. Ce guide vous aidera à choisir l'enceinte d'extérieur la plus adaptée."
"37466";"Remplacer les haut-parleurs intégrés de votre ordinateur transformera votre expérience audio au bureau. Vous comparerez des modèles compacts, des <a href=""https://meilleurtest.fr/comparatif-enceinte-active/"">enceintes actives</a> performantes et des systèmes avec caisson de basses. Les <a href=""https://meilleurtest.fr/comparatif-enceinte-bibliotheque/"">enceintes bibliothèque</a> offriront un son plus riche en alternative. Si un casque convient mieux, les <a href=""https://meilleurtest.fr/comparatif-casque-micro-pc/"">casques micro PC</a> seront aussi à considérer. Ce guide vous orientera vers l'enceinte PC adaptée à votre poste de travail."
"37429";"Profiter de votre musique sans fil au quotidien passera par le choix d'un casque Bluetooth adapté à vos usages. Vous comparerez des modèles <a href=""https://meilleurtest.fr/comparatif-casque-bluetooth-pas-cher/"">pas chers</a>, des casques à <a href=""https://meilleurtest.fr/comparatif-casques-a-reduction-de-bruit/"">réduction de bruit</a> et des références pour le <a href=""https://meilleurtest.fr/comparatif-casque-bluetooth-sport/"">sport</a>. Les <a href=""https://meilleurtest.fr/comparatif-casque-sans-fil-a-moins-de-100-euros/"">casques sans fil à moins de 100 euros</a> offriront des options accessibles. Ce guide vous aidera à trouver le casque Bluetooth fait pour vous."
"37417";"Placer des enceintes colonnes dans votre salon transformera votre système audio en véritable installation hifi. Vous comparerez des modèles passifs à associer à un <a href=""https://meilleurtest.fr/comparatif-ampli-hifi/"">ampli hifi</a>, des <a href=""https://meilleurtest.fr/comparatif-enceinte-colonne-bluetooth/"">enceintes colonnes Bluetooth</a> et des références <a href=""https://meilleurtest.fr/comparatif-enceinte-hifi/"">hifi</a> exigeantes. Pour un format plus compact, les <a href=""https://meilleurtest.fr/comparatif-enceinte-bibliotheque/"">enceintes bibliothèque</a> conviendront aux espaces réduits. Ce guide vous orientera vers les enceintes colonnes idéales pour votre pièce."
"37341";"Piloter vos enceintes avec un amplificateur dédié améliorera considérablement la restitution sonore de votre installation. Vous comparerez des modèles <a href=""https://meilleurtest.fr/comparatif-ampli-hifi-connecte/"">connectés</a> avec streaming intégré, des <a href=""https://meilleurtest.fr/comparatif-ampli-vintage/"">amplis vintage</a> au charme analogique et des <a href=""https://meilleurtest.fr/comparatif-ampli-tuner/"">amplis tuners</a> polyvalents. Des <a href=""https://meilleurtest.fr/comparatif-enceinte-hifi/"">enceintes hifi</a> de qualité compléteront votre système. Ce guide vous aidera à choisir l'ampli hifi le plus adapté à votre écoute."
"37307";"Glisser des écouteurs intra-auriculaires sans fil dans vos oreilles deviendra un geste quotidien pour la musique et les appels. Vous comparerez des modèles avec <a href=""https://meilleurtest.fr/comparatif-ecouteurs-intra-auriculaires-a-reduction-de-bruit/"">réduction de bruit</a>, des <a href=""https://meilleurtest.fr/comparatif-ecouteur-true-wireless/"">écouteurs true wireless</a> et des références <a href=""https://meilleurtest.fr/comparatif-ecouteurs-pour-audiophiles/"">audiophiles</a>. Les <a href=""https://meilleurtest.fr/comparatif-ecouteur-sans-fil-pas-cher/"">écouteurs sans fil pas chers</a> offriront des options accessibles. Ce guide vous orientera vers les intra-auriculaires sans fil Bluetooth les mieux adaptés."
"37262";"Regarder un film avec un son immersif sans déranger votre entourage passera par des écouteurs sans fil dédiés au cinéma. Vous comparerez des modèles à faible latence, des écouteurs avec <a href=""https://meilleurtest.fr/comparatif-ecouteurs-a-reduction-de-bruit/"">réduction de bruit</a> et des systèmes compatibles avec votre <a href=""https://meilleurtest.fr/comparatif-home-cinema/"">home cinéma</a>. Un <a href=""https://meilleurtest.fr/comparatif-casque-tv-sans-fil/"">casque TV sans fil</a> sera aussi une alternative confortable. Ce guide vous aidera à choisir les écouteurs sans fil pour home cinéma les plus performants."
"37239";"Privilégier un casque filaire vous garantira un son sans compression ni latence pour la musique, le studio ou le jeu. Vous comparerez des <a href=""https://meilleurtest.fr/comparatif-casque-nomade-filaire/"">casques nomades</a>, des modèles <a href=""https://meilleurtest.fr/comparatif-casque-studio/"">studio</a> et des références <a href=""https://meilleurtest.fr/comparatif-casque-hifi/"">hifi</a>. Les <a href=""https://meilleurtest.fr/comparatif-casque-audio-filaire-a-moins-de-100-euros/"">casques filaires à moins de 100 euros</a> offriront de bons compromis. Ce guide vous orientera vers le casque audio filaire le plus adapté à votre écoute."
"37219";"Commander votre musique et piloter vos objets connectés à la voix passera par une enceinte intelligente adaptée. Vous comparerez des modèles avec écran, des <a href=""https://meilleurtest.fr/comparatif-enceinte-connectee-haut-de-gamme/"">enceintes connectées haut de gamme</a> et des systèmes <a href=""https://meilleurtest.fr/comparatif-enceinte-wifi/"">wifi</a>. Pour un son multi-pièces, les <a href=""https://meilleurtest.fr/comparatif-systeme-multiroom/"">systèmes multiroom</a> et les <a href=""https://meilleurtest.fr/comparatif-enceinte-bluetooth/"">enceintes Bluetooth</a> compléteront l'installation. Ce guide vous orientera vers l'enceinte connectée intelligente idéale pour votre quotidien."
"41384";"Choisir une valise Amazon parmi des centaines de références demandera un minimum de méthode. Ce guide vous présentera les modèles les plus fiables, de la <a href=""https://meilleurtest.fr/comparatif-valise-cabine/"">valise cabine</a> au <a href=""https://meilleurtest.fr/comparatif-bagage/"">bagage</a> de soute, et vous montrera comment ils se comparent aux gammes <a href=""https://meilleurtest.fr/comparatif-valise-samsonite/"">Samsonite</a> ou <a href=""https://meilleurtest.fr/comparatif-valise-american-tourister/"">American Tourister</a>. Vous trouverez ici de quoi identifier la <a href=""https://meilleurtest.fr/comparatif-valise/"">valise</a> Amazon adaptée à vos voyages."
"40606";"Si vous envisagez d'acheter une valise American Tourister, ce guide vous présentera les gammes phares de la marque, des modèles colorés aux <a href=""https://meilleurtest.fr/comparatif-valise-cabine/"">valises cabine</a> les plus robustes. Vous découvrirez comment ces <a href=""https://meilleurtest.fr/comparatif-bagage/"">bagages</a> se positionnent face à des concurrents comme <a href=""https://meilleurtest.fr/comparatif-valise-samsonite/"">Samsonite</a> ou <a href=""https://meilleurtest.fr/comparatif-valise-amazon/"">les offres Amazon</a>, et vous trouverez la <a href=""https://meilleurtest.fr/comparatif-valise/"">valise</a> American Tourister la mieux adaptée à vos prochains voyages."
"40488";"La marque American Travel propose des valises au bon rapport qualité-prix. Ce guide vous détaillera ses modèles phares et vous aidera à choisir entre une <a href=""https://meilleurtest.fr/comparatif-valise/"">valise</a> de soute et une <a href=""https://meilleurtest.fr/comparatif-valise-cabine/"">valise cabine</a>. Vous verrez aussi comment protéger vos <a href=""https://meilleurtest.fr/comparatif-bagage/"">bagages</a> avec un <a href=""https://meilleurtest.fr/comparatif-cadenas-tsa/"">cadenas TSA</a> et comment ces gammes se situent face à <a href=""https://meilleurtest.fr/comparatif-valise-samsonite/"">Samsonite</a> pour choisir votre valise American Travel."
"40431";"Samsonite domine le marché mondial de la valise depuis des décennies. Ce guide vous présentera les collections phares de la marque et vous permettra de choisir le modèle adapté, que vous recherchiez une <a href=""https://meilleurtest.fr/comparatif-valise-cabine/"">valise cabine</a> légère ou un <a href=""https://meilleurtest.fr/comparatif-bagage/"">bagage</a> de soute spacieux. Vous pourrez comparer les gammes Samsonite à celles d'<a href=""https://meilleurtest.fr/comparatif-valise-american-tourister/"">American Tourister</a> ou aux <a href=""https://meilleurtest.fr/comparatif-valise-amazon/"">offres Amazon</a> pour trouver la <a href=""https://meilleurtest.fr/comparatif-valise/"">valise</a> Samsonite qui vous conviendra."
"39343";"Que vous partiez pour un week-end ou un long séjour, le choix du bagage adapté fera toute la différence. Ce guide vous orientera vers les meilleurs modèles selon vos besoins, de la <a href=""https://meilleurtest.fr/comparatif-valise-cabine/"">valise cabine</a> au format <a href=""https://meilleurtest.fr/comparatif-valise-cabine-55x35x25-cm/"">55x35x25 cm</a> jusqu'à la <a href=""https://meilleurtest.fr/comparatif-valise/"">valise</a> de soute. Vous apprendrez aussi à protéger vos affaires avec un <a href=""https://meilleurtest.fr/comparatif-cadenas-tsa/"">cadenas TSA</a> pour voyager l'esprit tranquille avec le bagage idéal."
"38913";"Le format 55x35x25 cm correspond aux dimensions acceptées par la majorité des compagnies aériennes en cabine. Ce guide vous aidera à choisir une <a href=""https://meilleurtest.fr/comparatif-valise-cabine/"">valise cabine</a> conforme, en comparant robustesse, poids et capacité de rangement. Vous verrez comment sécuriser vos affaires avec un <a href=""https://meilleurtest.fr/comparatif-cadenas-tsa/"">cadenas TSA</a>, et quand préférer un <a href=""https://meilleurtest.fr/comparatif-bagage/"">bagage</a> de soute ou une <a href=""https://meilleurtest.fr/comparatif-valise/"">valise</a> de taille différente pour trouver le modèle 55x35x25 cm adapté à vos vols."
"37685";"Coque rigide ou souple, deux ou quatre roues, serrure intégrée ou non : le choix d'une valise dépendra de vos habitudes de voyage. Ce guide vous présentera les modèles les plus fiables et vous aidera à trancher entre une <a href=""https://meilleurtest.fr/comparatif-valise-cabine/"">valise cabine</a>, un format <a href=""https://meilleurtest.fr/comparatif-valise-cabine-55x35x25-cm/"">55x35x25 cm</a> ou un <a href=""https://meilleurtest.fr/comparatif-bagage/"">bagage</a> de soute. Vous verrez aussi l'intérêt d'un <a href=""https://meilleurtest.fr/comparatif-cadenas-tsa/"">cadenas TSA</a> pour sécuriser votre valise lors de chaque déplacement."
"37676";"Trouver la bonne valise cabine vous évitera les mauvaises surprises à l'embarquement. Ce guide vous présentera les modèles conformes aux exigences des compagnies, y compris au format <a href=""https://meilleurtest.fr/comparatif-valise-cabine-55x35x25-cm/"">55x35x25 cm</a>, et comparera leur solidité, leur poids et leur rangement. Vous saurez aussi quand privilégier une <a href=""https://meilleurtest.fr/comparatif-valise/"">valise</a> de soute ou un autre <a href=""https://meilleurtest.fr/comparatif-bagage/"">bagage</a>, et comment un <a href=""https://meilleurtest.fr/comparatif-cadenas-tsa/"">cadenas TSA</a> protégera votre valise cabine en vol."
"37330";"Un cadenas TSA vous permettra de verrouiller vos bagages tout en laissant les agents de sécurité américains les inspecter sans les forcer. Ce guide vous présentera les modèles les plus fiables, à combinaison ou à clé, pour protéger votre <a href=""https://meilleurtest.fr/comparatif-valise/"">valise</a> de soute, votre <a href=""https://meilleurtest.fr/comparatif-valise-cabine/"">valise cabine</a> ou tout autre <a href=""https://meilleurtest.fr/comparatif-bagage/"">bagage</a>. Vous saurez aussi lequel convient au format <a href=""https://meilleurtest.fr/comparatif-valise-cabine-55x35x25-cm/"">55x35x25 cm</a> pour sécuriser vos affaires avec le bon cadenas TSA."
"42559";"Choisir la bonne banque pour investir en bourse fera toute la différence sur vos rendements. Frais de courtage, accès aux marchés et outils d’analyse varieront d’une <a href=""https://meilleurtest.fr/comparatif-banque/"">banque</a> à l’autre. Que vous optiez pour un <a href=""https://meilleurtest.fr/comparatif-pea/"">PEA</a>, une <a href=""https://meilleurtest.fr/comparatif-banque-en-ligne-gratuite/"">banque en ligne gratuite</a> ou une <a href=""https://meilleurtest.fr/comparatif-plateforme-de-trading/"">plateforme de trading</a>, ce guide comparera les meilleures options pour investir en bourse."
"42540";"Voyager, travailler ou étudier à l’étranger nécessitera une banque en ligne internationale fiable pour gérer vos devises. Ce guide comparera les meilleures <a href=""https://meilleurtest.fr/comparatif-neobanque/"">néobanques</a> et <a href=""https://meilleurtest.fr/comparatif-banque/"">banques</a> à vocation internationale, en complément des <a href=""https://meilleurtest.fr/comparatif-banque-pour-voyager-ou-vivre-a-etranger/"">banques pour voyager</a>. Vous y découvrirez aussi les <a href=""https://meilleurtest.fr/comparatif-carte-bancaire-pour-voyager/"">cartes bancaires pour voyager</a> afin de choisir la banque en ligne internationale adaptée à vos besoins."
"42461";"Ouvrir un compte joint simplifiera la gestion de vos dépenses partagées, que vous soyez en couple ou colocataires. Ce guide passera en revue les meilleures <a href=""https://meilleurtest.fr/comparatif-banque/"">banques</a> proposant des comptes joints, des <a href=""https://meilleurtest.fr/comparatif-banque-en-ligne-gratuite/"">banques en ligne gratuites</a> aux <a href=""https://meilleurtest.fr/comparatif-banque-physique/"">banques physiques</a>. Vous y trouverez aussi des conseils sur les <a href=""https://meilleurtest.fr/comparatif-carte-bancaire/"">cartes bancaires</a> associées pour choisir le meilleur compte joint."
"42394";"Le plan d’épargne en actions vous permettra de faire fructifier votre capital tout en bénéficiant d’avantages fiscaux après cinq ans. Ce guide comparera les meilleurs PEA proposés par les <a href=""https://meilleurtest.fr/comparatif-banque-pour-investir-en-bourse/"">banques pour investir en bourse</a>, les <a href=""https://meilleurtest.fr/comparatif-banque-en-ligne-gratuite/"">banques en ligne gratuites</a> et les <a href=""https://meilleurtest.fr/comparatif-plateforme-de-trading/"">plateformes de trading</a>. Vous identifierez le PEA adapté à votre profil, en complément d’une <a href=""https://meilleurtest.fr/comparatif-assurance-vie/"">assurance vie</a>."
"42388";"Gérer votre argent sans frais de tenue de compte sera bientôt à votre portée. Les banques en ligne gratuites vous proposeront des <a href=""https://meilleurtest.fr/comparatif-carte-bancaire/"">cartes bancaires</a> sans cotisation et des services complets. Ce guide comparera les meilleures offres, des <a href=""https://meilleurtest.fr/comparatif-neobanque/"">néobanques</a> aux <a href=""https://meilleurtest.fr/comparatif-banque/"">banques</a> classiques, y compris les <a href=""https://meilleurtest.fr/comparatif-banque-sans-condition-de-revenu/"">banques sans condition de revenu</a>, pour trouver la banque en ligne gratuite idéale."
"42182";"Les banques pros traditionnelles vous offriront un accompagnement personnalisé avec un conseiller dédié à votre activité. Ce guide comparera les meilleures offres des <a href=""https://meilleurtest.fr/comparatif-banque-traditionnelle-france/"">banques traditionnelles en France</a> et des <a href=""https://meilleurtest.fr/comparatif-banque-physique/"">banques physiques</a> pour les professionnels. Vous y trouverez aussi des alternatives comme les <a href=""https://meilleurtest.fr/comparatif-banque-en-ligne-professionnelle/"">banques en ligne professionnelles</a> et les <a href=""https://meilleurtest.fr/comparatif-banque-pour-auto-entrepreneur/"">banques pour auto-entrepreneur</a> pour choisir la meilleure banque pro traditionnelle."
"42027";"Les banques physiques vous garantiront un contact humain en agence pour tous vos projets financiers. Ce guide comparera les meilleures <a href=""https://meilleurtest.fr/comparatif-banque-traditionnelle-france/"">banques traditionnelles en France</a> disposant d’un réseau d’agences, face aux <a href=""https://meilleurtest.fr/comparatif-neobanque/"">néobanques</a> et <a href=""https://meilleurtest.fr/comparatif-banque-en-ligne-gratuite/"">banques en ligne gratuites</a>. Vous y découvrirez les atouts des <a href=""https://meilleurtest.fr/comparatif-banque/"">banques</a> avec guichet pour choisir la banque physique adaptée à vos besoins."
"41200";"Une banque en ligne professionnelle vous permettra de gérer votre activité avec des frais réduits et des outils numériques performants. Ce guide comparera les meilleures offres face aux <a href=""https://meilleurtest.fr/comparatif-banque-pro-traditionnelle/"">banques pros traditionnelles</a>. Vous y trouverez des options variées, des <a href=""https://meilleurtest.fr/comparatif-neobanque/"">néobanques</a> aux <a href=""https://meilleurtest.fr/comparatif-banque-pour-auto-entrepreneur/"">banques pour auto-entrepreneur</a>, avec les <a href=""https://meilleurtest.fr/comparatif-carte-bancaire/"">cartes bancaires</a> adaptées pour choisir votre banque en ligne professionnelle."
"39938";"En tant qu’auto-entrepreneur, vous devrez disposer d’un compte bancaire dédié dès que votre chiffre d’affaires dépassera un certain seuil. Ce guide comparera les meilleures <a href=""https://meilleurtest.fr/comparatif-banque-en-ligne-professionnelle/"">banques en ligne professionnelles</a> et <a href=""https://meilleurtest.fr/comparatif-banque-pro-traditionnelle/"">banques pros traditionnelles</a> adaptées à ce statut. Vous y découvrirez aussi les <a href=""https://meilleurtest.fr/comparatif-neobanque/"">néobanques</a> et <a href=""https://meilleurtest.fr/comparatif-banque-en-ligne-gratuite/"">banques en ligne gratuites</a> pour choisir la meilleure banque pour auto-entrepreneur."
"39259";"Trouver une première banque adaptée à un budget étudiant ou de jeune actif sera plus simple avec ce guide. Vous y comparerez les meilleures banques pour les jeunes, des <a href=""https://meilleurtest.fr/comparatif-neobanque/"">néobanques</a> aux <a href=""https://meilleurtest.fr/comparatif-banque-en-ligne-gratuite/"">banques en ligne gratuites</a>, en passant par les <a href=""https://meilleurtest.fr/comparatif-banque-sans-condition-de-revenu/"">banques sans condition de revenu</a>. Vous y trouverez aussi les <a href=""https://meilleurtest.fr/comparatif-carte-bancaire/"">cartes bancaires</a> idéales pour choisir votre banque jeune."
"38915";"Voyager ou vivre à l’étranger nécessitera une banque capable de gérer vos opérations en devises sans frais excessifs. Ce guide comparera les meilleures <a href=""https://meilleurtest.fr/comparatif-banque-en-ligne-internationale/"">banques en ligne internationales</a> et <a href=""https://meilleurtest.fr/comparatif-neobanque/"">néobanques</a> pour un usage à l’étranger. Vous y découvrirez les <a href=""https://meilleurtest.fr/comparatif-carte-bancaire-pour-voyager/"">cartes bancaires pour voyager</a> et les <a href=""https://meilleurtest.fr/comparatif-assurance-de-carte-bancaire/"">assurances de carte bancaire</a> pour choisir la meilleure banque pour voyager."
"38863";"Vous accéderez à un compte bancaire sans justificatif de revenus grâce aux banques sans condition de revenu. Ce guide comparera les meilleures offres, des <a href=""https://meilleurtest.fr/comparatif-neobanque/"">néobanques</a> aux <a href=""https://meilleurtest.fr/comparatif-banque-en-ligne-gratuite/"">banques en ligne gratuites</a>, en passant par les <a href=""https://meilleurtest.fr/comparatif-banque/"">banques</a> classiques. Vous y trouverez aussi les <a href=""https://meilleurtest.fr/comparatif-banque-pour-jeunes/"">banques pour les jeunes</a> afin de choisir la banque sans condition de revenu adaptée à votre situation."
"38302";"Les néobanques vous proposeront une gestion entièrement mobile avec des frais réduits et une ouverture de compte en quelques minutes. Ce guide comparera les meilleures néobanques du marché face aux <a href=""https://meilleurtest.fr/comparatif-banque/"">banques</a> classiques et aux <a href=""https://meilleurtest.fr/comparatif-banque-physique/"">banques physiques</a>. Vous y découvrirez aussi les <a href=""https://meilleurtest.fr/comparatif-banque-en-ligne-gratuite/"">banques en ligne gratuites</a> et les <a href=""https://meilleurtest.fr/comparatif-carte-bancaire/"">cartes bancaires</a> associées pour choisir la néobanque qui vous conviendra."
"37613";"Trouver la banque adaptée à votre profil sera plus simple grâce à ce guide comparatif. Vous y comparerez les différents types d’établissements, des <a href=""https://meilleurtest.fr/comparatif-banque-traditionnelle-france/"">banques traditionnelles en France</a> aux <a href=""https://meilleurtest.fr/comparatif-neobanque/"">néobanques</a>, en passant par les <a href=""https://meilleurtest.fr/comparatif-banque-en-ligne-gratuite/"">banques en ligne gratuites</a> et les <a href=""https://meilleurtest.fr/comparatif-banque-physique/"">banques physiques</a>. Vous identifierez la banque qui correspondra le mieux à vos besoins et à votre budget."
"37478";"Les banques traditionnelles en France vous offriront un réseau d’agences et un conseiller dédié pour tous vos projets. Ce guide comparera les meilleures <a href=""https://meilleurtest.fr/comparatif-banque-physique/"">banques physiques</a> du marché, face aux <a href=""https://meilleurtest.fr/comparatif-neobanque/"">néobanques</a> et aux <a href=""https://meilleurtest.fr/comparatif-banque-en-ligne-gratuite/"">banques en ligne gratuites</a>. Vous y découvrirez les <a href=""https://meilleurtest.fr/comparatif-assurance-de-carte-bancaire/"">assurances de carte bancaire</a> incluses pour choisir la banque traditionnelle adaptée à vos besoins."
"42511";"Le choix du charbon de bois influencera directement la qualité de vos grillades. Un bon combustible garantira une montée en température rapide, une braise régulière et ce goût fumé si recherché. Que vous possédiez un <a href=""""https://meilleurtest.fr/comparatif-barbecue-a-charbon/"""">barbecue à charbon</a> classique ou un <a href=""""https://meilleurtest.fr/comparatif-barbecue-kamado/"""">modèle Kamado</a>, la sélection du <a href=""""https://meilleurtest.fr/comparatif-charbon-pour-bbq/"""">charbon pour BBQ</a> restera déterminante. Ce guide vous orientera vers les meilleurs charbons de bois pour <a href=""""https://meilleurtest.fr/comparatif-barbecue/"""">barbecue</a>."
"42475";"Le barbecue Kamado se distinguera par sa polyvalence et sa capacité à griller, rôtir ou fumer vos aliments avec une précision remarquable. Sa structure en céramique conservera la chaleur et réduira votre consommation de <a href=""""https://meilleurtest.fr/comparatif-charbons-de-bois-pour-barbecue/"""">charbon de bois</a>. Plus complet qu'un <a href=""""https://meilleurtest.fr/comparatif-barbecue-a-charbon/"""">barbecue à charbon</a> classique et proche d'un <a href=""""https://meilleurtest.fr/comparatif-fumoir/"""">fumoir</a>, il convaincra les amateurs de cuisson maîtrisée. Ce guide vous présentera les meilleurs <a href=""""https://meilleurtest.fr/comparatif-barbecue/"""">barbecues</a> Kamado."
"42456";"La plancha à gaz en fonte émaillée vous offrira une montée en température rapide et des grillades homogènes. Plus pratique qu'un <a href=""""https://meilleurtest.fr/comparatif-barbecue/"""">barbecue</a> et plus performante qu'une <a href=""""https://meilleurtest.fr/comparatif-plancha-electrique-inox/"""">plancha électrique inox</a>, elle conviendra en intérieur comme en extérieur. Si vous hésitez avec un <a href=""""https://meilleurtest.fr/comparatif-combine-barbecue-plancha/"""">combiné barbecue plancha</a>, ce guide vous aidera à choisir la meilleure <a href=""""https://meilleurtest.fr/comparatif-plancha/"""">plancha</a> à gaz en fonte émaillée."
"42450";"Le combiné barbecue plancha réunira le meilleur de deux modes de cuisson sur un seul appareil. Vous passerez des grillades au <a href=""""https://meilleurtest.fr/comparatif-barbecue/"""">barbecue</a> à la cuisson à la <a href=""""https://meilleurtest.fr/comparatif-plancha/"""">plancha</a> sans changer d'équipement. Souvent proposé en version <a href=""""https://meilleurtest.fr/comparatif-barbecue-a-gaz/"""">gaz</a> avec une plaque en <a href=""""https://meilleurtest.fr/comparatif-plancha-a-gaz-en-fonte-emaillee/"""">fonte émaillée</a>, il associera puissance et polyvalence. Ce guide vous orientera vers les meilleurs combinés barbecue plancha."
"42011";"La plancha électrique pour l'extérieur vous permettra de cuisiner en plein air sans fumée ni flamme. Elle offrira une cuisson saine et rapide, idéale pour remplacer un <a href=""""https://meilleurtest.fr/comparatif-barbecue/"""">barbecue</a> sur une terrasse ou un balcon. Si vous hésitez avec une <a href=""""https://meilleurtest.fr/comparatif-plancha-electrique-inox/"""">plancha électrique inox</a> ou un <a href=""""https://meilleurtest.fr/comparatif-combine-barbecue-plancha/"""">combiné barbecue plancha</a>, ce guide vous aidera à choisir la meilleure <a href=""""https://meilleurtest.fr/comparatif-plancha/"""">plancha</a> électrique pour l'extérieur."
"41562";"Le barbecue jetable vous accompagnera lors de vos sorties en plein air, pique-niques et randonnées. Compact et léger, il fonctionnera avec du <a href=""""https://meilleurtest.fr/comparatif-charbon-pour-bbq/"""">charbon</a> et une <a href=""""https://meilleurtest.fr/comparatif-grille-de-barbecue/"""">grille</a> intégrée pour des grillades spontanées. Il ne remplacera pas un <a href=""""https://meilleurtest.fr/comparatif-barbecue-a-charbon/"""">barbecue à charbon</a> fixe, mais dépannera en toute situation. Ce guide vous présentera les meilleurs barbecues jetables pour profiter d'un <a href=""""https://meilleurtest.fr/comparatif-barbecue/"""">barbecue</a> partout."
"41244";"Invicta proposera des <a href=""""https://meilleurtest.fr/comparatif-barbecue/"""">barbecues</a> robustes en fonte, appréciés pour leur durabilité et leurs performances de cuisson. Que vous cherchiez un modèle à <a href=""""https://meilleurtest.fr/comparatif-barbecue-a-charbon/"""">charbon</a> ou un appareil complet, la marque se démarquera par des finitions soignées et une chaleur bien répartie sur la <a href=""""https://meilleurtest.fr/comparatif-grille-de-barbecue/"""">grille</a>. Ce guide vous aidera à trouver le meilleur barbecue Invicta pour des grillades réussies."
"41110";"La plancha électrique inox vous garantira des cuissons saines et rapides grâce à une plaque résistante à la corrosion. Plus pratique qu'un <a href=""""https://meilleurtest.fr/comparatif-barbecue/"""">barbecue</a> et plus facile à nettoyer qu'un <a href=""""https://meilleurtest.fr/comparatif-grill-viande/"""">grill viande</a>, elle conviendra aussi bien en cuisine qu'en <a href=""""https://meilleurtest.fr/comparatif-plancha-electrique-pour-l-exterieur/"""">extérieur</a>. Ce guide vous orientera vers les meilleures <a href=""""https://meilleurtest.fr/comparatif-plancha/"""">planchas</a> électriques inox adaptées à vos besoins."
"41079";"Campingaz proposera une gamme variée de <a href=""""https://meilleurtest.fr/comparatif-barbecue-a-gaz/"""">barbecues à gaz</a> alliant praticité et performance pour vos repas en extérieur. Leurs appareils se démarqueront par un allumage rapide, une maîtrise précise de la température et un nettoyage simplifié. Vous trouverez des modèles adaptés à toutes les envies, des grillades classiques aux cuissons à la <a href=""""https://meilleurtest.fr/comparatif-plancha/"""">plancha</a>. Ce guide vous orientera vers les meilleurs <a href=""""https://meilleurtest.fr/comparatif-barbecue/"""">barbecues</a> Campingaz."
"40658";"Les barbecues à gaz Weber se distingueront par une construction robuste et des performances de cuisson constantes. Que vous recherchiez un modèle compact ou un appareil à plusieurs brûleurs, la gamme <a href=""""https://meilleurtest.fr/comparatif-barbecue-weber/"""">Weber</a> couvrira tous les besoins. Plus puissants que la plupart des <a href=""""https://meilleurtest.fr/comparatif-barbecue-a-gaz/"""">barbecues à gaz</a> du marché, ils offriront une maîtrise précise de la température. Ce guide vous présentera les meilleurs <a href=""""https://meilleurtest.fr/comparatif-barbecue/"""">barbecues</a> à gaz Weber."
"40651";"Les planchas Gifi se positionneront comme une option accessible pour cuisiner viandes, poissons et légumes au quotidien. Disponibles en versions électrique et à gaz, elles conviendront en intérieur comme en extérieur. Si vous recherchez un modèle en <a href=""""https://meilleurtest.fr/comparatif-plancha-electrique-inox/"""">inox</a> ou en <a href=""""https://meilleurtest.fr/comparatif-plancha-a-gaz-en-fonte-emaillee/"""">fonte émaillée</a>, Gifi proposera un choix adapté à chaque budget. Ce guide vous orientera vers les meilleures <a href=""""https://meilleurtest.fr/comparatif-plancha/"""">planchas</a> Gifi au meilleur <a href=""""https://meilleurtest.fr/comparatif-planchas-rapport-qualite-prix/"""">rapport qualité-prix</a>."
"40638";"Les barbecues à charbon Weber associeront la saveur des grillades au feu de bois à la fiabilité de la marque. Leur couvercle et leurs aérations réglables garantiront une maîtrise de la température remarquable. Associé à un bon <a href=""""https://meilleurtest.fr/comparatif-charbons-de-bois-pour-barbecue/"""">charbon de bois</a>, votre <a href=""""https://meilleurtest.fr/comparatif-barbecue-a-charbon/"""">barbecue à charbon</a> offrira des cuissons dignes d'un <a href=""""https://meilleurtest.fr/comparatif-fumoir/"""">fumoir</a>. Ce guide vous présentera les meilleurs modèles de la gamme <a href=""""https://meilleurtest.fr/comparatif-barbecue-weber/"""">Weber</a> pour des grillades au charbon réussies."
"40435";"Weber proposera des barbecues reconnus pour leur solidité, leur polyvalence et leurs performances de cuisson. Que vous optiez pour un modèle à <a href=""""https://meilleurtest.fr/comparatif-barbecue-a-gaz-weber/"""">gaz</a> ou à <a href=""""https://meilleurtest.fr/comparatif-barbecue-a-charbon-weber/"""">charbon</a>, chaque appareil sera doté d'un couvercle et d'une <a href=""""https://meilleurtest.fr/comparatif-grille-de-barbecue/"""">grille</a> de qualité. Du compact au grand format familial, la gamme couvrira tous les besoins. Ce guide vous aidera à choisir le meilleur <a href=""""https://meilleurtest.fr/comparatif-barbecue/"""">barbecue</a> Weber pour vos grillades."
"40224";"Le fumoir vous permettra de fumer viandes, poissons et fromages pour leur donner des saveurs intenses et authentiques. Plus spécialisé qu'un <a href=""""https://meilleurtest.fr/comparatif-barbecue/"""">barbecue</a> ou un <a href=""""https://meilleurtest.fr/comparatif-grill-viande/"""">grill viande</a>, il fonctionnera au bois, au <a href=""""https://meilleurtest.fr/comparatif-barbecue-a-charbon/"""">charbon</a> ou en version <a href=""""https://meilleurtest.fr/comparatif-fumoir-granules/"""">à granulés</a> selon vos préférences. Ce guide vous orientera vers les meilleurs fumoirs pour maîtriser l'art du fumage à domicile."
"40158";"Le brasero barbecue combinera l'ambiance chaleureuse d'un feu de camp avec la possibilité de griller vos aliments. Polyvalent, il servira aussi bien de chauffage extérieur que de <a href=""""https://meilleurtest.fr/comparatif-barbecue-a-charbon/"""">barbecue à charbon</a> grâce à sa <a href=""""https://meilleurtest.fr/comparatif-grille-de-barbecue/"""">grille</a> amovible. Plus convivial qu'un <a href=""""https://meilleurtest.fr/comparatif-barbecue/"""">barbecue</a> classique et plus simple qu'un <a href=""""https://meilleurtest.fr/comparatif-fumoir/"""">fumoir</a>, il conviendra pour des soirées en plein air. Ce guide vous présentera les meilleurs braseros barbecues."
"39549";"Le charbon pour BBQ influencera la qualité de vos grillades, du temps de chauffe au goût final. Un combustible adapté à votre <a href=""""https://meilleurtest.fr/comparatif-barbecue-a-charbon/"""">barbecue à charbon</a> garantira une braise homogène et une cuisson maîtrisée sur votre <a href=""""https://meilleurtest.fr/comparatif-grille-de-barbecue/"""">grille</a>. Entre briquettes et <a href=""""https://meilleurtest.fr/comparatif-charbons-de-bois-pour-barbecue/"""">charbon de bois</a> naturel, chaque type conviendra à un usage précis. Ce guide vous orientera vers les meilleurs charbons pour <a href=""""https://meilleurtest.fr/comparatif-barbecue/"""">BBQ</a>."
"39541";"Le fumoir à granulés vous offrira des cuissons lentes et des saveurs fumées sans effort grâce à un système automatisé d'alimentation en pellets. Plus régulier qu'un <a href=""""https://meilleurtest.fr/comparatif-fumoir/"""">fumoir</a> traditionnel et plus spécialisé qu'un <a href=""""https://meilleurtest.fr/comparatif-barbecue-a-granule/"""">barbecue à granulés</a>, il conviendra pour fumer viandes, poissons et légumes avec précision. Vous obtiendrez des résultats supérieurs à un simple <a href=""""https://meilleurtest.fr/comparatif-grill-viande/"""">grill</a>. Ce guide vous présentera les meilleurs fumoirs à granulés pour vos <a href=""""https://meilleurtest.fr/comparatif-barbecue/"""">grillades</a> fumées."
"39506";"La grille de barbecue jouera un rôle central dans la qualité de vos cuissons. En acier, en fonte ou en inox, chaque matériau offrira des performances différentes selon votre type de <a href=""""https://meilleurtest.fr/comparatif-barbecue/"""">barbecue</a>. Que vous utilisiez un modèle à <a href=""""https://meilleurtest.fr/comparatif-barbecue-a-charbon/"""">charbon</a>, à <a href=""""https://meilleurtest.fr/comparatif-barbecue-a-gaz/"""">gaz</a> ou un <a href=""""https://meilleurtest.fr/comparatif-barbecue-kamado/"""">Kamado</a>, une grille adaptée améliorera la répartition de la chaleur et le marquage des aliments. Ce guide vous présentera les meilleures grilles de barbecue."
"38821";"Le grill viande vous permettra de saisir et griller vos pièces avec un marquage parfait, directement depuis votre cuisine. Plus compact qu'un <a href=""""https://meilleurtest.fr/comparatif-barbecue/"""">barbecue</a> et plus spécialisé qu'une <a href=""""https://meilleurtest.fr/comparatif-plancha/"""">plancha</a>, il reproduira le goût authentique des grillades sans fumée. Si vous cherchez une cuisson lente, un <a href=""""https://meilleurtest.fr/comparatif-fumoir/"""">fumoir</a> conviendra mieux, mais pour la saisie rapide en <a href=""""https://meilleurtest.fr/comparatif-plancha-electrique-inox/"""">inox</a>, le grill viande restera imbattable. Ce guide vous orientera vers les meilleurs grills viande."
"38709";"Une bonne plancha ne sera pas forcément la plus chère. Électrique en <a href=""""https://meilleurtest.fr/comparatif-plancha-electrique-inox/"""">inox</a> ou à gaz en <a href=""""https://meilleurtest.fr/comparatif-plancha-a-gaz-en-fonte-emaillee/"""">fonte émaillée</a>, certains modèles offriront des performances proches des références haut de gamme à un prix contenu. Plus saine qu'un <a href=""""https://meilleurtest.fr/comparatif-barbecue/"""">barbecue</a>, la <a href=""""https://meilleurtest.fr/comparatif-plancha/"""">plancha</a> vous garantira des cuissons rapides et homogènes. Ce guide vous orientera vers les meilleures planchas rapport qualité-prix."
"37999";"Le barbecue à gaz vous offrira une montée en température rapide et une cuisson maîtrisée sans la contrainte du <a href=""""https://meilleurtest.fr/comparatif-barbecue-a-charbon/"""">charbon</a>. Pratique et puissant, il conviendra aussi bien pour des grillades en famille que pour de grandes tablées. Certains modèles se transformeront même en <a href=""""https://meilleurtest.fr/comparatif-combine-barbecue-plancha/"""">combiné barbecue plancha</a> pour varier les cuissons. Avec ou sans <a href=""""https://meilleurtest.fr/comparatif-plancha/"""">plancha</a>, ce guide vous présentera les meilleurs <a href=""""https://meilleurtest.fr/comparatif-barbecue/"""">barbecues</a> à gaz."
"37997";"Le barbecue à charbon restera le choix privilégié des amateurs de grillades au goût fumé authentique. La qualité du <a href=""""https://meilleurtest.fr/comparatif-charbons-de-bois-pour-barbecue/"""">charbon de bois</a> et de la <a href=""""https://meilleurtest.fr/comparatif-grille-de-barbecue/"""">grille</a> influencera directement le résultat final. Plus savoureux qu'un <a href=""""https://meilleurtest.fr/comparatif-barbecue-a-gaz/"""">barbecue à gaz</a>, il demandera un temps de chauffe plus long mais récompensera les patients. Ce guide vous orientera vers les meilleurs <a href=""""https://meilleurtest.fr/comparatif-barbecue/"""">barbecues</a> à charbon pour vos cuissons au feu de bois."
"37967";"La plancha vous offrira une cuisson saine et rapide, sans flamme ni fumée. Électrique en <a href=""""https://meilleurtest.fr/comparatif-plancha-electrique-inox/"""">inox</a>, à gaz en <a href=""""https://meilleurtest.fr/comparatif-plancha-a-gaz-en-fonte-emaillee/"""">fonte émaillée</a> ou conçue pour l'<a href=""""https://meilleurtest.fr/comparatif-plancha-electrique-pour-l-exterieur/"""">extérieur</a>, chaque modèle répondra à un usage précis. Plus diététique qu'un <a href=""""https://meilleurtest.fr/comparatif-barbecue/"""">barbecue</a> et plus polyvalente qu'un <a href=""""https://meilleurtest.fr/comparatif-grill-viande/"""">grill viande</a>, elle conviendra pour cuisiner viandes, poissons et légumes. Ce guide vous présentera les meilleures planchas."
"37681";"Le barbecue à granulés combinera la saveur du bois et la praticité d'un système automatisé. Plus simple à utiliser qu'un <a href=""""https://meilleurtest.fr/comparatif-barbecue-a-charbon/"""">barbecue à charbon</a> et plus polyvalent qu'un <a href=""""https://meilleurtest.fr/comparatif-barbecue-a-gaz/"""">barbecue à gaz</a>, il permettra de griller, rôtir et fumer vos aliments. Proche d'un <a href=""""https://meilleurtest.fr/comparatif-fumoir-granules/"""">fumoir à granulés</a> pour les cuissons lentes, il restera un <a href=""""https://meilleurtest.fr/comparatif-barbecue/"""">barbecue</a> complet. Ce guide vous orientera vers les meilleurs barbecues à granulés."
"37471";"Le barbecue restera l'appareil incontournable pour des grillades conviviales en extérieur. Disponible en version à <a href=""""https://meilleurtest.fr/comparatif-barbecue-a-charbon/"""">charbon</a>, à <a href=""""https://meilleurtest.fr/comparatif-barbecue-a-gaz/"""">gaz</a> ou à <a href=""""https://meilleurtest.fr/comparatif-barbecue-a-granule/"""">granulés</a>, chaque modèle offrira une expérience de cuisson différente. Si vous recherchez plus de polyvalence, une <a href=""""https://meilleurtest.fr/comparatif-plancha/"""">plancha</a> ou un <a href=""""https://meilleurtest.fr/comparatif-fumoir/"""">fumoir</a> complétera parfaitement votre équipement. Ce guide vous orientera vers les meilleurs barbecues adaptés à vos besoins."
"42218";"Un kit de soin visage pour homme rassemble nettoyant, sérum et crème en une routine simplifiée, adaptée à tous les types de peau. Que votre visage soit sensible après le <a href=""https://meilleurtest.fr/comparatif-rasoir-pour-homme/"">rasage</a> ou exposé aux agressions extérieures, ce coffret couvrira vos besoins quotidiens. Vous pourrez aussi l'associer à un <a href=""https://meilleurtest.fr/comparatif-gommage-pour-homme/"">gommage</a>, une <a href=""https://meilleurtest.fr/comparatif-creme-hydratante-visage-pour-homme/"">crème hydratante visage</a> ou un <a href=""https://meilleurtest.fr/comparatif-anti-cernes-homme/"">anti-cernes</a> pour compléter votre kit de soin."
"39675";"Le gommage pour homme élimine les cellules mortes et désincruste les pores pour un teint plus net. Appliqué une à deux fois par semaine, il préparera votre peau avant le <a href=""https://meilleurtest.fr/comparatif-rasoir-pour-homme/"">rasage</a> et optimisera l'effet de votre <a href=""https://meilleurtest.fr/comparatif-creme-visage-pour-homme/"">crème visage</a>. Intégré à un <a href=""https://meilleurtest.fr/comparatif-kit-de-soin-visage-pour-homme/"">kit de soin visage</a> ou associé à un <a href=""https://meilleurtest.fr/comparatif-anti-cernes-homme/"">anti-cernes</a>, le gommage reste une étape clé de toute routine masculine."
"37576";"L'anti-cernes pour homme atténue les cernes et les poches sous les yeux pour un regard visiblement reposé. Disponible en gel, crème ou patch, il s'adaptera à votre type de peau et s'intégrera facilement à votre routine quotidienne. Pour des résultats optimaux, associez-le à un <a href=""https://meilleurtest.fr/comparatif-gommage-pour-homme/"">gommage</a>, une <a href=""https://meilleurtest.fr/comparatif-creme-visage-pour-homme/"">crème visage</a> ou un <a href=""https://meilleurtest.fr/comparatif-kit-de-soin-visage-pour-homme/"">kit de soin complet</a>, en complément d'un <a href=""https://meilleurtest.fr/comparatif-anti-cerne/"">anti-cernes classique</a>."
"42733";"Le stick solaire protégera les zones sensibles de votre visage telles que le nez et les pommettes. Ce format compact complétera une <a href=""""https://meilleurtest.fr/comparatif-creme-solaire/"""">crème solaire</a> classique pour offrir une protection ciblée contre les UV. Vous trouverez des textures résistantes à l'eau et adaptées à chaque peau. Associé à un <a href=""""https://meilleurtest.fr/comparatif-ecran-total-visage/"""">écran total visage</a>, un <a href=""""https://meilleurtest.fr/comparatif-creme-solaire-visage/"""">soin visage</a> ou un <a href=""""https://meilleurtest.fr/comparatif-apres-soleil/"""">après-soleil</a>, le stick solaire renforcera votre routine de protection."
"42706";"L'autobronzant pour homme vous offrira un hâle naturel sans exposition au soleil. Décliné en lotion, mousse ou spray, il conviendra à tous les types de peau pour un résultat sans traces ni effet orange. Vous pourrez l'associer à un <a href=""""https://meilleurtest.fr/comparatif-autobronzant-pour-le-corps/"""">autobronzant corps</a>, un <a href=""""https://meilleurtest.fr/comparatif-autobronzant-visage/"""">soin visage</a> ou un <a href=""""https://meilleurtest.fr/comparatif-accelerateur-de-bronzage/"""">accélérateur de bronzage</a> pour un teint uniforme. Ce guide vous aidera à trouver l'<a href=""""https://meilleurtest.fr/comparatif-autobronzant/"""">autobronzant</a> adapté à votre carnation."
"42586";"L'autobronzant pour le corps vous donnera un hâle uniforme de la tête aux pieds, sans les risques liés aux UV. Mousse, spray ou lait, chaque format conviendra à votre routine. Vous pourrez aussi découvrir les <a href=""""https://meilleurtest.fr/comparatif-autobronzant-visage/"""">autobronzants visage</a>, les <a href=""""https://meilleurtest.fr/comparatif-autobronzant-pour-homme/"""">soins pour homme</a> ou les <a href=""""https://meilleurtest.fr/comparatif-autobronzant-en-gellules/"""">gélules autobronzantes</a> pour compléter votre choix. Associé à un <a href=""""https://meilleurtest.fr/comparatif-accelerateur-de-bronzage/"""">accélérateur de bronzage</a>, votre autobronzant corps offrira un résultat encore plus naturel."
"42180";"Comparer les offres chez un opticien vous permettra de réduire vos dépenses en santé visuelle sans sacrifier la qualité. Lunettes de vue, lentilles ou consultations, chaque formule répondra à un besoin précis. Vous trouverez des offres adaptées à votre budget, en consultant aussi les <a href=""""https://meilleurtest.fr/comparatif-offre-de-lunettes-du-moment/"""">lunettes du moment</a>, les <a href=""""https://meilleurtest.fr/comparatif-lunettes-de-lecture/"""">lunettes de lecture</a> ou les <a href=""""https://meilleurtest.fr/comparatif-site-de-lunettes-ligne/"""">opticiens en ligne</a>. Ce guide vous orientera vers les meilleures offres chez un opticien."
"42154";"La crème solaire teintée protégera votre peau des UV tout en unifiant votre teint pour un effet bonne mine. Ce soin deux-en-un simplifiera votre routine beauté au quotidien. Vous découvrirez des formules adaptées à chaque carnation, en complément d'une <a href=""""https://meilleurtest.fr/comparatif-creme-solaire/"""">crème solaire</a> classique, d'un <a href=""""https://meilleurtest.fr/comparatif-ecran-total-visage/"""">écran total visage</a> ou d'une <a href=""""https://meilleurtest.fr/comparatif-creme-solaire-minerale/"""">crème minérale</a>. Ce guide vous orientera vers la crème solaire teintée la mieux adaptée à votre <a href=""""https://meilleurtest.fr/comparatif-creme-solaire-visage/"""">type de peau</a>."
"41963";"Les offres de lunettes du moment vous aideront à trouver la monture idéale au meilleur prix pour corriger myopie, presbytie ou astigmatisme. Vous comparerez les promotions en cours, les formules avec verres inclus et les packs les plus avantageux. Les <a href=""""https://meilleurtest.fr/comparatif-offre-chez-un-opticien/"""">offres chez un opticien</a>, les <a href=""""https://meilleurtest.fr/comparatif-site-de-lunettes-ligne/"""">opticiens en ligne</a> et les <a href=""""https://meilleurtest.fr/comparatif-lunettes-de-lecture/"""">lunettes de lecture</a> compléteront votre recherche. Ce guide vous orientera vers les meilleures offres de lunettes du moment."
"41946";"La crème solaire anti-taches protégera votre peau des UV tout en prévenant l'apparition de taches brunes et d'hyperpigmentation. Ce soin ciblé conviendra particulièrement aux peaux sensibles et réactives au soleil. Vous trouverez des formules enrichies en actifs dépigmentants, compatibles avec une <a href=""""https://meilleurtest.fr/comparatif-creme-solaire/"""">crème solaire</a> quotidienne, un <a href=""""https://meilleurtest.fr/comparatif-ecran-total-visage/"""">écran total visage</a> ou une <a href=""""https://meilleurtest.fr/comparatif-creme-solaire-pour-femme-enceinte/"""">protection pour femme enceinte</a>. Ce guide vous aidera à choisir la crème solaire anti-taches adaptée à votre <a href=""""https://meilleurtest.fr/comparatif-creme-solaire-visage/"""">type de peau</a>."
"41861";"La crème solaire SPF 50 offrira à votre peau la protection la plus élevée contre les rayons UVA et UVB. Ce niveau de filtration conviendra aux peaux claires, sensibles ou exposées de façon prolongée. Vous découvrirez des textures légères et non grasses, à combiner avec un <a href=""""https://meilleurtest.fr/comparatif-stick-solaire/"""">stick solaire</a> pour les zones sensibles, une <a href=""""https://meilleurtest.fr/comparatif-creme-solaire-minerale/"""">crème minérale</a> ou un <a href=""""https://meilleurtest.fr/comparatif-ecran-total-visage/"""">écran total visage</a>. Ce guide vous orientera vers la meilleure <a href=""""https://meilleurtest.fr/comparatif-creme-solaire/"""">crème solaire</a> indice 50."
"41260";"La crème solaire pour tatouage préservera l'éclat et la netteté de vos encres en bloquant les rayons UV qui dégradent les pigments. Une peau tatouée réagira plus fortement au soleil, ce qui rendra une protection spécifique indispensable. Vous trouverez des formules haute protection, à combiner avec une <a href=""""https://meilleurtest.fr/comparatif-creme-solaire/"""">crème solaire</a> classique, un <a href=""""https://meilleurtest.fr/comparatif-stick-solaire/"""">stick solaire</a> ou un <a href=""""https://meilleurtest.fr/comparatif-apres-soleil/"""">après-soleil</a>. Ce guide vous orientera vers la meilleure crème solaire pour tatouage, y compris en indice <a href=""""https://meilleurtest.fr/comparatif-creme-solaire-50/"""">SPF 50</a>."
"41207";"La crème solaire pour femme enceinte protégera votre peau et celle de votre bébé des rayons UV, tout en respectant les formulations adaptées à la grossesse. Vous trouverez des soins sans filtres chimiques controversés, compatibles avec une <a href=""""https://meilleurtest.fr/comparatif-creme-solaire-minerale/"""">crème solaire minérale</a>, un <a href=""""https://meilleurtest.fr/comparatif-ecran-total-visage/"""">écran total visage</a> ou un <a href=""""https://meilleurtest.fr/comparatif-stick-solaire/"""">stick solaire</a> pour les zones sensibles. Ce guide vous aidera à choisir la meilleure <a href=""""https://meilleurtest.fr/comparatif-creme-solaire/"""">crème solaire</a> adaptée à votre grossesse."
"41181";"L'autobronzant en gélules vous offrira un hâle progressif et naturel en stimulant la production de mélanine, sans application cutanée. Ce complément alimentaire conviendra à ceux qui préfèrent une cure interne pour un bronzage durable. Vous pourrez le combiner avec un <a href=""""https://meilleurtest.fr/comparatif-autobronzant/"""">autobronzant</a> classique, un <a href=""""https://meilleurtest.fr/comparatif-autobronzant-visage/"""">autobronzant visage</a>, un <a href=""""https://meilleurtest.fr/comparatif-autobronzant-pour-le-corps/"""">soin pour le corps</a> ou un <a href=""""https://meilleurtest.fr/comparatif-accelerateur-de-bronzage/"""">accélérateur de bronzage</a>. Ce guide vous aidera à choisir les meilleures gélules autobronzantes."
"41159";"La crème solaire minérale protégera votre peau grâce à des filtres naturels comme l'oxyde de zinc, sans pénétrer dans l'épiderme. Cette formulation conviendra aux peaux sensibles et intolérantes aux filtres chimiques. Vous trouverez des textures fluides et sans traces blanches, à associer à une <a href=""""https://meilleurtest.fr/comparatif-creme-solaire/"""">crème solaire</a> classique, un <a href=""""https://meilleurtest.fr/comparatif-ecran-total-visage/"""">écran total visage</a> ou une <a href=""""https://meilleurtest.fr/comparatif-creme-solaire-pour-femme-enceinte/"""">protection pour femme enceinte</a>. Ce guide vous orientera vers la meilleure crème solaire minérale pour votre <a href=""""https://meilleurtest.fr/comparatif-creme-solaire-visage/"""">visage</a>."
"40350";"Le dermaroller stimulera le renouvellement cellulaire de votre peau grâce au microneedling, une technique qui favorise la production de collagène. Rides, cicatrices d'acné et pores dilatés seront visiblement atténués avec une utilisation régulière. Vous pourrez intégrer cet outil à une routine comprenant un <a href=""""https://meilleurtest.fr/comparatif-serum-visage/"""">sérum visage</a>, une <a href=""""https://meilleurtest.fr/comparatif-creme-anti-age/"""">crème anti-âge</a> ou un <a href=""""https://meilleurtest.fr/comparatif-masque-visage/"""">masque visage</a>. Ce guide vous aidera à choisir le meilleur dermaroller pour améliorer votre <a href=""""https://meilleurtest.fr/comparatif-soin-du-visage/"""">soin du visage</a>."
"40217";"L'écran total visage offrira à votre peau la protection maximale contre les rayons UV, tout en prévenant le vieillissement cutané et les taches. Ce soin haute protection conviendra à tous les phototypes et toutes les expositions. Vous trouverez des textures légères qui hydratent sans laisser de film gras, à combiner avec une <a href=""""https://meilleurtest.fr/comparatif-creme-solaire/"""">crème solaire</a> corps, un <a href=""""https://meilleurtest.fr/comparatif-stick-solaire/"""">stick solaire</a> ou une <a href=""""https://meilleurtest.fr/comparatif-creme-solaire-50/"""">protection SPF 50</a>. Ce guide vous orientera vers le meilleur écran total pour votre <a href=""""https://meilleurtest.fr/comparatif-creme-solaire-visage/"""">visage</a>."
"40097";"La crème solaire pour peau noire protégera votre épiderme des UV sans laisser de traces blanches. Les peaux foncées nécessiteront aussi une protection adaptée pour prévenir taches et vieillissement. Vous trouverez des formules transparentes et hydratantes, à associer à une <a href=""""https://meilleurtest.fr/comparatif-creme-solaire/"""">crème solaire</a> classique, une <a href=""""https://meilleurtest.fr/comparatif-creme-solaire-minerale/"""">crème minérale</a> ou un <a href=""""https://meilleurtest.fr/comparatif-ecran-total-visage/"""">écran total</a>. Ce guide vous aidera à choisir la meilleure crème solaire pour peau noire, pour le <a href=""""https://meilleurtest.fr/comparatif-creme-solaire-visage/"""">visage</a> comme pour le corps."
"39482";"La crème solaire visage anti-âge protégera votre peau des UV tout en luttant contre les rides et le relâchement cutané. Ce soin combinera filtres solaires et actifs anti-âge pour une double action préventive. Vous trouverez des formules adaptées aux peaux matures, en complément d'une <a href=""""https://meilleurtest.fr/comparatif-creme-solaire/"""">crème solaire</a> corps, d'un <a href=""""https://meilleurtest.fr/comparatif-ecran-total-visage/"""">écran total visage</a> ou d'une <a href=""""https://meilleurtest.fr/comparatif-creme-solaire-anti-taches/"""">protection anti-taches</a>. Ce guide vous orientera vers la meilleure crème solaire anti-âge pour votre <a href=""""https://meilleurtest.fr/comparatif-creme-solaire-visage/"""">visage</a>."
"39421";"L'huile bronzante accélérera votre bronzage tout en nourrissant la peau grâce à des huiles végétales et des actifs hydratants. Ce soin vous donnera un hâle doré et lumineux lors de vos expositions au soleil. Vous trouverez des formules avec différents niveaux de protection, à compléter par une <a href=""""https://meilleurtest.fr/comparatif-creme-solaire/"""">crème solaire</a>, un <a href=""""https://meilleurtest.fr/comparatif-apres-soleil/"""">après-soleil</a> ou un <a href=""""https://meilleurtest.fr/comparatif-accelerateur-de-bronzage/"""">accélérateur de bronzage</a>. Ce guide vous aidera à choisir la meilleure huile bronzante pour un <a href=""""https://meilleurtest.fr/comparatif-autobronzant/"""">bronzage naturel</a>."
"39268";"La crème solaire pour peau acnéique protégera votre visage des UV sans obstruer les pores ni aggraver les imperfections. Ce soin non comédogène régulera la production de sébum tout en offrant une protection efficace. Vous trouverez des textures fluides et matifiantes, à compléter par une <a href=""""https://meilleurtest.fr/comparatif-creme-solaire/"""">crème solaire</a> corps, une <a href=""""https://meilleurtest.fr/comparatif-creme-solaire-minerale/"""">crème minérale</a> ou un <a href=""""https://meilleurtest.fr/comparatif-ecran-total-visage/"""">écran total</a>. Ce guide vous orientera vers la meilleure crème solaire <a href=""""https://meilleurtest.fr/comparatif-creme-solaire-visage/"""">visage</a> pour peau acnéique."
"39251";"L'autobronzant visage vous donnera un teint hâlé et naturel sans exposition aux UV, grâce à des actifs comme la DHA qui colorent la peau en douceur. Vous trouverez des formules en crème, sérum ou brume adaptées à chaque carnation. Vous pourrez le combiner avec un <a href=""""https://meilleurtest.fr/comparatif-autobronzant-pour-le-corps/"""">autobronzant corps</a>, un <a href=""""https://meilleurtest.fr/comparatif-autobronzant/"""">autobronzant</a> classique, un <a href=""""https://meilleurtest.fr/comparatif-accelerateur-de-bronzage/"""">accélérateur de bronzage</a> ou une <a href=""""https://meilleurtest.fr/comparatif-huile-bronzante/"""">huile bronzante</a>. Ce guide vous orientera vers le meilleur autobronzant visage."
"39003";"L'après-soleil apaisera et réhydratera votre peau après une exposition au soleil, en réduisant rougeurs et tiraillements. Gel, crème, huile ou lait, chaque texture répondra à un besoin spécifique. Vous trouverez des formules réparatrices et nourrissantes, à intégrer à une routine incluant une <a href=""""https://meilleurtest.fr/comparatif-creme-solaire/"""">crème solaire</a>, un <a href=""""https://meilleurtest.fr/comparatif-stick-solaire/"""">stick solaire</a> ou un <a href=""""https://meilleurtest.fr/comparatif-accelerateur-de-bronzage/"""">accélérateur de bronzage</a>. Ce guide vous orientera vers le meilleur après-soleil pour prolonger votre <a href=""""https://meilleurtest.fr/comparatif-huile-bronzante/"""">bronzage</a>."
"38604";"Le baume à lèvres nourrira et protégera vos lèvres des agressions quotidiennes comme le froid, le vent et la sécheresse. Ce soin restaurera la souplesse de votre bouche tout en prévenant les gerçures. Vous trouverez des formules naturelles ou teintées, à associer à un <a href=""""https://meilleurtest.fr/comparatif-gloss-a-levres/"""">gloss</a>, un <a href=""""https://meilleurtest.fr/comparatif-rouge-a-levres/"""">rouge à lèvres</a>, un <a href=""""https://meilleurtest.fr/comparatif-crayon-a-levres/"""">crayon à lèvres</a> ou un <a href=""""https://meilleurtest.fr/comparatif-repulpant-a-levres/"""">repulpant</a>. Ce guide vous orientera vers le meilleur baume à lèvres pour une hydratation durable."
"37941";"L'autobronzant vous offrira un teint hâlé et lumineux sans exposition au soleil, grâce à des actifs qui colorent la couche superficielle de la peau. Lotion, mousse, spray ou crème, chaque format s'adaptera à vos préférences. Vous pourrez cibler le <a href=""""https://meilleurtest.fr/comparatif-autobronzant-visage/"""">visage</a>, le <a href=""""https://meilleurtest.fr/comparatif-autobronzant-pour-le-corps/"""">corps</a> ou opter pour des <a href=""""https://meilleurtest.fr/comparatif-autobronzant-en-gellules/"""">gélules</a> pour un bronzage progressif. Associé à un <a href=""""https://meilleurtest.fr/comparatif-accelerateur-de-bronzage/"""">accélérateur de bronzage</a>, votre autobronzant donnera un résultat encore plus naturel."
"37940";"L'accélérateur de bronzage préparera votre peau au soleil et intensifiera votre hâle pour un résultat rapide et uniforme. Spray, lotion, lait ou crème, chaque formule stimulera la production de mélanine en douceur. Vous pourrez le combiner avec un <a href=""""https://meilleurtest.fr/comparatif-autobronzant/"""">autobronzant</a>, une <a href=""""https://meilleurtest.fr/comparatif-huile-bronzante/"""">huile bronzante</a>, une <a href=""""https://meilleurtest.fr/comparatif-creme-solaire/"""">crème solaire</a> ou un <a href=""""https://meilleurtest.fr/comparatif-apres-soleil/"""">après-soleil</a>. Ce guide vous orientera vers le meilleur accélérateur de bronzage pour un <a href=""""https://meilleurtest.fr/comparatif-lampe-uv-de-bronzage/"""">bronzage maîtrisé</a>."
"37840";"La crème solaire protégera votre peau des rayons UVA et UVB responsables du vieillissement cutané et des coups de soleil. Vous trouverez des formules adaptées à chaque type de peau et niveau d'exposition. Ce guide couvrira les <a href=""""https://meilleurtest.fr/comparatif-creme-solaire-visage/"""">soins visage</a>, les <a href=""""https://meilleurtest.fr/comparatif-creme-solaire-50/"""">protections SPF 50</a>, les <a href=""""https://meilleurtest.fr/comparatif-creme-solaire-minerale/"""">crèmes minérales</a> et les <a href=""""https://meilleurtest.fr/comparatif-stick-solaire/"""">sticks solaires</a>. Il vous orientera vers la meilleure crème solaire, en complément d'un <a href=""""https://meilleurtest.fr/comparatif-ecran-total-visage/"""">écran total visage</a>."
"37598";"La lampe UV de bronzage vous offrira un teint hâlé toute l'année depuis chez vous, sans recourir aux cosmétiques. Ce dispositif contrôlera l'intensité et la durée de chaque séance pour un bronzage progressif. Vous pourrez aussi explorer les <a href=""""https://meilleurtest.fr/comparatif-autobronzant/"""">autobronzants</a>, les <a href=""""https://meilleurtest.fr/comparatif-accelerateur-de-bronzage/"""">accélérateurs de bronzage</a>, les <a href=""""https://meilleurtest.fr/comparatif-huile-bronzante/"""">huiles bronzantes</a> ou un <a href=""""https://meilleurtest.fr/comparatif-apres-soleil/"""">après-soleil</a> pour prendre soin de votre peau. Ce guide vous orientera vers la meilleure lampe UV de bronzage."
"37267";"La crème solaire visage protégera les zones les plus exposées de votre visage des rayons UV, tout en prévenant rides et taches. Ce soin léger s'intégrera facilement à votre routine quotidienne sans laisser de film gras. Vous trouverez des formules adaptées à chaque phototype, à associer à une <a href=""""https://meilleurtest.fr/comparatif-creme-solaire/"""">crème solaire</a> corps, un <a href=""""https://meilleurtest.fr/comparatif-ecran-total-visage/"""">écran total</a>, un <a href=""""https://meilleurtest.fr/comparatif-stick-solaire/"""">stick solaire</a> ou une <a href=""""https://meilleurtest.fr/comparatif-creme-solaire-visage-anti-age/"""">protection anti-âge</a>. Ce guide vous orientera vers la meilleure crème solaire visage."
"41444";"La bouillotte électrique vous offrira une chaleur ciblée en quelques minutes, sans eau à faire chauffer. Alternative économique au <a href=""https://meilleurtest.fr/comparatif-chauffage-dappoint-electrique/"">chauffage d'appoint</a>, elle soulage aussi les douleurs musculaires comme un <a href=""https://meilleurtest.fr/comparatif-coussin-chauffant/"">coussin chauffant</a>. Associée à un bon <a href=""https://meilleurtest.fr/comparatif-plaid/"">plaid</a>, elle transformera vos soirées d'hiver. Avec ou sans eau, cervicale ou lombaire, ce guide vous aidera à choisir le modèle idéal."
"39092";"Sans rangement adapté, vos bagues et colliers finiront emmêlés au fond d'un tiroir. Une bonne boîte à bijoux les protégera de l'oxydation et des rayures, comme une <a href=""""https://meilleurtest.fr/comparatif-boite-a-couture/"""">boîte à couture</a> le fait pour vos fils et aiguilles. Du <a href=""""https://meilleurtest.fr/comparatif-coffre-fort/"""">coffret sécurisé</a> au présentoir de voyage, le choix dépendra de votre collection et de vos <a href=""""https://meilleurtest.fr/comparatif-coffret-de-pate-fimo/"""">créations artisanales</a>. Ce guide comparatif vous aidera à trouver le modèle idéal."
"42611";"En concert ou en festival, le niveau sonore dépasse souvent 100 dB, de quoi endommager votre audition en quelques minutes. Contrairement à un <a href=""https://meilleurtest.fr/comparatif-casques-a-reduction-de-bruit/"">casque à réduction de bruit</a> ou à des <a href=""https://meilleurtest.fr/comparatif-ecouteurs-a-reduction-de-bruit/"">écouteurs</a>, les bouchons pour concert atténuent le volume sans altérer la qualité musicale. Ils diffèrent des <a href=""https://meilleurtest.fr/comparatif-bouchons-doreilles-pour-dormir/"">modèles pour dormir</a>, conçus pour l'isolation totale. Ce guide comparatif vous aidera à choisir la paire idéale."
"38691";"Plus de la moitié des Français se réveillent la nuit à cause du bruit. Les bouchons d'oreilles pour dormir offrent une isolation efficace, en complément d'un bon <a href=""https://meilleurtest.fr/comparatif-oreiller/"">oreiller</a> et d'un <a href=""https://meilleurtest.fr/comparatif-analyseur-de-sommeil/"">analyseur de sommeil</a>. En cire, silicone ou mousse, chaque matière conviendra à un profil différent, bien loin des <a href=""https://meilleurtest.fr/comparatif-bouchon-oreilles-pour-concert/"">modèles pour concert</a>. Ce guide comparatif vous aidera à trouver la paire la plus adaptée."
"41287";"Idée-cadeau appréciée en entreprise comme entre particuliers, le panier garni change des classiques <a href=""https://meilleurtest.fr/comparatif-chocolat-noir/"">chocolats</a> ou bouquets de <a href=""https://meilleurtest.fr/comparatif-site-pour-acheter-des-fleurs-a-envoyer/"">fleurs</a>. Vous y glisserez du <a href=""https://meilleurtest.fr/comparatif-champagne/"">champagne</a>, du <a href=""https://meilleurtest.fr/comparatif-coffret-cadeau-cafe/"">café</a> de spécialité ou des produits du terroir pour marquer une occasion spéciale. Personnalisable à l'envie, ce guide comparatif vous aidera à trouver le panier idéal."
"39948";"Du <a href=""https://meilleurtest.fr/comparatif-chocolat-noir/"">chocolat</a> fin aux produits de <a href=""https://meilleurtest.fr/comparatif-pinceau-de-maquillage/"">maquillage</a>, en passant par une bouteille de <a href=""https://meilleurtest.fr/comparatif-champagne/"">champagne</a>, le panier cadeau s'adaptera à chaque destinataire. Proche du <a href=""https://meilleurtest.fr/comparatif-panier-garni/"">panier garni</a>, il se décline en coffret gourmand, beauté ou terroir. Offert en entreprise ou entre proches, il rompra avec les cadeaux convenus. Ce guide comparatif vous aidera à choisir le coffret le plus adapté."
"42488";"Pour affronter les nuits glaciales en altitude, le sac de couchage grand froid sera votre allié indispensable. Plus isolant qu’un <a href=""""https://meilleurtest.fr/comparatif-sac-de-couchage/"""">sac de couchage classique</a> ou qu’un <a href=""""https://meilleurtest.fr/comparatif-sac-de-couchage-compact/"""">modèle compact</a>, il vous protégera jusqu’à -30 °C et au-delà. Associé à une <a href=""""https://meilleurtest.fr/comparatif-tente-de-bivouac/"""">tente de bivouac</a> robuste, il garantira des nuits confortables. Ce guide vous orientera vers le sac de couchage grand froid adapté à vos expéditions."
"42314";"Compact et pratique, le lave-linge de camping vous permettra de laver votre linge en caravane, camping-car ou mobile home sans effort. Contrairement à un <a href=""""https://meilleurtest.fr/comparatif-lave-linge-rapport-qualite-prix/"""">lave-linge classique</a>, il se transportera facilement et conviendra aux petits espaces. Pour compléter votre équipement de <a href=""""https://meilleurtest.fr/comparatif-tente/"""">tente</a> ou de <a href=""""https://meilleurtest.fr/comparatif-glaciere/"""">glacière</a>, ce guide vous aidera à trouver le lave-linge de camping le plus adapté à vos besoins nomades."
"41986";"Légère et rapide à monter, la tente de bivouac vous accompagnera dans vos randonnées au long cours. Plus minimaliste qu’une <a href=""""https://meilleurtest.fr/comparatif-tente/"""">tente classique</a> ou qu’une <a href=""""https://meilleurtest.fr/comparatif-tente-ultra-legere/"""">tente ultra légère</a>, elle se glissera dans votre sac sans l’alourdir. Associée à un <a href=""""https://meilleurtest.fr/comparatif-sac-de-couchage-compact/"""">sac de couchage compact</a>, elle vous offrira un abri fiable en pleine nature. Ce guide vous aidera à choisir la tente de bivouac idéale pour vos treks."
"41961";"Conçue pour résister au vent, à la pluie et aux conditions difficiles, la tente de trekking vous accompagnera sur les sentiers les plus exigeants. Plus robuste qu’une <a href=""""https://meilleurtest.fr/comparatif-tente-de-bivouac/"""">tente de bivouac</a> et plus légère qu’une <a href=""""https://meilleurtest.fr/comparatif-tente/"""">tente familiale</a>, elle trouvera le bon compromis. Complétée par de bonnes <a href=""""https://meilleurtest.fr/comparatif-chaussures-de-randonnee/"""">chaussures de randonnée</a>, elle fera la différence en itinérance. Ce guide vous orientera vers la tente de trekking la plus adaptée."
"41739";"Légère et facile à transporter, la chaise de camping pliante vous offrira un confort appréciable en plein air. Contrairement à une <a href=""""https://meilleurtest.fr/comparatif-chaise-de-camping/"""">chaise de camping</a> standard, elle se repliera en quelques secondes et tiendra dans un sac. Idéale pour accompagner votre <a href=""""https://meilleurtest.fr/comparatif-tente/"""">tente</a> lors d’un bivouac ou d’un pique-nique près de la <a href=""""https://meilleurtest.fr/comparatif-glaciere/"""">glacière</a>, elle deviendra vite indispensable. Ce guide vous aidera à choisir la chaise de camping pliante la plus adaptée."
"41418";"Pensé pour les randonneurs soucieux du poids, le sac de couchage compact se glissera dans votre sac à dos sans l’encombrer. Plus léger qu’un <a href=""""https://meilleurtest.fr/comparatif-sac-de-couchage/"""">sac de couchage classique</a> et moins volumineux qu’un <a href=""""https://meilleurtest.fr/comparatif-sac-de-couchage-grand-froid/"""">modèle grand froid</a>, il conviendra aux nuits tempérées en <a href=""""https://meilleurtest.fr/comparatif-tente-de-trekking/"""">tente de trekking</a>. Ce guide vous aidera à trouver le sac de couchage compact le plus adapté à vos sorties."
"41406";"Indispensable pour garder vos boissons et aliments au frais lors de longs trajets, la glacière voiture se branchera directement sur l’allume-cigare. Plus performante qu’une <a href=""""https://meilleurtest.fr/comparatif-glaciere/"""">glacière passive</a> et plus accessible qu’une <a href=""""https://meilleurtest.fr/comparatif-glaciere-a-compression/"""">glacière à compression</a>, elle maintiendra une température constante pendant des heures. Pour compléter votre équipement, pensez à une <a href=""""https://meilleurtest.fr/comparatif-gourde-isotherme/"""">gourde isotherme</a>. Ce guide vous orientera vers la glacière voiture la plus adaptée à vos déplacements."
"41318";"Que ce soit pour un repas en plein air, un moment de détente ou une soirée au coin du feu, la chaise de camping vous apportera le confort nécessaire. Disponible en version <a href=""""https://meilleurtest.fr/comparatif-chaise-de-camping-pliante/"""">pliante</a>, basse ou suspendue, elle complétera votre <a href=""""https://meilleurtest.fr/comparatif-tente/"""">tente</a> et votre <a href=""""https://meilleurtest.fr/comparatif-glaciere/"""">glacière</a> pour un campement complet. Ce guide vous aidera à trouver la chaise de camping adaptée à vos activités en extérieur."
"40406";"Pratique et écologique, la gourde compote réutilisable vous permettra de préparer des collations maison pour vos enfants. Remplissable à volonté avec des purées de fruits ou des smoothies, elle remplacera les emballages jetables. Associée à une <a href=""""https://meilleurtest.fr/comparatif-gourde-enfant/"""">gourde enfant</a> pour l’hydratation, une <a href=""""https://meilleurtest.fr/comparatif-gourde-sport/"""">gourde sport</a> pour les parents et une <a href=""""https://meilleurtest.fr/comparatif-gourde-isotherme/"""">gourde isotherme</a> pour les boissons chaudes, elle complétera votre équipement nomade. Ce guide vous orientera vers la gourde compote réutilisable idéale."
"39521";"Dôme, tunnel ou pop-up, la tente reste l’abri incontournable pour dormir en plein air. Selon vos besoins, vous opterez pour une <a href=""""https://meilleurtest.fr/comparatif-tente-ultra-legere/"""">tente ultra légère</a> en randonnée, une <a href=""""https://meilleurtest.fr/comparatif-tente-de-camping-4-places/"""">tente 4 places</a> en famille ou une <a href=""""https://meilleurtest.fr/comparatif-tente-de-bivouac/"""">tente de bivouac</a> pour les nuits en montagne. Complétée par un bon <a href=""""https://meilleurtest.fr/comparatif-sac-de-couchage/"""">sac de couchage</a>, elle vous garantira des nuits confortables. Ce guide vous aidera à choisir la tente adaptée à chaque usage."
"39435";"Indispensable pour toute nuit en plein air, le sac de couchage vous protégera du froid et de l’humidité. Forme droite ou momie, garnissage duvet ou synthétique, le choix dépendra de votre usage. Pour le trekking, préférez un <a href=""""https://meilleurtest.fr/comparatif-sac-de-couchage-compact/"""">modèle compact</a>. Pour les températures extrêmes, tournez-vous vers un <a href=""""https://meilleurtest.fr/comparatif-sac-de-couchage-grand-froid/"""">sac grand froid</a>. Un <a href=""""https://meilleurtest.fr/comparatif-sac-de-couchage-double/"""">sac double</a> conviendra aux couples en <a href=""""https://meilleurtest.fr/comparatif-tente/"""">tente</a>. Ce guide vous aidera à trouver le sac de couchage idéal."
"39155";"Performante et silencieuse, la glacière à compression refroidira vos aliments et boissons aussi efficacement qu’un réfrigérateur portable. Contrairement à une <a href=""""https://meilleurtest.fr/comparatif-glaciere/"""">glacière passive</a> ou une <a href=""""https://meilleurtest.fr/comparatif-glaciere-voiture/"""">glacière voiture</a> thermoélectrique, elle atteindra des températures négatives et maintiendra le froid sans pain de glace. Pour garder vos boissons fraîches à portée de main, associez-la à une <a href=""""https://meilleurtest.fr/comparatif-gourde-isotherme/"""">gourde isotherme</a>. Ce guide vous orientera vers la glacière à compression la plus adaptée."
"39055";"Léger et prêt en quelques secondes, le hamac gonflable vous offrira un coin de détente instantané au jardin, à la plage ou au bord de la piscine. Plus facile à installer qu’un hamac classique, il se rangera dans un sac compact. Pour prolonger la détente en extérieur, associez-le à une <a href=""""https://meilleurtest.fr/comparatif-chaise-de-camping/"""">chaise de camping</a>, un <a href=""""https://meilleurtest.fr/comparatif-parasol-de-plage/"""">parasol de plage</a> ou une <a href=""""https://meilleurtest.fr/comparatif-glaciere/"""">glacière</a>. Ce guide vous aidera à choisir le hamac gonflable le plus confortable."
"39013";"Pour une escapade en famille ou entre amis, la tente de camping 4 places vous offrira l’espace nécessaire pour dormir confortablement. Plus spacieuse qu’une <a href=""""https://meilleurtest.fr/comparatif-tente-ultra-legere/"""">tente ultra légère</a> ou qu’une <a href=""""https://meilleurtest.fr/comparatif-tente/"""">tente de randonnée</a>, elle disposera souvent d’un auvent et de rangements. Complétez votre campement avec des <a href=""""https://meilleurtest.fr/comparatif-chaise-de-camping/"""">chaises de camping</a> et une <a href=""""https://meilleurtest.fr/comparatif-glaciere/"""">glacière</a>. Ce guide vous orientera vers la tente de camping 4 places la mieux adaptée."
"38857";"Pour boire une eau saine partout, la gourde filtrante purifiera l’eau du robinet comme celle d’une rivière en randonnée. Grâce à son filtre intégré, elle éliminera bactéries et impuretés en quelques secondes. Plus spécialisée qu’une <a href=""""https://meilleurtest.fr/comparatif-gourde-isotherme/"""">gourde isotherme</a> ou qu’une <a href=""""https://meilleurtest.fr/comparatif-gourde-sport/"""">gourde sport</a>, elle séduira les voyageurs et les amateurs de <a href=""""https://meilleurtest.fr/comparatif-gourde-inox/"""">gourdes durables</a>. Ce guide vous aidera à choisir la gourde filtrante adaptée à vos besoins."
"38524";"Pensée pour les randonneurs qui comptent chaque gramme, la tente ultra légère vous abritera sans alourdir votre sac. Plus compacte qu’une <a href=""""https://meilleurtest.fr/comparatif-tente/"""">tente classique</a> et plus protectrice qu’une <a href=""""https://meilleurtest.fr/comparatif-tente-de-bivouac/"""">tente de bivouac</a>, elle conviendra au trekking et à l’alpinisme. Associée à un <a href=""""https://meilleurtest.fr/comparatif-sac-de-couchage-compact/"""">sac de couchage compact</a> et de bonnes <a href=""""https://meilleurtest.fr/comparatif-chaussures-de-randonnee/"""">chaussures de randonnée</a>, elle allégera votre itinérance. Ce guide vous orientera vers la tente ultra légère idéale."
"38420";"Pour garder vos boissons fraîches et vos provisions au frais en sortie, la glacière restera un incontournable de l’été. Passive avec pains de glace ou électrique sur secteur, elle s’adaptera à chaque situation. Pour des performances accrues, explorez la <a href=""""https://meilleurtest.fr/comparatif-glaciere-a-compression/"""">glacière à compression</a> ou la <a href=""""https://meilleurtest.fr/comparatif-glaciere-voiture/"""">glacière voiture</a>. Une <a href=""""https://meilleurtest.fr/comparatif-gourde-isotherme/"""">gourde isotherme</a> complétera votre équipement. Ce guide vous aidera à trouver la glacière la plus adaptée à vos besoins."
"38375";"Chaude ou froide, la gourde isotherme maintiendra votre boisson à la bonne température pendant des heures. Écologique et réutilisable, elle remplacera avantageusement les bouteilles jetables au quotidien comme en sortie. En <a href=""""https://meilleurtest.fr/comparatif-gourde-inox/"""">inox</a> ou en <a href=""""https://meilleurtest.fr/comparatif-gourde-verre/"""">verre</a>, elle s’adaptera à chaque usage. Pour le sport, une <a href=""""https://meilleurtest.fr/comparatif-gourde-sport/"""">gourde sport</a> dédiée sera plus pratique. Pour la randonnée, pensez à la <a href=""""https://meilleurtest.fr/comparatif-gourde-filtrante/"""">gourde filtrante</a>. Ce guide vous orientera vers la gourde isotherme idéale."
"38364";"Pour dormir à deux en camping sans emporter deux sacs séparés, le sac de couchage double vous fera gagner en place et en confort. Il partagera la chaleur entre les dormeurs et s’installera facilement dans une <a href=""""https://meilleurtest.fr/comparatif-tente-de-camping-4-places/"""">tente 4 places</a>. Moins encombrant que deux <a href=""""https://meilleurtest.fr/comparatif-sac-de-couchage/"""">sacs de couchage</a> individuels et suffisant par temps doux, il ne remplacera toutefois pas un <a href=""""https://meilleurtest.fr/comparatif-sac-de-couchage-grand-froid/"""">modèle grand froid</a>. Ce guide vous aidera à choisir le sac de couchage double adapté."
"37575";"Reconnue pour son design soigné et ses matériaux durables, la gourde Qwetch gardera vos boissons chaudes ou froides pendant des heures. Alternative élégante aux <a href=""""https://meilleurtest.fr/comparatif-gourde-isotherme/"""">gourdes isothermes</a> classiques, elle se déclinera en de nombreux formats et coloris. Comme toute <a href=""""https://meilleurtest.fr/comparatif-gourde-inox/"""">gourde en inox</a>, elle résistera aux chocs et se lavera facilement. Pour les enfants, pensez à une <a href=""""https://meilleurtest.fr/comparatif-gourde-enfant/"""">gourde enfant</a> adaptée. Ce guide vous orientera vers la gourde Qwetch idéale."
"37447";"Légère et facile à ouvrir d’une main, la gourde sport vous accompagnera à la salle, en course à pied ou en randonnée. Avec ou sans paille, en plastique recyclé ou en <a href=""""https://meilleurtest.fr/comparatif-gourde-inox/"""">inox</a>, elle gardera votre boisson accessible en toute situation. Pour les sorties longues, une <a href=""""https://meilleurtest.fr/comparatif-gourde-filtrante/"""">gourde filtrante</a> complétera votre équipement, tandis qu’une <a href=""""https://meilleurtest.fr/comparatif-gourde-isotherme/"""">gourde isotherme</a> maintiendra la fraîcheur. Ce guide vous aidera à trouver la gourde sport la plus adaptée."
"37445";"Colorée et adaptée aux petites mains, la gourde enfant encouragera votre bout de chou à boire régulièrement. Avec bec verseur, paille ou bouchon sport, elle se transportera partout : à l’école, au parc ou en <a href=""""https://meilleurtest.fr/comparatif-gourde-sport/"""">sortie sportive</a>. Pour les goûters, associez-la à une <a href=""""https://meilleurtest.fr/comparatif-gourde-compote-reutilisable/"""">gourde compote réutilisable</a>. En version <a href=""""https://meilleurtest.fr/comparatif-gourde-isotherme/"""">isotherme</a>, elle gardera les boissons fraîches toute la journée. Ce guide vous aidera à choisir la gourde enfant idéale."
"37442";"Solide, durable et sans plastique, la gourde en inox vous accompagnera au quotidien comme en randonnée. Résistante aux chocs et facile à nettoyer, elle gardera vos boissons sans altérer leur goût. En version <a href=""""https://meilleurtest.fr/comparatif-gourde-isotherme/"""">isotherme</a>, elle maintiendra la température pendant des heures. Pour le sport, découvrez la <a href=""""https://meilleurtest.fr/comparatif-gourde-sport/"""">gourde sport</a>, et pour purifier l’eau en sortie, la <a href=""""https://meilleurtest.fr/comparatif-gourde-filtrante/"""">gourde filtrante</a>. Ce guide vous orientera vers la gourde en inox la plus adaptée."
"37384";"Pour protéger la peau fragile de votre bébé du soleil, la tente anti-UV lui offrira un espace ombragé et sûr à la plage ou au jardin. Complément idéal d’une <a href=""""https://meilleurtest.fr/comparatif-creme-solaire/"""">crème solaire</a> et d’un <a href=""""https://meilleurtest.fr/comparatif-parasol-de-plage/"""">parasol de plage</a>, elle bloquera les rayons UVA et UVB. Pour les sorties en famille, associez-la à une <a href=""""https://meilleurtest.fr/comparatif-tente-de-camping-4-places/"""">tente de camping 4 places</a>. Ce guide vous aidera à choisir la tente anti-UV pour bébé la plus adaptée."
"37365";"Saine et sans goût résiduel, la gourde en verre vous offrira une alternative écologique aux bouteilles en plastique. Grâce au borosilicate, elle résistera aux chocs et aux variations de température. Pour une protection thermique, tournez-vous vers une <a href=""""https://meilleurtest.fr/comparatif-gourde-isotherme/"""">gourde isotherme</a>. En sortie sportive, la <a href=""""https://meilleurtest.fr/comparatif-gourde-sport/"""">gourde sport</a> sera plus légère. Et en <a href=""""https://meilleurtest.fr/comparatif-gourde-inox/"""">inox</a>, elle gagnera en robustesse. Ce guide vous orientera vers la gourde en verre la plus adaptée à votre usage."
"37785";"La carte bancaire pour voyager vous évitera les frais de change et les commissions lors de vos déplacements à l'étranger. Elle inclura souvent une <a href=""https://meilleurtest.fr/comparatif-assurance-voyage/"">assurance voyage</a> et des plafonds de retrait adaptés à vos besoins. Pour optimiser vos dépenses hors de France, comparez-la avec une <a href=""https://meilleurtest.fr/comparatif-carte-bancaire/"">carte bancaire classique</a>, vérifiez votre <a href=""https://meilleurtest.fr/comparatif-assurance-de-carte-bancaire/"">assurance de carte bancaire</a> et choisissez la <a href=""https://meilleurtest.fr/comparatif-banque-pour-voyager-ou-vivre-a-etranger/"">banque adaptée aux voyageurs</a>."
"37570";"La carte bancaire reste le moyen de paiement préféré des Français, avec des options adaptées à chaque profil. Carte à débit immédiat ou différé, prépayée ou haut de gamme, le choix influencera directement vos frais et vos garanties. Comparez les offres en fonction de votre <a href=""https://meilleurtest.fr/comparatif-banque-en-ligne-gratuite/"">banque en ligne</a>, de votre <a href=""https://meilleurtest.fr/comparatif-neobanque/"">néobanque</a>, de votre <a href=""https://meilleurtest.fr/comparatif-assurance-de-carte-bancaire/"">assurance de carte</a> et de vos besoins en <a href=""https://meilleurtest.fr/comparatif-carte-bancaire-pour-voyager/"">carte pour voyager</a>."
"41179";"Le cardboard transformera votre smartphone en visionneuse de réalité virtuelle pour quelques euros. Léger et compact, ce support en carton ou en plastique vous plongera dans des vidéos 360 et des jeux immersifs sans investissement lourd. Si vous souhaitez aller plus loin, orientez-vous vers un <a href=""https://meilleurtest.fr/comparatif-casque-vr/"">casque VR</a> autonome ou un <a href=""https://meilleurtest.fr/comparatif-casque-vr-pour-smartphone/"">casque VR pour smartphone</a> plus élaboré, voire un <a href=""https://meilleurtest.fr/comparatif-casque-gamer/"">casque gaming</a> pour une immersion complète."
"38849";"Le casque VR pour smartphone vous offrira une immersion en réalité virtuelle en exploitant l'écran de votre téléphone. Plus confortable et performant qu'un simple <a href=""https://meilleurtest.fr/comparatif-cardboard/"">cardboard</a>, il proposera un champ de vision élargi et des réglages ajustables. Pour une expérience encore plus poussée, vous pourrez passer à un <a href=""https://meilleurtest.fr/comparatif-casque-vr/"">casque VR</a> autonome, le coupler à une <a href=""https://meilleurtest.fr/comparatif-console-de-jeux/"">console de jeux</a> ou l'accompagner d'un <a href=""https://meilleurtest.fr/comparatif-casque-gamer/"">casque gaming</a> audio."
"37428";"Le casque de réalité virtuelle vous plongera dans des environnements 3D avec un réalisme saisissant, que ce soit pour le jeu, le cinéma ou la formation. Du modèle autonome au casque PC, chaque technologie offrira des sensations différentes. Pour une entrée en matière accessible, consultez les <a href=""https://meilleurtest.fr/comparatif-casque-vr-pour-smartphone/"">casques VR pour smartphone</a> ou les <a href=""https://meilleurtest.fr/comparatif-cardboard/"">cardboards</a>, et complétez votre setup avec un <a href=""https://meilleurtest.fr/comparatif-casque-gamer/"">casque gaming</a> ou une <a href=""https://meilleurtest.fr/comparatif-console-de-jeux/"">console de jeux</a>."
"42596";"Vous cherchez un piège photographique pour observer la faune ou surveiller un terrain ? Ce guide vous aidera à choisir la meilleure caméra de chasse selon la résolution, la portée infrarouge et l'autonomie. Pour recevoir les clichés à distance, vous découvrirez nos sélections de <a href=""https://meilleurtest.fr/comparatif-camera-de-chasse-4g/"">caméras de chasse 4G</a> et de <a href=""https://meilleurtest.fr/comparatif-camera-de-chasse-gsm/"">caméras de chasse GSM</a>. Des <a href=""https://meilleurtest.fr/comparatif-jumelles/"">jumelles</a> ou une <a href=""https://meilleurtest.fr/comparatif-lunette-de-battue/"">lunette de battue</a> compléteront vos sorties avec votre caméra de chasse."
"41911";"Vous vous intéressez au tir de précision et recherchez une arme à air comprimé performante ? Ce guide vous présentera les meilleures carabines à plomb de 30 joules, capables d'atteindre une cible à plus de 50 mètres. Vous y trouverez les critères essentiels comme la puissance et la précision. Consultez aussi nos comparatifs de <a href=""https://meilleurtest.fr/comparatif-carabine-a-plomb/"">carabines à plomb</a>, d'<a href=""https://meilleurtest.fr/comparatif-arbalete/"">arbalètes</a> et d'<a href=""https://meilleurtest.fr/comparatif-arc-a-poulie/"">arcs à poulie</a>. Une <a href=""https://meilleurtest.fr/comparatif-lunette-de-battue/"">lunette de battue</a> complétera votre carabine à plomb de 30 joules."
"41367";"Vous souhaitez recevoir photos et vidéos de la faune directement sur votre smartphone ? Ce guide vous accompagnera dans le choix de la meilleure caméra de chasse 4G selon la résolution, la portée et la connectivité. Vous comparerez avec les <a href=""https://meilleurtest.fr/comparatif-camera-de-chasse/"">caméras de chasse</a> classiques et les <a href=""https://meilleurtest.fr/comparatif-camera-de-chasse-gsm/"">caméras de chasse GSM</a>. Des <a href=""https://meilleurtest.fr/comparatif-jumelles/"">jumelles</a> ou une <a href=""https://meilleurtest.fr/comparatif-lunette-de-battue/"">lunette de battue</a> compléteront vos sorties avec votre caméra de chasse 4G."
"41313";"L'arc à poulie combine puissance et précision grâce à un système de poulies qui réduit l'effort de maintien. Ce guide vous aidera à choisir le modèle adapté à votre niveau et à votre pratique. Vous comparerez avec les <a href=""https://meilleurtest.fr/comparatif-arc-de-chasse/"">arcs de chasse</a> traditionnels et les <a href=""https://meilleurtest.fr/comparatif-arbalete/"">arbalètes</a> pour affiner votre choix. Des <a href=""https://meilleurtest.fr/comparatif-chaussures-de-chasse/"">chaussures de chasse</a> et une <a href=""https://meilleurtest.fr/comparatif-lunette-de-battue/"">lunette de battue</a> compléteront votre panoplie autour de votre arc à poulie."
"41190";"Des chaussures de chasse adaptées garantiront votre confort et votre sécurité en terrain difficile. Ce guide vous présentera les critères essentiels comme l'imperméabilité, le maintien de la cheville et l'adhérence de la semelle. Vous découvrirez aussi notre sélection de <a href=""https://meilleurtest.fr/comparatif-bottes-de-chasse/"">bottes de chasse</a> et de <a href=""https://meilleurtest.fr/comparatif-chaussure-de-marche-pour-homme/"">chaussures de marche</a>. Nos guides sur les <a href=""https://meilleurtest.fr/comparatif-camera-de-chasse/"">caméras de chasse</a> et les <a href=""https://meilleurtest.fr/comparatif-couteau-de-chasse-et-de-survie/"">couteaux de chasse</a> compléteront votre équipement autour de vos chaussures de chasse."
"40316";"Vous cherchez une arme à air comprimé pour le tir de loisir ou de précision ? Ce guide vous aidera à trouver la meilleure carabine à plomb selon la puissance, le calibre et le mécanisme. Si vous visez une puissance supérieure, notre comparatif de <a href=""https://meilleurtest.fr/comparatif-carabine-a-plomb-de-30-joules/"">carabines à plomb de 30 joules</a> vous intéressera. Vous découvrirez aussi les <a href=""https://meilleurtest.fr/comparatif-arbalete/"">arbalètes</a>, les <a href=""https://meilleurtest.fr/comparatif-arc-a-poulie/"">arcs à poulie</a> et les <a href=""https://meilleurtest.fr/comparatif-lance-pierres/"">lance-pierres</a> pour varier les plaisirs autour de votre carabine à plomb."
"40313";"Ce guide vous présentera les meilleurs arcs de chasse selon le type d'arc, la puissance et la longueur d'allonge. Vous y trouverez les critères pour choisir entre un recurve et un longbow adapté à votre morphologie. Notre comparatif d'<a href=""https://meilleurtest.fr/comparatif-arc-a-poulie/"">arcs à poulie</a> et d'<a href=""https://meilleurtest.fr/comparatif-arbalete/"">arbalètes</a> enrichira votre réflexion. Des <a href=""https://meilleurtest.fr/comparatif-chaussures-de-chasse/"">chaussures de chasse</a> et un <a href=""https://meilleurtest.fr/comparatif-couteau-de-chasse-et-de-survie/"">couteau de chasse</a> compléteront votre panoplie autour de votre arc de chasse."
"40193";"Ce guide vous aidera à choisir la meilleure arbalète pour le tir sportif ou de loisir. Vous y trouverez les critères essentiels comme la puissance, la portée et le poids. Que vous soyez débutant ou confirmé, vous comparerez les modèles les plus performants. Nos guides sur les <a href=""https://meilleurtest.fr/comparatif-arc-de-chasse/"">arcs de chasse</a>, les <a href=""https://meilleurtest.fr/comparatif-arc-a-poulie/"">arcs à poulie</a>, les <a href=""https://meilleurtest.fr/comparatif-carabine-a-plomb/"">carabines à plomb</a> et les <a href=""https://meilleurtest.fr/comparatif-lance-pierres/"">lance-pierres</a> élargiront vos options autour de votre arbalète."
"40023";"Ce guide vous aidera à choisir les meilleures bottes de chasse selon l'imperméabilité, l'isolation thermique et la robustesse de la semelle. Vous y trouverez les critères essentiels pour affronter boue, eau et froid en toute saison. Notre sélection de <a href=""https://meilleurtest.fr/comparatif-chaussures-de-chasse/"">chaussures de chasse</a> et de <a href=""https://meilleurtest.fr/comparatif-chaussure-de-marche-pour-homme/"">chaussures de marche</a> complétera votre recherche. Les <a href=""https://meilleurtest.fr/comparatif-camera-de-chasse/"">caméras de chasse</a> et les <a href=""https://meilleurtest.fr/comparatif-couteau-de-chasse-et-de-survie/"">couteaux de chasse</a> accompagneront vos sorties avec vos bottes de chasse."
"39941";"Ce guide vous présentera les meilleures lunettes de battue pour améliorer votre précision lors de tirs rapides sur cible en mouvement. Vous y découvrirez les critères comme le grossissement, le champ de vision et la luminosité. Des <a href=""https://meilleurtest.fr/comparatif-jumelles/"">jumelles</a> et un <a href=""https://meilleurtest.fr/comparatif-talkie-walkie-pour-chasse/"">talkie-walkie de chasse</a> compléteront votre équipement sur le terrain. Nos guides sur les <a href=""https://meilleurtest.fr/comparatif-camera-de-chasse/"">caméras de chasse</a> et les <a href=""https://meilleurtest.fr/comparatif-arc-de-chasse/"">arcs de chasse</a> enrichiront votre panoplie autour de votre lunette de battue."
"37475";"La caméra de chasse GSM envoie photos et vidéos directement sur votre téléphone via le réseau mobile. Ce guide vous aidera à trouver le modèle idéal selon la résolution, l'autonomie et la qualité de transmission. Vous comparerez avec les <a href=""https://meilleurtest.fr/comparatif-camera-de-chasse/"">caméras de chasse</a> classiques et les <a href=""https://meilleurtest.fr/comparatif-camera-de-chasse-4g/"">caméras de chasse 4G</a>. Une <a href=""https://meilleurtest.fr/comparatif-camera-de-surveillance-exterieure-sans-fil/"">caméra de surveillance extérieure</a> et une <a href=""https://meilleurtest.fr/comparatif-lunette-de-battue/"">lunette de battue</a> compléteront votre équipement autour de votre caméra de chasse GSM."
"39341";"Le grinder facilite la préparation des herbes en les broyant de manière uniforme pour une combustion ou une vaporisation homogène. Qu'il soit manuel ou électrique, en métal, en bois ou en acrylique, il offrira une mouture régulière adaptée à votre usage. Ce guide comparatif vous aidera à choisir le grinder qui conviendra à votre <a href=""https://meilleurtest.fr/comparatif-pipe/"">pipe</a>, votre <a href=""https://meilleurtest.fr/comparatif-cigarette-electronique/"">cigarette électronique</a> ou votre <a href=""https://meilleurtest.fr/comparatif-chicha-electronique/"">chicha électronique</a>."
"38703";"La pipe à tabac reste un art de vivre apprécié pour la richesse de ses arômes et la lenteur de sa dégustation. En bruyère, en écume ou en maïs, elle offrira des sensations distinctes selon le tabac choisi. Ce guide comparatif vous aidera à trouver la pipe adaptée à vos attentes, que vous possédiez déjà un <a href=""https://meilleurtest.fr/comparatif-grinder-de-weed/"">grinder</a> ou envisagiez une <a href=""https://meilleurtest.fr/comparatif-cigarette-electronique/"">cigarette électronique</a> avec un <a href=""https://meilleurtest.fr/comparatif-e-liquide-gout-tabac/"">e-liquide goût tabac</a>."
"37653";"La cigarette électronique vous permettra de vapoter sans combustion, avec un contrôle précis de la puissance et des saveurs. Du format compact <a href=""https://meilleurtest.fr/comparatif-cigarette-electronique-pod/"">pod</a> à la <a href=""https://meilleurtest.fr/comparatif-box-cigarette-electronique/"">box</a> polyvalente, chaque modèle répondra à un profil de vapoteur différent. Pour compléter votre setup, choisissez un <a href=""https://meilleurtest.fr/comparatif-clearomiseur/"">clearomiseur</a> adapté et des <a href=""https://meilleurtest.fr/comparatif-e-liquide-pas-cher/"">e-liquides</a> à votre goût. Les amateurs de tabac traditionnel pourront aussi comparer avec une <a href=""https://meilleurtest.fr/comparatif-pipe/"">pipe</a>."
"241916";"Un coffre-fort protégera vos documents, bijoux et argent liquide contre le vol et l'incendie. Du modèle <a href=""https://meilleurtest.fr/comparatif-coffre-fort-electronique/"">électronique</a> à digicode au coffre <a href=""https://meilleurtest.fr/comparatif-coffre-fort-pour-maison/"">pour la maison</a> à sceller au mur, le choix dépendra de vos besoins de sécurité. Complétez votre protection avec une <a href=""https://meilleurtest.fr/comparatif-camera-de-surveillance-guide/"">caméra de surveillance</a> ou une <a href=""https://meilleurtest.fr/comparatif-serrure-de-porte/"">serrure renforcée</a>. Ce guide comparatif vous aidera à choisir le coffre-fort le plus adapté."
"41411";"Acheter un coffre-fort sur Amazon vous donnera accès à un large choix de modèles, du <a href=""https://meilleurtest.fr/comparatif-coffre-fort-electronique/"">coffre-fort électronique</a> compact au <a href=""https://meilleurtest.fr/comparatif-coffre-fort-pour-maison/"">coffre-fort pour la maison</a> à sceller. Livraison rapide, avis vérifiés et retours simplifiés faciliteront votre décision. Complétez votre sécurité avec une <a href=""https://meilleurtest.fr/comparatif-serrure-de-porte/"">serrure renforcée</a> ou une <a href=""https://meilleurtest.fr/comparatif-camera-de-surveillance-guide/"">caméra de surveillance</a>. Ce guide comparatif vous aidera à choisir le meilleur coffre-fort sur Amazon."
"39719";"Installer un coffre-fort chez vous mettra vos objets de valeur à l'abri du vol et de l'incendie. Modèle <a href=""https://meilleurtest.fr/comparatif-coffre-fort-electronique/"">électronique</a> à code, à clé ou biométrique, à poser ou à encastrer : le choix dépendra de vos besoins et de votre budget. Associez-le à une <a href=""https://meilleurtest.fr/comparatif-serrure-de-porte/"">serrure de porte</a> solide et une <a href=""https://meilleurtest.fr/comparatif-camera-de-surveillance-guide/"">caméra de surveillance</a>. Ce guide comparatif vous aidera à choisir le meilleur coffre-fort pour votre maison."
"37420";"Un coffre-fort électronique s'ouvrira d'une simple saisie de code ou d'une empreinte digitale, plus pratique qu'un modèle à clé. Il conviendra aussi bien pour un <a href=""https://meilleurtest.fr/comparatif-coffre-fort-pour-maison/"">usage domestique</a> que professionnel. Retrouvez aussi les <a href=""https://meilleurtest.fr/comparatif-coffres-forts/"">coffres-forts classiques</a> et les modèles sur <a href=""https://meilleurtest.fr/comparatif-coffre-fort-amazon/"">Amazon</a>. Complétez votre sécurité avec une <a href=""https://meilleurtest.fr/comparatif-serrure-de-porte/"">serrure renforcée</a>. Ce guide comparatif vous aidera à choisir le coffre-fort électronique le plus fiable."
"41149";"La teinture à vêtements vous permettra de redonner de l’éclat à vos textiles ou de leur offrir une couleur entièrement nouvelle. Vous compléterez cette transformation avec du <a href=""https://meilleurtest.fr/comparatif-papier-transfert-textile/"">papier transfert textile</a> pour ajouter des motifs personnalisés. Pour les retouches, une <a href=""https://meilleurtest.fr/comparatif-machine-a-coudre-electroniques/"">machine à coudre électronique</a> et de bons <a href=""https://meilleurtest.fr/comparatif-ciseaux-cranteurs-pour-couture/"">ciseaux cranteurs</a> vous seront utiles. Un <a href=""https://meilleurtest.fr/comparatif-kit-de-couture/"">kit de couture</a> finalisera votre équipement. Ce guide vous orientera vers la teinture à vêtements qui répondra à vos attentes."
"40654";"Toyota ne fabrique pas que des véhicules : la marque conçoit aussi des machines à coudre fiables et accessibles. Vous retrouverez dans sa gamme des modèles <a href=""https://meilleurtest.fr/comparatif-machine-a-coudre-electroniques/"">électroniques</a> adaptés à tous les niveaux. Vous pourrez comparer ses machines avec celles de <a href=""https://meilleurtest.fr/comparatif-machine-a-coudre-singer/"">Singer</a> ou <a href=""https://meilleurtest.fr/comparatif-machine-a-coudre-janome/"">Janome</a>, et explorer les <a href=""https://meilleurtest.fr/comparatif-machine-a-broder/"">machines à broder</a> pour aller plus loin. Ce guide vous présentera les machines à coudre Toyota les mieux adaptées à vos projets."
"40521";"Janome conçoit des machines à coudre depuis les années 1920, avec des modèles qui couvrent tous les niveaux de couture. Vous trouverez dans sa gamme des <a href=""https://meilleurtest.fr/comparatif-machine-a-coudre-electroniques/"">machines électroniques</a> avancées et des modèles orientés <a href=""https://meilleurtest.fr/comparatif-machine-a-broder/"">broderie</a>. Vous pourrez comparer ses offres avec celles de <a href=""https://meilleurtest.fr/comparatif-machine-a-coudre-toyota/"">Toyota</a> ou <a href=""https://meilleurtest.fr/comparatif-machine-a-coudre-pfaff/"">Pfaff</a>. Ce guide vous présentera les machines à coudre Janome les mieux adaptées à votre niveau et à vos projets."
"40472";"Pfaff propose des machines à coudre reconnues pour leur précision, qui satisferont aussi bien les amateurs que les professionnels. Vous pourrez explorer ses modèles <a href=""https://meilleurtest.fr/comparatif-machine-a-coudre-electroniques/"">électroniques</a> et ses fonctions de <a href=""https://meilleurtest.fr/comparatif-machine-a-broder/"">broderie</a> intégrées. Vous comparerez également ses machines avec celles de <a href=""https://meilleurtest.fr/comparatif-machine-a-coudre-singer/"">Singer</a> ou <a href=""https://meilleurtest.fr/comparatif-machine-a-coudre-husqvarna/"">Husqvarna</a> pour affiner votre sélection. Ce guide vous présentera les machines à coudre Pfaff qui correspondront à vos exigences de couture."
"40468";"Husqvarna conçoit des machines à coudre robustes qui séduiront les couturiers débutants comme les plus expérimentés. Vous pourrez comparer leurs fonctionnalités avec celles des machines <a href=""https://meilleurtest.fr/comparatif-machine-a-coudre-singer/"">Singer</a> ou <a href=""https://meilleurtest.fr/comparatif-machine-a-coudre-pfaff/"">Pfaff</a> pour affiner votre choix. Que vous visiez un modèle <a href=""https://meilleurtest.fr/comparatif-machine-a-coudre-electroniques/"">électronique</a> avancé ou une machine orientée <a href=""https://meilleurtest.fr/comparatif-machine-a-broder/"">broderie</a>, la gamme Husqvarna saura répondre à vos attentes. Ce guide vous orientera vers la machine à coudre Husqvarna idéale pour vos projets."
"40463";"Singer reste une référence incontournable dans l’univers de la couture, avec une gamme qui va des modèles d’entrée de gamme aux <a href=""https://meilleurtest.fr/comparatif-machine-a-coudre-electroniques/"">machines électroniques</a> avancées. Vous pourrez comparer ses machines avec celles de <a href=""https://meilleurtest.fr/comparatif-machine-a-coudre-janome/"">Janome</a> ou <a href=""https://meilleurtest.fr/comparatif-machine-a-coudre-husqvarna/"">Husqvarna</a> selon vos besoins. Si vous cherchez un format compact, vous trouverez aussi des <a href=""https://meilleurtest.fr/comparatif-petite-machine-a-coudre/"">petites machines à coudre</a>. Ce guide vous orientera vers la machine à coudre Singer idéale pour votre pratique."
"40166";"Avec un <a href=""https://meilleurtest.fr/comparatif-kit-de-couture/"">kit de couture</a> qui s’étoffe et des accessoires comme les <a href=""https://meilleurtest.fr/comparatif-ciseaux-cranteurs-pour-couture/"">ciseaux cranteurs</a>, un rangement adapté deviendra vite indispensable. La boîte à couture vous permettra de garder vos fournitures à portée de main, que vous travailliez sur une <a href=""https://meilleurtest.fr/comparatif-petite-machine-a-coudre/"">petite machine à coudre</a> ou une <a href=""https://meilleurtest.fr/comparatif-machine-a-coudre-electroniques/"">machine électronique</a>. Ce guide vous orientera vers la boîte à couture la mieux adaptée à vos besoins."
"39196";"Indispensables pour éviter l’effilochage des tissus, les ciseaux cranteurs vous faciliteront chaque découpe, que vous prépariez des projets sur une <a href=""https://meilleurtest.fr/comparatif-machine-a-coudre-electroniques/"">machine à coudre électronique</a> ou des créations avec du <a href=""https://meilleurtest.fr/comparatif-papier-transfert-textile/"">papier transfert textile</a>. Vous les rangerez facilement dans votre <a href=""https://meilleurtest.fr/comparatif-boite-a-couture/"">boîte à couture</a> aux côtés de votre <a href=""https://meilleurtest.fr/comparatif-kit-de-couture/"">kit de couture</a>. Ce guide vous aidera à choisir les ciseaux cranteurs les plus adaptés à vos travaux de couture."
"39186";"Que vous souhaitiez repriser un ourlet ou vous lancer dans la couture avec une <a href=""https://meilleurtest.fr/comparatif-petite-machine-a-coudre/"">petite machine à coudre</a>, un kit de couture complet vous fournira aiguilles, fils et <a href=""https://meilleurtest.fr/comparatif-ciseaux-cranteurs-pour-couture/"">ciseaux cranteurs</a> pour démarrer. Rangé dans une <a href=""https://meilleurtest.fr/comparatif-boite-a-couture/"">boîte à couture</a> pratique, il vous accompagnera jusqu’à vos premiers projets de <a href=""https://meilleurtest.fr/comparatif-machine-a-broder/"">broderie</a>. Ce guide vous présentera les kits de couture les plus complets du marché."
"38622";"Compacte et légère, la petite machine à coudre vous accompagnera partout pour vos retouches rapides. Vous n’aurez pas besoin d’une <a href=""https://meilleurtest.fr/comparatif-machine-a-coudre-electroniques/"">machine électronique</a> pour repriser un ourlet ou recoudre un bouton. Rangée dans une <a href=""https://meilleurtest.fr/comparatif-boite-a-couture/"">boîte à couture</a> avec votre <a href=""https://meilleurtest.fr/comparatif-kit-de-couture/"">kit de couture</a> et vos <a href=""https://meilleurtest.fr/comparatif-ciseaux-cranteurs-pour-couture/"">ciseaux cranteurs</a>, elle deviendra un outil indispensable au quotidien. Ce guide vous présentera les petites machines à coudre les plus adaptées à vos besoins."
"38564";"La machine à coudre électronique vous offrira des points programmables et un contrôle précis pour chaque projet, du simple ourlet à la confection de vêtements. Vous pourrez évoluer vers la <a href=""https://meilleurtest.fr/comparatif-machine-a-broder/"">broderie</a> ou débuter avec une <a href=""https://meilleurtest.fr/comparatif-petite-machine-a-coudre/"">petite machine à coudre</a> plus accessible. Vous compléterez votre atelier avec un <a href=""https://meilleurtest.fr/comparatif-kit-de-couture/"">kit de couture</a> et une <a href=""https://meilleurtest.fr/comparatif-boite-a-couture/"">boîte à couture</a> adaptée. Ce guide vous orientera vers la machine à coudre électronique idéale."
"38560";"Le papier transfert textile vous permettra de personnaliser vos vêtements en y imprimant des images et motifs originaux. Cette technique complétera d’autres approches comme la <a href=""https://meilleurtest.fr/comparatif-teinture-a-vetements/"">teinture à vêtements</a>. Vous l’associerez à une <a href=""https://meilleurtest.fr/comparatif-machine-a-coudre-electroniques/"">machine à coudre électronique</a> ou à une <a href=""https://meilleurtest.fr/comparatif-machine-a-broder/"">machine à broder</a> pour soigner les finitions. Un <a href=""https://meilleurtest.fr/comparatif-kit-de-couture/"">kit de couture</a> complet vous sera aussi utile. Ce guide vous orientera vers le papier transfert textile idéal pour vos créations."
"37994";"La machine à broder vous permettra de réaliser des motifs complexes, bien au-delà des coutures droites d’une <a href=""https://meilleurtest.fr/comparatif-machine-a-coudre-electroniques/"">machine à coudre électronique</a> ou d’une <a href=""https://meilleurtest.fr/comparatif-petite-machine-a-coudre/"">petite machine à coudre</a>. Associée à du <a href=""https://meilleurtest.fr/comparatif-papier-transfert-textile/"">papier transfert textile</a> et à un <a href=""https://meilleurtest.fr/comparatif-kit-de-couture/"">kit de couture</a> complet, elle vous ouvrira un large éventail de créations. Ce guide vous présentera les critères pour choisir la machine à broder adaptée à vos projets."
"39409";"Acheter, trader et stocker de la crypto-monnaie passera par une plateforme spécialisée, aussi appelée exchange. Sécurisez vos actifs dans un <a href=""https://meilleurtest.fr/comparatif-portefeuille-de-crypto-monnaie/"">portefeuille crypto</a> dédié et protégez votre connexion avec un <a href=""https://meilleurtest.fr/comparatif-vpn/"">VPN</a>. Comparez les frais avec ceux d'un <a href=""https://meilleurtest.fr/comparatif-pea/"">PEA</a> ou d'une <a href=""https://meilleurtest.fr/comparatif-banque-pour-investir-en-bourse/"">banque pour investir en bourse</a>. Ce guide comparatif vous aidera à choisir l'exchange le plus fiable."
"39289";"Stocker vos crypto-monnaies sur une simple <a href=""https://meilleurtest.fr/comparatif-plateforme-de-crypto-monnaie/"">plateforme d'exchange</a> vous exposera au piratage. Un portefeuille crypto (wallet) dédié gardera vos actifs hors ligne, à l'abri des failles. Comme pour un <a href=""https://meilleurtest.fr/comparatif-pea/"">PEA</a> ou une <a href=""https://meilleurtest.fr/comparatif-carte-bancaire/"">carte bancaire</a>, la sécurité restera le critère décisif. Ce guide comparatif vous aidera à choisir le wallet le plus adapté à vos besoins."
"42701";"Que vous travailliez dans la cartographie, l'agriculture ou la production vidéo, un drone professionnel vous offrira des performances supérieures à celles d'un <a href=""""https://meilleurtest.fr/comparatif-drone/"""">drone classique</a>. Ce guide vous présentera les modèles les plus aboutis, avec des capteurs haute résolution et une stabilisation avancée. Vous y trouverez aussi des conseils pour orienter votre choix vers un <a href=""""https://meilleurtest.fr/comparatif-drone-photo/"""">drone photo</a> ou un <a href=""""https://meilleurtest.fr/comparatif-drone-suiveur/"""">drone suiveur</a> selon vos besoins professionnels."
"41281";"Piloter un drone en intérieur demandera un appareil compact, léger et résistant aux chocs. Proche du <a href=""""https://meilleurtest.fr/comparatif-mini-drone/"""">mini drone</a> par sa taille, le drone d'intérieur conviendra aussi bien aux <a href=""""https://meilleurtest.fr/comparatif-drone-pour-debutant/"""">débutants</a> qu'aux pilotes confirmés. Ce guide vous détaillera les critères essentiels pour choisir un drone d'intérieur adapté à votre espace, avec des modèles accessibles à <a href=""""https://meilleurtest.fr/comparatif-drone-pas-cher/"""">petit budget</a>."
"40402";"Le drone quadricoptère se distingue par ses quatre moteurs qui lui confèrent une stabilité remarquable en vol. Ce guide vous présentera les meilleurs modèles de quadricoptères, qu'il s'agisse d'un <a href=""""https://meilleurtest.fr/comparatif-drone-pour-debutant/"""">drone pour débutant</a> ou d'un <a href=""""https://meilleurtest.fr/comparatif-drone-professionnel/"""">drone professionnel</a>. Vous y trouverez des conseils pour orienter votre choix selon vos usages, de la <a href=""""https://meilleurtest.fr/comparatif-drone-photo/"""">photographie aérienne</a> au simple loisir, et sélectionner le bon quadricoptère."
"39461";"Se lancer dans le pilotage de drone sera plus simple avec un modèle adapté aux novices. Ce guide vous présentera les meilleurs <a href=""""https://meilleurtest.fr/comparatif-drone/"""">drones</a> pour débutant, avec des commandes intuitives et des modes d'assistance au vol. Vous y trouverez des options à <a href=""""https://meilleurtest.fr/comparatif-drone-pas-cher/"""">petit prix</a>, des <a href=""""https://meilleurtest.fr/comparatif-mini-drone/"""">mini drones</a> compacts et des conseils pour progresser rapidement dans le pilotage de votre premier drone."
"39135";"Le drone de course vous permettra de vivre des sensations fortes en vol à grande vitesse. Ce guide vous aidera à choisir un modèle performant parmi les <a href=""""https://meilleurtest.fr/comparatif-drone/"""">drones</a> disponibles, en tenant compte de la réactivité, de l'autonomie et de la qualité vidéo. Que vous soyez <a href=""""https://meilleurtest.fr/comparatif-drone-pour-debutant/"""">débutant</a> ou pilote confirmé, vous trouverez ici le drone de course adapté à votre niveau et à votre <a href=""""https://meilleurtest.fr/comparatif-drones-rapport-qualite-prix/"""">budget</a>."
"38905";"Le drone sous-marin vous ouvrira de nouvelles perspectives pour explorer les fonds aquatiques. Ce guide vous présentera les meilleurs modèles capables de plonger en profondeur tout en capturant des images de qualité, à rapprocher d'une <a href=""""https://meilleurtest.fr/comparatif-gopro/"""">caméra d'action</a> ou d'une <a href=""""https://meilleurtest.fr/comparatif-cameras-ip/"""">caméra IP</a>. Que vous pratiquiez la pêche, la plongée ou la navigation, vous trouverez le <a href=""""https://meilleurtest.fr/comparatif-drone/"""">drone</a> sous-marin adapté à vos sorties."
"38705";"Acquérir un drone performant sans dépasser 200 euros sera tout à fait possible avec les bons conseils. Ce guide vous présentera les meilleurs <a href=""""https://meilleurtest.fr/comparatif-drone/"""">drones</a> dans cette gamme de prix, avec des fonctionnalités parfois proches de modèles plus onéreux. Vous y trouverez aussi des alternatives à <a href=""""https://meilleurtest.fr/comparatif-drone-a-moins-de-100-euros/"""">moins de 100 euros</a> et des conseils pour identifier le <a href=""""https://meilleurtest.fr/comparatif-drones-rapport-qualite-prix/"""">meilleur rapport qualité-prix</a> parmi les drones à moins de 200 euros."
"38447";"Piloter un drone ne nécessitera pas forcément un gros investissement. Ce guide vous présentera les meilleurs <a href=""""https://meilleurtest.fr/comparatif-drone/"""">drones</a> pas chers, avec des modèles fiables à petit prix. Vous y découvrirez des options à <a href=""""https://meilleurtest.fr/comparatif-drone-a-moins-de-100-euros/"""">moins de 100 euros</a> comme à <a href=""""https://meilleurtest.fr/comparatif-drone-a-moins-de-200-euros/"""">moins de 200 euros</a>, adaptées aux <a href=""""https://meilleurtest.fr/comparatif-drone-pour-debutant/"""">débutants</a> comme aux pilotes plus expérimentés. Suivez nos conseils pour trouver un drone pas cher qui répondra à vos attentes."
"38383";"Trouver un drone offrant le meilleur rapport qualité-prix nécessitera de comparer plusieurs critères au-delà du seul tarif. Ce guide vous présentera les <a href=""""https://meilleurtest.fr/comparatif-drone/"""">drones</a> les mieux positionnés en performance et en prix, du modèle <a href=""""https://meilleurtest.fr/comparatif-drone-pas-cher/"""">pas cher</a> au <a href=""""https://meilleurtest.fr/comparatif-drone-professionnel/"""">drone professionnel</a>. Vous y trouverez des conseils pour évaluer la qualité de fabrication, l'autonomie et la caméra, et sélectionner le drone au meilleur rapport qualité-prix."
"38038";"Un drone solide pour enfant devra résister aux chocs et se piloter facilement. Ce guide vous présentera les meilleurs modèles conçus pour les jeunes pilotes, avec des protections renforcées et des commandes simplifiées. Vous y trouverez des <a href=""""https://meilleurtest.fr/comparatif-mini-drone/"""">mini drones</a> compacts, des options <a href=""""https://meilleurtest.fr/comparatif-drone-pour-debutant/"""">pour débutant</a> et des conseils pour offrir à votre enfant un <a href=""""https://meilleurtest.fr/comparatif-drone/"""">drone</a> solide et sûr."
"38016";"La photographie aérienne prendra une toute autre dimension avec un drone photo adapté à vos ambitions. Ce guide vous présentera les meilleurs <a href=""""https://meilleurtest.fr/comparatif-drone/"""">drones</a> équipés de capteurs haute résolution et de nacelles stabilisées. Vous y trouverez des modèles allant du <a href=""""https://meilleurtest.fr/comparatif-drone-pour-debutant/"""">drone pour débutant</a> au <a href=""""https://meilleurtest.fr/comparatif-drone-professionnel/"""">drone professionnel</a>, avec des conseils pour choisir le drone photo qui sublimera vos prises de vue."
"37773";"Un drone suiveur vous accompagnera automatiquement dans vos activités grâce à la fonction de suivi GPS. Ce guide vous présentera les meilleurs modèles capables de suivre un sujet en mouvement tout en filmant. Que vous pratiquiez le sport, la <a href=""""https://meilleurtest.fr/comparatif-drone-photo/"""">photographie aérienne</a> ou la randonnée, vous trouverez ici le <a href=""""https://meilleurtest.fr/comparatif-drone/"""">drone</a> suiveur idéal. Des modèles <a href=""""https://meilleurtest.fr/comparatif-drone-professionnel/"""">professionnels</a> aux options plus accessibles, chaque pilote trouvera son drone suiveur."
"37686";"Le drone se déclinera en de nombreux modèles selon vos besoins et votre budget. Ce guide vous aidera à choisir parmi les différentes catégories, du <a href=""""https://meilleurtest.fr/comparatif-drone-pour-debutant/"""">drone pour débutant</a> au <a href=""""https://meilleurtest.fr/comparatif-drone-professionnel/"""">drone professionnel</a>, en passant par le <a href=""""https://meilleurtest.fr/comparatif-drone-photo/"""">drone photo</a> et le <a href=""""https://meilleurtest.fr/comparatif-mini-drone/"""">mini drone</a>. Vous y trouverez des conseils sur l'autonomie, la caméra et la stabilité pour sélectionner le drone adapté à vos envies."
"37502";"Découvrir le pilotage de drone sans se ruiner sera possible avec un modèle à moins de 100 euros. Ce guide vous présentera les meilleures options dans cette gamme de prix, idéales pour les <a href=""""https://meilleurtest.fr/comparatif-drone-pour-debutant/"""">débutants</a> comme pour le loisir. Vous y trouverez aussi des <a href=""""https://meilleurtest.fr/comparatif-mini-drone/"""">mini drones</a> compacts et des comparaisons avec les <a href=""""https://meilleurtest.fr/comparatif-drone-a-moins-de-200-euros/"""">drones à moins de 200 euros</a> pour bien situer votre budget drone."
"37180";"Compact et agile, le mini drone vous offrira un pilotage ludique dans un format de poche. Ce guide vous présentera les meilleurs modèles, parfaits pour voler en <a href=""""https://meilleurtest.fr/comparatif-drone-dinterieur/"""">intérieur</a> ou en extérieur. Vous y trouverez des options adaptées aux <a href=""""https://meilleurtest.fr/comparatif-drone-pour-debutant/"""">débutants</a> comme aux pilotes confirmés, avec des conseils pour choisir un mini drone performant même à <a href=""""https://meilleurtest.fr/comparatif-drone-pas-cher/"""">petit prix</a>."
"42697";"Faire installer des panneaux solaires par un professionnel certifié vous garantira un rendement optimal et une mise aux normes complète. Ce guide comparera les meilleurs installateurs selon leurs certifications, tarifs et garanties. Vous découvrirez comment coupler votre installation avec un <a href=""""https://meilleurtest.fr/comparatif-kit-solaire-autoconsommation/"""">kit d'autoconsommation</a>, une <a href=""""https://meilleurtest.fr/comparatif-batterie-pour-panneau-solaire/"""">batterie de stockage</a> ou un <a href=""""https://meilleurtest.fr/comparatif-panneau-solaire-thermique/"""">panneau thermique</a> pour tirer le meilleur parti de votre installateur solaire."
"41950";"Le panneau solaire plug-and-play vous permettra de produire votre propre électricité verte sans travaux ni compétences techniques. Il se branchera directement sur une prise et commencera à alimenter votre foyer. Ce guide comparera les modèles les plus performants, que vous cherchiez une alternative aux <a href=""""https://meilleurtest.fr/comparatif-kit-solaire-plug-and-play/"""">kits solaires prêts à l'emploi</a>, un complément à un <a href=""""https://meilleurtest.fr/comparatif-kit-solaire-autoconsommation/"""">kit d'autoconsommation</a> ou une solution couplée à une <a href=""""https://meilleurtest.fr/comparatif-batterie-pour-panneau-solaire/"""">batterie solaire</a> pour vos panneaux plug-and-play."
"41905";"Le kit solaire plug-and-play vous offrira une transition vers l'énergie verte en quelques minutes, sans travaux ni intervention professionnelle. Ce guide comparera les meilleurs kits selon leur puissance, leurs connectiques et leur rendement. Vous découvrirez aussi les différences avec un <a href=""""https://meilleurtest.fr/comparatif-kit-solaire-autoconsommation/"""">kit d'autoconsommation</a>, un <a href=""""https://meilleurtest.fr/comparatif-panneau-solaire-plug-and-play/"""">panneau plug-and-play individuel</a> et l'intérêt d'ajouter une <a href=""""https://meilleurtest.fr/comparatif-batterie-pour-panneau-solaire/"""">batterie solaire</a> à votre kit plug-and-play."
"41887";"Le kit solaire d'autoconsommation vous permettra de convertir la lumière du soleil en électricité gratuite pour alimenter votre maison. Ce guide comparera les meilleurs kits selon leur puissance, leur facilité d'installation et leur rentabilité. Vous verrez aussi comment choisir entre un <a href=""""https://meilleurtest.fr/comparatif-kit-solaire-plug-and-play/"""">kit plug-and-play</a>, un <a href=""""https://meilleurtest.fr/comparatif-kit-solaire-autonome/"""">kit autonome</a> et quand ajouter une <a href=""""https://meilleurtest.fr/comparatif-batterie-pour-panneau-solaire/"""">batterie de stockage</a> pour optimiser votre autoconsommation solaire."
"41308";"Le groupe électrogène silencieux vous assurera une alimentation de secours fiable sans les nuisances sonores des modèles classiques. Ce guide comparera les meilleurs appareils selon leur niveau sonore, leur puissance et leur autonomie. Vous découvrirez aussi les alternatives comme le <a href=""""https://meilleurtest.fr/comparatif-generateur-portable/"""">générateur portable</a>, le <a href=""""https://meilleurtest.fr/comparatif-generateur-pour-maison/"""">générateur pour maison</a> ou le <a href=""""https://meilleurtest.fr/comparatif-kit-solaire-autonome/"""">kit solaire autonome</a> pour choisir le groupe électrogène silencieux adapté à vos besoins."
"41091";"Le kit solaire autonome vous permettra de produire et stocker votre propre électricité, sans dépendre du réseau public. Ce guide comparera les meilleurs kits selon leur capacité, leur rendement et leur facilité de montage. Vous verrez aussi les différences avec un <a href=""""https://meilleurtest.fr/comparatif-kit-solaire-autoconsommation/"""">kit d'autoconsommation</a>, l'intérêt d'une <a href=""""https://meilleurtest.fr/comparatif-batterie-pour-panneau-solaire/"""">batterie solaire</a> dédiée et les options pour <a href=""""https://meilleurtest.fr/comparatif-panneau-solaire-pour-camping-car/"""">camping-car</a> afin de choisir le kit autonome idéal."
"40370";"La batterie pour panneau solaire vous permettra de stocker l'énergie produite en journée et de l'utiliser la nuit ou par temps couvert. Ce guide comparera les meilleures batteries selon leur capacité, leur durée de vie et leur compatibilité. Vous découvrirez comment les associer à un <a href=""""https://meilleurtest.fr/comparatif-kit-solaire-autoconsommation/"""">kit d'autoconsommation</a>, un <a href=""""https://meilleurtest.fr/comparatif-kit-solaire-autonome/"""">kit autonome</a> ou un <a href=""""https://meilleurtest.fr/comparatif-panneau-solaire-pour-camping-car/"""">panneau pour camping-car</a> pour rentabiliser votre batterie solaire."
"40231";"Le baromètre vous permettra de suivre l'évolution de la pression atmosphérique et d'anticiper les changements météorologiques. Ce guide comparera les meilleurs modèles selon leur précision, leur affichage et leur facilité d'utilisation. Vous découvrirez aussi comment le compléter avec une <a href=""""https://meilleurtest.fr/comparatif-station-meteo/"""">station météo</a>, une <a href=""""https://meilleurtest.fr/comparatif-station-meteo-professionnelle/"""">station professionnelle</a> ou un <a href=""""https://meilleurtest.fr/comparatif-anemometre-portable/"""">anémomètre portable</a> pour obtenir des prévisions fiables grâce à votre baromètre."
"40152";"Le groupe électrogène pour maison vous garantira une alimentation électrique continue en cas de coupure du réseau. Ce guide comparera les meilleurs modèles selon leur puissance, leur consommation et leur fiabilité. Vous découvrirez aussi les variantes comme le <a href=""""https://meilleurtest.fr/comparatif-groupe-electrogene-silencieux/"""">groupe électrogène silencieux</a>, le <a href=""""https://meilleurtest.fr/comparatif-generateur-pour-maison/"""">générateur domestique</a> et le <a href=""""https://meilleurtest.fr/comparatif-kit-solaire-autonome/"""">kit solaire autonome</a> pour sécuriser votre maison avec le bon groupe électrogène."
"40113";"L'anémomètre portable vous permettra de mesurer la vitesse et la direction du vent avec précision, que vous soyez en extérieur ou sur un chantier. Ce guide comparera les meilleurs modèles selon leur précision, leur robustesse et leurs fonctions annexes. Vous verrez aussi comment le coupler avec un <a href=""""https://meilleurtest.fr/comparatif-barometre/"""">baromètre</a>, une <a href=""""https://meilleurtest.fr/comparatif-station-meteo/"""">station météo</a> ou une <a href=""""https://meilleurtest.fr/comparatif-station-meteo-professionnelle/"""">station professionnelle</a> pour compléter vos mesures avec un anémomètre portable fiable."
"39873";"Le chargeur solaire portable vous permettra d'alimenter vos appareils mobiles partout où le soleil brille, sans dépendre du réseau électrique. Ce guide comparera les meilleurs modèles selon leur puissance, leur poids et leur compatibilité. Vous découvrirez aussi les solutions complémentaires comme les <a href=""""https://meilleurtest.fr/comparatif-panneaux-solaires-portables/"""">panneaux solaires portables</a>, les <a href=""""https://meilleurtest.fr/comparatif-batterie-pour-panneau-solaire/"""">batteries solaires</a> et les <a href=""""https://meilleurtest.fr/comparatif-lampe-solaire/"""">lampes solaires</a> pour profiter pleinement de votre chargeur solaire en déplacement."
"39619";"Le générateur pour maison vous assurera une alimentation électrique de secours fiable lors des coupures prolongées. Ce guide comparera les meilleurs modèles selon leur puissance, leur type de carburant et leur durabilité. Vous découvrirez aussi les différences avec un <a href=""""https://meilleurtest.fr/comparatif-groupe-electrogene-pour-maison/"""">groupe électrogène domestique</a>, un <a href=""""https://meilleurtest.fr/comparatif-groupe-electrogene-silencieux/"""">modèle silencieux</a> ou un <a href=""""https://meilleurtest.fr/comparatif-generateur-portable/"""">générateur portable</a> pour trouver le générateur pour maison qui répondra à vos besoins."
"39405";"Le générateur portable vous fournira du courant fiable lors de vos déplacements, campings ou coupures de réseau. Ce guide comparera les meilleurs modèles selon leur puissance, leur poids et leur autonomie. Vous découvrirez aussi les alternatives comme le <a href=""""https://meilleurtest.fr/comparatif-groupe-electrogene-silencieux/"""">groupe électrogène silencieux</a>, le <a href=""""https://meilleurtest.fr/comparatif-generateur-pour-maison/"""">générateur domestique</a> et le <a href=""""https://meilleurtest.fr/comparatif-chargeur-solaire-portable/"""">chargeur solaire portable</a> pour choisir le générateur portable adapté à chaque situation."
"38900";"Le panneau solaire pour camping-car vous permettra de voyager en toute autonomie en produisant votre propre électricité sur la route. Ce guide comparera les meilleurs modèles selon leur rendement, leur format et leur résistance. Vous verrez aussi comment les coupler avec une <a href=""""https://meilleurtest.fr/comparatif-batterie-pour-panneau-solaire/"""">batterie solaire</a>, un <a href=""""https://meilleurtest.fr/comparatif-kit-solaire-autonome/"""">kit autonome</a> ou un <a href=""""https://meilleurtest.fr/comparatif-chargeur-solaire-portable/"""">chargeur portable</a> pour équiper au mieux votre camping-car en panneaux solaires."
"38708";"Le panneau solaire thermique vous permettra de chauffer l'eau de votre maison grâce à l'énergie du soleil, en réduisant votre empreinte carbone. Ce guide comparera les meilleurs modèles selon leur rendement, leur surface et leur durabilité. Vous découvrirez aussi comment les associer à un <a href=""""https://meilleurtest.fr/comparatif-chauffe-eaux-solaire/"""">chauffe-eau solaire</a>, un <a href=""""https://meilleurtest.fr/comparatif-chauffe-eau-thermodynamique/"""">chauffe-eau thermodynamique</a> ou un <a href=""""https://meilleurtest.fr/comparatif-installateur-de-panneaux-solaires/"""">installateur certifié</a> pour optimiser vos panneaux solaires thermiques."
"37798";"Le chauffe-eau solaire vous permettra de produire votre eau chaude sanitaire grâce à l'énergie du soleil et de réduire votre facture jusqu'à 75 %. Ce guide comparera les meilleurs modèles selon leur capacité, leur rendement et leur facilité d'entretien. Vous verrez aussi les liens avec les <a href=""""https://meilleurtest.fr/comparatif-panneau-solaire-thermique/"""">panneaux thermiques</a>, le <a href=""""https://meilleurtest.fr/comparatif-chauffe-eau-thermodynamique/"""">chauffe-eau thermodynamique</a> et le <a href=""""https://meilleurtest.fr/comparatif-chauffe-eau-electrique/"""">chauffe-eau électrique</a> pour choisir le meilleur chauffe-eau solaire."
"37212";"Le panneau solaire portable vous offrira une source d'énergie renouvelable lors de vos déplacements, randonnées ou escapades en plein air. Ce guide comparera les meilleurs modèles selon leur puissance, leur poids et leur maniabilité. Vous découvrirez aussi les solutions complémentaires comme le <a href=""""https://meilleurtest.fr/comparatif-chargeur-solaire-portable/"""">chargeur solaire portable</a>, le <a href=""""https://meilleurtest.fr/comparatif-panneau-solaire-pour-camping-car/"""">panneau pour camping-car</a> et la <a href=""""https://meilleurtest.fr/comparatif-batterie-pour-panneau-solaire/"""">batterie solaire</a> pour tirer le meilleur parti de vos panneaux solaires portables."
"42730";"Si vous cherchez une méthode d'épilation rapide et sans chauffage, les bandes de cire froide constitueront une solution idéale. Contrairement à la <a href=""""https://meilleurtest.fr/comparatif-cire-a-epiler/"""">cire à épiler</a> traditionnelle, elles seront prêtes à l'emploi. Vous obtiendrez une peau lisse plus longtemps qu'avec une <a href=""""https://meilleurtest.fr/comparatif-creme-depilatoire/"""">crème dépilatoire</a> ou un <a href=""""https://meilleurtest.fr/comparatif-rasoir-pour-femme/"""">rasoir</a>. Ce guide vous aidera à choisir les meilleures bandes de cire froide selon votre type de peau."
"42532";"Pour une épilation nette du maillot intégral, le choix de l'appareil fera toute la différence. Un <a href=""""https://meilleurtest.fr/comparatif-epilateur-electrique/"""">épilateur électrique</a> adapté à cette zone vous offrira confort et efficacité, avec des résultats plus durables qu'un <a href=""""https://meilleurtest.fr/comparatif-rasoir-maillot-pour-femme/"""">rasoir maillot</a>. Vous éviterez aussi les irritations liées aux <a href=""""https://meilleurtest.fr/comparatif-creme-depilatoire-zone-intime-pour-les-femmes/"""">crèmes dépilatoires zone intime</a>. Ce guide vous orientera vers les meilleurs épilateurs maillot intégral du moment."
"42097";"L'épilation des zones intimes nécessite des soins adaptés. La crème dépilatoire zone intime pour homme offrira une solution indolore, plus douce qu'un rasage. Contrairement à une <a href=""""https://meilleurtest.fr/comparatif-creme-depilatoire-pour-homme/"""">crème dépilatoire pour homme</a> classique, ces formules respecteront les peaux sensibles de cette zone. Consultez aussi les <a href=""""https://meilleurtest.fr/comparatif-creme-depilatoire-zone-intime-pour-les-femmes/"""">crèmes zone intime pour femmes</a> ou notre guide des <a href=""""https://meilleurtest.fr/comparatif-creme-depilatoire/"""">crèmes dépilatoires</a> pour trouver la meilleure crème dépilatoire zone intime pour homme."
"42092";"Pour une épilation douce de la zone intime, la crème dépilatoire sera votre meilleure alliée. Vous éviterez les coupures d'un <a href=""""https://meilleurtest.fr/comparatif-rasoir-maillot-pour-femme/"""">rasoir maillot</a> et l'inconfort de la <a href=""""https://meilleurtest.fr/comparatif-cire-a-epiler/"""">cire à épiler</a> sur cette zone sensible. Plus ciblée qu'une <a href=""""https://meilleurtest.fr/comparatif-creme-depilatoire/"""">crème dépilatoire</a> classique, elle respectera les peaux fragiles. Ce guide vous orientera vers la meilleure crème dépilatoire zone intime pour femme."
"41910";"Si vous recherchez des résultats d'épilation durables avec une puissance accrue, l'épilateur laser professionnel répondra à vos attentes. Plus performant qu'un <a href=""""https://meilleurtest.fr/comparatif-epilateur-laser/"""">épilateur laser</a> grand public ou qu'un <a href=""""https://meilleurtest.fr/comparatif-epilateur-a-lumiere-pulsee/"""">épilateur à lumière pulsée</a>, il vous rapprochera d'une <a href=""""https://meilleurtest.fr/comparatif-epilateur-definitif/"""">épilation définitive</a>. Ce guide vous présentera les meilleurs épilateurs laser professionnels pour investir dans un appareil performant."
"41302";"La cire roll-on simplifiera votre routine d'épilation grâce à son application uniforme et rapide. Vous obtiendrez des résultats proches d'une <a href=""""https://meilleurtest.fr/comparatif-cire-a-epiler/"""">cire à épiler</a> traditionnelle, avec moins de préparation. Contrairement à la <a href=""""https://meilleurtest.fr/comparatif-cire-en-billes/"""">cire en billes</a>, elle ne nécessitera pas d'<a href=""""https://meilleurtest.fr/comparatif-appareil-a-cire-chaude/"""">appareil à cire chaude</a> séparé. Ce guide vous aidera à choisir la meilleure cire roll-on adaptée à vos besoins."
"41237";"La cire en billes offrira une épilation précise et peu douloureuse sur toutes les zones du corps. Facile à doser, elle se préchauffera dans un <a href=""""https://meilleurtest.fr/comparatif-appareil-a-cire-chaude/"""">appareil à cire chaude</a> et s'appliquera sans bande. Plus polyvalente qu'une <a href=""""https://meilleurtest.fr/comparatif-cire-roll-on/"""">cire roll-on</a> et plus douce qu'une <a href=""""https://meilleurtest.fr/comparatif-cire-a-epiler/"""">cire à épiler</a> classique, elle conviendra aux peaux sensibles. Ce guide vous orientera vers les meilleures cires en billes."
"41228";"Braun propose une gamme d'épilateurs électriques réputée pour son efficacité et sa douceur. Un <a href=""""https://meilleurtest.fr/comparatif-epilateur-electrique/"""">épilateur électrique</a> Braun vous permettra de retirer les poils à la racine pour un résultat durable. Si vous craignez l'inconfort, certains modèles rejoindront la catégorie des <a href=""""https://meilleurtest.fr/comparatif-epilateur-sans-douleur-2/"""">épilateurs sans douleur</a>. Pour une épilation permanente, envisagez un <a href=""""https://meilleurtest.fr/comparatif-epilateur-a-lumiere-pulsee/"""">épilateur à lumière pulsée</a>. Ce guide vous présentera les meilleurs épilateurs électriques Braun."
"41199";"La peau du visage étant particulièrement sensible, le choix d'une crème dépilatoire visage mérite une attention particulière. Vous retirerez duvet et poils indésirables sans l'irritation d'un <a href=""""https://meilleurtest.fr/comparatif-rasoir-pour-femme/"""">rasoir</a> et sans la douleur d'une <a href=""""https://meilleurtest.fr/comparatif-cires-a-epiler-visage/"""">cire à épiler visage</a>. Plus douce qu'une <a href=""""https://meilleurtest.fr/comparatif-creme-depilatoire/"""">crème dépilatoire</a> classique, elle respectera les zones fragiles. Ce guide vous orientera vers la meilleure crème dépilatoire visage."
"41189";"Le rasoir jetable pour femme restera la solution la plus pratique pour une épilation rapide en voyage ou au quotidien. Plus accessible qu'un <a href=""""https://meilleurtest.fr/comparatif-rasoir-pour-femme/"""">rasoir pour femme</a> rechargeable, il vous offrira un rasage net sur les jambes et les aisselles. Pour la zone du maillot, un <a href=""""https://meilleurtest.fr/comparatif-rasoir-maillot-pour-femme/"""">rasoir maillot dédié</a> conviendra mieux. Consultez aussi les <a href=""""https://meilleurtest.fr/comparatif-epilateur-sans-douleur-2/"""">épilateurs sans douleur</a> si vous souhaitez une alternative. Ce guide vous présentera les meilleurs rasoirs jetables pour femme."
"39721";"La cire à épiler visage permettra de retirer les poils indésirables de la lèvre supérieure, du menton ou des sourcils avec précision. Formulée pour les peaux délicates, elle offrira un résultat plus durable qu'une <a href=""""https://meilleurtest.fr/comparatif-creme-depilatoire-visage/"""">crème dépilatoire visage</a>. Vous pourrez opter pour une <a href=""""https://meilleurtest.fr/comparatif-bande-de-cire-froide/"""">bande de cire froide</a> prête à l'emploi ou une <a href=""""https://meilleurtest.fr/comparatif-cire-a-epiler/"""">cire à épiler</a> chaude. Ce guide vous aidera à trouver la meilleure cire à épiler visage."
"39413";"La crème dépilatoire offrira une méthode d'épilation indolore et rapide, adaptée à de nombreuses zones du corps. Vous obtiendrez une peau lisse sans les coupures d'un <a href=""""https://meilleurtest.fr/comparatif-rasoir-pour-femme/"""">rasoir</a> et sans l'inconfort d'une <a href=""""https://meilleurtest.fr/comparatif-cire-a-epiler/"""">cire à épiler</a>. Pour le visage, des formules spécifiques comme la <a href=""""https://meilleurtest.fr/comparatif-creme-depilatoire-visage/"""">crème dépilatoire visage</a> seront plus adaptées. Ce guide vous présentera les meilleures crèmes dépilatoires pour tous les types de peau."
"39357";"L'épilateur laser vous permettra de réduire la pilosité de manière progressive grâce à une technologie ciblant le bulbe du poil. Plus précis qu'un <a href=""""https://meilleurtest.fr/comparatif-epilateur-a-lumiere-pulsee/"""">épilateur à lumière pulsée</a>, il vous rapprochera d'une <a href=""""https://meilleurtest.fr/comparatif-epilateur-definitif/"""">épilation définitive</a>. Pour une puissance supérieure, vous pourrez opter pour un <a href=""""https://meilleurtest.fr/comparatif-epilateur-laser-professionnel/"""">épilateur laser professionnel</a>. Ce guide vous orientera vers les meilleurs épilateurs laser adaptés à votre peau."
"39193";"L'appareil à cire chaude vous permettra de réaliser votre épilation à domicile avec des résultats dignes d'un institut. Il chauffera la <a href=""""https://meilleurtest.fr/comparatif-cire-a-epiler/"""">cire à épiler</a> ou la <a href=""""https://meilleurtest.fr/comparatif-cire-en-billes/"""">cire en billes</a> à la température idéale pour une application confortable. Les professionnels se tourneront vers un <a href=""""https://meilleurtest.fr/comparatif-chauffe-cires-professionnel/"""">chauffe-cire professionnel</a> plus puissant. Ce guide vous aidera à trouver le meilleur appareil à cire chaude."
"38772";"L'épilateur définitif représentera la solution pour en finir avec la repousse des poils. Grâce à la technologie laser ou lumière pulsée, vous réduirez progressivement la pilosité sur toutes les zones du corps. Plus radical qu'un <a href=""""https://meilleurtest.fr/comparatif-epilateur-electrique/"""">épilateur électrique</a>, il offrira des résultats comparables à un <a href=""""https://meilleurtest.fr/comparatif-epilateur-laser/"""">épilateur laser</a> ou un <a href=""""https://meilleurtest.fr/comparatif-epilateur-a-lumiere-pulsee/"""">épilateur à lumière pulsée</a>. Ce guide vous présentera les meilleurs épilateurs définitifs pour votre peau."
"38605";"Le rasoir maillot pour femme vous permettra d'entretenir la zone bikini avec précision et sans douleur. Plus rapide qu'un <a href=""""https://meilleurtest.fr/comparatif-epilateur-maillot-integral/"""">épilateur maillot intégral</a> et moins irritant qu'une <a href=""""https://meilleurtest.fr/comparatif-creme-depilatoire-zone-intime-pour-les-femmes/"""">crème dépilatoire zone intime</a>, il conviendra pour un entretien régulier. Pour le reste du corps, un <a href=""""https://meilleurtest.fr/comparatif-rasoir-pour-femme/"""">rasoir pour femme</a> classique sera plus adapté. Ce guide vous aidera à choisir le meilleur rasoir maillot pour femme."
"38549";"La crème dépilatoire pour homme simplifiera l'épilation du torse, du dos et des jambes en quelques minutes. Vous obtiendrez une peau lisse sans rasoir, avec une repousse plus douce. Pour les zones intimes, des formules spécifiques comme la <a href=""""https://meilleurtest.fr/comparatif-creme-depilatoire-zone-intime-pour-les-hommes/"""">crème dépilatoire zone intime pour homme</a> seront préférables. Consultez aussi les <a href=""""https://meilleurtest.fr/comparatif-creme-depilatoire/"""">crèmes dépilatoires</a> mixtes ou la <a href=""""https://meilleurtest.fr/comparatif-creme-depilatoire-visage/"""">crème dépilatoire visage</a>. Ce guide vous orientera vers la meilleure crème dépilatoire pour homme."
"38512";"Le rasoir pour femme restera l'outil d'épilation le plus accessible pour des jambes lisses au quotidien. Qu'il soit électrique ou manuel, il vous offrira un rasage rapide et sans douleur. Pour la zone bikini, un <a href=""""https://meilleurtest.fr/comparatif-rasoir-maillot-pour-femme/"""">rasoir maillot</a> sera plus adapté. Vous pourrez aussi opter pour un <a href=""""https://meilleurtest.fr/comparatif-rasoir-jetable-pour-femme/"""">rasoir jetable</a> en déplacement ou un <a href=""""https://meilleurtest.fr/comparatif-epilateur-electrique/"""">épilateur électrique</a> pour un résultat plus durable. Ce guide vous présentera les meilleurs rasoirs pour femme."
"38361";"La cire à épiler restera la méthode la plus efficace pour retirer les poils à la racine et ralentir leur repousse. Vous pourrez choisir entre une <a href=""""https://meilleurtest.fr/comparatif-cire-orientale/"""">cire orientale</a> naturelle, une <a href=""""https://meilleurtest.fr/comparatif-cire-en-billes/"""">cire en billes</a> à doser ou des <a href=""""https://meilleurtest.fr/comparatif-bande-de-cire-froide/"""">bandes de cire froide</a> prêtes à l'emploi. Un <a href=""""https://meilleurtest.fr/comparatif-appareil-a-cire-chaude/"""">appareil à cire chaude</a> facilitera la préparation. Ce guide vous aidera à choisir la meilleure cire à épiler pour votre type de peau."
"38189";"Le chauffe-cire professionnel vous apportera une puissance et une capacité supérieures pour gérer de gros volumes d'épilation. Contrairement à un <a href=""""https://meilleurtest.fr/comparatif-appareil-a-cire-chaude/"""">appareil à cire chaude</a> classique, il maintiendra la <a href=""""https://meilleurtest.fr/comparatif-cire-a-epiler/"""">cire à épiler</a> ou la <a href=""""https://meilleurtest.fr/comparatif-cire-en-billes/"""">cire en billes</a> à température constante pendant toute la séance. Ce guide vous orientera vers les meilleurs chauffe-cires professionnels pour un usage intensif."
"37691";"L'épilateur électrique vous offrira une épilation efficace et durable, en retirant les poils à la racine dès la première utilisation. Si vous redoutez l'inconfort, les <a href=""""https://meilleurtest.fr/comparatif-epilateur-sans-douleur-2/"""">épilateurs sans douleur</a> vous rassureront. Pour une réduction permanente, un <a href=""""https://meilleurtest.fr/comparatif-epilateur-a-lumiere-pulsee/"""">épilateur à lumière pulsée</a> complètera votre routine. L'appareil conviendra aussi pour le <a href=""""https://meilleurtest.fr/comparatif-epilateur-maillot-integral/"""">maillot intégral</a>. Ce guide vous présentera les meilleurs épilateurs électriques du moment."
"37452";"L'épilateur à lumière pulsée vous permettra de réduire progressivement la pilosité grâce à des flashs lumineux ciblant le bulbe du poil. Moins coûteux qu'un <a href=""""https://meilleurtest.fr/comparatif-epilateur-laser/"""">épilateur laser</a>, il vous rapprochera d'une <a href=""""https://meilleurtest.fr/comparatif-epilateur-definitif/"""">épilation définitive</a> depuis chez vous. Si vous préférez un résultat immédiat, un <a href=""""https://meilleurtest.fr/comparatif-epilateur-electrique/"""">épilateur électrique</a> complètera votre routine. Ce guide vous orientera vers les meilleurs épilateurs à lumière pulsée."
"37448";"Si l'épilation vous fait redouter la douleur, l'épilateur sans douleur changera votre expérience. Grâce à des technologies de réduction de la sensation, vous retirerez les poils en douceur. Plus durable qu'une <a href=""""https://meilleurtest.fr/comparatif-creme-depilatoire/"""">crème dépilatoire</a>, il complètera un <a href=""""https://meilleurtest.fr/comparatif-epilateur-electrique/"""">épilateur électrique</a> classique. Pour des résultats progressifs, un <a href=""""https://meilleurtest.fr/comparatif-epilateur-a-lumiere-pulsee/"""">épilateur à lumière pulsée</a> sera aussi envisageable. Ce guide vous aidera à trouver le meilleur épilateur sans douleur."
"37288";"La cire orientale vous séduira par sa composition naturelle à base de sucre, de citron et d'eau. Elle retirera les poils à la racine pour une peau douce et une repousse ralentie. Plus respectueuse des peaux sensibles qu'une <a href=""""https://meilleurtest.fr/comparatif-cire-a-epiler/"""">cire à épiler</a> classique, elle ne nécessitera ni <a href=""""https://meilleurtest.fr/comparatif-cire-en-billes/"""">cire en billes</a> ni <a href=""""https://meilleurtest.fr/comparatif-appareil-a-cire-chaude/"""">appareil à cire chaude</a>. Ce guide vous présentera les meilleures cires orientales."
"37989";"En salle comme en falaise, les chaussons d'escalade feront la différence sur chaque prise. Précision, adhérence et confort dépendront de la forme (cambrée ou plate) et du serrage (lacets, velcro ou ballerine). Emportez-les dans un <a href=""https://meilleurtest.fr/comparatif-sac-de-randonnee-50l/"">sac de randonnée</a>, avec une <a href=""https://meilleurtest.fr/comparatif-gourde-isotherme/"">gourde isotherme</a> et de bonnes <a href=""https://meilleurtest.fr/comparatif-chaussures-de-randonnee/"">chaussures de randonnée</a> pour l'approche. Ce guide comparatif vous aidera à trouver la paire idéale."
"42622";"Vos crampons de foot détermineront votre accroche et votre réactivité sur le terrain. Ce guide comparatif évaluera les modèles selon leur type de semelle, leur confort et leur légèreté. Retrouvez aussi nos comparatifs de <a href=""https://meilleurtest.fr/comparatif-chaussures-de-football/"">chaussures de football</a>, de <a href=""https://meilleurtest.fr/comparatif-ballon-de-football/"">ballons de football</a> et de <a href=""https://meilleurtest.fr/comparatif-gant-garden-de-but/"">gants de gardien de but</a> pour choisir les crampons de foot adaptés à votre terrain."
"42075";"Vos chaussures de foot pour terrain synthétique vous assureront une accroche optimale sur les surfaces artificielles. Ce guide comparatif analysera les modèles selon leur semelle, leur amorti et leur résistance à l'abrasion. Consultez aussi nos sélections de <a href=""https://meilleurtest.fr/comparatif-crampons-de-foot/"">crampons de foot</a>, de <a href=""https://meilleurtest.fr/comparatif-chaussures-de-football/"">chaussures de football</a> et de <a href=""https://meilleurtest.fr/comparatif-ballon-de-football/"">ballons de football</a> pour trouver les chaussures de foot pour synthétique idéales."
"41128";"Vos chaussures de futsal vous offriront adhérence et réactivité sur le parquet de la salle. Ce guide comparatif passera en revue les modèles selon leur semelle plate, leur amorti et leur maintien latéral. Découvrez aussi nos guides sur les <a href=""https://meilleurtest.fr/comparatif-chaussures-de-football/"">chaussures de football</a>, les <a href=""https://meilleurtest.fr/comparatif-ballon-de-football/"">ballons de football</a> et les <a href=""https://meilleurtest.fr/comparatif-crampons-de-foot/"">crampons de foot</a> pour accompagner votre choix de chaussures de futsal."
"37729";"Vos gants de gardien de but protégeront vos mains et amélioreront votre prise de balle lors des arrêts. Ce guide comparatif évaluera les modèles selon leur grip, leur coupe et leur amorti. Parcourez aussi nos sélections de <a href=""https://meilleurtest.fr/comparatif-ballon-de-football/"">ballons de football</a>, de <a href=""https://meilleurtest.fr/comparatif-chaussures-de-football/"">chaussures de football</a> et de <a href=""https://meilleurtest.fr/comparatif-crampons-de-foot/"">crampons de foot</a> pour compléter votre équipement avec les bons gants de gardien de but."
"37714";"Vos chaussures de football influenceront votre toucher de balle et votre vitesse de déplacement sur le terrain. Ce guide comparatif analysera les modèles selon leur tige, leur semelle et leur confort. Retrouvez aussi nos comparatifs de <a href=""https://meilleurtest.fr/comparatif-crampons-de-foot/"">crampons de foot</a>, de <a href=""https://meilleurtest.fr/comparatif-ballon-de-football/"">ballons de football</a> et de <a href=""https://meilleurtest.fr/comparatif-gant-garden-de-but/"">gants de gardien de but</a> pour trouver les chaussures de football qui vous correspondront."
"37634";"Votre ballon de football déterminera la qualité de vos passes et la précision de vos frappes à l'entraînement comme en match. Ce guide comparatif passera en revue les modèles selon leur revêtement, leur rebond et leur résistance. Consultez aussi nos guides sur les <a href=""https://meilleurtest.fr/comparatif-chaussures-de-football/"">chaussures de football</a>, les <a href=""https://meilleurtest.fr/comparatif-crampons-de-foot/"">crampons de foot</a> et les <a href=""https://meilleurtest.fr/comparatif-gant-garden-de-but/"">gants de gardien de but</a> pour accompagner votre choix de ballon de football."
"37784";"Changer de fournisseur d'énergie vous permettra de réduire votre facture tout en accédant à des offres vertes. Associez ce choix à un <a href=""https://meilleurtest.fr/comparatif-thermostat-programmable/"">thermostat programmable</a> ou à un <a href=""https://meilleurtest.fr/comparatif-panneau-solaire-plug-and-play/"">panneau solaire plug-and-play</a> pour maximiser les économies. En complément, un <a href=""https://meilleurtest.fr/comparatif-chauffage-dappoint-electrique/"">chauffage d'appoint</a> performant réduira encore la consommation. Ce guide comparatif vous aidera à choisir le fournisseur le plus adapté à vos besoins."
"41097";"Votre sac de golf organisera vos clubs, vos balles et vos accessoires pour chaque parcours. Ce guide comparatif évaluera les modèles selon leur capacité, leur poids et leur résistance. Retrouvez aussi nos comparatifs de <a href=""https://meilleurtest.fr/comparatif-set-de-clubs-de-golf/"">sets de clubs de golf</a>, de <a href=""https://meilleurtest.fr/comparatif-chariot-de-golf/"">chariots de golf</a> et de <a href=""https://meilleurtest.fr/comparatif-chaussure-de-golf/"">chaussures de golf</a> pour choisir le sac de golf adapté à votre pratique."
"39578";"Vos chaussures de golf vous assureront une bonne stabilité et une accroche optimale sur le green. Ce guide comparatif analysera les modèles selon leur confort, leur imperméabilité et leur adhérence. Consultez également nos sélections de <a href=""https://meilleurtest.fr/comparatif-sac-de-golf/"">sacs de golf</a>, de <a href=""https://meilleurtest.fr/comparatif-set-de-clubs-de-golf/"">sets de clubs de golf</a> et de <a href=""https://meilleurtest.fr/comparatif-balles-de-golf/"">balles de golf</a> pour accompagner votre choix de chaussures de golf."
"39124";"Votre chariot de golf facilitera le transport de votre sac sur le parcours sans fatiguer votre dos. Ce guide comparatif passera en revue les modèles selon leur maniabilité, leur poids plié et leur solidité. Découvrez aussi nos guides sur les <a href=""https://meilleurtest.fr/comparatif-sac-de-golf/"">sacs de golf</a>, les <a href=""https://meilleurtest.fr/comparatif-chariot-de-golf-3-roues/"">chariots de golf 3 roues</a> et les <a href=""https://meilleurtest.fr/comparatif-chaussure-de-golf/"">chaussures de golf</a> pour trouver le chariot de golf idéal."
"38972";"Vos balles de golf influenceront la distance de vos drives et la précision de vos approches. Ce guide comparatif évaluera les modèles selon leur construction, leur spin et leur toucher. Parcourez aussi nos comparatifs de <a href=""https://meilleurtest.fr/comparatif-set-de-clubs-de-golf/"">sets de clubs de golf</a>, de <a href=""https://meilleurtest.fr/comparatif-sac-de-golf/"">sacs de golf</a> et de <a href=""https://meilleurtest.fr/comparatif-montre-gps-pour-le-golf/"">montres GPS pour le golf</a> pour optimiser votre jeu avec les bonnes balles de golf."
"38919";"Votre chariot de golf 3 roues combinera légèreté et stabilité pour un parcours sans effort. Ce guide comparatif analysera les modèles selon leur système de pliage, leur maniabilité et leur espace de rangement. Retrouvez aussi nos sélections de <a href=""https://meilleurtest.fr/comparatif-chariot-de-golf/"">chariots de golf</a>, de <a href=""https://meilleurtest.fr/comparatif-sac-de-golf/"">sacs de golf</a> et de <a href=""https://meilleurtest.fr/comparatif-balles-de-golf/"">balles de golf</a> pour compléter votre équipement avec le bon chariot de golf 3 roues."
"37204";"Votre set de clubs de golf réunira tous les fers, bois et putter nécessaires pour débuter ou progresser sur le parcours. Ce guide comparatif évaluera les ensembles selon leur composition, leur tolérance et leur rapport qualité-prix. Consultez aussi nos guides sur les <a href=""https://meilleurtest.fr/comparatif-sac-de-golf/"">sacs de golf</a>, les <a href=""https://meilleurtest.fr/comparatif-balles-de-golf/"">balles de golf</a> et les <a href=""https://meilleurtest.fr/comparatif-chaussure-de-golf/"">chaussures de golf</a> pour compléter votre set de clubs de golf."
"41210";"Votre imprimante 3D professionnelle produira des pièces précises et répétables pour le prototypage ou la petite série. Ce guide comparatif évaluera les modèles selon leur volume d'impression, leur résolution et leur fiabilité. Consultez aussi nos sélections d'<a href=""https://meilleurtest.fr/comparatif-imprimante-3d-resine/"">imprimantes 3D résine</a>, d'<a href=""https://meilleurtest.fr/comparatif-imprimante-3d-metal/"">imprimantes 3D métal</a> et d'<a href=""https://meilleurtest.fr/comparatif-imprimante-3d/"">imprimantes 3D</a> pour trouver l'imprimante 3D professionnelle adaptée à votre atelier."
"40287";"Votre stylo 3D rapport qualité-prix vous permettra de dessiner en relief sans investir dans une imprimante complète. Ce guide comparatif analysera les modèles selon leur fluidité d'extrusion, leur ergonomie et leur compatibilité de filaments. Retrouvez aussi nos comparatifs de <a href=""https://meilleurtest.fr/comparatif-stylo-3d/"">stylos 3D</a>, d'<a href=""https://meilleurtest.fr/comparatif-imprimante-3d-pas-chere/"">imprimantes 3D pas chères</a> et de <a href=""https://meilleurtest.fr/comparatif-filament-pla/"">filaments PLA</a> pour accompagner votre choix de stylo 3D au meilleur prix."
"40229";"Votre imprimante 3D métal fabriquera des pièces solides et résistantes directement à partir de poudres ou de fils métalliques. Ce guide comparatif passera en revue les modèles selon leur technologie, leur précision et leur coût d'exploitation. Découvrez aussi nos guides sur les <a href=""https://meilleurtest.fr/comparatif-imprimante-3d-professionnelle/"">imprimantes 3D professionnelles</a>, les <a href=""https://meilleurtest.fr/comparatif-imprimante-3d-resine/"">imprimantes 3D résine</a> et les <a href=""https://meilleurtest.fr/comparatif-imprimante-3d/"">imprimantes 3D</a> pour choisir l'imprimante 3D métal qui conviendra à vos besoins."
"40031";"Votre filament PLA déterminera la qualité de surface et la solidité de vos impressions 3D. Ce guide comparatif évaluera les bobines selon leur diamètre constant, leur adhérence et leur palette de couleurs. Parcourez aussi nos sélections d'<a href=""https://meilleurtest.fr/comparatif-imprimante-3d/"">imprimantes 3D</a>, d'<a href=""https://meilleurtest.fr/comparatif-imprimante-3d-pas-chere/"">imprimantes 3D pas chères</a> et d'<a href=""https://meilleurtest.fr/comparatif-imprimante-3d-resine/"">imprimantes 3D résine</a> pour accompagner votre choix de filament PLA."
"39685";"Votre imprimante 3D résine produira des détails fins impossibles à obtenir avec une imprimante à filament. Ce guide comparatif analysera les modèles selon leur résolution, leur vitesse et leur volume d'impression. Retrouvez aussi nos comparatifs d'<a href=""https://meilleurtest.fr/comparatif-imprimante-3d/"">imprimantes 3D</a>, d'<a href=""https://meilleurtest.fr/comparatif-imprimante-3d-professionnelle/"">imprimantes 3D professionnelles</a> et d'<a href=""https://meilleurtest.fr/comparatif-imprimante-3d-metal/"">imprimantes 3D métal</a> pour choisir l'imprimante 3D résine adaptée à vos projets."
"38501";"Votre imprimante 3D pas chère vous initiera à la fabrication additive sans dépasser votre budget. Ce guide comparatif passera en revue les modèles selon leur facilité de montage, leur précision et leur fiabilité. Consultez aussi nos guides sur les <a href=""https://meilleurtest.fr/comparatif-imprimante-3d/"">imprimantes 3D</a>, les <a href=""https://meilleurtest.fr/comparatif-filament-pla/"">filaments PLA</a> et les <a href=""https://meilleurtest.fr/comparatif-imprimante-3d-resine/"">imprimantes 3D résine</a> pour trouver l'imprimante 3D pas chère qui conviendra à vos débuts."
"38418";"Votre stylo 3D vous permettra de dessiner des formes en volume à main levée, pour le loisir créatif ou l'éducation. Ce guide comparatif évaluera les modèles selon leur température, leur ergonomie et leur compatibilité de filaments. Découvrez aussi nos sélections d'<a href=""https://meilleurtest.fr/comparatif-imprimante-3d-pas-chere/"">imprimantes 3D pas chères</a>, de <a href=""https://meilleurtest.fr/comparatif-filament-pla/"">filaments PLA</a> et de <a href=""https://meilleurtest.fr/comparatif-stylos-3d-rapport-qualite-prix/"">stylos 3D qualité-prix</a> pour accompagner votre choix de stylo 3D."
"37602";"Votre imprimante 3D transformera vos fichiers numériques en objets physiques, du prototype fonctionnel à la pièce décorative. Ce guide comparatif analysera les modèles selon leur volume d'impression, leur précision et leur simplicité d'utilisation. Parcourez aussi nos comparatifs d'<a href=""https://meilleurtest.fr/comparatif-imprimante-3d-resine/"">imprimantes 3D résine</a>, d'<a href=""https://meilleurtest.fr/comparatif-imprimante-3d-pas-chere/"">imprimantes 3D pas chères</a> et de <a href=""https://meilleurtest.fr/comparatif-filament-pla/"">filaments PLA</a> pour trouver l'imprimante 3D idéale."
"41395";"La queue de billard français se choisira selon votre niveau, le type de partie et le confort de prise en main. Associée à une bonne <a href=""""https://meilleurtest.fr/comparatif-table-de-billard/"""">table de billard</a>, elle fera toute la différence lors de vos sessions. Ce guide vous orientera vers les meilleures queues de billard français, un indispensable pour les amateurs de <a href=""""https://meilleurtest.fr/comparatif-jeux-de-societe-strategie/"""">jeux de stratégie</a> et de <a href=""""https://meilleurtest.fr/comparatif-carte-a-jouer/"""">cartes à jouer</a>."
"41327";"La table de billard transformera votre espace en véritable salle de jeu. Que vous pratiquiez le billard français avec une <a href=""""https://meilleurtest.fr/comparatif-queues-de-billard-francais/"""">queue adaptée</a>, l'américain ou le snooker, le choix du plateau influencera votre confort de jeu. Ce guide vous présentera les meilleures tables de billard, un investissement idéal pour les amateurs de <a href=""""https://meilleurtest.fr/comparatif-jeux-de-societe-strategie/"""">jeux de stratégie</a> et de <a href=""""https://meilleurtest.fr/comparatif-jeu-de-societe-famille/"""">jeux de société en famille</a>."
"41298";"Le puzzle 3D vous offrira un défi créatif qui va au-delà du <a href=""""https://meilleurtest.fr/comparatif-puzzle/"""">puzzle classique</a>. En bois, métal ou cristal, ces maquettes à assembler stimuleront votre patience et votre sens spatial. Ce guide vous accompagnera dans le choix du meilleur puzzle 3D, une activité aussi captivante que les <a href=""""https://meilleurtest.fr/comparatif-rubiks-cube/"""">Rubik's Cubes</a> ou les <a href=""""https://meilleurtest.fr/comparatif-jeux-de-societe-strategie/"""">jeux de stratégie</a>."
"41103";"Le Rubik's Cube reste un casse-tête incontournable pour exercer la logique et la concentration au quotidien. Que vous soyez débutant ou speedcuber confirmé, le choix du cube influencera directement votre progression et votre plaisir de jeu. Ce guide vous orientera vers les meilleurs Rubik's Cubes, un complément parfait à vos <a href=""""https://meilleurtest.fr/comparatif-puzzle/"""">puzzles</a>, <a href=""""https://meilleurtest.fr/comparatif-puzzle-3d/"""">puzzles 3D</a> et <a href=""""https://meilleurtest.fr/comparatif-jeu-dechec-electronique/"""">jeux d'échecs électroniques</a>."
"40281";"Le jeu d'échecs électronique vous permettra de progresser sans adversaire, grâce à une intelligence artificielle qui s'adaptera à votre niveau. Idéal pour les passionnés de <a href=""""https://meilleurtest.fr/comparatif-jeux-de-societe-strategie/"""">jeux de stratégie</a>, cet échiquier connecté analysera vos coups et vous proposera des défis sur mesure. Ce guide vous aidera à choisir le meilleur jeu d'échecs électronique, à découvrir aux côtés des <a href=""""https://meilleurtest.fr/comparatif-rubiks-cube/"""">Rubik's Cubes</a> et des <a href=""""https://meilleurtest.fr/comparatif-puzzle/"""">puzzles</a>."
"40253";"Le baby-foot pour enfant apportera des heures de divertissement à vos petits tout en développant leur coordination. Ce jeu convivial rassemblera toute la famille autour de parties animées, en complément des <a href=""""https://meilleurtest.fr/comparatif-jeu-de-societe-famille/"""">jeux de société en famille</a> et des <a href=""""https://meilleurtest.fr/comparatif-trampoline-enfant/"""">trampolines</a>. Ce guide vous présentera les meilleurs baby-foot pour enfant afin de trouver un modèle adapté à leur âge, parfait à ranger dans un <a href=""""https://meilleurtest.fr/comparatif-coffre-a-jouet/"""">coffre à jouet</a>."
"40208";"La dinette initiera votre enfant au jeu d'imitation en reproduisant les scènes du quotidien. Découpage de légumes, service du thé ou petite cuisine, ces jouets stimuleront l'imagination dès le plus jeune âge. Ce guide vous orientera vers les meilleures dinettes pour offrir un cadeau ludique, à compléter avec un <a href=""""https://meilleurtest.fr/comparatif-coffre-a-jouet/"""">coffre à jouet</a>, un <a href=""""https://meilleurtest.fr/comparatif-toboggan/"""">toboggan</a> ou des <a href=""""https://meilleurtest.fr/comparatif-jeu-de-societe-famille/"""">jeux de société en famille</a>."
"39789";"La cible de fléchettes se choisira en fonction du type de jeu pratiqué et de votre niveau. Associée à un bon <a href=""""https://meilleurtest.fr/comparatif-jeu-de-flechette-classique/"""">jeu de fléchettes classique</a> ou à un <a href=""""https://meilleurtest.fr/comparatif-jeu-de-flechette-electronique/"""">jeu de fléchettes électronique</a>, elle vous garantira des parties précises et durables. Ce guide vous aidera à trouver la meilleure cible de fléchettes, un accessoire aussi convivial que les <a href=""""https://meilleurtest.fr/comparatif-jeu-de-societe-famille/"""">jeux de société en famille</a>."
"39764";"Le pendule divinatoire vous accompagnera dans vos pratiques de radiesthésie et de voyance au quotidien. En cristal, métal ou bois, chaque matériau influencera la sensibilité des réponses obtenues. Ce guide vous présentera les meilleurs pendules divinatoires pour débuter ou approfondir votre pratique, une activité de concentration à rapprocher des <a href=""""https://meilleurtest.fr/comparatif-puzzle/"""">puzzles</a>, des <a href=""""https://meilleurtest.fr/comparatif-jeux-de-societe-strategie/"""">jeux de stratégie</a> et des <a href=""""https://meilleurtest.fr/comparatif-jeu-dechec-electronique/"""">jeux d'échecs électroniques</a>."
"39464";"Le puzzle vous offrira un moment de calme et de concentration, seul ou en famille. Des modèles pour enfants aux casse-tête de plusieurs milliers de pièces, chaque format stimulera votre patience et votre sens de l'observation. Ce guide vous orientera vers les meilleurs puzzles, à compléter par des <a href=""""https://meilleurtest.fr/comparatif-puzzle-3d/"""">puzzles 3D</a>, des <a href=""""https://meilleurtest.fr/comparatif-rubiks-cube/"""">Rubik's Cubes</a> ou des <a href=""""https://meilleurtest.fr/comparatif-jeu-de-societe-famille/"""">jeux de société en famille</a>."
"38316";"Le jeu de société de stratégie vous invitera à développer vos capacités de réflexion et d'anticipation autour d'un plateau. De la gestion de ressources à la conquête de territoires, chaque partie sollicitera votre esprit tactique. Ce guide vous présentera les meilleurs jeux de stratégie, un loisir aussi stimulant que les <a href=""""https://meilleurtest.fr/comparatif-jeu-dechec-electronique/"""">jeux d'échecs électroniques</a>, les <a href=""""https://meilleurtest.fr/comparatif-trivial-pursuit/"""">Trivial Pursuit</a> ou les <a href=""""https://meilleurtest.fr/comparatif-carte-a-jouer/"""">cartes à jouer</a>."
"37587";"Le jeu de société en famille réunira petits et grands autour de la table pour des soirées mémorables. Qu'il s'agisse d'un <a href=""""https://meilleurtest.fr/comparatif-trivial-pursuit/"""">Trivial Pursuit</a>, d'un <a href=""""https://meilleurtest.fr/comparatif-jeux-de-societe-strategie/"""">jeu de stratégie</a> ou d'un classique avec des <a href=""""https://meilleurtest.fr/comparatif-carte-a-jouer/"""">cartes à jouer</a>, chaque partie renforcera la complicité entre joueurs. Ce guide vous orientera vers les meilleurs jeux de société en famille pour animer vos moments partagés."
"37554";"Le jeu de fléchettes classique vous procurera des parties conviviales entre amis ou en famille. Avec ses pointes en acier et sa cible en sisal, ce format traditionnel privilégiera la précision du lancer. Ce guide vous orientera vers les meilleurs jeux de fléchettes classiques, à compléter par une <a href=""""https://meilleurtest.fr/comparatif-cible-de-flechettes/"""">cible de fléchettes</a> de qualité et à découvrir aux côtés des <a href=""""https://meilleurtest.fr/comparatif-jeu-de-flechette-electronique/"""">fléchettes électroniques</a> et des <a href=""""https://meilleurtest.fr/comparatif-jeu-de-societe-famille/"""">jeux de société en famille</a>."
"37553";"Le jeu de fléchettes électronique vous proposera un comptage automatique des points et plusieurs modes de jeu intégrés. Plus sécuritaire grâce à ses pointes souples, il conviendra à toute la famille. Ce guide vous aidera à choisir le meilleur jeu de fléchettes électronique, un loisir à associer aux <a href=""""https://meilleurtest.fr/comparatif-jeu-de-flechette-classique/"""">fléchettes classiques</a>, aux <a href=""""https://meilleurtest.fr/comparatif-cible-de-flechettes/"""">cibles de fléchettes</a> et aux <a href=""""https://meilleurtest.fr/comparatif-jeu-de-societe-famille/"""">jeux de société en famille</a>."
"37486";"Le Trivial Pursuit vous fera voyager à travers six catégories de culture générale pour des parties animées en famille ou entre amis. Chaque édition proposera des questions adaptées à différents âges et centres d'intérêt. Ce guide vous orientera vers les meilleurs Trivial Pursuit, un classique à retrouver aux côtés des <a href=""""https://meilleurtest.fr/comparatif-jeu-de-societe-famille/"""">jeux de société en famille</a>, des <a href=""""https://meilleurtest.fr/comparatif-jeux-de-societe-strategie/"""">jeux de stratégie</a> et des <a href=""""https://meilleurtest.fr/comparatif-carte-a-jouer/"""">cartes à jouer</a>."
"37481";"Les cartes à jouer vous accompagneront dans une multitude de jeux, du poker au bridge en passant par la belote. Leur qualité de fabrication et leur design influenceront votre confort de prise en main. Ce guide vous aidera à choisir les meilleures cartes à jouer, un indispensable aux côtés des <a href=""""https://meilleurtest.fr/comparatif-trivial-pursuit/"""">Trivial Pursuit</a>, des <a href=""""https://meilleurtest.fr/comparatif-jeu-de-societe-famille/"""">jeux de société en famille</a> et des <a href=""""https://meilleurtest.fr/comparatif-jeux-de-societe-strategie/"""">jeux de stratégie</a>."
"42723";"Votre Nintendo Switch vous offrira une expérience de jeu hybride, à la fois portable et sur téléviseur. Ce guide comparatif évaluera les différentes versions selon leur autonomie, leur écran et leur catalogue de jeux. Retrouvez aussi nos comparatifs de <a href=""https://meilleurtest.fr/comparatif-console/"">consoles</a>, de <a href=""https://meilleurtest.fr/comparatif-console-portable/"">consoles portables</a> et de <a href=""https://meilleurtest.fr/comparatif-console-portable-pour-jeux-retro/"">consoles rétro portables</a> pour trouver la Nintendo Switch qui vous conviendra."
"42009";"Votre console portable pour jeux rétro vous permettra de retrouver les classiques de votre enfance partout. Ce guide comparatif analysera les modèles selon leur bibliothèque de jeux, leur écran et leur autonomie. Consultez aussi nos sélections de <a href=""https://meilleurtest.fr/comparatif-console-portable/"">consoles portables</a>, de <a href=""https://meilleurtest.fr/comparatif-console-de-jeux/"">consoles de jeux</a> et de <a href=""https://meilleurtest.fr/comparatif-nintendo-switch/"">Nintendo Switch</a> pour choisir la console rétro portable adaptée à vos envies."
"41787";"Votre console extensible vous permettra d'ajouter des jeux et du stockage selon vos besoins. Ce guide comparatif passera en revue les modèles selon leur puissance, leur catalogue et leurs options d'extension. Découvrez aussi nos guides sur les <a href=""https://meilleurtest.fr/comparatif-console-de-jeux/"">consoles de jeux</a>, les <a href=""https://meilleurtest.fr/comparatif-console-portable/"">consoles portables</a> et les <a href=""https://meilleurtest.fr/comparatif-nintendo-switch/"">Nintendo Switch</a> pour trouver la console extensible idéale."
"41786";"Votre console déterminera votre expérience de jeu pour plusieurs années, de la qualité graphique au catalogue disponible. Ce guide comparatif évaluera les modèles selon leur puissance, leurs exclusivités et leur connectivité en ligne. Parcourez aussi nos sélections de <a href=""https://meilleurtest.fr/comparatif-console-portable/"">consoles portables</a>, de <a href=""https://meilleurtest.fr/comparatif-console-de-jeux/"">consoles de jeux</a> et de <a href=""https://meilleurtest.fr/comparatif-console-portable-pour-jeux-retro/"">consoles rétro portables</a> pour choisir la console qui correspondra à vos attentes."
"37669";"Votre console portable vous accompagnera partout pour jouer dans les transports, en voyage ou chez vous. Ce guide comparatif analysera les modèles selon leur autonomie, leur écran et leur catalogue de titres. Retrouvez aussi nos comparatifs de <a href=""https://meilleurtest.fr/comparatif-console-de-jeux/"">consoles de jeux</a>, de <a href=""https://meilleurtest.fr/comparatif-nintendo-switch/"">Nintendo Switch</a> et de <a href=""https://meilleurtest.fr/comparatif-console-portable-pour-jeux-retro/"">consoles rétro portables</a> pour trouver la console portable faite pour vous."
"37326";"Votre console de jeux sera votre porte d'entrée vers des centaines de titres, en solo ou en multijoueur. Ce guide comparatif passera en revue les modèles selon leur puissance graphique, leur stockage et leurs services en ligne. Consultez aussi nos guides sur les <a href=""https://meilleurtest.fr/comparatif-console-portable/"">consoles portables</a>, les <a href=""https://meilleurtest.fr/comparatif-nintendo-switch/"">Nintendo Switch</a> et les <a href=""https://meilleurtest.fr/comparatif-console-extensible/"">consoles extensibles</a> pour choisir la console de jeux qui vous correspondra."
"41223";"Manchette interchangeable, le bracelet Les Georgettes associe un jonc en métal précieux à un cuir réversible aux couleurs variées. Rangez-le dans une <a href=""https://meilleurtest.fr/comparatif-boite-a-bijoux/"">boîte à bijoux</a> pour le protéger, et trouvez-le facilement sur une <a href=""https://meilleurtest.fr/comparatif-bijouterie-ligne/"">bijouterie en ligne</a>. Porté au poignet comme une <a href=""https://meilleurtest.fr/comparatif-montre-pour-femme/"">montre</a>, il s'adaptera à toutes les tenues. Ce guide comparatif vous aidera à choisir le modèle idéal."
"39466";"Une bijouterie en ligne vous permettra de parcourir tout le catalogue du bijoutier sans quitter votre canapé. Du <a href=""https://meilleurtest.fr/comparatif-bracelet-les-georgettes/"">bracelet</a> tendance à la <a href=""https://meilleurtest.fr/comparatif-montre-pour-femme/"">montre</a> élégante, vous y trouverez le bijou idéal pour chaque occasion. Vérifiez les certifications, les délais de livraison et la politique de retour avant de commander. Rangez vos trouvailles dans une <a href=""https://meilleurtest.fr/comparatif-boite-a-bijoux/"">boîte à bijoux</a>. Ce guide comparatif vous aidera à choisir la boutique la plus fiable."
"38623";"Bien plus qu'un simple <a href=""https://meilleurtest.fr/comparatif-bracelet-les-georgettes/"">bracelet</a> de mode, le bracelet magnétique utilise des aimants pour favoriser la circulation sanguine et soulager certaines douleurs chroniques. En acier, titane ou cuivre, il se porte au quotidien et se range dans une <a href=""https://meilleurtest.fr/comparatif-boite-a-bijoux/"">boîte à bijoux</a>. Commandez-le sur une <a href=""https://meilleurtest.fr/comparatif-bijouterie-ligne/"">bijouterie en ligne</a> fiable. Ce guide comparatif vous aidera à choisir le modèle le plus adapté."
"41349";"Le kayak sit on top vous installera sur le dessus de la coque plutôt qu'à l'intérieur, pour un accès facile et une grande stabilité. Confortable et autovidant, il conviendra aux balades en eau calme comme à la pêche côtière. Comparez ce kayak sit on top avec les <a href=""https://meilleurtest.fr/comparatif-kayak-pour-debutant/"">modèles pour débutants</a> et les <a href=""https://meilleurtest.fr/comparatif-kayak-recreatif/"">kayaks récréatifs</a>, parcourez tous les <a href=""https://meilleurtest.fr/comparatif-kayaks/"">kayaks</a> disponibles et équipez-vous d'un <a href=""https://meilleurtest.fr/comparatif-gilet-de-sauvetage/"">gilet de sauvetage</a> adapté."
"41233";"Le kayak pour débutant vous offrira une embarcation stable et facile à manoeuvrer pour vos premières sorties en eau calme. Souvent plus large et plus court, il pardonnera les erreurs de pagaie et vous mettra en confiance. Comparez les <a href=""https://meilleurtest.fr/comparatif-kayak-sit-on-top/"">kayaks sit on top</a> et les <a href=""https://meilleurtest.fr/comparatif-kayak-recreatif/"">kayaks récréatifs</a>, explorez aussi les <a href=""https://meilleurtest.fr/comparatif-canoe-gonflable/"">canoës gonflables</a> et équipez-vous d'un <a href=""https://meilleurtest.fr/comparatif-gilet-de-sauvetage/"">gilet de sauvetage</a> avant de choisir votre premier kayak."
"41173";"Le kayak vous permettra d'explorer lacs, rivières et littoral au plus près de la nature. Balade, pêche ou randonnée aquatique, chaque type d'embarcation répondra à un usage précis. Du <a href=""https://meilleurtest.fr/comparatif-kayak-sit-on-top/"">kayak sit on top</a> au <a href=""https://meilleurtest.fr/comparatif-kayak-recreatif/"">kayak récréatif</a>, en passant par les modèles <a href=""https://meilleurtest.fr/comparatif-kayak-pour-debutant/"">pour débutants</a> ou les <a href=""https://meilleurtest.fr/comparatif-canoe-gonflable/"">canoës gonflables</a>, ce guide comparatif vous aidera à choisir le kayak adapté, sans oublier votre <a href=""https://meilleurtest.fr/comparatif-gilet-de-sauvetage/"">gilet de sauvetage</a>."
"40345";"Le kayak récréatif vous offrira une embarcation stable et confortable pour vos sorties en eau calme, que ce soit sur un lac, une rivière tranquille ou en bord de mer. Accessible à tous les niveaux, il conviendra aux familles comme aux pagayeurs occasionnels. Comparez-le avec les <a href=""https://meilleurtest.fr/comparatif-kayaks/"">autres kayaks</a>, les <a href=""https://meilleurtest.fr/comparatif-kayak-pour-debutant/"">modèles pour débutants</a>, les <a href=""https://meilleurtest.fr/comparatif-kayak-sit-on-top/"">kayaks sit on top</a> et les <a href=""https://meilleurtest.fr/comparatif-canoe-gonflable/"">canoës gonflables</a> pour trouver le kayak récréatif adapté."
"42317";"Ce guide vous aidera à choisir le meilleur livre d'éveil bébé pour stimuler les sens et la curiosité de votre tout-petit. Vous y comparerez les modèles en tissu, carton et plastique adaptés à chaque âge. Pour un espace de lecture complet, vous apprécierez aussi nos comparatifs de <a href=""https://meilleurtest.fr/comparatif-bibliotheque-enfant/"">bibliothèques enfant</a>, de <a href=""https://meilleurtest.fr/comparatif-coussin-de-lecture/"">coussins de lecture</a> et de <a href=""https://meilleurtest.fr/comparatif-livre-photo/"">livres photo</a> qui accompagneront l'éveil de votre bébé."
"41350";"Ce guide vous permettra de trouver le coussin de lecture idéal pour soutenir votre dos et votre nuque lors de longues sessions de lecture. Vous comparerez les modèles par forme, rembourrage et taille pour choisir celui qui vous conviendra le mieux. Pour un confort optimal, vous associerez votre coussin de lecture à un <a href=""https://meilleurtest.fr/comparatif-fauteuil-relax/"">fauteuil relax</a>, de bonnes <a href=""https://meilleurtest.fr/comparatif-lunettes-de-lecture/"">lunettes de lecture</a> et une <a href=""https://meilleurtest.fr/comparatif-lampe-de-chevet/"">lampe de chevet</a> adaptée."
"40420";"Ce guide vous aidera à choisir le meilleur livre pour apprendre l'anglais, que vous souhaitiez maîtriser les bases, la grammaire ou enrichir votre vocabulaire. Vous y découvrirez les ouvrages les plus efficaces pour progresser à votre rythme. Pour compléter votre apprentissage, vous consulterez aussi nos guides sur les <a href=""https://meilleurtest.fr/comparatif-dictionnaire/"">dictionnaires</a>, les <a href=""https://meilleurtest.fr/comparatif-dictionnaire-electronique/"">dictionnaires électroniques</a> et les <a href=""https://meilleurtest.fr/comparatif-bibliotheque/"">bibliothèques</a> idéales pour ranger vos livres d'anglais."
"40419";"Ce guide vous présentera les meilleurs livres sur l'ayurveda pour comprendre cette médecine traditionnelle et adopter ses principes au quotidien. Vous y comparerez les ouvrages selon leur approche, leur niveau et leurs thématiques. Pour approfondir votre bien-être, vous trouverez aussi nos guides sur les <a href=""https://meilleurtest.fr/comparatif-livre-de-cuisine/"">livres de cuisine</a>, les <a href=""https://meilleurtest.fr/comparatif-coussin-de-lecture/"">coussins de lecture</a> et les <a href=""https://meilleurtest.fr/comparatif-fauteuil-relax/"">fauteuils relax</a> pour lire vos livres sur l'ayurveda dans un confort optimal."
"40340";"Ce guide vous aidera à choisir le meilleur dictionnaire étymologique pour explorer l'origine et l'évolution des mots. Vous y comparerez les ouvrages selon leur couverture linguistique, leur rigueur scientifique et leur accessibilité. Pour enrichir votre collection, vous découvrirez aussi nos guides sur les <a href=""https://meilleurtest.fr/comparatif-dictionnaire/"">dictionnaires</a> classiques, les <a href=""https://meilleurtest.fr/comparatif-dictionnaire-francais-arabe/"">dictionnaires français arabes</a> et les <a href=""https://meilleurtest.fr/comparatif-dictionnaire-electronique/"">dictionnaires électroniques</a> qui compléteront votre dictionnaire étymologique au quotidien."
"39773";"Ce guide vous permettra de trouver les meilleures lunettes de lecture pour un confort visuel optimal au quotidien. Vous y comparerez les modèles selon leurs dioptries, leurs matériaux et la présence d'un filtre anti-lumière bleue. Pour des moments de lecture agréables, vous consulterez aussi nos guides sur les <a href=""https://meilleurtest.fr/comparatif-lampe-de-chevet/"">lampes de chevet</a>, les <a href=""https://meilleurtest.fr/comparatif-coussin-de-lecture/"">coussins de lecture</a> et les <a href=""https://meilleurtest.fr/comparatif-livre-pour-apprendre-langlais/"">livres pour apprendre l'anglais</a> à savourer avec vos lunettes de lecture."
"38868";"Ce guide vous aidera à choisir le meilleur dictionnaire adapté à vos besoins, que vous recherchiez un ouvrage scolaire, un dictionnaire de synonymes ou une encyclopédie. Vous y comparerez les éditions selon leur richesse lexicale et leur format. Pour aller plus loin, vous découvrirez nos guides sur les <a href=""https://meilleurtest.fr/comparatif-dictionnaire-etymologique/"">dictionnaires étymologiques</a>, les <a href=""https://meilleurtest.fr/comparatif-dictionnaire-electronique/"">dictionnaires électroniques</a> et les <a href=""https://meilleurtest.fr/comparatif-dictionnaire-francais-arabe/"">dictionnaires français arabes</a> pour compléter votre dictionnaire principal."
"38667";"Ce guide vous présentera les meilleurs dictionnaires électroniques pour apprendre une langue ou trouver des définitions en un instant. Vous y comparerez les modèles selon leurs fonctionnalités, leur autonomie et le nombre de langues proposées. Pour compléter vos outils linguistiques, vous consulterez aussi nos guides sur les <a href=""https://meilleurtest.fr/comparatif-dictionnaire/"">dictionnaires</a> classiques, les <a href=""https://meilleurtest.fr/comparatif-dictionnaire-etymologique/"">dictionnaires étymologiques</a> et les <a href=""https://meilleurtest.fr/comparatif-dictionnaire-francais-arabe/"">dictionnaires français arabes</a>, compagnons idéaux de votre dictionnaire électronique."
"38365";"Ce guide vous aidera à choisir le meilleur dictionnaire français arabe selon votre niveau et vos objectifs d'apprentissage. Vous y comparerez les ouvrages par leur richesse lexicale, leur translittération et leurs exemples d'usage. Pour élargir vos compétences linguistiques, vous consulterez aussi nos guides sur les <a href=""https://meilleurtest.fr/comparatif-dictionnaire/"">dictionnaires</a> généraux, les <a href=""https://meilleurtest.fr/comparatif-dictionnaire-electronique/"">dictionnaires électroniques</a> et les <a href=""https://meilleurtest.fr/comparatif-livre-pour-apprendre-langlais/"">livres pour apprendre l'anglais</a> en complément de votre dictionnaire français arabe."
"38333";"Ce guide vous présentera les meilleurs livres de cuisine pour tous les niveaux, des débutants aux passionnés de gastronomie. Vous y comparerez les ouvrages selon leurs recettes, leur pédagogie et leurs illustrations. Pour enrichir votre collection, vous découvrirez aussi nos guides sur les <a href=""https://meilleurtest.fr/comparatif-livre-sur-layurveda/"">livres sur l'ayurveda</a>, les <a href=""https://meilleurtest.fr/comparatif-coussin-de-lecture/"">coussins de lecture</a> et les <a href=""https://meilleurtest.fr/comparatif-bibliotheque/"">bibliothèques</a> parfaites pour exposer vos livres de cuisine préférés."
"37517";"Ce guide vous permettra de comparer les meilleurs livrets boostés pour optimiser votre épargne à court terme. Vous y analyserez les taux promotionnels, les plafonds et les conditions de chaque offre. Pour une stratégie complète, vous consulterez aussi notre comparatif des <a href=""https://meilleurtest.fr/comparatif-livret-epargne-banque-taux/"">livrets d'épargne</a> au meilleur taux, nos <a href=""https://meilleurtest.fr/comparatif-livre-de-cuisine/"">livres de cuisine</a> pour vos loisirs et nos <a href=""https://meilleurtest.fr/comparatif-lunettes-de-lecture/"">lunettes de lecture</a> pour étudier les conditions de vos livrets boostés."
"37516";"Ce guide vous présentera les meilleurs livres photo pour préserver vos souvenirs dans un format élégant et personnalisé. Vous y comparerez les formats, les types de papier et les options de mise en page disponibles. Pour mettre en valeur vos clichés, vous découvrirez aussi nos guides sur les <a href=""https://meilleurtest.fr/comparatif-cadre-photo-numerique/"">cadres photo numériques</a>, les <a href=""https://meilleurtest.fr/comparatif-cadre-photo/"">cadres photo</a> classiques et les <a href=""https://meilleurtest.fr/comparatif-livre-eveil-bebe/"">livres d'éveil bébé</a> parfaits pour compléter votre livre photo de famille."
"37245";"Ce guide vous aidera à identifier les livrets d'épargne offrant les meilleurs taux pour faire fructifier votre capital en toute sécurité. Vous y comparerez les rendements, les plafonds et les conditions fiscales de chaque offre. Pour compléter votre recherche, vous consulterez notre comparatif des <a href=""https://meilleurtest.fr/comparatif-livret-booste/"">livrets boostés</a>, nos <a href=""https://meilleurtest.fr/comparatif-livre-de-cuisine/"">livres de cuisine</a> pour vos loisirs et nos <a href=""https://meilleurtest.fr/comparatif-lunettes-de-lecture/"">lunettes de lecture</a> pour décrypter les clauses de vos livrets d'épargne."
"41867";"Inspiré de la série télévisée, le Lego Ninjago plongera votre enfant dans un univers de ninjas et de dragons. Chaque set développe la créativité et la motricité fine, comme les <a href=""https://meilleurtest.fr/comparatif-lego-technic/"">Lego Technic</a> ou les <a href=""https://meilleurtest.fr/comparatif-lego-duplo/"">Lego Duplo</a> pour les plus jeunes. Complémentaire d'un bon <a href=""https://meilleurtest.fr/comparatif-puzzle/"">puzzle</a>, il favorisera le partage entre enfants et adultes. Ce guide comparatif vous aidera à choisir le set idéal."
"41445";"Avec ses engrenages, pistons et mécanismes réalistes, le Lego Technic séduira les enfants passionnés comme les adultes nostalgiques. Plus technique que les <a href=""https://meilleurtest.fr/comparatif-lego-ninjago/"">Lego Ninjago</a> ou les <a href=""https://meilleurtest.fr/comparatif-lego-duplo/"">Lego Duplo</a>, il reproduira fidèlement des véhicules et machines complexes. Complétez la collection avec un <a href=""https://meilleurtest.fr/comparatif-puzzle-3d/"">puzzle 3D</a> pour varier les défis. Ce guide comparatif vous aidera à choisir le modèle le plus adapté à votre niveau."
"41115";"Conçu pour les tout-petits dès 18 mois, le Lego Duplo propose des briques surdimensionnées, faciles à manipuler et sans danger. Animaux, véhicules ou maisons : chaque set stimulera la créativité et la motricité fine de votre enfant. En grandissant, il passera naturellement aux <a href=""https://meilleurtest.fr/comparatif-lego-ninjago/"">Lego Ninjago</a> ou aux <a href=""https://meilleurtest.fr/comparatif-lego-technic/"">Lego Technic</a>. Complétez avec un <a href=""https://meilleurtest.fr/comparatif-puzzle/"">puzzle</a> adapté à son âge. Ce guide comparatif vous aidera à choisir le set idéal."
"37931";"La liseuse Kobo vous offrira une lecture confortable avec un écran anti-reflet et une compatibilité native avec le format ePub. Légère et autonome pendant plusieurs semaines, elle stockera des milliers de livres numériques accessibles partout. Si vous hésitez, comparez-la avec une <a href=""https://meilleurtest.fr/comparatif-liseuse-amazon-kindle/"">liseuse Kindle</a>, et complétez votre coin lecture avec une <a href=""https://meilleurtest.fr/comparatif-lampe-de-lecture/"">lampe de lecture</a>, un <a href=""https://meilleurtest.fr/comparatif-coussin-de-lecture/"">coussin de lecture</a> ou des <a href=""https://meilleurtest.fr/comparatif-lunettes-de-lecture/"">lunettes de lecture</a> adaptées."
"37293";"La liseuse Kindle vous donnera accès à un catalogue immense de livres numériques grâce à l'écosystème intégré. Compacte, légère et dotée d'un écran e-ink confortable pour les yeux, elle vous accompagnera pendant plusieurs semaines sur une seule charge. Comparez cette liseuse Kindle avec une <a href=""https://meilleurtest.fr/comparatif-liseuse-kobo/"">liseuse Kobo</a> pour évaluer les formats pris en charge, et optimisez vos séances avec une <a href=""https://meilleurtest.fr/comparatif-lampe-de-lecture/"">lampe de lecture</a>, un <a href=""https://meilleurtest.fr/comparatif-coussin-de-lecture/"">coussin de lecture</a> ou des <a href=""https://meilleurtest.fr/comparatif-lunettes-de-lecture/"">lunettes adaptées</a>."
"41434";"Les lunettes de soleil Arnette séduiront par leur style sportif et leurs verres résistants aux impacts. Ce guide comparatif passera en revue les modèles de la marque selon leur protection UV, leur confort et leur design. Consultez aussi nos sélections de <a href=""https://meilleurtest.fr/comparatif-lunettes-de-soleil-pour-homme/"">lunettes de soleil pour homme</a>, de <a href=""https://meilleurtest.fr/comparatif-lunettes-de-soleil-pas-cheres/"">lunettes de soleil pas chères</a> et de <a href=""https://meilleurtest.fr/comparatif-lunettes-de-soleil-pour-conduire/"">lunettes de soleil pour conduire</a> pour trouver les lunettes de soleil Arnette qui vous iront."
"39868";"Vos lunettes de soleil pour conduire réduiront l'éblouissement et amélioreront la visibilité sur la route. Ce guide comparatif évaluera les modèles selon leur polarisation, leur catégorie de filtre et leur confort de port prolongé. Découvrez aussi nos comparatifs de <a href=""https://meilleurtest.fr/comparatif-lunettes-de-soleil-pour-homme/"">lunettes de soleil pour homme</a>, de <a href=""https://meilleurtest.fr/comparatif-lunettes-de-soleil-pas-cheres/"">lunettes de soleil pas chères</a> et de <a href=""https://meilleurtest.fr/comparatif-site-de-lunettes-ligne/"">sites de lunettes en ligne</a> pour choisir les lunettes de soleil pour conduire adaptées à vos trajets."
"39703";"Vos lunettes de soleil pour homme allieront protection UV et style au quotidien. Ce guide comparatif analysera les modèles selon la qualité de leurs verres, leur forme et leur résistance. Retrouvez aussi nos guides sur les <a href=""https://meilleurtest.fr/comparatif-lunettes-de-soleil-pour-conduire/"">lunettes de soleil pour conduire</a>, les <a href=""https://meilleurtest.fr/comparatif-lunettes-de-soleil-pas-cheres/"">lunettes de soleil pas chères</a> et les <a href=""https://meilleurtest.fr/comparatif-lunettes-de-soleil-pour-bebe/"">lunettes de soleil pour bébé</a> pour trouver les lunettes de soleil pour homme qui correspondront à votre visage."
"39659";"Vos lunettes de soleil pas chères protégeront vos yeux des UV sans dépasser votre budget. Ce guide comparatif évaluera les modèles selon leur indice de protection, leur solidité et leur style. Parcourez aussi nos sélections de <a href=""https://meilleurtest.fr/comparatif-lunettes-de-soleil-pour-homme/"">lunettes de soleil pour homme</a>, de <a href=""https://meilleurtest.fr/comparatif-lunettes-de-soleil-pour-conduire/"">lunettes de soleil pour conduire</a> et de <a href=""https://meilleurtest.fr/comparatif-site-de-lunettes-ligne/"">sites de lunettes en ligne</a> pour choisir vos lunettes de soleil pas chères en toute confiance."
"39232";"Vos lunettes de soleil pour bébé protégeront ses yeux fragiles des rayons UV dès les premiers mois. Ce guide comparatif évaluera les modèles selon leur filtre, leur maintien et leur résistance aux chocs. Découvrez aussi nos guides sur les <a href=""https://meilleurtest.fr/comparatif-lunettes-de-soleil-pas-cheres/"">lunettes de soleil pas chères</a>, les <a href=""https://meilleurtest.fr/comparatif-lunettes-de-soleil-pour-homme/"">lunettes de soleil pour homme</a> et les <a href=""https://meilleurtest.fr/comparatif-creme-solaire-teintee/"">crèmes solaires teintées</a> pour accompagner le choix de lunettes de soleil pour votre bébé."
"38023";"Votre site de lunettes en ligne vous permettra de choisir et de commander vos montures depuis chez vous. Ce guide comparatif analysera les plateformes selon leur catalogue, leur essayage virtuel et leurs garanties. Retrouvez aussi nos sélections de <a href=""https://meilleurtest.fr/comparatif-lunettes-de-soleil-pour-homme/"">lunettes de soleil pour homme</a>, de <a href=""https://meilleurtest.fr/comparatif-lunettes-de-soleil-pas-cheres/"">lunettes de soleil pas chères</a> et de <a href=""https://meilleurtest.fr/comparatif-lunettes-de-soleil-pour-conduire/"">lunettes de soleil pour conduire</a> pour trouver le meilleur site de lunettes en ligne."
"41788";"La combinaison de mariage séduit de plus en plus de futures mariées en quête d'une alternative à la <a href=""https://meilleurtest.fr/comparatif-robe-de-soiree/"">robe de soirée</a> traditionnelle. Smoking, bustier ou dos nu, elle offrira une allure moderne et confortable, assortie de <a href=""https://meilleurtest.fr/comparatif-talons-blancs/"">talons blancs</a> ou de chaussures plates. Une pièce que vous pourrez aussi reporter comme <a href=""https://meilleurtest.fr/comparatif-combinaison-femme-soiree/"">combinaison de soirée</a> après le jour J. Ce guide comparatif vous aidera à faire votre choix."
"42035";"Ce guide vous aidera à choisir le meilleur appareil de massage pour jambes lourdes. Vous y trouverez des modèles conçus pour relancer la circulation sanguine et soulager les tensions au quotidien. Vous pourrez associer votre appareil à un <a href=""""https://meilleurtest.fr/comparatif-appareil-de-pressotherapie-maison/"""">dispositif de pressothérapie</a>, un <a href=""""https://meilleurtest.fr/comparatif-appareil-de-massage-des-pieds/"""">masseur de pieds</a> ou un <a href=""""https://meilleurtest.fr/comparatif-rouleau-de-massage/"""">rouleau de massage</a>. Notre sélection vous orientera vers l'<a href=""""https://meilleurtest.fr/comparatif-appareil-de-massage/"""">appareil de massage</a> le plus adapté à vos jambes lourdes."
"41875";"Compact et discret, le mini vibromasseur se glisse partout pour des moments de plaisir en toute liberté. Ce guide vous présentera les modèles les plus performants en termes de vibrations, d’autonomie et de silence. Vous pourrez comparer avec un <a href=""""https://meilleurtest.fr/comparatif-vibromasseur-rabbit/"""">vibromasseur rabbit</a>, un <a href=""""https://meilleurtest.fr/comparatif-stimulateur-clitoridien/"""">stimulateur clitoridien</a> ou un <a href=""""https://meilleurtest.fr/comparatif-oeuf-vibrant/"""">oeuf vibrant</a> selon vos préférences. Notre sélection vous guidera vers le mini vibromasseur idéal pour répondre à vos envies."
"41358";"Ce guide vous accompagnera dans le choix du meilleur masseur oculaire pour soulager la fatigue visuelle et les tensions autour des yeux. Vous y découvrirez des modèles à compression, chaleur ou vibrations adaptés à vos besoins. Pour un soin plus complet, consultez nos guides sur les <a href=""""https://meilleurtest.fr/comparatif-appareil-massage-visage/"""">appareils de massage du visage</a>, les <a href=""""https://meilleurtest.fr/comparatif-appareil-de-massage-du-cou/"""">masseurs du cou</a> et les <a href=""""https://meilleurtest.fr/comparatif-appareil-de-massage-portable/"""">appareils de massage portables</a>. Vous trouverez le masseur oculaire le plus adapté à votre quotidien."
"40032";"Ce guide vous aidera à trouver le meilleur coussin de shiatsu pour détendre vos muscles en profondeur. Vous découvrirez des modèles à têtes rotatives et fonction chauffante adaptés au dos, à la nuque et aux épaules. Pour élargir vos options, consultez nos comparatifs d'<a href=""""https://meilleurtest.fr/comparatif-appareil-de-massage/"""">appareils de massage</a>, de <a href=""""https://meilleurtest.fr/comparatif-siege-massant/"""">sièges massants</a>, de <a href=""""https://meilleurtest.fr/comparatif-appareil-de-massage-du-dos/"""">masseurs du dos</a> et de <a href=""""https://meilleurtest.fr/comparatif-appareil-de-massage-du-cou/"""">masseurs du cou</a>. Vous trouverez le coussin de shiatsu idéal pour votre confort quotidien."
"39886";"Ce guide vous présentera les meilleures tables de massage pliantes pour les professionnels nomades comme pour les particuliers. Vous comparerez les matériaux, les dimensions et la capacité de charge des modèles les plus fiables du marché. Pour compléter votre équipement, découvrez nos sélections de <a href=""""https://meilleurtest.fr/comparatif-table-de-massage/"""">tables de massage</a> fixes, d'<a href=""""https://meilleurtest.fr/comparatif-huile-de-massage/"""">huiles de massage</a> et d'<a href=""""https://meilleurtest.fr/comparatif-appareil-de-massage-portable/"""">appareils de massage portables</a>. Vous trouverez la table pliante la plus adaptée à votre pratique."
"39803";"Ce guide vous accompagnera dans le choix du meilleur sauna infrarouge pour profiter de la thermothérapie à domicile. Vous y découvrirez des cabines à infrarouge lointain ou spectre complet, adaptées à la détente musculaire et au bien-être général. Pour enrichir votre routine de récupération, consultez nos guides sur les <a href=""""https://meilleurtest.fr/comparatif-appareil-de-massage/"""">appareils de massage</a>, les <a href=""""https://meilleurtest.fr/comparatif-huile-de-massage/"""">huiles de massage</a> et les <a href=""""https://meilleurtest.fr/comparatif-appareil-de-pressotherapie-maison/"""">appareils de pressothérapie</a>. Vous trouverez le sauna infrarouge adapté à votre espace."
"39642";"Ce guide vous permettra de choisir le meilleur appareil de massage portable pour soulager vos muscles où que vous soyez. Vous comparerez pistolets de massage, coussins et modèles à percussion selon leur puissance et leur ergonomie. En complément, consultez nos comparatifs d'<a href=""""https://meilleurtest.fr/comparatif-appareil-de-massage/"""">appareils de massage</a> fixes, de <a href=""""https://meilleurtest.fr/comparatif-appareil-de-massage-du-dos/"""">masseurs du dos</a>, de <a href=""""https://meilleurtest.fr/comparatif-appareil-de-massage-du-cou/"""">masseurs du cou</a> et de <a href=""""https://meilleurtest.fr/comparatif-rouleau-de-massage/"""">rouleaux de massage</a>. Vous trouverez l’appareil portable adapté à votre usage."
"39375";"Ce guide vous aidera à sélectionner le meilleur appareil de massage du dos pour soulager les douleurs dorsales et les tensions musculaires. Vous comparerez les modèles à percussion, à chaleur infrarouge et à pétrissage selon vos zones de douleur. Pensez aussi à explorer les <a href=""""https://meilleurtest.fr/comparatif-appareil-de-massage/"""">appareils de massage</a> polyvalents, les <a href=""""https://meilleurtest.fr/comparatif-siege-massant/"""">sièges massants</a>, les <a href=""""https://meilleurtest.fr/comparatif-coussin-de-shiatsu/"""">coussins de shiatsu</a> et les <a href=""""https://meilleurtest.fr/comparatif-appareil-de-massage-du-cou/"""">masseurs du cou</a>. Vous trouverez l’appareil de massage du dos adapté à vos besoins."
"39312";"Ce guide vous orientera vers la meilleure huile de massage pour vos séances de détente ou de récupération sportive. Vous comparerez des formules relaxantes, chauffantes et neutres adaptées à chaque type de peau. Pour un massage complet, vous pourrez associer votre huile à un <a href=""""https://meilleurtest.fr/comparatif-appareil-de-massage/"""">appareil de massage</a>, une <a href=""""https://meilleurtest.fr/comparatif-table-de-massage/"""">table de massage</a> ou un <a href=""""https://meilleurtest.fr/comparatif-appareil-de-massage-portable/"""">masseur portable</a>. Les <a href=""""https://meilleurtest.fr/comparatif-baume-du-tigre/"""">baumes du tigre</a> offriront une alternative ciblée pour compléter votre huile de massage."
"38781";"Ce guide vous aidera à choisir le meilleur hamac cervical pour soulager vos douleurs de nuque et vos tensions cervicales. Vous y trouverez des modèles conçus pour étirer le haut de la colonne vertébrale et corriger les effets des mauvaises postures. Vous pourrez compléter votre routine avec un <a href=""""https://meilleurtest.fr/comparatif-appareil-de-massage-du-cou/"""">appareil de massage du cou</a>, un <a href=""""https://meilleurtest.fr/comparatif-coussin-de-shiatsu/"""">coussin de shiatsu</a> ou un <a href=""""https://meilleurtest.fr/comparatif-appareil-de-massage-du-dos/"""">masseur du dos</a>. Notre sélection vous guidera vers le hamac cervical idéal."
"38647";"Ce guide vous présentera les meilleurs appareils de pressothérapie maison pour favoriser la circulation sanguine et réduire la sensation de jambes lourdes. Vous comparerez les bottes et manchons à compression d’air selon leurs programmes et leur confort. Pour compléter votre récupération, consultez nos guides sur les <a href=""""https://meilleurtest.fr/comparatif-appareil-de-massage-pour-jambes-lourdes/"""">appareils pour jambes lourdes</a>, les <a href=""""https://meilleurtest.fr/comparatif-appareil-de-massage-des-pieds/"""">masseurs de pieds</a>, les <a href=""""https://meilleurtest.fr/comparatif-appareil-de-massage/"""">appareils de massage</a> et les <a href=""""https://meilleurtest.fr/comparatif-rouleau-de-massage/"""">rouleaux de massage</a>. Vous trouverez l’appareil de pressothérapie adapté à votre usage."
"37619";"Ce guide vous aidera à trouver le meilleur appareil de massage des pieds pour soulager vos voûtes plantaires. Vous comparerez les modèles à rouleaux, à compression et à chaleur infrarouge adaptés à vos besoins. Pour prolonger la détente, consultez nos guides sur les <a href=""""https://meilleurtest.fr/comparatif-appareil-de-massage/"""">appareils de massage</a>, les <a href=""""https://meilleurtest.fr/comparatif-appareil-de-massage-pour-jambes-lourdes/"""">masseurs pour jambes lourdes</a>, les <a href=""""https://meilleurtest.fr/comparatif-appareil-de-pressotherapie-maison/"""">appareils de pressothérapie</a> et les <a href=""""https://meilleurtest.fr/comparatif-spa-pour-pieds/"""">spas pour pieds</a>. Notre sélection vous orientera vers le masseur de pieds idéal."
"37464";"Ce guide vous accompagnera dans le choix du meilleur appareil de massage du visage pour tonifier votre peau et réduire les signes de fatigue. Vous y découvrirez des modèles à rouleaux, à microcourants et à vibrations soniques. Pour compléter votre routine, consultez nos guides sur les <a href=""""https://meilleurtest.fr/comparatif-masseur-oculaire/"""">masseurs oculaires</a>, les <a href=""""https://meilleurtest.fr/comparatif-appareil-de-massage/"""">appareils de massage</a> polyvalents et les <a href=""""https://meilleurtest.fr/comparatif-appareil-anti-rides-visage/"""">appareils anti-rides</a>. Notre sélection vous orientera vers le masseur du visage le mieux adapté à vos besoins."
"37449";"Ce guide vous présentera les meilleurs appareils de massage pour soulager vos douleurs musculaires et améliorer votre bien-être au quotidien. Vous comparerez des modèles à percussion, à pétrissage et à vibrations selon vos zones de tension. Pour affiner votre recherche, explorez nos comparatifs d'<a href=""""https://meilleurtest.fr/comparatif-appareil-de-massage-portable/"""">appareils portables</a>, de <a href=""""https://meilleurtest.fr/comparatif-appareil-de-massage-du-dos/"""">masseurs du dos</a>, de <a href=""""https://meilleurtest.fr/comparatif-appareil-de-massage-du-cou/"""">masseurs du cou</a> et de <a href=""""https://meilleurtest.fr/comparatif-siege-massant/"""">sièges massants</a>. Notre sélection vous guidera vers l’appareil de massage adapté à vos attentes."
"37373";"Ce guide vous aidera à choisir le meilleur siège massant pour vous détendre à domicile sans faire appel à un professionnel. Vous comparerez les modèles chauffants, à shiatsu et à vibrations selon vos zones de tension. Pour explorer d’autres options, consultez nos guides sur les <a href=""""https://meilleurtest.fr/comparatif-appareil-de-massage/"""">appareils de massage</a>, les <a href=""""https://meilleurtest.fr/comparatif-coussin-de-shiatsu/"""">coussins de shiatsu</a>, les <a href=""""https://meilleurtest.fr/comparatif-appareil-de-massage-du-dos/"""">masseurs du dos</a> et les <a href=""""https://meilleurtest.fr/comparatif-fauteuil-massant/"""">fauteuils massants</a>. Vous trouverez le siège massant le plus adapté à vos besoins."
"37331";"Ce guide vous aidera à trouver le meilleur appareil de massage du cou pour prévenir et soulager vos douleurs cervicales. Vous comparerez les modèles à pétrissage, à électrostimulation et à chaleur infrarouge pour un soulagement ciblé. Pour compléter votre approche, explorez les <a href=""""https://meilleurtest.fr/comparatif-appareil-de-massage/"""">appareils de massage</a> polyvalents, les <a href=""""https://meilleurtest.fr/comparatif-hamac-cervical/"""">hamacs cervicaux</a>, les <a href=""""https://meilleurtest.fr/comparatif-coussin-de-shiatsu/"""">coussins de shiatsu</a> et les <a href=""""https://meilleurtest.fr/comparatif-appareil-de-massage-du-dos/"""">masseurs du dos</a>. Vous trouverez le masseur du cou adapté à votre quotidien."
"37265";"Ce guide vous orientera vers le meilleur rouleau de massage pour détendre vos muscles et accélérer votre récupération sportive. Vous comparerez les modèles lisses, à picots et vibrants adaptés à chaque groupe musculaire. Pour optimiser vos séances, vous pourrez associer votre rouleau à un <a href=""""https://meilleurtest.fr/comparatif-appareil-de-massage/"""">appareil de massage</a> complémentaire, un <a href=""""https://meilleurtest.fr/comparatif-appareil-de-massage-portable/"""">masseur portable</a> ou une <a href=""""https://meilleurtest.fr/comparatif-huile-de-massage/"""">huile de massage</a>. Notre sélection vous guidera vers le rouleau de massage idéal pour vos besoins."
"37254";"Ce guide vous présentera les meilleures tables de massage pour les professionnels et les particuliers exigeants. Vous comparerez les modèles fixes et réglables en hauteur selon leurs matériaux, leur confort et leur stabilité. Pour compléter votre installation, consultez nos guides sur les <a href=""""https://meilleurtest.fr/comparatif-table-de-massage-pliante/"""">tables de massage pliantes</a>, les <a href=""""https://meilleurtest.fr/comparatif-huile-de-massage/"""">huiles de massage</a>, les <a href=""""https://meilleurtest.fr/comparatif-appareil-de-massage/"""">appareils de massage</a> et les <a href=""""https://meilleurtest.fr/comparatif-siege-massant/"""">sièges massants</a>. Vous trouverez la table de massage la plus adaptée à votre pratique."
"42040";"Votre huile contre les vergetures de grossesse nourrira votre peau en profondeur pour prévenir les marques liées à l'étirement. Ce guide comparatif évaluera les formules selon leur composition, leur absorption et leur efficacité. Retrouvez aussi nos sélections de <a href=""https://meilleurtest.fr/comparatif-bandeau-de-grossesse/"">bandeaux de grossesse</a>, de <a href=""https://meilleurtest.fr/comparatif-vetement-pour-femme-enceinte/"">vêtements pour femme enceinte</a> et de <a href=""https://meilleurtest.fr/comparatif-gaine-post-accouchement/"">gaines post-accouchement</a> pour prendre soin de vous pendant la grossesse avec la bonne huile anti-vergetures."
"42024";"Votre gaine post-accouchement soutiendra votre ventre et votre dos dans les semaines suivant la naissance. Ce guide comparatif analysera les modèles selon leur maintien, leur confort et leur discrétion sous les vêtements. Découvrez aussi nos comparatifs de <a href=""https://meilleurtest.fr/comparatif-huile-contre-les-vergetures-de-grossesse/"">huiles anti-vergetures</a>, de <a href=""https://meilleurtest.fr/comparatif-vetement-pour-femme-enceinte/"">vêtements pour femme enceinte</a> et de <a href=""https://meilleurtest.fr/comparatif-chaussures-pour-femme-enceinte/"">chaussures pour femme enceinte</a> pour bien choisir votre gaine post-accouchement."
"41592";"Votre bola de grossesse émettra un tintement doux qui apaisera votre bébé dès les derniers mois in utero. Ce guide comparatif passera en revue les modèles selon leur sonorité, leur chaîne et leur finition. Consultez aussi nos guides sur les <a href=""https://meilleurtest.fr/comparatif-bandeau-de-grossesse/"">bandeaux de grossesse</a>, les <a href=""https://meilleurtest.fr/comparatif-vetement-pour-femme-enceinte/"">vêtements pour femme enceinte</a> et les <a href=""https://meilleurtest.fr/comparatif-appli-de-grossesse/"">applis de grossesse</a> pour accompagner votre bola de grossesse tout au long de cette période."
"39692";"Votre bandeau de grossesse allongera vos hauts et dissimulera le ventre non boutonné avec élégance. Ce guide comparatif évaluera les modèles selon leur élasticité, leur matière et leur polyvalence. Parcourez aussi nos sélections de <a href=""https://meilleurtest.fr/comparatif-pantalon-pour-femme-enceinte/"">pantalons pour femme enceinte</a>, de <a href=""https://meilleurtest.fr/comparatif-vetement-pour-femme-enceinte/"">vêtements pour femme enceinte</a> et de <a href=""https://meilleurtest.fr/comparatif-chaussures-pour-femme-enceinte/"">chaussures pour femme enceinte</a> pour compléter votre garde-robe avec le bon bandeau de grossesse."
"39681";"Vos vêtements pour femme enceinte s'adapteront à l'évolution de votre silhouette tout en restant confortables et élégants. Ce guide comparatif analysera les marques selon leurs coupes, leurs matières et leur rapport qualité-prix. Retrouvez aussi nos comparatifs de <a href=""https://meilleurtest.fr/comparatif-pantalon-pour-femme-enceinte/"">pantalons pour femme enceinte</a>, de <a href=""https://meilleurtest.fr/comparatif-bandeau-de-grossesse/"">bandeaux de grossesse</a> et de <a href=""https://meilleurtest.fr/comparatif-chaussures-pour-femme-enceinte/"">chaussures pour femme enceinte</a> pour choisir les vêtements pour femme enceinte qui vous iront."
"39653";"Votre pantalon pour femme enceinte s'ajustera à votre ventre tout au long de la grossesse grâce à sa ceinture extensible. Ce guide comparatif passera en revue les modèles selon leur coupe, leur confort et leur style. Consultez aussi nos guides sur les <a href=""https://meilleurtest.fr/comparatif-vetement-pour-femme-enceinte/"">vêtements pour femme enceinte</a>, les <a href=""https://meilleurtest.fr/comparatif-bandeau-de-grossesse/"">bandeaux de grossesse</a> et les <a href=""https://meilleurtest.fr/comparatif-chaussures-pour-femme-enceinte/"">chaussures pour femme enceinte</a> pour trouver le pantalon pour femme enceinte adapté à vos besoins."
"39586";"Vos chaussures pour femme enceinte soulageront vos pieds gonflés et votre dos tout en gardant du style. Ce guide comparatif évaluera les modèles selon leur soutien, leur largeur et leur amorti. Découvrez aussi nos sélections de <a href=""https://meilleurtest.fr/comparatif-vetement-pour-femme-enceinte/"">vêtements pour femme enceinte</a>, de <a href=""https://meilleurtest.fr/comparatif-pantalon-pour-femme-enceinte/"">pantalons pour femme enceinte</a> et de <a href=""https://meilleurtest.fr/comparatif-gaine-post-accouchement/"">gaines post-accouchement</a> pour accompagner votre choix de chaussures pour femme enceinte."
"39465";"Votre appli de grossesse vous guidera semaine après semaine avec des conseils personnalisés et le suivi du développement de votre bébé. Ce guide comparatif analysera les applications selon leurs fonctionnalités, leur fiabilité médicale et leur interface. Retrouvez aussi nos comparatifs de <a href=""https://meilleurtest.fr/comparatif-bola-de-grossesse/"">bolas de grossesse</a>, de <a href=""https://meilleurtest.fr/comparatif-bandeau-de-grossesse/"">bandeaux de grossesse</a> et de <a href=""https://meilleurtest.fr/comparatif-vetement-pour-femme-enceinte/"">vêtements pour femme enceinte</a> pour bien vivre chaque étape grâce à la bonne appli de grossesse."
"38873";"Gérer le stress et l'anxiété au quotidien deviendra plus simple grâce à une application de méditation sur votre smartphone. Séances guidées, exercices de respiration et suivi de progression vous accompagneront au fil des jours. Associez votre pratique à un <a href=""https://meilleurtest.fr/comparatif-tapis-d-acupression/"">tapis d'acupression</a> ou une <a href=""https://meilleurtest.fr/comparatif-lampe-de-luminotherapie/"">lampe de luminothérapie</a>. Pensez aussi aux <a href=""https://meilleurtest.fr/comparatif-huile-essentielle-pour-dormir/"">huiles essentielles pour dormir</a>. Ce guide comparatif vous aidera à choisir la meilleure appli de méditation."
"37236";"Le tapis d'acupression soulagera vos douleurs dorsales et vos tensions musculaires grâce à ses milliers de picots stimulant les points de pression. Inspiré de la médecine traditionnelle chinoise, il conviendra aussi pour la relaxation après le sport. Complétez votre routine bien-être avec une <a href=""https://meilleurtest.fr/comparatif-appli-de-meditation/"">appli de méditation</a>, une <a href=""https://meilleurtest.fr/comparatif-lampe-de-luminotherapie/"">lampe de luminothérapie</a> ou un <a href=""https://meilleurtest.fr/comparatif-diffuseur-huile-essentielle/"">diffuseur d'huiles essentielles</a>. Ce guide comparatif vous aidera à choisir le meilleur tapis d'acupression."
"37209";"Une lampe de luminothérapie simulera la lumière naturelle pour compenser le manque de soleil, notamment en hiver. En régulant votre horloge biologique, elle améliorera votre humeur et votre énergie sans recours médicamenteux. Complétez votre routine avec un <a href=""https://meilleurtest.fr/comparatif-tapis-d-acupression/"">tapis d'acupression</a>, une <a href=""https://meilleurtest.fr/comparatif-appli-de-meditation/"">appli de méditation</a> ou des <a href=""https://meilleurtest.fr/comparatif-huile-essentielle-pour-dormir/"">huiles essentielles pour dormir</a>. Ce guide comparatif vous aidera à choisir la lampe de luminothérapie la plus adaptée."
"41482";"Vous cherchez une machine capable de dégauchir et raboter le bois en une seule opération ? Ce guide vous présentera les meilleures raboteuses dégauchisseuses selon la puissance, la largeur de coupe et la stabilité de la table. Nos comparatifs de <a href=""https://meilleurtest.fr/comparatif-raboteuse-stationnaire/"">raboteuses stationnaires</a>, de <a href=""https://meilleurtest.fr/comparatif-tour-a-bois/"">tours à bois</a> et de <a href=""https://meilleurtest.fr/comparatif-ponceuse-a-bande/"">ponceuses à bande</a> vous aideront à compléter votre atelier autour de la raboteuse dégauchisseuse."
"41370";"Vous souhaitez façonner le bois avec précision et créativité ? Ce guide vous accompagnera dans le choix du tour à bois adapté à votre niveau et à vos projets. Vitesse de rotation, distance entre pointes et puissance du moteur orienteront votre sélection. Nos comparatifs de <a href=""https://meilleurtest.fr/comparatif-scie-a-chantourner/"">scies à chantourner</a>, de <a href=""https://meilleurtest.fr/comparatif-raboteuse-degauchisseuse/"">raboteuses dégauchisseuses</a> et d'<a href=""https://meilleurtest.fr/comparatif-etabli/"">établis</a> compléteront votre recherche autour du tour à bois."
"41124";"Vous recherchez une scie à onglet qui allie performance et prix raisonnable ? Ce guide vous présentera les meilleures scies à onglet rapport qualité/prix pour des coupes angulaires nettes sur bois, PVC et métaux légers. Puissance, capacité de coupe et précision de l'angle seront vos critères clés. Nos comparatifs de <a href=""https://meilleurtest.fr/comparatif-scie-sur-table/"">scies sur table</a>, de <a href=""https://meilleurtest.fr/comparatif-scie-plongeante/"">scies plongeantes</a> et d'<a href=""https://meilleurtest.fr/comparatif-etabli-pliant/"">établis pliants</a> enrichiront votre sélection de scie à onglet rapport qualité/prix."
"41086";"Vous souhaitez réaliser des rainures, des moulures et des assemblages précis sans dépasser votre budget ? Ce guide vous orientera vers les meilleures défonceuses rapport qualité/prix du moment. Puissance, profondeur de passe et système de réglage feront la différence. Nos comparatifs de <a href=""https://meilleurtest.fr/comparatif-defonceuse/"">défonceuses</a>, de <a href=""https://meilleurtest.fr/comparatif-scie-circulaire-plongeante/"">scies circulaires plongeantes</a> et de <a href=""https://meilleurtest.fr/comparatif-ponceuse/"">ponceuses</a> compléteront votre choix de défonceuse rapport qualité/prix."
"40266";"Vous envisagez d'acquérir une raboteuse stationnaire pour obtenir des épaisseurs de bois régulières et nettes ? Ce guide vous présentera les modèles les plus performants du marché. Puissance du moteur, nombre de fers et largeur de rabotage guideront votre choix. Nos comparatifs de <a href=""https://meilleurtest.fr/comparatif-raboteuse-degauchisseuse/"">raboteuses dégauchisseuses</a>, de <a href=""https://meilleurtest.fr/comparatif-scie-sur-table/"">scies sur table</a> et de <a href=""https://meilleurtest.fr/comparatif-perceuse-a-colonne/"">perceuses à colonne</a> viendront enrichir votre sélection de raboteuse stationnaire."
"40002";"Vous recherchez un outil de fixation rapide et puissant pour vos assemblages en bois ou en métal ? Ce guide vous présentera les meilleurs cloueurs pneumatiques adaptés à vos travaux. Pression de fonctionnement, calibre des clous et cadence de tir orienteront votre décision. Nos comparatifs de <a href=""https://meilleurtest.fr/comparatif-cloueur-de-charpente/"">cloueurs de charpente</a>, de <a href=""https://meilleurtest.fr/comparatif-scies-a-onglet-rapport-qualite-prix/"">scies à onglet</a> et d'<a href=""https://meilleurtest.fr/comparatif-etabli/"">établis</a> compléteront votre sélection de cloueur pneumatique."
"39958";"Vous souhaitez débiter vos grumes et billots directement sur le terrain ? Ce guide vous présentera les meilleures scieries mobiles pour produire planches, poutres et madriers en toute autonomie. Longueur de coupe, diamètre maximal des grumes et type de lame orienteront votre choix. Nos comparatifs de <a href=""https://meilleurtest.fr/comparatif-scie-circulaire-plongeante/"">scies circulaires plongeantes</a>, de <a href=""https://meilleurtest.fr/comparatif-tour-a-bois/"">tours à bois</a> et de <a href=""https://meilleurtest.fr/comparatif-scie-plongeante/"">scies plongeantes</a> compléteront votre recherche autour de la scierie mobile."
"39905";"Vous avez besoin de découpes droites et précises dans le bois, le métal ou la pierre ? Ce guide vous présentera les meilleures scies circulaires plongeantes selon la profondeur de coupe, la puissance et la compatibilité avec un rail de guidage. Nos comparatifs de <a href=""https://meilleurtest.fr/comparatif-scie-plongeante/"">scies plongeantes</a>, de <a href=""https://meilleurtest.fr/comparatif-scie-sur-table/"">scies sur table</a> et de <a href=""https://meilleurtest.fr/comparatif-ponceuse/"">ponceuses</a> élargiront votre recherche autour de la scie circulaire plongeante."
"38637";"Vous recherchez un outil de coupe polyvalent à lame rétractable pour des découpes impossibles avec une scie classique ? Ce guide vous présentera les meilleures scies plongeantes du moment. Précision, compatibilité avec un rail de guidage et profondeur de coupe orienteront votre choix. Nos comparatifs de <a href=""https://meilleurtest.fr/comparatif-scie-circulaire-plongeante/"">scies circulaires plongeantes</a>, de <a href=""https://meilleurtest.fr/comparatif-scie-sauteuse/"">scies sauteuses</a> et de <a href=""https://meilleurtest.fr/comparatif-scie-a-chantourner/"">scies à chantourner</a> compléteront votre recherche de scie plongeante."
"38146";"Vous souhaitez réaliser des coupes droites et répétitives sur tous types de bois avec une précision constante ? Ce guide vous présentera les meilleures scies sur table pour amateurs et professionnels. Puissance du moteur, surface de travail et capacité de coupe orienteront votre sélection. Nos comparatifs de <a href=""https://meilleurtest.fr/comparatif-scies-a-onglet-rapport-qualite-prix/"">scies à onglet</a>, de <a href=""https://meilleurtest.fr/comparatif-defonceuse/"">défonceuses</a> et de <a href=""https://meilleurtest.fr/comparatif-ponceuse-a-bande/"">ponceuses à bande</a> compléteront votre équipement autour de la scie sur table."
"38093";"Vous souhaitez réaliser des rainures, des moulures et des assemblages de qualité sur le bois ? Ce guide vous présentera les meilleures défonceuses adaptées à vos projets de menuiserie. Puissance, course de la fraise et système de réglage en profondeur orienteront votre décision. Nos comparatifs de <a href=""https://meilleurtest.fr/comparatif-defonceuses-rapport-qualite-prix/"">défonceuses rapport qualité/prix</a>, de <a href=""https://meilleurtest.fr/comparatif-raboteuse-stationnaire/"">raboteuses stationnaires</a> et de <a href=""https://meilleurtest.fr/comparatif-scie-a-chantourner/"">scies à chantourner</a> compléteront votre recherche de défonceuse."
"38015";"Vous souhaitez effectuer des coupes courbes et des découpes intérieures fines dans le bois ou le plastique ? Ce guide vous présentera les meilleures scies à chantourner pour artisans et modélistes. Vitesse de la lame, profondeur de coupe et système de tension orienteront votre choix. Nos comparatifs de <a href=""https://meilleurtest.fr/comparatif-tour-a-bois/"">tours à bois</a>, de <a href=""https://meilleurtest.fr/comparatif-scie-sauteuse-sans-fil/"">scies sauteuses sans fil</a> et de <a href=""https://meilleurtest.fr/comparatif-defonceuse/"">défonceuses</a> enrichiront votre sélection autour de la scie à chantourner."
"37170";"Vous construisez une ossature bois ou rénovez une toiture et vous avez besoin d'un clouage rapide et solide ? Ce guide vous présentera les meilleurs cloueurs de charpente pour fixer vos structures en toute sécurité. Puissance, profondeur d'enfoncement et capacité du chargeur orienteront votre choix. Nos comparatifs de <a href=""https://meilleurtest.fr/comparatif-cloueur-pneumatique/"">cloueurs pneumatiques</a>, de <a href=""https://meilleurtest.fr/comparatif-scies-a-onglet-rapport-qualite-prix/"">scies à onglet</a> et de <a href=""https://meilleurtest.fr/comparatif-perceuse/"">perceuses</a> compléteront votre sélection de cloueur de charpente."
"38880";"Le microscope numérique capturera des images agrandies directement sur un écran, sans nécessiter d'oculaire. Idéal pour l'inspection de composants, la biologie amateur ou la bijouterie, il simplifiera l'observation grâce à un capteur intégré. Comparez-le au <a href=""https://meilleurtest.fr/comparatif-microscope/"">microscope optique</a> classique ou choisissez un <a href=""https://meilleurtest.fr/comparatif-microscope-enfant/"">modèle pour enfant</a> selon l'utilisateur. Des <a href=""https://meilleurtest.fr/comparatif-jumelles/"">jumelles</a> compléteront votre équipement d'observation. Ce guide comparatif vous aidera à choisir le meilleur microscope numérique."
"37827";"Le microscope vous ouvrira les portes de l'infiniment petit : cellules, cristaux, insectes ou fibres textiles, tout deviendra visible en détail. Objectifs interchangeables et éclairage LED permettront des observations précises à différents grossissements. Pour un usage éducatif, consultez les <a href=""https://meilleurtest.fr/comparatif-microscope-enfant/"">microscopes pour enfant</a>, ou optez pour un <a href=""https://meilleurtest.fr/comparatif-microscope-numerique/"">microscope numérique</a> avec écran intégré. Des <a href=""https://meilleurtest.fr/comparatif-jumelles/"">jumelles</a> compléteront votre panoplie d'observation. Ce guide comparatif vous aidera à choisir le microscope le plus adapté."
"37715";"Offrir un microscope à votre enfant éveillera sa curiosité scientifique et développera sa capacité d'observation. Sûr et adapté aux petites mains, il existe en version dès 5 ans et pour les plus grands. Comparez-le au <a href=""https://meilleurtest.fr/comparatif-microscope/"">microscope classique</a> ou au <a href=""https://meilleurtest.fr/comparatif-microscope-numerique/"">microscope numérique</a> avec écran. Des <a href=""https://meilleurtest.fr/comparatif-jumelles/"">jumelles</a> compléteront son équipement de petit explorateur. Ce guide comparatif vous aidera à choisir le meilleur microscope pour enfant."
"42633";"Ce guide vous aidera à identifier le brûleur de graisse pour homme adapté à vos objectifs. Vous y découvrirez les critères essentiels pour choisir entre les <a href=""""https://meilleurtest.fr/comparatif-bruleur-de-graisse/"""">brûleurs de graisse classiques</a>, les <a href=""""https://meilleurtest.fr/comparatif-coupe-faim/"""">coupe-faim</a> et les <a href=""""https://meilleurtest.fr/comparatif-draineur/"""">draineurs</a>. Associé à une <a href=""""https://meilleurtest.fr/comparatif-ceinture-de-sudation/"""">ceinture de sudation</a>, un bon brûleur de graisse pour homme accélérera votre perte de poids de manière ciblée."
"42602";"Ce guide vous présentera les meilleurs appareils anti-cellulite pour retrouver une peau lisse et ferme. Vous comparerez les technologies disponibles, des <a href=""""https://meilleurtest.fr/comparatif-appareil-palper-rouler/"""">appareils palper rouler</a> aux <a href=""""https://meilleurtest.fr/comparatif-appareil-anti-cellulites-a-ultrasons/"""">modèles à ultrasons</a>, en passant par les <a href=""""https://meilleurtest.fr/comparatif-appareil-anti-cellulite-efficace/"""">appareils anti-cellulite les plus efficaces</a>. Pour compléter votre routine, vous pourrez aussi consulter notre sélection de <a href=""""https://meilleurtest.fr/comparatif-creme-anti-cellulite/"""">crèmes anti-cellulite</a>."
"42398";"Ce guide vous permettra de choisir le draineur le mieux adapté à vos besoins minceur. Vous découvrirez comment ce <a href=""""https://meilleurtest.fr/comparatif-complement-alimentaire/"""">complément alimentaire</a> favorise l’élimination des toxines et réduit la rétention d’eau. Associé à un <a href=""""https://meilleurtest.fr/comparatif-bruleur-de-graisse/"""">brûleur de graisse</a> ou à un <a href=""""https://meilleurtest.fr/comparatif-coupe-faim/"""">coupe-faim</a>, le draineur constituera un allié précieux dans votre <a href=""""https://meilleurtest.fr/comparatif-complement-alimentaire-pour-maigrir/"""">programme minceur</a>."
"42205";"Ce guide vous orientera vers la crème amincissante pour le ventre la plus adaptée à votre silhouette. Vous comprendrez quels actifs ciblent les graisses abdominales et comment les associer à une <a href=""""https://meilleurtest.fr/comparatif-ceinture-de-sudation/"""">ceinture de sudation</a> ou une <a href=""""https://meilleurtest.fr/comparatif-gaine-ventre-plat-invisible/"""">gaine ventre plat</a>. Vous trouverez aussi des comparaisons avec les <a href=""""https://meilleurtest.fr/comparatif-creme-amincissante/"""">crèmes amincissantes classiques</a> et les <a href=""""https://meilleurtest.fr/comparatif-bruleur-de-graisse/"""">brûleurs de graisse</a> pour affiner votre ventre efficacement."
"42098";"Ce guide vous aidera à trouver la gaine ventre plat invisible idéale pour affiner votre silhouette au quotidien. Vous comparerez les modèles selon leur maintien, leur confort et leur discrétion sous les vêtements. Vous découvrirez aussi les différences avec les <a href=""""https://meilleurtest.fr/comparatif-gaine-amincissante/"""">gaines amincissantes</a>, les <a href=""""https://meilleurtest.fr/comparatif-corset-minceur/"""">corsets minceur</a> et les <a href=""""https://meilleurtest.fr/comparatif-culotte-gainante/"""">culottes gainantes</a> pour choisir la gaine ventre plat invisible la mieux adaptée à vos besoins."
"42023";"Ce guide vous présentera les appareils anti-cellulite les plus efficaces pour des résultats visibles et durables. Vous comparerez les technologies de chaque <a href=""""https://meilleurtest.fr/comparatif-appareil-anti-cellulite/"""">appareil anti-cellulite</a>, du <a href=""""https://meilleurtest.fr/comparatif-appareil-palper-rouler/"""">palper rouler</a> aux <a href=""""https://meilleurtest.fr/comparatif-appareil-anti-cellulites-a-ultrasons/"""">ultrasons</a>. Pour optimiser votre routine, vous pourrez compléter avec une <a href=""""https://meilleurtest.fr/comparatif-creme-anti-cellulite/"""">crème anti-cellulite</a> et obtenir les meilleurs résultats avec votre appareil anti-cellulite efficace."
"41172";"Ce guide vous aidera à sélectionner le corset minceur adapté à vos attentes, qu’il s’agisse de galber votre silhouette ou de maintenir votre posture. Vous découvrirez les différents types disponibles et leurs avantages par rapport aux <a href=""""https://meilleurtest.fr/comparatif-gaine-amincissante/"""">gaines amincissantes</a>, aux <a href=""""https://meilleurtest.fr/comparatif-gaine-ventre-plat-invisible/"""">gaines ventre plat</a> et aux <a href=""""https://meilleurtest.fr/comparatif-culotte-gainante/"""">culottes gainantes</a>. Ce comparatif vous guidera vers le corset minceur qui sublimera votre silhouette."
"40299";"Ce guide vous accompagnera dans le choix du brûleur de graisse pour femme le plus adapté à vos objectifs. Vous comparerez les formules disponibles et leurs principes actifs, avec des alternatives comme les <a href=""""https://meilleurtest.fr/comparatif-bruleur-de-graisse/"""">brûleurs de graisse classiques</a>, les <a href=""""https://meilleurtest.fr/comparatif-coupe-faim/"""">coupe-faim</a> et les <a href=""""https://meilleurtest.fr/comparatif-draineur/"""">draineurs</a>. Vous trouverez le brûleur de graisse pour femme qui répondra à vos besoins spécifiques."
"39884";"Ce guide vous présentera les meilleures applis pour maigrir et atteindre vos objectifs de perte de poids. Vous découvrirez les fonctionnalités clés pour suivre votre alimentation et votre activité physique. Associée à une <a href=""""https://meilleurtest.fr/comparatif-balance-impedancemetre/"""">balance impédancemètre</a>, un <a href=""""https://meilleurtest.fr/comparatif-bruleur-de-graisse/"""">brûleur de graisse</a> ou un <a href=""""https://meilleurtest.fr/comparatif-complement-alimentaire-pour-maigrir/"""">complément alimentaire pour maigrir</a>, une bonne appli pour maigrir deviendra votre alliée au quotidien."
"39710";"Ce guide vous aidera à choisir la crème amincissante la plus efficace pour affiner votre silhouette. Vous comprendrez les différences entre les formules à base de caféine, de rétinol ou d’algues. Vous comparerez aussi les <a href=""""https://meilleurtest.fr/comparatif-creme-amincissante-pour-le-ventre/"""">crèmes amincissantes pour le ventre</a>, les <a href=""""https://meilleurtest.fr/comparatif-creme-anti-cellulite/"""">crèmes anti-cellulite</a> et les <a href=""""https://meilleurtest.fr/comparatif-bruleur-de-graisse/"""">brûleurs de graisse</a> pour trouver la crème amincissante adaptée à vos objectifs."
"39205";"Ce guide vous permettra de trouver l’appareil palper rouler le plus performant pour réduire la cellulite. Vous découvrirez comment cette technique de massage mécanique se distingue des <a href=""""https://meilleurtest.fr/comparatif-appareil-anti-cellulites-a-ultrasons/"""">appareils à ultrasons</a> et des <a href=""""https://meilleurtest.fr/comparatif-ventouse-anti-cellulite/"""">ventouses anti-cellulite</a>. En complément d’une <a href=""""https://meilleurtest.fr/comparatif-creme-anti-cellulite/"""">crème anti-cellulite</a>, un bon appareil palper rouler vous offrira des résultats visibles sur votre peau."
"38928";"Ce guide vous présentera les meilleurs appareils anti-cellulite à ultrasons pour traiter la peau d’orange en profondeur. Vous comprendrez comment la cavitation ultrasonique décompose les amas graisseux et se distingue des <a href=""""https://meilleurtest.fr/comparatif-appareil-palper-rouler/"""">appareils palper rouler</a> ou des <a href=""""https://meilleurtest.fr/comparatif-appareil-anti-cellulite-efficace/"""">appareils anti-cellulite mécaniques</a>. Associé à une <a href=""""https://meilleurtest.fr/comparatif-creme-anti-cellulite/"""">crème anti-cellulite</a>, un bon appareil à ultrasons optimisera vos résultats contre la cellulite."
"38492";"Ce guide vous aidera à identifier la ceinture de sudation la plus adaptée à vos objectifs minceur. Vous découvrirez comment la sudation favorise l’élimination des toxines au niveau du ventre. Pour maximiser vos résultats, vous pourrez l’associer à une <a href=""""https://meilleurtest.fr/comparatif-creme-amincissante-pour-le-ventre/"""">crème amincissante pour le ventre</a>, un <a href=""""https://meilleurtest.fr/comparatif-bruleur-de-graisse/"""">brûleur de graisse</a> ou une <a href=""""https://meilleurtest.fr/comparatif-gaine-amincissante/"""">gaine amincissante</a> afin de tirer le meilleur parti de votre ceinture de sudation."
"38387";"Ce guide vous orientera vers la gaine amincissante idéale pour sculpter votre silhouette sous vos vêtements. Vous découvrirez les critères de confort, de maintien et de discrétion qui font la différence. Vous comparerez les gaines amincissantes avec les <a href=""""https://meilleurtest.fr/comparatif-gaine-ventre-plat-invisible/"""">gaines ventre plat invisibles</a>, les <a href=""""https://meilleurtest.fr/comparatif-corset-minceur/"""">corsets minceur</a> et les <a href=""""https://meilleurtest.fr/comparatif-culotte-gainante/"""">culottes gainantes</a> pour trouver la gaine amincissante qui conviendra le mieux à votre morphologie."
"38107";"Ce guide vous permettra de choisir le coupe-faim le plus adapté pour contrôler vos envies alimentaires et soutenir votre perte de poids. Vous découvrirez les principes actifs qui réduisent la sensation de faim et comparerez les coupe-faim avec les <a href=""""https://meilleurtest.fr/comparatif-bruleur-de-graisse/"""">brûleurs de graisse</a>, les <a href=""""https://meilleurtest.fr/comparatif-draineur/"""">draineurs</a> et les <a href=""""https://meilleurtest.fr/comparatif-complement-alimentaire-pour-maigrir/"""">compléments alimentaires pour maigrir</a>. Vous trouverez le coupe-faim qui vous conviendra le mieux."
"38059";"Ce guide vous accompagnera dans le choix du brûleur de graisse le plus efficace pour favoriser votre perte de poids. Vous découvrirez les différents types de formules et leurs principes actifs. Vous comparerez aussi les brûleurs de graisse avec les <a href=""""https://meilleurtest.fr/comparatif-coupe-faim/"""">coupe-faim</a>, les <a href=""""https://meilleurtest.fr/comparatif-draineur/"""">draineurs</a> et les solutions ciblées comme les <a href=""""https://meilleurtest.fr/comparatif-bruleur-de-graisse-pour-femme/"""">brûleurs de graisse pour femme</a> ou <a href=""""https://meilleurtest.fr/comparatif-bruleur-de-graisse-pour-homme/"""">pour homme</a>."
"37952";"Ce guide vous aidera à choisir la crème anti-cellulite la plus efficace pour retrouver une peau lisse. Vous comprendrez les bienfaits des actifs drainants et raffermissants. Pour une action renforcée, vous découvrirez comment associer votre crème anti-cellulite à un <a href=""""https://meilleurtest.fr/comparatif-appareil-anti-cellulite/"""">appareil anti-cellulite</a>, une <a href=""""https://meilleurtest.fr/comparatif-huile-anti-cellulite/"""">huile anti-cellulite</a> ou une <a href=""""https://meilleurtest.fr/comparatif-ventouse-anti-cellulite/"""">ventouse anti-cellulite</a> pour des résultats optimaux."
"42561";"Les premiers pas de votre enfant exigent des chaussures qui respectent la croissance de ses pieds. Vous trouverez dans ce guide les critères de souplesse, de maintien et de pointure à privilégier. Nos comparatifs de <a href=""""https://meilleurtest.fr/comparatif-chaussures-pour-enfant/"""">chaussures pour enfant</a>, de <a href=""""https://meilleurtest.fr/comparatif-baskets-pour-enfant/"""">baskets pour enfant</a> et de <a href=""""https://meilleurtest.fr/comparatif-draisienne/"""">draisiennes</a> compléteront votre recherche. Ce guide vous orientera vers les meilleures chaussures bébé premiers pas."
"41601";"Le choix de baskets pour votre enfant influencera son confort au quotidien, que ce soit pour l’école ou les activités sportives. Vous découvrirez dans ce guide comment distinguer un modèle durable et bien amorti d’une paire fragile. Nos sélections de <a href=""""https://meilleurtest.fr/comparatif-chaussures-pour-enfant/"""">chaussures pour enfant</a>, de <a href=""""https://meilleurtest.fr/comparatif-chaussure-bebe-premiers-pas/"""">chaussures bébé premiers pas</a> et d’<a href=""""https://meilleurtest.fr/comparatif-apres-ski-enfant/"""">après-skis enfant</a> compléteront votre recherche. Ce comparatif vous guidera vers les meilleures baskets pour enfant."
"41584";"Protéger les pieds de votre enfant contre le froid et l’humidité sera essentiel lors des sorties hivernales. Vous découvrirez ici les critères pour choisir des après-skis chauds, imperméables et faciles à enfiler. Nos guides de <a href=""""https://meilleurtest.fr/comparatif-chaussures-pour-enfant/"""">chaussures pour enfant</a>, de <a href=""""https://meilleurtest.fr/comparatif-bottes-apres-ski/"""">bottes après-ski</a> et de <a href=""""https://meilleurtest.fr/comparatif-baskets-pour-enfant/"""">baskets pour enfant</a> compléteront votre recherche. Ce comparatif vous orientera vers les meilleurs après-skis enfant."
"41236";"Un trampoline rectangulaire offrira une surface de saut plus large et régulière qu’un modèle rond, idéale pour un usage familial ou sportif. Vous découvrirez dans ce guide les critères de taille, de sécurité et de rebond à évaluer. Nos comparatifs de <a href=""""https://meilleurtest.fr/comparatif-trampoline-enfant/"""">trampolines enfant</a>, de <a href=""""https://meilleurtest.fr/comparatif-trampoline-pas-cher/"""">trampolines pas chers</a> et de <a href=""""https://meilleurtest.fr/comparatif-trampoline-fitness/"""">trampolines fitness</a> compléteront votre recherche. Ce guide vous orientera vers les meilleurs trampolines rectangulaires."
"41225";"Les Converse séduisent les enfants par leur style iconique, mais toutes les tailles ne conviennent pas à chaque âge. Vous découvrirez dans ce guide les critères pour choisir la bonne paire selon la morphologie du pied. Nos sélections de <a href=""""https://meilleurtest.fr/comparatif-chaussures-pour-enfant/"""">chaussures pour enfant</a>, de <a href=""""https://meilleurtest.fr/comparatif-baskets-pour-enfant/"""">baskets pour enfant</a> et de <a href=""""https://meilleurtest.fr/comparatif-chaussure-bebe-premiers-pas/"""">chaussures bébé premiers pas</a> compléteront votre recherche. Ce comparatif vous orientera vers les meilleures Converse pour enfant."
"40587";"Kangui propose des trampolines réputés pour leur robustesse et leur filet de sécurité renforcé. Vous découvrirez dans ce guide les modèles les plus adaptés à votre jardin et à vos besoins. Nos comparatifs de <a href=""""https://meilleurtest.fr/comparatif-trampoline-enfant/"""">trampolines enfant</a>, de <a href=""""https://meilleurtest.fr/comparatif-trampoline-rectangulaire/"""">trampolines rectangulaires</a> et de <a href=""""https://meilleurtest.fr/comparatif-trampoline-pas-cher/"""">trampolines pas chers</a> compléteront votre recherche. Ce guide vous orientera vers les meilleurs trampolines Kangui."
"40586";"Alice Garden conçoit des trampolines accessibles, souvent choisis pour équiper un jardin sans dépasser son budget. Vous découvrirez dans ce guide les modèles les plus fiables de la marque. Nos comparatifs de <a href=""""https://meilleurtest.fr/comparatif-trampoline-enfant/"""">trampolines enfant</a>, de <a href=""""https://meilleurtest.fr/comparatif-trampoline-rectangulaire/"""">trampolines rectangulaires</a> et de <a href=""""https://meilleurtest.fr/comparatif-trampoline-pas-cher/"""">trampolines pas chers</a> compléteront votre recherche. Ce guide vous orientera vers les meilleurs trampolines Alice Garden."
"40458";"Puky se distingue par des draisiennes robustes et ergonomiques, conçues pour accompagner les tout-petits dans l’apprentissage de l’équilibre. Vous découvrirez dans ce guide les modèles les plus adaptés à l’âge de votre enfant. Nos comparatifs de <a href=""""https://meilleurtest.fr/comparatif-draisienne/"""">draisiennes</a>, de <a href=""""https://meilleurtest.fr/comparatif-draisienne-bois/"""">draisiennes en bois</a> et de <a href=""""https://meilleurtest.fr/comparatif-tricycle-evolutif/"""">tricycles évolutifs</a> compléteront votre recherche. Ce guide vous orientera vers les meilleures draisiennes Puky."
"40075";"Un toboggan de piscine transformera vos journées d’été en moments de jeu pour toute la famille. Vous découvrirez dans ce guide les critères de sécurité, de hauteur et de compatibilité avec votre bassin. Nos sélections de <a href=""""https://meilleurtest.fr/comparatif-toboggan/"""">toboggans</a>, de <a href=""""https://meilleurtest.fr/comparatif-toboggan-bebe/"""">toboggans bébé</a>, de <a href=""""https://meilleurtest.fr/comparatif-piscine/"""">piscines</a> et de <a href=""""https://meilleurtest.fr/comparatif-trapeze-balancoire/"""">trapèzes balançoires</a> compléteront votre recherche. Ce guide vous orientera vers les meilleurs toboggans de piscine."
"39898";"Un tracteur à pédales stimulera la motricité et l’imagination de votre enfant tout en l’incitant à jouer en plein air. Vous découvrirez dans ce guide les critères de taille, de robustesse et de confort à privilégier. Nos comparatifs de <a href=""""https://meilleurtest.fr/comparatif-draisienne/"""">draisiennes</a>, de <a href=""""https://meilleurtest.fr/comparatif-tricycle-evolutif/"""">tricycles évolutifs</a> et de <a href=""""https://meilleurtest.fr/comparatif-toboggan/"""">toboggans</a> compléteront votre recherche. Ce guide vous orientera vers les meilleurs tracteurs à pédales."
"39655";"Trouver des chaussures adaptées à la croissance de votre enfant demandera de concilier confort, maintien et résistance à l’usure. Vous découvrirez dans ce guide les critères essentiels pour chaque tranche d’âge. Nos comparatifs de <a href=""""https://meilleurtest.fr/comparatif-chaussure-bebe-premiers-pas/"""">chaussures bébé premiers pas</a>, de <a href=""""https://meilleurtest.fr/comparatif-baskets-pour-enfant/"""">baskets pour enfant</a> et d’<a href=""""https://meilleurtest.fr/comparatif-apres-ski-enfant/"""">après-skis enfant</a> compléteront votre recherche. Ce guide vous orientera vers les meilleures chaussures pour enfant."
"39494";"Un trapèze balançoire installé dans votre jardin occupera vos enfants pendant des heures tout en renforçant leur coordination et leur force. Vous découvrirez dans ce guide les critères de fixation, de charge et de matériaux à vérifier. Nos comparatifs de <a href=""""https://meilleurtest.fr/comparatif-toboggan/"""">toboggans</a>, de <a href=""""https://meilleurtest.fr/comparatif-trampoline-enfant/"""">trampolines enfant</a> et de <a href=""""https://meilleurtest.fr/comparatif-triangle-de-pikler/"""">triangles de Pikler</a> compléteront votre recherche. Ce guide vous orientera vers les meilleurs trapèzes balançoires."
"39441";"Un triangle de Pikler favorisera la motricité libre de votre enfant en lui offrant un espace d’escalade sécurisé dès le plus jeune âge. Vous découvrirez dans ce guide les critères de taille, de stabilité et de matériaux à privilégier. Nos comparatifs de <a href=""""https://meilleurtest.fr/comparatif-toboggan-bebe/"""">toboggans bébé</a>, de <a href=""""https://meilleurtest.fr/comparatif-draisienne/"""">draisiennes</a> et de <a href=""""https://meilleurtest.fr/comparatif-trapeze-balancoire/"""">trapèzes balançoires</a> compléteront votre recherche. Ce guide vous orientera vers les meilleurs triangles de Pikler."
"39235";"Une draisienne en bois séduira par son aspect naturel et sa légèreté, idéale pour initier votre enfant à l’équilibre dès 2 ans. Vous découvrirez dans ce guide les critères de poids, de hauteur de selle et de finition à examiner. Nos comparatifs de <a href=""""https://meilleurtest.fr/comparatif-draisienne/"""">draisiennes</a>, de <a href=""""https://meilleurtest.fr/comparatif-draisienne-electrique/"""">draisiennes électriques</a> et de <a href=""""https://meilleurtest.fr/comparatif-tricycle-evolutif/"""">tricycles évolutifs</a> compléteront votre recherche. Ce guide vous orientera vers les meilleures draisiennes en bois."
"39142";"Un trampoline pas cher permettra à toute la famille de s’amuser dans le jardin sans grever votre budget. Vous découvrirez dans ce guide les critères de sécurité, de diamètre et de solidité à vérifier avant votre achat. Nos comparatifs de <a href=""""https://meilleurtest.fr/comparatif-trampoline-enfant/"""">trampolines enfant</a>, de <a href=""""https://meilleurtest.fr/comparatif-trampoline-rectangulaire/"""">trampolines rectangulaires</a> et de <a href=""""https://meilleurtest.fr/comparatif-trampoline-fitness/"""">trampolines fitness</a> compléteront votre recherche. Ce guide vous orientera vers les meilleurs trampolines pas chers."
"39105";"Un toboggan bébé offrira à votre tout-petit ses premières sensations de glisse en toute sécurité. Vous découvrirez dans ce guide les critères de hauteur, de stabilité et de matériaux adaptés aux enfants dès 18 mois. Nos comparatifs de <a href=""""https://meilleurtest.fr/comparatif-toboggan/"""">toboggans</a>, de <a href=""""https://meilleurtest.fr/comparatif-toboggan-de-piscine/"""">toboggans de piscine</a> et de <a href=""""https://meilleurtest.fr/comparatif-triangle-de-pikler/"""">triangles de Pikler</a> compléteront votre recherche. Ce guide vous orientera vers les meilleurs toboggans bébé."
"39033";"Un trampoline enfant conjuguera amusement et activité physique, aidant votre enfant à développer son équilibre et sa coordination. Vous découvrirez dans ce guide les critères de diamètre, de filet de sécurité et de poids maximal à évaluer. Nos comparatifs de <a href=""""https://meilleurtest.fr/comparatif-trampoline-rectangulaire/"""">trampolines rectangulaires</a>, de <a href=""""https://meilleurtest.fr/comparatif-trampoline-pas-cher/"""">trampolines pas chers</a> et de <a href=""""https://meilleurtest.fr/comparatif-trampoline-fitness/"""">trampolines fitness</a> compléteront votre recherche. Ce guide vous orientera vers les meilleurs trampolines enfant."
"38799";"Un trampoline fitness vous permettra de brûler des calories et de tonifier votre corps sans quitter votre domicile. Vous découvrirez dans ce guide les critères de rebond, de stabilité et d’encombrement à évaluer pour un entraînement efficace. Nos comparatifs de <a href=""""https://meilleurtest.fr/comparatif-trampoline-enfant/"""">trampolines enfant</a>, de <a href=""""https://meilleurtest.fr/comparatif-trampoline-rectangulaire/"""">trampolines rectangulaires</a> et de <a href=""""https://meilleurtest.fr/comparatif-trampoline-pas-cher/"""">trampolines pas chers</a> compléteront votre recherche. Ce guide vous orientera vers les meilleurs trampolines fitness."
"38242";"Une draisienne électrique combinera la simplicité d’un vélo sans pédale avec l’assistance d’un moteur, idéale pour vos trajets urbains. Vous découvrirez dans ce guide les critères d’autonomie, de vitesse et de poids à évaluer. Nos comparatifs de <a href=""""https://meilleurtest.fr/comparatif-draisienne/"""">draisiennes</a>, de <a href=""""https://meilleurtest.fr/comparatif-velo/"""">vélos</a> et de <a href=""""https://meilleurtest.fr/comparatif-velo-electrique/"""">vélos électriques</a> compléteront votre recherche. Ce guide vous orientera vers les meilleures draisiennes électriques."
"37851";"Un tricycle évolutif accompagnera votre enfant depuis ses premiers coups de pédale jusqu’à une autonomie complète sur deux roues. Vous découvrirez dans ce guide les critères de sécurité, de réglage et de confort à privilégier selon son âge. Nos comparatifs de <a href=""""https://meilleurtest.fr/comparatif-draisienne/"""">draisiennes</a>, de <a href=""""https://meilleurtest.fr/comparatif-draisienne-bois/"""">draisiennes en bois</a> et de <a href=""""https://meilleurtest.fr/comparatif-chaussure-bebe-premiers-pas/"""">chaussures bébé premiers pas</a> compléteront votre recherche. Ce guide vous orientera vers les meilleurs tricycles évolutifs."
"37425";"La draisienne initiera votre enfant à l’équilibre sur deux roues, préparant en douceur la transition vers le vélo. Vous découvrirez dans ce guide les critères de poids, de hauteur de selle et de matériaux à examiner. Nos comparatifs de <a href=""""https://meilleurtest.fr/comparatif-draisienne-bois/"""">draisiennes en bois</a>, de <a href=""""https://meilleurtest.fr/comparatif-draisienne-electrique/"""">draisiennes électriques</a> et de <a href=""""https://meilleurtest.fr/comparatif-tricycle-evolutif/"""">tricycles évolutifs</a> compléteront votre recherche. Ce guide vous orientera vers les meilleures draisiennes."
"37313";"Un toboggan installé dans votre jardin ou votre intérieur offrira à votre enfant des heures de jeu et contribuera à développer son équilibre. Vous découvrirez dans ce guide les critères de hauteur, de matériaux et de sécurité à évaluer. Nos comparatifs de <a href=""""https://meilleurtest.fr/comparatif-toboggan-bebe/"""">toboggans bébé</a>, de <a href=""""https://meilleurtest.fr/comparatif-toboggan-de-piscine/"""">toboggans de piscine</a> et de <a href=""""https://meilleurtest.fr/comparatif-trapeze-balancoire/"""">trapèzes balançoires</a> compléteront votre recherche. Ce guide vous orientera vers les meilleurs toboggans."
"41629";"Version miniature d'un véritable aéronef, l'avion télécommandé vous offrira une expérience de pilotage complète : décollage, vol et atterrissage se gèrent depuis la radiocommande. Plus réaliste qu'un <a href=""https://meilleurtest.fr/comparatif-drone/"">drone</a>, il séduira les passionnés de modélisme autant que les débutants. Complétez votre collection avec un <a href=""https://meilleurtest.fr/comparatif-train-electrique/"">train électrique</a> ou une <a href=""https://meilleurtest.fr/comparatif-voiture-telecommandee/"">voiture télécommandée</a>. Ce guide comparatif vous aidera à choisir le modèle idéal."
"38074";"À mi-chemin entre jeu de construction et simulation, le train électrique captivera les enfants comme les collectionneurs adultes. On y assemble les rails, les décors et les wagons pour créer un réseau sur mesure. Complétez l'univers avec un <a href=""https://meilleurtest.fr/comparatif-avion-telecommande/"">avion télécommandé</a>, une <a href=""https://meilleurtest.fr/comparatif-voiture-telecommandee/"">voiture télécommandée</a> ou un <a href=""https://meilleurtest.fr/comparatif-puzzle-3d/"">puzzle 3D</a> pour varier les plaisirs. Ce guide comparatif vous aidera à choisir le coffret idéal."
"42651";"Une genouillère bien choisie soulagera vos douleurs articulaires et sécurisera chaque mouvement. Ce comparatif vous orientera vers le modèle adapté à votre activité, du sport à la rééducation. Vous découvrirez aussi nos sélections de <a href=""""https://meilleurtest.fr/comparatif-genouilleres-de-maintien/"""">genouillères de maintien</a>, d'<a href=""""https://meilleurtest.fr/comparatif-attelle-de-genou/"""">attelles de genou</a>, de <a href=""""https://meilleurtest.fr/comparatif-chaussettes-de-compression/"""">chaussettes de compression</a> et de <a href=""""https://meilleurtest.fr/comparatif-correcteur-de-posture/"""">correcteurs de posture</a> pour protéger l'ensemble de vos articulations avec la bonne genouillère."
"42162";"Renforcer votre périnée préviendra les fuites urinaires et améliorera votre confort après un accouchement ou une chirurgie. Ce comparatif vous guidera vers l'appareil pour muscler le périnée le mieux adapté, de la sonde au dispositif connecté. Consultez aussi nos guides sur les <a href=""""https://meilleurtest.fr/comparatif-electrostimulateur-pour-fessier/"""">électrostimulateurs pour fessier</a>, les <a href=""""https://meilleurtest.fr/comparatif-stimulateur-circulatoire/"""">stimulateurs circulatoires</a> et les <a href=""""https://meilleurtest.fr/comparatif-ceinture-cardio/"""">ceintures cardio</a> pour compléter votre rééducation avec le bon appareil pour muscler le périnée."
"40655";"Un pèse-personne Terraillon vous permettra de suivre votre poids avec la fiabilité d'une marque française reconnue. Ce comparatif vous présentera les modèles phares de Terraillon, du plus classique au plus connecté. Vous pourrez aussi consulter nos guides sur les <a href=""""https://meilleurtest.fr/comparatif-balance-impedancemetre/"""">balances impédancemètres</a>, les <a href=""""https://meilleurtest.fr/comparatif-impedancemetre-professionnel/"""">impédancemètres professionnels</a> et les <a href=""""https://meilleurtest.fr/comparatif-adipometre/"""">adipomètres</a> pour compléter votre suivi corporel avec le pèse-personne Terraillon qui vous convient."
"40498";"Des semelles Scholl bien choisies amélioreront votre confort et réduiront les douleurs plantaires au quotidien. Ce comparatif vous aidera à trouver le modèle Scholl adapté à vos chaussures, des semelles en gel aux versions sport. Découvrez aussi nos guides sur les <a href=""""https://meilleurtest.fr/comparatif-semelle-pour-pied-plat/"""">semelles pour pieds plats</a>, les <a href=""""https://meilleurtest.fr/comparatif-chaussures-pour-pieds-plats/"""">chaussures pour pieds plats</a>, les <a href=""""https://meilleurtest.fr/comparatif-genouilleres/"""">genouillères</a> et les <a href=""""https://meilleurtest.fr/comparatif-chaussettes-de-compression/"""">chaussettes de compression</a> pour préserver vos pieds et vos jambes avec les bonnes semelles Scholl."
"40197";"Un analyseur de sommeil vous révélera la qualité réelle de vos nuits grâce à des données précises sur vos cycles de repos. Ce comparatif vous orientera vers le modèle adapté, de la bande de lit à l'anneau connecté. Consultez aussi nos guides sur les <a href=""""https://meilleurtest.fr/comparatif-tracker-de-sommeil/"""">trackers de sommeil</a>, les <a href=""""https://meilleurtest.fr/comparatif-montre-connectee-sante/"""">montres connectées santé</a>, les <a href=""""https://meilleurtest.fr/comparatif-appareil-apnee-du-sommeil/"""">appareils pour l'apnée du sommeil</a> et les <a href=""""https://meilleurtest.fr/comparatif-ceinture-cardio/"""">ceintures cardio</a> pour mieux surveiller vos nuits avec le bon analyseur de sommeil."
"40026";"Une ceinture cardio vous fournira des mesures précises de votre fréquence cardiaque pendant l'effort. Ce comparatif vous aidera à choisir le modèle compatible avec vos objectifs, de la course à la musculation. Découvrez aussi nos guides sur les <a href=""""https://meilleurtest.fr/comparatif-montre-connectee-sante/"""">montres connectées santé</a>, les <a href=""""https://meilleurtest.fr/comparatif-tracker-fitness/"""">trackers fitness</a>, les <a href=""""https://meilleurtest.fr/comparatif-analyseur-de-sommeil/"""">analyseurs de sommeil</a> et les <a href=""""https://meilleurtest.fr/comparatif-adipometre/"""">adipomètres</a> pour accompagner votre entraînement avec la bonne ceinture cardio."
"39961";"Une balance pèse-bébé vous permettra de suivre la croissance de votre enfant avec des pesées régulières et fiables. Ce comparatif vous présentera les modèles les plus précis, du nourrisson au bambin. Consultez aussi nos guides sur les <a href=""""https://meilleurtest.fr/comparatif-pese-personne-terraillon/"""">pèse-personnes Terraillon</a>, les <a href=""""https://meilleurtest.fr/comparatif-balance-impedancemetre/"""">balances impédancemètres</a> et les <a href=""""https://meilleurtest.fr/comparatif-thermometre-bebe/"""">thermomètres bébé</a> pour veiller sur la santé de votre petit avec la bonne balance pèse-bébé."
"39783";"Une genouillère de maintien soulagera votre articulation fragilisée et préviendra les rechutes au quotidien. Ce comparatif vous guidera vers le modèle adapté, de la simple compression au renfort rigide. Découvrez aussi nos guides sur les <a href=""""https://meilleurtest.fr/comparatif-genouilleres/"""">genouillères</a> classiques, les <a href=""""https://meilleurtest.fr/comparatif-attelle-de-genou/"""">attelles de genou</a>, les <a href=""""https://meilleurtest.fr/comparatif-chaussettes-de-compression/"""">chaussettes de compression</a> et les <a href=""""https://meilleurtest.fr/comparatif-correcteur-de-posture/"""">correcteurs de posture</a> pour protéger vos articulations avec la bonne genouillère de maintien."
"39677";"Des chaussures pour pieds plats bien adaptées offriront un soutien optimal à votre voûte plantaire et réduiront les douleurs à la marche. Ce comparatif vous présentera les modèles les plus confortables pour le sport et le quotidien. Consultez aussi nos guides sur les <a href=""""https://meilleurtest.fr/comparatif-semelle-pour-pied-plat/"""">semelles pour pieds plats</a>, les <a href=""""https://meilleurtest.fr/comparatif-semelles-scholl/"""">semelles Scholl</a>, les <a href=""""https://meilleurtest.fr/comparatif-genouilleres-de-maintien/"""">genouillères de maintien</a> et les <a href=""""https://meilleurtest.fr/comparatif-chaussettes-de-compression/"""">chaussettes de compression</a> pour compléter votre confort avec les bonnes chaussures pour pieds plats."
"39542";"Un lecteur de glycémie fiable vous aidera à surveiller votre taux de sucre et à mieux vivre avec le diabète au quotidien. Ce comparatif vous orientera vers le modèle le plus précis et le plus simple à utiliser. Découvrez aussi nos guides sur les <a href=""""https://meilleurtest.fr/comparatif-montre-connectee-sante/"""">montres connectées santé</a>, les <a href=""""https://meilleurtest.fr/comparatif-tensiometre-poignet/"""">tensiomètres poignet</a> et les <a href=""""https://meilleurtest.fr/comparatif-balance-impedancemetre/"""">balances impédancemètres</a> pour un suivi complet de votre santé avec le bon lecteur de glycémie."
"39486";"Des chaussettes de compression adaptées favoriseront votre retour veineux et soulageront la sensation de jambes lourdes. Ce comparatif vous présentera les modèles les plus efficaces, du sport à l'usage quotidien. Consultez aussi nos guides sur les <a href=""""https://meilleurtest.fr/comparatif-stimulateur-circulatoire/"""">stimulateurs circulatoires</a>, les <a href=""""https://meilleurtest.fr/comparatif-stimulateur-de-circulation-sanguine/"""">stimulateurs de circulation sanguine</a>, les <a href=""""https://meilleurtest.fr/comparatif-genouilleres-de-maintien/"""">genouillères de maintien</a> et les <a href=""""https://meilleurtest.fr/comparatif-appareil-de-massage-pour-jambes-lourdes/"""">appareils de massage pour jambes lourdes</a> pour compléter votre confort avec les bonnes chaussettes de compression."
"39006";"Un stimulateur circulatoire relancera votre circulation sanguine et soulagera les douleurs liées aux jambes lourdes ou aux engourdissements. Ce comparatif vous aidera à choisir le modèle le plus adapté à votre situation. Découvrez aussi nos guides sur les <a href=""""https://meilleurtest.fr/comparatif-stimulateur-de-circulation-sanguine/"""">stimulateurs de circulation sanguine</a>, les <a href=""""https://meilleurtest.fr/comparatif-chaussettes-de-compression/"""">chaussettes de compression</a>, les <a href=""""https://meilleurtest.fr/comparatif-appareil-de-massage-des-pieds/"""">appareils de massage des pieds</a> et les <a href=""""https://meilleurtest.fr/comparatif-appareil-de-pressotherapie-maison/"""">appareils de pressothérapie</a> pour améliorer votre confort avec le bon stimulateur circulatoire."
"38879";"Un stimulateur de circulation sanguine rétablira le flux veineux dans vos jambes et réduira les douleurs musculaires au quotidien. Ce comparatif vous présentera les modèles les plus performants pour soulager vos symptômes. Consultez aussi nos guides sur les <a href=""""https://meilleurtest.fr/comparatif-stimulateur-circulatoire/"""">stimulateurs circulatoires</a>, les <a href=""""https://meilleurtest.fr/comparatif-chaussettes-de-compression/"""">chaussettes de compression</a>, les <a href=""""https://meilleurtest.fr/comparatif-appareil-de-massage-pour-jambes-lourdes/"""">appareils de massage pour jambes lourdes</a> et les <a href=""""https://meilleurtest.fr/comparatif-appareil-de-pressotherapie-maison/"""">appareils de pressothérapie</a> pour retrouver votre confort avec le bon stimulateur de circulation sanguine."
"38607";"Un impédancemètre professionnel vous fournira des mesures précises de votre composition corporelle, de l'IMC au taux de masse grasse. Ce comparatif vous orientera vers le modèle le plus fiable pour vos besoins. Consultez aussi nos guides sur les <a href=""""https://meilleurtest.fr/comparatif-balance-impedancemetre/"""">balances impédancemètres</a>, les <a href=""""https://meilleurtest.fr/comparatif-adipometre/"""">adipomètres</a>, les <a href=""""https://meilleurtest.fr/comparatif-pese-personne-terraillon/"""">pèse-personnes Terraillon</a> et les <a href=""""https://meilleurtest.fr/comparatif-ceinture-cardio/"""">ceintures cardio</a> pour un suivi complet de votre forme avec le bon impédancemètre professionnel."
"38498";"Une balance impédancemètre vous renseignera sur votre composition corporelle, du poids au taux de graisse en passant par la masse musculaire. Ce comparatif vous guidera vers le modèle le plus adapté à votre suivi. Découvrez aussi nos guides sur les <a href=""""https://meilleurtest.fr/comparatif-impedancemetre-professionnel/"""">impédancemètres professionnels</a>, les <a href=""""https://meilleurtest.fr/comparatif-adipometre/"""">adipomètres</a>, les <a href=""""https://meilleurtest.fr/comparatif-pese-personne-terraillon/"""">pèse-personnes Terraillon</a> et les <a href=""""https://meilleurtest.fr/comparatif-ceinture-cardio/"""">ceintures cardio</a> pour compléter votre bilan corporel avec la bonne balance impédancemètre."
"38267";"Un appareil pour l'apnée du sommeil améliorera votre respiration nocturne et réduira les risques liés à ce trouble respiratoire. Ce comparatif vous présentera les dispositifs les plus efficaces, de la pression positive au monitoring. Consultez aussi nos guides sur les <a href=""""https://meilleurtest.fr/comparatif-analyseur-de-sommeil/"""">analyseurs de sommeil</a>, les <a href=""""https://meilleurtest.fr/comparatif-tracker-de-sommeil/"""">trackers de sommeil</a>, les <a href=""""https://meilleurtest.fr/comparatif-humidificateur-d-air/"""">humidificateurs d'air</a> et les <a href=""""https://meilleurtest.fr/comparatif-oreiller-ergonomique/"""">oreillers ergonomiques</a> pour optimiser vos nuits avec le bon appareil pour l'apnée du sommeil."
"38231";"Des gants contre l'arthrite soulageront les raideurs et les douleurs articulaires de vos mains, pour retrouver votre mobilité au quotidien. Ce comparatif vous aidera à choisir le modèle le plus adapté à vos symptômes. Découvrez aussi nos guides sur les <a href=""""https://meilleurtest.fr/comparatif-genouilleres-de-maintien/"""">genouillères de maintien</a>, les <a href=""""https://meilleurtest.fr/comparatif-correcteur-de-posture/"""">correcteurs de posture</a>, les <a href=""""https://meilleurtest.fr/comparatif-coussin-chauffant/"""">coussins chauffants</a> et les <a href=""""https://meilleurtest.fr/comparatif-attelle-de-genou/"""">attelles de genou</a> pour soulager vos articulations avec les bons gants contre l'arthrite."
"38182";"Des gouttes pour yeux secs hydrateront vos globes oculaires et calmeront les irritations causées par les écrans ou un air trop sec. Ce comparatif vous orientera vers la formule la plus adaptée à votre sensibilité. Consultez aussi nos guides sur les <a href=""""https://meilleurtest.fr/comparatif-humidificateur-d-air/"""">humidificateurs d'air</a>, les <a href=""""https://meilleurtest.fr/comparatif-lampe-de-luminotherapie/"""">lampes de luminothérapie</a> et les <a href=""""https://meilleurtest.fr/comparatif-montre-connectee-sante/"""">montres connectées santé</a> pour prendre soin de votre bien-être visuel avec les bonnes gouttes pour yeux secs."
"37787";"Des semelles pour pieds plats bien choisies corrigeront votre voûte plantaire et réduiront les douleurs à chaque pas. Ce comparatif vous guidera vers le modèle adapté à votre morphologie et à votre usage. Découvrez aussi nos guides sur les <a href=""""https://meilleurtest.fr/comparatif-chaussures-pour-pieds-plats/"""">chaussures pour pieds plats</a>, les <a href=""""https://meilleurtest.fr/comparatif-semelles-scholl/"""">semelles Scholl</a>, les <a href=""""https://meilleurtest.fr/comparatif-genouilleres/"""">genouillères</a> et les <a href=""""https://meilleurtest.fr/comparatif-correcteur-de-posture/"""">correcteurs de posture</a> pour améliorer votre confort avec les bonnes semelles pour pieds plats."
"37783";"Un hygromètre vous permettra de mesurer le taux d'humidité de votre intérieur et de prévenir les problèmes de santé liés à un air trop sec ou trop humide. Ce comparatif vous aidera à choisir entre les modèles numériques et analogiques. Consultez aussi nos guides sur les <a href=""""https://meilleurtest.fr/comparatif-humidificateur-d-air/"""">humidificateurs d'air</a>, les <a href=""""https://meilleurtest.fr/comparatif-analyseur-de-sommeil/"""">analyseurs de sommeil</a> et les <a href=""""https://meilleurtest.fr/comparatif-lampe-de-luminotherapie/"""">lampes de luminothérapie</a> pour créer un environnement sain avec le bon hygromètre."
"37706";"Un adipomètre vous fournira des mesures fiables de votre taux de masse grasse pour suivre vos progrès en perte de poids ou en musculation. Ce comparatif vous présentera les modèles les plus précis et simples à utiliser. Découvrez aussi nos guides sur les <a href=""""https://meilleurtest.fr/comparatif-balance-impedancemetre/"""">balances impédancemètres</a>, les <a href=""""https://meilleurtest.fr/comparatif-impedancemetre-professionnel/"""">impédancemètres professionnels</a> et les <a href=""""https://meilleurtest.fr/comparatif-pese-personne-terraillon/"""">pèse-personnes Terraillon</a> pour un suivi corporel complet avec le bon adipomètre."
"37234";"Un correcteur de posture redressera votre dos et préviendra les douleurs liées aux mauvaises habitudes posturales. Ce comparatif vous orientera vers le modèle le plus confortable pour un port quotidien. Consultez aussi nos guides sur les <a href=""""https://meilleurtest.fr/comparatif-ceinture-lombaire/"""">ceintures lombaires</a>, les <a href=""""https://meilleurtest.fr/comparatif-appareil-de-massage-du-dos/"""">appareils de massage du dos</a>, les <a href=""""https://meilleurtest.fr/comparatif-genouilleres-de-maintien/"""">genouillères de maintien</a> et les <a href=""""https://meilleurtest.fr/comparatif-hamac-cervical/"""">hamacs cervicaux</a> pour soulager l'ensemble de votre dos avec le bon correcteur de posture."
"41990";"Ce guide vous aidera à trouver la montre de sport pour femme qui combinera performances et design adapté à votre poignet. Vous y découvrirez des modèles avec suivi GPS, <a href=""https://meilleurtest.fr/comparatif-tracker-fitness/"">tracker fitness</a> intégré et <a href=""https://meilleurtest.fr/comparatif-tracker-de-sommeil/"">analyse du sommeil</a>. Des options proches du <a href=""https://meilleurtest.fr/comparatif-bracelet-connecte-pour-femme/"">bracelet connecté</a> aux <a href=""https://meilleurtest.fr/comparatif-smartwatch/"">smartwatchs</a> les plus complètes, vous sélectionnerez la montre de sport pour femme la plus adaptée à votre <a href=""https://meilleurtest.fr/comparatif-tracker-dactivite/"">activité quotidienne</a>."
"41183";"Ce guide vous aidera à choisir le tracker de sommeil qui analysera la qualité de vos nuits. Vous y comparerez les modèles selon leur capacité à mesurer les cycles de sommeil, la fréquence cardiaque nocturne et la SpO2. Intégré à un <a href=""https://meilleurtest.fr/comparatif-tracker-fitness/"">tracker fitness</a>, à une <a href=""https://meilleurtest.fr/comparatif-smartwatch/"">smartwatch</a> ou porté comme un <a href=""https://meilleurtest.fr/comparatif-tracker-dactivite/"">tracker d'activité</a> dédié, le tracker de sommeil sélectionné vous aidera à mieux récupérer et à surveiller votre <a href=""https://meilleurtest.fr/comparatif-montre-connectee-sante/"">santé</a> sur le long terme."
"40649";"Ce guide vous présentera les meilleures smartwatchs Apple pour vous aider à choisir le modèle adapté à vos besoins. Vous y comparerez les différentes <a href=""https://meilleurtest.fr/comparatif-apple-watch/"">Apple Watch</a> disponibles, leurs fonctions de <a href=""https://meilleurtest.fr/comparatif-tracker-fitness/"">suivi fitness</a> et de <a href=""https://meilleurtest.fr/comparatif-tracker-de-sommeil/"">suivi du sommeil</a>. Que vous souhaitiez une <a href=""https://meilleurtest.fr/comparatif-smartwatch/"">smartwatch</a> pour le sport ou pour vos usages quotidiens, vous trouverez ici la smartwatch Apple la mieux adaptée."
"40604";"Ce guide vous permettra de choisir le meilleur Fitbit selon vos objectifs sportifs et quotidiens. Vous y découvrirez les <a href=""https://meilleurtest.fr/comparatif-tracker-fitness/"">trackers fitness</a> compacts et les <a href=""https://meilleurtest.fr/comparatif-smartwatch/"">smartwatchs</a> de la marque, tous dotés d'un suivi précis de l'activité, du <a href=""https://meilleurtest.fr/comparatif-tracker-de-sommeil/"">sommeil</a> et de la fréquence cardiaque. Vous identifierez le Fitbit qui correspondra à votre profil, du <a href=""https://meilleurtest.fr/comparatif-tracker-dactivite/"">tracker d'activité</a> léger à la montre connectée polyvalente."
"40593";"Ce guide vous aidera à choisir la meilleure Apple Watch parmi les différentes séries disponibles. Vous y trouverez les critères essentiels pour sélectionner une <a href=""https://meilleurtest.fr/comparatif-smartwatch-apple/"">smartwatch Apple</a> adaptée à vos besoins, que vous recherchiez un <a href=""https://meilleurtest.fr/comparatif-tracker-fitness/"">tracker fitness</a>, un <a href=""https://meilleurtest.fr/comparatif-tracker-de-sommeil/"">suivi du sommeil</a> performant ou une <a href=""https://meilleurtest.fr/comparatif-montre-connectee-sport/"">montre connectée sport</a>. Notre sélection vous orientera vers l'Apple Watch la plus adaptée à votre quotidien."
"40516";"Ce guide vous aidera à choisir la meilleure smartwatch Mykronoz selon vos attentes. Vous y découvrirez les montres hybrides de la marque suisse, qui allient design horloger classique et fonctions d'une <a href=""https://meilleurtest.fr/comparatif-smartwatch/"">smartwatch</a> moderne : <a href=""https://meilleurtest.fr/comparatif-tracker-fitness/"">suivi fitness</a>, <a href=""https://meilleurtest.fr/comparatif-tracker-de-sommeil/"">analyse du sommeil</a> et notifications au poignet. Notre sélection vous orientera vers la smartwatch Mykronoz qui combinera au mieux élégance et <a href=""https://meilleurtest.fr/comparatif-tracker-dactivite/"">suivi d'activité</a> au quotidien."
"39567";"Ce guide vous aidera à trouver un tracker fitness performant sans dépasser votre budget. Vous y comparerez les modèles abordables selon leur précision de <a href=""https://meilleurtest.fr/comparatif-tracker-dactivite/"">suivi d'activité</a>, leurs fonctions de <a href=""https://meilleurtest.fr/comparatif-tracker-de-sommeil/"">suivi du sommeil</a> et leur autonomie. Moins coûteux qu'une <a href=""https://meilleurtest.fr/comparatif-smartwatch/"">smartwatch</a> et aussi fiable qu'un <a href=""https://meilleurtest.fr/comparatif-tracker-fitness/"">tracker fitness</a> de milieu de gamme, le tracker fitness pas cher retenu vous accompagnera dans vos progrès sportifs au quotidien."
"39323";"Ce guide vous aidera à choisir la smartwatch qui répondra le mieux à vos besoins au quotidien. Vous y comparerez les modèles selon leurs fonctions de <a href=""https://meilleurtest.fr/comparatif-tracker-fitness/"">suivi fitness</a>, d'<a href=""https://meilleurtest.fr/comparatif-tracker-de-sommeil/"">analyse du sommeil</a> et de connectivité avec votre smartphone. Des <a href=""https://meilleurtest.fr/comparatif-apple-watch/"">Apple Watch</a> aux montres <a href=""https://meilleurtest.fr/comparatif-fitbit-2/"">Fitbit</a>, vous trouverez la smartwatch la plus adaptée à votre <a href=""https://meilleurtest.fr/comparatif-tracker-dactivite/"">suivi d'activité</a> quotidien comme à votre vie connectée."
"39288";"Ce guide vous aidera à choisir le tracker fitness qui suivra vos performances sportives avec précision. Vous y comparerez les modèles selon leurs capteurs de fréquence cardiaque, leur GPS intégré, leurs fonctions de <a href=""https://meilleurtest.fr/comparatif-tracker-de-sommeil/"">suivi du sommeil</a> et leur compatibilité avec votre <a href=""https://meilleurtest.fr/comparatif-smartwatch/"">smartwatch</a>. Plus spécialisé qu'un <a href=""https://meilleurtest.fr/comparatif-tracker-dactivite/"">tracker d'activité</a> et disponible à <a href=""https://meilleurtest.fr/comparatif-tracker-fitness-pas-cher/"">petit prix</a> comme en haut de gamme, le tracker fitness retenu vous accompagnera dans chaque séance."
"38517";"Ce guide vous aidera à choisir le tracker d'activité qui suivra vos pas, calories brûlées et fréquence cardiaque au quotidien. Vous y comparerez les modèles selon leur précision, leur autonomie et leurs fonctions de <a href=""https://meilleurtest.fr/comparatif-tracker-de-sommeil/"">suivi du sommeil</a>. Moins encombrant qu'une <a href=""https://meilleurtest.fr/comparatif-smartwatch/"">smartwatch</a>, aussi performant qu'un <a href=""https://meilleurtest.fr/comparatif-tracker-fitness/"">tracker fitness</a> pour l'essentiel et disponible à <a href=""https://meilleurtest.fr/comparatif-tracker-fitness-pas-cher/"">petit prix</a>, le tracker d'activité retenu vous accompagnera dans une vie plus active."
"37925";"Ce guide vous aidera à trouver le bracelet connecté pour femme qui correspondra à vos attentes. Plus discret qu'une <a href=""https://meilleurtest.fr/comparatif-smartwatch/"">smartwatch</a>, ce type d'accessoire assurera le suivi de votre <a href=""https://meilleurtest.fr/comparatif-tracker-dactivite/"">activité physique</a>, de votre <a href=""https://meilleurtest.fr/comparatif-tracker-de-sommeil/"">sommeil</a> et de votre fréquence cardiaque au quotidien. Vous découvrirez les modèles les plus adaptés aux <a href=""https://meilleurtest.fr/comparatif-montre-de-sport-pour-femme/"">sportives</a> comme aux utilisatrices souhaitant un bracelet connecté élégant et fonctionnel."
"37794";"Ce guide vous accompagnera dans le choix d'une montre GPS de triathlon capable de suivre natation, vélo et course sans interruption. Vous y comparerez les fonctions clés : GPS multisports, <a href=""https://meilleurtest.fr/comparatif-tracker-fitness/"">suivi fitness</a> avancé, <a href=""https://meilleurtest.fr/comparatif-tracker-de-sommeil/"">analyse du sommeil</a> et <a href=""https://meilleurtest.fr/comparatif-tracker-dactivite/"">suivi d'activité</a> au quotidien. Plus spécialisée qu'une <a href=""https://meilleurtest.fr/comparatif-smartwatch/"">smartwatch</a> classique, la montre GPS de triathlon retenue ici s'adaptera à chaque phase de votre entraînement."
"42309";"Le kit d'empreinte bébé vous permettra de capturer les empreintes de mains et de pieds de votre enfant dans l'argile, le plâtre ou l'encre sans tache. Ce souvenir unique se conservera des années et décorera votre intérieur. Pour enrichir votre collection de souvenirs, associez ce kit d'empreinte à un <a href=""https://meilleurtest.fr/comparatif-kit-de-naissance/"">kit de naissance</a>, une <a href=""https://meilleurtest.fr/comparatif-boite-souvenir-bebe/"">boîte à souvenirs</a>, un <a href=""https://meilleurtest.fr/comparatif-album-photo-bebe-en-tissu/"">album photo en tissu</a> ou un <a href=""https://meilleurtest.fr/comparatif-cadre-photo/"">cadre photo</a>."
"42280";"Le kit de naissance rassemblera les indispensables pour l'arrivée de votre bébé : vêtements, bavoirs, bonnets et accessoires d'hygiène dans un seul coffret. Pratique pour les jeunes parents comme pour offrir, il simplifiera les préparatifs de la maternité. Complétez-le avec un <a href=""https://meilleurtest.fr/comparatif-kit-empreinte-bebe/"">kit d'empreinte bébé</a>, une <a href=""https://meilleurtest.fr/comparatif-boite-souvenir-bebe/"">boîte à souvenirs</a>, un <a href=""https://meilleurtest.fr/comparatif-album-photo-bebe-en-tissu/"">album photo en tissu</a> et des <a href=""https://meilleurtest.fr/comparatif-biberons-naissance/"">biberons de naissance</a> pour un kit complet."
"41664";"La boîte à souvenirs bébé vous permettra de conserver les premiers objets précieux de votre enfant : bracelet de naissance, mèche de cheveux, dent de lait ou première tétine. Rangés dans un coffret élégant, ces souvenirs resteront protégés au fil des années. Pour immortaliser chaque étape, associez votre boîte à souvenirs à un <a href=""https://meilleurtest.fr/comparatif-kit-empreinte-bebe/"">kit d'empreinte</a>, un <a href=""https://meilleurtest.fr/comparatif-kit-de-naissance/"">kit de naissance</a>, un <a href=""https://meilleurtest.fr/comparatif-album-photo-bebe-en-tissu/"">album photo en tissu</a> ou un <a href=""https://meilleurtest.fr/comparatif-cadre-photo/"">cadre photo</a>."
"41527";"L'album photo bébé en tissu offrira un support doux et résistant pour conserver les premiers clichés de votre enfant. Manipulable par les petites mains, il deviendra aussi un objet d'éveil que votre bébé pourra feuilleter seul. Associez cet album en tissu à un <a href=""https://meilleurtest.fr/comparatif-kit-empreinte-bebe/"">kit d'empreinte</a>, une <a href=""https://meilleurtest.fr/comparatif-boite-souvenir-bebe/"">boîte à souvenirs</a>, un <a href=""https://meilleurtest.fr/comparatif-livre-photo/"">livre photo</a> classique ou un <a href=""https://meilleurtest.fr/comparatif-livre-eveil-bebe/"">livre d'éveil</a> pour enrichir ses premiers souvenirs."
"42590";"Offrir un coffret de magie à un enfant de 10 ans, c'est lui ouvrir la porte de l'émerveillement. Qu'il s'agisse d'une <a href=""""https://meilleurtest.fr/comparatif-box-cadeau/"""">box cadeau</a> surprise ou d'un présent glissé dans un <a href=""""https://meilleurtest.fr/comparatif-calendrier-de-lavent/"""">calendrier de l'avent</a>, la magie séduira toujours. Ajoutez-y une <a href=""""https://meilleurtest.fr/comparatif-baguette-harry-potter/"""">baguette magique</a> pour compléter l'univers. Ce guide vous orientera vers le coffret de magie idéal pour cet âge."
"41534";"Le sapin de Noël reste le symbole incontournable des fêtes de fin d'année. Naturel ou <a href=""""https://meilleurtest.fr/comparatif-sapin-de-noel-artificiel/"""">artificiel</a>, il trônera dans votre salon et accueillera vos plus belles <a href=""""https://meilleurtest.fr/comparatif-decoration-pour-sapin-de-noel/"""">décorations de Noël</a> et <a href=""""https://meilleurtest.fr/comparatif-guirlande-de-noel/"""">guirlandes lumineuses</a>. Un bon <a href=""""https://meilleurtest.fr/comparatif-pied-sapin-de-noel/"""">pied de sapin</a> garantira sa stabilité tout au long des festivités. Ce guide vous accompagnera dans le choix du sapin de Noël parfait pour votre intérieur."
"41514";"Les biscuits de Noël font partie intégrante des traditions festives de fin d'année. Sablés, pain d'épices ou bredele, ils accompagneront vos soirées au pied du <a href=""""https://meilleurtest.fr/comparatif-sapin-de-noel/"""">sapin de Noël</a>, entre <a href=""""https://meilleurtest.fr/comparatif-decoration-pour-sapin-de-noel/"""">décorations scintillantes</a> et surprises du <a href=""""https://meilleurtest.fr/comparatif-calendrier-de-lavent/"""">calendrier de l'avent</a>. Choisir les bons biscuits transformera vos tables en véritable invitation gourmande. Ce guide vous orientera vers les meilleurs biscuits de Noël pour régaler vos proches."
"41441";"Acheter votre <a href=""""https://meilleurtest.fr/comparatif-sapin-de-noel/"""">sapin de Noël</a> en ligne vous fera gagner du temps et vous offrira un large choix de modèles livrés chez vous. Qu'il soit <a href=""""https://meilleurtest.fr/comparatif-sapin-de-noel-artificiel/"""">artificiel</a> classique ou pré-illuminé, chaque arbre mérite de belles <a href=""""https://meilleurtest.fr/comparatif-decoration-pour-sapin-de-noel/"""">décorations</a> et un <a href=""""https://meilleurtest.fr/comparatif-pied-sapin-de-noel/"""">pied stable</a>. Ce guide vous présentera les meilleurs sapins de Noël disponibles en ligne pour préparer vos fêtes en toute sérénité."
"41428";"Les baguettes magiques inspirées de l'univers des sorciers séduiront les collectionneurs comme les jeunes aventuriers en herbe. Répliques fidèles ou modèles interactifs, elles constitueront un cadeau inoubliable. Pour une surprise encore plus complète, associez-les à un <a href=""""https://meilleurtest.fr/comparatif-coffret-magie-10-ans/"""">coffret de magie</a>, une <a href=""""https://meilleurtest.fr/comparatif-box-cadeau/"""">box cadeau</a> ou une <a href=""""https://meilleurtest.fr/comparatif-carte-cadeau-a-offrir/"""">carte cadeau</a>. Ce guide vous aidera à trouver la baguette parfaite pour faire plaisir."
"41307";"Offrir une box cadeau, c'est proposer une expérience sur mesure à vos proches. Que vous cherchiez une alternative originale à la <a href=""""https://meilleurtest.fr/comparatif-carte-cadeau-a-offrir/"""">carte cadeau classique</a>, un complément au <a href=""""https://meilleurtest.fr/comparatif-calendrier-de-lavent/"""">calendrier de l'avent</a> ou un présent unique comme un <a href=""""https://meilleurtest.fr/comparatif-coussin-personnalise/"""">coussin personnalisé</a>, la box cadeau saura toujours surprendre. Ce guide vous présentera les meilleures box cadeaux disponibles pour trouver celle qui fera plaisir à coup sûr."
"40191";"La carte cadeau représente une solution pratique lorsque vous hésitez sur le présent idéal. Elle laissera à vos proches la liberté de choisir ce qui leur plaît vraiment. Si vous préférez un cadeau plus tangible, explorez aussi les <a href=""""https://meilleurtest.fr/comparatif-box-cadeau/"""">box cadeaux</a>, les <a href=""""https://meilleurtest.fr/comparatif-calendrier-de-lavent/"""">calendriers de l'avent</a> ou les <a href=""""https://meilleurtest.fr/comparatif-coussin-personnalise/"""">coussins personnalisés</a>. Ce guide vous aidera à choisir la carte cadeau la mieux adaptée à chaque occasion."
"40083";"Le coussin personnalisé transformera vos photos et souvenirs en un objet décoratif unique. Que ce soit pour offrir ou pour embellir votre intérieur, il apportera une touche personnelle à chaque pièce. Associez-le à un <a href=""""https://meilleurtest.fr/comparatif-cadre-photo/"""">cadre photo</a>, une <a href=""""https://meilleurtest.fr/comparatif-carte-cadeau-a-offrir/"""">carte cadeau</a> ou une <a href=""""https://meilleurtest.fr/comparatif-box-cadeau/"""">box cadeau</a> pour un présent complet. Ce guide vous orientera vers les meilleurs coussins personnalisés du moment."
"39870";"Le pistolet d'airsoft à gaz offrira des sensations réalistes aux amateurs de tir sportif. Recul, précision et puissance varieront selon les modèles, et un bon choix dépendra de votre niveau de pratique. Pour d'autres idées cadeaux, pensez aux <a href=""""https://meilleurtest.fr/comparatif-coffret-magie-10-ans/"""">coffrets de magie</a>, aux <a href=""""https://meilleurtest.fr/comparatif-box-cadeau/"""">box cadeaux</a> ou aux <a href=""""https://meilleurtest.fr/comparatif-tirelire/"""">tirelires</a>. Ce guide vous présentera les meilleurs pistolets d'airsoft à gaz adaptés à chaque profil."
"38658";"Le projecteur de façade transformera votre maison en spectacle lumineux pour les fêtes. Motifs animés ou fixes, il remplacera avantageusement les installations complexes et complétera vos <a href=""""https://meilleurtest.fr/comparatif-guirlande-de-noel/"""">guirlandes de Noël</a> et vos <a href=""""https://meilleurtest.fr/comparatif-decoration-pour-sapin-de-noel/"""">décorations de sapin</a>. Avec un beau <a href=""""https://meilleurtest.fr/comparatif-sapin-de-noel/"""">sapin de Noël</a> en vitrine, l'effet sera saisissant. Ce guide vous orientera vers les meilleurs projecteurs de façade pour illuminer vos fêtes."
"38019";"Le calendrier de l'avent transformera l'attente de Noël en une succession de petites joies quotidiennes. Chocolats, cosmétiques, jouets ou thés, chaque jour réservera une surprise. Il accompagnera parfaitement la préparation de votre <a href=""""https://meilleurtest.fr/comparatif-sapin-de-noel/"""">sapin de Noël</a>, de vos <a href=""""https://meilleurtest.fr/comparatif-decoration-pour-sapin-de-noel/"""">décorations</a> et de vos <a href=""""https://meilleurtest.fr/comparatif-biscuit-de-noel/"""">biscuits de Noël</a>. Ce guide vous présentera les meilleurs calendriers de l'avent pour profiter pleinement de cette tradition."
"37835";"Les décorations de sapin de Noël donneront le ton à votre ambiance festive. Boules, étoiles, figurines ou ornements artisanaux, chaque élément reflétera votre style. Que votre <a href=""""https://meilleurtest.fr/comparatif-sapin-de-noel/"""">sapin</a> soit naturel ou <a href=""""https://meilleurtest.fr/comparatif-sapin-de-noel-artificiel/"""">artificiel</a>, ajoutez-y de belles <a href=""""https://meilleurtest.fr/comparatif-guirlande-de-noel/"""">guirlandes</a> et un <a href=""""https://meilleurtest.fr/comparatif-pied-sapin-de-noel/"""">pied solide</a> pour un résultat harmonieux. Ce guide vous orientera vers les meilleures décorations de sapin pour sublimer votre Noël."
"37588";"Le sapin de Noël artificiel vous servira pendant de nombreuses années sans perdre ses aiguilles. Réaliste, pré-illuminé ou enneigé, il deviendra le centre de votre décor festif. Complétez-le avec de belles <a href=""""https://meilleurtest.fr/comparatif-decoration-pour-sapin-de-noel/"""">décorations de sapin</a>, des <a href=""""https://meilleurtest.fr/comparatif-guirlande-de-noel/"""">guirlandes lumineuses</a> et un <a href=""""https://meilleurtest.fr/comparatif-pied-sapin-de-noel/"""">pied de sapin</a> adapté. Ce guide vous accompagnera dans le choix du meilleur sapin de Noël artificiel pour votre intérieur."
"37558";"Le pied de sapin de Noël assurera la stabilité de votre arbre tout au long des fêtes. Que vous ayez choisi un <a href=""""https://meilleurtest.fr/comparatif-sapin-de-noel/"""">sapin naturel</a> ou <a href=""""https://meilleurtest.fr/comparatif-sapin-de-noel-artificiel/"""">artificiel</a>, un support adapté évitera les chutes et les accidents. Ajoutez ensuite vos <a href=""""https://meilleurtest.fr/comparatif-decoration-pour-sapin-de-noel/"""">décorations</a> et <a href=""""https://meilleurtest.fr/comparatif-guirlande-de-noel/"""">guirlandes</a> en toute sérénité. Ce guide vous aidera à trouver le pied de sapin de Noël idéal pour votre installation."
"37555";"Les guirlandes de Noël habilleront votre intérieur et votre <a href=""""https://meilleurtest.fr/comparatif-sapin-de-noel/"""">sapin</a> d'une lumière chaleureuse pendant toutes les fêtes. Lumineuses, végétales ou décoratives, elles se marieront parfaitement avec vos <a href=""""https://meilleurtest.fr/comparatif-decoration-pour-sapin-de-noel/"""">décorations de sapin</a> pour un résultat harmonieux. Pour prolonger la magie en extérieur, pensez aussi aux <a href=""""https://meilleurtest.fr/comparatif-projecteur-de-facade-pour-noel/"""">projecteurs de façade</a>. Ce guide vous présentera les meilleures guirlandes de Noël pour créer une ambiance festive réussie."
"37535";"La tirelire reste un cadeau intemporel qui initiera les enfants à l'épargne tout en décorant leur chambre. Classique en céramique ou électronique avec compteur, elle trouvera sa place à côté d'un <a href=""""https://meilleurtest.fr/comparatif-coffre-a-jouet/"""">coffre à jouets</a>. Pour d'autres idées, explorez les <a href=""""https://meilleurtest.fr/comparatif-carte-cadeau-a-offrir/"""">cartes cadeaux</a> ou les <a href=""""https://meilleurtest.fr/comparatif-box-cadeau/"""">box cadeaux</a>. Ce guide vous accompagnera dans le choix de la meilleure tirelire pour petits et grands."
"42556";"Les probiotiques contre la diarrhée restaureront l'équilibre de votre microbiote intestinal de façon naturelle. En gélule, comprimé ou poudre, ils calmeront les spasmes et réduiront les troubles digestifs chez l'adulte comme chez l'enfant. Consultez aussi nos guides sur les <a href=""https://meilleurtest.fr/comparatif-probiotique-pour-enfant/"">probiotiques pour enfant</a>, les <a href=""https://meilleurtest.fr/comparatif-probiotique-pour-femme/"">probiotiques pour femme</a> et les <a href=""https://meilleurtest.fr/comparatif-yaourts-aux-probiotiques/"">yaourts aux probiotiques</a>. Ce guide comparatif vous aidera à choisir le meilleur probiotique contre la diarrhée."
"42414";"Les probiotiques pour enfant rééquilibreront la flore intestinale encore immature et renforceront les défenses immunitaires de votre petit. En poudre, solution buvable ou gummies, ils protégeront aussi contre les infections respiratoires. Consultez nos guides sur les <a href=""https://meilleurtest.fr/comparatif-probiotique-contre-la-diarrhee/"">probiotiques contre la diarrhée</a>, les <a href=""https://meilleurtest.fr/comparatif-probiotique-pour-femme/"">probiotiques pour femme</a> et les <a href=""https://meilleurtest.fr/comparatif-yaourts-aux-probiotiques/"">yaourts aux probiotiques</a>. Ce guide comparatif vous aidera à choisir le meilleur probiotique pour votre enfant."
"42187";"Les probiotiques pour maigrir agiront sur votre flore intestinale en favorisant l'absorption des nutriments et en facilitant la digestion. Ces micro-organismes bénéfiques compléteront un rééquilibrage alimentaire. Pour une approche globale, consultez nos guides sur les <a href=""https://meilleurtest.fr/comparatif-probiotique-pour-femme/"">probiotiques pour femme</a>, les <a href=""https://meilleurtest.fr/comparatif-probiotique-pour-la-flore-intime/"">probiotiques pour la flore intime</a> et les <a href=""https://meilleurtest.fr/comparatif-proteine-poudre-pour-maigrir/"">protéines pour maigrir</a>. Ce guide comparatif vous aidera à choisir le meilleur probiotique pour accompagner votre perte de poids."
"42022";"Les probiotiques pour la flore intime rétabliront l'équilibre vaginal naturel en apportant des lactobacilles bénéfiques. Ils réduiront les infections récurrentes, les irritations et les inconforts liés aux déséquilibres hormonaux. Consultez aussi nos guides sur les <a href=""https://meilleurtest.fr/comparatif-probiotique-pour-femme/"">probiotiques pour femme</a>, les <a href=""https://meilleurtest.fr/comparatif-probiotique-contre-la-diarrhee/"">probiotiques contre la diarrhée</a> et les <a href=""https://meilleurtest.fr/comparatif-complement-alimentaire-pour-la-grossesse/"">compléments pour la grossesse</a>. Ce guide comparatif vous aidera à choisir le meilleur probiotique pour votre flore intime."
"39395";"Les probiotiques pour femme restaureront votre flore intime et intestinale en un seul complément. Composés principalement de lactobacilles, ils aideront à prévenir les infections vaginales et à renforcer vos défenses immunitaires. Consultez aussi nos guides sur les <a href=""https://meilleurtest.fr/comparatif-probiotique-pour-la-flore-intime/"">probiotiques pour la flore intime</a>, les <a href=""https://meilleurtest.fr/comparatif-probiotique-pour-maigrir/"">probiotiques pour maigrir</a> et les <a href=""https://meilleurtest.fr/comparatif-complement-alimentaire-pour-la-grossesse/"">compléments pour la grossesse</a>. Ce guide comparatif vous aidera à choisir le meilleur probiotique pour femme."
"42074";"Les faux-ongles autocollants vous offriront une manucure soignée en quelques minutes, sans passage en salon ni temps de séchage. Ce guide vous détaillera les modèles les plus résistants et les finitions disponibles. Contrairement aux <a href=""https://meilleurtest.fr/comparatif-ongles-en-gel/"">ongles en gel</a>, ils ne nécessiteront ni <a href=""https://meilleurtest.fr/comparatif-lampe-uv-pour-ongles/"">lampe UV</a> ni <a href=""https://meilleurtest.fr/comparatif-kit-polygel/"">kit polygel</a>. Vous pourrez appliquer un <a href=""https://meilleurtest.fr/comparatif-top-coat/"">top coat</a> pour prolonger la brillance et la tenue de vos faux-ongles autocollants."
"41248";"Les ongles en gel vous offriront des extensions solides et un rendu naturel qui durera plusieurs semaines. Ce guide détaillera les kits, les résines et les techniques de pose adaptés à votre niveau. Vous aurez besoin d'une <a href=""https://meilleurtest.fr/comparatif-lampe-uv-pour-ongles/"">lampe UV</a> et d'un <a href=""https://meilleurtest.fr/comparatif-gel-uv-professionnel/"">gel UV professionnel</a> pour la pose, en alternative au <a href=""https://meilleurtest.fr/comparatif-kit-polygel/"">kit polygel</a> ou aux <a href=""https://meilleurtest.fr/comparatif-faux-ongles-autocollants/"">faux-ongles autocollants</a> pour des ongles en gel durables."
"41180";"Le kit polygel vous fournira tout le nécessaire pour sculpter des extensions d'ongles résistantes à domicile. Ce guide vous présentera les kits les plus complets et les formules les plus faciles à modeler. Vous aurez besoin d'une <a href=""https://meilleurtest.fr/comparatif-lampe-uv-pour-ongles/"">lampe UV</a> pour catalyser la pose. Le kit polygel constituera une alternative pratique aux <a href=""https://meilleurtest.fr/comparatif-ongles-en-gel/"">ongles en gel</a>, au <a href=""https://meilleurtest.fr/comparatif-gel-uv-professionnel/"">gel UV professionnel</a> et aux <a href=""https://meilleurtest.fr/comparatif-faux-ongles-autocollants/"">faux-ongles autocollants</a> pour vos extensions."
"40164";"Le produit pour ne plus se ronger les ongles vous aidera à abandonner cette habitude grâce à un goût amer sur l'ongle. Ce guide vous présentera les formules transparentes qui décourageront le geste sans irriter la peau. Vous pourrez combiner ce produit avec un <a href=""https://meilleurtest.fr/comparatif-durcisseur-ongles/"">durcisseur</a>, un <a href=""https://meilleurtest.fr/comparatif-fortifiant-pour-ongles/"">fortifiant</a>, une <a href=""https://meilleurtest.fr/comparatif-huile-pour-cuticules/"">huile pour cuticules</a> ou une <a href=""https://meilleurtest.fr/comparatif-base-de-vernis-a-ongle/"">base de vernis</a> pour favoriser la repousse de vos ongles."
"39939";"Le top coat semi-permanent scellera votre vernis et lui donnera une brillance qui durera plusieurs semaines. Ce guide comparera les formules les plus résistantes et les temps de polymérisation sous lampe. Vous poserez le top coat semi-permanent sur une <a href=""https://meilleurtest.fr/comparatif-base-de-vernis-a-ongle/"">base de vernis</a> et le sécherez sous une <a href=""https://meilleurtest.fr/comparatif-lampe-uv-pour-ongles/"">lampe UV</a>. Il surpassera un <a href=""https://meilleurtest.fr/comparatif-top-coat/"">top coat classique</a> en tenue et se combinera avec un <a href=""https://meilleurtest.fr/comparatif-fortifiant-pour-ongles/"">fortifiant</a> pour protéger vos ongles."
"39892";"Le fortifiant pour ongles nourrira et renforcera vos ongles fragilisés par les poses répétées ou le quotidien. Ce guide vous orientera vers les soins qui protégeront la kératine et stimuleront la croissance de l'ongle. Le fortifiant s'associera à un <a href=""https://meilleurtest.fr/comparatif-durcisseur-ongles/"">durcisseur d'ongles</a>, une <a href=""https://meilleurtest.fr/comparatif-huile-pour-cuticules/"">huile pour cuticules</a>, une <a href=""https://meilleurtest.fr/comparatif-base-de-vernis-a-ongle/"">base de vernis</a> et un <a href=""https://meilleurtest.fr/comparatif-top-coat-semi-permanent/"">top coat semi-permanent</a> pour des ongles résistants et soignés."
"39828";"L'huile pour cuticules nourrira et assouplira la peau autour de vos ongles pour prévenir les envies et les sécheresses. Ce guide vous aidera à identifier les formules végétales et enrichies qui hydrateront vos cuticules en profondeur. L'huile pour cuticules complétera un <a href=""https://meilleurtest.fr/comparatif-fortifiant-pour-ongles/"">fortifiant pour ongles</a>, un <a href=""https://meilleurtest.fr/comparatif-durcisseur-ongles/"">durcisseur</a>, une <a href=""https://meilleurtest.fr/comparatif-base-de-vernis-a-ongle/"">base de vernis</a> ou un <a href=""https://meilleurtest.fr/comparatif-top-coat/"">top coat</a> pour une manucure complète et soignée."
"38822";"La base de vernis à ongles protégera vos ongles du jaunissement et prolongera la tenue de votre manucure. Ce guide vous présentera les formules qui lisseront et renforceront l'ongle naturel avant la pose du vernis. Vous pourrez associer votre base à un <a href=""https://meilleurtest.fr/comparatif-top-coat/"">top coat</a>, un <a href=""https://meilleurtest.fr/comparatif-top-coat-semi-permanent/"">top coat semi-permanent</a>, un <a href=""https://meilleurtest.fr/comparatif-fortifiant-pour-ongles/"">fortifiant</a> ou un <a href=""https://meilleurtest.fr/comparatif-durcisseur-ongles/"">durcisseur d'ongles</a> pour obtenir une manucure soignée et durable."
"38687";"Le gel UV professionnel vous permettra de sculpter des extensions d'ongles solides et naturelles. Ce guide comparera les textures, les viscosités et les temps de polymérisation des différentes formules. Vous utiliserez une <a href=""https://meilleurtest.fr/comparatif-lampe-uv-pour-ongles/"">lampe UV pour ongles</a> pour catalyser la pose, en alternative aux <a href=""https://meilleurtest.fr/comparatif-ongles-en-gel/"">ongles en gel</a> prêts à coller ou au <a href=""https://meilleurtest.fr/comparatif-kit-polygel/"">kit polygel</a>. Un <a href=""https://meilleurtest.fr/comparatif-top-coat-semi-permanent/"">top coat semi-permanent</a> finalisera la brillance de vos ongles en gel UV."
"38635";"Le top coat protégera votre vernis et lui donnera un éclat brillant, mat ou pailleté selon la finition choisie. Ce guide détaillera les formules à séchage rapide et les textures disponibles. Vous appliquerez le top coat sur une <a href=""https://meilleurtest.fr/comparatif-base-de-vernis-a-ongle/"">base de vernis</a> pour une tenue prolongée, sans avoir besoin d'une <a href=""https://meilleurtest.fr/comparatif-lampe-uv-pour-ongles/"">lampe UV</a>. Il complétera un <a href=""https://meilleurtest.fr/comparatif-fortifiant-pour-ongles/"">fortifiant</a> et remplacera au quotidien un <a href=""https://meilleurtest.fr/comparatif-top-coat-semi-permanent/"">top coat semi-permanent</a> pour des ongles brillants et protégés."
"38261";"La lampe UV pour ongles catalysera le séchage de vos vernis semi-permanents et gels en quelques secondes. Ce guide comparera les puissances, les technologies LED ou UV et les formats disponibles. Vous utiliserez votre lampe UV pour polymériser un <a href=""https://meilleurtest.fr/comparatif-gel-uv-professionnel/"">gel UV professionnel</a>, un <a href=""https://meilleurtest.fr/comparatif-kit-polygel/"">kit polygel</a> ou des <a href=""https://meilleurtest.fr/comparatif-ongles-en-gel/"">ongles en gel</a>. La lampe se combinera aussi avec un <a href=""https://meilleurtest.fr/comparatif-top-coat-semi-permanent/"">top coat semi-permanent</a> et une <a href=""https://meilleurtest.fr/comparatif-base-de-vernis-a-ongle/"">base de vernis</a> pour parfaire votre manucure."
"38109";"Le durcisseur d'ongles renforcera vos ongles fragiles et cassants en formant un film protecteur sur la surface de l'ongle. Ce guide vous aidera à trouver la formule adaptée à votre type d'ongle, qu'il soit mou ou dédoublé. Le durcisseur complétera un <a href=""https://meilleurtest.fr/comparatif-fortifiant-pour-ongles/"">fortifiant pour ongles</a>, une <a href=""https://meilleurtest.fr/comparatif-base-de-vernis-a-ongle/"">base de vernis</a>, une <a href=""https://meilleurtest.fr/comparatif-huile-pour-cuticules/"">huile pour cuticules</a> et un <a href=""https://meilleurtest.fr/comparatif-top-coat/"">top coat</a> pour des ongles solides et soignés."
"41854";"Si vous manquez de place pour un <a href=""""https://meilleurtest.fr/comparatif-dressing/"""">dressing classique</a>, le dressing d'angle sera votre meilleur allié. Ce guide vous présentera les modèles les plus fonctionnels, avec penderies et étagères intégrées pour tout organiser. Vous découvrirez comment le compléter par un <a href=""""https://meilleurtest.fr/comparatif-portant-a-vetements/"""">portant à vêtements</a> ou une <a href=""""https://meilleurtest.fr/comparatif-armoire-de-chambre/"""">armoire de chambre</a>, et comment trouver un <a href=""""https://meilleurtest.fr/comparatif-dressing-pas-cher/"""">dressing d'angle au meilleur prix</a> sans sacrifier la qualité."
"41818";"Pliable, modulable, ouvert ou fermé, le dressing transformera votre chambre en espace de rangement sur mesure. Ce guide comparera les meilleurs modèles pour vous aider à choisir, du <a href=""""https://meilleurtest.fr/comparatif-dressing-pas-cher/"""">dressing pas cher</a> au <a href=""""https://meilleurtest.fr/comparatif-dressing-dangle/"""">dressing d'angle</a> pour les petits espaces. Vous saurez aussi quand préférer une <a href=""""https://meilleurtest.fr/comparatif-armoire-a-portes-coulissantes/"""">armoire à portes coulissantes</a> ou un <a href=""""https://meilleurtest.fr/comparatif-portant-a-vetements/"""">portant à vêtements</a> pour organiser au mieux votre dressing."
"41817";"Fixe ou à roulettes, la desserte de cuisine vous offrira un plan de travail supplémentaire et des rangements accessibles. Ce guide passera en revue les modèles les plus pratiques pour chaque configuration. Vous verrez comment elle se distingue d'un <a href=""""https://meilleurtest.fr/comparatif-buffet-de-cuisine/"""">buffet de cuisine</a>, d'un <a href=""""https://meilleurtest.fr/comparatif-ilot-central/"""">îlot central</a> ou d'une <a href=""""https://meilleurtest.fr/comparatif-etageres-de-cuisine/"""">étagère de cuisine</a>, et comment y ranger vos ustensiles avec des <a href=""""https://meilleurtest.fr/comparatif-boite-de-rangement/"""">boîtes adaptées</a> pour une desserte de cuisine toujours ordonnée."
"41757";"Pratique et décoratif, le coffre de rangement vous permettra de stocker vos affaires tout en servant d'assise ou de table d'appoint. Ce guide vous aidera à choisir entre les différents matériaux et formats disponibles. Vous verrez aussi les alternatives comme les <a href=""""https://meilleurtest.fr/comparatif-boite-de-rangement/"""">boîtes de rangement</a>, les <a href=""""https://meilleurtest.fr/comparatif-caisse-de-rangement/"""">caisses</a>, les <a href=""""https://meilleurtest.fr/comparatif-malle-de-rangement/"""">malles</a> ou les <a href=""""https://meilleurtest.fr/comparatif-housse-de-rangement-sous-vide/"""">housses sous vide</a>, pour choisir le coffre de rangement qui conviendra le mieux à votre intérieur."
"41646";"Garage, bureau ou chambre d'enfant, la caisse de rangement vous aidera à organiser chaque pièce sans effort. Ce guide comparera les meilleurs modèles selon leur taille, leur matériau et leur résistance. Vous découvrirez les différences avec les <a href=""""https://meilleurtest.fr/comparatif-boite-de-rangement/"""">boîtes de rangement</a> et les <a href=""""https://meilleurtest.fr/comparatif-coffre-de-rangement/"""">coffres</a>, et comment les associer à des <a href=""""https://meilleurtest.fr/comparatif-etagere-cube/"""">étagères cubes</a> ou des <a href=""""https://meilleurtest.fr/comparatif-housse-de-rangement-sous-vide/"""">housses sous vide</a> pour tirer le meilleur parti de chaque caisse de rangement."
"41129";"Fini le temps perdu à chercher un produit dans vos tiroirs : le rangement à maquillage gardera chaque cosmétique à portée de main. Ce guide vous présentera les meilleurs modèles, des organiseurs de bureau aux solutions de transport. Vous verrez les alternatives comme la <a href=""""https://meilleurtest.fr/comparatif-mallette-de-maquillage/"""">mallette de maquillage</a>, la <a href=""""https://meilleurtest.fr/comparatif-trousse-de-toilette/"""">trousse de toilette</a> ou la <a href=""""https://meilleurtest.fr/comparatif-boite-a-bijoux/"""">boîte à bijoux</a>, et comment les compléter avec des <a href=""""https://meilleurtest.fr/comparatif-boite-de-rangement/"""">boîtes de rangement</a> pour un rangement à maquillage parfait."
"40096";"Ranger les jouets de votre enfant deviendra un jeu d'enfant avec le bon coffre à jouets. Ce guide vous présentera les modèles les plus sûrs et les plus pratiques pour garder la chambre en ordre. Vous découvrirez comment le combiner avec une <a href=""""https://meilleurtest.fr/comparatif-bibliotheque-enfant/"""">bibliothèque enfant</a>, des <a href=""""https://meilleurtest.fr/comparatif-boite-de-rangement/"""">boîtes de rangement</a> ou des <a href=""""https://meilleurtest.fr/comparatif-caisse-de-rangement/"""">caisses</a>, et ce qui distingue le coffre à jouets d'un <a href=""""https://meilleurtest.fr/comparatif-coffre-de-rangement/"""">coffre de rangement</a> classique."
"40047";"Sécher votre linge à l'air libre préservera les fibres et réduira votre facture d'énergie par rapport à un <a href=""""https://meilleurtest.fr/comparatif-seche-linge/"""">sèche-linge</a>. Ce guide vous aidera à choisir le meilleur étendoir à linge extérieur pour votre jardin ou balcon. Vous découvrirez les modèles parapluie, muraux et sur pied, et comment les associer à un <a href=""""https://meilleurtest.fr/comparatif-panier-a-linge/"""">panier à linge</a>, une <a href=""""https://meilleurtest.fr/comparatif-corbeille-a-linge/"""">corbeille</a> ou un <a href=""""https://meilleurtest.fr/comparatif-etendoir-a-linge-solide/"""">étendoir solide</a> pour compléter votre étendoir à linge extérieur."
"39955";"La boîte de rangement reste l'accessoire le plus polyvalent pour remettre de l'ordre dans votre maison. Ce guide comparera les meilleurs modèles selon leur matériau, leur taille et leur usage. Vous découvrirez aussi les alternatives comme les <a href=""""https://meilleurtest.fr/comparatif-caisse-de-rangement/"""">caisses de rangement</a>, les <a href=""""https://meilleurtest.fr/comparatif-coffre-de-rangement/"""">coffres</a> ou les <a href=""""https://meilleurtest.fr/comparatif-housse-de-rangement-sous-vide/"""">housses sous vide</a>, et comment les disposer sur des <a href=""""https://meilleurtest.fr/comparatif-etagere-murale/"""">étagères murales</a> pour tirer le meilleur parti de vos boîtes de rangement."
"39129";"La corbeille à linge vous permettra de trier et stocker votre linge sale sans encombrer le sol. Ce guide comparera les meilleurs modèles en osier, tissu et plastique pour chaque pièce de la maison. Vous verrez les différences avec le <a href=""""https://meilleurtest.fr/comparatif-panier-a-linge/"""">panier à linge</a>, et comment compléter votre équipement avec un <a href=""""https://meilleurtest.fr/comparatif-etendoir-a-linge-solide/"""">étendoir solide</a>, un <a href=""""https://meilleurtest.fr/comparatif-etendoir-a-linge-exterieur/"""">étendoir extérieur</a> ou un <a href=""""https://meilleurtest.fr/comparatif-lave-linges/"""">lave-linge</a> pour accompagner votre corbeille à linge."
"38672";"Le chariot de course vous évitera de porter des sacs lourds et de recourir aux emballages en plastique. Ce guide comparera les meilleurs modèles selon leur capacité, leur maniabilité et leur solidité. Vous découvrirez les avantages du <a href=""""https://meilleurtest.fr/comparatif-chariot-de-course-6-roues/"""">chariot 6 roues</a> pour les escaliers, et comment organiser vos achats une fois rentré avec des <a href=""""https://meilleurtest.fr/comparatif-boite-de-conservation-alimentaire/"""">boîtes alimentaires</a> ou des <a href=""""https://meilleurtest.fr/comparatif-boite-de-rangement/"""">boîtes de rangement</a> pour bien exploiter votre chariot de course."
"38671";"Si vous devez monter des escaliers avec vos courses, le chariot de course 6 roues sera votre meilleur allié. Ce guide comparera les modèles les plus stables et les plus maniables pour franchir chaque marche sans effort. Vous verrez ce qui le distingue d'un <a href=""""https://meilleurtest.fr/comparatif-chariot-de-course/"""">chariot classique</a>, et comment ranger vos provisions dans des <a href=""""https://meilleurtest.fr/comparatif-boite-de-conservation-alimentaire/"""">boîtes alimentaires</a> ou des <a href=""""https://meilleurtest.fr/comparatif-boite-de-rangement/"""">boîtes de rangement</a> après chaque sortie avec votre chariot 6 roues."
"38399";"Le porte-revues gardera vos magazines, journaux et courriers parfaitement organisés dans votre salon ou votre bureau. Ce guide comparera les meilleurs modèles en bois, en métal et en plastique pour chaque style d'intérieur. Vous découvrirez aussi comment le compléter avec une <a href=""""https://meilleurtest.fr/comparatif-etagere-murale/"""">étagère murale</a>, une <a href=""""https://meilleurtest.fr/comparatif-etagere-design/"""">étagère design</a> ou des <a href=""""https://meilleurtest.fr/comparatif-boite-de-rangement/"""">boîtes de rangement</a> pour que votre porte-revues s'intègre harmonieusement dans votre décoration."
"38170";"Le portant à vêtements vous offrira une solution de rangement visible et accessible pour vos habits au quotidien. Ce guide comparera les meilleurs modèles, du portant simple au portant double avec étagères intégrées. Vous saurez aussi quand préférer un <a href=""""https://meilleurtest.fr/comparatif-dressing/"""">dressing</a>, un <a href=""""https://meilleurtest.fr/comparatif-dressing-pas-cher/"""">dressing pas cher</a> ou une <a href=""""https://meilleurtest.fr/comparatif-armoire-de-chambre/"""">armoire de chambre</a>, et comment associer votre portant à un <a href=""""https://meilleurtest.fr/comparatif-meuble-a-chaussure/"""">meuble à chaussures</a> pour compléter votre portant à vêtements."
"37401";"La housse de rangement sous vide comprimera vos vêtements et couettes pour libérer un maximum d'espace dans vos placards. Ce guide comparera les modèles les plus performants selon leur taille et leur étanchéité. Vous découvrirez aussi comment les combiner avec des <a href=""""https://meilleurtest.fr/comparatif-boite-de-rangement/"""">boîtes de rangement</a>, des <a href=""""https://meilleurtest.fr/comparatif-caisse-de-rangement/"""">caisses</a> ou un <a href=""""https://meilleurtest.fr/comparatif-coffre-de-rangement/"""">coffre de rangement</a>, et comment les stocker dans un <a href=""""https://meilleurtest.fr/comparatif-dressing/"""">dressing</a> pour exploiter chaque housse sous vide."
"37286";"Organiser votre garde-robe ne nécessitera pas un budget conséquent si vous choisissez un dressing pas cher bien conçu. Ce guide comparera les modèles les plus abordables en bois, en métal et en tissu pour chaque configuration de chambre. Vous verrez aussi les alternatives comme le <a href=""""https://meilleurtest.fr/comparatif-dressing/"""">dressing classique</a>, le <a href=""""https://meilleurtest.fr/comparatif-dressing-dangle/"""">dressing d'angle</a>, le <a href=""""https://meilleurtest.fr/comparatif-portant-a-vetements/"""">portant à vêtements</a> ou l'<a href=""""https://meilleurtest.fr/comparatif-armoire/"""">armoire</a>, pour trouver le dressing pas cher qui correspondra à vos besoins."
"37256";"Un étendoir à linge solide supportera vos draps, serviettes et vêtements lourds sans risque de basculer. Ce guide comparera les modèles les plus robustes, qu'ils soient muraux, sur pied ou parapluie. Vous découvrirez les différences avec un <a href=""""https://meilleurtest.fr/comparatif-etendoir-a-linge-exterieur/"""">étendoir extérieur</a> ou un <a href=""""https://meilleurtest.fr/comparatif-seche-linge/"""">sèche-linge</a>, et comment l'associer à un <a href=""""https://meilleurtest.fr/comparatif-panier-a-linge/"""">panier à linge</a> ou une <a href=""""https://meilleurtest.fr/comparatif-corbeille-a-linge/"""">corbeille</a> pour un entretien complet autour de votre étendoir à linge solide."
"37176";"Le panier à linge vous aidera à trier et rassembler vos vêtements sales avant chaque lessive. Ce guide comparera les meilleurs modèles selon leur matériau, leur contenance et leur design. Vous verrez les différences avec la <a href=""""https://meilleurtest.fr/comparatif-corbeille-a-linge/"""">corbeille à linge</a>, et comment compléter votre équipement avec un <a href=""""https://meilleurtest.fr/comparatif-etendoir-a-linge-solide/"""">étendoir solide</a>, un <a href=""""https://meilleurtest.fr/comparatif-etendoir-a-linge-exterieur/"""">étendoir extérieur</a> ou un <a href=""""https://meilleurtest.fr/comparatif-lave-linges/"""">lave-linge</a> adapté pour tirer le meilleur parti de votre panier à linge."
"42716";"Diptyque se distingue par des compositions olfactives singulières qui allient matières rares et savoir-faire artisanal. Vous trouverez dans sa gamme des <a href=""https://meilleurtest.fr/comparatif-parfum-oud/"">parfums aux notes d'oud</a>, des <a href=""https://meilleurtest.fr/comparatif-parfum-floral-pour-femme/"">fragrances florales</a> et des <a href=""https://meilleurtest.fr/comparatif-eau-de-toilette-pour-homme/"">eaux de toilette plus légères</a>. Associer un parfum Diptyque à une <a href=""https://meilleurtest.fr/comparatif-creme-parfumee-pour-le-corps/"">crème parfumée pour le corps</a> prolongera le sillage. Ce guide vous aidera à identifier le parfum Diptyque adapté à vos envies."
"42685";"Le parfum oud tire sa profondeur d'une résine boisée prisée en parfumerie de niche. Contrairement à une <a href=""https://meilleurtest.fr/comparatif-eau-de-toilette-pour-homme/"">eau de toilette classique</a> ou à un <a href=""https://meilleurtest.fr/comparatif-parfum-floral-pour-femme/"">parfum floral</a>, il offrira une tenue longue et un sillage puissant. Vous le trouverez chez des maisons comme <a href=""https://meilleurtest.fr/comparatif-parfum-diptyque/"">Diptyque</a> ou sur les <a href=""https://meilleurtest.fr/comparatif-site-pour-acheter-du-parfum-ligne/"">sites spécialisés en parfumerie en ligne</a>. Ce guide vous orientera vers le parfum oud qui correspondra à votre style."
"42621";"La crème parfumée pour le corps associe hydratation et fragrance pour sublimer votre peau au quotidien. Vous prolongerez le sillage de votre <a href=""https://meilleurtest.fr/comparatif-parfum-pour-femme/"">parfum pour femme</a> ou de votre <a href=""https://meilleurtest.fr/comparatif-eau-de-toilette-pour-homme/"">eau de toilette</a> en superposant les notes. En complément, une <a href=""https://meilleurtest.fr/comparatif-creme-hydratante-pour-corps/"">crème hydratante pour le corps</a> renforcera le soin, et une <a href=""https://meilleurtest.fr/comparatif-brume-parfumee/"">brume parfumée</a> ajoutera de la fraîcheur. Ce guide vous accompagnera dans le choix de la crème parfumée pour le corps la mieux adaptée."
"40351";"Le parfum floral pour femme met en valeur des notes de rose, jasmin ou pivoine pour une signature féminine et naturelle. Si vous appréciez les <a href=""https://meilleurtest.fr/comparatif-parfum-pour-femme/"">parfums pour femme</a> en général, cette famille olfactive vous séduira par sa diversité. Vous pourrez aussi explorer les <a href=""https://meilleurtest.fr/comparatif-parfum-oud/"">parfums oud</a> pour un contraste boisé, ou compléter votre rituel avec une <a href=""https://meilleurtest.fr/comparatif-creme-parfumee-pour-le-corps/"">crème parfumée</a> et une <a href=""https://meilleurtest.fr/comparatif-bougie-parfumee/"">bougie parfumée</a>. Ce guide vous orientera vers le parfum floral pour femme idéal."
"40292";"Les sites pour acheter du parfum en ligne vous donneront accès à un catalogue plus large que celui des boutiques physiques. Vous y trouverez aussi bien des <a href=""https://meilleurtest.fr/comparatif-parfum-pas-cher/"">parfums pas chers</a> que des <a href=""https://meilleurtest.fr/comparatif-parfum-diptyque/"">parfums Diptyque</a> ou des <a href=""https://meilleurtest.fr/comparatif-parfum-oud/"">fragrances oud</a> de niche. Commander en ligne facilitera aussi l'achat de <a href=""https://meilleurtest.fr/comparatif-creme-parfumee-pour-le-corps/"">crèmes parfumées pour le corps</a>. Ce guide vous aidera à choisir le site pour acheter du parfum en ligne le plus fiable."
"39310";"L'eau de toilette pour homme offre une concentration légère qui conviendra aux journées actives. Si vous recherchez plus de tenue, les <a href=""https://meilleurtest.fr/comparatif-parfum-oud/"">parfums oud</a> vous apporteront une intensité durable. Vous pourrez compléter votre routine avec un <a href=""https://meilleurtest.fr/comparatif-gel-douche-parfume/"">gel douche parfumé</a> ou un <a href=""https://meilleurtest.fr/comparatif-deodorant-naturel-pour-homme/"">déodorant naturel</a>, et les <a href=""https://meilleurtest.fr/comparatif-site-pour-acheter-du-parfum-ligne/"">sites de parfumerie en ligne</a> vous aideront à comparer les prix. Ce guide vous orientera vers l'eau de toilette pour homme la plus adaptée."
"38122";"Le parfum pour bébé respectera la peau délicate de votre enfant grâce à des formulations hypoallergéniques. Vous pourrez l'associer à un <a href=""https://meilleurtest.fr/comparatif-gel-douche-pour-bebe/"">gel douche pour bébé</a> et à un <a href=""https://meilleurtest.fr/comparatif-lait-de-corps-pour-bebe/"">lait de corps pour bébé</a> pour une routine de soin complète. Les <a href=""https://meilleurtest.fr/comparatif-parfum-pour-femme/"">parfums pour femme</a> et les <a href=""https://meilleurtest.fr/comparatif-eau-de-toilette-pour-homme/"">eaux de toilette pour homme</a> compléteront vos envies olfactives personnelles. Ce guide vous aidera à choisir le parfum pour bébé le plus sûr."
"37377";"Le parfum pour femme révélera votre personnalité à travers des familles olfactives variées. Vous trouverez des <a href=""https://meilleurtest.fr/comparatif-parfum-floral-pour-femme/"">parfums floraux</a> délicats, des <a href=""https://meilleurtest.fr/comparatif-parfum-oud/"">fragrances oud</a> plus intenses ou des <a href=""https://meilleurtest.fr/comparatif-parfum-pas-cher/"">parfums à petit prix</a> sans compromis sur la qualité. Appliquer une <a href=""https://meilleurtest.fr/comparatif-creme-parfumee-pour-le-corps/"">crème parfumée pour le corps</a> en base prolongera la tenue du sillage tout au long de la journée. Ce guide vous accompagnera dans le choix du parfum pour femme qui vous correspondra."
"37238";"Un parfum pas cher ne signifie pas une fragrance de moindre qualité. Vous trouverez des <a href=""https://meilleurtest.fr/comparatif-eau-de-toilette-pour-homme/"">eaux de toilette pour homme</a> et des <a href=""https://meilleurtest.fr/comparatif-parfum-pour-femme/"">parfums pour femme</a> accessibles avec une tenue correcte et des notes bien construites. Les <a href=""https://meilleurtest.fr/comparatif-site-pour-acheter-du-parfum-ligne/"">sites pour acheter du parfum en ligne</a> vous permettront de comparer les offres, et une <a href=""https://meilleurtest.fr/comparatif-creme-parfumee-pour-le-corps/"">crème parfumée pour le corps</a> renforcera le sillage à moindre coût. Ce guide vous orientera vers le parfum pas cher au meilleur rapport qualité-prix."
"42713";"Votre canne TOC télescopique vous permettra de pêcher la truite au plus près des courants avec une sensibilité remarquable. Ce guide comparatif évaluera les modèles selon leur longueur, leur légèreté et leur action. Consultez aussi nos sélections de <a href=""https://meilleurtest.fr/comparatif-canne-a-peche-pour-bord-de-mer/"">cannes à pêche pour bord de mer</a>, de <a href=""https://meilleurtest.fr/comparatif-canne-spinning/"">cannes spinning</a> et de <a href=""https://meilleurtest.fr/comparatif-fil-de-peche/"">fils de pêche</a> pour trouver la canne TOC télescopique adaptée à votre rivière."
"41991";"Votre canne à pêche pour bord de mer devra résister au sel et aux lancers longue distance depuis la plage ou les rochers. Ce guide comparatif analysera les modèles selon leur puissance, leur solidité et leur portée. Découvrez aussi nos guides sur les <a href=""https://meilleurtest.fr/comparatif-canne-spinning/"">cannes spinning</a>, les <a href=""https://meilleurtest.fr/comparatif-echo-sondeur/"">échosondeurs</a> et les <a href=""https://meilleurtest.fr/comparatif-fil-de-peche/"">fils de pêche</a> pour équiper votre sortie en mer avec la bonne canne."
"41439";"Votre canne spinning vous offrira polyvalence et précision pour lancer des leurres légers en eau douce comme en mer. Ce guide comparatif passera en revue les modèles selon leur action, leur puissance et leur sensibilité. Parcourez aussi nos comparatifs de <a href=""https://meilleurtest.fr/comparatif-moulinet-casting/"">moulinets casting</a>, de <a href=""https://meilleurtest.fr/comparatif-canne-a-carpe/"">cannes à carpe</a> et de <a href=""https://meilleurtest.fr/comparatif-fil-de-peche/"">fils de pêche</a> pour accompagner votre choix de canne spinning."
"41240";"Votre canne à carpe vous donnera la puissance nécessaire pour lancer loin et combattre des poissons de plusieurs kilos. Ce guide comparatif évaluera les modèles selon leur longueur, leur action et leur résistance. Retrouvez aussi nos sélections de <a href=""https://meilleurtest.fr/comparatif-fil-de-peche/"">fils de pêche</a>, d'<a href=""https://meilleurtest.fr/comparatif-echo-sondeur/"">échosondeurs</a> et de <a href=""https://meilleurtest.fr/comparatif-moulinet-casting/"">moulinets casting</a> pour compléter votre équipement autour de la canne à carpe."
"40215";"Votre fil de pêche déterminera la discrétion de votre montage et la solidité de votre ligne face aux touches. Ce guide comparatif analysera les fils selon leur diamètre, leur résistance et leur élasticité. Consultez aussi nos guides sur les <a href=""https://meilleurtest.fr/comparatif-canne-spinning/"">cannes spinning</a>, les <a href=""https://meilleurtest.fr/comparatif-canne-a-carpe/"">cannes à carpe</a> et les <a href=""https://meilleurtest.fr/comparatif-echo-sondeur/"">échosondeurs</a> pour choisir le fil de pêche adapté à votre technique."
"39608";"Votre moulinet casting vous apportera précision et contrôle pour des lancers ciblés au leurre. Ce guide comparatif passera en revue les modèles selon leur frein, leur ratio et leur légèreté. Découvrez aussi nos sélections de <a href=""https://meilleurtest.fr/comparatif-canne-spinning/"">cannes spinning</a>, de <a href=""https://meilleurtest.fr/comparatif-fil-de-peche/"">fils de pêche</a> et de <a href=""https://meilleurtest.fr/comparatif-echo-sondeur/"">échosondeurs</a> pour accompagner votre choix de moulinet casting."
"37483";"Votre échosondeur repérera les bancs de poissons et la structure du fond pour optimiser vos sessions de pêche. Ce guide comparatif évaluera les modèles selon la qualité de leur sonar, leur écran et leur portabilité. Retrouvez aussi nos comparatifs de <a href=""https://meilleurtest.fr/comparatif-canne-a-peche-pour-bord-de-mer/"">cannes à pêche pour bord de mer</a>, de <a href=""https://meilleurtest.fr/comparatif-canne-a-carpe/"">cannes à carpe</a> et de <a href=""https://meilleurtest.fr/comparatif-moulinet-casting/"">moulinets casting</a> pour compléter votre matériel autour de l'échosondeur."
"40073";"Tout le monde est motivé pour la plage, sauf la personne qui portera le <a href=""https://meilleurtest.fr/comparatif-parasol-de-plage/"">parasol</a>, la <a href=""https://meilleurtest.fr/comparatif-glaciere/"">glacière</a> et les <a href=""https://meilleurtest.fr/comparatif-pain-de-glace/"">pains de glace</a>. Un chariot de plage réglera le problème : pliable, avec roues ballon ou compartiments enfants, il transportera tout en un seul trajet. Appliquez votre <a href=""https://meilleurtest.fr/comparatif-creme-solaire/"">crème solaire</a> et profitez de la journée. Ce guide comparatif vous aidera à choisir le modèle idéal."
"39040";"Randonnée, pique-nique ou journée à la plage : le pain de glace maintiendra vos aliments au frais dans une <a href=""https://meilleurtest.fr/comparatif-glaciere/"">glacière</a>. Chargez le tout dans un <a href=""https://meilleurtest.fr/comparatif-chariot-de-plage/"">chariot de plage</a>, plantez votre <a href=""https://meilleurtest.fr/comparatif-parasol-de-plage/"">parasol</a> et protégez-vous avec une bonne <a href=""https://meilleurtest.fr/comparatif-creme-solaire/"">crème solaire</a>. Gel, liquide ou réutilisable : ce guide comparatif vous aidera à choisir le pain de glace le plus adapté."
"41431";"L'ordinateur de plongée affichera en temps réel la profondeur, la température et les paliers de décompression pour assurer votre sécurité sous l'eau. Indispensable pour la plongée bouteille comme pour la chasse sous-marine, il remplacera avantageusement les tables manuelles. Complétez votre équipement avec un <a href=""https://meilleurtest.fr/comparatif-masque-de-plongee/"">masque</a>, des <a href=""https://meilleurtest.fr/comparatif-palmes-de-chasse-sous-marines/"">palmes</a> et une <a href=""https://meilleurtest.fr/comparatif-combinaison-de-plongee-7mm/"">combinaison 7 mm</a>. Ce guide comparatif vous aidera à choisir le meilleur ordinateur de plongée."
"41361";"Des palmes de chasse sous-marine bien choisies vous propulseront efficacement tout en limitant la fatigue lors de vos sessions d'apnée. Longues et souples ou courtes et rigides, le choix dépendra de votre technique et des conditions de plongée. Associez-les à un <a href=""https://meilleurtest.fr/comparatif-masque-de-plongee/"">masque de plongée</a>, une <a href=""https://meilleurtest.fr/comparatif-combinaison-de-plongee-7mm/"">combinaison 7 mm</a> et un <a href=""https://meilleurtest.fr/comparatif-appareil-photo-sous-marin/"">appareil photo sous-marin</a>. Ce guide comparatif vous aidera à choisir les meilleures palmes de chasse sous-marine."
"40352";"Le masque de plongée protégera vos yeux et vous offrira une vision nette sous l'eau, que ce soit pour le snorkeling, la plongée bouteille ou la chasse sous-marine. Volume interne, jupe en silicone et champ de vision feront la différence entre les modèles. Complétez votre équipement avec des <a href=""https://meilleurtest.fr/comparatif-palmes-de-chasse-sous-marines/"">palmes</a>, une <a href=""https://meilleurtest.fr/comparatif-combinaison-de-plongee-7mm/"">combinaison 7 mm</a> et un <a href=""https://meilleurtest.fr/comparatif-ordinateur-de-plongee/"">ordinateur de plongée</a>. Ce guide comparatif vous aidera à choisir le meilleur masque de plongée."
"39633";"La montre de plongée résistera aux pressions élevées tout en affichant profondeur et temps d'immersion sur votre poignet. Plus robuste qu'une montre classique, elle conviendra aux plongeurs réguliers comme aux amateurs de sports nautiques. Comparez-la à un <a href=""https://meilleurtest.fr/comparatif-ordinateur-de-plongee/"">ordinateur de plongée</a> dédié. Complétez votre panoplie avec un <a href=""https://meilleurtest.fr/comparatif-masque-de-plongee/"">masque</a> et une <a href=""https://meilleurtest.fr/comparatif-combinaison-de-plongee-7mm/"">combinaison 7 mm</a>. Ce guide comparatif vous aidera à choisir la meilleure montre de plongée."
"38586";"La combinaison de plongée 7 mm vous assurera une isolation thermique optimale dans des eaux de 10 à 20 °C. Étanche, humide ou semi-étanche, le choix dépendra de votre pratique : plongée bouteille, chasse sous-marine ou apnée. Complétez votre équipement avec un <a href=""https://meilleurtest.fr/comparatif-masque-de-plongee/"">masque de plongée</a>, des <a href=""https://meilleurtest.fr/comparatif-palmes-de-chasse-sous-marines/"">palmes</a> et un <a href=""https://meilleurtest.fr/comparatif-ordinateur-de-plongee/"">ordinateur de plongée</a>. Ce guide comparatif vous aidera à choisir la meilleure combinaison de plongée 7 mm."
"42627";"Pour éviter que l'achat de votre voiture ne vire au gouffre financier, il faut choisir le bon crédit auto : taux, durée et conditions adaptés à votre budget. Pensez à coupler l'offre avec une <a href=""https://meilleurtest.fr/comparatif-assurance-emprunteur/"">assurance emprunteur</a> avantageuse et à passer par une <a href=""https://meilleurtest.fr/comparatif-banque-en-ligne-gratuite/"">banque en ligne</a> pour réduire les frais. Vérifiez aussi que votre <a href=""https://meilleurtest.fr/comparatif-carte-bancaire/"">carte bancaire</a> gèrera les prélèvements sans surcoût. Ce guide comparatif vous aidera à choisir."
"41117";"Filmer vos exploits en ultra haute définition sera à votre portée avec une caméra de sport 4K adaptée à vos activités. Ce guide comparera les modèles les plus performants et vous orientera vers les <a href=""https://meilleurtest.fr/comparatif-camera-de-sport/"">caméras de sport</a> polyvalentes, les <a href=""https://meilleurtest.fr/comparatif-action-cam-rapport-qualite-prix/"">action cam au meilleur rapport qualité/prix</a> ou les <a href=""https://meilleurtest.fr/comparatif-camera-360/"">caméras 360</a>. Vous y trouverez les critères clés pour choisir votre caméra de sport 4K."
"41081";"Ce guide vous aidera à choisir un caméscope semi-pro adapté à vos projets vidéo, du reportage au court-métrage. Vous y découvrirez les critères de sélection essentiels et nos recommandations parmi les meilleurs modèles du marché, en complément de nos comparatifs de <a href=""https://meilleurtest.fr/comparatif-camescope/"">caméscopes</a>, de <a href=""https://meilleurtest.fr/comparatif-camera-pour-youtubeur/"">caméras pour youtubeur</a> et d'<a href=""https://meilleurtest.fr/comparatif-appareil-photo-pour-video/"">appareils photo pour vidéo</a>. Vous trouverez ici le caméscope semi-pro idéal pour vos tournages."
"40481";"Ce guide vous présentera les meilleures GoPro du moment et vous aidera à trouver le modèle adapté à vos activités. Vous y découvrirez nos recommandations pour chaque usage, des <a href=""https://meilleurtest.fr/comparatif-camera-de-sport-4k/"">caméras de sport 4K</a> aux <a href=""https://meilleurtest.fr/comparatif-stabilisateur-pour-gopro/"">stabilisateurs pour GoPro</a>, en passant par les <a href=""https://meilleurtest.fr/comparatif-perche-pour-gopro/"">perches</a> et les <a href=""https://meilleurtest.fr/comparatif-kit-daccessoires-gopro/"">kits d'accessoires GoPro</a>. Vous saurez quelle GoPro choisir selon vos besoins."
"40425";"Trouver une action cam performante sans dépasser votre budget sera plus simple avec ce guide. Vous y découvrirez les modèles offrant le meilleur compromis entre qualité d'image et prix, en complément de nos sélections de <a href=""https://meilleurtest.fr/comparatif-camera-de-sport/"">caméras de sport</a>, de <a href=""https://meilleurtest.fr/comparatif-camera-de-sport-4k/"">caméras de sport 4K</a> et de <a href=""https://meilleurtest.fr/comparatif-camera-360/"">caméras 360</a>. Ce comparatif vous orientera vers l'action cam au meilleur rapport qualité/prix."
"40312";"Enregistrer votre écran ou capturer un flux vidéo deviendra un jeu d'enfant avec le bon logiciel de capture vidéo. Ce guide comparera les solutions les plus fiables pour le streaming, les tutoriels et la création de contenu, aux côtés de nos sélections de <a href=""https://meilleurtest.fr/comparatif-carte-de-capture-video/"">cartes de capture vidéo</a>, de <a href=""https://meilleurtest.fr/comparatif-camera-pour-youtubeur/"">caméras pour youtubeur</a> et de <a href=""https://meilleurtest.fr/comparatif-micro-cravate/"">micros cravates</a>. Vous trouverez le logiciel de capture vidéo adapté à vos besoins."
"40172";"Obtenir des vidéos fluides et sans tremblement sera à votre portée avec un stabilisateur pour GoPro adapté à votre pratique. Ce guide vous présentera les meilleurs modèles du marché et vous aidera à choisir, en complément de nos comparatifs de <a href=""https://meilleurtest.fr/comparatif-gopro/"">GoPro</a>, de <a href=""https://meilleurtest.fr/comparatif-perche-pour-gopro/"">perches pour GoPro</a> et de <a href=""https://meilleurtest.fr/comparatif-kit-daccessoires-gopro/"">kits d'accessoires GoPro</a>. Vous saurez quel stabilisateur pour GoPro choisir pour vos sessions."
"40115";"Produire des vidéos de qualité pour votre chaîne passera par le choix d'une bonne caméra pour youtubeur. Ce guide comparera les modèles les plus adaptés à la création de contenu, en lien avec nos sélections de <a href=""https://meilleurtest.fr/comparatif-lampe-ring-light/"">lampes ring light</a>, de <a href=""https://meilleurtest.fr/comparatif-micro-cravate/"">micros cravates</a> et d'<a href=""https://meilleurtest.fr/comparatif-appareil-photo-pour-youtube/"">appareils photo pour YouTube</a>. Vous saurez quelle caméra pour youtubeur répondra le mieux à vos attentes."
"40065";"Capturer vos aventures sous le meilleur angle sera plus facile avec une perche pour GoPro adaptée à votre pratique. Ce guide vous présentera les modèles les plus fiables, en complément de nos comparatifs de <a href=""https://meilleurtest.fr/comparatif-gopro/"">GoPro</a>, de <a href=""https://meilleurtest.fr/comparatif-stabilisateur-pour-gopro/"">stabilisateurs pour GoPro</a> et de <a href=""https://meilleurtest.fr/comparatif-kit-daccessoires-gopro/"">kits d'accessoires GoPro</a>. Vous trouverez la perche pour GoPro qui conviendra à vos sorties sportives."
"40027";"Exploiter pleinement votre GoPro passera par le choix d'un kit d'accessoires adapté à vos activités. Ce guide vous présentera les meilleurs kits du marché pour la plongée, la randonnée ou le vélo, en lien avec nos sélections de <a href=""https://meilleurtest.fr/comparatif-gopro/"">GoPro</a>, de <a href=""https://meilleurtest.fr/comparatif-stabilisateur-pour-gopro/"">stabilisateurs pour GoPro</a> et de <a href=""https://meilleurtest.fr/comparatif-perche-pour-gopro/"">perches pour GoPro</a>. Vous saurez quel kit d'accessoires GoPro correspondra le mieux à vos besoins."
"38419";"Dynamiser vos soirées ou vos tournages avec des effets lumineux saisissants sera possible grâce à un bon stroboscope. Ce guide vous présentera les modèles les plus performants pour la scène, la discothèque ou l'événementiel, en complément de nos comparatifs de <a href=""https://meilleurtest.fr/comparatif-lampe-ring-light/"">lampes ring light</a>, de <a href=""https://meilleurtest.fr/comparatif-camera-pour-youtubeur/"">caméras pour youtubeur</a> et de <a href=""https://meilleurtest.fr/comparatif-camera-numerique/"">caméras numériques</a>. Vous trouverez le stroboscope adapté à vos besoins."
"38229";"Filmer en haute définition avec une caméra numérique adaptée à vos projets sera plus simple grâce à ce guide. Vous y découvrirez les modèles les plus performants pour le tournage, le vlog ou la création de contenu, aux côtés de nos comparatifs de <a href=""https://meilleurtest.fr/comparatif-camera-de-sport/"">caméras de sport</a>, de <a href=""https://meilleurtest.fr/comparatif-camescope/"">caméscopes</a> et de <a href=""https://meilleurtest.fr/comparatif-camera-pour-youtubeur/"">caméras pour youtubeur</a>. Vous saurez quelle caméra numérique choisir selon vos usages."
"38180";"Immortaliser vos exploits sportifs avec une caméra de sport robuste et performante sera à votre portée grâce à ce guide. Vous y découvrirez les modèles les plus fiables pour chaque discipline, en complément de nos sélections de <a href=""https://meilleurtest.fr/comparatif-camera-de-sport-4k/"">caméras de sport 4K</a>, d'<a href=""https://meilleurtest.fr/comparatif-action-cam-rapport-qualite-prix/"">action cam au meilleur rapport qualité/prix</a> et de <a href=""https://meilleurtest.fr/comparatif-camera-360/"">caméras 360</a>. Vous saurez quelle caméra de sport choisir pour vos aventures."
"37745";"Obtenir un éclairage uniforme et flatteur pour vos photos et vidéos sera à votre portée avec une lampe ring light adaptée. Ce guide comparera les modèles les plus performants pour le vlog, les tutoriels et les appels vidéo, en lien avec nos sélections de <a href=""https://meilleurtest.fr/comparatif-camera-pour-youtubeur/"">caméras pour youtubeur</a>, d'<a href=""https://meilleurtest.fr/comparatif-appareil-photo-de-vlog/"">appareils photo de vlog</a> et de <a href=""https://meilleurtest.fr/comparatif-micro-cravate/"">micros cravates</a>. Vous saurez quelle lampe ring light choisir selon vos usages."
"37656";"Choisir un caméscope performant pour vos projets vidéo sera plus simple grâce à ce guide. Vous y découvrirez les meilleurs modèles du marché pour le tournage familial, les événements ou la création de contenu, en lien avec nos comparatifs de <a href=""https://meilleurtest.fr/comparatif-camescope-semi-pro/"">caméscopes semi-pro</a>, de <a href=""https://meilleurtest.fr/comparatif-camera-numerique/"">caméras numériques</a> et d'<a href=""https://meilleurtest.fr/comparatif-appareil-photo-pour-video/"">appareils photo pour vidéo</a>. Vous saurez quel caméscope correspondra le mieux à vos attentes."
"37225";"Filmer à 360 degrés pour des vidéos immersives sera à votre portée avec une caméra 360 adaptée à vos projets. Ce guide comparera les modèles les plus performants du marché, en complément de nos sélections de <a href=""https://meilleurtest.fr/comparatif-camera-de-sport/"">caméras de sport</a>, de <a href=""https://meilleurtest.fr/comparatif-camera-numerique/"">caméras numériques</a> et de <a href=""https://meilleurtest.fr/comparatif-drone-photo/"">drones photo</a>. Vous trouverez la caméra 360 qui conviendra à vos besoins créatifs."
"42649";"Si le calcaire abime vos canalisations, un anti-calcaire magnétique empêchera les dépôts sans produit chimique ni sel. Plus discret qu’un <a href=""""https://meilleurtest.fr/comparatif-adoucisseur-deau/"""">adoucisseur d’eau</a> et complémentaire d’un <a href=""""https://meilleurtest.fr/comparatif-filtre-anti-calcaire/"""">filtre anti-calcaire</a>, il modifiera la structure des cristaux pour éviter le tartre. Ce guide vous orientera vers le bon modèle, que vous utilisiez déjà une <a href=""""https://meilleurtest.fr/comparatif-carafe-filtrante/"""">carafe filtrante</a> ou un <a href=""""https://meilleurtest.fr/comparatif-anti-calcaire/"""">anti-calcaire</a> classique, pour trouver le meilleur anti-calcaire magnétique."
"41378";"L’habitacle d’un véhicule concentre pollens, particules fines et odeurs tenaces au fil des trajets. Un purificateur d’air voiture filtrera ces polluants pour un habitacle plus sain, surtout si vous êtes sensible aux <a href=""""https://meilleurtest.fr/comparatif-purificateur-dair-pour-allergies/"""">allergies</a> ou exposé aux <a href=""""https://meilleurtest.fr/comparatif-purificateur-dair-pour-poils-danimaux/"""">poils d’animaux</a>. Il complétera un <a href=""""https://meilleurtest.fr/comparatif-humidificateur-d-air/"""">humidificateur d’air</a> déjà présent chez vous pour assainir l’air partout. Ce guide comparera les meilleurs purificateurs d’air voiture et vous aidera à trouver le modèle adapté."
"41252";"En randonnée, accéder à une eau sûre sans transporter de lourdes réserves est essentiel. Un filtre à eau pour la randonnée éliminera bactéries et impuretés directement à la source. Contrairement à un <a href=""""https://meilleurtest.fr/comparatif-filtre-a-eau/"""">filtre à eau</a> domestique, une <a href=""""https://meilleurtest.fr/comparatif-carafe-filtrante/"""">carafe filtrante</a> ou une <a href=""""https://meilleurtest.fr/comparatif-fontaine-a-eau-filtrante/"""">fontaine à eau filtrante</a>, il se glissera dans votre sac. Associé à une <a href=""""https://meilleurtest.fr/comparatif-gourde-filtrante/"""">gourde filtrante</a>, il garantira une hydratation fiable. Ce guide comparera les meilleurs filtres à eau pour la randonnée."
"41089";"Un groupe hydrophore maintiendra une pression d’eau constante dans votre habitation, même lorsque le débit est insuffisant. Il complétera une <a href=""""https://meilleurtest.fr/comparatif-pompe-pour-puits/"""">pompe pour puits</a> ou un <a href=""""https://meilleurtest.fr/comparatif-recuperateur-eau-de-pluie/"""">récupérateur d’eau de pluie</a> en régulant automatiquement le flux. Associé à un <a href=""""https://meilleurtest.fr/comparatif-filtre-a-eau/"""">filtre à eau</a> ou un <a href=""""https://meilleurtest.fr/comparatif-adoucisseur-deau/"""">adoucisseur d’eau</a>, il garantira une eau de qualité à bonne pression. Ce guide comparera les meilleurs groupes hydrophores pour votre installation."
"40496";"Dyson propose des purificateurs d’air alliant filtration HEPA et ventilation dans un design épuré. Un purificateur d’air Dyson capturera allergènes, particules fines et odeurs pour assainir votre intérieur. Ce guide comparera les différents modèles de la gamme et vous aidera à choisir selon vos besoins, que vous cibliez les <a href=""""https://meilleurtest.fr/comparatif-purificateur-dair-pour-allergies/"""">allergies</a>, les <a href=""""https://meilleurtest.fr/comparatif-purificateur-dair-pour-poils-danimaux/"""">poils d’animaux</a> ou l’air de votre <a href=""""https://meilleurtest.fr/comparatif-purificateur-dair-voiture/"""">voiture</a>. Associé à un <a href=""""https://meilleurtest.fr/comparatif-humidificateur-d-air/"""">humidificateur d’air</a>, votre purificateur Dyson optimisera le confort de votre habitat."
"40401";"Une fontaine à eau filtrante purifiera l’eau du robinet en continu pour toute la famille, sans stocker de bouteilles. Plus performante qu’une simple <a href=""""https://meilleurtest.fr/comparatif-carafe-filtrante/"""">carafe filtrante</a>, elle traitera de plus grands volumes et éliminera chlore et impuretés comme un <a href=""""https://meilleurtest.fr/comparatif-filtre-a-eau/"""">filtre à eau</a> avancé. Combinée à un <a href=""""https://meilleurtest.fr/comparatif-adoucisseur-deau/"""">adoucisseur d’eau</a> ou un <a href=""""https://meilleurtest.fr/comparatif-filtre-anti-calcaire/"""">filtre anti-calcaire</a>, elle offrira une eau pure au quotidien. Ce guide comparera les meilleures fontaines à eau filtrante."
"39888";"Le calcaire endommage tuyauteries et appareils en laissant des dépôts tenaces. Un filtre anti-calcaire neutralisera ces résidus à la source sans modifier votre eau. Moins encombrant qu’un <a href=""""https://meilleurtest.fr/comparatif-adoucisseur-deau/"""">adoucisseur d’eau</a> et plus ciblé qu’un <a href=""""https://meilleurtest.fr/comparatif-anti-calcaire/"""">anti-calcaire</a> classique ou un <a href=""""https://meilleurtest.fr/comparatif-anti-calcaire-magnetique/"""">anti-calcaire magnétique</a>, il protégera vos installations. Associé à une <a href=""""https://meilleurtest.fr/comparatif-carafe-filtrante/"""">carafe filtrante</a>, il assurera une eau douce partout. Ce guide comparera les meilleurs filtres anti-calcaire."
"39849";"L’air intérieur contient pollens, acariens et moisissures qui aggravent les réactions allergiques. Un purificateur d’air pour les allergies capturera ces allergènes pour assainir votre logement. Ce guide comparera les meilleurs modèles, que le problème vienne des <a href=""""https://meilleurtest.fr/comparatif-purificateur-dair-pour-poils-danimaux/"""">poils d’animaux</a> ou de l’<a href=""""https://meilleurtest.fr/comparatif-absorbeur-d-humidite/"""">humidité</a>. Combiné à un <a href=""""https://meilleurtest.fr/comparatif-humidificateur-d-air/"""">humidificateur d’air</a>, il créera un environnement sain, y compris en <a href=""""https://meilleurtest.fr/comparatif-purificateur-dair-voiture/"""">voiture</a>. Vous trouverez ici le purificateur d’air pour allergies adapté à vos besoins."
"39759";"Vivre avec un chien ou un chat signifie des poils en suspension, des squames et des odeurs tenaces. Un purificateur d’air pour poils d’animaux capturera ces particules et neutralisera les odeurs pour un intérieur plus sain. Ce guide comparera les meilleurs modèles, adaptés aussi si vous souffrez d’<a href=""""https://meilleurtest.fr/comparatif-purificateur-dair-pour-allergies/"""">allergies respiratoires</a>. Associé à un <a href=""""https://meilleurtest.fr/comparatif-humidificateur-d-air/"""">humidificateur d’air</a>, il maintiendra un air pur, même en <a href=""""https://meilleurtest.fr/comparatif-purificateur-dair-voiture/"""">voiture</a>. Vous trouverez le purificateur d’air pour poils d’animaux idéal."
"39575";"Un sous-sol mal ventilé accumule l’humidité, favorisant moisissures et odeurs. Un déshumidificateur de sous-sol régulera le taux d’hygrométrie pour protéger vos biens. Plus performant qu’un simple <a href=""""https://meilleurtest.fr/comparatif-absorbeur-d-humidite/"""">absorbeur d’humidité</a>, il traitera de grands volumes en continu. Ce guide comparera les meilleurs modèles, adaptés aussi à une <a href=""""https://meilleurtest.fr/comparatif-deshumidificateur-de-cave/"""">cave</a> ou une <a href=""""https://meilleurtest.fr/comparatif-deshumidificateur-de-salle-de-bain/"""">salle de bain</a>. Vous saurez si un <a href=""""https://meilleurtest.fr/comparatif-humidificateur-d-air/"""">humidificateur d’air</a> le complétera en hiver et choisirez le déshumidificateur de sous-sol adapté."
"39072";"La qualité de l’eau conditionne la santé de vos poissons. Un osmoseur pour aquarium éliminera chlore, nitrates et métaux lourds pour une eau pure. Contrairement à un <a href=""""https://meilleurtest.fr/comparatif-filtre-a-eau/"""">filtre à eau</a> domestique, une <a href=""""https://meilleurtest.fr/comparatif-carafe-filtrante/"""">carafe filtrante</a> ou une <a href=""""https://meilleurtest.fr/comparatif-fontaine-a-eau-filtrante/"""">fontaine à eau filtrante</a>, il produira une eau quasi distillée. Associé à une <a href=""""https://meilleurtest.fr/comparatif-pompe-a-aquarium/"""">pompe à aquarium</a>, il assurera des paramètres stables. Ce guide comparera les meilleurs osmoseurs pour aquarium."
"39048";"La salle de bain est la pièce la plus exposée à l’humidité, propice aux moisissures et aux odeurs. Un déshumidificateur de salle de bain extraira l’excès d’humidité pour garder cet espace sain. Plus efficace qu’un <a href=""""https://meilleurtest.fr/comparatif-absorbeur-d-humidite/"""">absorbeur d’humidité</a>, il fonctionnera en continu. Ce guide comparera les meilleurs modèles, utiles aussi pour une <a href=""""https://meilleurtest.fr/comparatif-deshumidificateur-de-cave/"""">cave</a> ou un <a href=""""https://meilleurtest.fr/comparatif-deshumidificateur-de-sous-sol/"""">sous-sol</a>. Vous saurez aussi quand préférer un <a href=""""https://meilleurtest.fr/comparatif-humidificateur-d-air/"""">humidificateur d’air</a> et choisirez le bon déshumidificateur de salle de bain."
"39014";"Installé au-dessus de votre plan de cuisson, un groupe filtrant aspirera fumées, graisses et odeurs en toute discrétion. Plus compact qu’une <a href=""""https://meilleurtest.fr/comparatif-hotte-aspirante/"""">hotte aspirante</a> classique, il s’intégrera dans un meuble haut et conviendra aux cuisines ouvertes. En complément d’un <a href=""""https://meilleurtest.fr/comparatif-purificateur-dair-pour-allergies/"""">purificateur d’air contre les allergies</a> et d’un <a href=""""https://meilleurtest.fr/comparatif-humidificateur-d-air/"""">humidificateur d’air</a>, il contribuera à assainir votre intérieur. Ce guide comparera les meilleurs groupes filtrants pour votre cuisine."
"38964";"Une cave mal aérée accumule l’humidité, causant moisissures, corrosion et odeurs. Un déshumidificateur de cave régulera l’hygrométrie pour protéger vos biens. Plus puissant qu’un <a href=""""https://meilleurtest.fr/comparatif-absorbeur-d-humidite/"""">absorbeur d’humidité</a>, il traitera de grands volumes en continu. Ce guide comparera les meilleurs modèles, adaptés aussi à un <a href=""""https://meilleurtest.fr/comparatif-deshumidificateur-de-sous-sol/"""">sous-sol</a> ou une <a href=""""https://meilleurtest.fr/comparatif-deshumidificateur-de-salle-de-bain/"""">salle de bain</a>. Vous saurez aussi quand un <a href=""""https://meilleurtest.fr/comparatif-humidificateur-d-air/"""">humidificateur d’air</a> sera préférable et choisirez le déshumidificateur de cave adapté."
"38706";"Le calcaire laisse des traces sur la robinetterie, encrasse vos appareils et assèche la peau. Un anti-calcaire neutralisera ces dépôts par voie chimique, mécanique ou physique pour protéger votre installation. Ce guide comparera les meilleurs produits et vous aidera à choisir entre un <a href=""""https://meilleurtest.fr/comparatif-filtre-anti-calcaire/"""">filtre anti-calcaire</a>, un <a href=""""https://meilleurtest.fr/comparatif-anti-calcaire-magnetique/"""">anti-calcaire magnétique</a> ou un <a href=""""https://meilleurtest.fr/comparatif-adoucisseur-deau/"""">adoucisseur d’eau</a>. Associé à une <a href=""""https://meilleurtest.fr/comparatif-carafe-filtrante/"""">carafe filtrante</a>, votre anti-calcaire garantira une eau douce dans tout le foyer."
"38414";"L’excès d’humidité favorise moisissures, acariens et mauvaises odeurs dans la maison. Un absorbeur d’humidité régulera le taux d’hygrométrie sans consommer d’énergie, à l’aide de pastilles ou de gros sel. Idéal pour les petites pièces, il complétera un <a href=""""https://meilleurtest.fr/comparatif-deshumidificateur-de-cave/"""">déshumidificateur de cave</a>, de <a href=""""https://meilleurtest.fr/comparatif-deshumidificateur-de-sous-sol/"""">sous-sol</a> ou de <a href=""""https://meilleurtest.fr/comparatif-deshumidificateur-de-salle-de-bain/"""">salle de bain</a> dans les grands espaces. Vous saurez aussi quand un <a href=""""https://meilleurtest.fr/comparatif-humidificateur-d-air/"""">humidificateur d’air</a> sera nécessaire. Ce guide comparera les meilleurs absorbeurs d’humidité."
"37777";"L’eau du robinet contient souvent calcaire, chlore et impuretés qui altèrent son goût. Une carafe filtrante purifiera votre eau au quotidien sans installation complexe. Plus accessible qu’un <a href=""""https://meilleurtest.fr/comparatif-adoucisseur-deau/"""">adoucisseur d’eau</a> ou un <a href=""""https://meilleurtest.fr/comparatif-filtre-anti-calcaire/"""">filtre anti-calcaire</a>, elle se pose sur le plan de travail. Pour de plus grands volumes, vous pourrez envisager un <a href=""""https://meilleurtest.fr/comparatif-filtre-a-eau/"""">filtre à eau</a> ou une <a href=""""https://meilleurtest.fr/comparatif-fontaine-a-eau-filtrante/"""">fontaine à eau filtrante</a>. Ce guide comparera les meilleures carafes filtrantes du moment."
"37421";"Un air trop sec provoque irritations des voies respiratoires, peau sèche et inconfort, surtout en hiver. Un humidificateur d’air rétablira un taux d’hygrométrie sain dans votre logement. Ce guide comparera les meilleurs modèles, y compris ceux conçus pour la <a href=""""https://meilleurtest.fr/comparatif-humidificateur-d-air-bebe/"""">chambre de bébé</a>. Vous saurez aussi quand préférer un <a href=""""https://meilleurtest.fr/comparatif-purificateur-dair-pour-allergies/"""">purificateur d’air contre les allergies</a>, un <a href=""""https://meilleurtest.fr/comparatif-absorbeur-d-humidite/"""">absorbeur d’humidité</a> ou un <a href=""""https://meilleurtest.fr/comparatif-deshumidificateur-de-cave/"""">déshumidificateur</a> et choisirez le bon humidificateur d’air."
"37386";"Un filtre à eau purifiera l’eau du robinet en éliminant chlore, calcaire et impuretés pour un meilleur goût et une consommation plus saine. Ce guide comparera les meilleurs modèles, de la simple <a href=""""https://meilleurtest.fr/comparatif-carafe-filtrante/"""">carafe filtrante</a> à la <a href=""""https://meilleurtest.fr/comparatif-fontaine-a-eau-filtrante/"""">fontaine à eau filtrante</a> en passant par le <a href=""""https://meilleurtest.fr/comparatif-filtre-a-eau-pour-la-randonnee/"""">filtre pour la randonnée</a>. Vous découvrirez aussi les différences avec un <a href=""""https://meilleurtest.fr/comparatif-adoucisseur-deau/"""">adoucisseur d’eau</a> ou un <a href=""""https://meilleurtest.fr/comparatif-filtre-anti-calcaire/"""">filtre anti-calcaire</a> pour choisir le filtre à eau adapté à vos besoins."
"37279";"L’air sec d’une chambre de bébé irrite les voies respiratoires et assèche la peau des tout-petits. Un humidificateur d’air pour bébé maintiendra un taux d’humidité optimal pour un sommeil paisible. Ce guide comparera les meilleurs modèles, du <a href=""""https://meilleurtest.fr/comparatif-humidificateur-d-air/"""">modèle familial</a> aux appareils spécifiques. Vous saurez aussi quand préférer un <a href=""""https://meilleurtest.fr/comparatif-purificateur-dair-pour-allergies/"""">purificateur contre les allergies</a> ou un <a href=""""https://meilleurtest.fr/comparatif-absorbeur-d-humidite/"""">absorbeur d’humidité</a> pour choisir le meilleur humidificateur d’air bébé."
"37208";"Une eau trop calcaire abime la plomberie, encrasse les appareils et laisse la peau sèche. Un adoucisseur d’eau réduira la dureté de votre eau en retenant le calcium et le magnésium pour protéger toute votre installation. Ce guide comparera les meilleurs modèles et vous aidera à choisir entre un adoucisseur, un <a href=""""https://meilleurtest.fr/comparatif-filtre-anti-calcaire/"""">filtre anti-calcaire</a>, un <a href=""""https://meilleurtest.fr/comparatif-anti-calcaire-magnetique/"""">anti-calcaire magnétique</a> ou un <a href=""""https://meilleurtest.fr/comparatif-anti-calcaire/"""">anti-calcaire</a> classique. Complété par une <a href=""""https://meilleurtest.fr/comparatif-carafe-filtrante/"""">carafe filtrante</a>, votre adoucisseur d’eau garantira une eau douce partout."
"37177";"L’eau de votre douche contient chlore, calcaire et impuretés qui agressent la peau et les cheveux. Un filtre à douche retiendra ces substances pour une eau plus douce. Plus simple qu’un <a href=""""https://meilleurtest.fr/comparatif-adoucisseur-deau/"""">adoucisseur d’eau</a> ou un <a href=""""https://meilleurtest.fr/comparatif-filtre-anti-calcaire/"""">filtre anti-calcaire</a> sur canalisation, il s’installera en quelques minutes sur votre <a href=""""https://meilleurtest.fr/comparatif-pommeau-de-douche/"""">pommeau de douche</a>. Ce guide comparera les meilleurs filtres à douche et vous aidera à choisir, en complément d’un <a href=""""https://meilleurtest.fr/comparatif-filtre-a-eau/"""">filtre à eau</a> pour toute la maison."
"40392";"Votre cartable pour le collège devra combiner solidité, confort dorsal et capacité suffisante pour les manuels et le matériel. Ce guide comparatif évaluera les modèles selon leur ergonomie, leur volume et leur résistance. Consultez aussi nos sélections de <a href=""https://meilleurtest.fr/comparatif-cartable-cp/"">cartables de CP</a>, de <a href=""https://meilleurtest.fr/comparatif-sac-a-dos-pour-enfant/"">sacs à dos pour enfant</a> et de <a href=""https://meilleurtest.fr/comparatif-stylo-effacable/"">stylos effaçables</a> pour préparer la rentrée avec le bon cartable pour le collège."
"40041";"Votre stylo effaçable vous permettra de corriger sans rature et de garder des cahiers propres. Ce guide comparatif analysera les modèles selon leur fluidité d'écriture, leur durabilité et leur qualité d'effacement. Découvrez aussi nos comparatifs de <a href=""https://meilleurtest.fr/comparatif-taille-crayon/"">taille-crayons</a>, de <a href=""https://meilleurtest.fr/comparatif-cahier-de-vacances/"">cahiers de vacances</a> et de <a href=""https://meilleurtest.fr/comparatif-cartable-cp/"">cartables de CP</a> pour compléter votre rentrée avec le bon stylo effaçable."
"39864";"Votre taille-crayon assurera une mine toujours nette pour un tracé précis en classe comme à la maison. Ce guide comparatif passera en revue les modèles selon leur mécanisme, leur réservoir et leur durabilité. Retrouvez aussi nos guides sur les <a href=""https://meilleurtest.fr/comparatif-stylo-effacable/"">stylos effaçables</a>, les <a href=""https://meilleurtest.fr/comparatif-cahier-de-vacances/"">cahiers de vacances</a> et les <a href=""https://meilleurtest.fr/comparatif-cartable-pour-college/"">cartables pour le collège</a> pour préparer la rentrée avec le bon taille-crayon."
"37707";"Votre cartable de CP accompagnera votre enfant dès sa première rentrée avec un confort et un poids adaptés à sa morphologie. Ce guide comparatif évaluera les modèles selon leur ergonomie, leur légèreté et leur solidité. Parcourez aussi nos sélections de <a href=""https://meilleurtest.fr/comparatif-cartable-pour-college/"">cartables pour le collège</a>, de <a href=""https://meilleurtest.fr/comparatif-sac-a-dos-pour-enfant/"">sacs à dos pour enfant</a> et de <a href=""https://meilleurtest.fr/comparatif-cahier-de-vacances/"">cahiers de vacances</a> pour préparer la rentrée avec le bon cartable de CP."
"37393";"Votre cahier de vacances permettra à votre enfant de réviser les acquis de l'année tout en s'amusant. Ce guide comparatif analysera les éditions selon leur pédagogie, leurs exercices et leur adaptation au niveau scolaire. Consultez aussi nos comparatifs de <a href=""https://meilleurtest.fr/comparatif-cartable-cp/"">cartables de CP</a>, de <a href=""https://meilleurtest.fr/comparatif-cartable-pour-college/"">cartables pour le collège</a> et de <a href=""https://meilleurtest.fr/comparatif-stylo-effacable/"">stylos effaçables</a> pour accompagner le choix du cahier de vacances."
"41232";"Les perles à repasser développent la créativité et la motricité fine, chez les <a href=""https://meilleurtest.fr/comparatif-kit-de-bricolage-pour-enfant/"">enfants</a> comme chez les adultes. On positionne les perles sur un support à picots puis on les fusionne au fer, un loisir accessible dès 5 ans, complémentaire de la <a href=""https://meilleurtest.fr/comparatif-coffret-de-pate-fimo/"">pâte Fimo</a> ou de la <a href=""https://meilleurtest.fr/comparatif-peinture-acrylique/"">peinture acrylique</a>. Ce guide comparatif vous aidera à choisir le kit le plus adapté à l'âge et au niveau de l'utilisateur."
"39306";"Le streaming a simplifié l'écoute de musique, mais il exige une connexion permanente. Pour profiter de vos morceaux hors ligne, sur un <a href=""https://meilleurtest.fr/comparatif-casque-sony/"">casque</a>, des <a href=""https://meilleurtest.fr/comparatif-ecouteurs-intra-auriculaires-sans-fil/"">écouteurs sans fil</a> ou une <a href=""https://meilleurtest.fr/comparatif-enceinte-bluetooth/"">enceinte Bluetooth</a>, le téléchargement reste la solution la plus fiable. Ce guide comparatif passe en revue les meilleurs sites gratuits, légaux et sécurisés."
"42502";"Vous trouverez dans ce guide les meilleurs skis freeride en comparant la largeur au patin, le rocker et la rigidité de chaque modèle. Vous identifierez les skis adaptés à votre niveau pour la poudreuse, les pentes raides ou le hors-piste engagé. Ces skis freeride s'associeront à des <a href=""https://meilleurtest.fr/comparatif-chaussures-de-ski-pour-homme/"">chaussures de ski</a>, un <a href=""https://meilleurtest.fr/comparatif-casque-de-ski/"">casque</a>, des <a href=""https://meilleurtest.fr/comparatif-gants-de-ski/"">gants</a> et un <a href=""https://meilleurtest.fr/comparatif-masque-de-ski/"">masque</a> pour vos sorties en montagne."
"42493";"Ce guide comparera les meilleurs casques de ski en évaluant la sécurité, la ventilation et le confort de chaque modèle. Vous découvrirez les technologies in-mold, rigide et hybride pour trouver le casque adapté à votre pratique. Vous associerez votre casque à un <a href=""https://meilleurtest.fr/comparatif-masque-de-ski/"">masque</a>, des <a href=""https://meilleurtest.fr/comparatif-gants-de-ski/"">gants</a> et une <a href=""https://meilleurtest.fr/comparatif-combinaison-de-ski-pour-femme/"">combinaison</a>, ou vous choisirez un <a href=""https://meilleurtest.fr/comparatif-casque-de-ski-avec-visiere-photochromique/"">casque à visière photochromique</a>."
"42446";"Ce guide vous présentera les meilleurs boots de snowboard homme selon le maintien, le flex et le système de serrage. Vous comparerez les modèles adaptés au freestyle, au freeride et à la piste pour trouver la paire idéale. Vos boots s'associeront à un <a href=""https://meilleurtest.fr/comparatif-snowboard-airtracks/"">snowboard</a>, un <a href=""https://meilleurtest.fr/comparatif-casque-de-ski/"">casque</a>, des <a href=""https://meilleurtest.fr/comparatif-gants-de-ski/"">gants</a> et un <a href=""https://meilleurtest.fr/comparatif-masque-de-ski/"">masque</a> pour rider en toute sécurité."
"42049";"Ce guide vous présentera les meilleures raquettes de neige en comparant la portance, l'accroche et le système de fixation de chaque modèle. Vous trouverez les raquettes adaptées à votre poids et au terrain, de la randonnée en forêt aux sorties en haute montagne. Ces raquettes de neige compléteront votre équipement hivernal avec des <a href=""https://meilleurtest.fr/comparatif-gants-de-ski/"">gants chauds</a>, une <a href=""https://meilleurtest.fr/comparatif-combinaison-de-ski-pour-femme/"">combinaison imperméable</a>, un <a href=""https://meilleurtest.fr/comparatif-casque-de-ski/"">casque</a> et un <a href=""https://meilleurtest.fr/comparatif-masque-de-ski/"">masque</a>."
"41967";"Vous découvrirez dans ce guide les meilleurs casques de ski avec visière photochromique, dont le verre adaptera automatiquement sa teinte à la luminosité. Vous évaluerez les critères de sécurité, de ventilation et de confort pour choisir le modèle adapté à votre pratique. Ce casque à visière complétera vos <a href=""https://meilleurtest.fr/comparatif-gants-de-ski/"">gants de ski</a>, votre <a href=""https://meilleurtest.fr/comparatif-combinaison-de-ski-pour-femme/"">combinaison</a> et vos <a href=""https://meilleurtest.fr/comparatif-skis-polyvalents/"">skis polyvalents</a> ou <a href=""https://meilleurtest.fr/comparatif-ski-freeride/"">freeride</a>."
"41949";"Vous trouverez dans ce guide les meilleures chaussures de ski pour homme en fonction du flex, du chaussant et du système de fermeture. Vous comparerez les modèles selon votre niveau et votre discipline, de la piste au hors-piste. Ces chaussures de ski s'adapteront à vos <a href=""https://meilleurtest.fr/comparatif-skis-polyvalents/"">skis polyvalents</a>, <a href=""https://meilleurtest.fr/comparatif-skis-all-mountain/"">all-mountain</a> ou <a href=""https://meilleurtest.fr/comparatif-ski-freeride/"">freeride</a>, avec un <a href=""https://meilleurtest.fr/comparatif-casque-de-ski/"">casque</a> et des <a href=""https://meilleurtest.fr/comparatif-gants-de-ski/"">gants</a> pour compléter votre équipement."
"41909";"Vous découvrirez dans ce guide les meilleurs skis polyvalents en comparant la largeur au patin, le flex et le rayon de courbe. Vous trouverez des skis capables de performer sur piste damée et en hors-piste pour une glisse sans compromis. Ces skis polyvalents se combineront avec des <a href=""https://meilleurtest.fr/comparatif-chaussures-de-ski-pour-homme/"">chaussures de ski</a>, un <a href=""https://meilleurtest.fr/comparatif-casque-de-ski/"">casque</a>, des <a href=""https://meilleurtest.fr/comparatif-gants-de-ski/"">gants</a> et un <a href=""https://meilleurtest.fr/comparatif-masque-de-ski/"">masque</a> pour un équipement complet."
"41886";"Ce guide comparera les meilleurs skis all-mountain en évaluant la polyvalence, la stabilité et le comportement sur différents types de neige. Vous trouverez les skis tout-terrain adaptés à votre niveau pour alterner entre piste damée et hors-piste. Ces skis all-mountain s'associeront à des <a href=""https://meilleurtest.fr/comparatif-chaussures-de-ski-pour-homme/"">chaussures de ski</a>, un <a href=""https://meilleurtest.fr/comparatif-casque-de-ski/"">casque</a>, des <a href=""https://meilleurtest.fr/comparatif-gants-de-ski/"">gants</a> et un <a href=""https://meilleurtest.fr/comparatif-masque-de-ski/"">masque</a> pour skier partout en montagne."
"41775";"Ce guide vous aidera à choisir la meilleure combinaison de ski pour femme en comparant l'imperméabilité, l'isolation thermique et la coupe de chaque modèle. Vous trouverez la combinaison adaptée à votre morphologie et à votre pratique, de la piste au hors-piste. Cette combinaison de ski s'associera à un <a href=""https://meilleurtest.fr/comparatif-casque-de-ski-pour-femme/"">casque pour femme</a>, des <a href=""https://meilleurtest.fr/comparatif-gants-de-ski/"">gants</a>, un <a href=""https://meilleurtest.fr/comparatif-masque-de-ski/"">masque</a> et des <a href=""https://meilleurtest.fr/comparatif-skis-polyvalents/"">skis polyvalents</a>."
"41773";"Ce guide vous présentera les meilleures combinaisons de ski enfant en comparant l'isolation, l'imperméabilité et la liberté de mouvement de chaque modèle. Vous trouverez la combinaison adaptée à la taille et à l'âge de votre enfant pour des journées confortables sur les pistes. Cette combinaison de ski enfant se complétera avec un <a href=""https://meilleurtest.fr/comparatif-casque-de-ski/"">casque</a>, des <a href=""https://meilleurtest.fr/comparatif-gants-de-ski/"">gants</a> et un <a href=""https://meilleurtest.fr/comparatif-masque-de-ski/"">masque de ski</a> pour un équipement complet."
"40659";"Ce guide vous présentera les meilleurs snowboards Airtracks, une marque reconnue pour ses planches accessibles et performantes. Vous comparerez les modèles selon votre niveau et votre style de ride pour trouver le snowboard Airtracks idéal. Ce snowboard s'associera à des <a href=""https://meilleurtest.fr/comparatif-boots-snowboard-homme/"">boots de snowboard</a>, un <a href=""https://meilleurtest.fr/comparatif-casque-de-ski/"">casque</a>, des <a href=""https://meilleurtest.fr/comparatif-gants-de-ski/"">gants</a> et un <a href=""https://meilleurtest.fr/comparatif-masque-de-ski/"">masque</a> pour rider en sécurité."
"40227";"Ce guide vous aidera à choisir le meilleur casque de ski pour femme en analysant le maintien, la ventilation et le poids de chaque modèle. Vous identifierez le casque adapté à votre morphologie et à votre style de glisse, de la piste au hors-piste. Ce casque de ski pour femme se combinera avec un <a href=""https://meilleurtest.fr/comparatif-masque-de-ski/"">masque</a>, des <a href=""https://meilleurtest.fr/comparatif-gants-de-ski/"">gants</a>, une <a href=""https://meilleurtest.fr/comparatif-combinaison-de-ski-pour-femme/"">combinaison</a> et des <a href=""https://meilleurtest.fr/comparatif-skis-polyvalents/"">skis polyvalents</a> pour des descentes sereines."
"40198";"Ce guide comparera les meilleurs masques de ski en évaluant la protection UV, le champ de vision et le traitement antibuée de chaque écran. Vous choisirez la teinte et la forme adaptées à votre visage et aux conditions de luminosité sur les pistes. Ce masque de ski s'associera à un <a href=""https://meilleurtest.fr/comparatif-casque-de-ski/"">casque</a>, des <a href=""https://meilleurtest.fr/comparatif-gants-de-ski/"">gants</a> et une <a href=""https://meilleurtest.fr/comparatif-combinaison-de-ski-pour-femme/"">combinaison</a>, ou vous opterez pour un <a href=""https://meilleurtest.fr/comparatif-casque-de-ski-avec-visiere-photochromique/"">casque à visière intégrée</a>."
"40157";"Ce guide vous aidera à choisir les meilleurs skis pour niveau intermédiaire en comparant la stabilité, la maniabilité et le rayon de courbe. Vous progresserez en sélectionnant des skis adaptés à votre taille et à votre style de glisse sur piste. Ces skis pour skieurs intermédiaires se combineront avec des <a href=""https://meilleurtest.fr/comparatif-chaussures-de-ski-pour-homme/"">chaussures de ski</a>, un <a href=""https://meilleurtest.fr/comparatif-casque-de-ski/"">casque</a>, des <a href=""https://meilleurtest.fr/comparatif-gants-de-ski/"">gants</a> et un <a href=""https://meilleurtest.fr/comparatif-masque-de-ski/"">masque</a> pour des descentes en confiance."
"38547";"Vous découvrirez dans ce guide les meilleurs gants de ski en comparant l'isolation thermique, l'imperméabilité et la dextérité de chaque modèle. Vous choisirez entre gants classiques et moufles selon votre pratique et les conditions météo pour garder vos mains au chaud. Ces gants de ski compléteront votre tenue avec un <a href=""https://meilleurtest.fr/comparatif-casque-de-ski/"">casque</a>, un <a href=""https://meilleurtest.fr/comparatif-masque-de-ski/"">masque de ski</a>, une <a href=""https://meilleurtest.fr/comparatif-combinaison-de-ski-pour-femme/"">combinaison</a> et des <a href=""https://meilleurtest.fr/comparatif-skis-polyvalents/"">skis polyvalents</a>."
"42664";"Ce guide vous accompagnera dans le choix d'un dentifrice sans fluor adapté à vos besoins. Vous y trouverez des formules douces qui respectent l'émail et les gencives sensibles. Que vous cherchiez aussi un <a href=""""https://meilleurtest.fr/comparatif-dentifrice-bio/"""">dentifrice bio</a>, un <a href=""""https://meilleurtest.fr/comparatif-dentifrice-blancheur/"""">dentifrice blancheur</a> ou un <a href=""""https://meilleurtest.fr/comparatif-bain-de-bouche/"""">bain de bouche</a> complémentaire, ce comparatif vous orientera vers le dentifrice sans fluor qui conviendra le mieux à votre routine bucco-dentaire."
"42609";"Le tartre fragilise l'émail et favorise les inflammations gingivales. Ce guide vous aidera à choisir un dentifrice anti-tartre efficace pour retrouver des dents saines. Vous découvrirez des formules adaptées à chaque profil, que vous utilisiez déjà des <a href=""""https://meilleurtest.fr/comparatif-brossettes-interdentaires/"""">brossettes interdentaires</a>, un <a href=""""https://meilleurtest.fr/comparatif-bain-de-bouche/"""">bain de bouche</a> ou un <a href=""""https://meilleurtest.fr/comparatif-dentifrice-blancheur/"""">dentifrice blancheur</a>. Ce comparatif vous guidera vers le dentifrice anti-tartre qui conviendra à votre routine quotidienne."
"42582";"Un bain de bouche antiseptique complétera efficacement votre brossage en éliminant les bactéries responsables des infections buccales. Ce guide vous présentera les meilleures formules pour assainir votre bouche et protéger vos gencives. Associé à un <a href=""""https://meilleurtest.fr/comparatif-fil-dentaire/"""">fil dentaire</a>, un <a href=""""https://meilleurtest.fr/comparatif-dentifrice-anti-tartre/"""">dentifrice anti-tartre</a> ou un <a href=""""https://meilleurtest.fr/comparatif-bain-de-bouche-pour-gingivite/"""">bain de bouche pour gingivite</a>, il renforcera votre hygiène. Vous trouverez ici le bain de bouche antiseptique adapté à vos besoins."
"42147";"Un bon fixateur pour appareil dentaire assurera le maintien de votre prothèse tout au long de la journée. Ce guide vous présentera les différents formats disponibles et vous aidera à choisir celui qui conviendra à votre situation. Nos sélections de <a href=""""https://meilleurtest.fr/comparatif-brossettes-interdentaires/"""">brossettes interdentaires</a>, de <a href=""""https://meilleurtest.fr/comparatif-dentifrice-anti-tartre/"""">dentifrices anti-tartre</a> et de <a href=""""https://meilleurtest.fr/comparatif-bain-de-bouche/"""">bains de bouche</a> compléteront votre routine bucco-dentaire autour de votre fixateur pour appareil dentaire."
"41605";"Les brossettes interdentaires élimineront efficacement les résidus alimentaires et la plaque dentaire là où votre brosse classique ne passe pas. Ce guide vous aidera à choisir la taille et le modèle adaptés à vos espaces interdentaires. Associées à un <a href=""""https://meilleurtest.fr/comparatif-fil-dentaire/"""">fil dentaire</a>, une <a href=""""https://meilleurtest.fr/comparatif-brosse-a-dents-manuelle/"""">brosse à dents manuelle</a> et un <a href=""""https://meilleurtest.fr/comparatif-bain-de-bouche/"""">bain de bouche</a>, vos brossettes interdentaires garantiront une hygiène bucco-dentaire complète au quotidien."
"41219";"La brosse à dents 360 nettoiera toutes les surfaces dentaires en un seul passage grâce à ses poils souples disposés sur tout le pourtour. Ce guide vous présentera les modèles les plus performants pour un brossage complet. Si vous hésitez avec une <a href=""""https://meilleurtest.fr/comparatif-brosse-a-dent-sonique/"""">brosse à dents sonique</a>, une <a href=""""https://meilleurtest.fr/comparatif-brosse-a-dents-electrique-avec-jet-deau/"""">brosse électrique avec jet d'eau</a> ou une <a href=""""https://meilleurtest.fr/comparatif-brosse-a-dents-manuelle/"""">brosse manuelle</a>, ce comparatif vous orientera vers la brosse à dents 360 idéale."
"41155";"Un dentifrice bio protégera vos dents avec des ingrédients naturels, sans substances controversées. Ce guide vous présentera les formules les plus efficaces pour un brossage respectueux de votre santé et de l'environnement. Si vous adoptez une routine écologique, nos sélections de <a href=""""https://meilleurtest.fr/comparatif-brosse-a-dents-bambou/"""">brosses à dents en bambou</a>, de <a href=""""https://meilleurtest.fr/comparatif-dentifrice-sans-fluor/"""">dentifrices sans fluor</a> et de <a href=""""https://meilleurtest.fr/comparatif-bain-de-bouche/"""">bains de bouche</a> compléteront votre choix de dentifrice bio."
"40355";"Dès les premières dents, votre bébé aura besoin d'une brosse adaptée à ses gencives fragiles. Ce guide vous aidera à choisir une brosse à dents bébé sûre et efficace, avec des poils souples et une prise en main confortable. Nos comparatifs de <a href=""""https://meilleurtest.fr/comparatif-dentifrice-pour-enfant/"""">dentifrices pour enfant</a>, d'<a href=""""https://meilleurtest.fr/comparatif-anneau-de-dentition/"""">anneaux de dentition</a> et de <a href=""""https://meilleurtest.fr/comparatif-brosse-a-dents-manuelle/"""">brosses à dents manuelles</a> compléteront votre choix de brosse à dents bébé."
"40037";"Un bain de bouche pour gingivite apaisera vos gencives enflammées et réduira les saignements au brossage. Ce guide vous présentera les formules les plus adaptées pour traiter cette inflammation courante. Associé à un <a href=""""https://meilleurtest.fr/comparatif-dentifrice-pour-gencives-retractees/"""">dentifrice pour gencives rétractées</a>, un <a href=""""https://meilleurtest.fr/comparatif-bain-de-bouche-antiseptique/"""">bain de bouche antiseptique</a> et des <a href=""""https://meilleurtest.fr/comparatif-brossettes-interdentaires/"""">brossettes interdentaires</a>, votre bain de bouche pour gingivite renforcera la protection de vos gencives au quotidien."
"40010";"La brosse à dents en bambou combinera efficacité de brossage et démarche écologique. Ce guide vous présentera les modèles les plus durables et les plus respectueux de l'environnement. Pour compléter votre routine naturelle, nos sélections de <a href=""""https://meilleurtest.fr/comparatif-dentifrice-bio/"""">dentifrices bio</a>, de <a href=""""https://meilleurtest.fr/comparatif-dentifrice-sans-fluor/"""">dentifrices sans fluor</a> et de <a href=""""https://meilleurtest.fr/comparatif-brosse-a-dents-manuelle/"""">brosses à dents manuelles</a> vous aideront à choisir la brosse à dents en bambou la plus adaptée à vos besoins."
"39802";"Le stylo de blanchiment redonnera de l'éclat à vos dents en quelques applications ciblées. Ce guide vous présentera les formules les plus sûres et les plus efficaces pour retrouver un sourire lumineux. Si vous hésitez entre plusieurs méthodes, nos comparatifs de <a href=""""https://meilleurtest.fr/comparatif-bande-blanchissante-pour-dents/"""">bandes blanchissantes</a>, de <a href=""""https://meilleurtest.fr/comparatif-dentifrice-blancheur/"""">dentifrices blancheur</a> et de <a href=""""https://meilleurtest.fr/comparatif-bain-de-bouche/"""">bains de bouche</a> vous aideront à trouver le stylo de blanchiment adapté à vos attentes."
"39766";"La brosse à dents électrique avec jet d'eau combinera brossage en profondeur et nettoyage interdentaire en un seul geste. Ce guide vous présentera les modèles les plus performants pour une hygiène bucco-dentaire complète. Si vous comparez les technologies, nos sélections de <a href=""""https://meilleurtest.fr/comparatif-brosse-a-dent-sonique/"""">brosses soniques</a>, de <a href=""""https://meilleurtest.fr/comparatif-brosse-a-dents-360/"""">brosses 360</a> et de <a href=""""https://meilleurtest.fr/comparatif-brossettes-interdentaires/"""">brossettes interdentaires</a> compléteront votre recherche de brosse électrique avec jet d'eau idéale."
"39583";"Un dentifrice pour chiens préservera la santé bucco-dentaire de votre compagnon sans nécessiter de rinçage. Ce guide vous présentera les formules en pâte, en poudre et en spray les plus adaptées aux besoins de votre animal. Comme pour votre propre hygiène avec un <a href=""""https://meilleurtest.fr/comparatif-dentifrice-anti-tartre/"""">dentifrice anti-tartre</a>, une <a href=""""https://meilleurtest.fr/comparatif-brosse-a-dents-manuelle/"""">brosse à dents manuelle</a> ou un <a href=""""https://meilleurtest.fr/comparatif-bain-de-bouche/"""">bain de bouche</a>, le brossage régulier avec un bon dentifrice pour chiens fera la différence."
"39518";"Le fil dentaire éliminera la plaque et les débris alimentaires nichés entre vos dents, là où le brossage seul ne suffit pas. Ce guide vous aidera à choisir parmi les fils cirés, non cirés et expansifs selon vos espaces interdentaires. Associé à des <a href=""""https://meilleurtest.fr/comparatif-brossettes-interdentaires/"""">brossettes interdentaires</a>, un <a href=""""https://meilleurtest.fr/comparatif-dentifrice-anti-tartre/"""">dentifrice anti-tartre</a> et un <a href=""""https://meilleurtest.fr/comparatif-bain-de-bouche/"""">bain de bouche</a>, votre fil dentaire garantira une hygiène bucco-dentaire complète."
"39408";"Les bandes blanchissantes redonneront de l'éclat à vos dents en quelques jours, directement chez vous. Ce guide vous présentera les modèles les plus efficaces et les plus respectueux de l'émail. Si vous comparez les méthodes de blanchiment, nos sélections de <a href=""""https://meilleurtest.fr/comparatif-stylo-de-blanchiment-des-dents/"""">stylos de blanchiment</a>, de <a href=""""https://meilleurtest.fr/comparatif-dentifrice-blancheur/"""">dentifrices blancheur</a> et de <a href=""""https://meilleurtest.fr/comparatif-bain-de-bouche/"""">bains de bouche</a> compléteront votre recherche de bandes blanchissantes pour les dents."
"39045";"Un bon dentifrice pour enfant protégera les dents de lait avec une formule douce et adaptée à chaque tranche d'âge. Ce guide vous aidera à trouver le bon dosage de fluor et les saveurs que votre enfant acceptera. Nos sélections de <a href=""""https://meilleurtest.fr/comparatif-brosse-a-dents-bebe/"""">brosses à dents bébé</a>, de <a href=""""https://meilleurtest.fr/comparatif-dentifrice-bio/"""">dentifrices bio</a> et de <a href=""""https://meilleurtest.fr/comparatif-dentifrice-sans-fluor/"""">dentifrices sans fluor</a> compléteront votre choix de dentifrice pour enfant."
"38926";"Un dentifrice pour gencives rétractées renforcera vos tissus gingivaux fragilisés et réduira la sensibilité dentaire au fil des brossages. Ce guide vous présentera les formules les plus efficaces pour freiner la récession gingivale. Associé à un <a href=""""https://meilleurtest.fr/comparatif-bain-de-bouche-pour-gingivite/"""">bain de bouche pour gingivite</a>, une <a href=""""https://meilleurtest.fr/comparatif-brosse-a-dents-manuelle/"""">brosse à dents manuelle</a> souple et des <a href=""""https://meilleurtest.fr/comparatif-brossettes-interdentaires/"""">brossettes interdentaires</a>, votre dentifrice pour gencives rétractées protégera durablement votre santé bucco-dentaire."
"38784";"La brosse à dents manuelle restera votre alliée quotidienne pour un brossage simple et efficace. Ce guide vous aidera à choisir entre poils souples, médium ou durs selon la sensibilité de vos gencives et de votre émail. Associée à un <a href=""""https://meilleurtest.fr/comparatif-fil-dentaire/"""">fil dentaire</a>, un <a href=""""https://meilleurtest.fr/comparatif-dentifrice-anti-tartre/"""">dentifrice anti-tartre</a> et des <a href=""""https://meilleurtest.fr/comparatif-brossettes-interdentaires/"""">brossettes interdentaires</a>, votre brosse à dents manuelle constituera la base d'une hygiène bucco-dentaire solide."
"38650";"La brosse à dents sonique nettoiera vos dents en profondeur grâce à des vibrations rapides et douces pour les gencives. Ce guide vous présentera les modèles les plus performants selon votre budget et vos besoins. Si vous comparez avec une <a href=""""https://meilleurtest.fr/comparatif-brosse-a-dents-360/"""">brosse 360</a>, une <a href=""""https://meilleurtest.fr/comparatif-brosse-a-dents-electrique-avec-jet-deau/"""">brosse électrique avec jet d'eau</a> ou une <a href=""""https://meilleurtest.fr/comparatif-brosse-a-dents-manuelle/"""">brosse manuelle</a>, ce comparatif vous orientera vers la brosse sonique idéale."
"38367";"Un dentifrice blancheur redonnera progressivement de l'éclat à votre sourire tout en préservant l'émail de vos dents. Ce guide vous présentera les formules les plus efficaces pour atténuer les taches du quotidien. Si vous cherchez aussi des <a href=""""https://meilleurtest.fr/comparatif-bande-blanchissante-pour-dents/"""">bandes blanchissantes</a>, un <a href=""""https://meilleurtest.fr/comparatif-stylo-de-blanchiment-des-dents/"""">stylo de blanchiment</a> ou un <a href=""""https://meilleurtest.fr/comparatif-dentifrice-anti-tartre/"""">dentifrice anti-tartre</a>, ce comparatif vous guidera vers le dentifrice blancheur adapté à vos attentes."
"37734";"Le bain de bouche complétera votre brossage en rafraîchissant l'haleine et en protégeant vos gencives. Ce guide vous présentera les formules les plus adaptées selon vos besoins bucco-dentaires. Que vous cherchiez un <a href=""""https://meilleurtest.fr/comparatif-bain-de-bouche-antiseptique/"""">bain de bouche antiseptique</a>, un <a href=""""https://meilleurtest.fr/comparatif-bain-de-bouche-pour-gingivite/"""">soin pour gingivite</a> ou un complément à votre <a href=""""https://meilleurtest.fr/comparatif-fil-dentaire/"""">fil dentaire</a>, ce comparatif vous orientera vers le bain de bouche qui conviendra à votre routine quotidienne."
"40068";"Votre raquette de squash influencera la précision de vos frappes et votre aisance sur le court. Ce guide comparatif évaluera les modèles adaptés à chaque niveau de pratique. Vous pourrez comparer ces résultats avec nos sélections de <a href=""https://meilleurtest.fr/comparatif-raquette-de-badminton/"">raquettes de badminton</a>, de <a href=""https://meilleurtest.fr/comparatif-raquette-de-tennis/"">raquettes de tennis</a> et de <a href=""https://meilleurtest.fr/comparatif-raquette-de-ping-pong/"">raquettes de ping pong</a> pour trouver la raquette de squash qui conviendra à votre jeu."
"40033";"Votre raquette de badminton conditionnera la qualité de vos smashs et de vos amorties en match. Ce guide comparatif analysera les modèles selon leur poids, leur équilibre et leur souplesse. Consultez aussi nos sélections de <a href=""https://meilleurtest.fr/comparatif-raquette-de-squash/"">raquettes de squash</a>, de <a href=""https://meilleurtest.fr/comparatif-raquette-de-tennis/"">raquettes de tennis</a> et de <a href=""https://meilleurtest.fr/comparatif-table-ping-pong-outdoor/"">tables de ping-pong outdoor</a> pour compléter votre équipement de raquette de badminton."
"38904";"Votre table de ping-pong outdoor devra résister aux intempéries tout en offrant un bon rebond de balle. Ce guide comparatif évaluera les modèles selon leur résistance, leur stabilité et leur facilité de pliage. Retrouvez aussi nos comparatifs de <a href=""https://meilleurtest.fr/comparatif-raquette-de-ping-pong/"">raquettes de ping pong</a>, de <a href=""https://meilleurtest.fr/comparatif-raquette-de-tennis/"">raquettes de tennis</a> et de <a href=""https://meilleurtest.fr/comparatif-raquette-de-badminton/"">raquettes de badminton</a> pour profiter pleinement de votre table de ping-pong outdoor."
"38526";"Votre raquette de ping pong influencera le contrôle de vos effets et la vitesse de vos attaques. Ce guide comparatif passera en revue les modèles adaptés aux joueurs débutants comme confirmés. Découvrez également nos sélections de <a href=""https://meilleurtest.fr/comparatif-table-ping-pong-outdoor/"">tables de ping-pong outdoor</a>, de <a href=""https://meilleurtest.fr/comparatif-raquette-de-badminton/"">raquettes de badminton</a> et de <a href=""https://meilleurtest.fr/comparatif-raquette-de-squash/"">raquettes de squash</a> pour accompagner votre choix de raquette de ping pong."
"37213";"Votre raquette de tennis déterminera la puissance et le confort de chaque frappe sur le court. Ce guide comparatif analysera les modèles selon leur poids, leur tamis et leur rigidité. Parcourez aussi nos guides sur les <a href=""https://meilleurtest.fr/comparatif-raquette-de-badminton/"">raquettes de badminton</a>, les <a href=""https://meilleurtest.fr/comparatif-raquette-de-squash/"">raquettes de squash</a> et les <a href=""https://meilleurtest.fr/comparatif-raquette-de-ping-pong/"">raquettes de ping pong</a> pour trouver la raquette de tennis adaptée à votre style."
"40016";"Le canoë gonflable vous offrira une embarcation polyvalente et facile à transporter pour vos sorties en eau calme, en rivière ou en mer. Dégonflé, il tiendra dans un sac à dos et se rangera sans effort. Comparez-le avec les <a href=""https://meilleurtest.fr/comparatif-kayaks/"">kayaks</a> rigides et les <a href=""https://meilleurtest.fr/comparatif-kayak-pour-debutant/"">kayaks pour débutants</a>, équipez-vous d'un <a href=""https://meilleurtest.fr/comparatif-gilet-de-sauvetage/"">gilet de sauvetage</a> et d'un <a href=""https://meilleurtest.fr/comparatif-gps-marine/"">GPS marine</a> pour naviguer en toute sécurité en canoë."
"38967";"Le GPS marine vous guidera en mer, sur un lac ou en rivière en affichant votre position, votre trajectoire et les dangers à proximité. Classique, traceur de cartes ou sondeur, il s'adaptera à votre embarcation et à votre pratique. Que vous naviguiez en <a href=""https://meilleurtest.fr/comparatif-kayaks/"">kayak</a> ou en <a href=""https://meilleurtest.fr/comparatif-canoe-gonflable/"">canoë gonflable</a>, associez votre GPS marine à un <a href=""https://meilleurtest.fr/comparatif-gilet-de-sauvetage/"">gilet de sauvetage</a> et à une <a href=""https://meilleurtest.fr/comparatif-montre-de-plongee/"">montre de plongée</a> pour plus de sécurité."
"37214";"Le gilet de sauvetage vous maintiendra à flot en cas de chute dans l'eau, que vous pratiquiez la voile, le kayak ou la pêche. Mousse rigide ou gonflable, chaque modèle s'adaptera à votre gabarit et à votre activité nautique. Que vous naviguiez en <a href=""https://meilleurtest.fr/comparatif-kayaks/"">kayak</a>, en <a href=""https://meilleurtest.fr/comparatif-kayak-sit-on-top/"">kayak sit on top</a> ou en <a href=""https://meilleurtest.fr/comparatif-canoe-gonflable/"">canoë gonflable</a>, complétez votre équipement avec un <a href=""https://meilleurtest.fr/comparatif-gps-marine/"">GPS marine</a> et choisissez le gilet de sauvetage adapté."
"40404";"Commander des fleurs en ligne vous permettra de livrer un bouquet le jour même, sans sortir de chez vous. Complétez l'envoi avec des <a href=""https://meilleurtest.fr/comparatif-site-de-vente-de-plantes-ligne/"">plantes</a> d'intérieur, des <a href=""https://meilleurtest.fr/comparatif-roses-eternelles/"">roses éternelles</a> ou un <a href=""https://meilleurtest.fr/comparatif-ours-rose/"">ours en rose</a> pour un cadeau plus durable. Ajoutez une <a href=""https://meilleurtest.fr/comparatif-bougie-parfumee/"">bougie parfumée</a> pour parfaire l'attention. Ce guide comparatif vous aidera à choisir le site de livraison idéal."
"39471";"Lyophilisée pour durer plusieurs années, la rose éternelle conservera sa couleur et son éclat sans entretien. Contrairement aux <a href=""https://meilleurtest.fr/comparatif-site-pour-acheter-des-fleurs-a-envoyer/"">fleurs fraîches</a>, elle ne fanera pas en quelques jours. Offrez-la seule ou sous cloche, associée à une <a href=""https://meilleurtest.fr/comparatif-bougie-parfumee/"">bougie parfumée</a> ou à un <a href=""https://meilleurtest.fr/comparatif-ours-rose/"">ours en rose</a> pour un cadeau romantique complet. Ce guide comparatif vous aidera à choisir le modèle idéal."
"38861";"Composé de centaines de roses artificielles, l'ours en rose symbolisera un amour durable pour la Saint-Valentin, la fête des Mères ou un anniversaire. Ses pétales ne faneront jamais, à l'image des <a href=""https://meilleurtest.fr/comparatif-roses-eternelles/"">roses éternelles</a>. Complétez le cadeau avec un bouquet de <a href=""https://meilleurtest.fr/comparatif-site-pour-acheter-des-fleurs-a-envoyer/"">fleurs</a> fraîches ou une <a href=""https://meilleurtest.fr/comparatif-bougie-parfumee/"">bougie parfumée</a>. Ce guide comparatif vous aidera à choisir le modèle idéal."
"42721";"Votre box TV transformera votre téléviseur en centre multimédia connecté avec accès aux applications de streaming. Ce guide comparatif évaluera les modèles selon leur fluidité, leur compatibilité et la qualité d'image proposée. Découvrez aussi nos comparatifs de <a href=""https://meilleurtest.fr/comparatif-chromecast/"">Chromecasts</a>, d'<a href=""https://meilleurtest.fr/comparatif-appareil-de-streaming/"">appareils de streaming</a> et de <a href=""https://meilleurtest.fr/comparatif-televiseur/"">TV</a> pour choisir la box TV adaptée à votre installation."
"42039";"Votre offre Canal+ vous donnera accès à un large catalogue de films, de séries et de sport en direct. Ce guide comparatif analysera les formules selon leurs chaînes incluses, leur prix et leurs options à la demande. Retrouvez aussi nos guides sur les <a href=""https://meilleurtest.fr/comparatif-plateformes-de-streaming-legales/"">services de streaming</a>, les <a href=""https://meilleurtest.fr/comparatif-box-tv/"">box TV</a> et les <a href=""https://meilleurtest.fr/comparatif-televiseur/"">TV</a> pour profiter au mieux de votre offre Canal+."
"40438";"Votre Chromecast diffusera le contenu de votre smartphone ou de votre ordinateur directement sur votre téléviseur. Ce guide comparatif passera en revue les modèles selon leur résolution, leur fluidité et leur compatibilité. Consultez aussi nos sélections d'<a href=""https://meilleurtest.fr/comparatif-appareil-de-streaming/"">appareils de streaming</a>, de <a href=""https://meilleurtest.fr/comparatif-box-tv/"">box TV</a> et de <a href=""https://meilleurtest.fr/comparatif-plateformes-de-streaming-legales/"">services de streaming</a> pour tirer le meilleur parti de votre Chromecast."
"39637";"Votre service de streaming de musique vous donnera accès à des millions de titres en toute légalité. Ce guide comparatif évaluera les plateformes selon leur catalogue, leur qualité audio et leurs fonctionnalités hors ligne. Découvrez aussi nos guides sur les <a href=""https://meilleurtest.fr/comparatif-plateformes-de-streaming-legales/"">plateformes de streaming vidéo</a>, les <a href=""https://meilleurtest.fr/comparatif-enceinte-bluetooth/"">enceintes Bluetooth</a> et les <a href=""https://meilleurtest.fr/comparatif-casque-audio-filaire/"">casques audio filaires</a> pour profiter pleinement de votre streaming musical."
"39538";"Votre site de streaming d'animes vous proposera les dernières sorties japonaises et les classiques du genre en toute légalité. Ce guide comparatif analysera les plateformes selon leur catalogue, leurs sous-titres et leur qualité vidéo. Retrouvez aussi nos sélections de <a href=""https://meilleurtest.fr/comparatif-plateformes-de-streaming-legales/"">services de streaming</a>, de <a href=""https://meilleurtest.fr/comparatif-box-tv/"">box TV</a> et d'<a href=""https://meilleurtest.fr/comparatif-appareil-de-streaming/"">appareils de streaming</a> pour regarder vos animes dans les meilleures conditions."
"39480";"Votre appareil de streaming connectera votre téléviseur aux plateformes de vidéo et de musique en ligne. Ce guide comparatif passera en revue les modèles selon leur résolution, leur interface et leurs applications disponibles. Parcourez aussi nos comparatifs de <a href=""https://meilleurtest.fr/comparatif-chromecast/"">Chromecasts</a>, de <a href=""https://meilleurtest.fr/comparatif-box-tv/"">box TV</a> et de <a href=""https://meilleurtest.fr/comparatif-televiseur/"">TV</a> pour choisir l'appareil de streaming qui complètera votre installation."
"38533";"Votre service de streaming vous donnera accès à des milliers de films et de séries en toute légalité. Ce guide comparatif évaluera les plateformes selon leur catalogue, leur prix mensuel et leur qualité vidéo. Consultez aussi nos guides sur les <a href=""https://meilleurtest.fr/comparatif-service-streaming-de-musique-legal/"">services de streaming musical</a>, les <a href=""https://meilleurtest.fr/comparatif-box-tv/"">box TV</a> et les <a href=""https://meilleurtest.fr/comparatif-appareil-de-streaming/"">appareils de streaming</a> pour profiter du meilleur service de streaming vidéo."
"42495";"Un couteau suisse vous dépannera en plein air comme au quotidien. Plus polyvalent que les <a href=""https://meilleurtest.fr/comparatif-couteau-bushcraft/"">couteaux bushcraft</a> ou les <a href=""https://meilleurtest.fr/comparatif-couteau-a-lame-fixe/"">couteaux à lame fixe</a>, il réunira lame, tournevis et ouvre-boîte dans un format de poche. Vous l’associerez à un <a href=""https://meilleurtest.fr/comparatif-kit-de-survie-complet/"">kit de survie complet</a> et à une <a href=""https://meilleurtest.fr/comparatif-lampe-frontale/"">lampe frontale</a> pour vos expéditions. Ce comparatif vous orientera vers le couteau suisse adapté à vos besoins."
"42484";"Le couteau bushcraft deviendra votre compagnon indispensable en pleine nature. Conçu pour tailler le bois, préparer un abri ou allumer un feu, il se distinguera des <a href=""https://meilleurtest.fr/comparatif-couteau-suisse/"">couteaux suisses</a> par sa robustesse et des <a href=""https://meilleurtest.fr/comparatif-couteau-a-lame-fixe/"">couteaux à lame fixe</a> par son ergonomie en milieu sauvage. Vous le compléterez avec un <a href=""https://meilleurtest.fr/comparatif-kit-de-survie-complet/"">kit de survie complet</a> et un <a href=""https://meilleurtest.fr/comparatif-couteau-de-chasse-et-de-survie/"">couteau de chasse et de survie</a>. Ce comparatif vous guidera vers le couteau bushcraft idéal."
"42025";"Un kit de survie complet rassemblera tout le nécessaire pour affronter l’imprévu en milieu hostile. Il réunira orientation, hydratation et protection thermique dans un seul paquetage. Vous le compléterez avec des <a href=""https://meilleurtest.fr/comparatif-ration-de-survie/"">rations de survie</a>, une <a href=""https://meilleurtest.fr/comparatif-couverture-survie/"">couverture de survie</a>, une <a href=""https://meilleurtest.fr/comparatif-gourde-filtrante/"">gourde filtrante</a> et une <a href=""https://meilleurtest.fr/comparatif-boussole/"">boussole</a>. Ce comparatif vous orientera vers le kit de survie complet adapté à vos aventures."
"40487";"Un couteau Deejo alliera élégance et fonctionnalité dans un format ultra-léger. Personnalisable et raffiné, il se démarquera des <a href=""https://meilleurtest.fr/comparatif-couteau-suisse/"">couteaux suisses</a> classiques et des <a href=""https://meilleurtest.fr/comparatif-couteau-bushcraft/"">couteaux bushcraft</a> par son design soigné. Ce couteau de poche trouvera sa place au quotidien comme en sortie nature, aux côtés d’un <a href=""https://meilleurtest.fr/comparatif-couteau-a-lame-fixe/"">couteau à lame fixe</a> ou d’un <a href=""https://meilleurtest.fr/comparatif-couteau-papillon/"">couteau papillon</a>. Ce comparatif vous aidera à choisir le couteau Deejo qui vous conviendra."
"38508";"Une couverture de survie vous protégera de l’hypothermie et des intempéries lors de vos sorties en pleine nature. Légère et compacte, elle trouvera sa place dans un <a href=""https://meilleurtest.fr/comparatif-kit-de-survie-complet/"">kit de survie complet</a> aux côtés d’un <a href=""https://meilleurtest.fr/comparatif-sac-de-couchage/"">sac de couchage</a> et d’une <a href=""https://meilleurtest.fr/comparatif-boussole/"">boussole</a>. En camping ou en randonnée, elle complétera votre <a href=""https://meilleurtest.fr/comparatif-kit-et-ration-de-survie/"">kit de survie</a> en cas d’urgence. Ce comparatif vous orientera vers la couverture de survie la plus fiable."
"38102";"Une boussole fiable vous permettra de garder le cap en randonnée, en trek ou lors de vos aventures en pleine nature. Indispensable dans un <a href=""https://meilleurtest.fr/comparatif-kit-de-survie-complet/"">kit de survie complet</a>, elle complétera vos <a href=""https://meilleurtest.fr/comparatif-couverture-survie/"">couvertures de survie</a> et vos <a href=""https://meilleurtest.fr/comparatif-gant-tactique/"">gants tactiques</a>. Vous l’associerez à une <a href=""https://meilleurtest.fr/comparatif-lampe-frontale/"">lampe frontale</a> pour vous orienter de nuit. Ce comparatif vous guidera vers la boussole adaptée à votre pratique."
"37790";"Des gants tactiques de qualité protégeront vos mains tout en conservant précision et dextérité. Indispensables pour manier un <a href=""https://meilleurtest.fr/comparatif-couteau-bushcraft/"">couteau bushcraft</a> ou installer un campement, ils compléteront votre <a href=""https://meilleurtest.fr/comparatif-kit-de-survie-complet/"">kit de survie complet</a> et vos <a href=""https://meilleurtest.fr/comparatif-couverture-survie/"">couvertures de survie</a> face au froid. Vous les emporterez en sortie nocturne avec une <a href=""https://meilleurtest.fr/comparatif-lampe-frontale/"">lampe frontale</a>. Ce comparatif vous aidera à trouver les gants tactiques adaptés à chaque situation."
"37680";"Un kit de survie bien conçu rassemblera les essentiels pour affronter les situations d’urgence en pleine nature. Il contiendra des éléments clés que vous retrouverez aussi dans un <a href=""https://meilleurtest.fr/comparatif-kit-de-survie-complet/"">kit de survie complet</a> : <a href=""https://meilleurtest.fr/comparatif-couverture-survie/"">couverture de survie</a>, <a href=""https://meilleurtest.fr/comparatif-boussole/"">boussole</a> et <a href=""https://meilleurtest.fr/comparatif-ration-de-survie/"">rations de survie</a>. Compact et prêt à partir, il vous accompagnera en randonnée comme en camping. Ce comparatif vous guidera vers le kit de survie le mieux adapté à vos besoins."
"37444";"Une ration de survie vous apportera l’énergie et les nutriments nécessaires en situation d’urgence ou lors d’une expédition prolongée. Lyophilisée ou prête à consommer, elle complétera votre <a href=""https://meilleurtest.fr/comparatif-kit-et-ration-de-survie/"">kit de survie</a> aux côtés d’une <a href=""https://meilleurtest.fr/comparatif-gourde-filtrante/"">gourde filtrante</a> et d’une <a href=""https://meilleurtest.fr/comparatif-couverture-survie/"">couverture de survie</a>. Un <a href=""https://meilleurtest.fr/comparatif-kit-de-survie-complet/"">kit de survie complet</a> en inclura souvent. Ce comparatif vous aidera à trouver la ration de survie la plus adaptée à vos sorties."
"37375";"Un couteau à lame fixe offrira une solidité et une fiabilité supérieures à celles d’un modèle pliant. Que vous partiez en randonnée avec un <a href=""https://meilleurtest.fr/comparatif-couteau-bushcraft/"">couteau bushcraft</a>, à la chasse avec un <a href=""https://meilleurtest.fr/comparatif-couteau-de-chasse-et-de-survie/"">couteau de chasse et de survie</a> ou en balade avec un <a href=""https://meilleurtest.fr/comparatif-couteau-suisse/"">couteau suisse</a>, la lame fixe restera la référence en robustesse. Il trouvera sa place dans tout <a href=""https://meilleurtest.fr/comparatif-kit-de-survie-complet/"">kit de survie complet</a>. Ce comparatif vous orientera vers le couteau à lame fixe fait pour vous."
"37175";"Un couteau de chasse et de survie vous accompagnera dans les situations les plus exigeantes en pleine nature. Robuste et polyvalent, il vous permettra de découper, scier et préparer un abri aussi bien qu’un <a href=""https://meilleurtest.fr/comparatif-couteau-a-lame-fixe/"">couteau à lame fixe</a> ou un <a href=""https://meilleurtest.fr/comparatif-couteau-bushcraft/"">couteau bushcraft</a>. Associé à un <a href=""https://meilleurtest.fr/comparatif-kit-de-survie-complet/"">kit de survie complet</a> et une <a href=""https://meilleurtest.fr/comparatif-couverture-survie/"">couverture de survie</a>, il complétera votre équipement. Ce comparatif vous aidera à choisir le couteau de chasse et de survie adapté à vos expéditions."
"40555";"Référence en création numérique, la tablette graphique Wacom conviendra aux graphistes, illustrateurs et retoucheurs photo. Choisissez entre un modèle sans écran (relié à votre <a href=""https://meilleurtest.fr/comparatif-ecran-pc/"">écran PC</a>) ou une <a href=""https://meilleurtest.fr/comparatif-tablette-graphique-avec-ecran/"">tablette avec écran</a> intégré pour dessiner directement sous le <a href=""https://meilleurtest.fr/comparatif-stylet-actif/"">stylet</a>. Alternative possible : un <a href=""https://meilleurtest.fr/comparatif-ipad-pour-dessiner/"">iPad pour dessiner</a>. Ce guide comparatif vous aidera à choisir le modèle le plus adapté."
"37292";"Avec une tablette graphique à écran, vous dessinerez directement sur la surface, comme sur du papier, sans dépendre d'un <a href=""https://meilleurtest.fr/comparatif-ecran-pc/"">écran PC</a> séparé. Plus intuitive qu'un modèle sans écran, elle conviendra aussi bien aux graphistes qu'aux amateurs équipés d'un bon <a href=""https://meilleurtest.fr/comparatif-stylet-actif/"">stylet</a>. De la référence <a href=""https://meilleurtest.fr/comparatif-tablette-graphique-wacom/"">Wacom</a> aux marques accessibles, en passant par les <a href=""https://meilleurtest.fr/comparatif-ipad-pour-dessiner/"">iPad pour dessiner</a>, ce guide comparatif vous aidera à choisir la tablette avec écran idéale."
"40353";"Idée-cadeau originale, la tasse personnalisée transforme une simple <a href=""https://meilleurtest.fr/comparatif-tasse-a-cafe/"">tasse à café</a> en objet unique. Avec une <a href=""https://meilleurtest.fr/comparatif-appareil-photo/"">photo</a>, un prénom ou un message, elle séduit particuliers et professionnels. Vérifiez que l'impression résiste au <a href=""https://meilleurtest.fr/comparatif-lave-vaisselle/"">lave-vaisselle</a> et aux passages répétés au <a href=""https://meilleurtest.fr/comparatif-micro-onde/"">micro-ondes</a>. Classique ou magique (qui change de couleur à chaud), ce guide comparatif vous aidera à choisir le modèle idéal."
"41472";"Offrir ou se faire plaisir avec un coffret de thé, c'est découvrir une sélection de saveurs en un seul écrin. Que vous préfériez le <a href=""""https://meilleurtest.fr/comparatif-the-vert/"""">thé vert</a>, le <a href=""""https://meilleurtest.fr/comparatif-the-noir/"""">thé noir</a> ou le <a href=""""https://meilleurtest.fr/comparatif-the-vrac/"""">thé en vrac</a>, un bon coffret vous fera voyager entre les arômes. Ce guide vous aidera à choisir le coffret de thé qui correspondra le mieux à vos envies et à celles de vos proches."
"40360";"Le thé noir en sachet combine la richesse aromatique du <a href=""""https://meilleurtest.fr/comparatif-the-noir/"""">thé noir</a> et la praticité d'un format prêt à infuser. Contrairement au <a href=""""https://meilleurtest.fr/comparatif-the-vrac/"""">thé en vrac</a> qui nécessite un <a href=""""https://meilleurtest.fr/comparatif-infuseur-a-the/"""">infuseur dédié</a>, le sachet simplifiera votre routine quotidienne sans sacrifier la qualité. Ce guide vous présentera les critères essentiels pour sélectionner un thé noir en sachet qui répondra à vos attentes."
"40196";"Acheter du thé en ligne vous donnera accès à une variété bien plus large que celle des magasins physiques. Que vous cherchiez du <a href=""""https://meilleurtest.fr/comparatif-the-vrac/"""">thé en vrac</a>, du <a href=""""https://meilleurtest.fr/comparatif-the-vert/"""">thé vert</a> ou un <a href=""""https://meilleurtest.fr/comparatif-coffret-de-the/"""">coffret de thé</a> à offrir, le choix de la boutique en ligne influencera la qualité et la fraîcheur de votre commande. Ce guide vous orientera vers les meilleurs sites de vente de thé en ligne."
"39894";"Certaines infusions possèdent des propriétés apaisantes qui soulageront naturellement votre toux. Associé à un remède contre le <a href=""""https://meilleurtest.fr/comparatif-the-pour-mal-de-gorge/"""">mal de gorge</a>, le thé pour la toux constituera un allié précieux durant l'hiver. Le <a href=""""https://meilleurtest.fr/comparatif-the-vert/"""">thé vert</a> et le <a href=""""https://meilleurtest.fr/comparatif-the-noir/"""">thé noir</a> offrent chacun des bienfaits complémentaires. Ce guide vous aidera à identifier le thé pour la toux le plus adapté à votre situation."
"39623";"Le thé pour maigrir représente une approche naturelle pour accompagner vos objectifs minceur au quotidien. Le <a href=""""https://meilleurtest.fr/comparatif-the-vert/"""">thé vert</a> est reconnu pour ses propriétés brûle-graisses, tandis que certaines variétés de <a href=""""https://meilleurtest.fr/comparatif-the-noir/"""">thé noir</a> favoriseront votre métabolisme. Le <a href=""""https://meilleurtest.fr/comparatif-the-vrac/"""">thé en vrac</a> vous garantira une qualité optimale des feuilles. Ce guide vous accompagnera dans le choix du thé pour maigrir qui conviendra à vos besoins."
"39579";"Le thé pour le mal de gorge apportera un soulagement naturel grâce à ses propriétés anti-inflammatoires et apaisantes. Associé à un <a href=""""https://meilleurtest.fr/comparatif-the-pour-toux/"""">thé contre la toux</a>, il formera un duo efficace pour traverser l'hiver sereinement. Le <a href=""""https://meilleurtest.fr/comparatif-the-vert/"""">thé vert</a> et certaines infusions au <a href=""""https://meilleurtest.fr/comparatif-the-noir/"""">thé noir</a> se révéleront particulièrement bénéfiques. Ce guide vous orientera vers le thé pour le mal de gorge le plus adapté."
"39520";"Le thé pour dormir vous aidera à retrouver un sommeil paisible grâce à des plantes aux vertus relaxantes. Certaines variétés de <a href=""""https://meilleurtest.fr/comparatif-the-vert/"""">thé vert</a> faibles en théine favoriseront votre endormissement en douceur. Si vous souffrez aussi d'irritations nocturnes, un <a href=""""https://meilleurtest.fr/comparatif-the-pour-mal-de-gorge/"""">thé pour le mal de gorge</a> complétera votre rituel du soir. Du <a href=""""https://meilleurtest.fr/comparatif-the-vrac/"""">thé en vrac</a> vous offrira des arômes plus intenses pour votre thé pour dormir."
"38997";"Le thé noir se distingue par ses arômes intenses et sa teneur en caféine qui en fait une alternative au café. Disponible en <a href=""""https://meilleurtest.fr/comparatif-the-noir-sachet/"""">sachet</a> ou en <a href=""""https://meilleurtest.fr/comparatif-the-vrac/"""">vrac</a>, il se déclinera selon vos préférences de préparation. Une <a href=""""https://meilleurtest.fr/comparatif-theiere-fonte/"""">théière en fonte</a> sublimera ses saveurs lors de l'infusion. Ce guide vous présentera les variétés et critères pour choisir le thé noir qui correspondra à vos attentes."
"38819";"Le thé en vrac vous offrira une qualité supérieure à celle des sachets industriels, avec des feuilles entières riches en arômes. Que vous préfériez le <a href=""""https://meilleurtest.fr/comparatif-the-vert/"""">thé vert</a> ou le <a href=""""https://meilleurtest.fr/comparatif-the-noir/"""">thé noir</a>, le vrac préservera toutes les subtilités gustatives. Un bon <a href=""""https://meilleurtest.fr/comparatif-infuseur-a-the/"""">infuseur à thé</a> et une <a href=""""https://meilleurtest.fr/comparatif-theiere-verre/"""">théière en verre</a> permettront une infusion optimale. Ce guide vous accompagnera dans le choix du thé en vrac idéal."
"38739";"Le thé vert est apprécié pour ses antioxydants et ses bienfaits sur la santé, notamment dans le cadre d'un <a href=""""https://meilleurtest.fr/comparatif-the-pour-maigrir/"""">thé pour maigrir</a>. Disponible en <a href=""""https://meilleurtest.fr/comparatif-the-vrac/"""">vrac</a> ou en sachet, il se déclinera en de nombreuses variétés aux profils aromatiques distincts. Une <a href=""""https://meilleurtest.fr/comparatif-theiere-verre/"""">théière en verre</a> vous permettra de surveiller l'infusion et d'en tirer le meilleur. Ce guide vous présentera les critères pour sélectionner le thé vert adapté à vos goûts."
"38072";"Le thé en sachet reste le format le plus pratique pour préparer une tasse rapidement au quotidien. Vous trouverez des variétés allant du <a href=""""https://meilleurtest.fr/comparatif-the-noir-sachet/"""">thé noir en sachet</a> au <a href=""""https://meilleurtest.fr/comparatif-the-vert/"""">thé vert</a>, chacune avec ses arômes propres. Si vous souhaitez explorer des feuilles plus complexes, le <a href=""""https://meilleurtest.fr/comparatif-the-vrac/"""">thé en vrac</a> avec un <a href=""""https://meilleurtest.fr/comparatif-infuseur-a-the/"""">infuseur</a> sera une alternative intéressante. Ce guide vous aidera à choisir le thé en sachet qui conviendra à vos habitudes."
"38006";"La théière en verre vous permettra d'observer l'infusion de vos feuilles de thé et d'apprécier le spectacle des arômes qui se libèrent. Ce matériau neutre préservera la pureté de chaque <a href=""""https://meilleurtest.fr/comparatif-the-vrac/"""">thé en vrac</a> sans altérer son goût. Pour varier les styles, vous pourrez aussi opter pour une <a href=""""https://meilleurtest.fr/comparatif-theiere-fonte/"""">théière en fonte</a> ou une <a href=""""https://meilleurtest.fr/comparatif-theiere-electrique/"""">théière électrique</a>. Ce guide vous orientera vers la théière en verre adaptée à vos rituels."
"37961";"La théière électrique simplifiera la préparation de votre thé en contrôlant la température et le temps d'infusion. Contrairement à une <a href=""""https://meilleurtest.fr/comparatif-theiere-verre/"""">théière en verre</a> ou une <a href=""""https://meilleurtest.fr/comparatif-theiere-fonte/"""">théière en fonte</a>, elle automatisera chaque étape pour un résultat régulier. Associée à une bonne <a href=""""https://meilleurtest.fr/comparatif-bouilloire-a-temperature-reglable/"""">bouilloire à température réglable</a>, elle sublimera vos <a href=""""https://meilleurtest.fr/comparatif-the-vrac/"""">thés en vrac</a>. Ce guide vous présentera les fonctionnalités clés pour choisir la théière électrique idéale."
"37829";"La théière en fonte, héritée de la tradition japonaise, conservera la chaleur de votre thé plus longtemps que tout autre matériau. Elle sublimera les arômes de votre <a href=""""https://meilleurtest.fr/comparatif-the-vrac/"""">thé en vrac</a>, notamment les <a href=""""https://meilleurtest.fr/comparatif-the-vert/"""">thés verts</a> et les <a href=""""https://meilleurtest.fr/comparatif-the-noir/"""">thés noirs</a> de caractère. Un <a href=""""https://meilleurtest.fr/comparatif-infuseur-a-the/"""">infuseur adapté</a> complétera votre équipement. Ce guide vous aidera à sélectionner la théière en fonte qui correspondra à vos attentes et à votre budget."
"37648";"Un bon infuseur à thé vous permettra de libérer tous les arômes de votre <a href=""""https://meilleurtest.fr/comparatif-the-vrac/"""">thé en vrac</a>, qu'il s'agisse de <a href=""""https://meilleurtest.fr/comparatif-the-vert/"""">thé vert</a> ou de <a href=""""https://meilleurtest.fr/comparatif-the-noir/"""">thé noir</a>. Associé à une <a href=""""https://meilleurtest.fr/comparatif-theiere-verre/"""">théière en verre</a>, il transformera votre rituel quotidien en un véritable moment de plaisir. Ce guide vous présentera les différents types et critères pour choisir l'infuseur à thé adapté à vos besoins."
"42623";"Votre courtier en ligne déterminera les frais de transaction, les marchés accessibles et la qualité des outils d'analyse. Ce guide comparatif passera en revue les principales offres pour vous aider à investir efficacement. Consultez aussi nos sélections de <a href=""https://meilleurtest.fr/comparatif-courtier-bourse/"">courtiers en bourse</a>, de <a href=""https://meilleurtest.fr/comparatif-plateforme-de-trading/"">plateformes de trading</a> et de <a href=""https://meilleurtest.fr/comparatif-compte-titres/"">compte-titres</a> pour choisir le courtier en ligne adapté à votre profil."
"42528";"Votre plateforme de trading vous donnera accès aux marchés financiers, aux graphiques en temps réel et aux outils d'exécution rapide. Ce guide comparatif évaluera les solutions selon leurs frais et leurs fonctionnalités. Retrouvez également nos comparatifs de <a href=""https://meilleurtest.fr/comparatif-courtier-en-ligne/"">courtiers en ligne</a>, de <a href=""https://meilleurtest.fr/comparatif-courtier-bourse/"">courtiers en bourse</a> et de <a href=""https://meilleurtest.fr/comparatif-site-pour-ouvrir-un-pea/"">sites pour ouvrir un PEA</a> pour sélectionner la plateforme de trading qui vous conviendra."
"42523";"Votre courtier en bourse conditionnera les frais de passage d'ordres et la diversité des produits financiers à votre disposition. Ce guide comparatif analysera les offres selon leur tarification, leurs outils et leur fiabilité. Découvrez aussi nos guides sur les <a href=""https://meilleurtest.fr/comparatif-courtier-en-ligne/"">courtiers en ligne</a>, les <a href=""https://meilleurtest.fr/comparatif-compte-titres/"">compte-titres</a> et les <a href=""https://meilleurtest.fr/comparatif-per/"">PER</a> pour trouver le courtier en bourse adapté à vos objectifs."
"42399";"Votre compte-titres vous permettra d'investir sur les actions, obligations et ETF sans plafond de versement. Ce guide comparatif évaluera les offres disponibles selon leurs frais, leur interface et les marchés couverts. Consultez également nos sélections de <a href=""https://meilleurtest.fr/comparatif-site-pour-ouvrir-un-pea/"">sites pour ouvrir un PEA</a>, de <a href=""https://meilleurtest.fr/comparatif-courtier-en-ligne/"">courtiers en ligne</a> et de <a href=""https://meilleurtest.fr/comparatif-plateforme-de-trading/"">plateformes de trading</a> pour choisir le compte-titres qui correspondra à votre stratégie."
"42387";"Votre PER vous aidera à préparer votre retraite tout en bénéficiant d'avantages fiscaux sur vos versements. Ce guide comparatif analysera les contrats selon leurs frais, leurs supports d'investissement et leur souplesse. Parcourez aussi nos comparatifs d'<a href=""https://meilleurtest.fr/comparatif-assurance-vie/"">assurances vie</a>, de <a href=""https://meilleurtest.fr/comparatif-courtier-en-ligne/"">courtiers en ligne</a> et de <a href=""https://meilleurtest.fr/comparatif-compte-titres/"">compte-titres</a> pour optimiser votre épargne et bien choisir votre PER."
"39242";"Votre site pour ouvrir un PEA influencera directement les frais de gestion et l'accès aux fonds européens de votre portefeuille. Ce guide comparatif passera en revue les offres selon leur tarification et leur simplicité d'utilisation. Retrouvez également nos sélections de <a href=""https://meilleurtest.fr/comparatif-compte-titres/"">compte-titres</a>, de <a href=""https://meilleurtest.fr/comparatif-courtier-bourse/"">courtiers en bourse</a> et d'<a href=""https://meilleurtest.fr/comparatif-assurance-vie/"">assurances vie</a> pour ouvrir un PEA au bon endroit."
"41147";"La pelote de laine est au tricoteur ce que le pinceau est à l'artiste. Que vous souhaitiez tricoter une <a href=""https://meilleurtest.fr/comparatif-echarpe/"">écharpe</a>, un <a href=""https://meilleurtest.fr/comparatif-bonnet/"">bonnet</a> ou un pull, le choix de la matière (mérinos, alpaga, coton, acrylique) influera directement sur le rendu et la tenue au lavage en <a href=""https://meilleurtest.fr/comparatif-petite-machine-a-coudre/"">machine</a>. Rangez vos pelotes dans une <a href=""https://meilleurtest.fr/comparatif-boite-a-couture/"">boîte à couture</a> pour les protéger de l'humidité. Ce guide comparatif vous aidera à trouver la laine idéale pour votre projet."
"42656";"Ce guide vous orientera vers les meilleurs vins Bordeaux selon vos goûts et votre budget. Vous y trouverez des cuvées triées parmi les appellations les plus réputées de la région. Nos comparatifs de <a href=""""https://meilleurtest.fr/comparatif-vin-rouge/"""">vins rouges</a> et de <a href=""""https://meilleurtest.fr/comparatif-vin-du-pic-saint-loup/"""">vins du Pic Saint-Loup</a> compléteront vos découvertes. Pour déguster et conserver vos Bordeaux, vous retrouverez aussi nos sélections de <a href=""""https://meilleurtest.fr/comparatif-verre-de-vin/"""">verres à vin</a> et de <a href=""""https://meilleurtest.fr/comparatif-cave-a-vin/"""">caves à vin</a>."
"42163";"Ce guide vous fera découvrir les meilleurs vins du Pic Saint-Loup, appellation prisée du Languedoc. Vous y trouverez des bouteilles aux arômes intenses, idéales pour accompagner vos repas. Nos sélections de <a href=""""https://meilleurtest.fr/comparatif-vin-rouge/"""">vins rouges</a> et de <a href=""""https://meilleurtest.fr/comparatif-vins-bordeaux/"""">vins Bordeaux</a> élargiront vos horizons. Pour sublimer la dégustation, vous consulterez aussi nos guides sur les <a href=""""https://meilleurtest.fr/comparatif-verre-de-vin/"""">verres à vin</a> et les <a href=""""https://meilleurtest.fr/comparatif-cave-a-vin/"""">caves à vin</a> adaptés aux vins du Pic Saint-Loup."
"41770";"Ce guide vous aidera à trouver la meilleure cave à vin pour conserver vos bouteilles dans des conditions optimales. Vous y comparerez des modèles adaptés à chaque usage, y compris les <a href=""""https://meilleurtest.fr/comparatif-cave-a-vin-de-vieillissement/"""">caves de vieillissement</a> et les <a href=""""https://meilleurtest.fr/comparatif-cave-a-vin-encastrable/"""">caves encastrables</a>. Pour constituer votre collection, nos sélections de <a href=""""https://meilleurtest.fr/comparatif-vin-rouge/"""">vins rouges</a> et de <a href=""""https://meilleurtest.fr/comparatif-vins-bordeaux/"""">vins Bordeaux</a> vous inspireront. Un bon <a href=""""https://meilleurtest.fr/comparatif-tire-bouchon/"""">tire-bouchon</a> complétera votre équipement autour de votre cave à vin."
"41419";"Ce guide vous présentera les meilleurs whiskies français produits par les distilleries hexagonales les plus prometteuses. Vous y découvrirez des single malts et blends aux profils aromatiques variés, adaptés à tous les palais. Nos comparatifs de <a href=""""https://meilleurtest.fr/comparatif-scotch-whisky/"""">scotch whisky</a> et de <a href=""""https://meilleurtest.fr/comparatif-whisky-japonais/"""">whisky japonais</a> enrichiront votre exploration. Nos guides sur les <a href=""""https://meilleurtest.fr/comparatif-whisky-tourbe/"""">whiskies tourbés</a> et les <a href=""""https://meilleurtest.fr/comparatif-whiskys-rapport-qualite-prix/"""">whiskys rapport qualité-prix</a> vous aideront également à affiner votre sélection de whisky français."
"41136";"Ce guide vous permettra de dénicher les meilleurs whiskys au meilleur rapport qualité-prix. Vous y trouverez des bouteilles savoureuses sans vous ruiner, du blend accessible au single malt abordable. Nos comparatifs de <a href=""""https://meilleurtest.fr/comparatif-whisky-ecossais/"""">whiskys écossais</a>, de <a href=""""https://meilleurtest.fr/comparatif-whisky-irlandais/"""">whiskys irlandais</a> et de <a href=""""https://meilleurtest.fr/comparatif-scotch-whisky/"""">scotchs</a> approfondiront votre recherche. Vous découvrirez aussi nos sélections de <a href=""""https://meilleurtest.fr/comparatif-whisky-francais/"""">whiskies français</a> pour élargir vos options de whiskys rapport qualité-prix."
"41088";"Ce guide vous fera découvrir les meilleurs whiskies tourbés, réputés pour leurs arômes fumés et leur caractère intense. Vous y trouverez des bouteilles aux profils variés, des plus subtiles aux plus puissantes. Nos sélections de <a href=""""https://meilleurtest.fr/comparatif-whisky-ecossais/"""">whiskys écossais</a> et de <a href=""""https://meilleurtest.fr/comparatif-scotch-whisky/"""">scotchs</a> compléteront votre exploration. Vous apprécierez aussi nos guides sur le <a href=""""https://meilleurtest.fr/comparatif-whisky-japonais/"""">whisky japonais</a> et le <a href=""""https://meilleurtest.fr/comparatif-whisky-de-seigle/"""">whisky de seigle</a> pour varier les plaisirs autour du whisky tourbé."
"41084";"Ce guide vous aidera à choisir les meilleurs vins blancs sucrés pour vos apéritifs et vos desserts. Vous y trouverez des cuvées aux arômes délicats et à la douceur équilibrée. Nos comparatifs de <a href=""""https://meilleurtest.fr/comparatif-vin-rouge/"""">vins rouges</a>, de <a href=""""https://meilleurtest.fr/comparatif-prosecco/"""">proseccos</a> et de <a href=""""https://meilleurtest.fr/comparatif-vins-bordeaux/"""">vins Bordeaux</a> élargiront votre carte. Pour apprécier pleinement votre vin blanc sucré, vous trouverez aussi notre sélection de <a href=""""https://meilleurtest.fr/comparatif-verre-de-vin/"""">verres à vin</a> adaptés."
"40163";"Ce guide vous orientera vers les meilleurs whiskys écossais, du single malt au blended. Vous y découvrirez des bouteilles issues des distilleries les plus renommées d’Écosse. Nos comparatifs de <a href=""""https://meilleurtest.fr/comparatif-scotch-whisky/"""">scotchs</a> et de <a href=""""https://meilleurtest.fr/comparatif-whisky-tourbe/"""">whiskies tourbés</a> affineront votre recherche. Vous explorerez aussi nos sélections de <a href=""""https://meilleurtest.fr/comparatif-whisky-irlandais/"""">whiskys irlandais</a> et de <a href=""""https://meilleurtest.fr/comparatif-whisky-japonais/"""">whiskys japonais</a> pour comparer les styles et revenir au whisky écossais en connaissance de cause."
"39760";"Ce guide vous présentera les meilleurs whiskys de seigle, spiritueux au caractère épicé et robuste. Vous y découvrirez des bouteilles triées pour leurs profils aromatiques distinctifs. Nos comparatifs de <a href=""""https://meilleurtest.fr/comparatif-whisky-ecossais/"""">whiskys écossais</a> et de <a href=""""https://meilleurtest.fr/comparatif-scotch-whisky/"""">scotchs</a> vous offriront d’autres perspectives. Vous apprécierez aussi nos sélections de <a href=""""https://meilleurtest.fr/comparatif-whisky-tourbe/"""">whiskies tourbés</a> et de <a href=""""https://meilleurtest.fr/comparatif-whiskys-rapport-qualite-prix/"""">whiskys rapport qualité-prix</a> pour enrichir votre découverte du whisky de seigle."
"39514";"Ce guide vous aidera à sélectionner les meilleurs proseccos pour vos célébrations et vos apéritifs. Vous y trouverez des cuvées italiennes pétillantes, du brut au demi-sec. Nos comparatifs de <a href=""""https://meilleurtest.fr/comparatif-champagne/"""">champagnes</a> et de <a href=""""https://meilleurtest.fr/comparatif-vin-blanc-sucre/"""">vins blancs sucrés</a> compléteront votre exploration des vins effervescents. Vous découvrirez aussi nos sélections de <a href=""""https://meilleurtest.fr/comparatif-vin-rouge/"""">vins rouges</a> et de <a href=""""https://meilleurtest.fr/comparatif-verre-de-vin/"""">verres à vin</a> pour accompagner votre dégustation de prosecco."
"38187";"Ce guide vous fera découvrir les meilleurs rhums arrangés, ces préparations parfumées aux fruits et aux épices. Vous y trouverez des cuvées prêtes à déguster aux saveurs intenses et originales. Nos comparatifs de <a href=""""https://meilleurtest.fr/comparatif-rhum-blanc/"""">rhums blancs</a> et de <a href=""""https://meilleurtest.fr/comparatif-rhum-du-monde/"""">rhums du monde</a> enrichiront votre exploration. Vous découvrirez aussi nos sélections de <a href=""""https://meilleurtest.fr/comparatif-shaker-cocktail/"""">shakers à cocktails</a> et de <a href=""""https://meilleurtest.fr/comparatif-kit-a-cocktails/"""">kits à cocktails</a> pour sublimer votre dégustation de rhum arrangé."
"38176";"Ce guide vous orientera vers les meilleurs vins rouges adaptés à vos goûts et à votre budget. Vous y découvrirez des cuvées sélectionnées parmi les régions les plus réputées. Nos comparatifs de <a href=""""https://meilleurtest.fr/comparatif-vins-bordeaux/"""">vins Bordeaux</a> et de <a href=""""https://meilleurtest.fr/comparatif-vin-du-pic-saint-loup/"""">vins du Pic Saint-Loup</a> affineront votre recherche. Vous trouverez aussi nos sélections de <a href=""""https://meilleurtest.fr/comparatif-vin-blanc-sucre/"""">vins blancs sucrés</a>, de <a href=""""https://meilleurtest.fr/comparatif-cave-a-vin/"""">caves à vin</a> et de <a href=""""https://meilleurtest.fr/comparatif-verre-de-vin/"""">verres à vin</a> pour accompagner vos vins rouges."
"38163";"Ce guide vous présentera les meilleurs whiskies japonais, spiritueux raffinés qui rivalisent avec les plus grands crus mondiaux. Vous y découvrirez des bouteilles aux profils délicats et complexes. Nos comparatifs de <a href=""""https://meilleurtest.fr/comparatif-whisky-ecossais/"""">whiskys écossais</a> et de <a href=""""https://meilleurtest.fr/comparatif-scotch-whisky/"""">scotchs</a> vous offriront des points de comparaison. Vous apprécierez aussi nos sélections de <a href=""""https://meilleurtest.fr/comparatif-whisky-francais/"""">whiskies français</a> et de <a href=""""https://meilleurtest.fr/comparatif-whisky-tourbe/"""">whiskies tourbés</a> pour explorer l’univers du whisky japonais."
"38147";"Ce guide vous fera voyager à travers les meilleurs rhums du monde, des Caraïbes à l’Amérique latine en passant par l’Asie. Vous y découvrirez des bouteilles aux saveurs variées et aux origines surprenantes. Nos comparatifs de <a href=""""https://meilleurtest.fr/comparatif-rhum-blanc/"""">rhums blancs</a> et de <a href=""""https://meilleurtest.fr/comparatif-rhum-arrange/"""">rhums arrangés</a> compléteront votre exploration. Pour vos dégustations, nos guides sur les <a href=""""https://meilleurtest.fr/comparatif-shaker-cocktail/"""">shakers à cocktails</a> et les <a href=""""https://meilleurtest.fr/comparatif-kit-a-cocktails/"""">kits à cocktails</a> accompagneront vos rhums du monde."
"38133";"Ce guide vous aidera à choisir les meilleurs rhums blancs pour vos cocktails et vos dégustations. Vous y trouverez des bouteilles sélectionnées pour leur fraîcheur et leurs arômes fruités. Nos comparatifs de <a href=""""https://meilleurtest.fr/comparatif-rhum-arrange/"""">rhums arrangés</a> et de <a href=""""https://meilleurtest.fr/comparatif-rhum-du-monde/"""">rhums du monde</a> élargiront votre horizon. Vous découvrirez aussi nos sélections de <a href=""""https://meilleurtest.fr/comparatif-shaker-cocktail/"""">shakers à cocktails</a> et de <a href=""""https://meilleurtest.fr/comparatif-kit-a-cocktails/"""">kits à cocktails</a> pour préparer vos recettes à base de rhum blanc."
"38060";"Ce guide vous présentera les meilleurs whiskys irlandais, reconnus pour leur douceur et leur rondeur en bouche. Vous y trouverez des bouteilles idéales aussi bien pour les novices que pour les connaisseurs. Nos comparatifs de <a href=""""https://meilleurtest.fr/comparatif-whisky-ecossais/"""">whiskys écossais</a>, de <a href=""""https://meilleurtest.fr/comparatif-scotch-whisky/"""">scotchs</a> et de <a href=""""https://meilleurtest.fr/comparatif-whisky-japonais/"""">whiskys japonais</a> enrichiront votre exploration. Vous trouverez aussi nos sélections de <a href=""""https://meilleurtest.fr/comparatif-whisky-francais/"""">whiskies français</a> pour compléter votre découverte du whisky irlandais."
"38055";"Ce guide vous aidera à choisir la meilleure cave à vin encastrable pour intégrer vos bouteilles dans votre cuisine ou votre mobilier. Vous y trouverez des modèles comparés selon leur capacité, leur silence et leur performance. Nos comparatifs de <a href=""""https://meilleurtest.fr/comparatif-cave-a-vin/"""">caves à vin</a> et de <a href=""""https://meilleurtest.fr/comparatif-cave-a-vin-de-vieillissement/"""">caves de vieillissement</a> compléteront votre recherche. Pour garnir votre cave encastrable, nos sélections de <a href=""""https://meilleurtest.fr/comparatif-vin-rouge/"""">vins rouges</a> et de <a href=""""https://meilleurtest.fr/comparatif-vins-bordeaux/"""">vins Bordeaux</a> vous inspireront."
"37768";"Ce guide vous orientera vers les meilleures caves à vin de vieillissement pour faire mûrir vos grands crus dans des conditions idéales. Vous y trouverez des modèles sélectionnés pour leur régulation thermique et leur hygrométrie. Nos comparatifs de <a href=""""https://meilleurtest.fr/comparatif-cave-a-vin/"""">caves à vin</a> et de <a href=""""https://meilleurtest.fr/comparatif-cave-a-vin-encastrable/"""">caves encastrables</a> élargiront vos options. Pour constituer votre collection, nos sélections de <a href=""""https://meilleurtest.fr/comparatif-vin-rouge/"""">vins rouges</a> et de <a href=""""https://meilleurtest.fr/comparatif-vins-bordeaux/"""">vins Bordeaux</a> accompagneront votre cave de vieillissement."
"37533";"Ce guide vous aidera à trouver les meilleurs scotchs whisky, emblèmes du savoir-faire des distilleries écossaises. Vous y découvrirez des single malts et des blends triés pour leur caractère et leur complexité. Nos comparatifs de <a href=""""https://meilleurtest.fr/comparatif-whisky-ecossais/"""">whiskys écossais</a> et de <a href=""""https://meilleurtest.fr/comparatif-whisky-tourbe/"""">whiskies tourbés</a> affineront votre recherche. Vous apprécierez aussi nos sélections de <a href=""""https://meilleurtest.fr/comparatif-whisky-japonais/"""">whiskys japonais</a> et de <a href=""""https://meilleurtest.fr/comparatif-whisky-irlandais/"""">whiskys irlandais</a> pour comparer et mieux choisir votre scotch."
"42452";"Votre platine vinyle audiophile restituera chaque détail sonore de vos disques avec une fidélité remarquable. Ce guide comparatif évaluera les modèles selon leur bras de lecture, leur plateau et leur chaîne de restitution. Retrouvez aussi nos comparatifs de <a href=""https://meilleurtest.fr/comparatif-platine-vinyle-haut-de-gamme/"">platines vinyles haut de gamme</a>, de <a href=""https://meilleurtest.fr/comparatif-preampli-phono/"">préamplis phono</a> et d'<a href=""https://meilleurtest.fr/comparatif-enceinte-colonne/"">enceintes colonnes</a> pour sublimer votre écoute sur platine vinyle audiophile."
"41952";"Votre platine vinyle avec ampli intégré simplifiera votre installation en regroupant lecture et amplification dans un seul appareil. Ce guide comparatif analysera les modèles selon leur qualité sonore, leur connectique et leur facilité d'utilisation. Découvrez aussi nos guides sur les <a href=""https://meilleurtest.fr/comparatif-platine-vinyle-avec-enceintes-integrees/"">platines avec enceintes intégrées</a>, les <a href=""https://meilleurtest.fr/comparatif-platine-vinyle-bluetooth/"">platines vinyles Bluetooth</a> et les <a href=""https://meilleurtest.fr/comparatif-enceinte-colonne/"">enceintes colonnes</a> pour compléter votre platine vinyle avec ampli intégré."
"40567";"Les platines vinyles Technics séduiront par leur précision mécanique et leur réputation dans le monde du vinyle. Ce guide comparatif passera en revue les modèles de la marque selon leur motorisation, leur bras de lecture et leur finition. Consultez aussi nos sélections de <a href=""https://meilleurtest.fr/comparatif-platine-vinyle-audiophile/"">platines vinyles audiophiles</a>, de <a href=""https://meilleurtest.fr/comparatif-platine-vinyle-haut-de-gamme/"">platines vinyles haut de gamme</a> et de <a href=""https://meilleurtest.fr/comparatif-preampli-phono/"">préamplis phono</a> pour trouver la platine vinyle Technics qui correspondra à votre écoute."
"40212";"Votre platine vinyle haut de gamme révélera toute la richesse sonore de vos pressages originaux. Ce guide comparatif évaluera les modèles selon leur précision de lecture, leur isolation vibratoire et leurs matériaux. Parcourez aussi nos comparatifs de <a href=""https://meilleurtest.fr/comparatif-platine-vinyle-audiophile/"">platines vinyles audiophiles</a>, de <a href=""https://meilleurtest.fr/comparatif-preampli-phono/"">préamplis phono</a> et d'<a href=""https://meilleurtest.fr/comparatif-enceinte-colonne/"">enceintes colonnes</a> pour accompagner votre platine vinyle haut de gamme."
"39564";"Votre platine vinyle avec enceintes intégrées vous offrira une solution prête à jouer, sans équipement supplémentaire. Ce guide comparatif analysera les modèles selon leur qualité sonore, leur design et leur connectique. Retrouvez aussi nos guides sur les <a href=""https://meilleurtest.fr/comparatif-platine-vinyle-bluetooth/"">platines vinyles Bluetooth</a>, les <a href=""https://meilleurtest.fr/comparatif-platine-vinyle-avec-ampli-integre/"">platines avec ampli intégré</a> et les <a href=""https://meilleurtest.fr/comparatif-tourne-disque-vintage/"">tourne-disques vintage</a> pour choisir la platine vinyle avec enceintes intégrées idéale."
"38685";"Votre platine vinyle Bluetooth diffusera le son de vos disques vers une enceinte ou un casque sans fil. Ce guide comparatif passera en revue les modèles selon leur qualité de transmission, leur cellule et leur rapport qualité-prix. Découvrez aussi nos sélections de <a href=""https://meilleurtest.fr/comparatif-platine-vinyle-avec-enceintes-integrees/"">platines avec enceintes intégrées</a>, de <a href=""https://meilleurtest.fr/comparatif-tourne-disque-vintage/"">tourne-disques vintage</a> et d'<a href=""https://meilleurtest.fr/comparatif-enceinte-bluetooth/"">enceintes Bluetooth</a> pour accompagner votre platine vinyle Bluetooth."
"38461";"Votre tourne-disque vintage ajoutera une touche rétro à votre intérieur tout en faisant revivre vos vinyles. Ce guide comparatif évaluera les modèles selon leur fidélité sonore, leur esthétique et leur mécanisme. Consultez aussi nos comparatifs de <a href=""https://meilleurtest.fr/comparatif-platine-vinyle-bluetooth/"">platines vinyles Bluetooth</a>, de <a href=""https://meilleurtest.fr/comparatif-platine-vinyle-avec-enceintes-integrees/"">platines avec enceintes intégrées</a> et de <a href=""https://meilleurtest.fr/comparatif-platine-vinyle-avec-ampli-integre/"">platines avec ampli intégré</a> pour trouver le tourne-disque vintage qui conviendra à votre collection."
"42660";"Ce guide vous présentera les meilleurs parcs d'attractions en France, des espaces à thème aux <a href=""https://meilleurtest.fr/comparatif-parc-aquatique/"">parcs aquatiques</a> pour toute la famille. Vous y découvrirez des sites adaptés à tous les ages et à tous les budgets. Nos guides sur les <a href=""https://meilleurtest.fr/comparatif-club-vacances-famille/"">clubs vacances famille</a>, les <a href=""https://meilleurtest.fr/comparatif-sac-de-voyage/"">sacs de voyage</a> et les <a href=""https://meilleurtest.fr/comparatif-creme-solaire/"">crèmes solaires</a> compléteront votre préparation pour un parc d'attractions sans mauvaise surprise."
"42549";"Ce guide vous orientera vers les meilleurs clubs vacances famille en France et à l'étranger. Vous comparerez les formules tout compris, les activités pour enfants et les hébergements. Pour organiser votre séjour, nos sélections de <a href=""https://meilleurtest.fr/comparatif-parc-dattractions-en-france/"">parcs d'attractions</a>, de <a href=""https://meilleurtest.fr/comparatif-parc-aquatique/"">parcs aquatiques</a>, de <a href=""https://meilleurtest.fr/comparatif-site-pour-acheter-des-billets-avion/"">sites pour acheter des billets d'avion</a> et de <a href=""https://meilleurtest.fr/comparatif-sac-de-voyage/"">sacs de voyage</a> vous seront utiles. Vous trouverez le club vacances famille adapté à vos attentes."
"42385";"Ce guide vous aidera à trouver les meilleurs sites pour acheter des billets d'avion au prix le plus juste. Vous comparerez les plateformes de réservation, leurs options de filtrage et leurs garanties. Nos guides sur les <a href=""https://meilleurtest.fr/comparatif-comparateur-de-vol/"">comparateurs de vol</a>, les <a href=""https://meilleurtest.fr/comparatif-sac-de-voyage/"">sacs de voyage</a>, les <a href=""https://meilleurtest.fr/comparatif-valise-cabine/"">valises cabine</a> et les <a href=""https://meilleurtest.fr/comparatif-portefeuille-de-voyage/"">portefeuilles de voyage</a> compléteront votre préparation. Vous identifierez le site d'achat de billets d'avion le plus fiable pour vos prochains vols."
"40394";"Ce guide vous présentera les meilleurs hamacs de voyage pour vos escapades en plein air, que ce soit en randonnée ou en camping. Vous comparerez les modèles selon leur poids, leur résistance et leur facilité d'installation. Les <a href=""https://meilleurtest.fr/comparatif-serviette-microfibre/"">serviettes microfibre</a>, les <a href=""https://meilleurtest.fr/comparatif-sac-de-voyage/"">sacs de voyage</a>, les <a href=""https://meilleurtest.fr/comparatif-hamac-gonflable/"">hamacs gonflables</a> et les <a href=""https://meilleurtest.fr/comparatif-tente/"">tentes</a> compléteront votre équipement. Vous trouverez le hamac de voyage parfait pour vous détendre en pleine nature."
"40082";"Ce guide vous présentera les meilleures serviettes microfibre, connues pour leur absorption rapide et leur format compact. Vous comparerez les modèles selon leur taille, leur vitesse de séchage et leur usage, du sport au voyage. Les <a href=""https://meilleurtest.fr/comparatif-hamac-de-voyage/"">hamacs de voyage</a>, les <a href=""https://meilleurtest.fr/comparatif-sac-de-voyage/"">sacs de voyage</a>, les <a href=""https://meilleurtest.fr/comparatif-serviette-bain/"">serviettes de bain</a> et les <a href=""https://meilleurtest.fr/comparatif-gourde-isotherme/"">gourdes isothermes</a> compléteront votre équipement. Vous choisirez la serviette microfibre idéale pour toutes vos activités."
"39807";"Ce guide vous présentera les meilleures housses de rangement de voyage pour organiser efficacement vos bagages. Vous comparerez les modèles selon leur taille, leur matière et leur système de compression. Nos guides sur les <a href=""https://meilleurtest.fr/comparatif-sac-de-voyage/"">sacs de voyage</a>, les <a href=""https://meilleurtest.fr/comparatif-sangle-pour-valise/"">sangles pour valise</a>, les <a href=""https://meilleurtest.fr/comparatif-valise/"">valises</a> et les <a href=""https://meilleurtest.fr/comparatif-valise-cabine/"">valises cabine</a> compléteront votre préparation. Vous choisirez la housse de rangement de voyage la mieux adaptée à vos déplacements."
"39779";"Ce guide vous présentera les meilleurs sacs de voyage pour homme, conçus pour allier robustesse et praticité. Vous comparerez les modèles selon leur contenance, leur résistance et leur design. Les <a href=""https://meilleurtest.fr/comparatif-sac-de-voyage/"">sacs de voyage</a> mixtes, les <a href=""https://meilleurtest.fr/comparatif-sac-a-dos-de-voyage/"">sacs à dos de voyage</a>, les <a href=""https://meilleurtest.fr/comparatif-valise/"">valises</a> et les <a href=""https://meilleurtest.fr/comparatif-sac-a-dos-homme/"">sacs à dos pour homme</a> compléteront votre choix. Vous trouverez le sac de voyage pour homme adapté à chacun de vos déplacements."
"39491";"Ce guide vous présentera les meilleurs parcs aquatiques, des toboggans géants aux piscines à vagues pour toute la famille. Vous comparerez les installations, les activités proposées et les tarifs. Nos sélections de <a href=""https://meilleurtest.fr/comparatif-parc-dattractions-en-france/"">parcs d'attractions en France</a>, de <a href=""https://meilleurtest.fr/comparatif-club-vacances-famille/"">clubs vacances famille</a>, de <a href=""https://meilleurtest.fr/comparatif-creme-solaire/"">crèmes solaires</a> et de <a href=""https://meilleurtest.fr/comparatif-maillot-de-bain/"">maillots de bain</a> compléteront votre sortie. Vous trouverez le parc aquatique adapté à vos envies."
"38346";"Ce guide vous aidera à choisir le meilleur comparateur de vol pour réserver vos billets d'avion au prix le plus bas. Vous évaluerez les plateformes selon leur couverture, leurs filtres et leur fiabilité. Nos guides sur les <a href=""https://meilleurtest.fr/comparatif-site-pour-acheter-des-billets-avion/"">sites pour acheter des billets d'avion</a>, les <a href=""https://meilleurtest.fr/comparatif-sac-de-voyage/"">sacs de voyage</a>, les <a href=""https://meilleurtest.fr/comparatif-valise-cabine/"">valises cabine</a> et les <a href=""https://meilleurtest.fr/comparatif-club-vacances-famille/"">clubs vacances famille</a> compléteront votre préparation. Vous sélectionnerez le comparateur de vol le plus adapté à vos habitudes de voyage."
"37896";"Ce guide vous présentera les meilleures sangles pour valise afin de sécuriser vos bagages lors de vos déplacements. Vous comparerez les modèles selon leur solidité, leur système de verrouillage et leur compatibilité TSA. Nos guides sur les <a href=""https://meilleurtest.fr/comparatif-housse-de-rangement-de-voyage/"">housses de rangement de voyage</a>, les <a href=""https://meilleurtest.fr/comparatif-valise/"">valises</a>, les <a href=""https://meilleurtest.fr/comparatif-cadenas-tsa/"">cadenas TSA</a> et les <a href=""https://meilleurtest.fr/comparatif-portefeuille-de-voyage/"">portefeuilles de voyage</a> compléteront votre équipement. Vous choisirez la sangle pour valise qui protégera au mieux vos affaires."
"37743";"Ce guide vous présentera les meilleurs portefeuilles de voyage pour garder vos documents et vos cartes en sécurité. Vous comparerez les modèles selon leurs compartiments, leur protection RFID et leur format. Les <a href=""https://meilleurtest.fr/comparatif-sangle-pour-valise/"">sangles pour valise</a>, les <a href=""https://meilleurtest.fr/comparatif-sac-de-voyage/"">sacs de voyage</a>, les <a href=""https://meilleurtest.fr/comparatif-porte-cartes/"">porte-cartes</a> et les <a href=""https://meilleurtest.fr/comparatif-portefeuille-pour-homme/"">portefeuilles pour homme</a> compléteront votre équipement. Vous trouverez le portefeuille de voyage qui sécurisera vos effets personnels à chaque déplacement."
"37274";"Ce guide vous présentera les meilleurs sacs de voyage pour vos courts séjours et vos week-ends. Vous comparerez les modèles selon leur contenance, leur résistance et leur praticité. Nos guides sur les <a href=""https://meilleurtest.fr/comparatif-sac-de-voyage-pour-homme/"">sacs de voyage pour homme</a>, les <a href=""https://meilleurtest.fr/comparatif-housse-de-rangement-de-voyage/"">housses de rangement de voyage</a>, les <a href=""https://meilleurtest.fr/comparatif-sac-a-dos-de-voyage/"">sacs à dos de voyage</a> et les <a href=""https://meilleurtest.fr/comparatif-valise/"">valises</a> compléteront votre choix. Vous trouverez le sac de voyage adapté à chaque type de déplacement."
