"ID";"post_title";"avant";"apres"
"36514";"Les meilleurs berceaux bébé";"Les premiers mois, le berceau enveloppe le nouveau-né dans un espace rassurant et adapté à sa taille. Balancement, hauteur ajustable et cododo sont autant de critères à évaluer. Nous montrerons les berceaux bébé les plus sûrs. Pour compléter l'espace de sommeil, consultez aussi les <a href=""https://meilleurtest.fr/comparatif-transat-bebe/"">transats bébé</a>, les <a href=""https://meilleurtest.fr/comparatif-gigoteuse/"">gigoteuses</a> et les <a href=""https://meilleurtest.fr/comparatif-ciel-de-lit-bebe/"">ciels de lit bébé</a>.";"Les premiers mois, le berceau enveloppe le nouveau-né dans un espace rassurant et adapté à sa taille. Balancement, hauteur ajustable et cododo sont autant de critères à évaluer. Nous montrerons les berceaux bébé les plus sûrs, à associer selon les besoins à une <a href=""https://meilleurtest.fr/comparatif-gigoteuse/"">gigoteuse</a> pour un couchage sécurisé sans couverture, à un <a href=""https://meilleurtest.fr/comparatif-ciel-de-lit-bebe/"">ciel de lit bébé</a> pour tamiser la lumière et habiller le coin nuit, ou encore à un <a href=""https://meilleurtest.fr/comparatif-transat-bebe/"">transat bébé</a> pour les siestes surveillées en journée, hors du berceau."
"36622";"Les meilleures banques en ligne pour un compte joint";"Gérer un budget à deux demande un compte joint clair et sans frais cachés. Plafonds de carte, accès partagé et tarification mensuelle varient beaucoup d'une banque en ligne à l'autre. Nous classerons les offres les plus avantageuses pour un couple, face aux <a href=""https://meilleurtest.fr/comparatif-banque-en-ligne-gratuite/"">banques en ligne gratuites</a>, aux <a href=""https://meilleurtest.fr/comparatif-neobanque/"">néobanques</a> et aux <a href=""https://meilleurtest.fr/comparatif-banque-sans-condition-de-revenu/"">banques sans condition de revenu</a>.";"Gérer un budget à deux demande un compte joint clair et sans frais cachés. Plafonds de carte, accès partagé et tarification mensuelle varient beaucoup d'une banque en ligne à l'autre. Nous classerons les offres les plus avantageuses pour un couple : si votre priorité est de payer le moins de frais possible, comparez aussi les <a href=""https://meilleurtest.fr/comparatif-banque-en-ligne-gratuite/"">banques en ligne gratuites</a> ; pour une gestion 100% mobile au quotidien, regardez du côté des <a href=""https://meilleurtest.fr/comparatif-neobanque/"">néobanques</a> ; et si l'un des deux titulaires a des revenus irréguliers, les <a href=""https://meilleurtest.fr/comparatif-banque-sans-condition-de-revenu/"">banques sans condition de revenu</a> évitent les refus liés aux justificatifs."
"36668";"Les meilleures pompes à chaleur";"Chauffage en hiver, fraîcheur en été : les pompes à chaleur exploitent les calories de l'air extérieur pour réguler la température du logement. COP, niveau sonore et surface couverte conditionnent le choix du bon modèle. Ce guide guidera votre sélection parmi les pompes à chaleur, en lien avec les <a href=""https://meilleurtest.fr/comparatif-climatiseur/"">climatiseurs</a>, les <a href=""https://meilleurtest.fr/comparatif-pompe-a-chaleur-air-eau/"">pompes à chaleur air eau</a> et les <a href=""https://meilleurtest.fr/comparatif-climatisation-reversible/"">climatisations réversibles</a>.";"Chauffage en hiver, fraîcheur en été : les pompes à chaleur exploitent les calories de l'air extérieur pour réguler la température du logement. COP, niveau sonore et surface couverte conditionnent le choix du bon modèle. Si vous cherchez uniquement à rafraîchir une pièce sans chauffer l'eau du logement, les <a href=""https://meilleurtest.fr/comparatif-climatiseur/"">climatiseurs</a> suffisent souvent ; pour alimenter aussi le chauffage central et l'eau chaude sanitaire, les <a href=""https://meilleurtest.fr/comparatif-pompe-a-chaleur-air-eau/"">pompes à chaleur air eau</a> sont mieux adaptées ; et si vous voulez un seul appareil capable de chauffer et de rafraîchir, les <a href=""https://meilleurtest.fr/comparatif-climatisation-reversible/"">climatisations réversibles</a> combinent les deux fonctions."
"36696";"Les meilleures banques en ligne";"Zéro frais de tenue de compte, carte gratuite et application complète : les banques en ligne bousculent le modèle traditionnel. Mais les conditions d'accès, les plafonds et les services annexes diffèrent selon l'établissement. Nous décrirons les offres les plus compétitives, en les confrontant aux <a href=""https://meilleurtest.fr/comparatif-banque/"">banques traditionnelles</a>, aux <a href=""https://meilleurtest.fr/comparatif-neobanque/"">néobanques</a> et aux <a href=""https://meilleurtest.fr/comparatif-banque-pour-jeunes/"">banques pour les jeunes</a>.";"Zéro frais de tenue de compte, carte gratuite et application complète : les banques en ligne bousculent le modèle traditionnel. Mais les conditions d'accès, les plafonds et les services annexes diffèrent selon l'établissement. Nous décrirons les offres les plus compétitives : si vous tenez à un conseiller en agence et au dépôt d'espèces, les <a href=""https://meilleurtest.fr/comparatif-banque/"">banques traditionnelles</a> restent une option à comparer ; pour un compte 100% mobile encore plus dépouillé, regardez les <a href=""https://meilleurtest.fr/comparatif-neobanque/"">néobanques</a> ; et si vous êtes étudiant ou jeune actif, les <a href=""https://meilleurtest.fr/comparatif-banque-pour-jeunes/"">banques pour les jeunes</a> proposent des conditions taillées pour ce profil."
"36708";"Les meilleures planchas en fonte";"Lourdes et résistantes, les planchas en fonte conservent la chaleur et offrent une cuisson homogène sur toute la surface. Fonte brute ou émaillée, chaque finition a ses contraintes d'entretien. Nous passerons en revue les planchas en fonte les plus performantes, en les replaçant face aux <a href=""https://meilleurtest.fr/comparatif-plancha/"">planchas classiques</a>, aux <a href=""https://meilleurtest.fr/comparatif-plancha-a-gaz-en-fonte-emaillee/"">modèles à gaz en fonte émaillée</a> et aux <a href=""https://meilleurtest.fr/comparatif-planchas-rapport-qualite-prix/"">planchas rapport qualité-prix</a>.";"Lourdes et résistantes, les planchas en fonte conservent la chaleur et offrent une cuisson homogène sur toute la surface. Fonte brute ou émaillée, chaque finition a ses contraintes d'entretien. Nous passerons en revue les planchas en fonte les plus performantes : si le poids ou l'entretien de la fonte brute vous freine, comparez aussi les <a href=""https://meilleurtest.fr/comparatif-plancha/"">planchas classiques</a>, plus légères au quotidien ; pour associer l'allumage au gaz à une plaque en fonte émaillée plus facile à nettoyer, voyez les <a href=""https://meilleurtest.fr/comparatif-plancha-a-gaz-en-fonte-emaillee/"">modèles à gaz en fonte émaillée</a> ; et si le budget prime sur le matériau, les <a href=""https://meilleurtest.fr/comparatif-planchas-rapport-qualite-prix/"">planchas rapport qualité-prix</a> ciblent le meilleur compromis."
"36927";"Les meilleures débroussailleuses thermiques";"Puissantes et autonomes, les débroussailleuses thermiques attaquent les herbes hautes, les ronces et les terrains accidentés sans limite de câble. Cylindrée, type de harnais et tête de coupe influencent le rendement. Nous identifierons les débroussailleuses thermiques les plus fiables, parmi les <a href=""https://meilleurtest.fr/comparatif-debroussailleuse/"">débroussailleuses classiques</a>, les <a href=""https://meilleurtest.fr/comparatif-debroussailleuse-a-dos/"">débroussailleuses à dos</a> et les <a href=""https://meilleurtest.fr/comparatif-debroussailleuse-4-1/"">débroussailleuses 4-en-1</a>.";"Puissantes et autonomes, les débroussailleuses thermiques attaquent les herbes hautes, les ronces et les terrains accidentés sans limite de câble. Cylindrée, type de harnais et tête de coupe influencent le rendement. Ce comparatif identifie les débroussailleuses thermiques les plus fiables du marché. Si le poids porté à bout de bras devient un frein sur les grandes surfaces, le <a href=""https://meilleurtest.fr/comparatif-debroussailleuse-a-dos/"">harnais dorsal</a> répartit mieux la charge, et pour couper aussi des haies ou des bordures avec le même moteur, les <a href=""https://meilleurtest.fr/comparatif-debroussailleuse-4-1/"">modèles 4-en-1</a> gagnent en polyvalence. Pour comparer toutes les motorisations sur un même guide, direction notre comparatif des <a href=""https://meilleurtest.fr/comparatif-debroussailleuse/"">débroussailleuses classiques</a>."
"36944";"Les meilleures débroussailleuses électriques";"Légères et silencieuses, les débroussailleuses électriques conviennent aux jardins de taille moyenne sans les contraintes d'entretien du moteur thermique. Filaires ou à batterie, elles réduisent le bruit et les vibrations. Nous distinguerons les débroussailleuses électriques les plus efficaces, face aux <a href=""https://meilleurtest.fr/comparatif-debroussailleuse/"">débroussailleuses classiques</a>, aux <a href=""https://meilleurtest.fr/comparatif-debroussailleuse-a-batterie/"">débroussailleuses à batterie</a> et aux <a href=""https://meilleurtest.fr/comparatif-coupe-bordure-electrique/"">coupe-bordures électriques</a>.";"Légères et silencieuses, les débroussailleuses électriques conviennent aux jardins de taille moyenne sans les contraintes d'entretien du moteur thermique. Filaires ou à batterie, elles réduisent le bruit et les vibrations. Ce guide distingue les débroussailleuses électriques les plus efficaces du marché. Si vous cherchez plus d'autonomie loin d'une prise, notre comparatif des <a href=""https://meilleurtest.fr/comparatif-debroussailleuse-a-batterie/"">débroussailleuses à batterie</a> détaille les modèles sans fil, et pour un panorama incluant aussi les moteurs thermiques, consultez notre comparatif des <a href=""https://meilleurtest.fr/comparatif-debroussailleuse/"">débroussailleuses classiques</a>. Si seules les bordures de pelouse vous concernent, sans besoin d'attaquer les herbes hautes, les <a href=""https://meilleurtest.fr/comparatif-coupe-bordure-electrique/"">coupe-bordures électriques</a> suffisent largement."
"37003";"Les meilleurs robots piscine";"Fond, parois, ligne d'eau : le robot piscine prend en charge le nettoyage complet du bassin sans effort. Électrique, hydraulique ou à pression, chaque technologie convient à un type de piscine. Nous distinguerons les robots piscine les plus efficaces, parmi les <a href=""https://meilleurtest.fr/comparatif-robot-piscine-sans-fil/"">robots piscine sans fil</a>, les <a href=""https://meilleurtest.fr/comparatif-robot-piscine-dolphin/"">robots piscine Dolphin</a> et les <a href=""https://meilleurtest.fr/comparatif-robot-piscine-zodiac/"">robots piscine Zodiac</a>.";"Fond, parois, ligne d'eau : le robot piscine prend en charge le nettoyage complet du bassin sans effort. Électrique, hydraulique ou à pression, chaque technologie convient à un type de piscine. Ce comparatif distingue les robots piscine les plus efficaces, tous branchements confondus. Si vous voulez éviter le câble qui traîne au bord du bassin, notre comparatif des <a href=""https://meilleurtest.fr/comparatif-robot-piscine-sans-fil/"">robots piscine sans fil</a> se concentre sur les modèles autonomes. Deux marques reviennent souvent en tête des tests : retrouvez nos comparatifs dédiés aux <a href=""https://meilleurtest.fr/comparatif-robot-piscine-dolphin/"">robots piscine Dolphin</a> et aux <a href=""https://meilleurtest.fr/comparatif-robot-piscine-zodiac/"">robots piscine Zodiac</a>, pour comparer leurs gammes en détail."
"37077";"Les meilleurs barbecues électriques";"Sans fumée excessive et simples à brancher, les barbecues électriques conviennent aux balcons et aux espaces où le charbon est interdit. La montée en température et la surface de cuisson varient beaucoup selon les modèles. Nous identifierons les barbecues électriques les plus efficaces, face aux <a href=""https://meilleurtest.fr/comparatif-barbecue/"">barbecues classiques</a>, aux <a href=""https://meilleurtest.fr/comparatif-grill-viande/"">grills viande</a> et aux <a href=""https://meilleurtest.fr/comparatif-plancha-electrique-pour-l-exterieur/"">planchas électriques pour l'extérieur</a>.";"Sans fumée excessive et simples à brancher, les barbecues électriques conviennent aux balcons et aux espaces où le charbon est interdit. La montée en température et la surface de cuisson varient beaucoup selon les modèles. Nous identifierons les barbecues électriques les plus efficaces : si vous avez la place et l'autorisation d'utiliser du charbon pour retrouver un vrai goût fumé, tournez-vous plutôt vers nos <a href=""https://meilleurtest.fr/comparatif-barbecue/"">barbecues classiques</a> ; pour cuire de la viande en intérieur sans contrainte de fumée, consultez nos <a href=""https://meilleurtest.fr/comparatif-grill-viande/"">grills viande</a> ; et si vous préférez une surface plane pour saisir légumes et poissons, direction notre comparatif des <a href=""https://meilleurtest.fr/comparatif-plancha-electrique-pour-l-exterieur/"">planchas électriques pour l'extérieur</a>."
"37090";"Les meilleures planchas à gaz";"Puissantes et rapides à chauffer, les planchas à gaz permettent de saisir viandes et légumes avec précision. Pour ces <a href=""https://meilleurtest.fr/comparatif-plancha/"">planchas</a>, le nombre de brûleurs, le matériau de la plaque et la gestion des graisses feront toute la différence. Si vous hésitez encore, consultez aussi notre guide sur <a href=""https://meilleurtest.fr/comparatif-plancha-electrique-inox/"">les meilleures planchas électriques inox</a> ou celui sur <a href=""https://meilleurtest.fr/comparatif-barbecue-a-gaz/"">les barbecues à gaz</a>.";"Puissantes et rapides à chauffer, les planchas à gaz permettent de saisir viandes et légumes avec précision. Pour ces <a href=""https://meilleurtest.fr/comparatif-plancha/"">planchas</a>, le nombre de brûleurs, le matériau de la plaque et la gestion des graisses feront toute la différence. Si vous n'avez pas accès à une bouteille de gaz ou préférez simplement brancher l'appareil, nos <a href=""https://meilleurtest.fr/comparatif-plancha-electrique-inox/"">planchas électriques inox</a> offrent la même précision de cuisson ; et si vous voulez aussi griller au feu vif en plus de saisir à plat, nos <a href=""https://meilleurtest.fr/comparatif-barbecue-a-gaz/"">barbecues à gaz</a> complèteront votre équipement extérieur."
"37162";"Les meilleurs souffleurs de feuilles sans fil";"Mobilité totale et démarrage instantané : les souffleurs de feuilles sans fil libèrent du câble et du réservoir d'essence. Puissance de souffle, autonomie et poids varient d'une référence à l'autre. Nous départagerons les meilleurs souffleurs sans fil, en les replaçant face aux <a href=""https://meilleurtest.fr/comparatif-souffleur-de-feuilles/"">souffleurs de feuilles classiques</a>, aux <a href=""https://meilleurtest.fr/comparatif-souffleur-de-feuilles-electriques/"">souffleurs électriques</a> et aux <a href=""https://meilleurtest.fr/comparatif-souffleur-thermique/"">souffleurs thermiques</a>.";"Mobilité totale et démarrage instantané : les souffleurs de feuilles sans fil libèrent du câble et du réservoir d'essence. Puissance de souffle, autonomie et poids varient d'une référence à l'autre. Nous départagerons les meilleurs souffleurs sans fil : pour une vue d'ensemble de toutes les motorisations, notre comparatif des <a href=""https://meilleurtest.fr/comparatif-souffleur-de-feuilles/"">souffleurs de feuilles classiques</a> reste un bon point de départ. Si une prise électrique est accessible et que vous préférez une puissance constante sans recharge, tournez-vous vers nos <a href=""https://meilleurtest.fr/comparatif-souffleur-de-feuilles-electriques/"">souffleurs électriques</a>. Et pour un grand terrain où la puissance prime sur le confort, nos <a href=""https://meilleurtest.fr/comparatif-souffleur-thermique/"">souffleurs thermiques</a> offrent l'autonomie et le débit d'air les plus élevés."
"37170";"Les meilleurs cloueurs de charpente";"Vous construisez une ossature bois ou rénovez une toiture et vous avez besoin d'un clouage rapide et solide ? Ce guide vous présentera les meilleurs cloueurs de charpente pour fixer vos structures en toute sécurité. Puissance, profondeur d'enfoncement et capacité du chargeur orienteront votre choix. Nos comparatifs de <a href=""https://meilleurtest.fr/comparatif-cloueur-pneumatique/"">cloueurs pneumatiques</a>, de <a href=""https://meilleurtest.fr/comparatif-scies-a-onglet-rapport-qualite-prix/"">scies à onglet</a> et de <a href=""https://meilleurtest.fr/comparatif-perceuse/"">perceuses</a> compléteront votre sélection de cloueur de charpente.";"Vous construisez une ossature bois ou rénovez une toiture et vous avez besoin d'un clouage rapide et solide ? Ce guide vous présentera les meilleurs cloueurs de charpente pour fixer vos structures en toute sécurité. Puissance, profondeur d'enfoncement et capacité du chargeur détermineront votre choix. Si vous n'avez pas de compresseur ou souhaitez comparer l'alternative filaire, nos <a href=""https://meilleurtest.fr/comparatif-cloueur-pneumatique/"">cloueurs pneumatiques</a> restent une référence pour ce type de travaux. Pour découper vos chevrons et solives avec précision avant la fixation, nos <a href=""https://meilleurtest.fr/comparatif-scies-a-onglet-rapport-qualite-prix/"">scies à onglet</a> complètent l'équipement du chantier. Et pour percer et pré-percer vos assemblages, nos <a href=""https://meilleurtest.fr/comparatif-perceuse/"">perceuses</a> vous seront tout aussi utiles pour finaliser votre ossature."
"37171";"Les meilleures lanternes LED";"La lanterne LED vous accompagnera en camping, en randonnée ou comme objet de décoration dans votre jardin. Plus durable et économe qu'une lanterne traditionnelle, elle offrira une luminosité fiable. Elle se combinera avec une <a href=""https://meilleurtest.fr/comparatif-lampe-de-poche/"">lampe de poche</a>, une <a href=""https://meilleurtest.fr/comparatif-lampe-de-poche-rechargeable/"">lampe rechargeable</a> ou une <a href=""https://meilleurtest.fr/comparatif-lampe-frontale/"">lampe frontale</a>. En extérieur, des <a href=""https://meilleurtest.fr/comparatif-lampes-solaires-exterieures/"">lampes solaires</a> compléteront l'éclairage. Ce guide vous permettra de dénicher la lanterne LED idéale.";"La lanterne LED vous accompagnera en camping, en randonnée ou comme objet de décoration dans votre jardin. Plus durable et économe qu'une lanterne traditionnelle, elle offrira une luminosité fiable, mais son éclairage reste diffus et ambiant. Pour un faisceau directionnel capable d'éclairer un sentier ou un objet précis, une <a href=""https://meilleurtest.fr/comparatif-lampe-de-poche/"">lampe de poche</a> complète utilement la lanterne. Pour les séjours prolongés loin d'une prise, une <a href=""https://meilleurtest.fr/comparatif-lampe-de-poche-rechargeable/"">lampe rechargeable</a> évite de changer les piles. Et pour garder les mains libres en montant la tente ou en cuisinant de nuit, une <a href=""https://meilleurtest.fr/comparatif-lampe-frontale/"">lampe frontale</a> prendra le relais. En extérieur permanent, des <a href=""https://meilleurtest.fr/comparatif-lampes-solaires-exterieures/"">lampes solaires</a> complèteront l'éclairage du jardin sans câblage ni piles à changer. Ce guide vous permettra de dénicher la lanterne LED idéale."
"37184";"Les meilleurs pommeaux de douche";"Le pommeau de douche déterminera la qualité de votre jet et le confort de chaque douche. Fixe, à main ou multijet, il s'adaptera à tous les usages. Les modèles <a href=""https://meilleurtest.fr/comparatif-pommeau-de-douche-anti-calcaire/"">anti-calcaire</a> protégeront votre peau et vos cheveux, tandis que les versions <a href=""https://meilleurtest.fr/comparatif-pommeau-de-douche-a-economie-d-eau/"">économes en eau</a> réduiront votre facture. Complétez avec une <a href=""https://meilleurtest.fr/comparatif-colonne-de-douche/"">colonne de douche</a> et une <a href=""https://meilleurtest.fr/comparatif-douchette/"">douchette</a> à main. Voici notre sélection des meilleurs pommeaux de douche.";"Le pommeau de douche déterminera la qualité de votre jet et le confort de chaque douche. Fixe, à main ou multijet, il s'adaptera à tous les usages. Les modèles <a href=""https://meilleurtest.fr/comparatif-pommeau-de-douche-anti-calcaire/"">anti-calcaire</a> protégeront votre peau et vos cheveux, tandis que les versions <a href=""https://meilleurtest.fr/comparatif-pommeau-de-douche-a-economie-d-eau/"">économes en eau</a> réduiront votre facture. Si vous rénovez toute la douche, une <a href=""https://meilleurtest.fr/comparatif-colonne-de-douche/"">colonne de douche</a> intègre directement le pommeau fixe dans son installation, tandis qu'une <a href=""https://meilleurtest.fr/comparatif-douchette/"">douchette</a> à main reste pratique pour laver les enfants ou nettoyer la cabine. Voici notre sélection des meilleurs pommeaux de douche."
"37185";"Les meilleurs radiateurs à inertie";"Le radiateur à inertie procurera un confort thermique optimal grâce à son cœur de chauffe qui accumule et restitue la chaleur de façon progressive. Plus efficace et plus économique qu'un convecteur, il conviendra à toutes les pièces de votre logement. Ce guide vous permettra de trouver le bon modèle. Parcourez aussi nos sélections de <a href=""https://meilleurtest.fr/comparatif-radiateur-a-inertie-seche/"">radiateurs à inertie sèche</a>, de <a href=""https://meilleurtest.fr/comparatif-radiateur-double-coeur-de-chauffe/"">radiateurs double cœur</a>, de <a href=""https://meilleurtest.fr/comparatif-radiateur-electrique-economique/"">radiateurs économiques</a> et de <a href=""https://meilleurtest.fr/comparatif-radiateur-electrique-connecte/"">radiateurs connectés</a>.";"Le radiateur à inertie procurera un confort thermique optimal grâce à son cœur de chauffe qui accumule et restitue la chaleur de façon progressive. Plus efficace et plus économique qu'un convecteur, il conviendra à toutes les pièces de votre logement. Ce guide vous permettra de trouver le bon modèle, qu'il s'agisse d'un <a href=""https://meilleurtest.fr/comparatif-radiateur-a-inertie-seche/"">radiateur à inertie sèche</a>, plus léger et rapide à chauffer, ou d'un <a href=""https://meilleurtest.fr/comparatif-radiateur-double-coeur-de-chauffe/"">radiateur double cœur de chauffe</a>, qui combine deux technologies pour une diffusion encore plus homogène. Si le budget prime, tournez-vous vers un <a href=""https://meilleurtest.fr/comparatif-radiateur-electrique-economique/"">radiateur économique</a>, et pour piloter le chauffage à distance depuis votre smartphone, un <a href=""https://meilleurtest.fr/comparatif-radiateur-electrique-connecte/"">radiateur connecté</a> fera l'affaire."
"37186";"Les meilleurs claviers gamer";"Switches mécaniques, rétroéclairage et anti-ghosting : les claviers gamer visent la réactivité et le confort lors des longues sessions. Linear, tactile ou clicky, le choix du switch conditionne le ressenti de frappe. Ce guide mettra en lumière les claviers gamer du moment, face aux <a href=""https://meilleurtest.fr/comparatif-clavier-mecanique/"">claviers mécaniques</a>, aux <a href=""https://meilleurtest.fr/comparatif-clavier-gamer-sans-fil/"">claviers gamer sans fil</a> et aux <a href=""https://meilleurtest.fr/comparatif-clavier-gamer-pas-cher/"">claviers gamer pas chers</a>.";"Switches mécaniques, rétroéclairage et anti-ghosting : les claviers gamer visent la réactivité et le confort lors des longues sessions. Linear, tactile ou clicky, le choix du switch conditionne le ressenti de frappe. Ce guide mettra en lumière les claviers gamer du moment. Si vous cherchez un mécanisme à switches sans les fonctions dédiées au jeu, notre comparatif des <a href=""https://meilleurtest.fr/comparatif-clavier-mecanique/"">claviers mécaniques</a> élargit le choix. Pour jouer sans câble qui traîne sur le bureau, consultez notre sélection de <a href=""https://meilleurtest.fr/comparatif-clavier-gamer-sans-fil/"">claviers gamer sans fil</a>, et si le budget est serré, les <a href=""https://meilleurtest.fr/comparatif-clavier-gamer-pas-cher/"">claviers gamer pas chers</a> offrent l'essentiel des fonctions à moindre coût."
"37196";"Les meilleurs lecteurs MP3";"Le lecteur MP3 restera un compagnon de choix pour écouter de la musique avec une qualité supérieure à celle d'un smartphone. Stockage généreux, autonomie prolongée et format compact feront sa force. Ce guide vous permettra de trouver le modèle idéal, en complément de nos sélections de <a href=""https://meilleurtest.fr/comparatif-lecteur-mp3-bluetooth/"">lecteurs MP3 Bluetooth</a>, de <a href=""https://meilleurtest.fr/comparatif-lecteur-mp3-enfant/"">lecteurs MP3 enfant</a> et de <a href=""https://meilleurtest.fr/comparatif-lecteur-mp3-etanche/"">lecteurs MP3 étanches</a> pour choisir le meilleur lecteur MP3.";"Le lecteur MP3 reste un compagnon de choix pour écouter de la musique avec une qualité supérieure à celle d'un smartphone. Stockage généreux, autonomie prolongée et format compact font sa force. Ce guide vous permettra de trouver le modèle idéal, qu'il s'agisse d'un modèle <a href=""https://meilleurtest.fr/comparatif-lecteur-mp3-bluetooth/"">Bluetooth</a> pour l'écoute sans fil, d'un <a href=""https://meilleurtest.fr/comparatif-lecteur-mp3-enfant/"">lecteur MP3 enfant</a> simple et robuste pour les plus jeunes, ou d'un modèle <a href=""https://meilleurtest.fr/comparatif-lecteur-mp3-etanche/"">étanche</a> pour vous accompagner à la piscine ou pendant le sport."
"37199";"Les meilleurs sièges auto pivotants";"Installer et retirer l'enfant sans se contorsionner : le siège auto pivotant tourne à 360 degrés pour un accès direct à la portière. Isofix, inclinaison et durée d'utilisation varient d'un modèle à l'autre. Nous avons testé les sièges auto pivotants les plus pratiques, face aux <a href=""https://meilleurtest.fr/comparatif-siege-auto-evolutif/"">sièges auto évolutifs</a>, aux <a href=""https://meilleurtest.fr/comparatif-siege-auto-groupe-1-2-3/"">sièges auto groupe 1/2/3</a> et aux <a href=""https://meilleurtest.fr/comparatif-siege-auto-naissance-groupe-0/"">sièges auto naissance</a>.";"Installer et retirer l'enfant sans se contorsionner : le siège auto pivotant tourne à 360 degrés pour un accès direct à la portière. Isofix, inclinaison et durée d'utilisation varient d'un modèle à l'autre. Nous avons testé les sièges auto pivotants les plus pratiques, mais si vous cherchez un siège qui accompagne l'enfant sur plusieurs années sans changer de modèle, regardez plutôt du côté des <a href=""https://meilleurtest.fr/comparatif-siege-auto-evolutif/"">sièges auto évolutifs</a> ou des <a href=""https://meilleurtest.fr/comparatif-siege-auto-groupe-1-2-3/"">sièges auto groupe 1/2/3</a>. Pour un nouveau-né, un <a href=""https://meilleurtest.fr/comparatif-siege-auto-naissance-groupe-0/"">siège auto naissance</a> reste mieux adapté avant de passer à un modèle pivotant."
"37209";"Les meilleures lampes de luminothérapie";"Une lampe de luminothérapie simulera la lumière naturelle pour compenser le manque de soleil, notamment en hiver. En régulant votre horloge biologique, elle améliorera votre humeur et votre énergie sans recours médicamenteux. Complétez votre routine avec un <a href=""https://meilleurtest.fr/comparatif-tapis-d-acupression/"">tapis d'acupression</a>, une <a href=""https://meilleurtest.fr/comparatif-appli-de-meditation/"">appli de méditation</a> ou des <a href=""https://meilleurtest.fr/comparatif-huile-essentielle-pour-dormir/"">huiles essentielles pour dormir</a>. Ce guide comparatif vous permettra de choisir la lampe de luminothérapie la plus adaptée.";"Une lampe de luminothérapie simule la lumière naturelle pour compenser le manque de soleil, notamment en hiver. En régulant votre horloge biologique, elle améliore votre humeur et votre énergie sans recours médicamenteux. Pour prolonger ces bienfaits jusqu'au soir, un <a href=""https://meilleurtest.fr/comparatif-tapis-d-acupression/"">tapis d'acupression</a> détend le corps après une journée assise, une <a href=""https://meilleurtest.fr/comparatif-appli-de-meditation/"">appli de méditation</a> apaise l'esprit avant le coucher, et des <a href=""https://meilleurtest.fr/comparatif-huile-essentielle-pour-dormir/"">huiles essentielles pour dormir</a> facilitent l'endormissement une fois la lumière éteinte. Ce guide comparatif vous permettra de choisir la lampe de luminothérapie la plus adaptée."
"37213";"Les meilleures raquettes de tennis";"Votre raquette de tennis déterminera la puissance et le confort de chaque frappe sur le court. Ce guide comparatif analysera les modèles selon leur poids, leur tamis et leur rigidité. Parcourez aussi nos guides sur les <a href=""https://meilleurtest.fr/comparatif-raquette-de-badminton/"">raquettes de badminton</a>, les <a href=""https://meilleurtest.fr/comparatif-raquette-de-squash/"">raquettes de squash</a> et les <a href=""https://meilleurtest.fr/comparatif-raquette-de-ping-pong/"">raquettes de ping pong</a> pour trouver la raquette de tennis adaptée à votre style.";"Votre raquette de tennis détermine la puissance et le confort de chaque frappe sur le court. Ce guide comparatif analyse les modèles selon leur poids, leur tamis et leur rigidité. Si le tennis n'est pas votre seul sport de raquette, nos guides sur les <a href=""https://meilleurtest.fr/comparatif-raquette-de-badminton/"">raquettes de badminton</a>, les <a href=""https://meilleurtest.fr/comparatif-raquette-de-squash/"">raquettes de squash</a> et les <a href=""https://meilleurtest.fr/comparatif-raquette-de-ping-pong/"">raquettes de ping pong</a> appliquent les mêmes critères de poids et de prise en main pour équiper le reste de votre pratique."
"37217";"Les meilleures trottinettes électriques à gros pneus";"La trottinette électrique à gros pneus vous offrira une meilleure adhérence et un confort accru sur les routes abîmées, les pavés et les terrains meubles. Avec des roues de 10 pouces ou plus, elle absorbera les chocs et garantira une conduite stable. Ce guide vous présentera les meilleurs modèles, en complément des <a href=""https://meilleurtest.fr/comparatif-trottinette-electrique-tout-terrain/"">trottinettes tout terrain</a>, des <a href=""https://meilleurtest.fr/comparatif-trottinette-electrique-cross/"">trottinettes cross</a> et des <a href=""https://meilleurtest.fr/comparatif-trottinette-pour-adulte/"">trottinettes pour adulte</a>. Un <a href=""https://meilleurtest.fr/comparatif-casque-trottinette-electrique/"">casque</a> complétera votre équipement.";"La trottinette électrique à gros pneus offre une meilleure adhérence et un confort accru sur les routes abîmées, les pavés et les terrains meubles. Avec des roues de 10 pouces ou plus, elle absorbe les chocs et garantit une conduite stable. Pour des sorties encore plus engagées en tout-terrain, nos <a href=""https://meilleurtest.fr/comparatif-trottinette-electrique-tout-terrain/"">trottinettes tout terrain</a> vont plus loin côté suspension et motorisation, tandis que les <a href=""https://meilleurtest.fr/comparatif-trottinette-electrique-cross/"">trottinettes cross</a> conviennent mieux à une pratique sportive sur terrain accidenté. Si vos trajets restent surtout urbains, consultez plutôt notre comparatif des <a href=""https://meilleurtest.fr/comparatif-trottinette-pour-adulte/"">trottinettes pour adulte</a>. Quel que soit votre choix, un <a href=""https://meilleurtest.fr/comparatif-casque-trottinette-electrique/"">casque</a> reste indispensable pour rouler en sécurité."
"37219";"Les meilleures enceintes connectées intelligentes";"Commander votre musique et piloter vos objets connectés à la voix passera par une enceinte intelligente adaptée. Vous comparerez des modèles avec écran, des <a href=""https://meilleurtest.fr/comparatif-enceinte-connectee-haut-de-gamme/"">enceintes connectées haut de gamme</a> et des systèmes <a href=""https://meilleurtest.fr/comparatif-enceinte-wifi/"">wifi</a>. Pour un son multi-pièces, les <a href=""https://meilleurtest.fr/comparatif-systeme-multiroom/"">systèmes multiroom</a> et les <a href=""https://meilleurtest.fr/comparatif-enceinte-bluetooth/"">enceintes Bluetooth</a> compléteront l'installation. Ce guide vous permettra de dénicher l'enceinte connectée intelligente idéale pour votre quotidien.";"Commander votre musique et piloter vos objets connectés à la voix passe par une enceinte intelligente adaptée. Ce guide compare les modèles avec écran et les enceintes classiques ; si vous cherchez plutôt le haut de gamme, consultez notre comparatif des <a href=""https://meilleurtest.fr/comparatif-enceinte-connectee-haut-de-gamme/"">enceintes connectées haut de gamme</a>, ou celui des <a href=""https://meilleurtest.fr/comparatif-enceinte-wifi/"">enceintes wifi</a> pour une diffusion stable sur tout le réseau domestique. Pour un son multi-pièces, les <a href=""https://meilleurtest.fr/comparatif-systeme-multiroom/"">systèmes multiroom</a> et les <a href=""https://meilleurtest.fr/comparatif-enceinte-bluetooth/"">enceintes Bluetooth</a> complètent l'installation. Ce guide vous permettra de dénicher l'enceinte connectée intelligente idéale pour votre quotidien."
"37220";"Les meilleurs VPN";"Un VPN chiffrera votre connexion internet et masquera votre adresse IP pour naviguer en toute confidentialité. Vous accéderez à des contenus géo-restreints et protégerez vos données sur les réseaux publics. Les <a href=""https://meilleurtest.fr/comparatif-vpn-gratuit/"">VPN gratuits</a>, les <a href=""https://meilleurtest.fr/comparatif-vpn-pour-iphone/"">VPN pour iPhone</a> et les <a href=""https://meilleurtest.fr/comparatif-vpn-gratuit-android/"">VPN gratuits Android</a> seront aussi à considérer. Un <a href=""https://meilleurtest.fr/comparatif-antivirus/"">antivirus</a> et un <a href=""https://meilleurtest.fr/comparatif-gestionnaire-de-mot-de-passe/"">gestionnaire de mots de passe</a> compléteront votre protection en ligne. Ce guide vous permettra de choisir le meilleur VPN.";"Un VPN chiffrera votre connexion internet et masquera votre adresse IP pour naviguer en toute confidentialité. Vous accéderez à des contenus géo-restreints et protégerez vos données sur les réseaux publics. Si vous cherchez une solution sans abonnement, un VPN pour iPhone ou un VPN gratuit sur Android, nos guides dédiés aux <a href=""https://meilleurtest.fr/comparatif-vpn-gratuit/"">VPN gratuits</a>, aux <a href=""https://meilleurtest.fr/comparatif-vpn-pour-iphone/"">VPN pour iPhone</a> et aux <a href=""https://meilleurtest.fr/comparatif-vpn-gratuit-android/"">VPN gratuits Android</a> détaillent les meilleures options pour chaque cas. Un <a href=""https://meilleurtest.fr/comparatif-antivirus/"">antivirus</a> et un <a href=""https://meilleurtest.fr/comparatif-gestionnaire-de-mot-de-passe/"">gestionnaire de mots de passe</a> compléteront votre protection en ligne. Ce guide vous permettra de choisir le meilleur VPN."
"37225";"Les meilleures caméras 360";"Filmer à 360 degrés pour des vidéos immersives sera à votre portée avec une caméra 360 adaptée à vos projets. Ce guide comparera les modèles les plus performants du marché, en complément de nos sélections de <a href=""https://meilleurtest.fr/comparatif-camera-de-sport/"">caméras de sport</a>, de <a href=""https://meilleurtest.fr/comparatif-camera-numerique/"">caméras numériques</a> et de <a href=""https://meilleurtest.fr/comparatif-drone-photo/"">drones photo</a>. Vous trouverez la caméra 360 qui conviendra à vos besoins créatifs.";"Filmer à 360 degrés pour des vidéos immersives sera à votre portée avec une caméra 360 adaptée à vos projets. Ce guide compare les modèles les plus performants du marché. Pour des séquences d'action sans besoin de vue à 360 degrés, une <a href=""https://meilleurtest.fr/comparatif-camera-de-sport/"">caméra de sport</a> restera plus légère et plus simple à fixer sur un casque ou un vélo. Pour la photo classique, une <a href=""https://meilleurtest.fr/comparatif-camera-numerique/"">caméra numérique</a> offrira un meilleur contrôle de la mise au point, et pour des prises de vue aériennes, un <a href=""https://meilleurtest.fr/comparatif-drone-photo/"">drone photo</a> complétera efficacement votre équipement. Vous trouverez la caméra 360 qui conviendra à vos besoins créatifs."
"37245";"Les meilleurs livrets d'épargne aux meilleurs taux";"Ce guide vous permettra de identifier les livrets d'épargne offrant les meilleurs taux pour faire fructifier votre capital en toute sécurité. Vous y comparerez les rendements, les plafonds et les conditions fiscales de chaque offre. Pour compléter votre recherche, vous consulterez notre comparatif des <a href=""https://meilleurtest.fr/comparatif-livret-booste/"">livrets boostés</a>, nos <a href=""https://meilleurtest.fr/comparatif-livre-de-cuisine/"">livres de cuisine</a> pour vos loisirs et nos <a href=""https://meilleurtest.fr/comparatif-lunettes-de-lecture/"">lunettes de lecture</a> pour décrypter les clauses de vos livrets d'épargne.";"Ce guide vous permettra d'identifier les livrets d'épargne offrant les meilleurs taux pour faire fructifier votre capital en toute sécurité. Vous y comparerez les rendements, les plafonds et les conditions fiscales de chaque offre, à commencer par notre comparatif des <a href=""https://meilleurtest.fr/comparatif-livret-booste/"">livrets boostés</a>, dont les taux promotionnels méritent un coup d'œil. Pour éplucher ces conditions et ces tableaux de taux sans se fatiguer les yeux, notre sélection de <a href=""https://meilleurtest.fr/comparatif-lunettes-de-lecture/"">lunettes de lecture</a> pourra vous être utile, et une fois votre épargne bien placée, un bon <a href=""https://meilleurtest.fr/comparatif-livre-de-cuisine/"">livre de cuisine</a> reste une façon simple de se faire plaisir sans puiser dans vos économies."
"37247";"Les meilleurs stylos bille";"Le stylo bille demeure l'outil d'écriture le plus utilisé au monde grâce à sa fiabilité et son prix accessible. Pour un usage quotidien, vous apprécierez sa prise en main confortable et son encre qui sèche rapidement. Si vous souhaitez pouvoir corriger, les <a href=""https://meilleurtest.fr/comparatif-stylo-effacable/"">stylos effaçables</a> seront une alternative pratique. Pour compléter vos fournitures de bureau, pensez aussi à une <a href=""https://meilleurtest.fr/comparatif-agrafeuse/"">agrafeuse</a> de qualité. Ce guide vous présentera les meilleurs <a href=""https://meilleurtest.fr/comparatif-stylo-pour-ecrire-au-quotidien/"">stylos</a> bille.";"Le stylo bille demeure l'outil d'écriture le plus utilisé au monde grâce à sa fiabilité et son prix accessible. Pour un usage quotidien, vous apprécierez sa prise en main confortable et son encre qui sèche rapidement. Si vous souhaitez pouvoir corriger vos écrits, les <a href=""https://meilleurtest.fr/comparatif-stylo-effacable/"">stylos effaçables</a> seront une alternative pratique. Pour compléter vos fournitures de bureau, pensez aussi à une <a href=""https://meilleurtest.fr/comparatif-agrafeuse/"">agrafeuse</a> de qualité. Et si le bille ne vous convainc pas, notre comparatif des <a href=""https://meilleurtest.fr/comparatif-stylo-pour-ecrire-au-quotidien/"">stylos</a> pour écrire au quotidien passe en revue tous les autres types, feutre, roller ou plume compris."
"37248";"Les meilleures antennes TV d'intérieur";"L'antenne TV d'intérieur offrira une solution simple et discrète pour capter les chaînes TNT sans installation extérieure. Facile à poser, elle conviendra aux appartements et aux petits espaces. Ce guide vous permettra de choisir le modèle adapté, en complément d'une <a href=""https://meilleurtest.fr/comparatif-antenne-tv-exterieure/"">antenne TV extérieure</a> si la réception est faible, d'une <a href=""https://meilleurtest.fr/comparatif-antenne-tnt-exterieure/"">antenne TNT</a> ou d'un <a href=""https://meilleurtest.fr/comparatif-decodeur-tnt/"">décodeur TNT</a> pour vos antennes TV d'intérieur.";"L'antenne TV d'intérieur offre une solution simple et discrète pour capter les chaînes TNT sans installation extérieure. Facile à poser, elle convient aux appartements et aux petits espaces. Si la réception reste faible malgré tout, mieux vaut se tourner vers une <a href=""https://meilleurtest.fr/comparatif-antenne-tv-exterieure/"">antenne TV extérieure</a>, plus puissante, ou vers une <a href=""https://meilleurtest.fr/comparatif-antenne-tnt-exterieure/"">antenne TNT extérieure</a> dédiée à la réception hertzienne. Et si le problème vient plutôt de votre téléviseur qui ne capte plus la TNT, un <a href=""https://meilleurtest.fr/comparatif-decodeur-tnt/"">décodeur TNT</a> permettra de retrouver vos chaînes sans changer de téléviseur. Ce guide vous permettra de choisir le modèle d'antenne TV d'intérieur le plus adapté à votre logement."
"37254";"Les meilleures tables de massage";"Ce guide vous présentera les meilleures tables de massage pour les professionnels et les particuliers exigeants. Vous comparerez les modèles fixes et réglables en hauteur selon leurs matériaux, leur confort et leur stabilité. Pour compléter votre installation, consultez nos guides sur les <a href=""https://meilleurtest.fr/comparatif-table-de-massage-pliante/"">tables de massage pliantes</a>, les <a href=""https://meilleurtest.fr/comparatif-huile-de-massage/"">huiles de massage</a>, les <a href=""https://meilleurtest.fr/comparatif-appareil-de-massage/"">appareils de massage</a> et les <a href=""https://meilleurtest.fr/comparatif-siege-massant/"">sièges massants</a>. Vous trouverez la table de massage la plus adaptée à votre pratique.";"Ce guide vous présentera les meilleures tables de massage pour les professionnels et les particuliers exigeants. Vous comparerez les modèles fixes et réglables en hauteur selon leurs matériaux, leur confort et leur stabilité. Si vous manquez de place ou voyagez avec votre matériel, tournez-vous plutôt vers une <a href=""https://meilleurtest.fr/comparatif-table-de-massage-pliante/"">table de massage pliante</a>, plus facile à transporter et à ranger. Pour glisser vos mains sans tirer sur la peau, une bonne <a href=""https://meilleurtest.fr/comparatif-huile-de-massage/"">huile de massage</a> reste indispensable, tandis qu'un <a href=""https://meilleurtest.fr/comparatif-appareil-de-massage/"">appareil de massage</a> électrique complétera vos séances manuelles sur les zones les plus tendues. Et pour un massage rapide au quotidien sans installer de table, un <a href=""https://meilleurtest.fr/comparatif-siege-massant/"">siège massant</a> peut prendre le relais entre deux séances. Vous trouverez la table de massage la plus adaptée à votre pratique."
"37257";"Les meilleurs porte-cartes pour homme";"Le porte-cartes pour homme rangera cartes bancaires, pièce d'identité et permis de conduire dans un format fin et pratique. Ce guide vous présentera les modèles en cuir, en aluminium et avec protection RFID pour sécuriser vos données. Vous comparerez chaque <a href=""https://meilleurtest.fr/comparatif-porte-cartes/"">porte-cartes</a> selon sa capacité et ses finitions pour compléter votre <a href=""https://meilleurtest.fr/comparatif-portefeuille-pour-homme/"">portefeuille</a> ou votre <a href=""https://meilleurtest.fr/comparatif-portefeuille-fin-pour-homme/"">portefeuille fin</a> avec un porte-cartes adapté à vos besoins.";"Le porte-cartes pour homme rangera cartes bancaires, pièce d'identité et permis de conduire dans un format fin et pratique. Ce guide vous présentera les modèles en cuir, en aluminium et avec protection RFID pour sécuriser vos données. Pour un choix plus large, notre comparatif complet des <a href=""https://meilleurtest.fr/comparatif-porte-cartes/"">porte-cartes</a> couvre tous les styles et toutes les matières. Si vous préférez garder plus de rangements, un <a href=""https://meilleurtest.fr/comparatif-portefeuille-pour-homme/"">portefeuille</a> classique offrira davantage d'espace pour vos billets et cartes de fidélité, tandis qu'un <a href=""https://meilleurtest.fr/comparatif-portefeuille-fin-pour-homme/"">portefeuille fin</a> conservera l'essentiel dans un format tout aussi compact."
"37258";"Les meilleures machines sous vide";"L'appareil de mise sous vide prolongera la conservation de vos aliments en éliminant l'air du conditionnement. Viande, légumes ou plats préparés, chaque produit gardera sa fraîcheur bien plus longtemps. Nos guides sur les <a href=""https://meilleurtest.fr/comparatif-boite-de-conservation-alimentaire/"">boites de conservation alimentaire</a>, les <a href=""https://meilleurtest.fr/comparatif-machine-multi-boissons/"">machines multi boissons</a> et les <a href=""https://meilleurtest.fr/comparatif-thermos/"">thermos</a> compléteront votre équipement de cuisine. Ce comparatif vous permettra de trouver l'appareil de mise sous vide le plus adapté à vos habitudes alimentaires.";"L'appareil de mise sous vide prolongera la conservation de vos aliments en éliminant l'air du conditionnement. Viande, légumes ou plats préparés, chaque produit gardera sa fraîcheur bien plus longtemps. Une fois le sachet ouvert, les <a href=""https://meilleurtest.fr/comparatif-boite-de-conservation-alimentaire/"">boites de conservation alimentaire</a> prendront le relais pour garder vos restes au frais, tandis qu'un <a href=""https://meilleurtest.fr/comparatif-thermos/"">thermos</a> maintiendra vos plats préparés à bonne température lors de vos déplacements. Si vous équipez aussi votre cuisine pour préparer boissons chaudes et froides, les <a href=""https://meilleurtest.fr/comparatif-machine-multi-boissons/"">machines multi boissons</a> complèteront cet ensemble. Ce comparatif vous permettra de trouver l'appareil de mise sous vide le plus adapté à vos habitudes alimentaires."
"37260";"Les meilleures trottinettes freestyle";"La trottinette freestyle vous permettra de réaliser des figures acrobatiques au skatepark ou en street, comme le ferait un skateboard ou un BMX. Renforcée et légère, elle conviendra aux débutants comme aux riders confirmés. Ce guide vous présentera les meilleurs modèles et vous présentera aussi vers les <a href=""https://meilleurtest.fr/comparatif-trottinette/"">trottinettes</a> classiques, les <a href=""https://meilleurtest.fr/comparatif-trottinette-pour-adulte/"">trottinettes pour adulte</a>, les <a href=""https://meilleurtest.fr/comparatif-trottinette-pour-enfant/"">trottinettes pour enfant</a> et les <a href=""https://meilleurtest.fr/comparatif-casque-trottinette-electrique/"">casques de protection</a>.";"La trottinette freestyle vous permettra de réaliser des figures acrobatiques au skatepark ou en street, comme le ferait un skateboard ou un BMX. Renforcée et légère, elle conviendra aux débutants comme aux riders confirmés. Ce guide vous présentera les meilleurs modèles. Si vous cherchez plutôt un modèle pour vous déplacer au quotidien, direction notre comparatif des <a href=""https://meilleurtest.fr/comparatif-trottinette/"">trottinettes</a> classiques, décliné selon l'âge du conducteur entre <a href=""https://meilleurtest.fr/comparatif-trottinette-pour-adulte/"">trottinettes pour adulte</a> et <a href=""https://meilleurtest.fr/comparatif-trottinette-pour-enfant/"">trottinettes pour enfant</a>. Pour amortir les chutes pendant l'apprentissage des figures, des <a href=""https://meilleurtest.fr/comparatif-casque-trottinette-electrique/"">casques de protection</a> adaptés seront aussi indispensables."
"37272";"Les meilleures lightbox pour studio photo";"Une lightbox pour studio photo vous offrira un eclairage diffus et uniforme, ideal pour photographier produits et objets sans ombre parasite. Vous la completerez avec un <a href=""https://meilleurtest.fr/comparatif-mini-studio-photo/"">mini studio photo</a> pour un kit complet, un <a href=""https://meilleurtest.fr/comparatif-appareil-photo/"">appareil photo</a> adapte et un <a href=""https://meilleurtest.fr/comparatif-logiciel-de-retouche-photo/"">logiciel de retouche</a> pour peaufiner vos images. Une <a href=""https://meilleurtest.fr/comparatif-imprimante-photo-professionnelle/"">imprimante photo professionnelle</a> finalisera votre workflow. Ce guide vous permettra de choisir la lightbox la plus adaptee a vos besoins.";"Une lightbox pour studio photo vous offrira un éclairage diffus et uniforme, idéal pour photographier produits et objets sans ombre parasite. Vous la compléterez avec un <a href=""https://meilleurtest.fr/comparatif-mini-studio-photo/"">mini studio photo</a> pour un kit complet, un <a href=""https://meilleurtest.fr/comparatif-appareil-photo/"">appareil photo</a> adapté et un <a href=""https://meilleurtest.fr/comparatif-logiciel-de-retouche-photo/"">logiciel de retouche</a> pour peaufiner vos images. Une <a href=""https://meilleurtest.fr/comparatif-imprimante-photo-professionnelle/"">imprimante photo professionnelle</a> finalisera votre chaîne de production. Ce guide vous permettra de choisir la lightbox la plus adaptée à vos besoins."
"37274";"Les meilleurs sacs de voyage";"Ce guide vous présentera les meilleurs sacs de voyage pour vos courts séjours et vos week-ends. Vous comparerez les modèles selon leur contenance, leur résistance et leur praticité. Nos guides sur les <a href=""https://meilleurtest.fr/comparatif-sac-de-voyage-pour-homme/"">sacs de voyage pour homme</a>, les <a href=""https://meilleurtest.fr/comparatif-housse-de-rangement-de-voyage/"">housses de rangement de voyage</a>, les <a href=""https://meilleurtest.fr/comparatif-sac-a-dos-de-voyage/"">sacs à dos de voyage</a> et les <a href=""https://meilleurtest.fr/comparatif-valise/"">valises</a> compléteront votre choix. Vous trouverez le sac de voyage adapté à chaque type de déplacement.";"Ce guide vous présentera les meilleurs sacs de voyage pour vos courts séjours et vos week-ends. Vous comparerez les modèles selon leur contenance, leur résistance et leur praticité. Si vous cherchez un modèle taillé pour une silhouette et des coloris masculins, consultez notre guide des <a href=""https://meilleurtest.fr/comparatif-sac-de-voyage-pour-homme/"">sacs de voyage pour homme</a>, et pour organiser vos affaires à l'intérieur du sac, les <a href=""https://meilleurtest.fr/comparatif-housse-de-rangement-de-voyage/"">housses de rangement de voyage</a> vous seront utiles. Pour garder les mains libres, tournez-vous vers les <a href=""https://meilleurtest.fr/comparatif-sac-a-dos-de-voyage/"">sacs à dos de voyage</a>, et pour un séjour plus long nécessitant plus de protection et des roulettes, préférez une <a href=""https://meilleurtest.fr/comparatif-valise/"">valise</a>. Vous trouverez ainsi le sac de voyage adapté à chaque type de déplacement."
"37281";"Les meilleurs carrelages pour salle de bain";"Le carrelage de salle de bain habillera sols et murs de cette pièce essentielle tout en résistant à l'humidité. Classique, à motifs ou effet pierre, les finitions seront variées. Il s'associera à un <a href=""https://meilleurtest.fr/comparatif-carrelage-mural-pour-salle-de-bain/"">carrelage mural</a> spécifique et à un <a href=""https://meilleurtest.fr/comparatif-luminaire-de-salle-de-bain/"">luminaire adapté</a> pour sublimer l'espace. Un <a href=""https://meilleurtest.fr/comparatif-miroir-de-salle-de-bain/"">miroir de salle de bain</a> complétera l'ensemble. Ce guide vous permettra de choisir le carrelage de salle de bain idéal pour votre <a href=""https://meilleurtest.fr/comparatif-carrelage-d-interieur/"">intérieur</a>.";"Le carrelage de salle de bain habillera sols et murs de cette pièce essentielle tout en résistant à l'humidité. Classique, à motifs ou effet pierre, les finitions seront variées. Si vous carrelez aussi les murs, associez-le à un <a href=""https://meilleurtest.fr/comparatif-carrelage-mural-pour-salle-de-bain/"">carrelage mural</a> pensé pour la verticale, et choisissez un <a href=""https://meilleurtest.fr/comparatif-luminaire-de-salle-de-bain/"">luminaire adapté</a> pour mettre en valeur ses motifs ou son effet pierre. Un <a href=""https://meilleurtest.fr/comparatif-miroir-de-salle-de-bain/"">miroir de salle de bain</a> reflétera la lumière et agrandira visuellement la pièce. Et si vous souhaitez prolonger ce revêtement dans le reste du logement, notre guide du <a href=""https://meilleurtest.fr/comparatif-carrelage-d-interieur/"">carrelage d'intérieur</a> vous montrera les autres options possibles. Ce guide vous permettra de choisir le carrelage de salle de bain idéal pour votre pièce."
"37283";"Les meilleures crédences de cuisine";"La crédence de cuisine protègera le mur entre votre plan de travail et vos meubles hauts contre les projections de graisse et d'eau. Pour une pose sans travaux, une <a href=""https://meilleurtest.fr/comparatif-credence-adhesive/"">crédence adhésive</a> sera idéale. Un <a href=""https://meilleurtest.fr/comparatif-carrelage-d-interieur/"">carrelage</a> au sol et des <a href=""https://meilleurtest.fr/comparatif-etageres-de-cuisine/"">étagères de cuisine</a> compléteront la finition. Ce guide vous permettra de choisir la crédence de cuisine alliant esthétique et résistance.";"La crédence de cuisine protègera le mur entre votre plan de travail et vos meubles hauts contre les projections de graisse et d'eau. Pour une pose sans travaux, une <a href=""https://meilleurtest.fr/comparatif-credence-adhesive/"">crédence adhésive</a> sera idéale. Pour harmoniser le sol avec votre nouvelle crédence, notre guide du <a href=""https://meilleurtest.fr/comparatif-carrelage-d-interieur/"">carrelage</a> vous montrera les teintes qui s'accorderont avec elle, et des <a href=""https://meilleurtest.fr/comparatif-etageres-de-cuisine/"">étagères de cuisine</a> multiplieront le rangement juste au-dessus du plan de travail. Ce guide vous permettra de choisir la crédence de cuisine alliant esthétique et résistance."
"37286";"Les meilleurs dressings pas cher";"Organiser votre garde-robe ne nécessitera pas un budget conséquent si vous choisissez un dressing pas cher bien conçu. Ce guide comparera les modèles les plus abordables en bois, en métal et en tissu pour chaque configuration de chambre. Vous verrez aussi les alternatives comme le <a href=""https://meilleurtest.fr/comparatif-dressing/"">dressing classique</a>, le <a href=""https://meilleurtest.fr/comparatif-dressing-dangle/"">dressing d'angle</a>, le <a href=""https://meilleurtest.fr/comparatif-portant-a-vetements/"">portant à vêtements</a> ou l'<a href=""https://meilleurtest.fr/comparatif-armoire/"">armoire</a>, pour trouver le dressing pas cher qui correspondra à vos besoins.";"Organiser votre garde-robe ne nécessitera pas un budget conséquent si vous choisissez un dressing pas cher bien conçu. Ce guide comparera les modèles les plus abordables en bois, en métal et en tissu pour chaque configuration de chambre. Si votre budget s'assouplit, notre guide du <a href=""https://meilleurtest.fr/comparatif-dressing/"">dressing classique</a> vous présentera des modèles plus complets, tandis que le <a href=""https://meilleurtest.fr/comparatif-dressing-dangle/"">dressing d'angle</a> exploitera un recoin de chambre autrement perdu. Pour une solution encore plus économique et ouverte, le <a href=""https://meilleurtest.fr/comparatif-portant-a-vetements/"">portant à vêtements</a> reste une option, et si vous préférez protéger vos vêtements de la poussière derrière des portes fermées, tournez-vous vers l'<a href=""https://meilleurtest.fr/comparatif-armoire/"">armoire</a>. Vous trouverez ainsi le dressing pas cher qui correspondra le mieux à votre chambre."
"37287";"Les meilleures montres trail GPS";"Ce guide vous permettra de choisir une montre trail GPS adaptée à vos sorties en sentier. Vous y trouverez les critères essentiels, de l'altimètre barométrique à l'autonomie en mode GPS. Nos comparatifs de <a href=""https://meilleurtest.fr/comparatif-montre-running/"">montres running</a>, de <a href=""https://meilleurtest.fr/comparatif-montre-gps-avec-cartographie/"">montres GPS avec cartographie</a>, de <a href=""https://meilleurtest.fr/comparatif-montre-sport/"">montres sport</a> et de <a href=""https://meilleurtest.fr/comparatif-montre-connectee-etanche/"">montres étanches</a> compléteront votre recherche de montre trail GPS.";"Ce guide vous permettra de choisir une montre trail GPS adaptée à vos sorties en sentier. Vous y trouverez les critères essentiels, de l'altimètre barométrique à l'autonomie en mode GPS. Si vous courez surtout sur route, une <a href=""https://meilleurtest.fr/comparatif-montre-running/"">montre running</a> plus légère suffira, et pour une navigation plus poussée avec des cartes détaillées, tournez-vous vers les <a href=""https://meilleurtest.fr/comparatif-montre-gps-avec-cartographie/"">montres GPS avec cartographie</a>. Les <a href=""https://meilleurtest.fr/comparatif-montre-sport/"">montres sport</a> conviendront si vous pratiquez plusieurs disciplines au-delà du trail, et les <a href=""https://meilleurtest.fr/comparatif-montre-connectee-etanche/"">montres étanches</a> seront préférables si la natation fait partie de votre entraînement."
"37290";"Les meilleures montres connectées pour femmes";"Ce guide vous permettra de choisir la montre connectée pour femme la plus adaptée à vos besoins. Vous y trouverez les critères de choix, du design aux fonctions de suivi de santé. Nos comparatifs de <a href=""https://meilleurtest.fr/comparatif-montre-pour-femme/"">montres pour femme</a>, de <a href=""https://meilleurtest.fr/comparatif-montre-connectee-sport-pour-femme/"">montres connectées sport pour femme</a>, de <a href=""https://meilleurtest.fr/comparatif-montre-connectee-sante/"">montres connectées santé</a> et de <a href=""https://meilleurtest.fr/comparatif-bracelet-connecte-pour-femme/"">bracelets connectés pour femme</a> compléteront votre recherche de montre connectée féminine.";"Ce guide vous permettra de choisir la montre connectée pour femme la plus adaptée à vos besoins. Vous y trouverez les critères de choix, du design aux fonctions de suivi de santé. Si vous cherchez un modèle plus classique côté esthétique, consultez notre comparatif des <a href=""https://meilleurtest.fr/comparatif-montre-pour-femme/"">montres pour femme</a> ; pour un usage plus sportif, tournez-vous vers les <a href=""https://meilleurtest.fr/comparatif-montre-connectee-sport-pour-femme/"">montres connectées sport pour femme</a> ou, pour un suivi santé plus poussé, vers les <a href=""https://meilleurtest.fr/comparatif-montre-connectee-sante/"">montres connectées santé</a> ; et si le format bracelet vous convient davantage qu'une montre, découvrez les <a href=""https://meilleurtest.fr/comparatif-bracelet-connecte-pour-femme/"">bracelets connectés pour femme</a>."
"37294";"Les meilleurs sièges auto groupe 1 2 3";"De la naissance à 12 ans environ, le siège auto groupe 1/2/3 évolue avec l'enfant en un seul achat. Harnais, bouclier ou ceinture, le mode de retenue change selon le poids. Nous avons examiné les sièges auto groupe 1/2/3 les plus durables, face aux <a href=""https://meilleurtest.fr/comparatif-siege-auto-pivotant/"">sièges auto pivotants</a>, aux <a href=""https://meilleurtest.fr/comparatif-siege-auto-evolutif/"">sièges auto évolutifs</a> et aux <a href=""https://meilleurtest.fr/comparatif-siege-auto-groupe-2-3-inclinable/"">sièges auto groupe 2/3</a>.";"De la naissance à 12 ans environ, le siège auto groupe 1/2/3 évolue avec l'enfant en un seul achat. Harnais, bouclier ou ceinture, le mode de retenue change selon le poids. Nous avons examiné les modèles les plus durables du marché : si vous préférez une installation dos à la route prolongée avec un siège qui pivote, regardez plutôt les <a href=""https://meilleurtest.fr/comparatif-siege-auto-pivotant/"">sièges auto pivotants</a> ; pour une autre façon d'accompagner votre enfant sur plusieurs années avec un seul siège, les <a href=""https://meilleurtest.fr/comparatif-siege-auto-evolutif/"">sièges auto évolutifs</a> sont une alternative à comparer ; et si votre enfant a déjà dépassé l'étape du harnais, les <a href=""https://meilleurtest.fr/comparatif-siege-auto-groupe-2-3-inclinable/"">sièges auto groupe 2/3</a> inclinables prendront le relais."
"37297";"Les meilleurs sièges auto groupes 2 3 inclinables";"Siestes en voiture, longs trajets : les sièges auto groupe 2/3 inclinables offrent une position de repos sans compromettre la sécurité. Amplitude de l'inclinaison, guidage de ceinture et appui-tête varient. Nous avons étudié les plus confortables, parmi les <a href=""https://meilleurtest.fr/comparatif-siege-auto-groupe-1-2-3/"">sièges auto groupe 1/2/3</a>, les <a href=""https://meilleurtest.fr/comparatif-siege-auto-evolutif/"">sièges auto évolutifs</a> et les <a href=""https://meilleurtest.fr/comparatif-siege-auto-pivotant/"">sièges auto pivotants</a>.";"Siestes en voiture, longs trajets : les sièges auto groupe 2/3 inclinables offrent une position de repos sans compromettre la sécurité. Amplitude de l'inclinaison, guidage de ceinture et appui-tête varient. Nous avons étudié les modèles les plus confortables : si votre enfant est encore trop jeune pour un groupe 2/3 et a besoin d'un harnais, les <a href=""https://meilleurtest.fr/comparatif-siege-auto-groupe-1-2-3/"">sièges auto groupe 1/2/3</a> couvrent toutes les étapes en un seul siège ; pour comparer une autre approche du confort évolutif, consultez les <a href=""https://meilleurtest.fr/comparatif-siege-auto-evolutif/"">sièges auto évolutifs</a> ; et si l'installation dos à la route prolongée vous intéresse, les <a href=""https://meilleurtest.fr/comparatif-siege-auto-pivotant/"">sièges auto pivotants</a> facilitent la manipulation au quotidien."
"37298";"Les meilleures montres connectées pour enfants";"Ce guide vous permettra de choisir une montre connectée pour enfant adaptée à son âge et à vos attentes de sécurité. Vous y trouverez les critères essentiels, de la robustesse à la facilité d'utilisation. Nos comparatifs de <a href=""https://meilleurtest.fr/comparatif-montre-pour-enfant/"">montres pour enfant</a>, de <a href=""https://meilleurtest.fr/comparatif-montre-gps-pour-enfant/"">montres GPS pour enfant</a> et de <a href=""https://meilleurtest.fr/comparatif-montre-connectee-pas-chere/"">montres connectées pas chères</a> compléteront votre recherche de montre connectée enfant.";"Ce guide vous permettra de choisir une montre connectée pour enfant adaptée à son âge et à vos attentes de sécurité. Vous y trouverez les critères essentiels, de la robustesse à la facilité d'utilisation. Pour un premier modèle simple, notre comparatif des <a href=""https://meilleurtest.fr/comparatif-montre-pour-enfant/"">montres pour enfant</a> présente les fonctions de base à comparer, tandis que les <a href=""https://meilleurtest.fr/comparatif-montre-gps-pour-enfant/"">montres GPS pour enfant</a> conviendront si la géolocalisation est votre priorité ; si le budget est votre principale contrainte, consultez plutôt les <a href=""https://meilleurtest.fr/comparatif-montre-connectee-pas-chere/"">montres connectées pas chères</a>."
"37300";"Les meilleurs sièges auto naissance groupe 0";"De la maternité aux premiers mois, le siège auto naissance groupe 0 protège le nourrisson en position semi-allongée. Coque légère, compatibilité poussette et base Isofix conditionnent la praticité. Nous avons vérifié la sécurité des sièges auto naissance, face aux <a href=""https://meilleurtest.fr/comparatif-siege-auto-pivotant/"">sièges auto pivotants</a>, aux <a href=""https://meilleurtest.fr/comparatif-siege-auto-evolutif/"">sièges auto évolutifs</a> et aux <a href=""https://meilleurtest.fr/comparatif-siege-auto-poussette/"">sièges auto poussettes</a>.";"De la maternité aux premiers mois, le siège auto naissance groupe 0 protège le nourrisson en position semi-allongée. Coque légère, compatibilité poussette et base Isofix conditionnent la praticité. Nous avons vérifié la sécurité de ces modèles pour nouveau-nés : une fois l'enfant trop grand pour la coque, les <a href=""https://meilleurtest.fr/comparatif-siege-auto-pivotant/"">sièges auto pivotants</a> prennent le relais avec une installation facilitée, les <a href=""https://meilleurtest.fr/comparatif-siege-auto-evolutif/"">sièges auto évolutifs</a> permettent d'anticiper les années suivantes sur un seul siège, et si vous cherchez justement une coque compatible avec votre poussette, notre comparatif des <a href=""https://meilleurtest.fr/comparatif-siege-auto-poussette/"">sièges auto poussettes</a> détaille les associations possibles."
"37307";"Les meilleurs intra-auriculaires sans fil bluetooth";"Glisser des écouteurs intra-auriculaires sans fil dans vos oreilles deviendra un geste quotidien pour la musique et les appels. Vous comparerez des modèles avec <a href=""https://meilleurtest.fr/comparatif-ecouteurs-intra-auriculaires-a-reduction-de-bruit/"">réduction de bruit</a>, des <a href=""https://meilleurtest.fr/comparatif-ecouteur-true-wireless/"">écouteurs true wireless</a> et des références <a href=""https://meilleurtest.fr/comparatif-ecouteurs-pour-audiophiles/"">audiophiles</a>. Les <a href=""https://meilleurtest.fr/comparatif-ecouteur-sans-fil-pas-cher/"">écouteurs sans fil pas chers</a> offriront des options accessibles. Ce guide vous permettra de dénicher les intra-auriculaires sans fil Bluetooth les mieux adaptés.";"Glisser des écouteurs intra-auriculaires sans fil dans vos oreilles deviendra un geste quotidien pour la musique et les appels. Si vous voyagez souvent ou travaillez dans un environnement bruyant, tournez-vous vers notre comparatif des modèles à <a href=""https://meilleurtest.fr/comparatif-ecouteurs-intra-auriculaires-a-reduction-de-bruit/"">réduction de bruit</a> ; pour un format totalement libéré de tout fil, y compris entre les deux écouteurs, comparez plutôt les <a href=""https://meilleurtest.fr/comparatif-ecouteur-true-wireless/"">écouteurs true wireless</a> ; les oreilles exigeantes côté qualité sonore trouveront leur bonheur parmi nos références <a href=""https://meilleurtest.fr/comparatif-ecouteurs-pour-audiophiles/"">audiophiles</a>, et si le budget prime avant tout, les <a href=""https://meilleurtest.fr/comparatif-ecouteur-sans-fil-pas-cher/"">écouteurs sans fil pas chers</a> proposent des options accessibles. Ce guide vous permettra de dénicher les intra-auriculaires sans fil Bluetooth les mieux adaptés."
"37313";"Les meilleurs toboggans";"Un toboggan installé dans votre jardin ou votre intérieur offrira à votre enfant des heures de jeu et contribuera à développer son équilibre. Vous découvrirez dans ce guide les critères de hauteur, de matériaux et de sécurité à évaluer. Nos comparatifs de <a href=""https://meilleurtest.fr/comparatif-toboggan-bebe/"">toboggans bébé</a>, de <a href=""https://meilleurtest.fr/comparatif-toboggan-de-piscine/"">toboggans de piscine</a> et de <a href=""https://meilleurtest.fr/comparatif-trapeze-balancoire/"">trapèzes balançoires</a> compléteront votre recherche. Ce guide vous permettra de dénicher les meilleurs toboggans.";"Un toboggan installé dans votre jardin ou votre intérieur offrira à votre enfant des heures de jeu et contribuera à développer son équilibre. Vous découvrirez dans ce guide les critères de hauteur, de matériaux et de sécurité à évaluer. Si votre enfant est encore en bas âge, nos comparatifs de <a href=""https://meilleurtest.fr/comparatif-toboggan-bebe/"">toboggans bébé</a> proposeront des modèles mieux adaptés à sa taille, tandis que les <a href=""https://meilleurtest.fr/comparatif-toboggan-de-piscine/"">toboggans de piscine</a> prolongeront les jeux d'eau l'été. Pour varier les activités au jardin, les <a href=""https://meilleurtest.fr/comparatif-trapeze-balancoire/"">trapèzes balançoires</a> complèteront utilement votre équipement. Ce guide vous permettra de dénicher les meilleurs toboggans."
"37320";"Les meilleurs poêles à granulés canalisables";"Le poêle à granulés canalisable diffusera la chaleur dans plusieurs pièces grâce à un réseau de gaines, ce qui en fera un chauffage principal efficace. Ce guide vous présentera les meilleurs modèles au design élégant et fonctionnel. Parcourez aussi nos sélections de <a href=""https://meilleurtest.fr/comparatif-poele-a-granules/"">poêles à granulés</a>, de versions <a href=""https://meilleurtest.fr/comparatif-poele-a-granules-etanche/"">étanches</a>, de modèles à <a href=""https://meilleurtest.fr/comparatif-poele-a-granules-ventouse/"">ventouse</a> et de poêles <a href=""https://meilleurtest.fr/comparatif-poele-a-granule-silencieux/"">silencieux</a>.";"Le poêle à granulés canalisable diffusera la chaleur dans plusieurs pièces grâce à un réseau de gaines, ce qui en fera un chauffage principal efficace. Ce guide vous présentera les meilleurs modèles au design élégant et fonctionnel. Si vous n'avez besoin de chauffer qu'une seule pièce, nos comparatifs de <a href=""https://meilleurtest.fr/comparatif-poele-a-granules/"">poêles à granulés</a> classiques suffiront. Sans conduit de cheminée existant, les modèles <a href=""https://meilleurtest.fr/comparatif-poele-a-granules-etanche/"">étanches</a> ou à <a href=""https://meilleurtest.fr/comparatif-poele-a-granules-ventouse/"">ventouse</a> permettront une évacuation directe en façade. Et si vous comptez installer l'appareil près d'une chambre, les poêles <a href=""https://meilleurtest.fr/comparatif-poele-a-granule-silencieux/"">silencieux</a> préserveront votre tranquillité."
"37331";"Les meilleurs appareils de massage du cou";"Ce guide vous permettra de trouver le meilleur appareil de massage du cou pour prévenir et soulager vos douleurs cervicales. Vous comparerez les modèles à pétrissage, à électrostimulation et à chaleur infrarouge pour un soulagement ciblé. Pour compléter votre approche, explorez les <a href=""https://meilleurtest.fr/comparatif-appareil-de-massage/"">appareils de massage</a> polyvalents, les <a href=""https://meilleurtest.fr/comparatif-hamac-cervical/"">hamacs cervicaux</a>, les <a href=""https://meilleurtest.fr/comparatif-coussin-de-shiatsu/"">coussins de shiatsu</a> et les <a href=""https://meilleurtest.fr/comparatif-appareil-de-massage-du-dos/"">masseurs du dos</a>. Vous trouverez le masseur du cou adapté à votre quotidien.";"Ce guide vous permettra de trouver le meilleur appareil de massage du cou pour prévenir et soulager vos douleurs cervicales. Vous comparerez les modèles à pétrissage, à électrostimulation et à chaleur infrarouge pour un soulagement ciblé. Pour traiter aussi d'autres zones du corps, les <a href=""https://meilleurtest.fr/comparatif-appareil-de-massage/"">appareils de massage</a> polyvalents couvriront un usage plus large, tandis que les <a href=""https://meilleurtest.fr/comparatif-hamac-cervical/"">hamacs cervicaux</a> offriront une alternative en traction douce. Les <a href=""https://meilleurtest.fr/comparatif-coussin-de-shiatsu/"">coussins de shiatsu</a> combineront chaleur et pétrissage sur le cou et les épaules, et comme les douleurs cervicales s'accompagnent souvent de tensions dorsales, les <a href=""https://meilleurtest.fr/comparatif-appareil-de-massage-du-dos/"">masseurs du dos</a> compléteront efficacement votre équipement."
"37332";"Les meilleures antennes omnidirectionnelles";"L'antenne omnidirectionnelle captera les signaux TV sur 360 degrés sans nécessiter de pointage, ce qui la rendra idéale pour un camping-car, un bateau ou une caravane. Contrairement à une <a href=""https://meilleurtest.fr/comparatif-antenne-tv/"">antenne TV</a> directionnelle ou une <a href=""https://meilleurtest.fr/comparatif-antenne-satellite/"">antenne satellite</a>, elle ne demandera aucun réglage en déplacement. Complétée par une <a href=""https://meilleurtest.fr/comparatif-antenne-de-camping-car/"">antenne de camping-car</a> et un <a href=""https://meilleurtest.fr/comparatif-amplificateur-tv/"">amplificateur TV</a>, elle optimisera votre réception en antennes omnidirectionnelles.";"L'antenne omnidirectionnelle captera les signaux TV sur 360 degrés sans nécessiter de pointage, ce qui la rendra idéale pour un camping-car, un bateau ou une caravane. Contrairement à une <a href=""https://meilleurtest.fr/comparatif-antenne-tv/"">antenne TV</a> directionnelle ou une <a href=""https://meilleurtest.fr/comparatif-antenne-satellite/"">antenne satellite</a>, elle ne demandera aucun réglage en déplacement. Associez-la à une <a href=""https://meilleurtest.fr/comparatif-antenne-de-camping-car/"">antenne de camping-car</a> dédiée à votre véhicule et à un <a href=""https://meilleurtest.fr/comparatif-amplificateur-tv/"">amplificateur TV</a> pour renforcer un signal faible en zone isolée."
"37337";"Les meilleurs traceurs GPS pour voiture";"Le traceur GPS pour voiture vous permettra de surveiller en temps réel la position de votre véhicule et de prévenir le vol. Il optimisera aussi vos trajets et pourra servir de preuve en cas d'accident. Ce guide vous présentera les meilleurs modèles, en complément des <a href=""https://meilleurtest.fr/comparatif-traceur-gps/"">traceurs GPS</a> polyvalents, des <a href=""https://meilleurtest.fr/comparatif-traceur-gps-sans-abonnement/"">modèles sans abonnement</a> et des <a href=""https://meilleurtest.fr/comparatif-traceur-gps-pour-enfant/"">traceurs pour enfant</a>. Un <a href=""https://meilleurtest.fr/comparatif-antivol-voiture/"">antivol</a> complétera la sécurité de votre véhicule.";"Le traceur GPS pour voiture vous permet de surveiller en temps réel la position de votre véhicule et de prévenir le vol. Il optimise aussi vos trajets et peut servir de preuve en cas d'accident. Si vous cherchez un boîtier plus généraliste, capable de suivre aussi un vélo ou un colis, jetez un œil à notre comparatif des <a href=""https://meilleurtest.fr/comparatif-traceur-gps/"">traceurs GPS</a> polyvalents. Pour éviter les frais récurrents, privilégiez plutôt un <a href=""https://meilleurtest.fr/comparatif-traceur-gps-sans-abonnement/"">traceur sans abonnement</a>. Et si c'est la sécurité de vos enfants qui vous préoccupe, nos <a href=""https://meilleurtest.fr/comparatif-traceur-gps-pour-enfant/"">traceurs pour enfant</a> sont conçus pour cet usage précis. Pour compléter la protection de votre voiture, associez ce traceur à un bon <a href=""https://meilleurtest.fr/comparatif-antivol-voiture/"">antivol</a>."
"37352";"Les meilleures chaises gamer";"Assise ergonomique, soutien lombaire et accoudoirs réglables : les chaises gamer promettent un confort prolongé devant l'écran. Mais la qualité du rembourrage, la structure et la ventilation du tissu varient beaucoup, y compris sur <a href=""https://meilleurtest.fr/comparatif-chaise-gamer-pas-chere/"">les modèles pas chers</a>. Pour compléter votre setup, consultez aussi nos guides sur <a href=""https://meilleurtest.fr/comparatif-bureau-gamer/"">les bureaux gamer</a> et <a href=""https://meilleurtest.fr/comparatif-casque-gamer/"">les casques gamer</a>.";"Assise ergonomique, soutien lombaire et accoudoirs réglables : les chaises gamer promettent un confort prolongé devant l'écran. Mais la qualité du rembourrage, la structure et la ventilation du tissu varient beaucoup, y compris sur <a href=""https://meilleurtest.fr/comparatif-chaise-gamer-pas-chere/"">les modèles pas chers</a>. Pour un setup vraiment confortable, la chaise ne suffit pas : un <a href=""https://meilleurtest.fr/comparatif-bureau-gamer/"">bureau gamer</a> à la bonne hauteur évite les tensions au dos et aux poignets, et un <a href=""https://meilleurtest.fr/comparatif-casque-gamer/"">casque gamer</a> confortable complète l'équipement pour les longues sessions de jeu."
"37359";"Les meilleurs colliers anti-fugue pour chiens";"Si votre chien a tendance à fuguer, un collier anti-fugue délimitera une zone sécurisée grâce à une clôture invisible ou un fil enterré. Il le dissuadera de franchir les limites par une vibration ou un signal sonore. Associé à un <a href=""https://meilleurtest.fr/comparatif-collier-gps-pour-chien-sans-abonnement/"">collier GPS</a> pour le localiser, un <a href=""https://meilleurtest.fr/comparatif-collier-de-dressage-chien/"">collier de dressage</a> pour l'éducation et un <a href=""https://meilleurtest.fr/comparatif-collier-pour-chien/"">collier classique</a>, il sécurisera votre compagnon. Ce guide vous permettra de choisir le meilleur collier anti-fugue pour chien.";"Si votre chien a tendance à fuguer, un collier anti-fugue délimitera une zone sécurisée grâce à une clôture invisible ou un fil enterré. Il le dissuadera de franchir les limites par une vibration ou un signal sonore. Vous pourrez le compléter par un <a href=""https://meilleurtest.fr/comparatif-collier-gps-pour-chien-sans-abonnement/"">collier GPS</a> pour le localiser en cas de fugue malgré tout, un <a href=""https://meilleurtest.fr/comparatif-collier-de-dressage-chien/"">collier de dressage</a> pour renforcer son éducation au quotidien, ou tout simplement un <a href=""https://meilleurtest.fr/comparatif-collier-pour-chien/"">collier classique</a> pour ses sorties habituelles. Ce guide vous permettra de choisir le meilleur collier anti-fugue pour chien."
"37363";"Les meilleures semelles chauffantes";"Les semelles chauffantes garderont vos pieds au chaud lors de vos sorties hivernales, que vous pratiquiez la randonnée ou le ski. Ce guide comparera les modèles selon leur autonomie, leur système de chauffe et leur compatibilité avec vos chaussures. Nos guides de <a href=""https://meilleurtest.fr/comparatif-gant-chauffant/"">gants chauffants</a>, de <a href=""https://meilleurtest.fr/comparatif-veste-chauffante/"">vestes chauffantes</a> et de <a href=""https://meilleurtest.fr/comparatif-chauffe-main/"">chauffe-mains</a> compléteront votre protection contre le froid. Un <a href=""https://meilleurtest.fr/comparatif-sac-de-trail/"">sac de trail</a> transportera vos accessoires. Vous trouverez ici les semelles chauffantes adaptées à vos activités.";"Les semelles chauffantes garderont vos pieds au chaud lors de vos sorties hivernales, que vous pratiquiez la randonnée ou le ski. Ce guide comparera les modèles selon leur autonomie, leur système de chauffe et leur compatibilité avec vos chaussures. Pour protéger le reste du corps, nos guides de <a href=""https://meilleurtest.fr/comparatif-gant-chauffant/"">gants chauffants</a>, de <a href=""https://meilleurtest.fr/comparatif-veste-chauffante/"">vestes chauffantes</a> et de <a href=""https://meilleurtest.fr/comparatif-chauffe-main/"">chauffe-mains</a> complèteront votre équipement contre le froid, et un <a href=""https://meilleurtest.fr/comparatif-sac-de-trail/"">sac de trail</a> vous permettra d'emporter batteries de rechange et accessoires sur le terrain. Vous trouverez ici les semelles chauffantes adaptées à vos activités."
"37373";"Les meilleurs sièges massants";"Ce guide vous permettra de choisir le meilleur siège massant pour vous détendre à domicile sans faire appel à un professionnel. Vous comparerez les modèles chauffants, à shiatsu et à vibrations selon vos zones de tension. Pour explorer d’autres options, consultez nos guides sur les <a href=""https://meilleurtest.fr/comparatif-appareil-de-massage/"">appareils de massage</a>, les <a href=""https://meilleurtest.fr/comparatif-coussin-de-shiatsu/"">coussins de shiatsu</a>, les <a href=""https://meilleurtest.fr/comparatif-appareil-de-massage-du-dos/"">masseurs du dos</a> et les <a href=""https://meilleurtest.fr/comparatif-fauteuil-massant/"">fauteuils massants</a>. Vous trouverez le siège massant le plus adapté à vos besoins.";"Ce guide vous permettra de choisir le meilleur siège massant pour vous détendre à domicile sans faire appel à un professionnel. Vous comparerez les modèles chauffants, à shiatsu et à vibrations selon vos zones de tension. Si vous cherchez un format plus compact ou ciblé, nos guides des <a href=""https://meilleurtest.fr/comparatif-appareil-de-massage/"">appareils de massage</a> couvrent des solutions portables pour tout le corps, les <a href=""https://meilleurtest.fr/comparatif-coussin-de-shiatsu/"">coussins de shiatsu</a> se posent sur n'importe quel siège existant, les <a href=""https://meilleurtest.fr/comparatif-appareil-de-massage-du-dos/"">masseurs du dos</a> ciblent spécifiquement les tensions dorsales, et les <a href=""https://meilleurtest.fr/comparatif-fauteuil-massant/"">fauteuils massants</a> offrent une expérience plus complète pour qui dispose de plus d'espace. Vous trouverez le siège massant le plus adapté à vos besoins."
"37392";"Les meilleures poussettes trio";"Nacelle, coque et poussette en un seul ensemble : la poussette trio couvre la naissance jusqu'aux premières années. Châssis, encombrement plié et compatibilité des pièces varient selon les marques. Si le format trio ne correspond pas à votre usage, consultez aussi nos guides sur <a href=""https://meilleurtest.fr/comparatif-poussette/"">les poussettes classiques</a>, <a href=""https://meilleurtest.fr/comparatif-poussette-double/"">les poussettes doubles</a> ou <a href=""https://meilleurtest.fr/comparatif-poussette-de-voyage/"">les poussettes de voyage</a>.";"Nacelle, coque et poussette en un seul ensemble : la poussette trio couvre la naissance jusqu'aux premières années. Châssis, encombrement plié et compatibilité des pièces varient selon les marques. Si vous n'avez pas besoin de la nacelle dès la naissance, <a href=""https://meilleurtest.fr/comparatif-poussette/"">les poussettes classiques</a> seront plus légères et moins coûteuses. Pour deux enfants rapprochés en âge, <a href=""https://meilleurtest.fr/comparatif-poussette-double/"">les poussettes doubles</a> répondront mieux à vos besoins, tandis que <a href=""https://meilleurtest.fr/comparatif-poussette-de-voyage/"">les poussettes de voyage</a> conviendront pour les déplacements grâce à leur format compact et pliable."
"37400";"Les meilleures basses électriques";"La basse électrique posera les fondations rythmiques de vos morceaux, du rock au funk en passant par le jazz. Un <a href=""https://meilleurtest.fr/comparatif-ampli-basse/"">ampli basse</a> sera indispensable pour projeter ses graves profonds. Un <a href=""https://meilleurtest.fr/comparatif-cable-de-guitare-electrique/"">câble de qualité</a> préservera le signal. Si vous préférez jouer sans amplification, une <a href=""https://meilleurtest.fr/comparatif-basse-acoustique/"">basse acoustique</a> conviendra. Les guitaristes débutants apprécieront notre guide de la <a href=""https://meilleurtest.fr/comparatif-guitare-electrique-pour-debutant/"">guitare électrique</a>. Ce guide vous permettra de trouver la basse électrique adaptée à votre jeu.";"La basse électrique posera les fondations rythmiques de vos morceaux, du rock au funk en passant par le jazz. Un <a href=""https://meilleurtest.fr/comparatif-ampli-basse/"">ampli basse</a> sera indispensable pour projeter ses graves profonds, et un <a href=""https://meilleurtest.fr/comparatif-cable-de-guitare-electrique/"">câble de qualité</a> préservera le signal jusqu'à l'ampli. Si vous préférez jouer sans amplification, une <a href=""https://meilleurtest.fr/comparatif-basse-acoustique/"">basse acoustique</a> conviendra. Si vous hésitez encore entre la basse et un instrument plus mélodique, notre guide de la <a href=""https://meilleurtest.fr/comparatif-guitare-electrique-pour-debutant/"">guitare électrique</a> pour débutants vous guidera dans ce choix. Ce guide vous permettra de trouver la basse électrique adaptée à votre jeu."
"37402";"Les meilleures croquettes pour chat";"Des croquettes adaptées feront toute la différence pour la santé de votre chat. Riches en protéines ou spécialisées, les formules varieront selon l’âge, le poids et l’état de santé de votre félin. Vous les comparerez avec des <a href=""https://meilleurtest.fr/comparatif-croquettes-pour-chat-sterilise/"">croquettes pour chat stérilisé</a>, des <a href=""https://meilleurtest.fr/comparatif-croquettes-pour-chat-sans-cereales/"">croquettes sans céréales</a>, de la <a href=""https://meilleurtest.fr/comparatif-nourriture-humide-pour-chat/"">nourriture humide</a> et une <a href=""https://meilleurtest.fr/comparatif-gamelle-pour-chat/"">gamelle adaptée</a> pour trouver les meilleures croquettes qui couvriront tous les besoins nutritionnels de votre chat.";"Des croquettes adaptées feront toute la différence pour la santé de votre chat. Riches en protéines ou spécialisées, les formules varieront selon l'âge, le poids et l'état de santé de votre félin. Si votre chat est stérilisé, tournez-vous vers nos <a href=""https://meilleurtest.fr/comparatif-croquettes-pour-chat-sterilise/"">croquettes pour chat stérilisé</a>, adaptées à ses besoins énergétiques réduits. En cas de sensibilité digestive, les <a href=""https://meilleurtest.fr/comparatif-croquettes-pour-chat-sans-cereales/"">croquettes sans céréales</a> ou la <a href=""https://meilleurtest.fr/comparatif-nourriture-humide-pour-chat/"">nourriture humide</a> constituent de bonnes alternatives. Pensez aussi à une <a href=""https://meilleurtest.fr/comparatif-gamelle-pour-chat/"">gamelle adaptée</a> pour que votre chat mange dans de bonnes conditions."
"37403";"Les meilleurs thermomètres extérieurs";"Le thermomètre extérieur vous permettra d'anticiper les variations météo et d'organiser vos activités en conséquence. Entre les modèles analogiques, numériques et connectés, le choix sera vaste. Ce guide vous permettra de sélectionner le modèle adapté. Vous pourrez le compléter par un <a href=""https://meilleurtest.fr/comparatif-thermometre-interieur/"">thermomètre intérieur</a>, un modèle <a href=""https://meilleurtest.fr/comparatif-thermometre-interieur-exterieur-sans-fil/"">intérieur extérieur sans fil</a> ou une <a href=""https://meilleurtest.fr/comparatif-station-meteo/"">station météo</a> complète pour vos thermomètres extérieurs.";"Le thermomètre extérieur vous permettra d'anticiper les variations météo et d'organiser vos activités en conséquence. Entre les modèles analogiques, numériques et connectés, le choix sera vaste, et ce guide vous permettra de sélectionner le modèle adapté. Pour suivre aussi la température de votre intérieur, un <a href=""https://meilleurtest.fr/comparatif-thermometre-interieur/"">thermomètre intérieur</a> complètera utilement votre équipement, ou optez directement pour un modèle <a href=""https://meilleurtest.fr/comparatif-thermometre-interieur-exterieur-sans-fil/"">intérieur extérieur sans fil</a> qui affiche les deux mesures sur un seul écran. Pour des prévisions plus détaillées comme la pression ou l'humidité, une <a href=""https://meilleurtest.fr/comparatif-station-meteo/"">station météo</a> complète ira plus loin."
"37408";"Les meilleurs poêles à bois Godin";"Godin conçoit des poêles à bois reconnus pour leur robustesse et leur faible consommation d'énergie. Vous trouverez dans la gamme des modèles adaptés à différentes surfaces et configurations de logement. Ce guide vous présentera les meilleures références de la marque. Parcourez aussi nos sélections de <a href=""https://meilleurtest.fr/comparatif-poele-a-bois-scandinave/"">poêles scandinaves</a>, de <a href=""https://meilleurtest.fr/comparatif-poele-a-bois-avec-four/"">poêles avec four</a>, de <a href=""https://meilleurtest.fr/comparatif-poele-a-bois-bouilleur/"">poêles bouilleurs</a> et de <a href=""https://meilleurtest.fr/comparatif-poele-a-granules-godin/"">poêles à granulés Godin</a>.";"Godin conçoit des poêles à bois reconnus pour leur robustesse et leur faible consommation d'énergie. Vous trouverez dans la gamme des modèles adaptés à différentes surfaces et configurations de logement. Ce guide vous présentera les meilleures références de la marque. Si le style scandinave vous séduit, direction notre comparatif des <a href=""https://meilleurtest.fr/comparatif-poele-a-bois-scandinave/"">poêles scandinaves</a>, pour cuisiner en même temps que vous chauffez, un <a href=""https://meilleurtest.fr/comparatif-poele-a-bois-avec-four/"">poêle avec four</a> s'impose, pour produire aussi de l'eau chaude, tournez-vous vers les <a href=""https://meilleurtest.fr/comparatif-poele-a-bois-bouilleur/"">poêles bouilleurs</a>, et si vous préférez les granulés à la bûche chez ce même fabricant, consultez notre sélection de <a href=""https://meilleurtest.fr/comparatif-poele-a-granules-godin/"">poêles à granulés Godin</a>."
"37419";"Les meilleurs babyphones";"Pleurs, température, bruits de fond : le babyphone capte les sons de la chambre de votre bébé et vous alerte en temps réel. Portée, autonomie et fonctions annexes séparent les modèles. Nous avons comparé les babyphones les plus fiables, parmi les <a href=""https://meilleurtest.fr/comparatif-babyphone-longue-portee/"">babyphones longue portée</a>, les <a href=""https://meilleurtest.fr/comparatif-babyphone-babymoov/"">babyphones Babymoov</a> et les <a href=""https://meilleurtest.fr/comparatif-camera-pour-bebe/"">caméras pour bébé</a>.";"Pleurs, température, bruits de fond : le babyphone capte les sons de la chambre de votre bébé et vous alerte en temps réel. Portée, autonomie et fonctions annexes séparent les modèles. Nous avons comparé les babyphones les plus fiables : pour surveiller votre enfant depuis une pièce éloignée ou un grand jardin, misez sur un <a href=""https://meilleurtest.fr/comparatif-babyphone-longue-portee/"">babyphone longue portée</a>, pour une marque reconnue en puériculture, les <a href=""https://meilleurtest.fr/comparatif-babyphone-babymoov/"">babyphones Babymoov</a> figurent parmi les références, et si vous souhaitez voir votre bébé en plus de l'entendre, une <a href=""https://meilleurtest.fr/comparatif-camera-pour-bebe/"">caméra pour bébé</a> complètera votre équipement."
"37425";"Les meilleures draisiennes";"La draisienne initiera votre enfant à l’équilibre sur deux roues, préparant en douceur la transition vers le vélo. Vous découvrirez dans ce guide les critères de poids, de hauteur de selle et de matériaux à examiner. Nos comparatifs de <a href=""https://meilleurtest.fr/comparatif-draisienne-bois/"">draisiennes en bois</a>, de <a href=""https://meilleurtest.fr/comparatif-draisienne-electrique/"">draisiennes électriques</a> et de <a href=""https://meilleurtest.fr/comparatif-tricycle-evolutif/"">tricycles évolutifs</a> compléteront votre recherche. Ce guide vous permettra de choisir les meilleures draisiennes.";"La draisienne initiera votre enfant à l’équilibre sur deux roues, préparant en douceur la transition vers le vélo. Vous découvrirez dans ce guide les critères de poids, de hauteur de selle et de matériaux à examiner. Pour une esthétique naturelle et durable, les <a href=""https://meilleurtest.fr/comparatif-draisienne-bois/"">draisiennes en bois</a> séduisent de nombreux parents, pour un coup de pouce sur les terrains vallonnés, les <a href=""https://meilleurtest.fr/comparatif-draisienne-electrique/"">draisiennes électriques</a> facilitent l'apprentissage, et si votre enfant n'est pas encore prêt pour deux roues, un <a href=""https://meilleurtest.fr/comparatif-tricycle-evolutif/"">tricycle évolutif</a> constitue une étape intermédiaire idéale. Ce guide vous permettra de choisir les meilleures draisiennes."
"37427";"Les meilleurs extincteurs d'intérieur";"Un extincteur d'intérieur vous permettra d'intervenir rapidement sur un début d'incendie avant l'arrivée des secours. Vous choisirez entre modèles à poudre, à eau ou à CO2 selon les risques dans votre logement. Vous l'associerez à un <a href=""https://meilleurtest.fr/comparatif-detecteur-de-fumee-connecte/"">détecteur de fumée connecté</a> et à un <a href=""https://meilleurtest.fr/comparatif-detecteur-de-radon/"">détecteur de radon</a>. Une <a href=""https://meilleurtest.fr/comparatif-alarme-maison-sans-abonnement/"">alarme maison</a> et une <a href=""https://meilleurtest.fr/comparatif-camera-de-surveillance-interieure/"">caméra de surveillance intérieure</a> renforceront votre protection. Ce guide vous permettra de dénicher le meilleur extincteur d'intérieur.";"Un extincteur d'intérieur vous permettra d'intervenir rapidement sur un début d'incendie avant l'arrivée des secours. Vous choisirez entre modèles à poudre, à eau ou à CO2 selon les risques dans votre logement. Pour une sécurité complète, associez-le à un <a href=""https://meilleurtest.fr/comparatif-detecteur-de-fumee-connecte/"">détecteur de fumée connecté</a> qui vous alertera sur votre smartphone dès les premiers signes de fumée, et à un <a href=""https://meilleurtest.fr/comparatif-detecteur-de-radon/"">détecteur de radon</a> qui surveille en continu ce gaz radioactif invisible pouvant s'accumuler dans les pièces mal ventilées. Une <a href=""https://meilleurtest.fr/comparatif-alarme-maison-sans-abonnement/"">alarme maison</a> dissuadera les intrusions et une <a href=""https://meilleurtest.fr/comparatif-camera-de-surveillance-interieure/"">caméra de surveillance intérieure</a> vous permettra de surveiller votre logement à distance, pour une protection qui couvre à la fois le feu, les gaz dangereux et les cambriolages. Ce guide vous permettra de dénicher le meilleur extincteur d'intérieur."
"37431";"Les meilleures jumelles";"Des jumelles de qualité vous permettront d'observer la faune et les paysages avec une netteté remarquable lors de vos randonnées. Ce guide vous présentera les modèles les plus performants selon le grossissement, le diamètre et la construction. Vous y trouverez la paire adaptée à la chasse, au tir ou à la nature, en complément d'un <a href=""https://meilleurtest.fr/comparatif-monoculaire/"">monoculaire</a>, d'une <a href=""https://meilleurtest.fr/comparatif-boussole/"">boussole</a>, d'une <a href=""https://meilleurtest.fr/comparatif-lampe-frontale/"">lampe frontale</a> et de bonnes <a href=""https://meilleurtest.fr/comparatif-chaussures-de-randonnee/"">chaussures de randonnée</a>.";"Des jumelles de qualité vous permettront d'observer la faune et les paysages avec une netteté remarquable lors de vos randonnées. Ce guide vous présentera les modèles les plus performants selon le grossissement, le diamètre et la construction. Vous y trouverez la paire adaptée à la chasse, au tir ou à l'observation de la nature. Pour les longues distances où le poids compte, un <a href=""https://meilleurtest.fr/comparatif-monoculaire/"">monoculaire</a> offre une alternative plus légère et discrète, une <a href=""https://meilleurtest.fr/comparatif-boussole/"">boussole</a> vous permettra de garder le cap une fois hors des sentiers balisés, une <a href=""https://meilleurtest.fr/comparatif-lampe-frontale/"">lampe frontale</a> prendra le relais si l'observation se prolonge après la tombée de la nuit, et de bonnes <a href=""https://meilleurtest.fr/comparatif-chaussures-de-randonnee/"">chaussures de randonnée</a> complèteront l'équipement pour parcourir sans peine des terrains accidentés."
"37435";"Les meilleurs arbres à chat pas cher";"L’arbre à chat servira de terrain de jeu et d’espace de repos pour votre félin. Votre compagnon y passera ses journées au lieu de griffer vos meubles. Un modèle abordable offrira griffoir, plateformes et couchage sans alourdir votre budget. Associé à un <a href=""https://meilleurtest.fr/comparatif-arbre-a-chat/"">arbre à chat</a> premium, un <a href=""https://meilleurtest.fr/comparatif-griffoir-a-chat/"">griffoir</a> dédié, des <a href=""https://meilleurtest.fr/comparatif-jouet-pour-chat/"">jouets pour chat</a> et une <a href=""https://meilleurtest.fr/comparatif-niches-pour-chat/"">niche</a> d’extérieur, le meilleur arbre à chat pas cher satisfera votre félin à petit prix.";"L'arbre à chat servira de terrain de jeu et d'espace de repos pour votre félin. Votre compagnon y passera ses journées au lieu de griffer vos meubles. Un modèle abordable offrira griffoir, plateformes et couchage sans alourdir votre budget. Si votre budget s'assouplit par la suite, un <a href=""https://meilleurtest.fr/comparatif-arbre-a-chat/"">arbre à chat</a> premium offrira des matériaux plus robustes et des plateformes plus nombreuses. Un <a href=""https://meilleurtest.fr/comparatif-griffoir-a-chat/"">griffoir</a> dédié complétera l'arbre à chat pour multiplier les surfaces à griffer dans la maison, des <a href=""https://meilleurtest.fr/comparatif-jouet-pour-chat/"">jouets pour chat</a> stimuleront votre compagnon entre deux siestes, et pour les chats qui passent du temps dehors, une <a href=""https://meilleurtest.fr/comparatif-niches-pour-chat/"">niche</a> d'extérieur leur offrira un abri au sec. Le meilleur arbre à chat pas cher satisfera ainsi votre félin à petit prix."
"37443";"Les meilleurs réveils enfant";"Un réveil enfant vous permettra de instaurer une routine de sommeil saine et à apprendre l'heure à votre petit de manière ludique. Avec ses alarmes douces, ses veilleuses intégrées et ses visuels colorés, il rendra les matins plus agréables. Plus adapté qu'un <a href=""https://meilleurtest.fr/comparatif-reveil/"">réveil classique</a> ou <a href=""https://meilleurtest.fr/comparatif-reveil-connecte/"">connecté</a> pour les plus jeunes, et utile aussi près de leur <a href=""https://meilleurtest.fr/comparatif-lampe-de-bureau/"">lampe de bureau</a>, ce guide vous permettra de dénicher le réveil enfant le plus éducatif.";"Un réveil enfant vous permettra d'instaurer une routine de sommeil saine et d'apprendre l'heure à votre petit de manière ludique. Avec ses alarmes douces, ses veilleuses intégrées et ses visuels colorés, il rendra les matins plus agréables. Il se révèle plus adapté qu'un <a href=""https://meilleurtest.fr/comparatif-reveil/"">réveil classique</a> ou <a href=""https://meilleurtest.fr/comparatif-reveil-connecte/"">réveil connecté</a> pour les plus jeunes, et trouve naturellement sa place sur le bureau, aux côtés d'une <a href=""https://meilleurtest.fr/comparatif-lampe-de-bureau/"">lampe de bureau</a> pour les devoirs du soir. Ce guide vous permettra de dénicher le réveil enfant le plus éducatif."
"37446";"Les meilleurs aliments hypoallergéniques pour chat";"Certains chats développeront des allergies alimentaires qui nuiront à leur santé et à leur confort. Un régime hypoallergénique éliminera les ingrédients problématiques et apaisera les symptômes. Vous identifierez l’allergène avec l’aide de votre vétérinaire pour trouver le bon aliment. Associé à des <a href=""https://meilleurtest.fr/comparatif-croquettes-pour-chat/"">croquettes classiques</a> en transition, des <a href=""https://meilleurtest.fr/comparatif-croquette-pour-chat-avec-problemes-urinaires/"">croquettes urinaires</a>, de la <a href=""https://meilleurtest.fr/comparatif-nourriture-humide-pour-chat/"">nourriture humide</a> et des <a href=""https://meilleurtest.fr/comparatif-croquettes-pour-chat-sans-cereales/"">croquettes sans céréales</a>, le meilleur aliment hypoallergénique préservera la santé de votre félin.";"Certains chats développeront des allergies alimentaires qui nuiront à leur santé et à leur confort. Un régime hypoallergénique éliminera les ingrédients problématiques et apaisera les symptômes. Vous identifierez l'allergène avec l'aide de votre vétérinaire pour trouver le bon aliment. Les céréales comptant parmi les allergènes les plus fréquents, les <a href=""https://meilleurtest.fr/comparatif-croquettes-pour-chat-sans-cereales/"">croquettes sans céréales</a> constituent souvent la première piste à explorer. Si votre chat cumule des troubles urinaires, tournez-vous plutôt vers des <a href=""https://meilleurtest.fr/comparatif-croquette-pour-chat-avec-problemes-urinaires/"">croquettes adaptées aux problèmes urinaires</a>, formulées pour ménager ses reins comme sa peau. En cas de digestion difficile, la <a href=""https://meilleurtest.fr/comparatif-nourriture-humide-pour-chat/"">nourriture humide</a> reste souvent mieux tolérée. Une fois l'allergène identifié, la réintroduction de <a href=""https://meilleurtest.fr/comparatif-croquettes-pour-chat/"">croquettes classiques</a> se fera progressivement, en transition et sous contrôle vétérinaire."
"37449";"Les meilleurs appareils de massage";"Ce guide vous présentera les meilleurs appareils de massage pour soulager vos douleurs musculaires et améliorer votre bien-être au quotidien. Vous comparerez des modèles à percussion, à pétrissage et à vibrations selon vos zones de tension. Pour affiner votre recherche, explorez nos comparatifs d'<a href=""https://meilleurtest.fr/comparatif-appareil-de-massage-portable/"">appareils portables</a>, de <a href=""https://meilleurtest.fr/comparatif-appareil-de-massage-du-dos/"">masseurs du dos</a>, de <a href=""https://meilleurtest.fr/comparatif-appareil-de-massage-du-cou/"">masseurs du cou</a> et de <a href=""https://meilleurtest.fr/comparatif-siege-massant/"">sièges massants</a>. Notre sélection vous guidera vers l’appareil de massage adapté à vos attentes.";"Ce guide vous présentera les meilleurs appareils de massage pour soulager vos douleurs musculaires et améliorer votre bien-être au quotidien. Vous comparerez des modèles à percussion, à pétrissage et à vibrations selon vos zones de tension. Pour un usage en déplacement, tournez-vous vers un <a href=""https://meilleurtest.fr/comparatif-appareil-de-massage-portable/"">appareil portable</a> ; si le dos concentre l'essentiel des tensions, un <a href=""https://meilleurtest.fr/comparatif-appareil-de-massage-du-dos/"">masseur du dos</a> ciblera mieux la zone, tandis qu'un <a href=""https://meilleurtest.fr/comparatif-appareil-de-massage-du-cou/"">masseur du cou</a> soulagera les raideurs liées aux longues heures devant un écran. Pour une détente plus globale à la maison ou au bureau, un <a href=""https://meilleurtest.fr/comparatif-siege-massant/"">siège massant</a> reste la solution la plus complète. Notre sélection vous guidera vers l'appareil de massage adapté à vos attentes."
"37461";"Les meilleurs détecteurs de fumée connectés";"Un détecteur de fumée connecté vous alertera en temps réel sur votre smartphone en cas de début d'incendie. Vous comparerez la fiabilité, l'autonomie et la compatibilité avec votre réseau domestique. Pour une protection complète, vous l'associerez à un <a href=""https://meilleurtest.fr/comparatif-extincteur-dinterieur/"">extincteur d'intérieur</a>, un <a href=""https://meilleurtest.fr/comparatif-detecteur-de-radon/"">détecteur de radon</a> et un <a href=""https://meilleurtest.fr/comparatif-detecteur-de-mouvement-exterieur/"">détecteur de mouvement extérieur</a>. Une <a href=""https://meilleurtest.fr/comparatif-alarme-maison-sans-fil/"">alarme maison sans fil</a> renforcera la sécurité. Ce guide vous permettra de choisir le meilleur détecteur de fumée connecté.";"Un détecteur de fumée connecté vous alertera en temps réel sur votre smartphone en cas de début d'incendie. Vous comparerez la fiabilité, l'autonomie et la compatibilité avec votre réseau domestique. Une fois l'alerte donnée, un <a href=""https://meilleurtest.fr/comparatif-extincteur-dinterieur/"">extincteur d'intérieur</a> vous permettra d'agir rapidement avant l'arrivée des secours. Pour surveiller les autres risques invisibles du logement, un <a href=""https://meilleurtest.fr/comparatif-detecteur-de-radon/"">détecteur de radon</a> complétera utilement votre équipement, tandis qu'un <a href=""https://meilleurtest.fr/comparatif-detecteur-de-mouvement-exterieur/"">détecteur de mouvement extérieur</a> et une <a href=""https://meilleurtest.fr/comparatif-alarme-maison-sans-fil/"">alarme maison sans fil</a> vous protégeront aussi contre les intrusions. Ce guide vous permettra de choisir le meilleur détecteur de fumée connecté."
"37464";"Les meilleurs appareils de massage du visage";"Ce guide vous accompagnera dans le choix du meilleur appareil de massage du visage pour tonifier votre peau et réduire les signes de fatigue. Vous y découvrirez des modèles à rouleaux, à microcourants et à vibrations soniques. Pour compléter votre routine, consultez nos guides sur les <a href=""https://meilleurtest.fr/comparatif-masseur-oculaire/"">masseurs oculaires</a>, les <a href=""https://meilleurtest.fr/comparatif-appareil-de-massage/"">appareils de massage</a> polyvalents et les <a href=""https://meilleurtest.fr/comparatif-appareil-anti-rides-visage/"">appareils anti-rides</a>. Notre sélection vous permettra de dénicher le masseur du visage le mieux adapté à vos besoins.";"Ce guide vous accompagnera dans le choix du meilleur appareil de massage du visage pour tonifier votre peau et réduire les signes de fatigue. Vous y découvrirez des modèles à rouleaux, à microcourants et à vibrations soniques. Si les cernes et les poches sous les yeux vous préoccupent particulièrement, un <a href=""https://meilleurtest.fr/comparatif-masseur-oculaire/"">masseur oculaire</a> ciblera cette zone plus délicate que le visage. Pour détendre aussi le cou et les épaules, un <a href=""https://meilleurtest.fr/comparatif-appareil-de-massage/"">appareil de massage</a> polyvalent élargira votre routine bien-être, et pour renforcer l'action anti-âge, un <a href=""https://meilleurtest.fr/comparatif-appareil-anti-rides-visage/"">appareil anti-rides</a> complétera efficacement le soin du visage. Notre sélection vous permettra de dénicher le masseur du visage le mieux adapté à vos besoins."
"37472";"Les meilleures enceintes d'extérieur";"Diffuser de la musique dans votre jardin, sur votre terrasse ou au bord de la piscine nécessitera des enceintes résistantes aux intempéries. Vous comparerez des modèles <a href=""https://meilleurtest.fr/comparatif-enceinte-bluetooth-etanche/"">Bluetooth étanches</a>, des <a href=""https://meilleurtest.fr/comparatif-enceinte-portable-a-batterie/"">enceintes portables à batterie</a> et des <a href=""https://meilleurtest.fr/comparatif-haut-parleur-marine/"">haut-parleurs marins</a>. Les <a href=""https://meilleurtest.fr/comparatif-enceinte-bluetooth-puissante/"">enceintes Bluetooth puissantes</a> assureront un bon volume en plein air. Ce guide vous permettra de choisir l'enceinte d'extérieur la plus adaptée.";"Diffuser de la musique dans votre jardin, sur votre terrasse ou au bord de la piscine nécessitera des enceintes résistantes aux intempéries. Près de l'eau ou sous la pluie, les <a href=""https://meilleurtest.fr/comparatif-enceinte-bluetooth-etanche/"">enceintes Bluetooth étanches</a> résisteront aux éclaboussures, tandis que les <a href=""https://meilleurtest.fr/comparatif-enceinte-portable-a-batterie/"">enceintes portables à batterie</a> vous suivront sans prise secteur lors de vos déplacements. En navigation, les <a href=""https://meilleurtest.fr/comparatif-haut-parleur-marine/"">haut-parleurs marins</a> résisteront aux embruns et aux vibrations. Pour sonoriser un grand jardin ou une terrasse spacieuse, les <a href=""https://meilleurtest.fr/comparatif-enceinte-bluetooth-puissante/"">enceintes Bluetooth puissantes</a> assureront un bon volume en plein air. Ce guide vous permettra de choisir l'enceinte d'extérieur la plus adaptée."
"37473";"Les meilleures gyroroues";"La gyroroue vous offrira un moyen de transport urbain compact et silencieux, idéal pour les trajets courts et les derniers kilomètres. Plus légère qu'un <a href=""https://meilleurtest.fr/comparatif-hoverboard/"">hoverboard</a> et plus maniable qu'un <a href=""https://meilleurtest.fr/comparatif-gyropode-tout-terrain/"">gyropode tout terrain</a>, elle se transportera facilement à la main. Ce guide vous présentera les meilleurs modèles et vous présentera aussi vers les <a href=""https://meilleurtest.fr/comparatif-rollers-electriques/"">rollers électriques</a> et les <a href=""https://meilleurtest.fr/comparatif-trottinette-electrique-pas-chere/"">trottinettes électriques pas chères</a> pour vos déplacements quotidiens.";"La gyroroue vous offrira un moyen de transport urbain compact et silencieux, idéal pour les trajets courts et les derniers kilomètres. Plus légère qu'un <a href=""https://meilleurtest.fr/comparatif-hoverboard/"">hoverboard</a> et plus maniable qu'un <a href=""https://meilleurtest.fr/comparatif-gyropode-tout-terrain/"">gyropode tout terrain</a>, elle se transportera facilement à la main. Ce guide vous permettra de choisir les meilleurs modèles, et si vous cherchez d'autres solutions pour vos trajets du quotidien, les <a href=""https://meilleurtest.fr/comparatif-rollers-electriques/"">rollers électriques</a> offriront plus de liberté de mouvement en zone piétonne, tandis que les <a href=""https://meilleurtest.fr/comparatif-trottinette-electrique-pas-chere/"">trottinettes électriques pas chères</a> conviendront pour un premier achat économique."
"37481";"Les meilleures cartes à jouer";"Les cartes à jouer vous accompagneront dans une multitude de jeux, du poker au bridge en passant par la belote. Leur qualité de fabrication et leur design influenceront votre confort de prise en main. Ce guide vous permettra de choisir les meilleures cartes à jouer, un indispensable aux côtés des <a href=""https://meilleurtest.fr/comparatif-trivial-pursuit/"">Trivial Pursuit</a>, des <a href=""https://meilleurtest.fr/comparatif-jeu-de-societe-famille/"">jeux de société en famille</a> et des <a href=""https://meilleurtest.fr/comparatif-jeux-de-societe-strategie/"">jeux de stratégie</a>.";"Les cartes à jouer vous accompagneront dans une multitude de jeux, du poker au bridge en passant par la belote. Leur qualité de fabrication et leur design influenceront votre confort de prise en main. Ce guide vous permettra de choisir les meilleures cartes à jouer, un classique à glisser dans le placard à jeux aux côtés d'un <a href=""https://meilleurtest.fr/comparatif-trivial-pursuit/"">Trivial Pursuit</a> pour les soirées culture générale, de <a href=""https://meilleurtest.fr/comparatif-jeu-de-societe-famille/"">jeux de société en famille</a> pour réunir petits et grands, et de <a href=""https://meilleurtest.fr/comparatif-jeux-de-societe-strategie/"">jeux de stratégie</a> pour les amateurs de réflexion."
"37486";"Les meilleurs Trivial Pursuit";"Le Trivial Pursuit vous fera voyager à travers six catégories de culture générale pour des parties animées en famille ou entre amis. Chaque édition proposera des questions adaptées à différents âges et centres d'intérêt. Ce guide vous permettra de choisir les meilleurs Trivial Pursuit, un classique à retrouver aux côtés des <a href=""https://meilleurtest.fr/comparatif-jeu-de-societe-famille/"">jeux de société en famille</a>, des <a href=""https://meilleurtest.fr/comparatif-jeux-de-societe-strategie/"">jeux de stratégie</a> et des <a href=""https://meilleurtest.fr/comparatif-carte-a-jouer/"">cartes à jouer</a>.";"Le Trivial Pursuit vous fera voyager à travers six catégories de culture générale pour des parties animées en famille ou entre amis. Chaque édition proposera des questions adaptées à différents âges et centres d'intérêt. Ce guide vous permettra de choisir les meilleurs Trivial Pursuit, et pour varier les plaisirs les soirs de jeux, complétez votre ludothèque avec nos <a href=""https://meilleurtest.fr/comparatif-jeu-de-societe-famille/"">jeux de société en famille</a> pour les tablées mélangeant petits et grands, nos <a href=""https://meilleurtest.fr/comparatif-jeux-de-societe-strategie/"">jeux de stratégie</a> pour les amateurs de réflexion, et un jeu de <a href=""https://meilleurtest.fr/comparatif-carte-a-jouer/"">cartes à jouer</a> toujours utile pour improviser une partie."
"37511";"Les meilleures lampes torches puissantes";"Une lampe torche puissante sera indispensable pour vos sorties en plein air, vos travaux de nuit ou vos sessions de plongée. Ce guide vous présentera les modèles offrant le meilleur éclairage selon la puissance, la portée et l'autonomie. Un <a href=""https://meilleurtest.fr/comparatif-lampe-torche-tactique/"">modèle tactique</a> résistera aux conditions extrêmes, et une <a href=""https://meilleurtest.fr/comparatif-lampe-torche-pile-aaa/"">lampe à piles AAA</a> dépannera sans recharge. Pour libérer vos mains en randonnée, une <a href=""https://meilleurtest.fr/comparatif-lampe-frontale/"">lampe frontale</a> sera plus pratique. Pensez aussi à emporter une bonne <a href=""https://meilleurtest.fr/comparatif-glaciere/"">glacière</a> pour vos provisions de camping.";"Une lampe torche puissante sera indispensable pour vos sorties en plein air, vos travaux de nuit ou vos sessions de plongée. Ce guide vous présentera les modèles offrant le meilleur éclairage selon la puissance, la portée et l'autonomie. Un <a href=""https://meilleurtest.fr/comparatif-lampe-torche-tactique/"">modèle tactique</a> résistera aux conditions extrêmes, et une <a href=""https://meilleurtest.fr/comparatif-lampe-torche-pile-aaa/"">lampe à piles AAA</a> dépannera sans recharge. Pour libérer vos mains en randonnée, une <a href=""https://meilleurtest.fr/comparatif-lampe-frontale/"">lampe frontale</a> sera plus pratique. Pour les longues sorties en camping, pensez aussi à emporter une <a href=""https://meilleurtest.fr/comparatif-glaciere/"">glacière</a> capable de conserver vos provisions au frais pendant plusieurs jours."
"37516";"Les meilleurs livres photo";"Ce guide vous présentera les meilleurs livres photo pour préserver vos souvenirs dans un format élégant et personnalisé. Vous y comparerez les formats, les types de papier et les options de mise en page disponibles. Pour mettre en valeur vos clichés, vous découvrirez aussi nos guides sur les <a href=""https://meilleurtest.fr/comparatif-cadre-photo-numerique/"">cadres photo numériques</a>, les <a href=""https://meilleurtest.fr/comparatif-cadre-photo/"">cadres photo</a> classiques et les <a href=""https://meilleurtest.fr/comparatif-livre-eveil-bebe/"">livres d'éveil bébé</a> parfaits pour compléter votre livre photo de famille.";"Ce guide vous présentera les meilleurs livres photo pour préserver vos souvenirs dans un format élégant et personnalisé. Vous y comparerez les formats, les types de papier et les options de mise en page disponibles. Pour mettre en valeur vos clichés une fois imprimés, consultez aussi nos comparatifs des <a href=""https://meilleurtest.fr/comparatif-cadre-photo-numerique/"">cadres photo numériques</a> et des <a href=""https://meilleurtest.fr/comparatif-cadre-photo/"">cadres photo</a> classiques. Si votre album retrace les premiers mois de votre enfant, notre comparatif des <a href=""https://meilleurtest.fr/comparatif-livre-eveil-bebe/"">livres d'éveil bébé</a> complétera idéalement ce cadeau de naissance."
"37517";"Les meilleurs livrets boostés";"Ce guide vous permettra de comparer les meilleurs livrets boostés pour optimiser votre épargne à court terme. Vous y analyserez les taux promotionnels, les plafonds et les conditions de chaque offre. Pour une stratégie complète, vous consulterez aussi notre comparatif des <a href=""https://meilleurtest.fr/comparatif-livret-epargne-banque-taux/"">livrets d'épargne</a> au meilleur taux, nos <a href=""https://meilleurtest.fr/comparatif-livre-de-cuisine/"">livres de cuisine</a> pour vos loisirs et nos <a href=""https://meilleurtest.fr/comparatif-lunettes-de-lecture/"">lunettes de lecture</a> pour étudier les conditions de vos livrets boostés.";"Ce guide vous permettra de comparer les meilleurs livrets boostés pour optimiser votre épargne à court terme. Vous y analyserez les taux promotionnels, les plafonds et les conditions de chaque offre. Pour une stratégie d'épargne complète, comparez-les aussi à notre sélection de <a href=""https://meilleurtest.fr/comparatif-livret-epargne-banque-taux/"">livrets d'épargne</a> au meilleur taux sur le plus long terme. Les intérêts gagnés grâce à ces taux boostés peuvent ensuite financer de petits plaisirs, comme un nouveau <a href=""https://meilleurtest.fr/comparatif-livre-de-cuisine/"">livre de cuisine</a> pour varier vos recettes, ou de bonnes <a href=""https://meilleurtest.fr/comparatif-lunettes-de-lecture/"">lunettes de lecture</a> confortables pour éplucher tranquillement les conditions générales de votre contrat."
