ID;post_title;_post_permalink;category;mltv5_introduction;mltv5_new_intro
42722;Les meilleurs écouteurs intra-auriculaires à réduction de bruit;https://meilleurtest.fr/comparatif-ecouteurs-intra-auriculaires-a-reduction-de-bruit/;Audio;Vous êtes dans le bus, entouré de conversations, de moteurs bruyants et de klaxons. Une chose est sûre, cela devient impossible d’écouter un podcast sans monter le volume au maximum. Face à ce genre de situation, les écouteurs intra-auriculaires à réduction de bruit changent la donne. Grâce à leurs micros intégrés, ils détectent les sons extérieurs et les neutralisent avant qu’ils n’atteignent vos oreilles. Mais quels écouteurs à réduction de bruit acheter et à quel prix ? Pour le savoir, lisez notre guide d'achat. Vous y trouverez la paire idéale pour enfin écouter vos contenus en paix.;"Les écouteurs intra-auriculaires à réduction de bruit combinent compacité et isolation sonore active pour une écoute sereine au quotidien. Plus discrets qu'un <a href=""https://meilleurtest.fr/comparatif-casques-a-reduction-de-bruit/"">casque à réduction de bruit</a>, ils se glissent dans une poche. Des modèles performants existent <a href=""https://meilleurtest.fr/comparatif-ecouteurs-a-reduction-de-bruit-a-moins-de-100-euros/"">à moins de 100 euros</a>, y compris en version <a href=""https://meilleurtest.fr/comparatif-ecouteurs-intra-auriculaires-sans-fil/"">sans fil</a>. Ce guide vous aidera à trouver les meilleurs intra-auriculaires à réduction de bruit."
42676;Les meilleurs casques Sony;https://meilleurtest.fr/comparatif-casque-sony/;Audio;"Le monde du son mérite mieux que des grésillements. Pour dire adieu aux sons plats et redécouvrir le plaisir d’écouter, vous pouvez passer au niveau Sony. Avec un tel <a href=""https://meilleurtest.fr/comparatif-casque-audio/"">casque audio</a>, vous profiterez de basses qui claquent, d’une isolation parfaite grâce à la réduction de bruit active ANC, d’une connexion sans fil fluide, d’un confort qui dure, d’un rendu sonore fidèle et d’un style qui en jette. <a href=""https://meilleurtest.fr/comparatif-casque-bluetooth-sony/"">Sans fil Bluetooth</a>, filaire, gaming, ou ANC, si vous voulez transformer chaque écoute en expérience sensorielle, trouvez votre casque Sony parmi ceux de notre guide.";"Sony propose une gamme de casques couvrant tous les usages, du modèle <a href=""https://meilleurtest.fr/comparatif-casque-bluetooth-sony/"">Bluetooth à réduction de bruit</a> au casque de studio. Chaque référence mise sur la qualité sonore caractéristique de la marque. Que vous privilégiez un <a href=""https://meilleurtest.fr/comparatif-casque-sony-sans-fil/"">casque sans fil</a> pour vos déplacements ou un modèle <a href=""https://meilleurtest.fr/comparatif-casque-audio-filaire/"">filaire</a> pour l'écoute sédentaire, ce guide vous orientera vers le casque Sony qui correspond à votre profil."
42597;Les meilleurs écouteurs intra-auriculaires sans fil;https://meilleurtest.fr/comparatif-ecouteurs-intra-auriculaires-sans-fil/;Audio;Qui n’a pas eu envie de hurler, ne serait-ce qu'une fois, en démêlant les câbles d'un écouteur ou d'un casque audio ? Qui a déjà raté un appel parce que les écouteurs sont restés au fond du sac ? Les écouteurs intra-auriculaires sans fil changent la donne : connexion Bluetooth directe, boîtier de recharge compact, et un son qui vous accompagne partout. Certains modèles haut de gamme filtrent même les bruits environnants tandis que d’autres boostent les basses ou s’adaptent à votre voix. Vous voulez savoir lesquels valent vraiment le coup ? Lisez ce guide d'achat.;"Les écouteurs intra-auriculaires sans fil offrent une liberté de mouvement totale grâce à l'absence de câble. Leur format compact les rend idéaux pour le <a href=""https://meilleurtest.fr/comparatif-ecouteurs-sans-fil-pour-le-sport/"">sport</a> comme pour les trajets quotidiens. Certains modèles intègrent une <a href=""https://meilleurtest.fr/comparatif-ecouteurs-intra-auriculaires-a-reduction-de-bruit/"">réduction de bruit active</a>, tandis que d'autres privilégient l'autonomie ou la qualité <a href=""https://meilleurtest.fr/comparatif-ecouteurs-pour-audiophiles/"">audiophile</a>. Ce guide vous aidera à choisir les intra-auriculaires sans fil les plus adaptés."
42547;Les meilleurs amplis tuners CD;https://meilleurtest.fr/comparatif-ampli-tuner-cd/;Audio;"<span class=""_fadeIn_m1hgl_8"">Pas facile de </span><span class=""_fadeIn_m1hgl_8"">jongler </span><span class=""_fadeIn_m1hgl_8"">entre </span><span class=""_fadeIn_m1hgl_8"">plusieurs </span><span class=""_fadeIn_m1hgl_8"">appareils </span><span class=""_fadeIn_m1hgl_8"">pour </span><span class=""_fadeIn_m1hgl_8"">profiter </span><span class=""_fadeIn_m1hgl_8"">des vieux</span><span class=""_fadeIn_m1hgl_8""> </span><span class=""_fadeIn_m1hgl_8"">CD, </span><span class=""_fadeIn_m1hgl_8"">de </span><span class=""_fadeIn_m1hgl_8"">la </span><span class=""_fadeIn_m1hgl_8"">radio </span><span class=""_fadeIn_m1hgl_8"">et </span><span class=""_fadeIn_m1hgl_8"">de </span><span class=""_fadeIn_m1hgl_8"">la </span><span class=""_fadeIn_m1hgl_8"">musique </span><span class=""_fadeIn_m1hgl_8"">en </span><span class=""_fadeIn_m1hgl_8"">streaming. </span><span class=""_fadeIn_m1hgl_8"">L'</span><span class=""_fadeIn_m1hgl_8"">ampli </span><span class=""_fadeIn_m1hgl_8"">tuner </span><span class=""_fadeIn_m1hgl_8"">CD </span><span class=""_fadeIn_m1hgl_8"">réunit </span><span class=""_fadeIn_m1hgl_8"">toutes ces fonctions </span><span class=""_fadeIn_m1hgl_8"">dans </span><span class=""_fadeIn_m1hgl_8"">un </span><span class=""_fadeIn_m1hgl_8"">seul </span><span class=""_fadeIn_m1hgl_8"">boîtier, </span><span class=""_fadeIn_m1hgl_8"">sans </span><span class=""_fadeIn_m1hgl_8"">compromis </span><span class=""_fadeIn_m1hgl_8"">sur </span><span class=""_fadeIn_m1hgl_8"">la </span><span class=""_fadeIn_m1hgl_8"">qualité </span><span class=""_fadeIn_m1hgl_8"">du son. </span><span class=""_fadeIn_m1hgl_8"">Certains </span><span class=""_fadeIn_m1hgl_8"">appareils </span><span class=""_fadeIn_m1hgl_8"">intègrent </span><span class=""_fadeIn_m1hgl_8"">même la liaison sans fil </span><span class=""_fadeIn_m1hgl_8"">Bluetooth, le </span><span class=""_fadeIn_m1hgl_8"">DAB+ </span><span class=""_fadeIn_m1hgl_8"">et diverses </span><span class=""_fadeIn_m1hgl_8"">fonctions </span><span class=""_fadeIn_m1hgl_8"">réseau, </span><span class=""_fadeIn_m1hgl_8"">ce </span><span class=""_fadeIn_m1hgl_8"">qui </span><span class=""_fadeIn_m1hgl_8"">en </span><span class=""_fadeIn_m1hgl_8"">fait </span><span class=""_fadeIn_m1hgl_8"">de </span><span class=""_fadeIn_m1hgl_8"">véritables </span><span class=""_fadeIn_m1hgl_8"">centres </span><span class=""_fadeIn_m1hgl_8"">audio </span><span class=""_fadeIn_m1hgl_8"">domestiques. </span><span class=""_fadeIn_m1hgl_8"">Et </span><span class=""_fadeIn_m1hgl_8"">quand </span><span class=""_fadeIn_m1hgl_8"">on </span><span class=""_fadeIn_m1hgl_8"">sait </span><span class=""_fadeIn_m1hgl_8"">que </span><span class=""_fadeIn_m1hgl_8"">les </span><span class=""_fadeIn_m1hgl_8"">meilleurs amplis tuners CD </span><span class=""_fadeIn_m1hgl_8"">offrent </span><span class=""_fadeIn_m1hgl_8"">un </span><span class=""_fadeIn_m1hgl_8"">son </span><span class=""_fadeIn_m1hgl_8"">bien </span><span class=""_fadeIn_m1hgl_8"">plus </span><span class=""_fadeIn_m1hgl_8"">raffiné </span><span class=""_fadeIn_m1hgl_8"">que les</span><span class=""_fadeIn_m1hgl_8""> </span><span class=""_fadeIn_m1hgl_8"">enceintes </span><span class=""_fadeIn_m1hgl_8"">sans fil, il n'y a même pas à débattre</span><span class=""_fadeIn_m1hgl_8"">. </span><span class=""_fadeIn_m1hgl_8"">Quel </span><span class=""_fadeIn_m1hgl_8"">modèle </span><span class=""_fadeIn_m1hgl_8"">se </span><span class=""_fadeIn_m1hgl_8"">distingue </span><span class=""_fadeIn_m1hgl_8"">vraiment </span><span class=""_fadeIn_m1hgl_8"">à </span><span class=""_fadeIn_m1hgl_8"">l’écoute ? Pour le savoir, lisez notre guide d'achat.</span>";"Un ampli tuner CD regroupe amplificateur, tuner radio et lecteur CD en un seul appareil, idéal pour une <a href=""https://meilleurtest.fr/comparatif-chaine-hifi/"">chaîne hi-fi</a> compacte. Ce format tout-en-un simplifie l'installation par rapport à un <a href=""https://meilleurtest.fr/comparatif-ampli-tuner/"">ampli tuner</a> et un lecteur séparés. Associé à de bonnes <a href=""https://meilleurtest.fr/comparatif-enceinte-hifi/"">enceintes hi-fi</a>, il délivrera un son convaincant. Ce guide vous aidera à choisir le meilleur ampli tuner CD."
42512;Les meilleurs récepteurs bluetooth pour ampli HiFi;https://meilleurtest.fr/comparatif-recepteur-bluetooth-pour-ampli-hifi/;Audio;Il est possible de brancher un ampli HiFi à un smartphone sans sacrifier la qualité audio… à condition de choisir le bon récepteur bluetooth pour ampli HiFi et d'avoir un codec audio compatible sur ledit smartphone. Et attention, trop de modèles compressent à outrance, génèrent de la latence ou saturent dès qu’on monte le volume. Un bon récepteur bluetooth pour ampli HiFi résout ces problèmes à la racine et redonne à votre chaîne haute fidélité sa place à l’ère du sans-fil. Certains vont même jusqu’à transmettre un son Hi-Res d’une qualité bluffante. Le plus difficile, c’est de trouver le récepteur bluetooth pour ampli HiFi adapté à vos besoins. Raison pour laquelle nous vous invitons à découvrir ce guide d'achat.;"Un récepteur Bluetooth pour ampli hi-fi permet de diffuser sans fil la musique de votre téléphone vers votre installation existante. C'est la solution la plus simple pour moderniser un <a href=""https://meilleurtest.fr/comparatif-ampli-hifi/"">ampli hi-fi</a> classique sans le remplacer. Contrairement à un <a href=""https://meilleurtest.fr/comparatif-ampli-hifi-connecte/"">ampli connecté</a>, il s'ajoute à votre équipement actuel. Ce guide vous aidera à choisir le meilleur récepteur Bluetooth pour <a href=""https://meilleurtest.fr/comparatif-enceinte-hifi/"">votre système hi-fi</a>."
42508;Les meilleurs systèmes multiroom;https://meilleurtest.fr/comparatif-systeme-multiroom/;Audio;Passer d’une pièce à l’autre sans que la musique s’interrompe et sans latence, voilà ce que permet un vrai système multiroom. En plus, vous écouter la même chanson dans toute la maison ou une chanson différente pour chaque pièce. Cependant, entre les fausses promesses de certaines marques, les coupures intempestives, les applications mal pensées ou les délais de synchronisation agaçants, l’expérience d'écoute peut rapidement tourner à la déception. Pour leurs meilleurs modèles, les marques de référence (Sonos, Denon, JBL...) misent sur une diffusion sans latence, une compatibilité étendue et une utilisation simplifiée, notamment la synchronisation. Mais quel système multiroom choisir et à quel prix ? Pour le savoir, lisez notre guide d'achat.;"Un système multiroom diffuse la musique dans plusieurs pièces de votre logement, avec un contrôle centralisé depuis votre téléphone. Chaque <a href=""https://meilleurtest.fr/comparatif-enceinte-wifi/"">enceinte Wi-Fi</a> fonctionne de manière indépendante ou synchronisée selon vos envies. Certains systèmes s'intègrent aux assistants vocaux des <a href=""https://meilleurtest.fr/comparatif-enceinte-connectee-intelligente/"">enceintes connectées</a> et se complètent avec un <a href=""https://meilleurtest.fr/comparatif-streamer-hifi-audiophile/"">streamer hi-fi</a> pour les pièces principales. Ce guide vous aidera à composer le système multiroom adapté à votre habitat."
42501;Les meilleurs amplis casque audiophiles;https://meilleurtest.fr/comparatif-ampli-casque-audiophile/;Audio;"Comme le bon vin, il faut savourer le son. Si votre casque produit son trop plat ou si vous prévoyez d'utiliser le casque en studio, rajoutez sur <a href=""https://meilleurtest.fr/comparatif-ampli-pour-casque/"">un ampli casque</a> audiophile pour obtenir un meilleur rendu. Cet accessoire incontournable est capable de libérer tout le potentiel du casque en vue de décupler la puissance et la précision sonore. Il peut même corriger le manque de volume et révèle chaque détail pour plus de frissons, une meilleure dynamique et une restitution fidèle. Portable, sédentaire (de salon) ou à lampes ? Révélez chaque note en découvrant notre sélection des meilleurs amplis casque audiophiles.";"Un ampli casque audiophile révèle le potentiel sonore de votre <a href=""https://meilleurtest.fr/comparatif-casque-hifi/"">casque hi-fi</a> en lui fournissant une amplification dédiée et précise. Associé à un <a href=""https://meilleurtest.fr/comparatif-dac-audiophile/"">DAC audiophile</a>, il constitue la base d'une chaîne d'écoute au casque haut de gamme. Certains modèles combinent les deux fonctions dans un <a href=""https://meilleurtest.fr/comparatif-amplificateur-dac-pour-casque-audio/"">amplificateur-DAC intégré</a>. Ce guide vous orientera vers l'ampli casque audiophile qui sublimera votre écoute."
42463;Les meilleurs streamers HiFi audiophiles;https://meilleurtest.fr/comparatif-streamer-hifi-audiophile/;Audio;"Le streamer <a href=""https://meilleurtest.fr/comparatif-chaine-hifi-bluetooth/"">HiFi audiophile</a> diffuse de la musique en haute résolution depuis des plateformes en ligne ou vos fichiers en local. Connecté à votre réseau domestique, il diffuse les morceaux de votre choix, généralement grâce à son DAC intégré. Au-delà de son rôle initial de passerelle audio, ce boîtier permet la restitution fidèle du son, donne accès aux meilleurs services de streaming musical et offre un contrôle fluide. Modèle tout-en-un ? Avec ou sans DAC intégré ? Multiroom ? Trouvez votre bonheur à travers notre guide d'achat des meilleurs streamers HiFi audiophiles et découvrez nos conseils pratiques pour faire le bon choix.";"Un streamer hi-fi audiophile donne accès à vos plateformes musicales et fichiers haute résolution avec une qualité de conversion supérieure. Intégré à une <a href=""https://meilleurtest.fr/comparatif-chaine-hifi/"">chaîne hi-fi</a>, il remplace avantageusement un lecteur CD. Couplé à un bon <a href=""https://meilleurtest.fr/comparatif-dac-audiophile/"">DAC</a> et à un <a href=""https://meilleurtest.fr/comparatif-ampli-hifi/"">ampli hi-fi</a> de qualité, il formera un ensemble cohérent. Ce guide vous aidera à choisir le streamer audiophile adapté à votre installation."
42462;Les meilleurs postes radio DAB+;https://meilleurtest.fr/comparatif-poste-radio-dab-plus/;Audio;Contrairement à la radio FM classique, le poste radio DAB+ donne accès à un vaste choix de stations par diffusion numérique, notamment sur Internet. C’est le meilleur choix pour écouter en continu vos émissions radio favorites, y compris les podcasts. Et à l'inverse des radios hertziennes qui souffrent parfois d'interférences ou de mauvais signal, le son d'un poste DAB+ est parfaitement clair. Si l'idée vous intéresse, découvrez notre sélection des meilleurs postes radio DAB+ pour cette année.;"Le poste radio DAB+ capte la radio numérique terrestre, offrant un son plus clair et un choix de stations plus large que la FM analogique. Certains modèles intègrent une connexion <a href=""https://meilleurtest.fr/comparatif-radio-internet-wifi/"">Wi-Fi pour la radio internet</a>, un lecteur <a href=""https://meilleurtest.fr/comparatif-radio-cd-usb/"">CD ou USB</a>, voire une fonction <a href=""https://meilleurtest.fr/comparatif-radio-reveil-projecteur/"">réveil</a>. Ce guide vous aidera à choisir le poste radio DAB+ adapté à votre pièce et à vos habitudes d'écoute."
42432;Les meilleurs récepteurs bluetooth pour chaîne Hifi;https://meilleurtest.fr/comparatif-recepteur-bluetooth-pour-chaine-hifi/;Audio;On peut avoir une excellente chaîne Hifi et souffrir des limitations liées aux contraintes de connexion, en particulier les liaisons sans fil. Entre les smartphones sans prise Jack et les ordinateurs dépourvus de sortie audio, écouter de la musique peut rapidement devenir frustrant. Un récepteur Bluetooth pour chaîne Hifi permet de retrouver polyvalence (chaîne, enceintes actives, ampli, table de mixage...), liberté et qualité sonore, sans que cela vous coûte un bras. Pour éviter les modèles décevants et profiter du meilleur son sans fil, découvrez notre sélection des meilleurs récepteurs bluetooth pour chaîne Hifi en ce moment.;"Un récepteur Bluetooth pour chaîne hi-fi transforme votre <a href=""https://meilleurtest.fr/comparatif-chaine-hifi/"">installation existante</a> en système sans fil, sans changer d'équipement. Il suffit de le brancher sur une entrée auxiliaire pour diffuser la musique depuis votre téléphone. Moins coûteux qu'un <a href=""https://meilleurtest.fr/comparatif-ampli-hifi-connecte/"">ampli connecté</a>, il se combine aussi avec un <a href=""https://meilleurtest.fr/comparatif-emetteur-bluetooth/"">émetteur Bluetooth</a>. Ce guide vous aidera à trouver le meilleur récepteur Bluetooth pour chaîne hi-fi."
42152;Les meilleurs DAC audiophiles en 2025;https://meilleurtest.fr/comparatif-dac-audiophile/;Audio;Vous êtes un audiophile à la recherche de la meilleure qualité sonore ? Il vous faudra sans doute un DAC audiophile pour cela. Plus connue sous l’appellation <em>Digital Analog Converter</em> ou bien convertisseur numérique vers analogique, ce petit dispositif se place aussi bien sur un PC que sur un lecteur audio. Afin de faire le bon choix, fiez-vous à notre guide des meilleurs DAC audiophiles pour cette année.;"Un DAC audiophile convertit le signal numérique en analogique avec une précision supérieure à celle des puces intégrées dans les téléphones ou ordinateurs. Associé à un <a href=""https://meilleurtest.fr/comparatif-ampli-casque-audiophile/"">ampli casque</a> et à un <a href=""https://meilleurtest.fr/comparatif-casque-hifi/"">casque hi-fi</a>, il révèle les détails des enregistrements haute résolution. Les modèles <a href=""https://meilleurtest.fr/comparatif-dac-usb/"">DAC USB</a> portables conviennent aussi aux auditeurs nomades. Ce guide vous aidera à choisir le DAC audiophile adapté à votre écoute."
42145;Les meilleurs écouteurs sans fil non intra-auriculaires;https://meilleurtest.fr/comparatif-ecouteurs-sans-fil-non-intra-auriculaires/;Audio;"Les écouteurs sans fil intra-auriculaires ou <a href=""https://meilleurtest.fr/comparatif-ecouteur-true-wireless/"">true wireless</a> deviennent inconfortables au fil des utilisations. Les casques supra-auriculaires, pour leur part, entraînent une transpiration et irritent les oreilles. La solution pour écouter de la musique tout en restant conscient de ce qui vous entoure ? Des écouteurs sans fil non intra-auriculaires bien sûr ! Alors, écouteurs à conduction aérienne ou à conduction osseuse, lesquels vous intéressent ? Trouvez ce qu'il faut et comment bien chercher en parcourant notre guide d'achat.";"Les écouteurs sans fil non intra-auriculaires se posent dans le pavillon de l'oreille sans pénétrer le conduit auditif, un format plus confortable pour de longues écoutes. Moins isolants que des <a href=""https://meilleurtest.fr/comparatif-ecouteurs-intra-auriculaires-sans-fil/"">intra-auriculaires</a>, ils laissent percevoir l'environnement. Les modèles à <a href=""https://meilleurtest.fr/comparatif-ecouteurs-a-conduction-osseuse/"">conduction osseuse</a> poussent ce principe plus loin. Ce guide vous orientera vers les écouteurs sans fil <a href=""https://meilleurtest.fr/comparatif-ecouteur-true-wireless/"">true wireless</a> non intra les plus convaincants."
42087;Les meilleures enceintes Wifi;https://meilleurtest.fr/comparatif-enceinte-wifi/;Audio;"Vous en avez assez des câbles emmêlés et des contraintes liées aux systèmes audio classiques ? Dans ce cas, vous adorerez l'enceinte Wifi. En plus de vous faire profiter d’une qualité sonore exceptionnelle, ce <a href=""https://meilleurtest.fr/comparatif-enceinte-connectee-intelligente"">haut-parleur connecté</a> propose une portée de signal élevée (typiquement 30 mètres), l’accès illimité à du contenu musical et la possibilité d’interagir avec des assistants vocaux comme Amazon Alexa. Préparez-vous à redéfinir votre façon d'écouter vos morceaux de musique en consultant ce guide d'achat.";"Une enceinte Wi-Fi se connecte à votre réseau domestique pour diffuser la musique depuis vos plateformes de streaming avec une qualité supérieure au Bluetooth. Plusieurs enceintes Wi-Fi peuvent former un <a href=""https://meilleurtest.fr/comparatif-systeme-multiroom/"">système multiroom</a> couvrant tout le logement. Certaines intègrent un assistant vocal comme les <a href=""https://meilleurtest.fr/comparatif-enceinte-connectee-intelligente/"">enceintes connectées</a> et rivalisent avec les meilleures <a href=""https://meilleurtest.fr/comparatif-enceinte-bluetooth/"">enceintes Bluetooth</a>. Ce guide vous aidera à choisir l'enceinte Wi-Fi adaptée à votre usage."
42067;Les meilleures enceintes pour voiture;https://meilleurtest.fr/comparatif-enceinte-pour-voiture/;Audio;"Nous écoutons tous de la musique en voiture, ça aide à se détendre et donner l'impression que le trajet n'est pas trop long. En revanche, les systèmes audio de tous les véhicules ne se valent pas. Pour avoir du bon son, il faudra installer une enceinte pour voiture, elle saura accompagner votre <a href=""https://meilleurtest.fr/comparatif-autoradio-bluetooth/"">autoradio</a> en diffusant un son clair et équilibré. Face aux nombreuses offres sur le marché, le choix ne doit pas se faire n'importe comment. Pour identifier l'enceinte pour voiture adaptée à vos besoins, fiez-vous à notre guide d'achat.";"Une enceinte pour voiture remplace les haut-parleurs d'origine pour offrir un son plus riche et détaillé. Coaxiales ou composants séparés, elles s'adaptent aux emplacements de votre véhicule. Pour les environnements humides, les <a href=""https://meilleurtest.fr/comparatif-haut-parleur-marine/"">haut-parleurs marines</a> constituent une alternative résistante. Associées à un bon amplificateur, elles surpasseront toute <a href=""https://meilleurtest.fr/comparatif-enceinte-bluetooth/"">enceinte Bluetooth</a> nomade en puissance. Ce guide vous aidera à choisir les <a href=""https://meilleurtest.fr/comparatif-haut-parleur-voiture/"">haut-parleurs</a> adaptés à votre voiture."
42045;Les meilleurs casques bluetooth pour TV Samsung;https://meilleurtest.fr/comparatif-casque-bluetooth-pour-tv-samsung/;Audio;"Vous aimez votre <a href=""https://meilleurtest.fr/comparatif-tv-samsung/"">téléviseur Samsung</a> et son incroyable qualité d'image. Mais il y a un hic : les discussions animées dans votre salon ou le calme de la nuit vous obligent à baisser le volume. Notre solution ? Utilisez un casque Bluetooth pour TV Samsung. Grâce à sa liaison sans fil et au son enveloppant du casque, vous allez vous immerger dans vos émissions, films ou jeux vidéo, et tout ça sans déranger les autres. Notre comparatif vous aidera à choisir le meilleur casque bluetooth pour TV Samsung, vous ne regarderez plus la télé comme avant !";"Un casque Bluetooth pour TV Samsung vous permet de regarder vos programmes sans déranger votre entourage. Le couplage se fait via le Bluetooth natif du <a href=""https://meilleurtest.fr/comparatif-televiseur/"">téléviseur</a>. Pour le son partagé, une <a href=""https://meilleurtest.fr/comparatif-barre-de-son-samsung/"">barre de son Samsung</a> prendra le relais, tandis qu'un <a href=""https://meilleurtest.fr/comparatif-casque-tv-sans-fil/"">casque TV sans fil</a> universel conviendra à d'autres marques. Ce guide vous orientera vers le casque Bluetooth idéal pour votre TV Samsung."
42017;Les meilleures enceintes bibliothèques Hi-Fi;https://meilleurtest.fr/comparatif-enceinte-bibliotheque-hi-fi/;Audio;"<a href=""https://meilleurtest.fr/comparatif-enceinte-bibliotheque/"">Enceinte bibliothèque</a> Hi-Fi ou enceinte étagère ; ces appellations renvoient au même assortiment d’équipements sonores qui, grâce à des dimensions compactes, trouvera une place de choix dans tous les foyers. Ne sacrifiant jamais la qualité du son, l’enceinte vise une restitution honorable de toutes les nuances et variations. Mais il faut, pour cela, faire le bon choix ; on vous explique tout dans ce guide des enceintes bibliothèques Hi-Fi.";"Les enceintes bibliothèques hi-fi offrent un rendu sonore détaillé dans un format compact, idéal pour les pièces de taille moyenne. Posées sur un meuble ou des pieds dédiés, elles s'intègrent facilement à une <a href=""https://meilleurtest.fr/comparatif-chaine-hifi/"">chaîne hi-fi</a> existante. Plus accessibles que des <a href=""https://meilleurtest.fr/comparatif-enceinte-colonne/"">enceintes colonnes</a>, elles délivrent un son précis lorsqu'elles sont associées à un bon <a href=""https://meilleurtest.fr/comparatif-ampli-hifi/"">ampli hi-fi</a>. Ce guide vous aidera à choisir les meilleures enceintes bibliothèques hi-fi."
42013;Les meilleurs casques TV sans fil pour malentendant;https://meilleurtest.fr/comparatif-casque-tv-sans-fil-pour-malentendant/;Audio;"Le <a href=""https://meilleurtest.fr/comparatif-casque-tv-sans-fil/"">casque TV sans fil</a> pour malentendant permet d'améliorer l’expérience d’écoute d'une personne ayant des problèmes auditifs. Il propose de nombreuses fonctions pour paramétrer le son et offre une meilleure liberté de mouvement grâce à l’absence de câble. Certains peuvent être portés en même temps que les appareils d’aide auditive tandis que d’autres intègrent des systèmes d’amplification sonore. Liaison Bluetooth ou par radio fréquence 2,4 GHz ? Casque circum-aural ou stéthoscopique ? Découvrez les meilleurs casques TV sans fil pour malentendant en lisant ce guide.";"Un casque TV sans fil pour malentendant amplifie le son du téléviseur sans gêner l'entourage. Il intègre des réglages de tonalité et de clarté vocale adaptés aux pertes auditives, à la différence d'un <a href=""https://meilleurtest.fr/comparatif-casque-tv-sans-fil/"">casque TV standard</a>. Un modèle <a href=""https://meilleurtest.fr/comparatif-casque-tv-filaire/"">filaire</a> conviendra si la latence vous gêne, et une <a href=""https://meilleurtest.fr/comparatif-barre-de-son-tv/"">barre de son</a> complètera le dispositif pour le son partagé. Ce guide vous orientera vers le casque TV pour malentendant le plus adapté."
41975;Les meilleures barres de son sans caisson de basses;https://meilleurtest.fr/comparatif-barre-de-son-sans-caisson-de-basses/;Audio;"Même en l’absence du caisson de basses, la<a href=""https://meilleurtest.fr/comparatif-barre-de-son-dolby-atmos/""> barre de son</a> arrive tout de même à reproduire un son de qualité grâce à ses nombreuses enceintes intégrées. Certes, le son diffusé par cet équipement audio sera un peu plat dans les graves, mais le plaisir d’écoute est tout de même au rendez-vous. La barre de son sans caisson de basses vous intéresse-t-elle ? Ce guide vous aidera à trouver le modèle qui saura répondre à vos attentes.";"Une barre de son sans caisson de basses regroupe tous les haut-parleurs dans un seul bloc compact, idéal sous un <a href=""https://meilleurtest.fr/comparatif-televiseur/"">téléviseur</a>. Ce format convient aux petits espaces où un caisson serait encombrant. Les modèles haut de gamme offrent un rendu grave satisfaisant. Pour un son surround, un <a href=""https://meilleurtest.fr/comparatif-home-cinema/"">home cinéma</a> ou un système <a href=""https://meilleurtest.fr/comparatif-barre-de-son-5-1/"">5.1</a> sera plus indiqué. Ce guide vous aidera à choisir la meilleure barre de son sans caisson."
41960;Les meilleures enceintes connectées haut de gamme;https://meilleurtest.fr/comparatif-enceinte-connectee-haut-de-gamme/;Audio;"L’enceinte connectée, également appelée <a href=""https://meilleurtest.fr/comparatif-enceinte-connectee-intelligente/"">enceinte intelligente</a> ou smart speaker, propose des fonctionnalités qui vont bien au-delà de la simple écoute musicale. Elle a notamment différentes connectiques et différentes possibilités de connexion (Wi-Fi, Bluetooth, DLNA et Airplay). Sa reconnaissance des commandes vocales simplifie son utilisation et facilite le pilotage de la domotique. Vous pouvez même mettre en place un système multiroom ! Vous avez les moyens de vos ambitions et cherche ce qui se fait de mieux ? Découvrez notre guide des meilleures enceintes connectées haut de gamme.";"Une enceinte connectée haut de gamme allie qualité sonore audiophile et assistant vocal intégré. Au-delà de la simple <a href=""https://meilleurtest.fr/comparatif-enceinte-connectee-intelligente/"">enceinte connectée</a> d'entrée de gamme, elle délivre un son riche et détaillé dans une grande pièce. Certains modèles fonctionnent avec <a href=""https://meilleurtest.fr/comparatif-enceinte-alexa/"">Alexa</a> et s'intègrent à un <a href=""https://meilleurtest.fr/comparatif-systeme-multiroom/"">système multiroom</a>. Ce guide vous aidera à choisir l'enceinte connectée haut de gamme la plus adaptée à votre salon."
41942;Les meilleures enceintes Bluetooth haut de gamme;https://meilleurtest.fr/comparatif-enceinte-bluetooth-haut-de-gamme/;Audio;"Nomade ou résidentielle, l’<a href=""https://meilleurtest.fr/comparatif-enceinte-bluetooth/"">enceinte Bluetooth</a> est plébiscitée pour plusieurs raisons. Disponible en une large variété de formes, elle offre une entière liberté sur l’écoute des contenus audio et vidéo, sans penser à l’encombrement des câbles. Si vous faites partie de ceux pour qui le prix est un critère secondaire et que seule la qualité du son compte, lisez ce guide des meilleures enceintes Bluetooth haut de gamme du moment.";"Une enceinte Bluetooth haut de gamme offre un rendu sonore proche d'une <a href=""https://meilleurtest.fr/comparatif-enceinte-hifi/"">enceinte hi-fi</a> avec la praticité du sans-fil. Elle se distingue des modèles <a href=""https://meilleurtest.fr/comparatif-enceinte-bluetooth-pas-chere/"">pas chers</a> par des matériaux nobles, une puissance supérieure et un son plus détaillé. Certaines rivalisent avec les <a href=""https://meilleurtest.fr/comparatif-enceinte-bluetooth-puissante/"">enceintes Bluetooth puissantes</a> pour sonoriser de grands espaces. Ce guide vous aidera à choisir l'enceinte Bluetooth haut de gamme adaptée à vos exigences."
41938;Les meilleurs amplis vintage;https://meilleurtest.fr/comparatif-ampli-vintage/;Audio;"Les équipements audio d’inspiration rétro sont plus que jamais tendance. Profitant du retour en grâce des plateaux vinyles, les amplis vintage ont également fait leur come-back dans les salons des audiophiles. Ces équipements audio restituent un son dont la qualité frôle la perfection. Aujourd’hui, les <a href=""https://meilleurtest.fr/comparatif-ampli-hifi/"">amplis vintage</a> se comptent par dizaines, ce qui complique le choix. Pour trouver celui qui répondra le mieux à vos habitudes d’écoute, lisez ce guide comparatif.";"Un ampli vintage séduit par son caractère sonore chaleureux et son esthétique rétro. Qu'il s'agisse d'un modèle à transistors ou à tubes, il se marie avec des <a href=""https://meilleurtest.fr/comparatif-enceinte-hifi/"">enceintes hi-fi</a> et un <a href=""https://meilleurtest.fr/comparatif-preampli-phono/"">préampli phono</a> pour écouter vos vinyles. Contrairement à un <a href=""https://meilleurtest.fr/comparatif-ampli-hifi/"">ampli hi-fi</a> moderne, il demande parfois un entretien spécifique. Ce guide vous orientera vers le meilleur ampli vintage."
41919;Les meilleurs écouteurs sans fil pour le sport;https://meilleurtest.fr/comparatif-ecouteurs-sans-fil-pour-le-sport/;Audio;"De nombreux scientifiques l’attestent : la musique augmente de 15 à 20 % l’endurance des sportifs, qu’ils soient débutants, amateurs ou professionnels. Source de motivation et de bonne humeur, les notes mélodieuses stimulent la synthèse des hormones de bien-être pour retarder la sensation de fatigue. Les <a href=""https://meilleurtest.fr/comparatif-ecouteur-sans-fil-pas-cher/"">écouteurs sans fil</a> pour le sport trouvent alors toute leur légitimité ; encore faut-il bien en choisir !";"Les écouteurs sans fil pour le sport résistent à la transpiration et tiennent fermement en place pendant l'effort. Les modèles à <a href=""https://meilleurtest.fr/comparatif-ecouteurs-a-conduction-osseuse/"">conduction osseuse</a> laissent l'oreille ouverte pour la course en extérieur, tandis que les <a href=""https://meilleurtest.fr/comparatif-ecouteur-de-running-sans-fil/"">écouteurs de running</a> classiques isolent davantage. Un <a href=""https://meilleurtest.fr/comparatif-casque-bluetooth-sport/"">casque Bluetooth sport</a> avec arceau conviendra aux entraînements intenses. Ce guide vous aidera à choisir les écouteurs sans fil sportifs les plus adaptés."
41901;Les meilleures enceintes hifi;https://meilleurtest.fr/comparatif-enceinte-hifi/;Audio;"L’<a href=""https://meilleurtest.fr/comparatif-enceinte-hifi-haut-de-gamme/"">enceinte hifi</a> est un maillon fondamental de tout système stéréo ou home cinéma. Presque aussi performant que l’enceinte de monitoring, cet équipement acoustique est gratifié d’une technologie qui lui permet de reproduire le son d’une manière claire et réaliste. En diffusant distinctement et de façon équilibrée les timbres et les registres d’une musique, le haut-parleur hifi vous fait ressentir toute la richesse du contenu sonore. Pour bien choisir l’enceinte hifi qui répondra à vos goûts et aux subtilités de votre environnement, lisez ce comparatif.";"Les enceintes hi-fi constituent le maillon final de votre chaîne audio et déterminent largement la qualité du son. Compactes en <a href=""https://meilleurtest.fr/comparatif-enceinte-bibliotheque-hi-fi/"">format bibliothèque</a> ou imposantes en <a href=""https://meilleurtest.fr/comparatif-enceinte-colonne/"">colonne</a>, elles s'associent à un <a href=""https://meilleurtest.fr/comparatif-ampli-hifi/"">ampli hi-fi</a> pour restituer vos enregistrements avec fidélité. Les modèles <a href=""https://meilleurtest.fr/comparatif-enceinte-hifi-haut-de-gamme/"">haut de gamme</a> offrent une scène sonore remarquable. Ce guide vous aidera à trouver les enceintes hi-fi adaptées à votre pièce."
41897;Les meilleures enceintes hifi haut de gamme;https://meilleurtest.fr/comparatif-enceinte-hifi-haut-de-gamme/;Audio;"Pour qu'une chaîne stéréo ou un système home cinéma produise un son immersif, il faut le relier au minimum à une paire d'enceintes. Ces <a href=""https://meilleurtest.fr/comparatif-enceinte-bluetooth/"">appareils audio</a> peuvent reproduire les tonalités sonores dans leurs moindres détails. De plus, les enceintes hifi haut de gamme existent dans une large variété de tailles et de puissances. Lisez ce guide d'achat pour trouver le modèle qui correspond à votre écoute et qui s'ajuste parfaitement au volume de votre pièce.";"Les enceintes hi-fi haut de gamme repoussent les limites de la restitution sonore grâce à des matériaux nobles et une conception acoustique soignée. Elles surpassent les <a href=""https://meilleurtest.fr/comparatif-enceinte-hifi/"">enceintes hi-fi</a> classiques en précision et en richesse de timbres. Disponibles en <a href=""https://meilleurtest.fr/comparatif-enceinte-bibliotheque-hi-fi/"">format bibliothèque</a> ou en <a href=""https://meilleurtest.fr/comparatif-enceinte-colonne/"">colonne</a>, elles exigent un <a href=""https://meilleurtest.fr/comparatif-ampli-hifi/"">ampli</a> à la hauteur pour exprimer leur potentiel. Ce guide vous orientera vers les meilleures enceintes hi-fi haut de gamme."
41851;Les meilleures enceintes bluetooth;https://meilleurtest.fr/comparatif-enceinte-bluetooth/;Audio;"Qu’elle soit à usage nomade ou sédentaire, l’<a href=""https://meilleurtest.fr/comparatif-enceinte/"">enceinte bluetooth</a> est un appareil malin qui promet une écoute plus confortable des contenus audio et vidéo. Aujourd’hui disponible dans tous les gabarits et souvent étanche, cet ingénieux dispositif s’impose comme un impératif pour tous les amoureux du bon son. En effet, l'enceinte bluetooth permet de jouer la playlist de votre téléphone ou celle de votre baladeur MP3 sans recourir au casque. Pour mieux vous retrouver dans la jungle actuelle d’offres, lisez ce guide.";"Les enceintes Bluetooth se sont imposées comme l'accessoire audio le plus polyvalent, du pique-nique au salon. Les modèles <a href=""https://meilleurtest.fr/comparatif-enceinte-bluetooth-etanche/"">étanches</a> accompagnent les sorties en plein air, tandis que les versions <a href=""https://meilleurtest.fr/comparatif-enceinte-bluetooth-puissante/"">puissantes</a> sonorisent une fête. Si votre budget est limité, des options performantes existent <a href=""https://meilleurtest.fr/comparatif-enceinte-bluetooth-pas-chere/"">à petit prix</a>, et les audiophiles trouveront des modèles <a href=""https://meilleurtest.fr/comparatif-enceinte-bluetooth-haut-de-gamme/"">haut de gamme</a>. Ce guide vous aidera à choisir l'enceinte Bluetooth adaptée à vos besoins."
41452;Les meilleurs amplis pour casque;https://meilleurtest.fr/comparatif-ampli-pour-casque/;Audio;"Un ampli pour casque désigne un boîtier s’intercalant entre une source audio (PC, <a href=""https://meilleurtest.fr/comparatif-lecteur-mp3/"" target=""_blank"" rel=""noopener"">lecteur MP3</a>, smartphone…) et le casque. Il peut être fixe ou mobile. Dans ce second cas, l’appareil est compact et se tient sans souci dans la main. Son rôle premier est d’optimiser au mieux le rendu sonore. Voici notre sélection des meilleurs amplis pour casque du moment.";"Un ampli pour casque fournit une amplification dédiée qui améliore sensiblement le rendu de votre casque audio. Il révèle les détails et la dynamique que la sortie d'un téléphone ou d'un ordinateur ne restitue pas. Les modèles <a href=""https://meilleurtest.fr/comparatif-ampli-casque-audiophile/"">audiophiles</a> se destinent aux <a href=""https://meilleurtest.fr/comparatif-casque-hifi/"">casques hi-fi</a> exigeants, et un <a href=""https://meilleurtest.fr/comparatif-dac-audiophile/"">DAC audiophile</a> complétera la chaîne. Ce guide vous orientera vers l'ampli pour casque adapté à votre installation."
41433;Les meilleurs micros pour smartphone;https://meilleurtest.fr/comparatif-micro-pour-smartphone/;Audio;"Tout le monde n’a pas les moyens de s’offrir un <a href=""https://meilleurtest.fr/comparatif-appareil-photo-reflex/"">appareil photo reflex</a> ou une <a href=""https://meilleurtest.fr/comparatif-camera-pour-youtubeur/"">caméra dédiée</a> pour réaliser des podcasts et contenus pour YouTube. Certains vont notamment utiliser <a href=""https://meilleurtest.fr/comparatif-smartphone/"">leur smartphone</a>. Si c’est votre cas, sachez que rien ne vaut un microphone pour smartphone au lieu du micro intégré. Bien plus efficace qu’un <a href=""https://meilleurtest.fr/comparatif-dictaphone-numerique/"">dictaphone numérique</a>, l’appareil permet de faire des enregistrements vocaux tout en filtrant les bruits environnants grâce à un système anti-vent très efficace. Que vous utilisiez le micro pour smartphone à des fins professionnelles ou personnelles, notre guide devrait vous aider à trouver le meilleur modèle pour cette année.";"Un micro pour smartphone améliore considérablement la qualité audio de vos vidéos, podcasts ou interviews réalisés avec votre téléphone. Le son du micro intégré reste limité, surtout en extérieur. Un <a href=""https://meilleurtest.fr/comparatif-micro-cravate/"">micro-cravate</a> conviendra aux vlogs, un <a href=""https://meilleurtest.fr/comparatif-micro-sans-fil/"">micro sans fil</a> aux interviews, et un modèle directionnel aux captations précises. Ce guide vous aidera à choisir le <a href=""https://meilleurtest.fr/comparatif-microphone/"">microphone</a> pour smartphone le mieux adapté à votre contenu."
41412;Les meilleurs micros de karaoké bluetooth;https://meilleurtest.fr/comparatif-micro-de-karaoke-bluetooth/;Audio;"Vous voulez animer vous-même vos petites fêtes de famille ou entre amis ? Offrez-vous le matériel adéquat pour cela. Et quoi de mieux que de compléter votre arsenal avec un micro de karaoké Bluetooth qui vous surprendra avec sa qualité sonore des plus immersives. Bien plus pratique qu’un <a href=""//meilleurtest.fr/comparatif-micro-sans-fil/"">micro sans fil</a> ou un<a href=""//meilleurtest.fr/comparatif-microphone/""> micro classique</a>, cet appareil polyvalent peut aussi servir d’enregistreur ou de haut-parleur portable. Ce dispositif vous intéresse ? Lisez ce guide d’achat.";"Un micro de karaoké Bluetooth combine microphone et haut-parleur intégré pour chanter partout sans installation complexe. Il se connecte sans fil à votre téléphone ou à une <a href=""https://meilleurtest.fr/comparatif-enceinte-bluetooth/"">enceinte Bluetooth</a> pour plus de puissance. Les meilleurs modèles offrent des effets vocaux et un éclairage LED. Pour un usage scénique, un <a href=""https://meilleurtest.fr/comparatif-micro-chant/"">micro de chant</a> ou un <a href=""https://meilleurtest.fr/comparatif-micro-sans-fil/"">micro sans fil</a> sera plus adapté. Ce guide vous orientera vers le micro de karaoké Bluetooth idéal."
41408;Les meilleures enceintes sur Amazon;https://meilleurtest.fr/comparatif-enceinte-amazon/;Audio;Dans le confort de votre foyer comme à l’extérieur lors de vos déplacements, une bonne enceinte amazon reste un compagnon de choix pour apprécier vos musiques préférées. Nul besoin de se ruiner ou encore moins de se casser la tête pour l'installation ! En effet, les enceintes se branchent sur votre PC, se lient à votre Smartphone grâce à une connectivité Bluetooth ou Wifi pour les versions connectées.;"La sélection d'enceintes disponibles sur Amazon couvre tous les usages et budgets, des modèles connectés <a href=""https://meilleurtest.fr/comparatif-enceinte-alexa/"">Alexa</a> aux <a href=""https://meilleurtest.fr/comparatif-enceinte-bluetooth/"">enceintes Bluetooth</a> nomades. Le catalogue est vaste et les écarts de qualité importants entre les références. Une <a href=""https://meilleurtest.fr/comparatif-enceinte-connectee-intelligente/"">enceinte connectée</a> avec assistant vocal conviendra au salon, tandis qu'un modèle compact accompagnera vos sorties. Ce guide vous aidera à identifier les meilleures enceintes parmi l'offre Amazon."
41372;Les meilleurs baladeurs audiophiles;https://meilleurtest.fr/comparatif-baladeur-audiophile/;Audio;"Envie d’écouter de la bonne musique au travail, au bord de la <a href=""//meilleurtest.fr/comparatif-piscine/"">piscine</a>, dans les transports en commun ou sur la <a href=""//meilleurtest.fr/comparatif-chaine-hifi/"">chaîne hi-fi</a> du salon ? Offrez-vous un baladeur audiophile. Offrant un meilleur son bien supérieur à celui d’un<a href=""//meilleurtest.fr/comparatif-lecteur-mp3/""> lecteur mp3</a>, d'un baladeur classique ou un <a href=""//meilleurtest.fr/comparatif-smartphone/"">smartphone</a>, cet appareil fera le bonheur des mélomanes en quête de mobilité pour écouter du bon son. Complétez-le avec un<a href=""//meilleurtest.fr/comparatif-casque-bluetooth/""> casque Bluetooth</a> ou une paire <a href=""//meilleurtest.fr/comparatif-ecouteurs/"">d’écouteurs</a> et vous verrez que la qualité d’écoute assure une expérience immersive. Si cela vous intéresse, découvrez notre sélection de baladeurs audiophiles à travers ce guide d'achat.";"Un baladeur audiophile lit les fichiers haute résolution (FLAC, DSD) avec un DAC et un ampli intégrés de qualité supérieure. Il surpasse largement un téléphone pour l'écoute nomade avec un <a href=""https://meilleurtest.fr/comparatif-casque-hifi/"">casque hi-fi</a> ou des <a href=""https://meilleurtest.fr/comparatif-ecouteurs-pour-audiophiles/"">écouteurs audiophiles</a>. Certains modèles servent aussi de <a href=""https://meilleurtest.fr/comparatif-dac-usb/"">DAC USB</a> pour ordinateur. Ce guide vous aidera à choisir le baladeur audiophile adapté à vos exigences sonores et à votre mobilité."
41320;Les meilleurs micros pour appareil photo;https://meilleurtest.fr/comparatif-micro-pour-appareil-photo/;Audio;"Le micro sera un élément essentiel si vous voulez apporter de la valeur ajoutée à vos contenus audiovisuels. À une époque où certains appareils photo numériques rivalisent avec les meilleurs caméscopes en termes de qualité vidéo, l’achat d’un micro pour <a class=""wpil_keyword_link"" href=""https://meilleurtest.fr/comparatif-appareil-photo/""   title=""appareil photo"" data-wpil-keyword-link=""linked"">appareil photo</a> n’a rien de futile, d’autant plus si vous réalisez de nombreux contenus pour YouTube et les réseaux sociaux. Et puis, vous contenter du <a href=""https://meilleurtest.fr/comparatif-microphone/"">micro intégré</a> à l’APN, même reflex, ne permet pas d’offrir un son de qualité. Dynamique ou électrostatique, trouvez votre micro pour appareil photo en lisant notre guide.";"Un micro pour appareil photo remplace le micro intégré de votre boîtier pour capturer un son clair et détaillé lors de vos tournages. Directionnel ou <a href=""https://meilleurtest.fr/comparatif-micro-cravate/"">micro-cravate</a>, il s'adapte aux interviews comme aux captations d'ambiance. Un <a href=""https://meilleurtest.fr/comparatif-micro-sans-fil/"">modèle sans fil</a> offrira plus de liberté de mouvement. Les vidéastes et <a href=""https://meilleurtest.fr/comparatif-camera-pour-youtubeur/"">créateurs de contenu</a> y trouveront un gain de qualité immédiat. Ce guide vous aidera à choisir le meilleur micro pour appareil photo."
41316;Les meilleurs émetteurs Bluetooth;https://meilleurtest.fr/comparatif-emetteur-bluetooth/;Audio;"Pour beaucoup, <a href=""//meilleurtest.fr/comparatif-station-daccueil-bluetooth/"">Bluetooth</a> est synonyme d’écouteurs sans fil et d’appels mains libres, mais sa commodité va bien au-delà. Le Bluetooth est une technologie sans fil à faible consommation d’énergie et à courte portée qui a trouvé sa place dans de nombreux appareils. Et l’émetteur est la partie qui rend tout cela possible. Mais qu’est-ce qu’un émetteur Bluetooth et comment ça marche ? Trouvez dans ce guide les essentiels à savoir.";"Un émetteur Bluetooth ajoute la connectivité sans fil à un appareil qui n'en dispose pas, comme un téléviseur, une chaîne hi-fi ou un <a href=""https://meilleurtest.fr/comparatif-lecteur-mp3/"">lecteur MP3</a> ancien. Il transmet le signal audio vers votre <a href=""https://meilleurtest.fr/comparatif-casque-bluetooth/"">casque Bluetooth</a> ou vos enceintes sans fil. Associé à un <a href=""https://meilleurtest.fr/comparatif-recepteur-bluetooth-pour-ampli-hifi/"">récepteur Bluetooth</a>, il crée un pont audio complet. Ce guide vous aidera à choisir l'émetteur Bluetooth le plus fiable et polyvalent."
41309;Les meilleurs amplis tuner;https://meilleurtest.fr/comparatif-ampli-tuner/;Audio;"Des difficultés à obtenir une bonne qualité sonore lors de l'écoute de vos émissions de radio préférées ? Il y a fort à parier qu’un ampli tuner résoudra entièrement ce genre de soucis. Cet <a href=""https://meilleurtest.fr/comparatif-ampli-hifi"">appareil hi-fi</a> règle automatiquement les fréquences tout en amplifiant le signal. Et en plus de palier les soucis de réception, il comporte souvent des fonctionnalités avancées telles que la connectivité Bluetooth et la possibilité de créer des systèmes audio complets. Découvrez tout de suite notre guide d’achat ainsi que notre comparatif axé sur les meilleurs amplis tuner du moment.";"Un ampli tuner combine amplificateur et tuner radio FM/DAB+ en un seul appareil, simplifiant la composition d'une <a href=""https://meilleurtest.fr/comparatif-chaine-hifi/"">chaîne hi-fi</a>. Il alimente directement vos <a href=""https://meilleurtest.fr/comparatif-enceinte-hifi/"">enceintes hi-fi</a> tout en captant vos stations préférées. Pour un appareil encore plus complet, un <a href=""https://meilleurtest.fr/comparatif-ampli-tuner-cd/"">ampli tuner CD</a> intègre aussi la lecture de disques. Ce guide vous aidera à choisir l'ampli tuner adapté à votre écoute quotidienne."
41267;Les meilleurs micros sans fil;https://meilleurtest.fr/comparatif-micro-sans-fil/;Audio;"Parler devant un public, réaliser des <a href=""https://meilleurtest.fr/comparatig-micro-chant/"">prestations artistiques</a> ou oratoires, enregistrer un fichier son ou vidéo ; ce ne sont que quelques exemples de situation où un micro sans fil est de rigueur. Allié de nombreux évènements, familiaux ou professionnels, ce matériel cherche à restituer la voix ou le son d’un instrument de la manière la plus juste possible. Zoom sur les meilleurs micros sans fil dans ce guide d’achat.";"Un micro sans fil offre une liberté de mouvement totale lors de vos présentations, spectacles ou tournages. La transmission radio garantit un son stable sans câble. Pour les interviews, un <a href=""https://meilleurtest.fr/comparatif-micro-cravate/"">micro-cravate</a> sans fil sera idéal. Les streamers préféreront un <a href=""https://meilleurtest.fr/comparatif-micro-de-streaming/"">micro de streaming</a> fixe, et les vidéastes un <a href=""https://meilleurtest.fr/comparatif-micro-pour-smartphone/"">micro pour smartphone</a>. Ce guide vous orientera vers le micro sans fil le plus adapté à votre activité."
41197;Les meilleurs haut-parleurs marines;https://meilleurtest.fr/comparatif-haut-parleur-marine/;Audio;Un haut-parleur marin est spécialement adapté pour diffuser un son de qualité sur un bateau ou sur un navire. Il résiste aux UV, aux embruns, au sel et aux conditions d’utilisation en mer. Avec différentes marques et différents modèles de haut-parleurs marins, son choix ne doit pas se faire à la hâte. Pour vous aider à faire le bon choix, suivez ce guide d’achat où vous retrouverez également les meilleurs haut-parleurs marins.;"Les haut-parleurs marines sont conçus pour résister au sel, à l'humidité et aux UV, ce qui les rend indispensables sur un bateau ou un jet-ski. Leur traitement anticorrosion les distingue des <a href=""https://meilleurtest.fr/comparatif-enceinte-pour-voiture/"">enceintes pour voiture</a> classiques. Pour un usage en extérieur terrestre, les <a href=""https://meilleurtest.fr/comparatif-enceinte-d-exterieur/"">enceintes d'extérieur</a> ou les modèles <a href=""https://meilleurtest.fr/comparatif-enceinte-bluetooth-etanche/"">Bluetooth étanches</a> constitueront une alternative. Ce guide vous aidera à choisir les meilleurs haut-parleurs marines."
41188;Les meilleures enceintes actives;https://meilleurtest.fr/comparatif-enceinte-active/;Audio;"Envie de profiter d'une sonorisation de haute qualité durant vos évènements, séminaires ou animations éphémères ? Offrez-vous une enceinte active. Comme ses modules d'amplification et haut-parleurs se trouvent déjà dedans, elle vous évite de vous retrouver avec un câblage difficile et inesthétique, pour une emprise spatiale réduite. Vous n'avez même plus besoin d'ampli. La signature sonore conférée par l'appareil étant des plus satisfaisantes, il n'a rien à envier aux <a href=""//meilleurtest.fr/comparatif-enceinte-de-salon/"">enceintes de salon</a> et aux <a href=""//meilleurtest.fr/comparatif-chaine-hifi/"">chaînes hifi</a>. L'achat d'une enceinte active vous intéresse ? Lisez ce guide d'achat.";"Une enceinte active intègre son propre amplificateur, ce qui simplifie l'installation : il suffit de la brancher à une source audio, sans <a href=""https://meilleurtest.fr/comparatif-ampli-hifi/"">ampli hi-fi</a> séparé. Ce format convient aux bureaux, studios et petits espaces. Les modèles <a href=""https://meilleurtest.fr/comparatif-enceinte-bibliotheque-hi-fi/"">bibliothèques</a> restent compacts, tandis que certaines enceintes actives rivalisent avec les meilleures <a href=""https://meilleurtest.fr/comparatif-enceinte-hifi/"">enceintes hi-fi</a> passives. Ce guide vous aidera à choisir l'enceinte active adaptée à votre usage."
41154;Les meilleures enceintes centrales;https://meilleurtest.fr/comparatif-enceinte-centrale/;Audio;"Envie de profiter d’une expérience <a href=""//meilleurtest.fr/comparatif-home-cinema/"">home cinéma</a> des plus immersives chez soi ? Complétez votre système de son surround et d’enceintes stéréo avec une enceinte centrale compatible. Étant la pièce la plus importante d’une installation 5.1, 7.1 ou plus, elle permet de restituer fidèlement les dialogues et effets sonores de vos films, séries, jeux vidéo et émissions préférés. Ses performances sont bien meilleures que celles d’une barre de son ou d’un caisson de basse. Cet appareil vous intéresse ? Lisez ce guide d’achat.";"L'enceinte centrale restitue principalement les dialogues dans un système home cinéma, un rôle essentiel pour la compréhension des films. Placée sous le <a href=""https://meilleurtest.fr/comparatif-televiseur/"">téléviseur</a>, elle complète les <a href=""https://meilleurtest.fr/comparatif-enceinte-de-home-cinema/"">enceintes surround</a>. Pour un système plus compact, une <a href=""https://meilleurtest.fr/comparatif-barre-de-son-tv/"">barre de son</a> regroupera toutes les voies en un seul bloc. Ce guide vous aidera à choisir l'enceinte centrale adaptée à votre installation."
41119;Les meilleurs amplis hifi Yamaha;https://meilleurtest.fr/comparatif-ampli-hifi-yamaha/;Audio;"Depuis plus d’un siècle, la marque Yamaha n’a cessé de proposer tout type d’instruments de musique, en particulier <a href=""https://meilleurtest.fr/comparatif-synthetiseur-yamaha/"" target=""_blank"" rel=""noopener"">les synthétiseurs</a>, et de nombreux appareils audio professionnels et domestiques. Il n'est donc pas étonnant que de nombreux audiophiles se tournent vers la marque pour <a href=""https://meilleurtest.fr/comment-choisir-ampli-hifi/"" target=""_blank"" rel=""noopener"">acheter des amplis hifi</a>. Le catalogue de Yamaha est très bien loti en matière d’ampli hifi. C’est pour vous aider à trouver le modèle qui vous convient le mieux que nous avons rédigé ce guide.";"Yamaha occupe une place majeure dans l'amplification hi-fi grâce à des modèles fiables et musicaux, du premier prix à la gamme audiophile. Un ampli Yamaha s'associe naturellement à des <a href=""https://meilleurtest.fr/comparatif-enceinte-hifi/"">enceintes hi-fi</a> de qualité et peut intégrer un <a href=""https://meilleurtest.fr/comparatif-ampli-tuner/"">tuner</a> pour la radio. La marque propose aussi des <a href=""https://meilleurtest.fr/comparatif-synthetiseur-yamaha/"">synthétiseurs</a> et des équipements de studio. Ce guide vous orientera vers l'ampli hi-fi Yamaha adapté à vos besoins."
40652;Les meilleurs casques JBL;https://meilleurtest.fr/comparatif-casque-jbl/;Audio;"Vous souhaitez utiliser un <a class=""wpil_keyword_link"" title=""casque audio"" href=""https://meilleurtest.fr/comparatif-casque-audio/"" data-wpil-keyword-link=""linked"">casque audio</a> à prix raisonnable ? Parmi les modèles sur le marché, les <a href=""https://meilleurtest.fr/comparatif-casque-audio-a-moins-de-50-euros/"">casques audio</a> de la marque JBL comptent parmi les plus prisés grâce à leur son impeccable et leur qualité de fabrication. Supra-auriculaires, auriculaires, à réduction de bruit, filaire ou sans fil, JBL décline ses casques en différentes versions. Les informations et conseils de ce guide vous aideront à trouver le casque JBL le mieux adapté à vos besoins.";"JBL propose une gamme complète de casques, du modèle d'entrée de gamme au <a href=""https://meilleurtest.fr/comparatif-casque-jbl-sans-fil/"">casque sans fil</a> performant. La marque est reconnue pour son rendu sonore généreux et ses basses profondes. Certains modèles <a href=""https://meilleurtest.fr/comparatif-casque-bluetooth-jbl/"">Bluetooth JBL</a> intègrent la réduction de bruit, et la gamme s'étend aussi aux <a href=""https://meilleurtest.fr/comparatif-ecouteur-sans-fil-jbl/"">écouteurs sans fil</a>. Ce guide vous aidera à choisir le casque JBL correspondant à votre usage."
40632;Les meilleurs casques Bose;https://meilleurtest.fr/comparatif-casque-bose/;Audio;"Si vous cherchez des <a class=""wpil_keyword_link"" href=""https://meilleurtest.fr/comparatif-casque-audio/""   title=""casques audio"" data-wpil-keyword-link=""linked"">casques audio</a> capables de vous placer en totale immersion, les modèles proposés par Bose pourront sûrement vous combler. Ils disposent des toutes récentes technologies et offrent des performances reconnues de tous. Sans plus attendre, découvrez dans ce guide <a href=""https://meilleurtest.fr/comparatif-casque-audio-pas-cher/"">le top des casques</a> Bose et dénichez votre futur accessoire de gaming ou de musique.";"Bose s'est imposé comme une référence de la <a href=""https://meilleurtest.fr/comparatif-casques-a-reduction-de-bruit/"">réduction de bruit</a> active, avec des casques au confort reconnu pour les longs trajets. La gamme couvre les modèles <a href=""https://meilleurtest.fr/comparatif-casque-bose-sans-fil/"">sans fil</a> pour la mobilité et les versions filaires pour le studio. Associé aux <a href=""https://meilleurtest.fr/comparatif-enceinte-bose/"">enceintes Bose</a>, l'écosystème de la marque forme un ensemble cohérent. Ce guide vous orientera vers le casque Bose adapté à vos habitudes d'écoute."
40629;Les meilleurs casques Logitech;https://meilleurtest.fr/comparatif-casque-logitech/;Audio;"Vous avez besoin <a href=""https://meilleurtest.fr/comparatif-casque-gamer/"">d’un nouveau casque</a> et vos recherches vous ont mené vers les modèles signés Logitech ? Vous êtes sur la bonne piste car cette marque est une référence incontournable dans le domaine. En revanche, elle propose un choix pléthorique, ce qui peut compliquer la tâche. Aussi, avant de jeter votre dévolu sur un modèle précis, nous vous proposons un petit tour d’horizon des meilleurs casques Logitech disponibles en ce moment.";"Logitech conçoit des casques orientés vers le <a href=""https://meilleurtest.fr/comparatif-casque-gamer/"">gaming</a> et les communications en ligne, avec un accent sur le confort prolongé et le <a href=""https://meilleurtest.fr/comparatif-casque-micro/"">micro intégré</a>. La gamme va du modèle abordable au <a href=""https://meilleurtest.fr/comparatif-casque-logitech-sans-fil/"">casque sans fil</a> haut de gamme avec son surround virtuel. Le logiciel de la marque permet d'ajuster l'égalisation et le micro. Ce guide vous aidera à choisir le casque Logitech adapté à votre usage."
40589;Les meilleures enceintes Alexa;https://meilleurtest.fr/comparatif-enceinte-alexa/;Audio;Vous rêvez d'une maison tout-connectée que vous pouvez contrôler depuis votre fauteuil, lit ou quand vous vous prélassez sur votre terrasse ? Depuis quelques années, de nombreuses marques ont commercialisé des enceintes intelligentes faisant tout à votre place. Les enceintes Alexa d'Amazon font partie du lot. Nous avons sélectionné dans ce guide les meilleures enceintes Alexa du moment pour vous aider à trouver celle qui vous correspond.;"Les enceintes Alexa intègrent l'assistant vocal d'Amazon pour contrôler votre musique et vos objets connectés à la voix. Elles fonctionnent aussi comme <a href=""https://meilleurtest.fr/comparatif-enceinte-wifi/"">enceinte Wi-Fi</a> pour le streaming musical. Les modèles premium rivalisent avec les <a href=""https://meilleurtest.fr/comparatif-enceinte-connectee-haut-de-gamme/"">enceintes connectées haut de gamme</a>, tandis que d'autres <a href=""https://meilleurtest.fr/comparatif-enceinte-amazon/"">enceintes Amazon</a> privilégient la compacité. Ce guide vous aidera à choisir l'enceinte Alexa la mieux adaptée à votre quotidien."
40584;Les meilleurs casques Logitech sans fil;https://meilleurtest.fr/comparatif-casque-logitech-sans-fil/;Audio;Gamer, sportifs, ou tout simplement adeptes de bons sons se ruent vers des casques de qualité Surround. On compte bien évidemment Logitech parmi les marques les plus réputées en termes de systèmes de sons nomades. Elle propose de nombreux modèles allant des casques sans fil les plus basiques, aux True Wireless et micro-casques. Nous vous invitons à découvrir les meilleurs casques Logitech sans fil du moment dans ce guide.;"Les casques Logitech sans fil se destinent aux joueurs et aux professionnels en visioconférence, avec une connexion stable par dongle USB ou Bluetooth. Ils offrent un <a href=""https://meilleurtest.fr/comparatif-casque-micro-bluetooth/"">micro intégré</a> de qualité et un confort adapté aux longues sessions. La gamme complète la version <a href=""https://meilleurtest.fr/comparatif-casque-logitech/"">filaire</a> de la marque et rivalise avec les <a href=""https://meilleurtest.fr/comparatif-casque-gamer/"">casques gamer</a> concurrents. Ce guide vous orientera vers le meilleur casque Logitech sans fil."
40583;Les meilleurs talkies-walkies Motorola;https://meilleurtest.fr/comparatif-talkie-walkie-motorola/;Audio;Vous recherchez un moyen de communication en alternative aux smartphones pour des distances variant de 2 à 10 km ? Le talkie-walkie Motorola est la solution. Que ce soit pour un usage professionnel ou privé, cet appareil saura répondre à toutes vos exigences, même dans des localités assez éloignées. Avec la marque Motorola, suivez ce guide pour découvrir les meilleurs talkies-walkies Motorola.;"Motorola propose des talkies-walkies robustes, adaptés aux loisirs de plein air comme aux usages professionnels. La marque couvre les randonnées familiales et les situations exigeantes avec des <a href=""https://meilleurtest.fr/comparatif-talkie-walkie-longue-portee/"">modèles longue portée</a>. Les amateurs de chasse trouveront des versions <a href=""https://meilleurtest.fr/comparatif-talkie-walkie-pour-chasse/"">spécialisées</a>, et les <a href=""https://meilleurtest.fr/comparatif-talkie-walkie-rechargeable/"">modèles rechargeables</a> évitent le coût des piles. Ce guide vous orientera vers le talkie-walkie Motorola adapté à votre activité."
40580;Les meilleurs casques Bluetooth Marshall;https://meilleurtest.fr/comparatif-casque-bluetooth-marshall/;Audio;"Les casques Bluetooth ont révolutionné le quotidien des mélomanes en alliant la simplicité à la praticité. Parmi les marques commercialisant cet appareil, Marshall fait partie des plus plébiscités, tant par les particuliers que par les professionnels. Vous souhaitez en acquérir un ? Nous vous invitons à consulter ce guide consacré aux <a class=""wpil_keyword_link"" title=""meilleurs casques Bluetooth"" href=""https://meilleurtest.fr/comparatif-casque-bluetooth/"" data-wpil-keyword-link=""linked"">meilleurs casques Bluetooth</a> Marshall disponibles en ce moment.";"Marshall transpose son héritage sonore de la scène vers des casques Bluetooth au design vintage reconnaissable. Le rendu chaleureux et les graves généreux séduiront les amateurs de rock et de musiques amplifiées. Face aux autres <a href=""https://meilleurtest.fr/comparatif-casque-bluetooth/"">casques Bluetooth</a>, ils se distinguent par leur identité sonore. La marque décline aussi des <a href=""https://meilleurtest.fr/comparatif-enceinte-bluetooth-marshall/"">enceintes</a> au même caractère. Ce guide vous aidera à trouver le casque Marshall adapté parmi les modèles <a href=""https://meilleurtest.fr/comparatif-casque-audio-haut-de-gamme/"">haut de gamme</a>."
40579;Les meilleurs casques bluetooth Beats;https://meilleurtest.fr/comparatif-casque-bluetooth-beats/;Audio;"Beats Music et Beats Electronic sont des noms familiers. Beats Electronic est une marque irréprochable en matière de casque filaire et Bluetooth grâce à la finesse de son émission. Raison pour laquelle la marque demeure le choix des beatmakers et des ingénieurs de son en studio. Professionnels ou particuliers amateurs de musique, les <a class=""wpil_keyword_link"" href=""https://meilleurtest.fr/comparatif-casque-bluetooth/""   title=""casques Bluetooth"" data-wpil-keyword-link=""linked"">casques Bluetooth</a> Beats sont recommandés.";"Beats associe design soigné et basses généreuses, une signature sonore qui a fait la réputation de la marque. Les <a href=""https://meilleurtest.fr/comparatif-casque-bluetooth/"">casques Bluetooth</a> actuels intègrent la puce Apple pour un appairage instantané avec l'écosystème. Certains modèles proposent la <a href=""https://meilleurtest.fr/comparatif-casques-a-reduction-de-bruit/"">réduction de bruit</a> active. Les <a href=""https://meilleurtest.fr/comparatif-ecouteurs-sans-fil-beats/"">écouteurs sans fil Beats</a> offrent une alternative compacte. Ce guide vous orientera vers le casque Bluetooth Beats adapté à vos attentes."
40578;Les meilleurs casques Bluetooth Sony;https://meilleurtest.fr/comparatif-casque-bluetooth-sony/;Audio;Marque incontournable et référence dans le domaine des équipements audio, Sony ne cesse d’innover pour être à la pointe de la technologie. Si vous êtes à la recherche d’un casque Bluetooth de haute résolution et adapté à vos besoins. Particulier ou professionnel, Sony ne pourra que vous satisfaire. Mais face à un catalogue bien rempli, le choix ne sera pas facile. Voilà pourquoi, nous avons préparé ce guide pour vous.;"Sony excelle dans les <a href=""https://meilleurtest.fr/comparatif-casques-a-reduction-de-bruit/"">casques à réduction de bruit</a> Bluetooth, avec des modèles régulièrement plébiscités pour leur qualité sonore et leur confort. La gamme Bluetooth complète les <a href=""https://meilleurtest.fr/comparatif-casque-sony/"">casques Sony</a> filaires et s'étend aux modèles <a href=""https://meilleurtest.fr/comparatif-casque-sony-sans-fil/"">sans fil</a> avec audio spatiale. La marque propose aussi des <a href=""https://meilleurtest.fr/comparatif-ecouteur-sans-fil-sony/"">écouteurs sans fil</a> dans la même lignée. Ce guide vous aidera à identifier le casque Bluetooth Sony le plus adapté."
40577;Les meilleures chaînes hifi LG;https://meilleurtest.fr/comparatif-chaine-hifi-lg/;Audio;Reproduire un son similaire autant que possible à l’original a toujours été le défi de nombreux ingénieurs. C’est de cette recherche qu’est née la chaîne hifi ou haute fidélité, un appareil qui reproduit presque à l’identique une tonalité ou une sonorité. Nombreux sont les constructeurs offrant cette qualité. Parmi eux, il y a la marque LG qui fait figure de leader dans bien des domaines. Ce guide d’achat vous fera découvrir les meilleures chaînes hifi LG du moment.;"LG propose des chaînes hi-fi polyvalentes, capables de sonoriser une pièce comme d'animer une soirée, avec Bluetooth intégré. Pour le son TV, une <a href=""https://meilleurtest.fr/comparatif-barre-de-son-lg/"">barre de son LG</a> sera plus adaptée, et une <a href=""https://meilleurtest.fr/comparatif-mini-chaine-hifi/"">mini-chaîne</a> conviendra aux espaces réduits. La gamme LG se compare utilement aux <a href=""https://meilleurtest.fr/comparatif-chaine-hifi/"">chaînes hi-fi</a> d'autres marques. Ce guide vous orientera vers la chaîne hi-fi LG adaptée à votre intérieur."
40575;Les meilleures chaînes hifi Bose;https://meilleurtest.fr/comparatif-chaine-hifi-bose/;Audio;Vous rêvez d'un appareil puissant, délivrant une bonne basse et un son haute fidélité ? Une chaîne hifi Bose est ce qu'il vous faut. Célèbre mondialement pour la qualité de ses systèmes de son aux basses profondes, la marque a toujours eu du succès auprès des audiophiles. Et pour cette raison, certains modèles se retrouvent souvent en rupture de stock. Nous tenons tout de même à vous présenter la meilleure chaîne hifi Bose ainsi que d'autres alternatives susceptibles de vous intéresser.;"Bose conçoit des chaînes hi-fi compactes au rendu sonore ample, caractéristique de la marque. Les systèmes Bose s'intègrent souvent à un <a href=""https://meilleurtest.fr/comparatif-systeme-multiroom/"">écosystème multiroom</a> pour une diffusion dans toute la maison. Les modèles <a href=""https://meilleurtest.fr/comparatif-chaine-hifi-haut-de-gamme/"">haut de gamme</a> offrent une qualité proche des installations hi-fi dédiées. Les <a href=""https://meilleurtest.fr/comparatif-enceinte-bose/"">enceintes Bose</a> complètent l'offre pour les auditeurs exigeants. Ce guide vous aidera à choisir la chaîne hi-fi Bose correspondant à votre écoute."
40574;Les meilleurs écouteurs sans fil Beats;https://meilleurtest.fr/comparatif-ecouteurs-sans-fil-beats/;Audio;Beats by Dre fait partie des marques d’écouteurs le plus recherchés sur le marché. Ses écouteurs sont conçus en privilégiant design et qualité de son haut de gamme. Mélomane, sportif, deejay, Beats a un écouteur sans fil pour vous. Vous n’aurez que l’embarras du choix parmi la large gamme de la marque. Ce guide vous permettra de faciliter vos recherches d’un écouteur sans fil Beats.;"Les écouteurs sans fil Beats combinent design reconnaissable et basses puissantes, une signature qui plaît aux amateurs de hip-hop et de pop. La puce Apple assure un appairage instantané avec l'écosystème de la marque. Certains modèles rivalisent avec les meilleurs <a href=""https://meilleurtest.fr/comparatif-ecouteurs-a-reduction-de-bruit/"">écouteurs à réduction de bruit</a>. Les <a href=""https://meilleurtest.fr/comparatif-casque-bluetooth-beats/"">casques Beats</a> offrent un format circum-aural alternatif. Ce guide vous aidera à choisir les <a href=""https://meilleurtest.fr/comparatif-ecouteur-true-wireless/"">écouteurs true wireless</a> Beats les plus adaptés."
40572;Les meilleurs écouteurs sans fil Samsung;https://meilleurtest.fr/comparatif-ecouteur-sans-fil-samsung/;Audio;"Parler de True Wireless sans évoquer la marque Samsung paraît impossible pour les amateurs de ce domaine. Les écouteurs sans fil Samsung allient innovation technologique et qualité sonore. Confortables et répondant aux besoins variés des consommateurs, ils sont dotés d'une qualité de son incomparable et de batteries à autonomie élevée. Êtes-vous à la recherche d'un modèle d'<a href=""https://meilleurtest.fr/comparatif-ecouteurs-sans-fil/"">écouteurs sans fil </a>Samsung qui pourrait transformer votre expérience d'écoute au quotidien ? Découvrez ici les meilleurs modèles d'écouteurs sans fil signés Samsung correspondant au mieux à vos besoins et à votre budget.";"Samsung propose des écouteurs sans fil intégrés à l'écosystème Galaxy, avec appairage rapide et fonctions exclusives sur ses téléphones. Les modèles actuels offrent réduction de bruit et qualité sonore soignée. Les <a href=""https://meilleurtest.fr/comparatif-oreillettes-bluetooth-samsung/"">oreillettes Bluetooth Samsung</a> offrent un format alternatif plus discret. Des options performantes existent aussi <a href=""https://meilleurtest.fr/comparatif-ecouteurs-sans-fil-a-moins-de-100-euros/"">à moins de 100 euros</a> et en version <a href=""https://meilleurtest.fr/comparatif-ecouteur-samsung/"">filaire</a>. Ce guide vous aidera à choisir les écouteurs sans fil Samsung les plus adaptés."
40571;Les meilleures chaînes hifi Philips;https://meilleurtest.fr/comparatif-chaine-hifi-philips/;Audio;Les chaînes hifi Philips se distinguent par leur technologie sonore capable de reproduire un son fidèlement tout en équilibre. D’ailleurs, la marque dispose d’une expertise avérée dans le domaine de l’électronique grand public grâce à plus de cent ans d’expérience. Si vous êtes convaincu par les performances d’une chaîne hifi Philips, notre guide d’achat vous révèle tout ce qu’il faut savoir pour orienter votre choix.;"Philips propose des chaînes hi-fi accessibles et polyvalentes, avec un bon rapport qualité-prix pour l'écoute au quotidien. La marque décline aussi des <a href=""https://meilleurtest.fr/comparatif-barre-de-son-philips/"">barres de son</a> pour le cinéma à domicile. Une <a href=""https://meilleurtest.fr/comparatif-mini-chaine-hifi/"">mini-chaîne</a> conviendra aux espaces réduits, tandis que les <a href=""https://meilleurtest.fr/comparatif-chaine-hifi/"">chaînes hi-fi</a> toutes marques offriront un choix plus large. Ce guide vous aidera à choisir la chaîne hi-fi Philips adaptée à votre budget."
40566;Les meilleurs écouteurs sans fil Sony;https://meilleurtest.fr/comparatif-ecouteur-sans-fil-sony/;Audio;Vous souhaitez profiter au maximum de vos meilleures chansons, séries et programmes préférés, prêtez attention à la qualité du son. Et afin d'apprécier cela en toutes circonstances, vous aurez besoin d'un bon dispositif audio incluant des écouteurs sans fil performants. Voici pourquoi, on a choisi de vous présenter un comparatif des meilleurs écouteurs sans fil Sony disponibles en ce moment.;"Sony est une référence en matière d'écouteurs sans fil, avec des modèles régulièrement primés pour leur <a href=""https://meilleurtest.fr/comparatif-ecouteurs-a-reduction-de-bruit/"">réduction de bruit</a> et leur qualité sonore. La gamme couvre aussi bien l'usage quotidien que l'écoute audiophile. Les <a href=""https://meilleurtest.fr/comparatif-casque-bluetooth-sony/"">casques Bluetooth Sony</a> offrent un format circum-aural alternatif, et les <a href=""https://meilleurtest.fr/comparatif-casque-sony/"">casques Sony</a> filaires complètent la gamme. Ce guide vous aidera à choisir les écouteurs sans fil Sony les plus adaptés à votre usage."
40562;Les meilleures barres de son Philips;https://meilleurtest.fr/comparatif-barre-de-son-philips/;Audio;Philips propose un large catalogue de barres de son répondant à différents besoins et à différents budgets. Les barres de son Philips vous feront profiter d’une expérience sonore unique sur différents types de contenu, des films à la musique, en passant par des séries et des émissions de télévision. Bien évidemment, si vous comptez vous procurez une barre de son Philips, il faudra choisir entre une vingtaine de modèles différents. Ce guide est là pour vous aider à faire le tri.;"Philips propose des barres de son offrant un bon rapport qualité-prix pour améliorer le son de votre <a href=""https://meilleurtest.fr/comparatif-televiseur/"">téléviseur</a>. Certains modèles intègrent le Dolby Atmos ou un caisson sans fil. Pour un son TV encore plus complet, un <a href=""https://meilleurtest.fr/comparatif-home-cinema/"">système home cinéma</a> dédié conviendra mieux. La marque décline aussi des <a href=""https://meilleurtest.fr/comparatif-chaine-hifi-philips/"">chaînes hi-fi Philips</a> pour l'écoute musicale. Ce guide vous aidera à choisir la barre de son Philips adaptée à votre salon."
40556;Les meilleures chaînes hifi Sony;https://meilleurtest.fr/comparatif-chaine-hifi-sony/;Audio;Marque réputée et incontournable dans le domaine de l'électronique grand public, Sony a toujours su devancer ses concurrents en proposant aux consommateurs des appareils qui profitent d’une qualité générale d’exception dont des chaînes hifi pour toutes les bourses. Découvrez donc via ce guide en quoi les chaînes hifi Sony font office de figure d’excellence.;"Sony propose des chaînes hi-fi combinant puissance et fonctions connectées, avec Bluetooth, Wi-Fi et compatibilité haute résolution. La marque décline aussi des <a href=""https://meilleurtest.fr/comparatif-barre-de-son-sony/"">barres de son</a> pour le cinéma à domicile et des <a href=""https://meilleurtest.fr/comparatif-enceinte-bluetooth-sony/"">enceintes Bluetooth</a> nomades. Les modèles <a href=""https://meilleurtest.fr/comparatif-chaine-hifi-haut-de-gamme/"">haut de gamme</a> offrent une qualité sonore remarquable pour les auditeurs exigeants. Ce guide vous aidera à choisir la chaîne hi-fi Sony correspondant à votre usage."
40553;Les meilleurs casques JBL sans fil;https://meilleurtest.fr/comparatif-casque-jbl-sans-fil/;Audio;Vous rêvez d'un casque sans fil à la fois puissant, abordable et confortable ? JBL, la marque américaine spécialisée dans les produits high-tech, propose des modèles de haute qualité, adapté à tous les audiophiles et amateurs de bon son. Supra auriculaire, circum auriculaire, avec ou sans réduction de bruit…, nous avons réuni dans ce guide les meilleurs casques JBL sans fil du moment pour vous aider à trouver votre bonheur.;"Les casques JBL sans fil se distinguent par leur signature sonore énergique et leur autonomie généreuse. Ils offrent un bon rapport qualité-prix face aux autres <a href=""https://meilleurtest.fr/comparatif-casque-bluetooth/"">casques Bluetooth</a> du marché. La gamme complète les <a href=""https://meilleurtest.fr/comparatif-casque-jbl/"">casques JBL</a> filaires et s'étend aux <a href=""https://meilleurtest.fr/comparatif-ecouteur-sans-fil-jbl/"">écouteurs sans fil JBL</a> pour un format plus compact. Ce guide vous aidera à choisir le casque JBL sans fil le mieux adapté à vos besoins."
40551;Les meilleurs casques Bose sans fil;https://meilleurtest.fr/comparatif-casque-bose-sans-fil/;Audio;Écouter de la musique avec un niveau sonore excellent est une expérience qui peut changer le quotidien. Avantagé par son excellente technologie de réduction active de bruit, le casque Bose sans fil offre une véritable innovation sonore. Il peut être opérationnel dans n’importe quel endroit, même dans des lieux assez bruyants. Mais, quel modèle pourra convenir à vos attentes ? Ce guide des meilleurs casques Bose sans fil vous aidera dans votre choix.;"Les casques Bose sans fil sont plébiscités pour leur <a href=""https://meilleurtest.fr/comparatif-casques-a-reduction-de-bruit/"">réduction de bruit</a> parmi les plus efficaces du marché et leur confort sur les longs trajets. Chaque modèle offre un son équilibré et une application de personnalisation. La gamme filaire des <a href=""https://meilleurtest.fr/comparatif-casque-bose/"">casques Bose</a> convient au studio, et les <a href=""https://meilleurtest.fr/comparatif-ecouteur-sans-fil-bose/"">écouteurs sans fil</a> offrent un format plus discret. Ce guide vous orientera vers le casque Bose sans fil adapté à vos habitudes."
40549;Les meilleures oreillettes Bluetooth Samsung;https://meilleurtest.fr/comparatif-oreillettes-bluetooth-samsung/;Audio;Galaxy Buds regroupe la dernière génération d’oreillettes Bluetooth de Samsung. Le premier modèle a été lancé en 2019. Cette gamme a remplacé la série Gear IconX et a été intégrée à l'écosystème Galaxy. Aujourd'hui, vous trouverez cinq modèles de Galaxy Buds différents, chacun avec des conceptions, des fonctionnalités et des prix différents. Ce guide est là pour vous aider à trouver les oreillettes Bluetooth Samsung qui correspondent le mieux à vos besoins.;"Les oreillettes Bluetooth Samsung offrent une intégration poussée avec les téléphones Galaxy et des fonctions exclusives comme le partage audio. Plus discrètes qu'un casque, elles conviennent aux appels et à l'écoute quotidienne. Les <a href=""https://meilleurtest.fr/comparatif-ecouteur-sans-fil-samsung/"">écouteurs sans fil Samsung</a> offrent un format intra-auriculaire, et les <a href=""https://meilleurtest.fr/comparatif-mini-oreillette-bluetooth/"">mini-oreillettes</a> un design encore plus compact. Des modèles performants existent aussi <a href=""https://meilleurtest.fr/comparatif-ecouteur-sans-fil-pas-cher/"">à petit prix</a>. Ce guide vous aidera à choisir la meilleure oreillette Bluetooth Samsung."
40546;Les meilleures enceintes bluetooth Sony;https://meilleurtest.fr/comparatif-enceinte-bluetooth-sony/;Audio;Marque réputée dans le domaine de l'électronique grand public, Sony a toujours su proposer aux consommateurs des appareils révolutionnaires. Si vous cherchez des enceintes nomades, bluetooth, performantes et abordables, celles de Sony ne décevront pas. Pour vous, nous avons cherché les meilleures enceintes bluetooth Sony du marché. Nous vous proposons également nos conseils avisés pour en choisir une.;"Sony décline des enceintes Bluetooth allant du modèle compact et étanche au haut-parleur de salon puissant. La qualité sonore caractérise la gamme, avec le codec LDAC pour un streaming haute résolution. Les <a href=""https://meilleurtest.fr/comparatif-enceinte-bluetooth/"">enceintes Bluetooth</a> toutes marques offrent un choix plus large. Les <a href=""https://meilleurtest.fr/comparatif-barre-de-son-sony/"">barres de son Sony</a> conviendront au cinéma, et les <a href=""https://meilleurtest.fr/comparatif-chaine-hifi-sony/"">chaînes hi-fi Sony</a> à l'écoute sédentaire. Ce guide vous aidera à choisir l'enceinte Bluetooth Sony adaptée à votre usage."
40545;Les meilleures enceintes bluetooth Marshall;https://meilleurtest.fr/comparatif-enceinte-bluetooth-marshall/;Audio;Les enceintes bluetooth font partie des appareils audio les plus demandés en ce moment. Les amateurs ont l'embarras du choix, ce qui peut compliquer les recherches. Pour être sûr de trouver le bon modèle, il faut privilégier les marques qui ont fait leurs preuves, notamment la marque américaine Marshall. Afin de faciliter vos recherches, nous avons rédigé un guide consacré aux meilleures enceintes bluetooth Marshall pour cette année.;"Marshall transpose l'esthétique de ses amplificateurs de guitare dans des enceintes Bluetooth au caractère sonore affirmé. Revêtement vinyle et boutons dorés confèrent à chaque modèle un style distinctif. La gamme inclut aussi des <a href=""https://meilleurtest.fr/comparatif-enceinte-marshall/"">enceintes filaires</a>. Les <a href=""https://meilleurtest.fr/comparatif-enceinte-bluetooth-nomade/"">enceintes Bluetooth nomades</a> d'autres marques ou les modèles <a href=""https://meilleurtest.fr/comparatif-enceinte-bluetooth-haut-de-gamme/"">haut de gamme</a> offrent des alternatives. Ce guide vous orientera vers l'enceinte Bluetooth Marshall la plus adaptée à vos goûts."
40543;Les meilleurs casques bluetooth JBL;https://meilleurtest.fr/comparatif-casque-bluetooth-jbl/;Audio;"JBL a une solide réputation sur le marché des équipements audio, y compris pour les <a class=""wpil_keyword_link"" href=""https://meilleurtest.fr/comparatif-casque-bluetooth/""   title=""casques Bluetooth"" data-wpil-keyword-link=""linked"">casques Bluetooth</a>. Que vous soyez un audiophile, un mélomane ou un gamer hardcore, vous trouverez assurément un casque qui répondra à vos besoins dans le catalogue de la marque américaine. En réalisant ce guide, notre but est de faciliter votre recherche d’un casque Bluetooth JBL et vous donner les informations nécessaires afin de choisir en connaissance de cause.";"Les casques Bluetooth JBL séduisent par leur son généreux et leur autonomie confortable à un prix accessible. La marque propose des modèles avec réduction de bruit et des versions <a href=""https://meilleurtest.fr/comparatif-casque-jbl-sans-fil/"">sans fil</a> évoluées. Les <a href=""https://meilleurtest.fr/comparatif-casque-jbl/"">casques JBL</a> filaires offrent un prix encore plus bas, et les <a href=""https://meilleurtest.fr/comparatif-ecouteur-sans-fil-jbl/"">écouteurs sans fil JBL</a> conviendront aux amateurs de compacité. Ce guide vous orientera vers le casque Bluetooth JBL adapté à votre budget."
40538;Les meilleures barres de son Sony;https://meilleurtest.fr/comparatif-barre-de-son-sony/;Audio;Sony fait partie des pionniers de l'industrie audio. L'entreprise nipponne n'a pas manqué le virage menant vers les appareils et équipements révolutionnaires que sont les barres de son. Bien au contraire, elle propose quelques-uns des modèles les plus demandés en ce moment, modèles que nous vous invitons à découvrir dans le guide d'achat suivant.;"Sony propose des barres de son réputées pour leur rendu sonore immersif et leur compatibilité native avec les téléviseurs de la marque. Les modèles <a href=""https://meilleurtest.fr/comparatif-barre-de-son-dolby-atmos/"">Dolby Atmos</a> créent un son tridimensionnel saisissant. Pour un système plus complet, un <a href=""https://meilleurtest.fr/comparatif-home-cinema/"">home cinéma</a> dédié sera plus adapté. Les <a href=""https://meilleurtest.fr/comparatif-chaine-hifi-sony/"">chaînes hi-fi Sony</a> conviendront à l'écoute musicale pure. Ce guide vous aidera à choisir la barre de son Sony adaptée à votre salon."
40527;Les meilleures radios Lexon;https://meilleurtest.fr/comparatif-radio-lexon/;Audio;Marque menée d'une main de maître par des dirigeants en perpétuelle quête d'évolution et de modernité, Lexon conçoit de nombreux objets design et pratiques au quotidien. Établie sur le marché des petits appareils High-tech depuis plus de deux décennies, elle a rapidement conquis les amateurs de produits connectés et portables remis au goût du jour. Si vous aussi vous faites partie des fans de Lexon, ce guide des meilleures radios Lexon fera votre bonheur.;"Lexon conçoit des radios au design contemporain et minimaliste, aussi agréables à regarder qu'à écouter. Ces postes compacts trouvent leur place sur un bureau ou une table de nuit. Pour une réception numérique, les <a href=""https://meilleurtest.fr/comparatif-poste-radio-dab-plus/"">postes DAB+</a> offrent plus de stations, et une <a href=""https://meilleurtest.fr/comparatif-radio-internet-wifi/"">radio internet</a> donne accès aux stations du monde entier. Une <a href=""https://meilleurtest.fr/comparatif-enceinte-bluetooth/"">enceinte Bluetooth</a> sera plus polyvalente. Ce guide vous orientera vers la radio Lexon correspondant à vos goûts."
40523;Les meilleurs talkies-walkies Baofeng;https://meilleurtest.fr/comparatif-talkies-walkies-baofeng/;Audio;"Si vous recherchez <a href=""//meilleurtest.fr/comparatif-talkie-walkie-pour-chasse/?wordpress_logged_in=true"">un talkie-walkie</a>, vous verrez tôt ou tard des produits de Baofeng. C'est particulièrement le cas si vous souhaitez acheter une radio amateur longue portée. Cette marque propose des produits qui ont des fonctionnalités extraordinaires à un prix tout à fait abordable. Si vous aussi vous voulez essayer les talkies-walkies Baofeng pour vous accompagner lors de vos randonnées ou autres sorties et activités hors réseau, lisez ce guide : nous vous y indiquons les meilleurs produits Baofeng du moment et comment les choisir en fonction de vos besoins.";"Baofeng propose des talkies-walkies abordables et puissants, prisés des radioamateurs et des utilisateurs exigeants. La marque se distingue par des modèles programmables couvrant de nombreuses fréquences. Pour les randonnées en famille, des <a href=""https://meilleurtest.fr/comparatif-talkie-walkie/"">talkies-walkies</a> PMR446 plus simples conviendront. Les modèles <a href=""https://meilleurtest.fr/comparatif-talkie-walkie-longue-portee/"">longue portée</a> intéresseront les professionnels, et les versions <a href=""https://meilleurtest.fr/comparatif-talkie-walkie-rechargeable/"">rechargeables</a> réduiront le coût d'usage. Ce guide vous aidera à choisir le talkie-walkie Baofeng adapté à votre pratique."
40513;Les meilleures barres de son Yamaha;https://meilleurtest.fr/comparatif-barre-de-son-yamaha/;Audio;"Vous cherchez un moyen pour profiter de bons sons, mais l’espace manque pour une grande installation stéréo ? C’est d’une barre de son dont vous avez besoin. Ces dernières années, cet équipement s’est largement démocratisé, grâce aux groupes tels que Yamaha qui proposent quelques-unes des <a class=""wpil_keyword_link"" href=""https://meilleurtest.fr/comparatif-barre-de-son/""   title=""meilleures barres de son"" data-wpil-keyword-link=""linked"">meilleures barres de son</a> disponibles en ce moment. Nous vous présentons ces modèles dans le comparatif suivant.";"Yamaha applique son expertise acoustique à des barres de son au rendu riche et détaillé. Certains modèles intègrent un <a href=""https://meilleurtest.fr/comparatif-barre-de-son-5-1/"">système 5.1</a> virtuel, d'autres adoptent le Dolby Atmos. Pour une expérience cinéma complète, un <a href=""https://meilleurtest.fr/comparatif-home-cinema/"">home cinéma</a> dédié conviendra mieux. La marque décline aussi des <a href=""https://meilleurtest.fr/comparatif-ampli-hifi-yamaha/"">amplis hi-fi</a> pour les mélomanes. Ce guide vous orientera vers la barre de son Yamaha la plus adaptée à votre installation."
40505;Les meilleures barres de son JBL;https://meilleurtest.fr/comparatif-barre-de-son-jbl/;Audio;"Le nom de JBL est aujourd’hui sur toutes les lèvres et la raison en est simple. Par ses multiples innovations technologiques, cette marque a littéralement révolutionné le marché des systèmes audio, et cela, depuis sa création officielle en 1946. Si vous envisagez d’acheter une barre de son JBL afin de parfaire votre expérience <a class=""wpil_keyword_link"" href=""https://meilleurtest.fr/comparatif-home-cinema/""   title=""home cinéma"" data-wpil-keyword-link=""linked"">home cinéma</a>, découvrez dans ce guide notre sélection ultime des 4 best-sellers qui font la fierté de l’enseigne.";"JBL propose des barres de son à la signature sonore généreuse, avec des basses profondes caractéristiques de la marque. Les modèles se connectent en <a href=""https://meilleurtest.fr/comparatif-barre-de-son-bluetooth/"">Bluetooth</a> à votre téléphone pour la musique et en HDMI au <a href=""https://meilleurtest.fr/comparatif-barre-de-son-tv/"">téléviseur</a> pour les films. La gamme d'<a href=""https://meilleurtest.fr/comparatif-enceinte-bluetooth-jbl/"">enceintes Bluetooth JBL</a> complète l'offre pour l'écoute nomade. Ce guide vous aidera à choisir la barre de son JBL adaptée à votre salon."
40479;Les meilleures barres de son LG;https://meilleurtest.fr/comparatif-barre-de-son-lg/;Audio;"Il ne suffit pas d’avoir une bonne et grande télévision pour avoir un <a class=""wpil_keyword_link"" title=""home cinéma"" href=""https://meilleurtest.fr/comparatif-home-cinema/"" data-wpil-keyword-link=""linked"">home cinéma</a> : dans bien des cas, il vous faudra des barres de son apportent un réalisme sonore qui complètera le rendu final. LG en conçoit et en commercialise beaucoup, mais la réputation de la marque constitue-t-elle un gage de performance infaillible ? Que valent <a href=""https://meilleurtest.fr/comparatif-barre-de-son/"">les barres de son</a> LG en réalité ? On vous dit tout dans ce guide.";"LG conçoit des barres de son pensées pour fonctionner en synergie avec ses téléviseurs, grâce à des protocoles de connexion simplifiés. Les modèles <a href=""https://meilleurtest.fr/comparatif-barre-de-son-dolby-atmos/"">Dolby Atmos</a> offrent un son immersif pour le cinéma à domicile. Pour un système plus complet, un <a href=""https://meilleurtest.fr/comparatif-home-cinema/"">home cinéma</a> dédié conviendra. La marque propose aussi des <a href=""https://meilleurtest.fr/comparatif-chaine-hifi-lg/"">chaînes hi-fi LG</a> pour l'écoute musicale. Ce guide vous aidera à choisir la barre de son LG adaptée à votre installation."
40476;Les meilleurs écouteurs sans fil JBL;https://meilleurtest.fr/comparatif-ecouteur-sans-fil-jbl/;Audio;"De la musique partout et à tout moment ? JBL en a fait son affaire ! La marque est une référence pour les appareils audio : écouteurs, casques, enceintes, haut-parleurs voiture et bien d'autres. Si les <a href=""https://meilleurtest.fr/comparatif-ecouteurs-sans-fil/"">écouteurs sans fil</a> JBL ont tellement la cote, c’est surtout en raison de leur signature sonore exceptionnelle, sans oublier leur robustesse et leur insertion facile dans les conduits auditifs. Mais lesquels choisir ? Pour vous aider, nous avons réalisé ce guide des meilleurs écouteurs sans fil JBL.";"Ce guide vous aidera à identifier les meilleurs écouteurs sans fil JBL selon vos usages. Vous y découvrirez une analyse de l'autonomie, du confort et de la restitution sonore propres à la gamme JBL. Vous pourrez aussi consulter nos sélections de <a href=""https://meilleurtest.fr/comparatif-casque-jbl/"">casques JBL</a>, de <a href=""https://meilleurtest.fr/comparatif-casque-bluetooth-jbl/"">casques bluetooth JBL</a>, de <a href=""https://meilleurtest.fr/comparatif-casque-jbl-sans-fil/"">casques JBL sans fil</a> et d'<a href=""https://meilleurtest.fr/comparatif-enceinte-bluetooth-jbl/"">enceintes bluetooth JBL</a>. Ce comparatif vous orientera vers les écouteurs sans fil JBL les plus convaincants."
40459;Les meilleurs écouteurs sans fil Bose;https://meilleurtest.fr/comparatif-ecouteur-sans-fil-bose/;Audio;"Les <a href=""https://meilleurtest.fr/comparatif-ecouteurs-sans-fil/"">écouteurs sans fil</a> sont devenus incontournables aux yeux des amateurs de musique et d'écoute nomade. La marque américaine Bose, une référence mondiale en ce qui concerne les appareils et équipements audio, propose d'ailleurs des écouteurs sans fil adaptés à tous les besoins. De manière générale, les écouteurs sans fil Bose offrent une technologie de réduction de bruit incroyable, une liaison Bluetooth sans latence et une autonomie satisfaisante. Pour vous aider à faire le tri parmi les offres de cette marque, découvrez notre sélection des meilleurs écouteurs sans fil Bose pour cette année.";"Ce guide vous présentera les meilleurs écouteurs sans fil Bose disponibles. Vous découvrirez une évaluation de la réduction de bruit, du confort et de la qualité audio de chaque modèle Bose. Nos comparatifs de <a href=""https://meilleurtest.fr/comparatif-casque-bose/"">casques Bose</a>, de <a href=""https://meilleurtest.fr/comparatif-casque-bose-sans-fil/"">casques Bose sans fil</a>, d'<a href=""https://meilleurtest.fr/comparatif-enceinte-bluetooth-bose/"">enceintes bluetooth Bose</a> et de <a href=""https://meilleurtest.fr/comparatif-barre-de-son-bose/"">barres de son Bose</a> compléteront votre recherche. Ce comparatif vous orientera vers les écouteurs sans fil Bose adaptés à vos attentes."
40452;Les meilleures barres de son Samsung;https://meilleurtest.fr/comparatif-barre-de-son-samsung/;Audio;"Samsung, le plus grand fabricant de téléviseurs au monde, est connu pour ses téléviseurs de classe mondiale : leurs modèles 4K établissent les normes que tous les autres fabricants cherchent à battre. La marque fabrique également certaines des <a class=""wpil_keyword_link"" title=""meilleures barres de son"" href=""https://meilleurtest.fr/comparatif-barre-de-son/"" data-wpil-keyword-link=""linked"">meilleures barres de son</a> de l’industrie, et elles valent la peine d’être examinées pour tous ceux qui souhaitent ajouter un peu de « punch » à leur téléviseur, même si ce téléviseur n’est pas un Samsung.";"Ce guide vous permettra de comparer les meilleures barres de son Samsung du marché. Vous y trouverez une analyse des performances sonores, de la connectivité et de la compatibilité avec votre installation. Nos sélections de <a href=""https://meilleurtest.fr/comparatif-barre-de-son-tv/"">barres de son TV</a>, de <a href=""https://meilleurtest.fr/comparatif-barre-de-son-5-1/"">barres de son 5.1</a>, de <a href=""https://meilleurtest.fr/comparatif-barre-de-son-dolby-atmos/"">barres de son Dolby Atmos</a> et de <a href=""https://meilleurtest.fr/comparatif-casque-bluetooth-pour-tv-samsung/"">casques bluetooth pour TV Samsung</a> pourront aussi vous intéresser. Ce comparatif vous guidera vers les barres de son Samsung les plus performantes."
40450;Les meilleures enceintes bluetooth Bose;https://meilleurtest.fr/comparatif-enceinte-bluetooth-bose/;Audio;Vous vous êtes tourné vers la marque Bose en vue d’acquérir une nouvelle enceinte Bluetooth, c’est déjà un pas de fait. Vous devez maintenant arrêter votre choix sur un de ses produits, un choix qui n’est pas facile. Nous avons préparé ce petit guide pour vous conforter dans le choix de la marque et pour vous orienter vers une enceinte qui vous ressemble.;"Vous découvrirez dans ce guide les meilleures enceintes bluetooth Bose du moment. Vous y trouverez une analyse de la puissance, de la portabilité et de la qualité sonore de chaque modèle. Nos comparatifs d'<a href=""https://meilleurtest.fr/comparatif-enceinte-bose/"">enceintes Bose</a>, de <a href=""https://meilleurtest.fr/comparatif-casque-bose/"">casques Bose</a>, d'<a href=""https://meilleurtest.fr/comparatif-ecouteur-sans-fil-bose/"">écouteurs sans fil Bose</a> et de <a href=""https://meilleurtest.fr/comparatif-barre-de-son-bose/"">barres de son Bose</a> compléteront votre recherche. Ce guide vous orientera vers les enceintes bluetooth Bose les mieux adaptées à vos besoins."
40447;Les meilleures barres de son Bose;https://meilleurtest.fr/comparatif-barre-de-son-bose/;Audio;"Les barres de son permettent d’améliorer la qualité de son d’un <a href=""https://meilleurtest.fr/comparatif-televiseur/"">téléviseur</a>. Elles intègrent des haut-parleurs offrant un rendu clair, riche et immersif. Ainsi, ces appareils permettent de profiter de contenus multimédias variés comme le streaming, des musiques ou encore des vidéos. Si vous cherchez une barre de son fiable, notez que la marque Bose propose d’excellents appareils. Voici un guide des meilleures barres de son Bose du moment.";"Ce guide vous présentera les meilleures barres de son Bose pour améliorer votre installation home cinéma. Vous découvrirez une analyse de la spatialisation, de la connectivité et du rendu sonore de chaque modèle. Nos guides sur les <a href=""https://meilleurtest.fr/comparatif-casque-bose/"">casques Bose</a>, les <a href=""https://meilleurtest.fr/comparatif-enceinte-bluetooth-bose/"">enceintes bluetooth Bose</a> et les <a href=""https://meilleurtest.fr/comparatif-barre-de-son-dolby-atmos/"">barres de son Dolby Atmos</a> compléteront votre recherche. Ce comparatif vous aidera à choisir les barres de son Bose les plus performantes."
40443;Les meilleurs AirPods;https://meilleurtest.fr/comparatif-airpod/;Audio;"Si vous êtes un fan des produits Apple, vous devez sûrement ressentir ce désir de vous plonger encore plus dans leur univers, non ? Avec les AirPods, cette envie devient vraiment difficile à résister : leur autonomie est impressionnante, jusqu'à 5 heures d'écoute d'affilée, et une recharge ultrarapide de 15 minutes vous donne jusqu’à 3 heures de plus. Et ces <a href=""https://meilleurtest.fr/comparatif-ecouteurs/"">écouteurs</a> ont un style minimaliste et fonctionnent très bien avec Siri. Jetez un coup d'œil à notre comparatif exclusif pour découvrir ce qui se fait de mieux en matière de son.";"Ce guide vous aidera à choisir les meilleurs AirPods selon vos usages et votre budget. Vous découvrirez une analyse détaillée du confort, de l'autonomie et de la réduction de bruit de chaque modèle. Nos comparatifs d'<a href=""https://meilleurtest.fr/comparatif-ecouteurs-sans-fil-apple/"">écouteurs sans fil Apple</a>, d'<a href=""https://meilleurtest.fr/comparatif-ecouteur-sans-fil-pour-iphone/"">écouteurs sans fil pour iPhone</a>, d'<a href=""https://meilleurtest.fr/comparatif-ecouteurs-a-reduction-de-bruit/"">écouteurs à réduction de bruit</a> et d'<a href=""https://meilleurtest.fr/comparatif-ecouteur-true-wireless/"">écouteurs true wireless</a> compléteront votre recherche. Ce comparatif vous orientera vers les AirPods les mieux adaptés à vos besoins."
40442;Les meilleurs écouteurs Samsung;https://meilleurtest.fr/comparatif-ecouteur-samsung/;Audio;« Inspirer le monde, créer le futur », c’est avec ce leitmotiv que Samsung a conquis les cœurs. Cette vision se sent notamment à travers les écouteurs du géant coréen de l'électronique. En effet, les écouteurs Samsung allient technologie, créativité et design. Que valent réellement ces accessoires mondialement réputés auprès des inconditionnels ? Parlons-en dans ce guide d’achat sur les meilleurs écouteurs Samsung.;"Ce guide vous présentera les meilleurs écouteurs Samsung, filaires et sans fil. Vous y trouverez une analyse du confort, de la qualité sonore et de l'intégration avec l'écosystème Samsung. Nos comparatifs d'<a href=""https://meilleurtest.fr/comparatif-ecouteur-sans-fil-samsung/"">écouteurs sans fil Samsung</a>, d'<a href=""https://meilleurtest.fr/comparatif-oreillettes-bluetooth-samsung/"">oreillettes bluetooth Samsung</a> et de <a href=""https://meilleurtest.fr/comparatif-casque-bluetooth-pour-tv-samsung/"">casques bluetooth pour TV Samsung</a> pourront aussi vous intéresser. Ce comparatif vous guidera vers les écouteurs Samsung les plus adaptés à vos attentes."
40396;Les meilleurs dictaphones rapport qualité/prix;https://meilleurtest.fr/comparatif-dictaphones-rapport-qualite-prix/;Audio;"Les dictaphones ont longtemps accompagné notre quotidien pour des prises de notes verbales. Ils ont été conçus autant pour des <a href=""https://meilleurtest.fr/comparatif-enregistreur-numerique/"">enregistrements vocaux</a> à des fins professionnelles que personnelles. Mais comment trouver le meilleur face à la multitude proposée sur le marché ? Pour mieux vous orienter, voici un guide d’achat sur les dictaphones rapport qualité/prix.";"Ce guide vous aidera à trouver les meilleurs dictaphones au meilleur rapport qualité-prix. Vous découvrirez une analyse de la qualité d'enregistrement, de l'autonomie et de la facilité d'utilisation de chaque modèle. Nos comparatifs de <a href=""https://meilleurtest.fr/comparatif-microphone/"">microphones</a>, de <a href=""https://meilleurtest.fr/comparatif-micro-usb/"">micros USB</a>, de <a href=""https://meilleurtest.fr/comparatif-micro-cravate/"">micros cravate</a> et de <a href=""https://meilleurtest.fr/comparatif-micro-pour-smartphone/"">micros pour smartphone</a> pourront compléter votre recherche. Ce comparatif vous orientera vers les dictaphones offrant le meilleur rapport qualité-prix."
40375;Les meilleures enceintes bluetooth à moins de 100 euros;https://meilleurtest.fr/comparatif-enceinte-bluetooth-a-moins-de-100-euros/;Audio;"Équipement sonore compact, l’enceinte bluetooth à moins de 100 euros, également appelée enceinte portable, s’invite partout. À la maison, dans la voiture ou en pleine promenade, ce <a href=""https://meilleurtest.fr/comparatif-haut-parleur-voiture/"">haut-parleur</a> non filaire constitue un compagnon de choix des amateurs de musique. Quelle enceinte bluetooth à moins de 100 euros choisir ? Où en acheter et sur la base de quels critères ?";"Ce guide vous présentera les meilleures enceintes bluetooth à moins de 100 euros. Vous y trouverez une analyse de la puissance, de l'autonomie et de la qualité sonore de chaque modèle. Nos comparatifs d'<a href=""https://meilleurtest.fr/comparatif-enceinte-bluetooth-a-moins-de-50-euros/"">enceintes bluetooth à moins de 50 euros</a>, d'<a href=""https://meilleurtest.fr/comparatif-enceinte-bluetooth-pas-chere/"">enceintes bluetooth pas chères</a>, d'<a href=""https://meilleurtest.fr/comparatif-enceinte-bluetooth-nomade/"">enceintes bluetooth nomades</a> et d'<a href=""https://meilleurtest.fr/comparatif-enceinte-portable-a-batterie/"">enceintes portables à batterie</a> compléteront votre recherche. Ce comparatif vous guidera vers les enceintes bluetooth à moins de 100 euros les plus performantes."
40343;Les meilleurs casques TV filaires;https://meilleurtest.fr/comparatif-casque-tv-filaire/;Audio;"Vous aimez les séances TV, affalés dans votre canapé ? Et l'expérience est d'autant plus jouissive quand vous pouvez mettre le volume à fond ? C'est tout à fait compréhensible. En revanche, vos proches et vos voisins risquent de ne pas apprécier. La solution à cela : un bon <a href=""https://meilleurtest.fr/comparatif-casque-studio/"">casque</a> TV filaire. Et justement, nous vous avons sélectionné les meilleurs modèles disponibles en ce moment.";"Ce guide vous aidera à choisir les meilleurs casques TV filaires pour profiter de vos programmes sans déranger votre entourage. Vous découvrirez une analyse du confort, de la qualité sonore et de la longueur de câble de chaque modèle. Nos comparatifs de <a href=""https://meilleurtest.fr/comparatif-casque-tv-sans-fil/"">casques TV sans fil</a>, de <a href=""https://meilleurtest.fr/comparatif-casque-audio-filaire/"">casques audio filaires</a> et de <a href=""https://meilleurtest.fr/comparatif-casque-circum-aural/"">casques circum-auraux</a> pourront aussi vous intéresser. Ce comparatif vous orientera vers les casques TV filaires les plus adaptés."
40305;Les meilleurs écouteurs pour l'avion;https://meilleurtest.fr/comparatif-ecouteurs-pour-l-avion/;Audio;"Près d’un <a href=""https://www.c2.care/fr/aviophobie-peur-avion/"">adulte sur quatre</a> devient anxieux lorsqu’il prend l’avion. C’est ce qu’on appelle l'aérodromophobie ou l'aviophobie. Mais puisque la musique adoucit les mœurs, le moyen efficace pour vous déstresser s’avère être l’usage d’écouteurs pour l’avion. Bien sûr, le <a href=""https://meilleurtest.fr/comparatif-casques-a-reduction-de-bruit/"" target=""_blank"" rel=""noopener"">casque à réduction de bruit</a> peut-être une alternative intéressante si vous n’avez aucun problème avec l’encombrement. Filaires ou sans fil, trouvez les meilleurs écouteurs pour l’avion en lisant ce comparatif.";"Ce guide vous présentera les meilleurs écouteurs pour l'avion, pensés pour isoler du bruit et offrir un confort longue durée. Vous découvrirez une analyse de la réduction de bruit, de l'autonomie et de l'ergonomie de chaque modèle. Nos comparatifs d'<a href=""https://meilleurtest.fr/comparatif-ecouteurs-a-reduction-de-bruit/"">écouteurs à réduction de bruit</a>, de <a href=""https://meilleurtest.fr/comparatif-casques-a-reduction-de-bruit/"">casques à réduction de bruit</a> et d'<a href=""https://meilleurtest.fr/comparatif-ecouteurs-intra-auriculaires-a-reduction-de-bruit/"">écouteurs intra-auriculaires à réduction de bruit</a> compléteront votre recherche. Ce comparatif vous orientera vers les écouteurs pour l'avion les plus efficaces."
40280;Les meilleures tables de mixage pour débutant;https://meilleurtest.fr/comparatif-table-de-mixage-pour-debutant/;Audio;"En studio, sur scène comme à la maison, <a href=""https://meilleurtest.fr/comparatif-table-de-mixage/"">une table de mixage</a> est l’équipement essentiel pour s’initier dans milieu du DJing, mais aussi pour le live streaming. Elle vous permet de combiner plusieurs signaux sonores jusqu’à obtenir une seule piste. Mais pour réussir le mixage, tout en apprenant les techniques de stractch, encore faut-il trouver la table de mixage qui vous convient. Table de mixage analogique ou numérique, sans compter les diverses fonctionnalités et les détails techniques, pas facile de s’y retrouver. Pour vous aider, découvrez ici notre sélection des 4 meilleures tables de mixage pour débutant du moment.";"Ce guide vous aidera à choisir les meilleures tables de mixage pour débutant. Vous y découvrirez une analyse des fonctionnalités, de la prise en main et du rapport qualité-prix de chaque modèle. Nos comparatifs de <a href=""https://meilleurtest.fr/comparatif-table-de-mixage/"">tables de mixage</a>, de <a href=""https://meilleurtest.fr/comparatif-controleur-dj/"">contrôleurs DJ</a>, de <a href=""https://meilleurtest.fr/comparatif-launchpad/"">launchpads</a> et de <a href=""https://meilleurtest.fr/comparatif-microphone/"">microphones</a> pourront aussi vous intéresser. Ce comparatif vous orientera vers les tables de mixage pour débutant les plus adaptées."
40245;Les meilleurs casques audio à moins de 50 euros;https://meilleurtest.fr/comparatif-casque-audio-a-moins-de-50-euros/;Audio;"Dans la rue, les transports en commun, au bureau, à la maison… Les casques audio sont devenus incontournables dans notre vie. Ils se déclinent en plusieurs modèles, allant des <a href=""https://meilleurtest.fr/comparatif-casque-audio-pas-cher/"">casques audio pas cher</a>s aux casques haut de gamme. Si vous faites partie des personnes qui ont un budget limité, mais qui veulent profiter d’une bonne musique, vous êtes au bon endroit. Dans cet article, nous vous présentons les <a class=""wpil_keyword_link"" title=""meilleurs casques audio"" href=""https://meilleurtest.fr/comparatif-casque-audio/"" data-wpil-keyword-link=""linked"">meilleurs casques audio</a> à moins de 50 euros en 2022.";"Ce guide vous présentera les meilleurs casques audio à moins de 50 euros. Vous y trouverez une analyse du confort, de la qualité sonore et de la robustesse de chaque modèle. Nos comparatifs de <a href=""https://meilleurtest.fr/comparatif-casque-audio-pas-cher/"">casques audio pas chers</a>, de <a href=""https://meilleurtest.fr/comparatif-casque-bluetooth-pas-cher/"">casques bluetooth pas chers</a>, de <a href=""https://meilleurtest.fr/comparatif-casque-audio-a-moins-de-100-euros/"">casques audio à moins de 100 euros</a> et de <a href=""https://meilleurtest.fr/comparatif-casque-audio-filaire/"">casques audio filaires</a> compléteront votre recherche. Ce comparatif vous guidera vers les casques audio à moins de 50 euros les plus convaincants."
40235;Les meilleures enceintes TV;https://meilleurtest.fr/comparatif-enceinte-tv/;Audio;"Vous cherchez un bon système audio pour votre TV ? Pourquoi ne pas acheter une enceinte TV : arborant généralement un design simple, elle produit un impact satisfaisant à la production sonore de la télévision ? Les traditionnelles enceintes amplifiées, la très compacte <a href=""https://meilleurtest.fr/comparatif-barre-de-son-tv/"">barre de son</a> ou le très performant <a href=""https://meilleurtest.fr/comparatif-enceinte-de-home-cinema/"">home cinema</a>, le choix est vaste en matière d’enceintes TV. Lisez ce guide pour trouver celle qui répondra parfaitement à vos besoins.";"Ce guide vous aidera à choisir les meilleures enceintes TV pour améliorer le son de votre téléviseur. Vous découvrirez une analyse de la puissance, de la clarté des dialogues et de la connectivité de chaque modèle. Nos comparatifs de <a href=""https://meilleurtest.fr/comparatif-barre-de-son-tv/"">barres de son TV</a>, de <a href=""https://meilleurtest.fr/comparatif-barre-de-son-pas-chere/"">barres de son pas chères</a>, d'<a href=""https://meilleurtest.fr/comparatif-enceinte-de-home-cinema/"">enceintes de home cinéma</a> et d'<a href=""https://meilleurtest.fr/comparatif-enceinte-de-salon/"">enceintes de salon</a> compléteront votre recherche. Ce comparatif vous orientera vers les enceintes TV les plus adaptées à votre installation."
40202;Les meilleurs amplis hifi connectés;https://meilleurtest.fr/comparatif-ampli-hifi-connecte/;Audio;"Avec l’avènement du streaming, l’<a href=""https://meilleurtest.fr/comparatif-ampli-hifi/"">ampli hifi</a> a dû se réinventer pour devenir connecté. Il a tout ce qu’il faut pour combler les attentes des audiophiles et des mélomanes, même les plus avertis. L’accès aux services musicaux en ligne devient plus facile d’autant plus qu’il est pilotable par la voix à l’aide des assistants vocaux compatibles. Un véritable symbole de renaissance, l’ampli hifi connecté sait conjuguer confort d’écoute et qualité inégalable de son. Encore faut-il savoir le sélectionner. Pour vous y aider, voici notre sélection des meilleurs amplis hifi connectés.";"Notre guide passera en revue les meilleurs amplis hifi connectés pour profiter de vos sources numériques avec une qualité audiophile. Vous découvrirez une analyse de la puissance, des protocoles de streaming et de la qualité de conversion de chaque modèle. Nos comparatifs d'<a href=""https://meilleurtest.fr/comparatif-ampli-hifi/"">amplis hifi</a>, d'<a href=""https://meilleurtest.fr/comparatif-ampli-tuner/"">amplis tuners</a>, de <a href=""https://meilleurtest.fr/comparatif-streamer-hifi-audiophile/"">streamers hifi audiophiles</a> et de <a href=""https://meilleurtest.fr/comparatif-recepteur-stereo/"">récepteurs stéréo</a> pourront aussi vous intéresser. Ce comparatif vous guidera vers les amplis hifi connectés les plus performants."
40178;Les meilleures stations d'accueil bluetooth;https://meilleurtest.fr/comparatif-station-daccueil-bluetooth/;Audio;"La station d’accueil bluetooth vous permet d’amplifier le son de <a href=""https://meilleurtest.fr/comparatif-smartphone-rapport-qualite-prix/"">votre smartphone</a> ou tablette. En effet, ces dispositifs disposent d’un meilleur système de son capable de sonoriser de plus grands espaces. Par contre, comme pour <a href=""https://meilleurtest.fr/comparatif-enceinte-bluetooth-nomade/"">les enceintes BT</a>, le choix est vaste. Pour vous aider, découvrez notre comparatif sur les meilleures stations d’accueil bluetooth suivi d’un guide d’achat.";"Ce guide vous aidera à choisir les meilleures stations d'accueil bluetooth pour diffuser votre musique sans fil. Vous y trouverez une analyse de la qualité sonore, de la connectivité et du design de chaque modèle. Nos comparatifs de <a href=""https://meilleurtest.fr/comparatif-recepteur-bluetooth-pour-chaine-hifi/"">récepteurs bluetooth pour chaîne hifi</a>, d'<a href=""https://meilleurtest.fr/comparatif-enceinte-bluetooth/"">enceintes bluetooth</a>, de <a href=""https://meilleurtest.fr/comparatif-recepteur-bluetooth-pour-ampli-hifi/"">récepteurs bluetooth pour ampli hifi</a> et de <a href=""https://meilleurtest.fr/comparatif-chaine-hifi-bluetooth/"">chaînes hifi bluetooth</a> compléteront votre recherche. Ce comparatif vous orientera vers les stations d'accueil bluetooth les plus adaptées."
40151;Les meilleurs écouteurs de running sans fil;https://meilleurtest.fr/comparatif-ecouteur-de-running-sans-fil/;Audio;"À l’heure actuelle, écouter de la musique est devenu une habitude pour presque tous les adeptes du running. Mais pour pouvoir courir librement, il faudra s’équiper d’<a href=""https://meilleurtest.fr/comparatif-ecouteurs-sans-fil/"">écouteurs sans fil</a>. De plus, cet appareil offre une qualité sonore exceptionnelle. Cependant, le choix n’est pas une simple affaire de vue car il existe de nombreux modèles sur le marché. Pour vous aider, voici notre guide des meilleurs <a href=""https://meilleurtest.fr/comparatif-ecouteur-de-running/"">écouteurs de running</a> sans fil.";"Ce guide vous présentera les meilleurs écouteurs de running sans fil pour accompagner vos séances de sport. Vous découvrirez une analyse du maintien, de la résistance à la transpiration et de la qualité sonore de chaque modèle. Nos comparatifs d'<a href=""https://meilleurtest.fr/comparatif-ecouteurs-sans-fil-pour-le-sport/"">écouteurs sans fil pour le sport</a>, d'<a href=""https://meilleurtest.fr/comparatif-ecouteurs-a-conduction-osseuse/"">écouteurs à conduction osseuse</a> et d'<a href=""https://meilleurtest.fr/comparatif-ecouteur-true-wireless/"">écouteurs true wireless</a> pourront aussi vous intéresser. Ce comparatif vous guidera vers les écouteurs de running sans fil les plus adaptés à votre pratique."
40150;Les meilleurs écouteurs à conduction osseuse;https://meilleurtest.fr/comparatif-ecouteurs-a-conduction-osseuse/;Audio;Envie de profiter de la musique tout en restant alerte aux bruits qui vous entourent ? Les écouteurs à conduction osseuse devraient vous intéresser ! Généralement étanches, ils diffusent le son directement sur les os près de vos tympans, ce qui permet d'entendre la playlist sans obstruer vos conduits auditifs. Parfaits pour le sport ou pour écouter de la musique en marchant dans la rue, ces écouteurs offrent une expérience auditive pas comme les autres. De plus, la fixation ne gêne pas et ne comprime pas la tête. Filaires ou sans fil ? Trouvez les écouteurs à conduction osseuse adaptés à vos besoins en parcourant notre guide d'achat.;"Ce guide vous aidera à choisir les meilleurs écouteurs à conduction osseuse, une technologie qui transmet le son par les os en laissant vos oreilles libres. Vous découvrirez une analyse du confort et de la qualité sonore de chaque modèle. Nos comparatifs d'<a href=""https://meilleurtest.fr/comparatif-ecouteur-de-running-sans-fil/"">écouteurs de running sans fil</a>, d'<a href=""https://meilleurtest.fr/comparatif-ecouteurs-sans-fil-pour-le-sport/"">écouteurs sans fil pour le sport</a> et de <a href=""https://meilleurtest.fr/comparatif-casque-bluetooth-sport/"">casques bluetooth sport</a> compléteront votre recherche. Ce comparatif vous orientera vers les écouteurs à conduction osseuse les plus performants."
40137;Les meilleures enceintes portables à batterie;https://meilleurtest.fr/comparatif-enceinte-portable-a-batterie/;Audio;"L’enceinte portable à batterie est la parfaite alternative du système de sonorisation fixe, mais à la différence, elle est plus pratique et plus autonome. Elle substitue à elle seule les caissons de bases et les <a href=""https://meilleurtest.fr/comparatif-enceinte/"">enceintes</a> à large bande. Ce qui fait de l’enceinte portable à batterie le matériel indispensable pour divers évènements. Ainsi, cet article a été rédigé pour vous aider à en connaître un peu plus sur le sujet.";"Ce guide vous présentera les meilleures enceintes portables à batterie pour écouter votre musique partout. Vous y trouverez une analyse de l'autonomie, de la puissance et de la résistance aux éléments de chaque modèle. Nos comparatifs d'<a href=""https://meilleurtest.fr/comparatif-enceinte-bluetooth/"">enceintes bluetooth</a>, d'<a href=""https://meilleurtest.fr/comparatif-enceinte-bluetooth-nomade/"">enceintes bluetooth nomades</a>, d'<a href=""https://meilleurtest.fr/comparatif-enceinte-transportable/"">enceintes transportables</a> et d'<a href=""https://meilleurtest.fr/comparatif-enceinte-bluetooth-etanche/"">enceintes bluetooth étanches</a> pourront compléter votre recherche. Ce comparatif vous guidera vers les enceintes portables à batterie les plus adaptées à vos usages."
40078;Les meilleurs casques DJ;https://meilleurtest.fr/comparatif-casque-dj/;Audio;"Enflammez le dancefloor et rendez vos événements épiques en vous équipant des accessoires essentiels pour avoir l'étoffe d'un DJ digne de ce nom. Et quoi de mieux qu'accessoiriser votre <a href=""//meilleurtest.fr/comparatif-table-de-mixage/"">table de mixage</a> avec un casque DJ qui vous permet de faire des pré-écoutes, de super mix, etc. Trouvez donc via ce guide d'achat, les meilleurs casques DJ du moment.";"Ce guide vous aidera à choisir les meilleurs casques DJ pour le mixage et le monitoring en cabine. Vous découvrirez une analyse de l'isolation, du confort et de la fidélité sonore de chaque modèle. Nos comparatifs de <a href=""https://meilleurtest.fr/comparatif-casque-studio/"">casques studio</a>, de <a href=""https://meilleurtest.fr/comparatif-controleur-dj/"">contrôleurs DJ</a>, de <a href=""https://meilleurtest.fr/comparatif-table-de-mixage/"">tables de mixage</a> et de <a href=""https://meilleurtest.fr/comparatif-casque-audio-filaire/"">casques audio filaires</a> compléteront votre recherche. Ce comparatif vous orientera vers les casques DJ les plus adaptés à votre pratique."
40072;Les meilleurs microphones;https://meilleurtest.fr/comparatif-microphone/;Audio;"Quelle que soit la raison pour laquelle vous en avez besoin (<a href=""https://meilleurtest.fr/comparatif-micro-de-streaming/"">streaming</a>, <a href=""https://meilleurtest.fr/comparatif-micro-pc-gamer/"">gaming</a>, <a href=""https://meilleurtest.fr/comparatig-micro-chant"">chant</a>, etc.), l'achat de votre premier microphone est un grand moment. Sachez qu'il existe une vaste gamme de microphones parmi lesquels choisir et beaucoup de choses à savoir sur cet équipement audio. Ce guide est là pour répondre à toutes vos interrogations tout en vous proposant une sélection des meilleurs microphones disponibles actuellement sur le marché.";"Ce guide vous présentera les meilleurs microphones pour la voix, la musique ou l'enregistrement. Vous y trouverez une analyse de la directivité, de la sensibilité et de la qualité de captation de chaque modèle. Nos comparatifs de <a href=""https://meilleurtest.fr/comparatif-micro-usb/"">micros USB</a>, de <a href=""https://meilleurtest.fr/comparatif-micro-sans-fil/"">micros sans fil</a>, de <a href=""https://meilleurtest.fr/comparatif-micro-chant/"">micros chant</a> et de <a href=""https://meilleurtest.fr/comparatif-micro-de-streaming/"">micros de streaming</a> pourront aussi vous intéresser. Ce comparatif vous guidera vers les microphones les plus adaptés à vos besoins."
40019;Les meilleurs launchpad;https://meilleurtest.fr/comparatif-launchpad/;Audio;"Vous êtes passionné de musique ? Que vous soyez concepteur musical, DJ ou beatmaker, créez vos propres morceaux en vous aidant d’un launchpad. Il s’agit d’un outil de travail révolutionnaire et très pratique qui peut indubitablement remplacer un grand nombre d’<a href=""https://meilleurtest.fr/comparatif-piano-numerique/"">instruments de musique</a>. Simple, à 16 ou à 64 pads ? Faites le choix du meilleur launchpad en lisant ce comparatif dans son intégralité.";"Ce guide vous aidera à choisir les meilleurs launchpads pour la production musicale et le live. Vous découvrirez une analyse de la sensibilité des pads, de la compatibilité logicielle et des fonctionnalités de chaque modèle. Nos comparatifs de <a href=""https://meilleurtest.fr/comparatif-controleur-dj/"">contrôleurs DJ</a>, de <a href=""https://meilleurtest.fr/comparatif-table-de-mixage/"">tables de mixage</a>, de <a href=""https://meilleurtest.fr/comparatif-table-de-mixage-pour-debutant/"">tables de mixage pour débutant</a> et de <a href=""https://meilleurtest.fr/comparatif-microphone/"">microphones</a> compléteront votre recherche. Ce comparatif vous orientera vers les launchpads les plus adaptés à votre workflow musical."
39979;Les meilleurs écouteurs à réduction de bruit à moins de 100 euros;https://meilleurtest.fr/comparatif-ecouteurs-a-reduction-de-bruit-a-moins-de-100-euros/;Audio;"Un bébé qui pleure, des passagers qui parlent fort ou des collègues bruyants, ce sont autant de bruits ambiants qui peuvent nous gêner au quotidien. Les fabricants ont heureusement inventé le système de <a href=""https://meilleurtest.fr/comparatif-ecouteurs-a-reduction-de-bruit/"">réduction de bruit</a> qui permet d’obtenir une meilleure isolation lors de l’utilisation des <a href=""https://meilleurtest.fr/comparatif-ecouteurs/"">écouteurs</a>. Optez alors pour les meilleurs écouteurs à réduction de bruit à moins de 100 euros pour avoir la tranquillité !";"Ce guide vous présentera les meilleurs écouteurs à réduction de bruit à moins de 100 euros. Vous y trouverez une analyse de l'efficacité ANC, du confort et du rendu sonore de chaque modèle. Nos comparatifs d'<a href=""https://meilleurtest.fr/comparatif-ecouteurs-a-reduction-de-bruit/"">écouteurs à réduction de bruit</a>, de <a href=""https://meilleurtest.fr/comparatif-casques-a-reduction-de-bruit/"">casques à réduction de bruit</a> et d'<a href=""https://meilleurtest.fr/comparatif-ecouteurs-sans-fil-a-moins-de-100-euros/"">écouteurs sans fil à moins de 100 euros</a> compléteront votre recherche. Ce comparatif vous orientera vers les écouteurs à réduction de bruit abordables les plus convaincants."
39952;Les meilleurs récepteurs stéréo;https://meilleurtest.fr/comparatif-recepteur-stereo/;Audio;"Le récepteur stéréo de base n’offre que les stations de radio et la connexion à une <a href=""https://meilleurtest.fr/comparatif-platine-vinyle/"">platine</a>. Aujourd’hui, il va bien au-delà des espérances des utilisateurs avec sa connectivité, analogique et numérique, élargie et les nombreuses technologies intégrées. Cet appareil est indispensable pour avoir un système stéréo impeccable que ce soit pour les musiques ou les films. Ce guide vous propose les meilleurs modèles pour toutes les gammes de prix.";"Vous trouverez dans ce guide les meilleurs récepteurs stéréo pour votre installation audio. Vous découvrirez une analyse de la puissance, de la connectivité et de la qualité de restitution de chaque modèle. Nos comparatifs d'<a href=""https://meilleurtest.fr/comparatif-ampli-hifi/"">amplis hifi</a>, d'<a href=""https://meilleurtest.fr/comparatif-ampli-tuner/"">amplis tuners</a>, d'<a href=""https://meilleurtest.fr/comparatif-ampli-vintage/"">amplis vintage</a> et de <a href=""https://meilleurtest.fr/comparatif-recepteur-bluetooth-pour-ampli-hifi/"">récepteurs bluetooth pour ampli hifi</a> pourront aussi vous intéresser. Ce comparatif vous orientera vers les récepteurs stéréo les plus adaptés à votre écoute."
39950;Les meilleures enceintes de home cinéma;https://meilleurtest.fr/comparatif-enceinte-de-home-cinema/;Audio;"Avec une <a href=""https://meilleurtest.fr/comparatif-enceinte-jbl/"" target=""_blank"" rel=""noopener"">enceinte</a> de home cinéma, vivez des aventures incroyables dans les univers de vos films et de vos séries préférées. Avec un effet immersif sans pareil, plongez corps et âme dans le feu de l’action. Plusieurs modèles sont actuellement disponibles et chacun décline des caractéristiques uniques. Dans ce guide, nous allons vous proposer les meilleures enceintes de <a href=""https://meilleurtest.fr/comparatif-home-cinema/"" target=""_blank"" rel=""noopener"">home cinéma</a> du moment.";"Ce guide vous présentera les meilleures enceintes de home cinéma pour une immersion sonore optimale. Vous y trouverez une analyse de la spatialisation, de la puissance et de la clarté de chaque modèle. Nos comparatifs de <a href=""https://meilleurtest.fr/comparatif-home-cinema/"">home cinéma</a>, de <a href=""https://meilleurtest.fr/comparatif-barre-de-son-5-1/"">barres de son 5.1</a>, d'<a href=""https://meilleurtest.fr/comparatif-enceinte-centrale/"">enceintes centrales</a> et d'<a href=""https://meilleurtest.fr/comparatif-enceinte-colonne/"">enceintes colonnes</a> compléteront votre recherche. Ce comparatif vous guidera vers les enceintes de home cinéma les plus adaptées à votre pièce."
39934;Les meilleurs écouteurs avec de bonnes basses;https://meilleurtest.fr/comparatif-ecouteurs-avec-de-bonnes-basses/;Audio;"Vous aimez les sons plus immersifs et les basses profondes ? Il existe actuellement des <a href=""https://meilleurtest.fr/comparatif-ecouteurs-pour-audiophiles/"" target=""_blank"" rel=""noopener"">écouteurs</a> avec de bonnes basses. Filaires ou sans fil, ils sont dotés d'une technologie très avancée qui vous fait profiter d'une qualité de son exceptionnelle. Nous avons sélectionné dans ce guide les meilleurs écouteurs avec de bonnes basses du moment pour le bonheur de vos oreilles.";"Ce guide vous aidera à identifier les meilleurs écouteurs avec de bonnes basses pour un rendu grave puissant et défini. Vous découvrirez une analyse de la profondeur des basses, du confort et de l'équilibre sonore de chaque modèle. Nos comparatifs d'<a href=""https://meilleurtest.fr/comparatif-ecouteurs-a-reduction-de-bruit/"">écouteurs à réduction de bruit</a>, d'<a href=""https://meilleurtest.fr/comparatif-ecouteur-true-wireless/"">écouteurs true wireless</a> et d'<a href=""https://meilleurtest.fr/comparatif-ecouteurs-pour-audiophiles/"">écouteurs pour audiophiles</a> pourront aussi vous intéresser. Ce comparatif vous orientera vers les écouteurs offrant les meilleures basses."
39921;Les meilleurs préamplis phono;https://meilleurtest.fr/comparatif-preampli-phono/;Audio;"Vous avez une <a href=""//meilleurtest.fr/comparatif-platine-vinyle/"" target=""_blank"" rel=""noopener"">platine vinyle</a> chez vous et souhaiteriez profiter d’un son de qualité supérieure ? Procurez-vous un préamplificateur phono fiable. Servant à connecter la platine directement à des <a href=""https://meilleurtest.fr/comparatif-enceinte-pour-platine-vinyle/"" target=""_blank"" rel=""noopener"">enceintes</a> actives, ce dispositif permet également de la rendre compatible avec des <a href=""https://meilleurtest.fr/comparatif-ampli-hifi/"" target=""_blank"" rel=""noopener"">amplis</a> modernes tout en ajoutant une égalisation standardisée. Mais quelle marque de préamplis phono choisir ? Les réponses dans ce guide d’achat.";"Ce guide vous présentera les meilleurs préamplis phono pour tirer le meilleur parti de votre platine vinyle. Vous y trouverez une analyse du rapport signal-bruit, de la fidélité et de la compatibilité avec différentes cellules. Nos comparatifs d'<a href=""https://meilleurtest.fr/comparatif-ampli-hifi/"">amplis hifi</a>, d'<a href=""https://meilleurtest.fr/comparatif-enceinte-pour-platine-vinyle/"">enceintes pour platine vinyle</a>, d'<a href=""https://meilleurtest.fr/comparatif-ampli-vintage/"">amplis vintage</a> et de <a href=""https://meilleurtest.fr/comparatif-dac-audiophile/"">DAC audiophiles</a> compléteront votre recherche. Ce comparatif vous guidera vers les préamplis phono les plus performants."
39911;Les meilleures enceintes sono;https://meilleurtest.fr/comparatif-enceinte-sono/;Audio;"Mélomane, audiophile, ingénieur du son ou musicien professionnel, l’usage d’une <a href=""https://meilleurtest.fr/comparatif-enceinte/"">enceinte</a> sono vous sera très pratique dans bien des domaines. Ce système acoustique existe cependant en une multitude de formats, de designs et de performances qu’il est souvent difficile de dénicher l’idéal. Raison pour laquelle nous avons décidé de vous proposer aujourd’hui ce guide complet des meilleures enceintes sono.";"Ce guide vous aidera à choisir les meilleures enceintes sono pour vos événements et vos prestations. Vous découvrirez une analyse de la puissance, de la couverture sonore et de la robustesse de chaque modèle. Nos comparatifs d'<a href=""https://meilleurtest.fr/comparatif-enceinte-amplifiee-sono/"">enceintes amplifiées sono</a>, de <a href=""https://meilleurtest.fr/comparatif-microphone/"">microphones</a>, de <a href=""https://meilleurtest.fr/comparatif-micro-sans-fil/"">micros sans fil</a> et d'<a href=""https://meilleurtest.fr/comparatif-enceinte-active/"">enceintes actives</a> compléteront votre recherche. Ce comparatif vous orientera vers les enceintes sono les plus adaptées à vos besoins."
39853;Les meilleurs micros casques professionnels;https://meilleurtest.fr/comparatif-micro-casque-professionnel/;Audio;"Aujourd’hui, l’usage du micro casque professionnel est désormais incontournable que ce soit dans les call centers qu’auprès des télétravailleurs. Bien plus populaire que les <a href=""//meilleurtest.fr/comparatif-casque-audio/"">casques audio</a> classiques, il offre aux utilisateurs une grande flexibilité et une excellente mobilité lors de leurs échanges. Les micro casques professionnels étant légion, fiez-vous donc à notre guide pour trouver celui qui répondra au mieux à vos besoins.";"Ce guide vous présentera les meilleurs micros casques professionnels pour les centres d'appels et le travail à distance. Vous y trouverez une analyse de la clarté vocale, du confort longue durée et de la réduction de bruit ambiante. Nos comparatifs de <a href=""https://meilleurtest.fr/comparatif-casque-micro/"">casques micro</a>, de <a href=""https://meilleurtest.fr/comparatif-casque-micro-bluetooth/"">casques micro bluetooth</a>, de <a href=""https://meilleurtest.fr/comparatif-casque-micro-pc/"">casques micro PC</a> et de <a href=""https://meilleurtest.fr/comparatif-micro-usb/"">micros USB</a> compléteront votre recherche. Ce comparatif vous guidera vers les micros casques professionnels les plus performants."
39815;Les meilleurs écouteurs pour Android;https://meilleurtest.fr/comparatif-ecouteurs-pour-android/;Audio;"Les écouteurs vont de pair avec les smartphones et/ou les <a class=""wpil_keyword_link"" href=""https://meilleurtest.fr/comparatif-tablette/""   title=""tablettes"" data-wpil-keyword-link=""linked"">tablettes</a>. Donc, si vous voulez profiter au maximum du vôtre (passer/émettre des appels, participer à une téléconférence, écouter de la musique…), l’acquisition d’une paire d’écouteurs pour Android est de mise. En ce sens, plusieurs modèles ont été mis sur le banc d’essai, ce qui nous a permis d’établir ce comparatif complet.";"Ce guide vous aidera à choisir les meilleurs écouteurs pour Android, compatibles avec les fonctionnalités avancées de votre smartphone. Vous découvrirez une analyse de la qualité sonore, de la connectivité et du confort de chaque modèle. Nos comparatifs d'<a href=""https://meilleurtest.fr/comparatif-ecouteur-sans-fil-android/"">écouteurs sans fil Android</a>, d'<a href=""https://meilleurtest.fr/comparatif-ecouteurs-sans-fil-a-moins-de-100-euros/"">écouteurs sans fil à moins de 100 euros</a> et d'<a href=""https://meilleurtest.fr/comparatif-ecouteurs-avec-micro/"">écouteurs avec micro</a> pourront aussi vous intéresser. Ce comparatif vous orientera vers les écouteurs pour Android les plus adaptés."
39800;Les meilleurs écouteurs pour iPhone;https://meilleurtest.fr/comparatif-ecouteurs-pour-iphone/;Audio;"Avoir un iPhone, c’est bien. S’équiper de tous les accessoires qui vont avec, notamment des accessoires d’écoute, c’est encore mieux. Avec <a href=""https://meilleurtest.fr/comparatif-ecouteurs/"">des écouteurs</a> pour iPhone, vous profiterez au maximum de vos podcasts ou de vos musiques favorites, n’importe où et n’importe quand. Filaires, sans fil (TWS) ou écouteurs sport ? Faites le meilleur choix en parcourant notre comparatif dans son intégralité.";"Ce guide vous présentera les meilleurs écouteurs pour iPhone, optimisés pour l'écosystème Apple. Vous y trouverez une analyse de la compatibilité, de la qualité sonore et du confort de chaque modèle. Nos comparatifs d'<a href=""https://meilleurtest.fr/comparatif-ecouteur-sans-fil-pour-iphone/"">écouteurs sans fil pour iPhone</a>, d'<a href=""https://meilleurtest.fr/comparatif-ecouteurs-sans-fil-apple/"">écouteurs sans fil Apple</a>, d'<a href=""https://meilleurtest.fr/comparatif-airpod/"">AirPods</a> et d'<a href=""https://meilleurtest.fr/comparatif-ecouteurs-a-reduction-de-bruit/"">écouteurs à réduction de bruit</a> compléteront votre recherche. Ce comparatif vous guidera vers les écouteurs pour iPhone les plus convaincants."
39780;Les meilleurs micros chant;https://meilleurtest.fr/comparatif-micro-chant/;Audio;"Chanter en live devant une salle comble, dans un jardin avec des convives ou tout simplement dans son salon ; tout cela est possible avec un bon micro chant. Micros dynamique ou encore statique, à ruban ou électret, le choix est vaste. Quels sont les éléments à prendre en compte pour en choisir ? Où trouver les meilleurs micros chant ? Zoom sur cet élément de sonorisation dans ce guide d’achat.";"Ce guide vous aidera à choisir les meilleurs micros chant pour sublimer votre voix en studio ou sur scène. Vous découvrirez une analyse de la sensibilité, de la réponse en fréquence et de la directivité de chaque modèle. Nos comparatifs de <a href=""https://meilleurtest.fr/comparatif-microphone/"">microphones</a>, de <a href=""https://meilleurtest.fr/comparatif-micro-sans-fil/"">micros sans fil</a>, de <a href=""https://meilleurtest.fr/comparatif-micro-usb/"">micros USB</a> et de <a href=""https://meilleurtest.fr/comparatif-micro-pas-cher/"">micros pas chers</a> compléteront votre recherche. Ce comparatif vous orientera vers les micros chant les plus adaptés à votre pratique vocale."
39674;Les meilleurs écouteurs pour audiophiles;https://meilleurtest.fr/comparatif-ecouteurs-pour-audiophiles/;Audio;Le parfait audiophile n’aime pas seulement écouter du bon son, il en est passionné. Il possède même le nec plus ultra en matière d’équipements audio. Si vous êtes né audiophile, vous aurez sûrement besoin d’une paire d’écouteurs de haute qualité, capable de vous procurer une expérience acoustique des plus satisfaisantes. Mais laquelle choisir ? Lisez notre guide des meilleurs écouteurs pour audiophiles jusqu’à la fin.;"Ce guide vous présentera les meilleurs écouteurs pour audiophiles, conçus pour une restitution sonore fidèle et détaillée. Vous y trouverez une analyse de la réponse en fréquence, de la scène sonore et des matériaux de chaque modèle. Nos comparatifs de <a href=""https://meilleurtest.fr/comparatif-dac-audiophile/"">DAC audiophiles</a>, d'<a href=""https://meilleurtest.fr/comparatif-amplificateur-dac-pour-casque-audio/"">amplificateurs DAC pour casque</a>, de <a href=""https://meilleurtest.fr/comparatif-baladeur-audiophile/"">baladeurs audiophiles</a> et de <a href=""https://meilleurtest.fr/comparatif-casque-hifi/"">casques hifi</a> compléteront votre recherche. Ce comparatif vous guidera vers les écouteurs pour audiophiles les plus convaincants."
39638;Les meilleurs écouteurs pour enfants;https://meilleurtest.fr/comparatif-ecouteur-pour-enfant/;Audio;"<a href=""https://meilleurtest.fr/comparatif-ecouteurs/"">Les écouteurs</a> pour enfants sont plus sûrs pour leurs oreilles puisque le volume reste limité à 85 dB. Et malgré leur taille plus compacte, ils proposent à peu près les mêmes fonctionnalités que les écouteurs pour les adultes. Il peut s'agir de la réduction de bruit ou de la compatibilité avec les assistances vocales... Filaire ou sans fil, quels écouteurs offrir à votre enfant ? Pour le savoir, découvrez ce qui se fait de mieux en ce moment en matière d’écouteurs pour enfants.";"Ce guide vous aidera à choisir les meilleurs écouteurs pour enfants, avec un volume limité pour protéger leur audition. Vous découvrirez une analyse du confort, de la robustesse et de la sécurité sonore de chaque modèle. Nos comparatifs de <a href=""https://meilleurtest.fr/comparatif-casque-audio-pour-enfant/"">casques audio pour enfant</a>, d'<a href=""https://meilleurtest.fr/comparatif-ecouteur-pas-cher/"">écouteurs pas chers</a> et d'<a href=""https://meilleurtest.fr/comparatif-ecouteurs-sans-fil-a-moins-de-50-euros/"">écouteurs sans fil à moins de 50 euros</a> pourront aussi vous intéresser. Ce comparatif vous orientera vers les écouteurs pour enfants les plus sûrs et adaptés."
39609;Les meilleures enceintes sans fil;https://meilleurtest.fr/comparatif-enceinte-sans-fil/;Audio;"Que ce soit un smartphone, un ordinateur, une <a class=""wpil_keyword_link"" title=""montre connectée"" href=""https://meilleurtest.fr/comparatif-montre-connectee/"" data-wpil-keyword-link=""linked"">montre connectée</a> ou autres, la plupart des outils multimédias de notre quotidien permettent de diffuser un flux musical. Quoi de mieux qu’une enceinte sans fil pour profiter de vos morceaux préférés n’importe où ? Si le choix de l’appareil ne se pose pas, opter pour un modèle qui vous correspond n’est pas aussi rudimentaire. Dans ce guide d’achat pour les meilleures enceintes sans fil, retrouvez 4 articles parmi les plus appréciés du moment.";"Ce guide vous présentera les meilleures enceintes sans fil pour diffuser votre musique en toute liberté. Vous y trouverez une analyse de la qualité sonore, de la portée et de la compatibilité de chaque modèle. Nos comparatifs d'<a href=""https://meilleurtest.fr/comparatif-enceinte-bluetooth/"">enceintes bluetooth</a>, d'<a href=""https://meilleurtest.fr/comparatif-enceinte-wifi/"">enceintes wifi</a>, de <a href=""https://meilleurtest.fr/comparatif-systeme-multiroom/"">systèmes multiroom</a> et d'<a href=""https://meilleurtest.fr/comparatif-enceinte-de-salon/"">enceintes de salon</a> compléteront votre recherche. Ce comparatif vous guidera vers les enceintes sans fil les plus adaptées à votre intérieur."
39601;Les meilleurs micros de streaming;https://meilleurtest.fr/comparatif-micro-de-streaming/;Audio;Vous envisagez d’acheter un micro pour enregistrer des vidéos en streaming, des podcasts ou encore pour vos sessions de jeux vidéo ? Le micro de streaming sera indispensable. Il permet d’enregistrer la voix avec une qualité de son optimale. Comment choisir le bon modèle face à la profusion de marques ? Pour ne pas vous tromper, lisez notre guide des meilleurs micros de streaming.;"Ce guide vous aidera à choisir les meilleurs micros de streaming pour des diffusions vocales claires et professionnelles. Vous découvrirez une analyse de la qualité de captation, de la directivité et de la facilité d'installation de chaque modèle. Nos comparatifs de <a href=""https://meilleurtest.fr/comparatif-micro-usb/"">micros USB</a>, de <a href=""https://meilleurtest.fr/comparatif-microphone/"">microphones</a>, de <a href=""https://meilleurtest.fr/comparatif-micro-pc/"">micros PC</a> et de <a href=""https://meilleurtest.fr/comparatif-casque-micro/"">casques micro</a> compléteront votre recherche. Ce comparatif vous orientera vers les micros de streaming les plus performants."
39597;Les meilleures enceintes Bluetooth à moins de 50 euros;https://meilleurtest.fr/comparatif-enceinte-bluetooth-a-moins-de-50-euros/;Audio;Une enceinte Bluetooth à moins de 50 euros ? Oui vous en trouverez sur le marché, et vous en trouverez même d’une très bonne qualité. Leurs speakers délivrent un son de qualité pour leur coût, mais valent-elles vraiment le coup ? Pour le savoir, découvrez notre tour d’horizon des meilleures enceintes Bluetooth que vous pouvez acheter à moins de 50 euros.;"Ce guide vous présentera les meilleures enceintes Bluetooth à moins de 50 euros. Vous y trouverez une analyse de la qualité sonore, de l'autonomie et de la portabilité de chaque modèle. Nos comparatifs d'<a href=""https://meilleurtest.fr/comparatif-enceinte-bluetooth-a-moins-de-100-euros/"">enceintes bluetooth à moins de 100 euros</a>, d'<a href=""https://meilleurtest.fr/comparatif-enceinte-bluetooth-pas-chere/"">enceintes bluetooth pas chères</a>, d'<a href=""https://meilleurtest.fr/comparatif-enceinte-bluetooth/"">enceintes bluetooth</a> et d'<a href=""https://meilleurtest.fr/comparatif-enceinte-portable-a-batterie/"">enceintes portables à batterie</a> compléteront votre recherche. Ce comparatif vous guidera vers les enceintes Bluetooth à moins de 50 euros les plus convaincantes."
39592;Les meilleures enceintes Bluetooth nomades;https://meilleurtest.fr/comparatif-enceinte-bluetooth-nomade/;Audio;"Malgré l’avènement des casques audio Bluetooth, des <a href=""https://meilleurtest.fr/comparatif-ecouteur-sans-fil-pas-cher/"">écouteurs sans fil</a> et <a href=""https://meilleurtest.fr/comparatif-ecouteur-true-wireless-a-reduction-de-bruit/"">True Wireless</a>, l’enceinte Bluetooth nomade n’a pas encore perdu de sa superbe. Elle vous permet d’écouter vos musiques préférées partout, et même partager le plaisir avec vos amis et votre famille, à l’intérieur ou à l’extérieur. Vous avez du mal à vous décider devant la multitude de modèles qui existent sur le marché ? Lisez notre guide, vous y trouverez une sélection des meilleures enceintes Bluetooth nomade du moment.";"Ce guide vous aidera à choisir les meilleures enceintes Bluetooth nomades pour emporter votre musique partout. Vous découvrirez une analyse de l'autonomie, de la résistance à l'eau et de la qualité sonore de chaque modèle. Nos comparatifs d'<a href=""https://meilleurtest.fr/comparatif-enceinte-bluetooth/"">enceintes bluetooth</a>, d'<a href=""https://meilleurtest.fr/comparatif-enceinte-portable-a-batterie/"">enceintes portables à batterie</a>, d'<a href=""https://meilleurtest.fr/comparatif-enceinte-bluetooth-etanche/"">enceintes bluetooth étanches</a> et d'<a href=""https://meilleurtest.fr/comparatif-enceinte-transportable/"">enceintes transportables</a> compléteront votre recherche. Ce comparatif vous orientera vers les enceintes Bluetooth nomades les plus adaptées à vos déplacements."
39577;Les meilleures barres de son TV;https://meilleurtest.fr/comparatif-barre-de-son-tv/;Audio;"Avec des téléviseurs toujours plus fins, la qualité sonore est laissée pour compte. En guise de solution, la barre de son TV. Seul ou avec un caisson de basse, c’est un appareil polyvalent avec une qualité sonore se rapprochant d’un <a class=""wpil_keyword_link"" title=""home cinema"" href=""https://meilleurtest.fr/comparatif-home-cinema/"" data-wpil-keyword-link=""linked"">home cinema</a>. Dans ce guide, nous vous présentons quatre barres de son TV parmi les mieux notées du marché.";"Ce guide vous présentera les meilleures barres de son TV pour transformer l'audio de votre téléviseur. Vous y trouverez une analyse de la puissance, de la spatialisation et de la connectivité de chaque modèle. Nos comparatifs de <a href=""https://meilleurtest.fr/comparatif-barre-de-son-pas-chere/"">barres de son pas chères</a>, de <a href=""https://meilleurtest.fr/comparatif-barre-de-son-5-1/"">barres de son 5.1</a>, de <a href=""https://meilleurtest.fr/comparatif-barre-de-son-dolby-atmos/"">barres de son Dolby Atmos</a> et d'<a href=""https://meilleurtest.fr/comparatif-enceinte-tv/"">enceintes TV</a> compléteront votre recherche. Ce comparatif vous guidera vers les barres de son TV les plus performantes."
39560;Les meilleurs casques studio;https://meilleurtest.fr/comparatif-casque-studio/;Audio;Tout musicien ou technicien connaît l'importance du casque studio dans la production musicale. Cet élément est indispensable, tant pour l'enregistrement que le mixage. Heureusement, on a l'embarras du choix car le marché propose une myriade de possibilités. Pour vous aider à dénicher le modèle correspondant à vos besoins, nous avons élaboré un guide spécial consacré aux casques studio.;"Ce guide vous aidera à choisir les meilleurs casques studio pour le mixage, le mastering et l'enregistrement. Vous découvrirez une analyse de la neutralité sonore, du confort et de l'isolation de chaque modèle. Nos comparatifs de <a href=""https://meilleurtest.fr/comparatif-casque-hifi/"">casques hifi</a>, de <a href=""https://meilleurtest.fr/comparatif-casque-audio-filaire/"">casques audio filaires</a>, de <a href=""https://meilleurtest.fr/comparatif-casque-circum-aural/"">casques circum-auraux</a> et de <a href=""https://meilleurtest.fr/comparatif-casque-audio-haut-de-gamme/"">casques audio haut de gamme</a> compléteront votre recherche. Ce comparatif vous orientera vers les casques studio les plus adaptés à votre production."
39523;Les meilleurs écouteurs sans fil à moins de 100 euros;https://meilleurtest.fr/comparatif-ecouteurs-sans-fil-a-moins-de-100-euros/;Audio;Les écouteurs sans fil sont au cœur de l’actualité depuis un certain temps. Et pour cause, leurs fonctionnalités, leur design, leur autonomie et d’autres facteurs intéressants font tout leur charme. Cependant, certains paramètres rendent le choix difficile entre les différents modèles. C’est pourquoi nous vous présentons les meilleurs écouteurs sans fil à moins de 100 euros du moment à travers notre guide comparatif, afin de vous orienter.;"Ce guide vous présentera les meilleurs écouteurs sans fil à moins de 100 euros. Vous y trouverez une analyse de la qualité sonore, de l'autonomie et du confort de chaque modèle. Nos comparatifs d'<a href=""https://meilleurtest.fr/comparatif-ecouteurs-sans-fil-a-moins-de-50-euros/"">écouteurs sans fil à moins de 50 euros</a>, d'<a href=""https://meilleurtest.fr/comparatif-ecouteur-sans-fil-pas-cher/"">écouteurs sans fil pas chers</a> et d'<a href=""https://meilleurtest.fr/comparatif-ecouteur-true-wireless/"">écouteurs true wireless</a> compléteront votre recherche. Ce comparatif vous guidera vers les écouteurs sans fil à petit prix les plus convaincants."
39511;Les meilleurs casques audio pas chers;https://meilleurtest.fr/comparatif-casque-audio-pas-cher/;Audio;Si vous recherchez un casque audio pas cher, vous êtes au bon endroit ! En effet, pour un budget limité, généralement moins de 100 euros ou moins de 50 euros, il est possible de trouver un casque audio qui sonne bien, qui est confortable, et qui dispose de quelques fonctionnalités supplémentaires comme la connectivité Bluetooth et la suppression active du bruit. Pour tout savoir, lisez notre guide complet.;"Ce guide vous aidera à trouver les meilleurs casques audio pas chers pour un bon son à petit prix. Vous découvrirez une analyse du confort, de la robustesse et du rendu sonore. Nos comparatifs de <a href=""https://meilleurtest.fr/comparatif-casque-audio-a-moins-de-50-euros/"">casques audio à moins de 50 euros</a>, de <a href=""https://meilleurtest.fr/comparatif-casque-bluetooth-pas-cher/"">casques bluetooth pas chers</a>, de <a href=""https://meilleurtest.fr/comparatif-casque-audio-a-moins-de-100-euros/"">casques audio à moins de 100 euros</a> et de <a href=""https://meilleurtest.fr/comparatif-casque-audio-filaire/"">casques audio filaires</a> compléteront votre recherche. Ce comparatif vous orientera vers les casques audio abordables les plus convaincants."
39487;Les meilleurs micros USB;https://meilleurtest.fr/comparatif-micro-usb/;Audio;Quel serait l’équipement capable d’effectuer plusieurs activités comme l’enregistrement de podcasts ou la réalisation de live streams, de réunions professionnelles à distance ou en Home Studio ? Nul ne peut égaler le microphone USB qui est aujourd’hui présent partout. Ce dernier s’avère parfait pour s’offrir des enregistrements de bonne qualité sans avoir besoin de carte son, de préampli micro, de câbles ou d’installation de driver. Si vous êtes intéressé par cet outil, notre guide d’achat va vous aider à ne pas vous tromper sur le choix du bon micro USB.;"Ce guide vous présentera les meilleurs micros USB pour l'enregistrement, le streaming et les visioconférences. Vous y trouverez une analyse de la qualité de captation, de la facilité de branchement et de la directivité de chaque modèle. Nos comparatifs de <a href=""https://meilleurtest.fr/comparatif-microphone/"">microphones</a>, de <a href=""https://meilleurtest.fr/comparatif-micro-de-streaming/"">micros de streaming</a>, de <a href=""https://meilleurtest.fr/comparatif-micro-pc/"">micros PC</a> et de <a href=""https://meilleurtest.fr/comparatif-micro-pas-cher/"">micros pas chers</a> compléteront votre recherche. Ce comparatif vous guidera vers les micros USB les plus adaptés à votre usage."
39484;Les meilleurs écouteurs sans fil à moins de 50 euros;https://meilleurtest.fr/comparatif-ecouteurs-sans-fil-a-moins-de-50-euros/;Audio;"Les écouteurs sans fil, <a href=""https://meilleurtest.fr/comparatif-ecouteur-true-wireless/"">True Wireless pour les intimes</a>, connaissent un succès grandissant depuis les premiers AirPods apparus en 2017. Mais si la facture dépasse la centaine d’euros chez les grandes marques, des écouteurs sans fil plus accessibles on réussi à séduire le grand public avec des prix plus attractifs, sans pour autant faire de grosses concessions sur la qualité globale. Ce qui nous ramène aux écouteurs sans fil à moins de 50 euros, dont les meilleurs modèles sont présentés dans ce comparatif.";"Ce guide vous aidera à dénicher les meilleurs écouteurs sans fil à moins de 50 euros. Vous découvrirez une analyse de la qualité sonore, de l'autonomie et du confort de chaque modèle. Nos comparatifs d'<a href=""https://meilleurtest.fr/comparatif-ecouteurs-sans-fil-a-moins-de-100-euros/"">écouteurs sans fil à moins de 100 euros</a>, d'<a href=""https://meilleurtest.fr/comparatif-ecouteur-sans-fil-pas-cher/"">écouteurs sans fil pas chers</a> et d'<a href=""https://meilleurtest.fr/comparatif-ecouteur-pas-cher/"">écouteurs pas chers</a> pourront aussi vous intéresser. Ce comparatif vous orientera vers les écouteurs sans fil à moins de 50 euros les plus convaincants."
39478;Les meilleures mousses acoustiques;https://meilleurtest.fr/comparatif-mousse-acoustique/;Audio;La nuisance sonore est une difficulté récurrente pour les professionnels et les particuliers. Les bruits engendrés par le voisinage, les appareils électroménagers et les diverses machines peuvent être perturbants. Pour pallier cette problématique, la solution la plus évidente reste l’usage de mousse acoustique. Un système simple, mais efficace, la mousse acoustique veille à l’isolation phonique d’une pièce. Découvrez dans cet article un guide d’achat complet à ce sujet.;"Ce guide vous présentera les meilleures mousses acoustiques pour améliorer le traitement sonore de votre pièce. Vous y trouverez une analyse de l'absorption, de la densité et de la facilité de pose de chaque modèle. Nos comparatifs de <a href=""https://meilleurtest.fr/comparatif-micro-de-streaming/"">micros de streaming</a>, de <a href=""https://meilleurtest.fr/comparatif-microphone/"">microphones</a> et de <a href=""https://meilleurtest.fr/comparatif-casque-studio/"">casques studio</a> pourront aussi vous intéresser. Ce comparatif vous guidera vers les mousses acoustiques les plus adaptées à votre espace."
39458;Les meilleures barres de son pas chères;https://meilleurtest.fr/comparatif-barre-de-son-pas-chere/;Audio;"Expérience sonore immersive, des aigus et des graves bien marqués, une voix claire : voilà ce que l’on attend d’une barre de son pas chère. Parce que rares sont les télévisions qui sont à même de rendre un son de grande qualité, il faudra investir dans ce dispositif compact qui palliera à ce désagrément. Quelles sont les <a class=""wpil_keyword_link"" title=""meilleures barres de son"" href=""https://meilleurtest.fr/comparatif-barre-de-son/"" data-wpil-keyword-link=""linked"">meilleures barres de son</a> pas chères et comment les choisir ? Faisons un tour d’horizon dans ce guide.";"Ce guide vous aidera à trouver les meilleures barres de son pas chères pour améliorer l'audio de votre téléviseur sans vous ruiner. Vous découvrirez une analyse de la puissance, de la connectivité et du rendu sonore de chaque modèle. Nos comparatifs de <a href=""https://meilleurtest.fr/comparatif-barre-de-son-tv/"">barres de son TV</a>, de <a href=""https://meilleurtest.fr/comparatif-barre-de-son-bluetooth/"">barres de son bluetooth</a> et d'<a href=""https://meilleurtest.fr/comparatif-enceinte-tv/"">enceintes TV</a> compléteront votre recherche. Ce comparatif vous orientera vers les barres de son pas chères les plus performantes."
39422;Les meilleures enceintes;https://meilleurtest.fr/comparatif-enceinte/;Audio;"Envie de profiter d'une bonne musique aussi bien à la maison qu'en déplacement ? Une enceinte sera votre meilleure alliée. Portable, connectée, étanche, de petite ou grande taille, elle est disponible pour une installation intérieure ou extérieure. Talonnant de près les <a href=""//meilleurtest.fr/comparatif-chaine-hifi/"">chaînes hi-fi</a>, les enceintes offrent différentes fonctionnalités intelligentes : Google Home, Alexa, Wi-Fi, Bluetooth, etc. Trouvez donc le modèle qu'il vous faut via notre sélection.";"Ce guide vous présentera les meilleures enceintes disponibles, pour la musique, le cinéma ou la décoration sonore de votre intérieur. Vous y trouverez une analyse de la qualité sonore, de la puissance et du design de chaque modèle. Nos comparatifs d'<a href=""https://meilleurtest.fr/comparatif-enceinte-bluetooth/"">enceintes bluetooth</a>, d'<a href=""https://meilleurtest.fr/comparatif-enceinte-hifi/"">enceintes hifi</a>, d'<a href=""https://meilleurtest.fr/comparatif-enceinte-sans-fil/"">enceintes sans fil</a> et d'<a href=""https://meilleurtest.fr/comparatif-enceinte-colonne/"">enceintes colonnes</a> compléteront votre recherche. Ce comparatif vous guidera vers les enceintes les plus adaptées à vos besoins."
39370;Les meilleurs casques hifi;https://meilleurtest.fr/comparatif-casque-hifi/;Audio;L’extase musicale, vous pourrez vous la procurer avec un bon casque hifi. Au grand plaisir des audiophiles, cet accessoire est optimisé pour restituer toutes les subtilités et les détails d’une musique. Au-devant de l’immense gamme d’écouteurs disponibles dans le commerce, comment reconnaître et surtout comment choisir le bon casque hifi ? Pour le découvrir, lisez ce guide d’achat consacré à cet équipement audio, à posséder absolument.;"Ce guide vous aidera à choisir les meilleurs casques hifi pour une écoute musicale exigeante. Vous découvrirez une analyse de la fidélité sonore, du confort et de la construction de chaque modèle. Nos comparatifs de <a href=""https://meilleurtest.fr/comparatif-casque-audio-haut-de-gamme/"">casques audio haut de gamme</a>, de <a href=""https://meilleurtest.fr/comparatif-casque-studio/"">casques studio</a>, d'<a href=""https://meilleurtest.fr/comparatif-ampli-casque-audiophile/"">amplis casque audiophiles</a> et de <a href=""https://meilleurtest.fr/comparatif-dac-audiophile/"">DAC audiophiles</a> compléteront votre recherche. Ce comparatif vous orientera vers les casques hifi les plus performants pour votre écoute."
39330;Les meilleures enceintes pour platine vinyle;https://meilleurtest.fr/comparatif-enceinte-pour-platine-vinyle/;Audio;La platine vinyle est un appareil plébiscité par les audiophiles et les collectionneurs de disques vinyles. Étant un système audio à part entière, ce dispositif ne produit un son que s’il est raccordé à une paire de haut-parleurs. Pour vivre une véritable expérience musicale avec votre platine vinyle, des enceintes de qualité seront de rigueur. Mais lesquelles choisir parmi l’immense variété de produits proposés sur le marché ? Pour le découvrir, lisez ce guide d’achat.;"Ce guide vous présentera les meilleures enceintes pour platine vinyle afin de restituer fidèlement le son analogique de vos disques. Vous y trouverez une analyse de la qualité sonore, de la compatibilité et de la puissance de chaque modèle. Nos comparatifs de <a href=""https://meilleurtest.fr/comparatif-preampli-phono/"">préamplis phono</a>, d'<a href=""https://meilleurtest.fr/comparatif-ampli-hifi/"">amplis hifi</a>, d'<a href=""https://meilleurtest.fr/comparatif-enceinte-bibliotheque/"">enceintes bibliothèques</a> et d'<a href=""https://meilleurtest.fr/comparatif-enceinte-hifi/"">enceintes hifi</a> compléteront votre recherche. Ce comparatif vous guidera vers les enceintes pour platine vinyle les plus adaptées."
39317;Les meilleurs écouteurs à réduction de bruit;https://meilleurtest.fr/comparatif-ecouteurs-a-reduction-de-bruit/;Audio;Les casques et écouteurs sont très appréciés actuellement du fait de leur praticité. Pour cette raison, les marques les plus réputées dans le domaine ne cessent d'innover. Parmi les dernières sorties du moment se trouvent les écouteurs à réduction de bruit. Bluetooth, Wifi ou filaires, ils se déclinent en plusieurs versions. Nous vous emmenons à la découverte des meilleurs écouteurs à réduction de bruit à travers ce guide.;"Ce guide vous aidera à choisir les meilleurs écouteurs à réduction de bruit pour un silence optimal en toute situation. Vous découvrirez une analyse de l'efficacité ANC, du confort et de la qualité sonore de chaque modèle. Nos comparatifs d'<a href=""https://meilleurtest.fr/comparatif-ecouteurs-a-reduction-de-bruit-a-moins-de-100-euros/"">écouteurs ANC à moins de 100 euros</a>, de <a href=""https://meilleurtest.fr/comparatif-casques-a-reduction-de-bruit/"">casques à réduction de bruit</a> et d'<a href=""https://meilleurtest.fr/comparatif-ecouteurs-intra-auriculaires-a-reduction-de-bruit/"">écouteurs intra-auriculaires ANC</a> compléteront votre recherche. Ce comparatif vous orientera vers les écouteurs à réduction de bruit les plus performants."
39292;Les meilleures enceintes bibliothèques;https://meilleurtest.fr/comparatif-enceinte-bibliotheque/;Audio;Afin de pouvoir jouir de la meilleure expérience sonore, les enceintes bibliothèques sont les appareils à favoriser. Mais comment faire son choix lorsqu’il y a d’innombrables modèles disponibles sur le marché ? Grâce à ce guide, nous vous aiderons dans votre achat d’une enceinte en vous donnant des conseils qui vous seront utiles pour réduire votre champ de recherche. Par ailleurs, nous vous proposons également les meilleures marques d’enceintes bibliothèques ou compactes.;"Ce guide vous présentera les meilleures enceintes bibliothèques pour une écoute hifi compacte et raffinée. Vous y trouverez une analyse de la qualité sonore, de l'encombrement et de la compatibilité avec différents amplis. Nos comparatifs d'<a href=""https://meilleurtest.fr/comparatif-enceinte-bibliotheque-hi-fi/"">enceintes bibliothèques hi-fi</a>, d'<a href=""https://meilleurtest.fr/comparatif-enceinte-hifi/"">enceintes hifi</a>, d'<a href=""https://meilleurtest.fr/comparatif-ampli-hifi/"">amplis hifi</a> et d'<a href=""https://meilleurtest.fr/comparatif-enceinte-pour-platine-vinyle/"">enceintes pour platine vinyle</a> compléteront votre recherche. Ce comparatif vous guidera vers les enceintes bibliothèques les plus adaptées à votre écoute."
39244;Les meilleurs écouteurs pas chers;https://meilleurtest.fr/comparatif-ecouteur-pas-cher/;Audio;"Un accessoire incontournable pour écouter de la musique ou lire des vidéos en toute tranquillité partout, les écouteurs se déclinent dans un large choix de modèles et de styles. Pour la simplicité et la praticité, les <a class=""wpil_keyword_link"" href=""https://meilleurtest.fr/comparatif-ecouteur-filaire/""   title=""écouteurs filaires"" data-wpil-keyword-link=""linked"">écouteurs filaires</a> restent disponibles. Si vous désirez une grande qualité de son, les écouteurs sans fils sont excellents. Faites le choix des meilleurs écouteurs pas chers du moment !";"Ce guide vous aidera à trouver les meilleurs écouteurs pas chers qui offrent un bon rapport qualité-prix. Vous découvrirez une analyse du confort, de la qualité sonore et de la robustesse de chaque modèle. Nos comparatifs d'<a href=""https://meilleurtest.fr/comparatif-ecouteur-a-moins-de-100-euros/"">écouteurs à moins de 100 euros</a>, d'<a href=""https://meilleurtest.fr/comparatif-ecouteurs-sans-fil-a-moins-de-50-euros/"">écouteurs sans fil à moins de 50 euros</a> et d'<a href=""https://meilleurtest.fr/comparatif-ecouteur-sans-fil-pas-cher/"">écouteurs sans fil pas chers</a> pourront aussi vous intéresser. Ce comparatif vous orientera vers les écouteurs pas chers les plus convaincants."
39243;Les meilleurs écouteurs à moins de 100 euros;https://meilleurtest.fr/comparatif-ecouteur-a-moins-de-100-euros/;Audio;Vous pouvez dépenser des centaines d’euros voir plus pour une nouvelle paire d’écouteurs de nos jours, et dans certains cas, c’est tout à fait justifiable. Mais vous pouvez toujours obtenir d’excellents résultats avec des écouteurs économiques qui ne coûtent pas un bras. Si vous êtes à la recherche d’écouteurs pas chers, ce guide d’achat est fait pour vous : vous y trouverez une sélection des meilleurs écouteurs à moins de 100 euros, ainsi que les critères à prendre en compte pour bien choisir vos écouteurs à moins de 100 euros.;"Ce guide vous présentera les meilleurs écouteurs à moins de 100 euros, filaires et sans fil. Vous y trouverez une analyse de la qualité sonore, du confort et de l'autonomie de chaque modèle. Nos comparatifs d'<a href=""https://meilleurtest.fr/comparatif-ecouteur-pas-cher/"">écouteurs pas chers</a>, d'<a href=""https://meilleurtest.fr/comparatif-ecouteurs-sans-fil-a-moins-de-100-euros/"">écouteurs sans fil à moins de 100 euros</a> et d'<a href=""https://meilleurtest.fr/comparatif-ecouteurs-avec-micro/"">écouteurs avec micro</a> compléteront votre recherche. Ce comparatif vous guidera vers les écouteurs à moins de 100 euros les plus performants."
39214;Les meilleurs talkies-walkies rechargeables;https://meilleurtest.fr/comparatif-talkie-walkie-rechargeable/;Audio;Un talkie-walkie rechargeable est un appareil très pratique lors des sorties, les randonées, les campings ou pour les professionnels. Ce type de portatif radio permet d'avoir une communication rapide et efficace avec une portée de quelques kilomètres. Mais comment en choisir ? Et quels modèles répondraient le mieux à vos besoins ? Voici un comparatif des meilleurs talkies-walkies rechargeables pour vous aider à dénicher le meilleur produit.;"Ce guide vous aidera à choisir les meilleurs talkies-walkies rechargeables pour vos activités en plein air ou professionnelles. Vous découvrirez une analyse de la portée, de l'autonomie et de la robustesse de chaque modèle. Nos comparatifs de <a href=""https://meilleurtest.fr/comparatif-talkie-walkie/"">talkies-walkies</a>, de <a href=""https://meilleurtest.fr/comparatif-talkie-walkie-longue-portee/"">talkies-walkies longue portée</a> et de <a href=""https://meilleurtest.fr/comparatif-talkie-walkie-pour-chasse/"">talkies-walkies pour la chasse</a> pourront aussi vous intéresser. Ce comparatif vous orientera vers les talkies-walkies rechargeables les plus fiables."
39213;Les meilleurs chaînes hifi pour enfants;https://meilleurtest.fr/comparatif-chaine-hifi-pour-enfant/;Audio;La chambre d’enfant a aussi droit à sa sonorisation. Les chaînes hifi haut de gamme coûtent trop cher et sont souvent trop puissantes pour une petite pièce, surtout si vous destinez l'appareil à un enfant aux oreilles encore fragiles. Il faudra alors privilégier des chaînes hifi adaptées à leur tranche d'âge, compactes, si possible avec la liaison Bluetooth et un port USB afin d'y connecter un appareil mobile ou un lecteur MP3. Lisez ce guide d'achat pour en savoir plus.;"Ce guide vous présentera les meilleures chaînes hifi pour enfants, conçues pour être simples à utiliser et résistantes. Vous y trouverez une analyse de la qualité sonore, des fonctionnalités adaptées et de la robustesse de chaque modèle. Nos comparatifs de <a href=""https://meilleurtest.fr/comparatif-chaine-hifi/"">chaînes hifi</a>, de <a href=""https://meilleurtest.fr/comparatif-mini-chaine-hifi/"">mini chaînes hifi</a> et d'<a href=""https://meilleurtest.fr/comparatif-enceinte-bluetooth-a-moins-de-50-euros/"">enceintes bluetooth à moins de 50 euros</a> pourront aussi vous intéresser. Ce comparatif vous guidera vers les chaînes hifi pour enfants les plus adaptées."
39203;Les meilleurs écouteurs sans fil pour iPhone;https://meilleurtest.fr/comparatif-ecouteur-sans-fil-pour-iphone/;Audio;Avez-vous envie de profiter au maximum du potentiel audio de votre iPhone ? Des écouteurs sans fil destinés à cet effet sont la meilleure solution. Mais, comme il existe différents modèles, le choix de ce qui vous conviendra le mieux est assez difficile. Afin de vous aider, nous vous invitons à lire notre guide des meilleurs écouteurs sans fil pour iPhone.;"Ce guide vous aidera à choisir les meilleurs écouteurs sans fil pour iPhone, optimisés pour une intégration fluide avec iOS. Vous découvrirez une analyse de la compatibilité, de la qualité sonore et de l'autonomie de chaque modèle. Nos comparatifs d'<a href=""https://meilleurtest.fr/comparatif-ecouteurs-pour-iphone/"">écouteurs pour iPhone</a>, d'<a href=""https://meilleurtest.fr/comparatif-ecouteurs-sans-fil-apple/"">écouteurs sans fil Apple</a>, d'<a href=""https://meilleurtest.fr/comparatif-airpod/"">AirPods</a> et d'<a href=""https://meilleurtest.fr/comparatif-ecouteur-true-wireless/"">écouteurs true wireless</a> compléteront votre recherche. Ce comparatif vous orientera vers les écouteurs sans fil pour iPhone les plus convaincants."
39198;Les meilleurs écouteurs avec micro;https://meilleurtest.fr/comparatif-ecouteurs-avec-micro/;Audio;"Les <a href=""https://meilleurtest.fr/comparatif-ecouteurs/"">écouteurs</a>, la plupart du temps équipés d’un micro intégré, sont toujours légion dans l’Hexagone. Équipements audio par excellence, ils vous permettent d’écouter vos musiques favorites partout, d’émettre/de passer des appels et de discuter avec vos interlocuteurs dans les meilleures conditions. Vous avez du mal à choisir ? Fiez-vous donc à notre comparatif des meilleurs écouteurs avec micro.";"Ce guide vous présentera les meilleurs écouteurs avec micro pour vos appels, visioconférences et sessions de jeu. Vous y trouverez une analyse de la clarté du micro, du confort et de la qualité sonore de chaque modèle. Nos comparatifs d'<a href=""https://meilleurtest.fr/comparatif-ecouteur-true-wireless/"">écouteurs true wireless</a>, d'<a href=""https://meilleurtest.fr/comparatif-ecouteurs-sans-fil-a-moins-de-100-euros/"">écouteurs sans fil à moins de 100 euros</a> et de <a href=""https://meilleurtest.fr/comparatif-casque-micro/"">casques micro</a> pourront aussi vous intéresser. Ce comparatif vous guidera vers les écouteurs avec micro les plus adaptés à vos usages."
39190;Les meilleurs casques circum auraux;https://meilleurtest.fr/comparatif-casque-circum-aural/;Audio;"Nous savons à quel point la vie peut être incolore sans musique. Structure ouverte ou fermée, le casque circum aural est un excellent moyen d’apprécié sa playlist préférée. Polyvalent, il se branche au <a href=""https://meilleurtest.fr/comparatif-smartphone/"">smartphone</a> via une prise jack ou en Bluetooth. Mais comment en trouver et comment le choisir ? Vous trouverez dans ce guide d'achat toutes les informations qui vous seront utiles. Lisez notre guide pour en savoir plus.";"Ce guide vous aidera à choisir les meilleurs casques circum-auraux, dont les coussinets englobent vos oreilles pour un confort et une isolation optimaux. Vous découvrirez une analyse du rendu sonore, du poids et des matériaux de chaque modèle. Nos comparatifs de <a href=""https://meilleurtest.fr/comparatif-casque-audio-filaire/"">casques audio filaires</a>, de <a href=""https://meilleurtest.fr/comparatif-casque-hifi/"">casques hifi</a> et de <a href=""https://meilleurtest.fr/comparatif-casque-studio/"">casques studio</a> compléteront votre recherche. Ce comparatif vous orientera vers les casques circum-auraux les plus adaptés à votre écoute."
39183;Les meilleures enceintes transportables;https://meilleurtest.fr/comparatif-enceinte-transportable/;Audio;Vous êtes un amoureux de la musique et aimez danser ou faire la fête sur un son entraînant ? Investissez dans une enceinte transportable. D’une taille relativement imposante, cet appareil se veut plus performant et puissant qu’une enceinte ultraportable ou portable. Difficile pourtant de choisir le modèle idéal. Raison pour laquelle nous avons établi ce comparatif des meilleures enceintes transportables.;"Ce guide vous présentera les meilleures enceintes transportables pour profiter de votre musique en déplacement. Vous y trouverez une analyse de la compacité, de l'autonomie et de la qualité sonore de chaque modèle. Nos comparatifs d'<a href=""https://meilleurtest.fr/comparatif-enceinte-bluetooth-nomade/"">enceintes bluetooth nomades</a>, d'<a href=""https://meilleurtest.fr/comparatif-enceinte-portable-a-batterie/"">enceintes portables à batterie</a>, d'<a href=""https://meilleurtest.fr/comparatif-enceinte-bluetooth/"">enceintes bluetooth</a> et d'<a href=""https://meilleurtest.fr/comparatif-enceinte-d-exterieur/"">enceintes d'extérieur</a> compléteront votre recherche. Ce comparatif vous guidera vers les enceintes transportables les plus adaptées à vos sorties."
39174;Les meilleurs écouteurs sans fil Android;https://meilleurtest.fr/comparatif-ecouteur-sans-fil-android/;Audio;Vous êtes souvent en déplacement et cherchez un écouteur léger, peu encombrant robuste et doté de plusieurs fonctionnalités pour écouter de la musique ou effectuer des appels téléphoniques ? L'écouteur Android est la meilleure alternative qui s'offre à vous. True Wireless, intra-auriculaire ou circum, de nombreux modèles sont disponibles sur le marché. Nous vous proposons, dans ce guide, de découvrir les meilleurs écouteurs sans fil Android du moment.;"Ce guide vous aidera à choisir les meilleurs écouteurs sans fil Android, optimisés pour les fonctionnalités de votre smartphone. Vous découvrirez une analyse de la connectivité, de la qualité sonore et du confort de chaque modèle. Nos comparatifs d'<a href=""https://meilleurtest.fr/comparatif-ecouteurs-pour-android/"">écouteurs pour Android</a>, d'<a href=""https://meilleurtest.fr/comparatif-ecouteurs-sans-fil-a-moins-de-100-euros/"">écouteurs sans fil à moins de 100 euros</a> et d'<a href=""https://meilleurtest.fr/comparatif-ecouteur-true-wireless/"">écouteurs true wireless</a> pourront aussi vous intéresser. Ce comparatif vous orientera vers les écouteurs sans fil Android les plus adaptés."
39152;Les meilleurs casques bluetooth pour Switch;https://meilleurtest.fr/comparatif-casque-bluetooth-pour-switch/;Audio;"Vous avez la dernière version de la Nintendo Switch et cherchez un moyen de pimenter votre expérience de jeu ? Le casque bluetooth est une bonne alternative pour que vous soyez en totale immersion dans votre jeu favori. Ouvert, fermé, en cuir ou en plastique, il se décline en de nombreux modèles. Vous trouverez dans ce guide notre sélection des <a class=""wpil_keyword_link"" href=""https://meilleurtest.fr/comparatif-casque-bluetooth/""   title=""meilleurs casques bluetooth"" data-wpil-keyword-link=""linked"">meilleurs casques bluetooth</a> pour Switch ainsi que divers conseils pour faire le bon choix.";"Ce guide vous présentera les meilleurs casques bluetooth pour Switch, compatibles avec la console portable. Vous y trouverez une analyse de la latence audio, du confort et de la qualité sonore de chaque modèle. Nos comparatifs de <a href=""https://meilleurtest.fr/comparatif-casque-bluetooth/"">casques bluetooth</a>, de <a href=""https://meilleurtest.fr/comparatif-casque-gamer/"">casques gamer</a>, de <a href=""https://meilleurtest.fr/comparatif-casque-bluetooth-pas-cher/"">casques bluetooth pas chers</a> et d'<a href=""https://meilleurtest.fr/comparatif-adaptateur-casque-bluetooth/"">adaptateurs casque bluetooth</a> compléteront votre recherche. Ce comparatif vous guidera vers les casques bluetooth pour Switch les plus adaptés."
39146;Les meilleures grosses enceintes Bluetooth;https://meilleurtest.fr/comparatif-grosse-enceinte-bluetooth/;Audio;Si vous souhaitez utiliser un enceinte Bluetooth en extérieur, dans une pièce plus grande, ou si vous voulez un son sérieux à la maison, il est peut-être temps d’opter pour une grosse enceinte Bluetooth. Ce type d'enceinte Bluetooth peut délivrer un son très fort et fournir une scène sonore complète avec des basses plus profondes et percutantes. Ce guide d’achat a été rédigé pour vous aider à trouver la grosse enceinte Bluetooth qui correspondra le plus à votre budget et répondra le mieux à vos besoins.;"Ce guide vous aidera à choisir les meilleures grosses enceintes Bluetooth pour un son puissant et immersif. Vous découvrirez une analyse de la puissance, de la qualité des basses et de l'autonomie de chaque modèle. Nos comparatifs d'<a href=""https://meilleurtest.fr/comparatif-enceinte-bluetooth-puissante/"">enceintes bluetooth puissantes</a>, d'<a href=""https://meilleurtest.fr/comparatif-enceinte-bluetooth/"">enceintes bluetooth</a>, d'<a href=""https://meilleurtest.fr/comparatif-enceinte-bluetooth-de-salon/"">enceintes bluetooth de salon</a> et d'<a href=""https://meilleurtest.fr/comparatif-enceinte-portable-a-batterie/"">enceintes portables à batterie</a> compléteront votre recherche. Ce comparatif vous orientera vers les grosses enceintes Bluetooth les plus performantes."
39141;Les meilleurs talkies-walkies enfants;https://meilleurtest.fr/comparatif-talkie-walkie-enfant/;Audio;Auparavant, les talkies-walkies étaient surtout utilisés afin de faciliter la communication dans les zones non couvertes par le réseau téléphonique. Aujourd’hui, il en existe même des modèles pour enfants. Ces appareils électroniques sont encore un incontournable chez eux pour jouer seul ou entre amis. Si vous voulez en acheter pour vos enfants, suivez le guide.;"Ce guide vous présentera les meilleurs talkies-walkies enfants, conçus pour résister aux chocs et offrir une utilisation simple. Vous y trouverez une analyse de la portée, de la robustesse et de la sécurité de chaque modèle. Nos comparatifs de <a href=""https://meilleurtest.fr/comparatif-talkie-walkie/"">talkies-walkies</a>, de <a href=""https://meilleurtest.fr/comparatif-talkie-walkie-rechargeable/"">talkies-walkies rechargeables</a> et de <a href=""https://meilleurtest.fr/comparatif-talkie-walkie-longue-portee/"">talkies-walkies longue portée</a> pourront aussi vous intéresser. Ce comparatif vous guidera vers les talkies-walkies enfants les plus adaptés à leurs aventures."
39138;Les meilleurs talkies-walkies pour la chasse;https://meilleurtest.fr/comparatif-talkie-walkie-pour-chasse/;Audio;Moyen de communication indispensable, le talkie-walkie pour la chasse est un accessoire plus qu’indispensable pour les chasseurs professionnels et surtout pour les amateurs. Que ce soit pour des chasses en battue ou pour le plaisir, cet accessoire est un allié précieux pour communiquer à travers des zones plus ou moins éloignées. Sans mentionner qu’à l’heure actuelle, plusieurs modèles sont disponibles sur le marché, avec ou sans licence, dépendant de vos besoins. Pour vous aider à choisir le bon outil, lisez ce guide portant sur les meilleurs talkies-walkies pour la chasse.;"Ce guide vous aidera à choisir les meilleurs talkies-walkies pour la chasse, pensés pour la discrétion et la fiabilité en milieu forestier. Vous découvrirez une analyse de la portée, de la résistance aux intempéries et de l'autonomie de chaque modèle. Nos comparatifs de <a href=""https://meilleurtest.fr/comparatif-talkie-walkie/"">talkies-walkies</a>, de <a href=""https://meilleurtest.fr/comparatif-talkie-walkie-longue-portee/"">talkies-walkies longue portée</a> et de <a href=""https://meilleurtest.fr/comparatif-talkie-walkie-rechargeable/"">talkies-walkies rechargeables</a> compléteront votre recherche. Ce comparatif vous orientera vers les talkies-walkies pour la chasse les plus fiables."
39136;Les meilleurs casques micro bluetooth;https://meilleurtest.fr/comparatif-casque-micro-bluetooth/;Audio;Vous voulez être à l’aise et libre de vos mouvements lors vos négociations en ligne ? Procurez-vous un casque micro bluetooth. Léger et très pratique, cet équipement audio sans fil met à votre profit ses principaux atouts : son de haute qualité, grande autonomie, technologie anti-bruit, micro intégré ou omnidirectionnel. Pour vous aider, voici une sélection des meilleurs casques micro bluetooth du moment.;"Ce guide vous présentera les meilleurs casques micro bluetooth pour vos appels et visioconférences sans fil. Vous y trouverez une analyse de la clarté du micro, du confort et de l'autonomie de chaque modèle. Nos comparatifs de <a href=""https://meilleurtest.fr/comparatif-casque-micro/"">casques micro</a>, de <a href=""https://meilleurtest.fr/comparatif-casque-micro-pc/"">casques micro PC</a>, de <a href=""https://meilleurtest.fr/comparatif-casque-bluetooth/"">casques bluetooth</a> et de <a href=""https://meilleurtest.fr/comparatif-micro-casque-professionnel/"">micros casques professionnels</a> compléteront votre recherche. Ce comparatif vous guidera vers les casques micro bluetooth les plus adaptés à votre quotidien."
39113;Les meilleures barres de son 5.1;https://meilleurtest.fr/comparatif-barre-de-son-5-1/;Audio;Envie de profiter au maximum de vos films et séries et chansons préférées chez vous ? Complétez votre télévision avec une barre de son. Et pas n’importe laquelle ! Laissez vous tenter par la 5.1 qui, en plus d’apporter un réalisme sonore exemplaire, complètera le rendu final et vous fera profiter de films, séries, de bonne musique et d’émissions de télé des plus immersifs. Mais pour quel modèle opter ? Piochez dans notre sélection.;"Ce guide vous aidera à choisir les meilleures barres de son 5.1 pour une expérience surround immersive. Vous découvrirez une analyse de la spatialisation, de la puissance du caisson et de la connectivité de chaque modèle. Nos comparatifs de <a href=""https://meilleurtest.fr/comparatif-barre-de-son-tv/"">barres de son TV</a>, de <a href=""https://meilleurtest.fr/comparatif-barre-de-son-dolby-atmos/"">barres de son Dolby Atmos</a>, d'<a href=""https://meilleurtest.fr/comparatif-enceinte-de-home-cinema/"">enceintes de home cinéma</a> et de <a href=""https://meilleurtest.fr/comparatif-home-cinema/"">home cinéma</a> compléteront votre recherche. Ce comparatif vous orientera vers les barres de son 5.1 les plus performantes."
39112;Les meilleurs casques micro PC;https://meilleurtest.fr/comparatif-casque-micro-pc/;Audio;Vous souhaitez avoir un casque micro PC avec un son exceptionnel ? Vous avez de nombreux choix parmi les différentes gammes de casques que vous trouverez sur le marché, que ce soit pour les gamer ou pour les professionnels. Pourtant, vous n’arrivez pas à choisir lequel de ces modèles sera le meilleur ? Découvrez les meilleurs casques micro PC dans ce guide.;"Ce guide vous présentera les meilleurs casques micro PC pour le gaming, les visioconférences et le streaming. Vous y trouverez une analyse du confort, de la clarté du micro et de la qualité sonore de chaque modèle. Nos comparatifs de <a href=""https://meilleurtest.fr/comparatif-casque-micro/"">casques micro</a>, de <a href=""https://meilleurtest.fr/comparatif-casque-micro-bluetooth/"">casques micro bluetooth</a>, de <a href=""https://meilleurtest.fr/comparatif-casque-gamer/"">casques gamer</a> et de <a href=""https://meilleurtest.fr/comparatif-micro-de-streaming/"">micros de streaming</a> compléteront votre recherche. Ce comparatif vous guidera vers les casques micro PC les plus adaptés à votre usage."
39103;Les meilleures barres de son Bluetooth;https://meilleurtest.fr/comparatif-barre-de-son-bluetooth/;Audio;Avez-vous constaté que, peu importe à quel point les téléviseurs deviennent fins, compacts et performants en termes de la netteté de l’image, il existe toujours un contraste marqué entre la qualité de l’image d’un nouvel écran plat et ses performances sonores médiocres ? Mais heureusement, le simple fait d’ajouter une barre de son Bluetooth à votre configuration est un moyen facile d’avoir une bonne expérience de visionnage, aussi immersive que possible, et sans dépenser une fortune. Lisez ce guide d’achat pour en savoir plus.;"Associer votre téléviseur à un système audio sans fil transformera vos soirées cinéma et musique. Vous découvrirez des modèles avec <a href=""https://meilleurtest.fr/comparatif-barre-de-son-dolby-atmos/"">son Dolby Atmos</a>, des configurations <a href=""https://meilleurtest.fr/comparatif-barre-de-son-5-1/"">surround 5.1</a> et des options <a href=""https://meilleurtest.fr/comparatif-barre-de-son-pas-chere/"">à petit prix</a>. Que vous possédiez déjà une <a href=""https://meilleurtest.fr/comparatif-enceinte-bluetooth/"">enceinte Bluetooth</a> ou non, ce guide vous orientera vers la barre de son Bluetooth la mieux adaptée à votre salon."
39082;Les meilleurs talkies-walkies longue portée;https://meilleurtest.fr/comparatif-talkie-walkie-longue-portee/;Audio;Le talkie-walkie est devenu quelque peu obsolète avec l'arrivée fracassante des téléphones portables. Cependant, cet appareil de communication présente de nombreux avantages comparé aux mobiles, d'où sa popularité actuelle. Vous souhaitez en savoir plus ? Notre guide consacré aux meilleurs talkies-walkies longue portée disponibles en ce moment vous aidera à y voir plus clair.;"Communiquer sur plusieurs kilomètres sans réseau mobile nécessitera un appareil fiable et puissant. Vous comparerez des modèles <a href=""https://meilleurtest.fr/comparatif-talkie-walkie-rechargeable/"">rechargeables</a>, des appareils adaptés à la <a href=""https://meilleurtest.fr/comparatif-talkie-walkie-pour-chasse/"">chasse</a> ou conçus pour les <a href=""https://meilleurtest.fr/comparatif-talkie-walkie-enfant/"">enfants</a>. Pour aller au-delà des <a href=""https://meilleurtest.fr/comparatif-talkie-walkie/"">talkies-walkies classiques</a> à portée limitée, ce guide vous aidera à trouver le talkie-walkie longue portée adapté à vos sorties terrain."
39076;Les meilleurs casques audio haut de gamme;https://meilleurtest.fr/comparatif-casque-audio-haut-de-gamme/;Audio;Comment distinguer le son simplement bon de l'exceptionnel dans un marché saturé de casques audio ? La quête du casque haut de gamme parfait est souvent semée d'embûches : entre qualité sonore médiocre, confort douteux et matériaux bon marché, trouver la perle rare relève du parcours du combattant pour l'audiophile exigeant. Les meilleurs casques audio haut de gamme promettent de résoudre ces dilemmes en offrant une expérience auditive sans précédent, où chaque note joue sa partition à la perfection. Les détails dans ce guide.;"Investir dans un casque premium vous ouvrira les portes d'une restitution sonore exceptionnelle au quotidien. Vous comparerez des modèles <a href=""https://meilleurtest.fr/comparatif-casque-audio-filaire/"">filaires</a> audiophiles, des <a href=""https://meilleurtest.fr/comparatif-casque-bluetooth/"">casques Bluetooth</a> performants et des références de <a href=""https://meilleurtest.fr/comparatif-casque-studio/"">studio</a> professionnelles. Un <a href=""https://meilleurtest.fr/comparatif-amplificateur-dac-pour-casque-audio/"">amplificateur DAC</a> pourra compléter votre installation pour en tirer le meilleur. Ce guide vous accompagnera dans le choix de votre casque audio haut de gamme."
39067;Les meilleures enceintes Bluetooth lumineuses;https://meilleurtest.fr/comparatif-enceinte-bluetooth-lumineuse/;Audio;Avec leurs couleurs très flashy, les enceintes Bluetooth lumineuses sont de plus en plus tendance. Elles illuminent nos fêtes en intérieur et en extérieur tout en apportant de la bonne ambiance avec nos musiques préférées. Un succès grandissant qui fait qu’il existe aujourd’hui une multitude de choix. Alors, afin de vous aider, nous avons minutieusement sélectionné pour vous les meilleures enceintes Bluetooth du moment.;"Allier qualité sonore et jeux de lumière créera une atmosphère unique pour vos soirées en intérieur comme en extérieur. Vous trouverez des modèles <a href=""https://meilleurtest.fr/comparatif-enceinte-bluetooth-puissante/"">puissants</a>, des enceintes <a href=""https://meilleurtest.fr/comparatif-enceinte-bluetooth-etanche/"">étanches</a> pour le plein air et des options <a href=""https://meilleurtest.fr/comparatif-enceinte-bluetooth-pas-chere/"">abordables</a>. Que vous préfériez un modèle <a href=""https://meilleurtest.fr/comparatif-enceinte-bluetooth-nomade/"">nomade</a> à emmener partout ou une enceinte de <a href=""https://meilleurtest.fr/comparatif-enceinte-bluetooth-de-salon/"">salon</a>, ce guide vous orientera vers l'enceinte Bluetooth lumineuse idéale."
39062;Les meilleurs écouteurs USB-C;https://meilleurtest.fr/comparatif-ecouteur-usb-c/;Audio;"Alors que les fabricants s’assurent de couper tous les cordons dans le cadre de leur concentration accrue sur les meilleurs écouteurs sans fil, cela ne signifie pas que les connexions filaires ne sont pas une option. Les écouteurs Bluetooth sont excellents, mais si vous préférez vous passer de la latence et du processus de charge, certains des meilleurs <a href=""//meilleurtest.fr/comparatif-ecouteur-true-wireless-a-reduction-de-bruit/"">écouteurs</a> USB-C sont une excellente alternative aux deux. Lisez notre guide pour en savoir plus.";"Avec la disparition progressive de la prise jack, les écouteurs USB-C deviendront un accessoire incontournable pour écouter votre musique au quotidien. Vous découvrirez des modèles compatibles <a href=""https://meilleurtest.fr/comparatif-ecouteurs-pour-android/"">Android</a> et <a href=""https://meilleurtest.fr/comparatif-ecouteurs-pour-iphone/"">iPhone</a>, des <a href=""https://meilleurtest.fr/comparatif-ecouteurs-avec-micro/"">écouteurs avec micro</a> intégré et des options <a href=""https://meilleurtest.fr/comparatif-ecouteur-pas-cher/"">pas chères</a>. Ce guide vous aidera à sélectionner les écouteurs USB-C les plus adaptés à votre appareil et à vos habitudes."
39031;Les meilleures chaînes hifi haut de gamme;https://meilleurtest.fr/comparatif-chaine-hifi-haut-de-gamme/;Audio;"La <a href=""https://meilleurtest.fr/comparatif-chaine-hifi/"">chaîne hifi</a> et son éternel lecteur CD n’ont pas encore fini de nous émerveiller. Les versions haut de gamme combinent désormais les anciennes et les nouvelles technologies. Elles vous feront profiter de vos musiques favorites via votre collection de CD/vinyle ou par le biais d’un service de streaming audio, en mode Bluetooth ou Wi-Fi. Mais une qualité sonore fidèlement restituée a un prix. Si votre budget vous le permet, choisissez votre chaîne hifi haut de gamme parmi celles de notre sélection.";"Explorer l'univers de la haute fidélité vous révélera des différences sonores considérables. Vous comparerez des systèmes intégrés, des <a href=""https://meilleurtest.fr/comparatif-ampli-hifi/"">amplis hifi</a> séparés et des ensembles avec <a href=""https://meilleurtest.fr/comparatif-enceinte-hifi-haut-de-gamme/"">enceintes haut de gamme</a>. La connectivité <a href=""https://meilleurtest.fr/comparatif-chaine-hifi-bluetooth/"">Bluetooth</a> ou un <a href=""https://meilleurtest.fr/comparatif-streamer-hifi-audiophile/"">streamer audiophile</a> complétera votre installation. Ce guide vous orientera vers la chaîne hifi haut de gamme faite pour vous."
38990;Les meilleurs walkman cassette;https://meilleurtest.fr/comparatif-walkman-cassette/;Audio;Appareil nomade ayant connu des jours heureux il y a une vingtaine d'années, le Walkman revient en force et se pare d'un nouveau look. En effet, certaines marques phares ont lancé des modèles de baladeurs à cassette, truffés de technologies et connectiques pour le bonheur des fans d'objets vintage. Nous avons sélectionné dans ce guide les meilleurs walkmans cassette du moment pour vous aider à mieux choisir celui qui vous accompagnera partout où vous allez.;"Retrouver le charme analogique de la cassette séduira les amateurs de vintage et les collectionneurs. Vous découvrirez des baladeurs avec conversion numérique, à associer à un <a href=""https://meilleurtest.fr/comparatif-casque-nomade-filaire/"">casque nomade filaire</a> ou des <a href=""https://meilleurtest.fr/comparatif-ecouteurs/"">écouteurs</a> de qualité. Que vous soyez nostalgique ou curieux des <a href=""https://meilleurtest.fr/comparatif-baladeur-audiophile/"">baladeurs audiophiles</a> modernes, ce guide vous aidera à choisir votre walkman cassette."
38984;Les meilleurs radios-réveils projecteurs;https://meilleurtest.fr/comparatif-radio-reveil-projecteur/;Audio;"Envie de vous lever du bon pied, les alarmes retentissantes du réveil en moins ? Choisissez un <a href=""https://meilleurtest.fr/comparatif-radio-reveil/"">radio-réveil</a> projecteur. Ce petit bijou technologique vous fera commencer la journée dans la joie et la bonne humeur. Reste à trouver le modèle le plus à même de répondre à vos attentes. Pour ne pas perdre de temps en recherches, fiez-vous à notre comparatif des meilleurs radios-réveils projecteurs du moment.";"Afficher l'heure au plafond tout en profitant de la radio simplifiera vos réveils. Vous comparerez des modèles avec projection réglable, double alarme et réception <a href=""https://meilleurtest.fr/comparatif-poste-radio-dab-plus/"">DAB+</a>. Si vous cherchez un appareil plus polyvalent, une <a href=""https://meilleurtest.fr/comparatif-radio-internet-wifi/"">radio internet wifi</a> ou une <a href=""https://meilleurtest.fr/comparatif-radio-cd-usb/"">radio CD USB</a> sera une alternative. Ce guide vous orientera vers le radio-réveil projecteur adapté à votre chambre."
38963;Les meilleures radios CD USB;https://meilleurtest.fr/comparatif-radio-cd-usb/;Audio;Près de 80 % des Français écoutent régulièrement des programmes radio. Ce qui explique pourquoi de nombreuses personnes choisissent encore aujourd’hui de se procurer une radio CD USB permettant de suivre les hits du moment et d’écouter de la musique. Mais comment trouver le modèle idéal parmi les nombreuses marques qui en proposent sur le marché ? Cet article vous en donnera la réponse.;"Écouter vos CD préférés et vos fichiers USB sur un même appareil vous offrira une grande flexibilité musicale. Vous trouverez des modèles compacts, des radios avec réception <a href=""https://meilleurtest.fr/comparatif-poste-radio-dab-plus/"">DAB+</a> et des systèmes proches d'une <a href=""https://meilleurtest.fr/comparatif-mini-chaine-hifi/"">mini chaîne hifi</a>. Les <a href=""https://meilleurtest.fr/comparatif-radio-internet-wifi/"">radios internet wifi</a> élargiront le choix pour les auditeurs connectés. Ce guide vous accompagnera dans la sélection de votre radio CD USB."
38960;Les meilleurs DAC USB;https://meilleurtest.fr/comparatif-dac-usb/;Audio;Pour profiter d’une qualité sonore plus satisfaisante, il est parfois nécessaire de recourir à un composant externe à l’appareil. Le DAC (digital to Analogue Converter) USB fait partie de ces composants : si vous utilisez un DAC USB, vous vous rendrez vite compte que votre musique sera plus claire, plus nette, plus grave et tout à fait plus convaincante. Ce dispositif peut être associé à un système Hifi, un ordinateur, un smartphone et tous autres appareils compatibles. Lisez ce guide pour en savoir plus.;"Révéler tout le potentiel sonore de votre ordinateur ou smartphone passera par un convertisseur numérique-analogique dédié. Vous comparerez des modèles portables, des <a href=""https://meilleurtest.fr/comparatif-dac-audiophile/"">DAC audiophiles</a> de bureau et des <a href=""https://meilleurtest.fr/comparatif-amplificateur-dac-pour-casque-audio/"">amplificateurs DAC pour casque</a>. Associé à un <a href=""https://meilleurtest.fr/comparatif-casque-hifi/"">casque hifi</a> ou un <a href=""https://meilleurtest.fr/comparatif-ampli-pour-casque/"">ampli pour casque</a>, le résultat sera transformé. Ce guide vous orientera vers le DAC USB le plus adapté à votre installation."
38945;Les meilleures mini oreillettes bluetooth;https://meilleurtest.fr/comparatif-mini-oreillette-bluetooth/;Audio;Pour écouter de la musique ou téléphoner en mode mains libres, la mini oreillette bluetooth rend de fiers services. Cependant, trouver le bon modèle peut rapidement devenir un casse-tête. Aussi, nous avons compilé à travers ce comparatif les informations utiles comme les marques et les modèles à ne pas rater. Cela devrait vous aider à restreindre vos choix et décider plus facilement.;"Porter une oreillette discrète toute la journée vous permettra de rester joignable sans encombrement. Vous découvrirez des modèles ultracompacts, proches des <a href=""https://meilleurtest.fr/comparatif-ecouteur-true-wireless/"">écouteurs true wireless</a> mais conçus pour les appels. Entre les options <a href=""https://meilleurtest.fr/comparatif-ecouteur-sans-fil-pas-cher/"">pas chères</a> et les modèles <a href=""https://meilleurtest.fr/comparatif-ecouteur-intra-auriculaire-bluetooth/"">intra-auriculaires Bluetooth</a> plus polyvalents, ce guide vous aidera à choisir votre mini oreillette Bluetooth."
38921;Les meilleures chaînes hifi Bluetooth;https://meilleurtest.fr/comparatif-chaine-hifi-bluetooth/;Audio;Les chaînes hifi ont encore la cote auprès des puristes et des amateurs de basses profondes. De plus, la technologie a bien évolué pour donner naissance à d'autres modèles tels que les chaînes hifi Bluetooth. Si l'acquisition de ce type d'appareil vous tente, sachez qu'il y a quelques éléments à vérifier et à analyser avant l'achat. Pour cette raison, nous avons dressé ce guide afin de vous orienter vers les meilleures chaînes hifi Bluetooth les plus prisées du moment.;"Diffuser votre musique depuis un smartphone vers un système hifi vous offrira le meilleur des deux mondes. Vous comparerez des chaînes intégrées, des modèles <a href=""https://meilleurtest.fr/comparatif-chaine-hifi-haut-de-gamme/"">haut de gamme</a> et des systèmes compacts comme les <a href=""https://meilleurtest.fr/comparatif-mini-chaine-hifi/"">mini chaînes</a>. Un <a href=""https://meilleurtest.fr/comparatif-recepteur-bluetooth-pour-chaine-hifi/"">récepteur Bluetooth pour chaîne hifi</a> pourra aussi moderniser votre équipement existant. Ce guide vous orientera vers la chaîne hifi Bluetooth idéale."
38885;Les meilleures enceintes colonnes bluetooth;https://meilleurtest.fr/comparatif-enceinte-colonne-bluetooth/;Audio;Beaucoup hésitent à s’offrir une enceinte colonne bluetooth pour son prix élevé par rapport à ceux des enceintes bibliothèques. Pourtant, elle apporte plusieurs avantages notables, dont une meilleure expérience sonore et une puissance supérieure, pour sonoriser de plus grands espaces. Découvrez, à travers ce guide d’achat, tous les avantages de l’enceinte colonne bluetooth, le classement des meilleurs modèles et les clés pour faire le meilleur choix.;"Équiper votre salon d'enceintes colonnes sans fil vous offrira un son ample et immersif sans câbles apparents. Vous comparerez des modèles proches des <a href=""https://meilleurtest.fr/comparatif-enceinte-colonne/"">enceintes colonnes</a> classiques, des systèmes <a href=""https://meilleurtest.fr/comparatif-enceinte-bluetooth-puissante/"">Bluetooth puissants</a> et des options adaptées au <a href=""https://meilleurtest.fr/comparatif-enceinte-bluetooth-de-salon/"">salon</a>. Les <a href=""https://meilleurtest.fr/comparatif-enceinte-hifi/"">enceintes hifi</a> filaires resteront une alternative pour les audiophiles. Ce guide vous orientera vers les enceintes colonnes Bluetooth les plus adaptées à votre pièce."
38866;Les meilleures enceintes amplifiées sono;https://meilleurtest.fr/comparatif-enceinte-amplifiee-sono/;Audio;Plébiscitée par les musiciens et les disc-jockeys amateurs ou professionnels, l’enceinte amplifiée sono permet de performer les créations musicales n’importe où et aussi souvent qu’on le souhaite. Cependant, choisir ce système audio n’est pas une mince affaire, en raison de la profusion des modèles et des technologies. Rassurez-vous, vous retrouverez dans ce guide toutes les pistes qui vous aideront à faire le bon choix selon vos besoins.;"Sonoriser un événement ou une salle de répétition nécessitera des enceintes amplifiées puissantes et fiables. Vous comparerez des modèles actifs, des <a href=""https://meilleurtest.fr/comparatif-enceinte-sono/"">enceintes sono</a> passives et des systèmes portables. Une <a href=""https://meilleurtest.fr/comparatif-table-de-mixage/"">table de mixage</a> et un <a href=""https://meilleurtest.fr/comparatif-micro-sans-fil/"">micro sans fil</a> compléteront votre installation. Ce guide vous orientera vers l'enceinte amplifiée sono adaptée à votre usage."
38864;Les meilleures enceintes bluetooth puissantes;https://meilleurtest.fr/comparatif-enceinte-bluetooth-puissante/;Audio;Vous êtes à la quête d'une enceinte Bluetooth puissante ? Vous êtes ici au bon endroit. Dans cet article, on vous propose les quatre meilleures enceintes Bluetooth dont le son et les performances surpassent de loin les autres modèles sur le marché. Il y a aussi tous les conseils pour choisir le modèle qui vous correspond et des astuces pour profiter au mieux de votre appareil audio.;"Profiter d'un son généreux en intérieur comme en extérieur nécessitera une enceinte sans fil à forte puissance. Vous découvrirez des modèles <a href=""https://meilleurtest.fr/comparatif-enceinte-bluetooth-etanche/"">étanches</a> pour le plein air, des enceintes <a href=""https://meilleurtest.fr/comparatif-enceinte-bluetooth-de-salon/"">de salon</a> et des références <a href=""https://meilleurtest.fr/comparatif-enceinte-bluetooth-haut-de-gamme/"">haut de gamme</a>. Les <a href=""https://meilleurtest.fr/comparatif-grosse-enceinte-bluetooth/"">grosses enceintes Bluetooth</a> offriront un volume encore supérieur. Ce guide vous aidera à choisir l'enceinte Bluetooth puissante idéale."
38854;Les meilleures enceintes bluetooth de salon;https://meilleurtest.fr/comparatif-enceinte-bluetooth-de-salon/;Audio;"Que ce soit pour écouter de la musique ou pour lire des contenus multimédias divers, une enceinte bluetooth de salon est devenue incontournable de nos jours. Aussi performant qu’une <a class=""wpil_keyword_link"" title=""barre de son"" href=""https://meilleurtest.fr/comparatif-barre-de-son/"" data-wpil-keyword-link=""linked"">barre de son</a> classique, ce type d’appareil sans fil offre un son exceptionnel et précis. Mais comment faire pour choisir le modèle adapté à ses besoins ? Voici nos impressions !";"Installer une enceinte sans fil dans votre pièce de vie transformera votre expérience musicale quotidienne. Vous comparerez des modèles compacts, des enceintes <a href=""https://meilleurtest.fr/comparatif-enceinte-bluetooth-puissante/"">puissantes</a> et des références <a href=""https://meilleurtest.fr/comparatif-enceinte-bluetooth-haut-de-gamme/"">haut de gamme</a>. Pour un son multi-pièces, les <a href=""https://meilleurtest.fr/comparatif-enceinte-wifi/"">enceintes wifi</a> et les <a href=""https://meilleurtest.fr/comparatif-systeme-multiroom/"">systèmes multiroom</a> élargiront vos possibilités. Ce guide vous orientera vers l'enceinte Bluetooth de salon la plus adaptée."
38831;Les meilleurs casques audio à moins de 150 euros;https://meilleurtest.fr/comparatif-casque-audio-a-moins-de-150-euros/;Audio;Les améliorations constantes apportées sur les casques audio les ont transformés en un objet iconique auquel on ne peut plus se passer. Pour le divertissement ou pour le travail, ils sont devenus indispensables.  Aujourd’hui, les offres se diversifient tellement que vous pouvez même acquérir d’excellents produits à moins de 150 euros. D’ailleurs, nous consacrons ce guide d’achat aux 4 meilleurs d’entre eux.;"Obtenir un son de qualité sans dépasser 150 euros sera tout à fait possible avec les bons modèles. Vous comparerez des <a href=""https://meilleurtest.fr/comparatif-casque-bluetooth/"">casques Bluetooth</a>, des <a href=""https://meilleurtest.fr/comparatif-casque-audio-filaire/"">casques filaires</a> et des modèles à <a href=""https://meilleurtest.fr/comparatif-casques-a-reduction-de-bruit/"">réduction de bruit</a>. Si votre budget est plus serré, les <a href=""https://meilleurtest.fr/comparatif-casque-audio-a-moins-de-100-euros/"">casques à moins de 100 euros</a> constitueront une alternative. Ce guide vous aidera à choisir le casque audio à moins de 150 euros le plus adapté."
38776;Les meilleures enceintes Bluetooth étanches;https://meilleurtest.fr/comparatif-enceinte-bluetooth-etanche/;Audio;"Une <a href=""https://meilleurtest.fr/comparatif-enceinte-bluetooth-pas-chere/"">enceinte Bluetooth</a> étanche, d’un indice de protection (IP) situé entre IPX5 et IPX8, se veut à la fois solide, pratique et facilement transportable. Elle vous accompagnera dans toutes vos aventures, de la salle de bain jusqu’en haute montagne. Résistant aux éclaboussures et à la poussière, l'appareil pourra même supporter une immersion totale dans l’eau. Mais laquelle choisir ? Faisons un tour d’horizon des meilleures enceintes Bluetooth étanches du moment !";"Écouter de la musique sous la douche, à la piscine ou en randonnée nécessitera une enceinte résistante à l'eau. Vous découvrirez des modèles <a href=""https://meilleurtest.fr/comparatif-enceinte-bluetooth-puissante/"">puissants</a>, des enceintes <a href=""https://meilleurtest.fr/comparatif-enceinte-bluetooth-nomade/"">nomades</a> compactes et des options <a href=""https://meilleurtest.fr/comparatif-enceinte-bluetooth-pas-chere/"">pas chères</a>. Les <a href=""https://meilleurtest.fr/comparatif-enceinte-portable-a-batterie/"">enceintes portables à batterie</a> conviendront aux longues sorties. Ce guide vous orientera vers l'enceinte Bluetooth étanche adaptée à vos activités."
38748;Les meilleurs contrôleurs DJ;https://meilleurtest.fr/comparatif-controleur-dj/;Audio;"Contrairement à la <a href=""https://meilleurtest.fr/comparatif-table-de-mixage/"">table de mixage</a>, le contrôleur DJ est branché à un support multimédia tel qu’un ordinateur, une tablette ou un smartphone. Facilitant ainsi la vie des DJ amateurs et professionnels qui souhaitent profiter de l’avancée de la technologie dans le domaine de la musique. Sa fonctionnalité révolutionnaire complique néanmoins le choix, car à part ses caractéristiques, d’autres facteurs entrent en jeu. Nous les décryptons dans ce guide pour choisir les meilleurs contrôleurs DJ.";"Mixer vos morceaux préférés chez vous ou en soirée deviendra accessible avec le bon équipement. Vous comparerez des contrôleurs pour débutants, des modèles professionnels et des alternatives comme les <a href=""https://meilleurtest.fr/comparatif-launchpad/"">launchpads</a>. Associé à une <a href=""https://meilleurtest.fr/comparatif-table-de-mixage/"">table de mixage</a> et un <a href=""https://meilleurtest.fr/comparatif-casque-dj/"">casque DJ</a>, votre installation sera complète. Ce guide vous aidera à choisir le contrôleur DJ adapté à votre niveau."
38740;Les meilleurs micros pas chers;https://meilleurtest.fr/comparatif-micro-pas-cher/;Audio;Vous êtes podcasteur, YouTubeur, musicien, journaliste, conférencier, ingénieur du son ou fan de karaoké ? Vous voulez vous procurer le nec plus ultra des microphones, mais votre budget ne vous le permet pas ? N’ayez pas peur d’investir dans un micro pas cher. Agissant comme un convertisseur acoustique/électronique, cet accessoire vous sera indispensable dans la réalisation de vos projets. Si vous êtes prêt à investir, retrouvez notre sélection des meilleurs micros pas chers du moment dans ce guide complet.;"Enregistrer votre voix ou vos instruments sans vous ruiner sera tout à fait réalisable. Vous comparerez des <a href=""https://meilleurtest.fr/comparatif-micro-usb/"">micros USB</a> branchés en direct, des <a href=""https://meilleurtest.fr/comparatif-micro-cravate/"">micros cravates</a> discrets et des modèles orientés <a href=""https://meilleurtest.fr/comparatif-micro-chant/"">chant</a>. Un <a href=""https://meilleurtest.fr/comparatif-micro-de-streaming/"">micro de streaming</a> dédié sera aussi à envisager pour la vidéo en ligne. Ce guide vous orientera vers le micro pas cher le plus adapté."
38713;Les meilleures barres de son Dolby Atmos;https://meilleurtest.fr/comparatif-barre-de-son-dolby-atmos/;Audio;"Tout le monde connaît les barres de son, mais la technologie Dolby Atmos reste encore incomprise du grand public. Pour vous aider à mieux comprendre cette technologie et à choisir le système audio qui portera à un niveau supérieur votre expérience home cinéma, découvrez nos conseils, ainsi que notre sélection des 5 <a class=""wpil_keyword_link"" title=""meilleures barres de son"" href=""https://meilleurtest.fr/comparatif-barre-de-son/"" data-wpil-keyword-link=""linked"">meilleures barres de son</a> Dolby Atmos de cette année.";"Recréer un son surround tridimensionnel dans votre salon transformera votre expérience cinéma. Vous comparerez des modèles avec caisson intégré, des <a href=""https://meilleurtest.fr/comparatif-barre-de-son-5-1/"">barres 5.1</a> et des systèmes compatibles avec votre <a href=""https://meilleurtest.fr/comparatif-home-cinema/"">home cinéma</a>. Les <a href=""https://meilleurtest.fr/comparatif-barre-de-son-bluetooth/"">barres Bluetooth</a> et les <a href=""https://meilleurtest.fr/comparatif-barre-de-son-pas-chere/"">barres pas chères</a> constitueront des alternatives. Ce guide vous aidera à choisir la barre de son Dolby Atmos idéale pour votre installation."
38698;Les meilleures mini chaines Hifi;https://meilleurtest.fr/comparatif-mini-chaine-hifi/;Audio;En termes de rendu acoustique, les mini-chaînes Hifi n’ont rien à envier aux grandes chaînes. Plusieurs raisons peuvent pousser à en acheter, et notamment le gain de place. Il s’agit maintenant de se retrouver parmi les nombreux modèles existants afin de choisir celle qui vous ressemble. Êtes-vous amateur de musique rock ou classique ? Souhaitez-vous avoir en prime la radio FM ou des options de connectivité ? Lisez notre guide pour en savoir plus.;"Combiner qualité hifi et format réduit conviendra aux espaces restreints et aux budgets maîtrisés. Vous comparerez des mini chaînes avec lecteur CD, des modèles <a href=""https://meilleurtest.fr/comparatif-chaine-hifi-bluetooth/"">Bluetooth</a> et des systèmes proches d'une <a href=""https://meilleurtest.fr/comparatif-micro-chaine-hifi/"">micro chaîne</a>. Si vous recherchez un son plus ample, une <a href=""https://meilleurtest.fr/comparatif-chaine-hifi/"">chaîne hifi</a> complète sera l'alternative à considérer. Ce guide vous orientera vers la mini chaîne hifi adaptée à votre intérieur."
38694;Les meilleures micro chaînes Hifi;https://meilleurtest.fr/comparatif-micro-chaine-hifi/;Audio;Bien qu’il semble que les technologies de lecture multimédia aient évolué par rapport aux systèmes Hifi d’antan, il existe encore un énorme marché pour les mini et micro chaîne Hifi. Beaucoup d’entre nous aiment toujours prendre le contrôle de la radio et de la musique via des lecteurs traditionnels. Si vous voulez vous en procurer une, voici une sélection des meilleurs modèles disponibles actuellement sur le marché.;"Intégrer un système hifi dans un minimum d'espace séduira les amateurs de musique en appartement. Vous découvrirez des modèles avec lecteur CD, des micro chaînes <a href=""https://meilleurtest.fr/comparatif-chaine-hifi-bluetooth/"">Bluetooth</a> et des systèmes avec tuner intégré. Si vous disposez de plus de place, une <a href=""https://meilleurtest.fr/comparatif-mini-chaine-hifi/"">mini chaîne</a> ou une <a href=""https://meilleurtest.fr/comparatif-chaine-hifi/"">chaîne hifi</a> classique offrira davantage de puissance. Ce guide vous aidera à choisir la micro chaîne hifi idéale."
38680;Les meilleurs micros PC;https://meilleurtest.fr/comparatif-micro-pc/;Audio;Un microphone est un appareil qui sert à convertir un signal acoustique en signal électrique. Il était autrefois uniquement utilisé pour les enregistrements musicaux. De nos jours, les micro PC sont utilisés pour les appels, le streaming, ou encore le gaming. En fait, c’est devenu un accessoire indispensable dans des domaines d’activités divers. Toutefois, il semble difficile de faire son choix au vu des nombreux modèles qui existent. Cet article est fait pour vous aider.;"Améliorer la qualité de vos visioconférences, podcasts ou streams passera par un micro dédié à votre ordinateur. Vous comparerez des <a href=""https://meilleurtest.fr/comparatif-micro-usb/"">micros USB</a> plug-and-play, des modèles orientés <a href=""https://meilleurtest.fr/comparatif-micro-de-streaming/"">streaming</a> et des solutions intégrées à un <a href=""https://meilleurtest.fr/comparatif-casque-micro-pc/"">casque micro PC</a>. Les <a href=""https://meilleurtest.fr/comparatif-micro-casque-professionnel/"">casques micro professionnels</a> conviendront aux usages intensifs. Ce guide vous orientera vers le micro PC adapté à vos besoins."
38631;Les meilleurs casques audio filaires à moins de 100 euros;https://meilleurtest.fr/comparatif-casque-audio-filaire-a-moins-de-100-euros/;Audio;La technologie des casques a tellement évolué ces dernières années et les modèles de casques qui fonctionnent par Bluetooth deviennent de plus en plus nombreux. Cependant les casques audio filaires n’ont pas encore dit leurs derniers mots : fiables, abordables, durables, ils sont toujours aussi appréciés malgré l’arrivée des modèles sans fils. Lisez notre guide si vous voulez trouver le casque audio filaire à moins de 100 euros adapté à vos besoins.;"Obtenir un son fidèle avec un casque filaire à prix contenu sera possible en ciblant les bons modèles. Vous comparerez des casques ouverts, fermés et des <a href=""https://meilleurtest.fr/comparatif-casque-nomade-filaire/"">casques nomades</a> pour l'extérieur. Les <a href=""https://meilleurtest.fr/comparatif-casque-audio-a-moins-de-50-euros/"">modèles à moins de 50 euros</a> offriront une entrée de gamme accessible, tandis que les <a href=""https://meilleurtest.fr/comparatif-casque-audio-pas-cher/"">casques audio pas chers</a> élargiront vos options. Ce guide vous orientera vers le casque audio filaire à moins de 100 euros le plus adapté."
38548;Les meilleurs casques bluetooth pas chers;https://meilleurtest.fr/comparatif-casque-bluetooth-pas-cher/;Audio;"Fini les câbles et les fils ! Avec un <a href=""https://meilleurtest.fr/comparatif-casque-bluetooth/"">casque Bluetooth</a>, d’une praticité optimale au même titre que les <a href=""https://meilleurtest.fr/comparatif-ecouteur-true-wireless-a-reduction-de-bruit/"">écouteurs True Wireless</a>, vous écouterez désormais vos musiques favorites en toute liberté, où que vous soyez. Et peu importe que votre budget soit serré, vous trouverez certainement le casque Bluetooth pas cher idéal parmi notre sélection !";"Profiter de la liberté sans fil sans trop dépenser deviendra réalité avec les bons modèles. Vous découvrirez des casques adaptés au <a href=""https://meilleurtest.fr/comparatif-casque-bluetooth-sport/"">sport</a>, des modèles polyvalents et des alternatives <a href=""https://meilleurtest.fr/comparatif-casque-sans-fil-a-moins-de-100-euros/"">à moins de 100 euros</a>. Les <a href=""https://meilleurtest.fr/comparatif-casque-audio-pas-cher/"">casques audio pas chers</a> en filaire offriront aussi un bon rapport qualité-prix. Ce guide vous aidera à trouver le casque Bluetooth pas cher adapté à vos usages."
38489;Les meilleures enceintes de salon;https://meilleurtest.fr/comparatif-enceinte-de-salon/;Audio;Amateur de musique ou de cinéma : gagnez un son de qualité chez vous grâce à une bonne enceinte de salon couvrant un large panel de fréquences ! Comment faire pour en dénicher une qui trouvera sa place dans votre séjour ? Partez à la découverte de tout ce qu’il y a à savoir dans ce guide d’achat des meilleures enceintes de salon du moment.;"Transformer votre pièce de vie en véritable espace d'écoute passera par des enceintes adaptées à votre intérieur. Vous comparerez des <a href=""https://meilleurtest.fr/comparatif-enceinte-colonne/"">enceintes colonnes</a>, des modèles <a href=""https://meilleurtest.fr/comparatif-enceinte-bluetooth-de-salon/"">Bluetooth de salon</a> et des <a href=""https://meilleurtest.fr/comparatif-enceinte-hifi/"">enceintes hifi</a> plus exigeantes. Les <a href=""https://meilleurtest.fr/comparatif-enceinte-wifi/"">enceintes wifi</a> complèteront le panorama pour les amateurs de connectivité. Ce guide vous orientera vers l'enceinte de salon la plus adaptée à votre espace."
38487;Les meilleurs casques bluetooth sport;https://meilleurtest.fr/comparatif-casque-bluetooth-sport/;Audio;"Que vous aimiez faire du running ou dépenser votre énergie dans une salle de sport, la plupart des sportifs pensent la même chose : la musique est un incontournable. Un <a class=""wpil_keyword_link"" title=""casque Bluetooth"" href=""https://meilleurtest.fr/comparatif-casque-bluetooth/"" data-wpil-keyword-link=""linked"">casque Bluetooth</a> sport peut constituer le choix idéal pour pouvoir écouter de la musique confortablement tout en faisant des activités physiques intenses. Ce guide d’achat est là pour vous aider à trouver le modèle qui vous convient le mieux.";"S'entraîner avec un son motivant nécessitera un casque sans fil résistant à la transpiration. Vous découvrirez des modèles légers pour la course, des casques avec <a href=""https://meilleurtest.fr/comparatif-casques-a-reduction-de-bruit/"">réduction de bruit</a> et des options <a href=""https://meilleurtest.fr/comparatif-casque-bluetooth-pas-cher/"">pas chères</a>. Si vous préférez des écouteurs, les <a href=""https://meilleurtest.fr/comparatif-ecouteur-de-running-sans-fil/"">écouteurs de running sans fil</a> et les <a href=""https://meilleurtest.fr/comparatif-ecouteurs-sans-fil-pour-le-sport/"">écouteurs sport</a> seront des alternatives. Ce guide vous orientera vers le casque Bluetooth sport adapté à vos séances."
38381;Les meilleurs micros cravates;https://meilleurtest.fr/comparatif-micro-cravate/;Audio;Des conférenciers aux humoristes en passant par les animateurs télé, chaque orateur a besoin d'un outil pour captiver son audience tout en restant libre de ses mouvements. Pour cela, rien ne vaut le micro cravate. Beaucoup plus discret qu'un micro sans fil, il se fixe par un clip à la veste, à un col ou à la cravate, d'où le nom. Vous aussi, vous en cherchez un ? Découvrez les meilleurs micros cravates actuels à travers notre guide d'achat.;"Enregistrer un son clair et discret lors d'interviews, conférences ou vidéos passera par un micro cravate adapté. Vous comparerez des modèles <a href=""https://meilleurtest.fr/comparatif-micro-sans-fil/"">sans fil</a>, des micros <a href=""https://meilleurtest.fr/comparatif-micro-pour-smartphone/"">pour smartphone</a> et des options filaires professionnelles. Un <a href=""https://meilleurtest.fr/comparatif-micro-pour-appareil-photo/"">micro pour appareil photo</a> complétera votre équipement de tournage. Ce guide vous orientera vers le micro cravate le plus adapté à votre situation."
38250;Les meilleures radios internet wifi;https://meilleurtest.fr/comparatif-radio-internet-wifi/;Audio;La radio internet wifi est plus avantageuse par rapport à une simple radio. Elle donne accès à des milliers de stations comme les grandes radios nationales et internationales et nombreux autres canaux plus spécialisés et plus confidentiels. Si vous êtes curieux ou que vous aimez tout simplement écouter la radio, elle est faite pour vous. Suivez notre guide pour vous orienter dans le choix de la meilleure radio internet wifi.;"Accéder à des milliers de stations du monde entier depuis votre salon nécessitera une radio connectée au wifi. Vous comparerez des modèles avec écran couleur, réception <a href=""https://meilleurtest.fr/comparatif-poste-radio-dab-plus/"">DAB+</a> intégrée et fonctions <a href=""https://meilleurtest.fr/comparatif-systeme-multiroom/"">multiroom</a>. Les <a href=""https://meilleurtest.fr/comparatif-radio-cd-usb/"">radios CD USB</a> offriront une alternative polyvalente pour les auditeurs locaux. Ce guide vous aidera à choisir la radio internet wifi idéale pour votre écoute."
38243;Les meilleurs casques micro;https://meilleurtest.fr/comparatif-casque-micro/;Audio;"Filaire ou sans fil, pour le télétravail, pour les parties multijoueurs en ligne ou pour le streaming, le casque micro est indispensable. À la différence du <a href=""https://meilleurtest.fr/comparatif-casque-audio/"">casque audio classique</a>, la présence d'un vrai micro permet de supprimer les bruits environnants et vous faire entendre clairement durant les conversations. De plus, le format des coussinets, surtout s'ils sont circum-auriculaires permet un port prolongé du casque. Mais pour en profiter pleinement, encore faut-il bien choisir. Pour ne pas passer des heures à chercher et comparer, découvrez notre sélection des 4 meilleurs casques micro pour cette année.";"Participer à des visioconférences, jouer en ligne ou télétravailler dans de bonnes conditions sonores passera par un casque avec micro intégré. Vous comparerez des <a href=""https://meilleurtest.fr/comparatif-casque-micro-pc/"">casques micro PC</a>, des modèles <a href=""https://meilleurtest.fr/comparatif-casque-micro-bluetooth/"">Bluetooth</a> et des <a href=""https://meilleurtest.fr/comparatif-micro-casque-professionnel/"">casques professionnels</a>. Les <a href=""https://meilleurtest.fr/comparatif-casque-gamer/"">casques gamer</a> offriront des fonctions dédiées au jeu en réseau. Ce guide vous orientera vers le casque micro adapté à votre usage quotidien."
38192;Les meilleurs talkies-walkies;https://meilleurtest.fr/comparatif-talkie-walkie/;Audio;Le talkie-walkie permet de communiquer gratuitement dans des lieux où il est difficile de trouver un signal téléphonique et radio, notamment en pleine nature. Sous forme de jouet ou d’une réelle alternative au téléphone portable, sa portée peut atteindre des dizaines de kilomètres. Mais face à la variété des offres, trouver le bon talkie-walkie n’est pas simple. Heureusement, voici notre guide d’achat.;"Communiquer à distance sans dépendre d'un réseau téléphonique sera indispensable en randonnée, sur un chantier ou lors d'événements. Vous comparerez des modèles <a href=""https://meilleurtest.fr/comparatif-talkie-walkie-longue-portee/"">longue portée</a>, des talkies <a href=""https://meilleurtest.fr/comparatif-talkie-walkie-rechargeable/"">rechargeables</a> et des appareils pour la <a href=""https://meilleurtest.fr/comparatif-talkie-walkie-pour-chasse/"">chasse</a>. Des <a href=""https://meilleurtest.fr/comparatif-talkie-walkie-enfant/"">modèles enfants</a> existent aussi pour le loisir en famille. Ce guide vous aidera à choisir le talkie-walkie adapté à votre activité."
38149;Les meilleurs casques TV sans fil;https://meilleurtest.fr/comparatif-casque-tv-sans-fil/;Audio;"Créer votre propre <a class=""wpil_keyword_link"" title=""home cinéma"" href=""https://meilleurtest.fr/comparatif-home-cinema/"" data-wpil-keyword-link=""linked"">home cinéma</a> ne signifie pas nécessairement remplir votre maison d'enceintes, d'amplificateurs et de câbles. Utiliser un casque TV sans fil peut combler plusieurs matériels pour votre confort d’écoute. Quel que soit votre objectif, notre guide d’achat peut vous aider à choisir la bonne paire d'écouteurs sans fil pour que votre achat soit réussi.";"Regarder la télévision sans déranger votre entourage deviendra simple avec un casque dédié à votre téléviseur. Vous découvrirez des modèles confortables pour les longues sessions, des <a href=""https://meilleurtest.fr/comparatif-casque-tv-sans-fil-pour-malentendant/"">casques pour malentendants</a> et des alternatives <a href=""https://meilleurtest.fr/comparatif-casque-tv-filaire/"">filaires</a>. Un <a href=""https://meilleurtest.fr/comparatif-adaptateur-casque-bluetooth/"">adaptateur Bluetooth</a> pourra aussi connecter un casque existant à votre TV. Ce guide vous orientera vers le casque TV sans fil le plus adapté."
38136;Les meilleurs écouteurs sans fil Apple;https://meilleurtest.fr/comparatif-ecouteurs-sans-fil-apple/;Audio;Mis sur le marché pour la première fois en décembre 2016, les écouteurs sans fil Apple sont à l’origine du mouvement du True Wireless (TWS). Fonctionnement entièrement sans fil, design ergonomique et technologie de réduction de bruit active impressionnante caractérisent les modèles de la marque à la pomme. Mais lequel choisir ? On vous épargne des heures de recherche avec ce guide des meilleurs écouteurs sans fil Apple.;"Compléter votre écosystème Apple avec des écouteurs sans fil optimisés vous offrira une intégration fluide avec tous vos appareils. Vous comparerez les différents <a href=""https://meilleurtest.fr/comparatif-airpod/"">AirPods</a> et des alternatives compatibles <a href=""https://meilleurtest.fr/comparatif-ecouteur-sans-fil-pour-iphone/"">iPhone</a>. Les <a href=""https://meilleurtest.fr/comparatif-ecouteurs-sans-fil-a-moins-de-100-euros/"">écouteurs sans fil à moins de 100 euros</a> offriront des options plus accessibles. Ce guide vous aidera à choisir les écouteurs sans fil Apple les plus adaptés à vos besoins."
38117;Les meilleurs adaptateurs pour casque bluetooth;https://meilleurtest.fr/comparatif-adaptateur-casque-bluetooth/;Audio;"Simple, efficace et pratique, l’adaptateur pour <a class=""wpil_keyword_link"" title=""casque bluetooth"" href=""https://meilleurtest.fr/comparatif-casque-bluetooth/"" data-wpil-keyword-link=""linked"">casque bluetooth</a> permet de transformer vos casques filaires en sans fil. Pour combler correctement l’attente des utilisateurs, les adaptateurs pour casque Bluetooth se déclinent sous différentes variantes. Mais entre la connectivité ou leur portée, le choix s’avère difficile. Découvrez dans ce guide d’achat toutes nos recommandations pour vous aider à faire le bon choix.";"Rendre votre casque filaire sans fil ou connecter un casque Bluetooth à un appareil non compatible deviendra possible avec le bon adaptateur. Vous comparerez des <a href=""https://meilleurtest.fr/comparatif-emetteur-bluetooth/"">émetteurs Bluetooth</a> pour TV, des <a href=""https://meilleurtest.fr/comparatif-recepteur-bluetooth-pour-ampli-hifi/"">récepteurs pour ampli hifi</a> et des dongles USB. Un <a href=""https://meilleurtest.fr/comparatif-casque-tv-sans-fil/"">casque TV sans fil</a> dédié sera aussi une alternative à considérer. Ce guide vous orientera vers l'adaptateur pour casque Bluetooth le plus adapté."
38083;Les meilleures enceintes bluetooth JBL;https://meilleurtest.fr/comparatif-enceinte-bluetooth-jbl/;Audio;La marque chinoise JBL est connue pour la qualité de ses équipements et appareils audio. Casques, écouteurs, enceintes, elle sait tout faire, pour un prix souvent plus accessible que les modèles Bose. D'ailleurs, les enceintes Bluetooth JBL ont tout pour plaire : compacité, performance sonore, résistance à l’eau, autonomie de 5 à 24 h… Que vous cherchiez une enceinte Bluetooth JBL connectée ou une enceinte Bluetooth JBL portable, laissez-vous guider par notre comparatif.;"Explorer la gamme JBL vous donnera accès à des enceintes reconnues pour leur robustesse et leur son dynamique. Vous comparerez des modèles portables, étanches et des enceintes de salon. Les <a href=""https://meilleurtest.fr/comparatif-enceinte-bluetooth/"">enceintes Bluetooth</a> générales, les modèles <a href=""https://meilleurtest.fr/comparatif-enceinte-bluetooth-pas-chere/"">pas chers</a> et les <a href=""https://meilleurtest.fr/comparatif-enceinte-bluetooth-puissante/"">enceintes puissantes</a> élargiront votre comparaison. Ce guide vous orientera vers l'enceinte Bluetooth JBL la mieux adaptée."
38039;Les meilleures enceintes bluetooth pas chères;https://meilleurtest.fr/comparatif-enceinte-bluetooth-pas-chere/;Audio;Plus puissantes, plus compactes et plus intuitives, les enceintes Bluetooth répondent à aussi bien aux utilisations en mode nomade qu'en mode sédentaire. Aujourd’hui, tout le monde veut en avoir une, et si vous faites partie des rares personnes qui n’en possèdent pas encore, il est temps de vous en procurer ! D'autant plus que vous n'aurez pas à vous ruiner pour trouver ce qui vous plaira. Pour ce faire, découvrez sans plus attendre notre comparatif des meilleures enceintes Bluetooth pas chères.;"Profiter d'un son sans fil correct sans dépasser un petit budget sera accessible avec les bonnes références. Vous comparerez des enceintes <a href=""https://meilleurtest.fr/comparatif-enceinte-bluetooth-a-moins-de-50-euros/"">à moins de 50 euros</a>, des options <a href=""https://meilleurtest.fr/comparatif-enceinte-bluetooth-a-moins-de-100-euros/"">sous les 100 euros</a> et des modèles <a href=""https://meilleurtest.fr/comparatif-enceinte-bluetooth-nomade/"">nomades</a> compacts. Les <a href=""https://meilleurtest.fr/comparatif-enceinte-bluetooth-puissante/"">enceintes Bluetooth puissantes</a> offriront plus de volume pour un budget un peu plus large. Ce guide vous aidera à trouver l'enceinte Bluetooth pas chère la plus convaincante."
37953;Les meilleurs casques audios à moins de 100 euros;https://meilleurtest.fr/comparatif-casque-audio-a-moins-de-100-euros/;Audio;Il est tout à fait possible d’acquérir un casque audio avec une grande autonomie, confortable, fonctionnel, capable de supporter un usage quotidien et offrant un son équilibré pour moins de 100 euros. Vous pouvez même acheter une marque connue comme JBL, Sony, Marshall et tant d'autres ! Même à ce prix, le casque audio promet une autonomie d’au moins 20 h, la charge rapide, des commandes intuitives et des coussinets qui ne compriment pas les oreilles. Alors, si vous avez un budget serré, découvrez notre sélection des meilleurs casques audio à moins de 100 euros pour cette année.;"Trouver un casque audio performant sous la barre des 100 euros vous demandera de bien cibler vos priorités. Vous comparerez des <a href=""https://meilleurtest.fr/comparatif-casque-bluetooth-pas-cher/"">casques Bluetooth pas chers</a>, des modèles <a href=""https://meilleurtest.fr/comparatif-casque-audio-filaire/"">filaires</a> et des casques à <a href=""https://meilleurtest.fr/comparatif-casques-a-reduction-de-bruit/"">réduction de bruit</a>. Les <a href=""https://meilleurtest.fr/comparatif-casque-audio-a-moins-de-50-euros/"">casques à moins de 50 euros</a> resteront une piste encore plus accessible. Ce guide vous orientera vers le casque audio à moins de 100 euros le plus adapté."
37938;Les meilleurs casques sans fil à moins de 100 euros;https://meilleurtest.fr/comparatif-casque-sans-fil-a-moins-de-100-euros/;Audio;"Moins discret par rapport aux écouteurs sans fil classiques et aux <a href=""https://meilleurtest.fr/comparatif-ecouteur-true-wireless/"">écouteurs TWS</a>, le casque sans fil n’a rien perdu de sa superbe. Il permet de se débarrasser du branchement filaire pour une totale liberté de mouvement. Véritable concentré de technologies, le casque audio sans fil propose des fonctionnalités intéressantes telles que les commandes tactiles, les microphones à réduction de bruit, la compatibilité avec les assistances vocales, etc. Alors, casque circum ou supra-auriculaire si vous avez un budget serré ? Et à quelle autonomie pouvez-vous prétendre ? Pour le savoir, découvrez notre sélection de casques sans fil à moins de 100 euros.";"S'offrir la liberté du sans fil à prix contenu sera possible en ciblant les bonnes références. Vous comparerez des modèles avec <a href=""https://meilleurtest.fr/comparatif-casques-a-reduction-de-bruit/"">réduction de bruit</a>, des casques pour le <a href=""https://meilleurtest.fr/comparatif-casque-bluetooth-sport/"">sport</a> et des options polyvalentes. Pour un budget plus large, les <a href=""https://meilleurtest.fr/comparatif-casque-audio-a-moins-de-150-euros/"">casques à moins de 150 euros</a> élargiront le choix. Ce guide vous aidera à trouver le casque sans fil à moins de 100 euros fait pour vous."
37933;Les meilleurs casques Sony sans fil;https://meilleurtest.fr/comparatif-casque-sony-sans-fil/;Audio;Vous cherchez un nouveau casque sans fil ? Sony aura certainement de quoi vous satisfaire. Le géant nippon de l'électronique possède en effet quelques-uns des meilleurs casques sans fil au monde dans son catalogue. Et sa technologie de réduction de bruit est réputée pour être l'une des toutes meilleures du marché. Que vous recherchiez un casque Sony sans fil circum-auriculaire ou supra-auriculaire, peu importe votre budget, notre guide comparatif a ce qu'il vous faut.;"Découvrir la gamme Sony en casques sans fil vous donnera accès à des technologies avancées en réduction de bruit et qualité audio. Vous comparerez les différents modèles, des références <a href=""https://meilleurtest.fr/comparatif-casque-bluetooth-sony/"">Bluetooth Sony</a> aux casques circum-auriculaires. Les <a href=""https://meilleurtest.fr/comparatif-casques-a-reduction-de-bruit/"">casques à réduction de bruit</a> et les <a href=""https://meilleurtest.fr/comparatif-casque-sans-fil-a-moins-de-100-euros/"">modèles à moins de 100 euros</a> élargiront la comparaison. Ce guide vous orientera vers le casque Sony sans fil le plus adapté."
37932;Les meilleurs casques audio USB;https://meilleurtest.fr/comparatif-casque-audio-usb/;Audio;Offrant une excellente restitution du son et de nombreuses options de réglage, le casque audio USB est un outil de communication prisé pour les vidéoconférences et les appels VoIP et le télétravail. Le DAC intégré contitue en outre un argument de choix pour les amateurs de gaming ou simplement pour écouter de la musique durant une courte pause. Pour le travail ou les loisirs, vous trouverez dans ce guide d'achat les meilleurs casques audio USB du moment.;"Brancher un casque en USB sur votre ordinateur vous assurera une connexion numérique stable et sans latence. Vous comparerez des modèles orientés <a href=""https://meilleurtest.fr/comparatif-casque-micro-pc/"">micro PC</a>, des casques pour le télétravail et des références pour le <a href=""https://meilleurtest.fr/comparatif-casque-gamer/"">gaming</a>. Un <a href=""https://meilleurtest.fr/comparatif-micro-casque-professionnel/"">casque micro professionnel</a> conviendra aux usages intensifs. Ce guide vous aidera à choisir le casque audio USB idéal pour votre poste de travail."
37895;Les meilleurs casques Sennheiser sans fil;https://meilleurtest.fr/comparatif-casque-sennheiser-sans-fil/;Audio;"Dans l'univers très concurrentiel des casques sans fil, la marque Sennheiser figure parmi les incontournables aux yeux des mélomanes et des professionnels du son. Grâce à la technologie Bluetooth ou radiofréquence, ses casques TV ou audio offrent une liberté de mouvement inégalée, une réduction de bruit au top et une excellente autonomie de batterie. Mais choisir un casque sans fil de cette marque allemande n'est pas si simple ; surtout quand on ne connaît pas bien l'offre. Pour ne pas regretter votre achat, découvrez notre sélection des meilleurs casques Sennheiser sans fil.";"Explorer la gamme Sennheiser en sans fil vous ouvrira l'accès à un savoir-faire audiophile reconnu. Vous comparerez des modèles haut de gamme, des casques à <a href=""https://meilleurtest.fr/comparatif-casques-a-reduction-de-bruit/"">réduction de bruit</a> et des références proches du <a href=""https://meilleurtest.fr/comparatif-casque-hifi/"">casque hifi</a>. Un <a href=""https://meilleurtest.fr/comparatif-amplificateur-dac-pour-casque-audio/"">amplificateur DAC</a> pourra sublimer ces casques en mode filaire. Ce guide vous orientera vers le casque Sennheiser sans fil fait pour vos oreilles."
37894;Les meilleurs amplificateurs DAC pour casque audio;https://meilleurtest.fr/comparatif-amplificateur-dac-pour-casque-audio/;Audio;"Rien ne vaut un amplificateur DAC pour parfaire l’effet sonore vers votre casque audio. D’autant que désormais <a href=""//meilleurtest.fr/comparatif-amplificateur-wifi/?wordpress_logged_in=true"">les amplificateurs</a> ont été remis au goût du jour, si bien qu’il existe de nombreux modèles nomades. Quelques critères doivent être tenus en compte dans votre choix pour obtenir le meilleur rendement audio. Découvrez dans le guide sur comment choisir le meilleur amplificateur DAC ?.";"Extraire le plein potentiel de votre casque audiophile passera par un amplificateur DAC dédié. Vous comparerez des modèles portables, des <a href=""https://meilleurtest.fr/comparatif-dac-usb/"">DAC USB</a> compacts et des <a href=""https://meilleurtest.fr/comparatif-dac-audiophile/"">DAC audiophiles</a> de bureau. Un <a href=""https://meilleurtest.fr/comparatif-ampli-pour-casque/"">ampli pour casque</a> séparé sera aussi à envisager pour les casques exigeants. Ce guide vous aidera à choisir l'amplificateur DAC pour casque audio le plus adapté à votre écoute."
37882;Les meilleurs casques à réduction de bruit active;https://meilleurtest.fr/comparatif-a-reduction-de-bruit-active/;Audio;La réduction de bruit active est une technologie révolutionnaire qui assure une immersion totale en éliminant les sons environnants. Les casques qui en bénéficient captent ces derniers avec les microphones pour en produire la fréquence inverse et ainsi les annuler. Pour que, vous aussi, vous puissiez profiter de cette spécificité, nous avons concocté ce guide des meilleurs casques à réduction de bruit active disponibles sur le marché.;"Isoler vos oreilles des bruits ambiants dans les transports ou en open space transformera votre concentration et votre écoute. Vous découvrirez des modèles <a href=""https://meilleurtest.fr/comparatif-casque-bluetooth/"">Bluetooth</a> polyvalents, des casques <a href=""https://meilleurtest.fr/comparatif-casque-nomade-bluetooth/"">nomades</a> compacts et des références haut de gamme. Les <a href=""https://meilleurtest.fr/comparatif-ecouteurs-a-reduction-de-bruit/"">écouteurs à réduction de bruit</a> seront une alternative plus discrète. Ce guide vous orientera vers le casque à réduction de bruit active idéal."
37874;Les meilleures tables de mixage;https://meilleurtest.fr/comparatif-table-de-mixage/;Audio;La table de mixage, analogique ou numérique, est un équipement essentiel à tout professionnel du son. Elle permet de mélanger plusieurs sources ou signaux audio en une seule piste, un point crucial pour créer du bon son. Dans ce guide, nous examinerons les différentes tables de mixage ainsi que leurs particularités. Nous vous guiderons également à travers les principaux critères à prendre en compte au moment de choisir une table de mixage parfaite pour le studio, des concerts ou un projet musical.;"Mixer du son en live ou en studio nécessitera une table de mixage adaptée à votre niveau et à vos besoins. Vous comparerez des modèles analogiques, numériques et des <a href=""https://meilleurtest.fr/comparatif-table-de-mixage-pour-debutant/"">tables pour débutants</a>. Un <a href=""https://meilleurtest.fr/comparatif-controleur-dj/"">contrôleur DJ</a> et un <a href=""https://meilleurtest.fr/comparatif-micro-sans-fil/"">micro sans fil</a> compléteront votre installation. Ce guide vous aidera à choisir la table de mixage la plus adaptée à votre pratique."
37859;Les meilleurs écouteurs true wireless;https://meilleurtest.fr/comparatif-ecouteur-true-wireless/;Audio;"En France, <a href=""https://www.lawebradio.com/news/2-francais-3-ecoutent-de-laudio-digital/"">2 personnes sur 3</a> écoutent de la musique depuis un smartphone. Pour une qualité sonore optimale, la plupart utilisent un <a class=""wpil_keyword_link"" title=""casque audio"" href=""https://meilleurtest.fr/comparatif-casque-audio/"" data-wpil-keyword-link=""linked"">casque audio</a> ou des écouteurs true wireless. Sans fil, ces derniers fonctionnent par Bluetooth et peuvent disposer de la fonction ANC ou réduction de bruit active. Bose, Apple, Jabra, découvrez notre guide des meilleurs écouteurs True Wireless pour cette année.";"Se passer totalement de câble en écoutant votre musique au quotidien deviendra naturel avec des écouteurs true wireless. Vous comparerez des modèles à <a href=""https://meilleurtest.fr/comparatif-ecouteurs-a-reduction-de-bruit/"">réduction de bruit</a>, des écouteurs <a href=""https://meilleurtest.fr/comparatif-ecouteur-sans-fil-pas-cher/"">pas chers</a> et des références <a href=""https://meilleurtest.fr/comparatif-ecouteur-intra-auriculaire-bluetooth/"">intra-auriculaires</a>. Les <a href=""https://meilleurtest.fr/comparatif-ecouteurs-sans-fil-a-moins-de-100-euros/"">écouteurs sans fil à moins de 100 euros</a> élargiront vos options. Ce guide vous orientera vers les écouteurs true wireless adaptés à vos habitudes."
37856;Les meilleurs casques audio pour enfants;https://meilleurtest.fr/comparatif-casque-audio-pour-enfant/;Audio;Votre enfant veut écouter ses chansons préférées, veut vous ressembler avec un casque sur la tête. Excellente occasion pour penser à lui offrir un casque audio. Cette fois-ci, vu sa taille et la fragilité de ses oreilles, mieux vaut lui choisir un casque audio approprié, spécialement conçu pour les enfants. Nous vous offrons ici un aperçu des points à prendre en compte dans le choix d’un casque audio pour enfant.;"Protéger l'audition de vos enfants tout en leur offrant un bon son passera par un casque adapté à leurs oreilles. Vous découvrirez des modèles avec limitation de volume, des casques <a href=""https://meilleurtest.fr/comparatif-casque-audio-filaire/"">filaires</a> robustes et des options <a href=""https://meilleurtest.fr/comparatif-casque-audio-a-moins-de-50-euros/"">à moins de 50 euros</a>. Des <a href=""https://meilleurtest.fr/comparatif-ecouteur-pour-enfant/"">écouteurs pour enfants</a> constitueront une alternative compacte. Ce guide vous aidera à choisir le casque audio pour enfant le plus sûr."
37853;Les meilleures enceintes Bose;https://meilleurtest.fr/comparatif-enceinte-bose/;Audio;"Bose est incontournable pour les amateurs de bon son. Outre ses <a class=""wpil_keyword_link"" title=""casques audio"" href=""https://meilleurtest.fr/comparatif-casque-audio/"" data-wpil-keyword-link=""linked"">casques audio</a>, dont le cultissime QC35 II, la marque américaine se distingue surtout par ses enceintes appartenant aux gammes SoundLink, Companion ou S. Nec plus ultra des enceintes audio, Bose se démarque dans bien des domaines : robustesse, fonctions, portabilité, qualité audio… Comment dénicher votre enceinte Bose ? Nous vous aidons à travers ce guide.";"Découvrir la gamme Bose vous donnera accès à des enceintes réputées pour leur équilibre sonore et leur finition. Vous comparerez les <a href=""https://meilleurtest.fr/comparatif-enceinte-bluetooth-bose/"">enceintes Bluetooth Bose</a>, des modèles portables et des systèmes pour la maison. Les <a href=""https://meilleurtest.fr/comparatif-enceinte-bluetooth-haut-de-gamme/"">enceintes Bluetooth haut de gamme</a> et les <a href=""https://meilleurtest.fr/comparatif-enceinte-sans-fil/"">enceintes sans fil</a> élargiront votre comparaison. Ce guide vous orientera vers l'enceinte Bose adaptée à votre usage."
37847;Les meilleures tours de son;https://meilleurtest.fr/comparatif-tour-de-son/;Audio;"La tour de son se distingue par sa forme verticale et fine. Cela lui permet de trouver facilement sa place parmi votre setup pour le coin TV du salon. En effet, elle qui va sublimer le son de votre système <a class=""wpil_keyword_link"" title=""home cinéma"" href=""https://meilleurtest.fr/comparatif-home-cinema/"" data-wpil-keyword-link=""linked"">home cinéma</a>, et c’est grâce à elle que vous pouvez apprécier pleinement de la musique à la maison. Le design doit-il être pris en compte dans le choix d’une tour de son ? Quel serait la meilleur tour de son ? Lisez notre guide pour avoir les réponses.";"Choisir une tour de son verticale pour votre salon vous apportera une puissance généreuse dans un format élégant sans multiplier les éléments. Vous comparerez des modèles avec Bluetooth, des tours proches d'une <a href=""https://meilleurtest.fr/comparatif-enceinte-colonne/"">enceinte colonne</a> et des systèmes tout-en-un. Une <a href=""https://meilleurtest.fr/comparatif-barre-de-son-tv/"">barre de son TV</a> ou une <a href=""https://meilleurtest.fr/comparatif-enceinte-bluetooth-de-salon/"">enceinte Bluetooth de salon</a> sera aussi à considérer. Ce guide vous orientera vers la tour de son idéale pour votre espace."
37839;Les meilleurs écouteurs à moins de 200 euros;https://meilleurtest.fr/comparatif-ecouteur-moins-de-200-euros/;Audio;"Saviez-vous que 2 Français sur 3 écoutent de la musique sur smartphone ? Les bons <a class=""wpil_keyword_link"" title=""casques audio"" href=""https://meilleurtest.fr/comparatif-casque-audio/"" data-wpil-keyword-link=""linked"">casques audio</a> étant hors de prix, les écouteurs constituent la meilleure alternative. Et pas besoin de dépenser une fortune pour trouver son bonheur ! Pour faire le bon choix, découvrez notre guide des meilleurs écouteurs à moins de 200 euros.";"Accéder à des écouteurs performants sans dépasser 200 euros vous permettra de profiter des meilleures technologies audio. Vous comparerez des <a href=""https://meilleurtest.fr/comparatif-ecouteur-true-wireless/"">écouteurs true wireless</a>, des modèles à <a href=""https://meilleurtest.fr/comparatif-ecouteurs-a-reduction-de-bruit/"">réduction de bruit</a> et des références audiophiles. Les <a href=""https://meilleurtest.fr/comparatif-ecouteur-a-moins-de-100-euros/"">écouteurs à moins de 100 euros</a> resteront une option plus accessible. Ce guide vous orientera vers les écouteurs à moins de 200 euros les plus convaincants."
37838;Les meilleurs casques à réduction de bruit;https://meilleurtest.fr/comparatif-casques-a-reduction-de-bruit/;Audio;Le casque à réduction de bruit supprime les bruits environnants dans les lieux bondés : transports en commun, open space, rue... Circum ou supra-aural, cet équipement audio offre une connexion Bluetooth multipoint, une autonomie élevée et un son de qualité. Trouvez le modèle adapté à vos exigences parmi notre sélection des meilleurs casques à réduction de bruit du moment.;"Retrouver le calme dans un environnement bruyant transformera votre façon d'écouter de la musique et de travailler. Vous comparerez des modèles avec <a href=""https://meilleurtest.fr/comparatif-a-reduction-de-bruit-active/"">réduction de bruit active</a>, des <a href=""https://meilleurtest.fr/comparatif-casque-nomade-bluetooth/"">casques nomades Bluetooth</a> et des références haut de gamme. Les <a href=""https://meilleurtest.fr/comparatif-ecouteurs-a-reduction-de-bruit/"">écouteurs à réduction de bruit</a> offriront une alternative compacte. Ce guide vous aidera à choisir le casque à réduction de bruit adapté à vos besoins."
37836;Les meilleurs écouteurs;https://meilleurtest.fr/comparatif-ecouteurs/;Audio;Avec ou sans fil, les écouteurs restent incontournables en dépit de l'hégémonie actuelle des casques. Plus discrets que ces derniers, ils sont également moins chers et moins encombrants. Il n'est cependant pas facile de s'y retrouver avec la pléthore de modèles et de marques inondant le marché. Pour vous aider, voici notre sélection des meilleurs écouteurs du moment.;"Choisir des écouteurs adaptés à votre quotidien vous demandera de considérer confort, qualité sonore et usage. Vous comparerez des <a href=""https://meilleurtest.fr/comparatif-ecouteur-true-wireless/"">écouteurs true wireless</a>, des modèles <a href=""https://meilleurtest.fr/comparatif-ecouteur-intra-auriculaire-bluetooth/"">intra-auriculaires Bluetooth</a> et des options <a href=""https://meilleurtest.fr/comparatif-ecouteur-pas-cher/"">pas chères</a>. Les <a href=""https://meilleurtest.fr/comparatif-ecouteurs-a-reduction-de-bruit/"">écouteurs à réduction de bruit</a> conviendront aux environnements bruyants. Ce guide vous orientera vers les écouteurs les mieux adaptés à vos habitudes d'écoute."
37736;Les meilleurs casques nomades filaires;https://meilleurtest.fr/comparatif-casque-nomade-filaire/;Audio;Malgré l’hégémonie du casque audio Bluetooth, le casque filaire est loin d’avoir dit son dernier mot. Musiciens et audiophiles ne jurent que par ces casques, quitte à s’encombrer d’un câble pour avoir une expérience d’écoute plus fidèle et sans distorsion. Le casque filaire a d’autres atouts que son concurrent sans fil n’a pas : zéro latence, une qualité sonore bien meilleure et zéro limite en matière d’autonomie. En revanche, la plupart des casques filaires vous empêchent de bouger durant l’écoute musicale. Heureusement, il existe des casques filaires nomades. Ces derniers permettent d’écouter de la musique sur le téléphone portable ou le baladeur. Découvrez notre sélection si le casque filaire nomade vous intéresse.;"Emporter un casque filaire léger et pliable dans vos déplacements vous assurera un son fidèle sans latence. Vous comparerez des modèles fermés pour l'isolation, des <a href=""https://meilleurtest.fr/comparatif-casque-audio-filaire/"">casques filaires</a> de référence et des options compactes. Un <a href=""https://meilleurtest.fr/comparatif-baladeur-audiophile/"">baladeur audiophile</a> complétera votre installation nomade. Si le sans fil vous tente, les <a href=""https://meilleurtest.fr/comparatif-casque-nomade-bluetooth/"">casques nomades Bluetooth</a> seront à considérer. Ce guide vous aidera à choisir le casque nomade filaire idéal."
37592;Les meilleures enceintes Marshall;https://meilleurtest.fr/comparatif-enceinte-marshall/;Audio;"Marshall est mondialement célèbre pour ses <a href=""https://meilleurtest.fr/comparatif-ampli-de-guitare-electrique/"">amplis de guitare électrique.</a> Mais ces dernières années, la marque britannique a aussi fait parler d'elle en créant certaines des meilleures enceintes pour écouter de la musique à la maison. Ces appareils allient à merveille le savoir-faire légendaire de Marshall en matière d'amplification à des fonctionnalités pratiques comme la liaison Bluetooth, une qualité audio proche de la perfection, le tout sans renier le design iconique de ses amplis. Découvrez notre guide d’achat pour trouver l'enceinte Marshall parfaite pour vos besoins de divertissement.";"Découvrir la gamme Marshall vous plongera dans un univers sonore inspiré du rock et du vintage. Vous comparerez les <a href=""https://meilleurtest.fr/comparatif-enceinte-bluetooth-marshall/"">enceintes Bluetooth Marshall</a>, des modèles portables et des systèmes pour la maison. Les <a href=""https://meilleurtest.fr/comparatif-enceinte-bluetooth-haut-de-gamme/"">enceintes Bluetooth haut de gamme</a> et les <a href=""https://meilleurtest.fr/comparatif-enceinte-bluetooth/"">enceintes Bluetooth</a> générales complèteront la comparaison. Ce guide vous orientera vers l'enceinte Marshall la mieux adaptée."
37589;Les meilleurs jukebox;https://meilleurtest.fr/comparatif-jukebox/;Audio;Le jukebox est un appareil public et payant des années 70 qui joue automatiquement de la musique enregistrée sur des disques. De nos jours, cet appareil refait surface et est encore apprécié de tous, mais quelle est sa fonction ? Et comment le choisir ? Dans ce guide d’achat, nous allons vous présenter les meilleurs jukebox pour vous aider à bien comprendre ce que c’est et faire le bon choix.;"Installer un jukebox chez vous apportera une touche rétro et festive à votre intérieur. Vous comparerez des modèles vintage restaurés, des jukebox modernes avec Bluetooth et des systèmes connectés. Si une <a href=""https://meilleurtest.fr/comparatif-chaine-hifi/"">chaîne hifi</a>, une <a href=""https://meilleurtest.fr/comparatif-mini-chaine-hifi/"">mini chaîne</a> ou une <a href=""https://meilleurtest.fr/comparatif-enceinte-bluetooth-de-salon/"">enceinte Bluetooth de salon</a> vous intéresse aussi, ce guide vous aidera à trouver le jukebox idéal pour votre espace."
37583;Les meilleurs casques nomades bluetooth;https://meilleurtest.fr/comparatif-casque-nomade-bluetooth/;Audio;"Trouver le bon <a href=""https://meilleurtest.fr/comparatif-casque-bluetooth/"">casque Bluetooth</a> est indispensable à tout mélomane qui se respecte, encore plus si vous prévoyez une utilisation nomade dans le cadre du travail, du sport ou des loisirs. L’année dernière, plus de 60 % des utilisateurs de casques préféraient les versions Bluetooth, attirés par leur flexibilité à l'usage. Ces dispositifs permettent en effet de profiter d'une expérience sonore immersive tout en restant connecté, que ce soit pour écouter de la musique ou passer des appels. Face au nombre conséquent de modèles disponibles sur le marché, aidez-vous de notre sélection des meilleurs casques nomades bluetooth pour faire le bon choix.";"Se déplacer avec un son de qualité sans fil passera par un casque Bluetooth compact et pliable. Vous comparerez des modèles avec <a href=""https://meilleurtest.fr/comparatif-casques-a-reduction-de-bruit/"">réduction de bruit</a>, des casques <a href=""https://meilleurtest.fr/comparatif-casque-bluetooth-pas-cher/"">pas chers</a> et des références adaptées au <a href=""https://meilleurtest.fr/comparatif-casque-bluetooth-sport/"">sport</a>. Les <a href=""https://meilleurtest.fr/comparatif-casque-nomade-filaire/"">casques nomades filaires</a> offriront un son sans latence en alternative. Ce guide vous orientera vers le casque nomade Bluetooth adapté à vos trajets quotidiens."
37503;Les meilleurs écouteurs sans fil pas chers;https://meilleurtest.fr/comparatif-ecouteur-sans-fil-pas-cher/;Audio;"Comme tout le monde, vous adorez écouter de la musique pendant vos trajets jusqu’au bureau, vos activités sportives ou votre sieste. Et si vous souhaitez en plus éviter de faire pleurer votre portefeuille tout en limitant l’encombrement des câbles, rien ne vaut les <a href=""https://meilleurtest.fr/comparatif-ecouteurs-avec-micro/"" target=""_blank"" rel=""noopener"">écouteurs</a> sans fil <a href=""https://meilleurtest.fr/comparatif-ecouteur-pas-cher/"" target=""_blank"" rel=""noopener"">pas chers</a>. Vous n’avez pas idée du modèle qui pourrait vous convenir ? Fiez-vous donc à notre comparatif.";"Accéder au confort du sans fil sans se ruiner sera possible avec les bonnes références. Vous comparerez des écouteurs <a href=""https://meilleurtest.fr/comparatif-ecouteurs-sans-fil-a-moins-de-50-euros/"">à moins de 50 euros</a>, des modèles <a href=""https://meilleurtest.fr/comparatif-ecouteurs-sans-fil-a-moins-de-100-euros/"">sous les 100 euros</a> et des <a href=""https://meilleurtest.fr/comparatif-ecouteur-true-wireless/"">écouteurs true wireless</a> abordables. Les <a href=""https://meilleurtest.fr/comparatif-ecouteurs/"">écouteurs</a> toutes gammes élargiront vos options. Ce guide vous aidera à trouver les écouteurs sans fil pas chers les plus convaincants."
37497;Les meilleures chaînes hifi;https://meilleurtest.fr/comparatif-chaine-hifi/;Audio;Pour écouter de la musique avec une qualité sonore optimale, rien ne vaut la chaîne hifi. Se déclinant dans tous les formats, tailles et puissances, l’appareil répond aux besoins de différents profils d’utilisateurs, mais aussi à tous les budgets. Laquelle choisir ? Comment trouver le modèle idéal ? Pour vous guider, voici notre sélection des meilleures chaînes Hifi de l’année.;"Équiper votre salon d'un système hifi transformera votre façon d'écouter la musique au quotidien. Vous comparerez des modèles <a href=""https://meilleurtest.fr/comparatif-chaine-hifi-bluetooth/"">Bluetooth</a>, des chaînes <a href=""https://meilleurtest.fr/comparatif-chaine-hifi-haut-de-gamme/"">haut de gamme</a> et des formats compacts comme les <a href=""https://meilleurtest.fr/comparatif-mini-chaine-hifi/"">mini chaînes</a>. Un <a href=""https://meilleurtest.fr/comparatif-ampli-hifi/"">ampli hifi</a> séparé conviendra aux passionnés souhaitant composer leur installation. Ce guide vous orientera vers la chaîne hifi la plus adaptée à vos envies musicales."
37472;Les meilleures enceintes d'extérieur;https://meilleurtest.fr/comparatif-enceinte-d-exterieur/;Audio;Pour animer une soirée ou des fêtes dans un jardin ou sur une terrasse, rien ne vaut une enceinte d’extérieur. Ce bijou de technologie apportera un sérieux coup de boost à vos événements grâce à son son puissant et à sa grande résistance aux différentes conditions climatiques. Mais quel modèle choisir ? Lisez notre guide comparatif des meilleures enceintes d'extérieur pour en savoir davantage.;"Diffuser de la musique dans votre jardin, sur votre terrasse ou au bord de la piscine nécessitera des enceintes résistantes aux intempéries. Vous comparerez des modèles <a href=""https://meilleurtest.fr/comparatif-enceinte-bluetooth-etanche/"">Bluetooth étanches</a>, des <a href=""https://meilleurtest.fr/comparatif-enceinte-portable-a-batterie/"">enceintes portables à batterie</a> et des <a href=""https://meilleurtest.fr/comparatif-haut-parleur-marine/"">haut-parleurs marins</a>. Les <a href=""https://meilleurtest.fr/comparatif-enceinte-bluetooth-puissante/"">enceintes Bluetooth puissantes</a> assureront un bon volume en plein air. Ce guide vous aidera à choisir l'enceinte d'extérieur la plus adaptée."
37466;Les meilleures enceintes PC;https://meilleurtest.fr/comparatif-enceinte-pc/;Audio;Pour profiter pleinement de vos jeux vidéo ou votre musique, rien ne vaut une bonne enceinte PC. Cette dernière est capable de restituer fidèlement le son pour une meilleure immersion. Cependant, le marché foisonne d’une multitude de modèles ce qui peut rendre le choix difficile. Afin de vous aider à faire le bon choix, découvrez notre guide des meilleures enceintes pour votre PC.;"Remplacer les haut-parleurs intégrés de votre ordinateur transformera votre expérience audio au bureau. Vous comparerez des modèles compacts, des <a href=""https://meilleurtest.fr/comparatif-enceinte-active/"">enceintes actives</a> performantes et des systèmes avec caisson de basses. Les <a href=""https://meilleurtest.fr/comparatif-enceinte-bibliotheque/"">enceintes bibliothèque</a> offriront un son plus riche en alternative. Si un casque convient mieux, les <a href=""https://meilleurtest.fr/comparatif-casque-micro-pc/"">casques micro PC</a> seront aussi à considérer. Ce guide vous orientera vers l'enceinte PC adaptée à votre poste de travail."
37429;Les meilleurs casques bluetooth;https://meilleurtest.fr/comparatif-casque-bluetooth/;Audio;"Plus pratique qu’un casque filaire, les casques bluetooth, comme les True Wireless, offrent un grand confort d’utilisation. L'absence de câble permet une meilleure mobilité quand on pratique une activité sportive. Il n'est pas étonnant que cet équipement audio représente 60% des <a class=""wpil_keyword_link"" title=""casques audio"" href=""https://meilleurtest.fr/comparatif-casque-audio/"" data-wpil-keyword-link=""linked"">casques audio</a> vendus. La réduction de bruit active permet également une qualité audio proche des autres modèles. Découvrez notre guide des meilleurs casques bluetooth de l’année.";"Profiter de votre musique sans fil au quotidien passera par le choix d'un casque Bluetooth adapté à vos usages. Vous comparerez des modèles <a href=""https://meilleurtest.fr/comparatif-casque-bluetooth-pas-cher/"">pas chers</a>, des casques à <a href=""https://meilleurtest.fr/comparatif-casques-a-reduction-de-bruit/"">réduction de bruit</a> et des références pour le <a href=""https://meilleurtest.fr/comparatif-casque-bluetooth-sport/"">sport</a>. Les <a href=""https://meilleurtest.fr/comparatif-casque-sans-fil-a-moins-de-100-euros/"">casques sans fil à moins de 100 euros</a> offriront des options accessibles. Ce guide vous aidera à trouver le casque Bluetooth fait pour vous."
37417;Les meilleures enceintes colonnes;https://meilleurtest.fr/comparatif-enceinte-colonne/;Audio;Une enceinte colonne permet de compléter votre système home cinéma ou rehausser le son de votre TV. Non seulement elle arbore une esthétique attrayante et longiligne, mais elle offre également un son immersif. Disponible dans une variété de formes, de matériaux et de tailles, l'enceinte colonne offre un large éventail de choix pour satisfaire différents besoins et toutes les préférences. Dans ce guide, nous vous proposons les meilleures enceintes colonnes pour cette année et nos conseils pour bien choisir.;"Placer des enceintes colonnes dans votre salon transformera votre système audio en véritable installation hifi. Vous comparerez des modèles passifs à associer à un <a href=""https://meilleurtest.fr/comparatif-ampli-hifi/"">ampli hifi</a>, des <a href=""https://meilleurtest.fr/comparatif-enceinte-colonne-bluetooth/"">enceintes colonnes Bluetooth</a> et des références <a href=""https://meilleurtest.fr/comparatif-enceinte-hifi/"">hifi</a> exigeantes. Pour un format plus compact, les <a href=""https://meilleurtest.fr/comparatif-enceinte-bibliotheque/"">enceintes bibliothèque</a> conviendront aux espaces réduits. Ce guide vous orientera vers les enceintes colonnes idéales pour votre pièce."
37341;Les meilleurs amplis hifi;https://meilleurtest.fr/comparatif-ampli-hifi/;Audio;"Si vous assemblez votre premier <a href=""https://meilleurtest.fr/comparatif-home-cinema/"">home cinéma</a>, vous savez sans doute que vous aurez besoin d'un amplificateur de qualité. Il s'agit d'une unité essentielle, qui agit comme le cœur de votre système. Quel que soit l’appareil que vous utilisez pour écouter de la musique, il devra se connecter à l'amplificateur qui va alimenter les haut-parleurs et contrôle le volume. Mais ne vous contentez pas d’acheter le premier ampli que vous trouverez !  Lisez notre guide d'achat consacré au sujet pour en apprendre davantage et trouver le bon modèle.";"Piloter vos enceintes avec un amplificateur dédié améliorera considérablement la restitution sonore de votre installation. Vous comparerez des modèles <a href=""https://meilleurtest.fr/comparatif-ampli-hifi-connecte/"">connectés</a> avec streaming intégré, des <a href=""https://meilleurtest.fr/comparatif-ampli-vintage/"">amplis vintage</a> au charme analogique et des <a href=""https://meilleurtest.fr/comparatif-ampli-tuner/"">amplis tuners</a> polyvalents. Des <a href=""https://meilleurtest.fr/comparatif-enceinte-hifi/"">enceintes hifi</a> de qualité compléteront votre système. Ce guide vous aidera à choisir l'ampli hifi le plus adapté à votre écoute."
37307;Les meilleurs intra-auriculaires sans fil bluetooth;https://meilleurtest.fr/comparatif-ecouteur-intra-auriculaire-bluetooth/;Audio;En voiture, pour le sport, dans les transports en commun, l’obsession commune reste l’envie de garder les mains libres. Quoi de mieux que les écouteurs intra-auriculaires Bluetooth pour cela ? Nous vous proposons ce guide afin de vous aider à faire le bon choix parmi les nombreuses marques, Apple, Samsung, Bose, et des modèles tout aussi bien performants les uns que les autres.;"Glisser des écouteurs intra-auriculaires sans fil dans vos oreilles deviendra un geste quotidien pour la musique et les appels. Vous comparerez des modèles avec <a href=""https://meilleurtest.fr/comparatif-ecouteurs-intra-auriculaires-a-reduction-de-bruit/"">réduction de bruit</a>, des <a href=""https://meilleurtest.fr/comparatif-ecouteur-true-wireless/"">écouteurs true wireless</a> et des références <a href=""https://meilleurtest.fr/comparatif-ecouteurs-pour-audiophiles/"">audiophiles</a>. Les <a href=""https://meilleurtest.fr/comparatif-ecouteur-sans-fil-pas-cher/"">écouteurs sans fil pas chers</a> offriront des options accessibles. Ce guide vous orientera vers les intra-auriculaires sans fil Bluetooth les mieux adaptés."
37262;Les meilleurs écouteurs sans fil pour home cinéma;https://meilleurtest.fr/comparatif-ecouteurs-sans-fil-pour-home-cinema/;Audio;"On achète un <a href=""https://meilleurtest.fr/comparatif-home-cinema-pas-cher/"">home cinéma</a> pour améliorer et amplifier le son de la TV. Cela permet une plus grande immersion dans les contenus visionnés, notamment les films, les séries, les évènements sportifs ou les jeux. Pour ne pas déranger le reste de la maison ou les voisins, il est possible d'envoyer le son du home cinéma directement dans des écouteurs sans fil dédiés. Le son qui en sort est tout aussi spatial, précis et puissant que ce qui sort des enceintes home cinéma. À cela s’ajoutent certains avantages propres aux écouteurs de ce type. Cela vous intéresse ? N'hésitez pas à découvrir notre sélection et nos conseils pour bien choisir vos écouteurs sans fil pour home cinéma.";"Regarder un film avec un son immersif sans déranger votre entourage passera par des écouteurs sans fil dédiés au cinéma. Vous comparerez des modèles à faible latence, des écouteurs avec <a href=""https://meilleurtest.fr/comparatif-ecouteurs-a-reduction-de-bruit/"">réduction de bruit</a> et des systèmes compatibles avec votre <a href=""https://meilleurtest.fr/comparatif-home-cinema/"">home cinéma</a>. Un <a href=""https://meilleurtest.fr/comparatif-casque-tv-sans-fil/"">casque TV sans fil</a> sera aussi une alternative confortable. Ce guide vous aidera à choisir les écouteurs sans fil pour home cinéma les plus performants."
37239;Les meilleurs casques audio filaires;https://meilleurtest.fr/comparatif-casque-audio-filaire/;Audio;"En France, <a href=""https://www.passeportsante.net/fr/Actualites/Dossiers/DossierComplexe.aspx?doc=astuces-pour-soulager-acouphenes"" target=""_blank"" rel=""noopener"">7 à 8 millions de personnes souffrent d’acouphènes</a>. Ces sifflements et bourdonnements au niveau des oreilles sont en partie dus à une écoute musicale trop prolongée et/ou exagérée. Moins agressif que les écouteurs, le casque audio filaire protège votre audition lorsque vous écoutez vos morceaux préférés. Notre guide vous aidera à trouver un modèle adapté à vos exigences.";"Privilégier un casque filaire vous garantira un son sans compression ni latence pour la musique, le studio ou le jeu. Vous comparerez des <a href=""https://meilleurtest.fr/comparatif-casque-nomade-filaire/"">casques nomades</a>, des modèles <a href=""https://meilleurtest.fr/comparatif-casque-studio/"">studio</a> et des références <a href=""https://meilleurtest.fr/comparatif-casque-hifi/"">hifi</a>. Les <a href=""https://meilleurtest.fr/comparatif-casque-audio-filaire-a-moins-de-100-euros/"">casques filaires à moins de 100 euros</a> offriront de bons compromis. Ce guide vous orientera vers le casque audio filaire le plus adapté à votre écoute."
37219;Les meilleures enceintes connectées intelligentes;https://meilleurtest.fr/comparatif-enceinte-connectee-intelligente/;Audio;L’enceinte connectée intelligente a accélérer la révolution domotique. En effet, à partir de ce seul appareil, vous pouvez lancer votre playlist, connaître le bulletin météo, passer des appels ou ouvrir une porte par commande vocale. Mais entre une enceinte compatible à Amazon Alexa ou Google Assistant, lequel choisir ? Pour savoir ce qui vous convient le mieux, suivez notre guide.;"Commander votre musique et piloter vos objets connectés à la voix passera par une enceinte intelligente adaptée. Vous comparerez des modèles avec écran, des <a href=""https://meilleurtest.fr/comparatif-enceinte-connectee-haut-de-gamme/"">enceintes connectées haut de gamme</a> et des systèmes <a href=""https://meilleurtest.fr/comparatif-enceinte-wifi/"">wifi</a>. Pour un son multi-pièces, les <a href=""https://meilleurtest.fr/comparatif-systeme-multiroom/"">systèmes multiroom</a> et les <a href=""https://meilleurtest.fr/comparatif-enceinte-bluetooth/"">enceintes Bluetooth</a> compléteront l'installation. Ce guide vous orientera vers l'enceinte connectée intelligente idéale pour votre quotidien."
38149;Les meilleurs casques TV sans fil;https://meilleurtest.fr/comparatif-casque-tv-sans-fil/;Audio;"Créer votre propre <a class=""wpil_keyword_link"" title=""home cinéma"" href=""https://meilleurtest.fr/comparatif-home-cinema/"" data-wpil-keyword-link=""linked"">home cinéma</a> ne signifie pas nécessairement remplir votre maison d'enceintes, d'amplificateurs et de câbles. Utiliser un casque TV sans fil peut combler plusieurs matériels pour votre confort d’écoute. Quel que soit votre objectif, notre guide d’achat peut vous aider à choisir la bonne paire d'écouteurs sans fil pour que votre achat soit réussi.";"Regarder la télévision sans déranger votre entourage deviendra simple avec un casque dédié à votre téléviseur. Vous découvrirez des modèles confortables pour les longues sessions, des <a href=""https://meilleurtest.fr/comparatif-casque-tv-sans-fil-pour-malentendant/"">casques pour malentendants</a> et des alternatives <a href=""https://meilleurtest.fr/comparatif-casque-tv-filaire/"">filaires</a>. Un <a href=""https://meilleurtest.fr/comparatif-adaptateur-casque-bluetooth/"">adaptateur Bluetooth</a> pourra aussi connecter un casque existant à votre TV. Ce guide vous orientera vers le casque TV sans fil le plus adapté."
38136;Les meilleurs écouteurs sans fil Apple;https://meilleurtest.fr/comparatif-ecouteurs-sans-fil-apple/;Audio;Mis sur le marché pour la première fois en décembre 2016, les écouteurs sans fil Apple sont à l’origine du mouvement du True Wireless (TWS). Fonctionnement entièrement sans fil, design ergonomique et technologie de réduction de bruit active impressionnante caractérisent les modèles de la marque à la pomme. Mais lequel choisir ? On vous épargne des heures de recherche avec ce guide des meilleurs écouteurs sans fil Apple.;"Compléter votre écosystème Apple avec des écouteurs sans fil optimisés vous offrira une intégration fluide avec tous vos appareils. Vous comparerez les différents <a href=""https://meilleurtest.fr/comparatif-airpod/"">AirPods</a> et des alternatives compatibles <a href=""https://meilleurtest.fr/comparatif-ecouteur-sans-fil-pour-iphone/"">iPhone</a>. Les <a href=""https://meilleurtest.fr/comparatif-ecouteurs-sans-fil-a-moins-de-100-euros/"">écouteurs sans fil à moins de 100 euros</a> offriront des options plus accessibles. Ce guide vous aidera à choisir les écouteurs sans fil Apple les plus adaptés à vos besoins."
38117;Les meilleurs adaptateurs pour casque bluetooth;https://meilleurtest.fr/comparatif-adaptateur-casque-bluetooth/;Audio;"Simple, efficace et pratique, l’adaptateur pour <a class=""wpil_keyword_link"" title=""casque bluetooth"" href=""https://meilleurtest.fr/comparatif-casque-bluetooth/"" data-wpil-keyword-link=""linked"">casque bluetooth</a> permet de transformer vos casques filaires en sans fil. Pour combler correctement l’attente des utilisateurs, les adaptateurs pour casque Bluetooth se déclinent sous différentes variantes. Mais entre la connectivité ou leur portée, le choix s’avère difficile. Découvrez dans ce guide d’achat toutes nos recommandations pour vous aider à faire le bon choix.";"Rendre votre casque filaire sans fil ou connecter un casque Bluetooth à un appareil non compatible deviendra possible avec le bon adaptateur. Vous comparerez des <a href=""https://meilleurtest.fr/comparatif-emetteur-bluetooth/"">émetteurs Bluetooth</a> pour TV, des <a href=""https://meilleurtest.fr/comparatif-recepteur-bluetooth-pour-ampli-hifi/"">récepteurs pour ampli hifi</a> et des dongles USB. Un <a href=""https://meilleurtest.fr/comparatif-casque-tv-sans-fil/"">casque TV sans fil</a> dédié sera aussi une alternative à considérer. Ce guide vous orientera vers l'adaptateur pour casque Bluetooth le plus adapté."
38083;Les meilleures enceintes bluetooth JBL;https://meilleurtest.fr/comparatif-enceinte-bluetooth-jbl/;Audio;La marque chinoise JBL est connue pour la qualité de ses équipements et appareils audio. Casques, écouteurs, enceintes, elle sait tout faire, pour un prix souvent plus accessible que les modèles Bose. D'ailleurs, les enceintes Bluetooth JBL ont tout pour plaire : compacité, performance sonore, résistance à l’eau, autonomie de 5 à 24 h… Que vous cherchiez une enceinte Bluetooth JBL connectée ou une enceinte Bluetooth JBL portable, laissez-vous guider par notre comparatif.;"Explorer la gamme JBL vous donnera accès à des enceintes reconnues pour leur robustesse et leur son dynamique. Vous comparerez des modèles portables, étanches et des enceintes de salon. Les <a href=""https://meilleurtest.fr/comparatif-enceinte-bluetooth/"">enceintes Bluetooth</a> générales, les modèles <a href=""https://meilleurtest.fr/comparatif-enceinte-bluetooth-pas-chere/"">pas chers</a> et les <a href=""https://meilleurtest.fr/comparatif-enceinte-bluetooth-puissante/"">enceintes puissantes</a> élargiront votre comparaison. Ce guide vous orientera vers l'enceinte Bluetooth JBL la mieux adaptée."
38039;Les meilleures enceintes bluetooth pas chères;https://meilleurtest.fr/comparatif-enceinte-bluetooth-pas-chere/;Audio;Plus puissantes, plus compactes et plus intuitives, les enceintes Bluetooth répondent à aussi bien aux utilisations en mode nomade qu'en mode sédentaire. Aujourd’hui, tout le monde veut en avoir une, et si vous faites partie des rares personnes qui n’en possèdent pas encore, il est temps de vous en procurer ! D'autant plus que vous n'aurez pas à vous ruiner pour trouver ce qui vous plaira. Pour ce faire, découvrez sans plus attendre notre comparatif des meilleures enceintes Bluetooth pas chères.;"Profiter d'un son sans fil correct sans dépasser un petit budget sera accessible avec les bonnes références. Vous comparerez des enceintes <a href=""https://meilleurtest.fr/comparatif-enceinte-bluetooth-a-moins-de-50-euros/"">à moins de 50 euros</a>, des options <a href=""https://meilleurtest.fr/comparatif-enceinte-bluetooth-a-moins-de-100-euros/"">sous les 100 euros</a> et des modèles <a href=""https://meilleurtest.fr/comparatif-enceinte-bluetooth-nomade/"">nomades</a> compacts. Les <a href=""https://meilleurtest.fr/comparatif-enceinte-bluetooth-puissante/"">enceintes Bluetooth puissantes</a> offriront plus de volume pour un budget un peu plus large. Ce guide vous aidera à trouver l'enceinte Bluetooth pas chère la plus convaincante."
37953;Les meilleurs casques audios à moins de 100 euros;https://meilleurtest.fr/comparatif-casque-audio-a-moins-de-100-euros/;Audio;Il est tout à fait possible d’acquérir un casque audio avec une grande autonomie, confortable, fonctionnel, capable de supporter un usage quotidien et offrant un son équilibré pour moins de 100 euros. Vous pouvez même acheter une marque connue comme JBL, Sony, Marshall et tant d'autres ! Même à ce prix, le casque audio promet une autonomie d’au moins 20 h, la charge rapide, des commandes intuitives et des coussinets qui ne compriment pas les oreilles. Alors, si vous avez un budget serré, découvrez notre sélection des meilleurs casques audio à moins de 100 euros pour cette année.;"Trouver un casque audio performant sous la barre des 100 euros vous demandera de bien cibler vos priorités. Vous comparerez des <a href=""https://meilleurtest.fr/comparatif-casque-bluetooth-pas-cher/"">casques Bluetooth pas chers</a>, des modèles <a href=""https://meilleurtest.fr/comparatif-casque-audio-filaire/"">filaires</a> et des casques à <a href=""https://meilleurtest.fr/comparatif-casques-a-reduction-de-bruit/"">réduction de bruit</a>. Les <a href=""https://meilleurtest.fr/comparatif-casque-audio-a-moins-de-50-euros/"">casques à moins de 50 euros</a> resteront une piste encore plus accessible. Ce guide vous orientera vers le casque audio à moins de 100 euros le plus adapté."
37938;Les meilleurs casques sans fil à moins de 100 euros;https://meilleurtest.fr/comparatif-casque-sans-fil-a-moins-de-100-euros/;Audio;"Moins discret par rapport aux écouteurs sans fil classiques et aux <a href=""https://meilleurtest.fr/comparatif-ecouteur-true-wireless/"">écouteurs TWS</a>, le casque sans fil n’a rien perdu de sa superbe. Il permet de se débarrasser du branchement filaire pour une totale liberté de mouvement. Véritable concentré de technologies, le casque audio sans fil propose des fonctionnalités intéressantes telles que les commandes tactiles, les microphones à réduction de bruit, la compatibilité avec les assistances vocales, etc. Alors, casque circum ou supra-auriculaire si vous avez un budget serré ? Et à quelle autonomie pouvez-vous prétendre ? Pour le savoir, découvrez notre sélection de casques sans fil à moins de 100 euros.";"S'offrir la liberté du sans fil à prix contenu sera possible en ciblant les bonnes références. Vous comparerez des modèles avec <a href=""https://meilleurtest.fr/comparatif-casques-a-reduction-de-bruit/"">réduction de bruit</a>, des casques pour le <a href=""https://meilleurtest.fr/comparatif-casque-bluetooth-sport/"">sport</a> et des options polyvalentes. Pour un budget plus large, les <a href=""https://meilleurtest.fr/comparatif-casque-audio-a-moins-de-150-euros/"">casques à moins de 150 euros</a> élargiront le choix. Ce guide vous aidera à trouver le casque sans fil à moins de 100 euros fait pour vous."
37933;Les meilleurs casques Sony sans fil;https://meilleurtest.fr/comparatif-casque-sony-sans-fil/;Audio;Vous cherchez un nouveau casque sans fil ? Sony aura certainement de quoi vous satisfaire. Le géant nippon de l'électronique possède en effet quelques-uns des meilleurs casques sans fil au monde dans son catalogue. Et sa technologie de réduction de bruit est réputée pour être l'une des toutes meilleures du marché. Que vous recherchiez un casque Sony sans fil circum-auriculaire ou supra-auriculaire, peu importe votre budget, notre guide comparatif a ce qu'il vous faut.;"Découvrir la gamme Sony en casques sans fil vous donnera accès à des technologies avancées en réduction de bruit et qualité audio. Vous comparerez les différents modèles, des références <a href=""https://meilleurtest.fr/comparatif-casque-bluetooth-sony/"">Bluetooth Sony</a> aux casques circum-auriculaires. Les <a href=""https://meilleurtest.fr/comparatif-casques-a-reduction-de-bruit/"">casques à réduction de bruit</a> et les <a href=""https://meilleurtest.fr/comparatif-casque-sans-fil-a-moins-de-100-euros/"">modèles à moins de 100 euros</a> élargiront la comparaison. Ce guide vous orientera vers le casque Sony sans fil le plus adapté."
37932;Les meilleurs casques audio USB;https://meilleurtest.fr/comparatif-casque-audio-usb/;Audio;Offrant une excellente restitution du son et de nombreuses options de réglage, le casque audio USB est un outil de communication prisé pour les vidéoconférences et les appels VoIP et le télétravail. Le DAC intégré contitue en outre un argument de choix pour les amateurs de gaming ou simplement pour écouter de la musique durant une courte pause. Pour le travail ou les loisirs, vous trouverez dans ce guide d'achat les meilleurs casques audio USB du moment.;"Brancher un casque en USB sur votre ordinateur vous assurera une connexion numérique stable et sans latence. Vous comparerez des modèles orientés <a href=""https://meilleurtest.fr/comparatif-casque-micro-pc/"">micro PC</a>, des casques pour le télétravail et des références pour le <a href=""https://meilleurtest.fr/comparatif-casque-gamer/"">gaming</a>. Un <a href=""https://meilleurtest.fr/comparatif-micro-casque-professionnel/"">casque micro professionnel</a> conviendra aux usages intensifs. Ce guide vous aidera à choisir le casque audio USB idéal pour votre poste de travail."
37895;Les meilleurs casques Sennheiser sans fil;https://meilleurtest.fr/comparatif-casque-sennheiser-sans-fil/;Audio;"Dans l'univers très concurrentiel des casques sans fil, la marque Sennheiser figure parmi les incontournables aux yeux des mélomanes et des professionnels du son. Grâce à la technologie Bluetooth ou radiofréquence, ses casques TV ou audio offrent une liberté de mouvement inégalée, une réduction de bruit au top et une excellente autonomie de batterie. Mais choisir un casque sans fil de cette marque allemande n'est pas si simple ; surtout quand on ne connaît pas bien l'offre. Pour ne pas regretter votre achat, découvrez notre sélection des meilleurs casques Sennheiser sans fil.";"Explorer la gamme Sennheiser en sans fil vous ouvrira l'accès à un savoir-faire audiophile reconnu. Vous comparerez des modèles haut de gamme, des casques à <a href=""https://meilleurtest.fr/comparatif-casques-a-reduction-de-bruit/"">réduction de bruit</a> et des références proches du <a href=""https://meilleurtest.fr/comparatif-casque-hifi/"">casque hifi</a>. Un <a href=""https://meilleurtest.fr/comparatif-amplificateur-dac-pour-casque-audio/"">amplificateur DAC</a> pourra sublimer ces casques en mode filaire. Ce guide vous orientera vers le casque Sennheiser sans fil fait pour vos oreilles."
37894;Les meilleurs amplificateurs DAC pour casque audio;https://meilleurtest.fr/comparatif-amplificateur-dac-pour-casque-audio/;Audio;"Rien ne vaut un amplificateur DAC pour parfaire l’effet sonore vers votre casque audio. D’autant que désormais <a href=""//meilleurtest.fr/comparatif-amplificateur-wifi/?wordpress_logged_in=true"">les amplificateurs</a> ont été remis au goût du jour, si bien qu’il existe de nombreux modèles nomades. Quelques critères doivent être tenus en compte dans votre choix pour obtenir le meilleur rendement audio. Découvrez dans le guide sur comment choisir le meilleur amplificateur DAC ?.";"Extraire le plein potentiel de votre casque audiophile passera par un amplificateur DAC dédié. Vous comparerez des modèles portables, des <a href=""https://meilleurtest.fr/comparatif-dac-usb/"">DAC USB</a> compacts et des <a href=""https://meilleurtest.fr/comparatif-dac-audiophile/"">DAC audiophiles</a> de bureau. Un <a href=""https://meilleurtest.fr/comparatif-ampli-pour-casque/"">ampli pour casque</a> séparé sera aussi à envisager pour les casques exigeants. Ce guide vous aidera à choisir l'amplificateur DAC pour casque audio le plus adapté à votre écoute."
37882;Les meilleurs casques à réduction de bruit active;https://meilleurtest.fr/comparatif-a-reduction-de-bruit-active/;Audio;La réduction de bruit active est une technologie révolutionnaire qui assure une immersion totale en éliminant les sons environnants. Les casques qui en bénéficient captent ces derniers avec les microphones pour en produire la fréquence inverse et ainsi les annuler. Pour que, vous aussi, vous puissiez profiter de cette spécificité, nous avons concocté ce guide des meilleurs casques à réduction de bruit active disponibles sur le marché.;"Isoler vos oreilles des bruits ambiants dans les transports ou en open space transformera votre concentration et votre écoute. Vous découvrirez des modèles <a href=""https://meilleurtest.fr/comparatif-casque-bluetooth/"">Bluetooth</a> polyvalents, des casques <a href=""https://meilleurtest.fr/comparatif-casque-nomade-bluetooth/"">nomades</a> compacts et des références haut de gamme. Les <a href=""https://meilleurtest.fr/comparatif-ecouteurs-a-reduction-de-bruit/"">écouteurs à réduction de bruit</a> seront une alternative plus discrète. Ce guide vous orientera vers le casque à réduction de bruit active idéal."
37874;Les meilleures tables de mixage;https://meilleurtest.fr/comparatif-table-de-mixage/;Audio;La table de mixage, analogique ou numérique, est un équipement essentiel à tout professionnel du son. Elle permet de mélanger plusieurs sources ou signaux audio en une seule piste, un point crucial pour créer du bon son. Dans ce guide, nous examinerons les différentes tables de mixage ainsi que leurs particularités. Nous vous guiderons également à travers les principaux critères à prendre en compte au moment de choisir une table de mixage parfaite pour le studio, des concerts ou un projet musical.;"Mixer du son en live ou en studio nécessitera une table de mixage adaptée à votre niveau et à vos besoins. Vous comparerez des modèles analogiques, numériques et des <a href=""https://meilleurtest.fr/comparatif-table-de-mixage-pour-debutant/"">tables pour débutants</a>. Un <a href=""https://meilleurtest.fr/comparatif-controleur-dj/"">contrôleur DJ</a> et un <a href=""https://meilleurtest.fr/comparatif-micro-sans-fil/"">micro sans fil</a> compléteront votre installation. Ce guide vous aidera à choisir la table de mixage la plus adaptée à votre pratique."
37859;Les meilleurs écouteurs true wireless;https://meilleurtest.fr/comparatif-ecouteur-true-wireless/;Audio;"En France, <a href=""https://www.lawebradio.com/news/2-francais-3-ecoutent-de-laudio-digital/"">2 personnes sur 3</a> écoutent de la musique depuis un smartphone. Pour une qualité sonore optimale, la plupart utilisent un <a class=""wpil_keyword_link"" title=""casque audio"" href=""https://meilleurtest.fr/comparatif-casque-audio/"" data-wpil-keyword-link=""linked"">casque audio</a> ou des écouteurs true wireless. Sans fil, ces derniers fonctionnent par Bluetooth et peuvent disposer de la fonction ANC ou réduction de bruit active. Bose, Apple, Jabra, découvrez notre guide des meilleurs écouteurs True Wireless pour cette année.";"Se passer totalement de câble en écoutant votre musique au quotidien deviendra naturel avec des écouteurs true wireless. Vous comparerez des modèles à <a href=""https://meilleurtest.fr/comparatif-ecouteurs-a-reduction-de-bruit/"">réduction de bruit</a>, des écouteurs <a href=""https://meilleurtest.fr/comparatif-ecouteur-sans-fil-pas-cher/"">pas chers</a> et des références <a href=""https://meilleurtest.fr/comparatif-ecouteur-intra-auriculaire-bluetooth/"">intra-auriculaires</a>. Les <a href=""https://meilleurtest.fr/comparatif-ecouteurs-sans-fil-a-moins-de-100-euros/"">écouteurs sans fil à moins de 100 euros</a> élargiront vos options. Ce guide vous orientera vers les écouteurs true wireless adaptés à vos habitudes."
37856;Les meilleurs casques audio pour enfants;https://meilleurtest.fr/comparatif-casque-audio-pour-enfant/;Audio;Votre enfant veut écouter ses chansons préférées, veut vous ressembler avec un casque sur la tête. Excellente occasion pour penser à lui offrir un casque audio. Cette fois-ci, vu sa taille et la fragilité de ses oreilles, mieux vaut lui choisir un casque audio approprié, spécialement conçu pour les enfants. Nous vous offrons ici un aperçu des points à prendre en compte dans le choix d’un casque audio pour enfant.;"Protéger l'audition de vos enfants tout en leur offrant un bon son passera par un casque adapté à leurs oreilles. Vous découvrirez des modèles avec limitation de volume, des casques <a href=""https://meilleurtest.fr/comparatif-casque-audio-filaire/"">filaires</a> robustes et des options <a href=""https://meilleurtest.fr/comparatif-casque-audio-a-moins-de-50-euros/"">à moins de 50 euros</a>. Des <a href=""https://meilleurtest.fr/comparatif-ecouteur-pour-enfant/"">écouteurs pour enfants</a> constitueront une alternative compacte. Ce guide vous aidera à choisir le casque audio pour enfant le plus sûr."
37853;Les meilleures enceintes Bose;https://meilleurtest.fr/comparatif-enceinte-bose/;Audio;"Bose est incontournable pour les amateurs de bon son. Outre ses <a class=""wpil_keyword_link"" title=""casques audio"" href=""https://meilleurtest.fr/comparatif-casque-audio/"" data-wpil-keyword-link=""linked"">casques audio</a>, dont le cultissime QC35 II, la marque américaine se distingue surtout par ses enceintes appartenant aux gammes SoundLink, Companion ou S. Nec plus ultra des enceintes audio, Bose se démarque dans bien des domaines : robustesse, fonctions, portabilité, qualité audio… Comment dénicher votre enceinte Bose ? Nous vous aidons à travers ce guide.";"Découvrir la gamme Bose vous donnera accès à des enceintes réputées pour leur équilibre sonore et leur finition. Vous comparerez les <a href=""https://meilleurtest.fr/comparatif-enceinte-bluetooth-bose/"">enceintes Bluetooth Bose</a>, des modèles portables et des systèmes pour la maison. Les <a href=""https://meilleurtest.fr/comparatif-enceinte-bluetooth-haut-de-gamme/"">enceintes Bluetooth haut de gamme</a> et les <a href=""https://meilleurtest.fr/comparatif-enceinte-sans-fil/"">enceintes sans fil</a> élargiront votre comparaison. Ce guide vous orientera vers l'enceinte Bose adaptée à votre usage."
37847;Les meilleures tours de son;https://meilleurtest.fr/comparatif-tour-de-son/;Audio;"La tour de son se distingue par sa forme verticale et fine. Cela lui permet de trouver facilement sa place parmi votre setup pour le coin TV du salon. En effet, elle qui va sublimer le son de votre système <a class=""wpil_keyword_link"" title=""home cinéma"" href=""https://meilleurtest.fr/comparatif-home-cinema/"" data-wpil-keyword-link=""linked"">home cinéma</a>, et c’est grâce à elle que vous pouvez apprécier pleinement de la musique à la maison. Le design doit-il être pris en compte dans le choix d’une tour de son ? Quel serait la meilleur tour de son ? Lisez notre guide pour avoir les réponses.";"Choisir une tour de son verticale pour votre salon vous apportera une puissance généreuse dans un format élégant sans multiplier les éléments. Vous comparerez des modèles avec Bluetooth, des tours proches d'une <a href=""https://meilleurtest.fr/comparatif-enceinte-colonne/"">enceinte colonne</a> et des systèmes tout-en-un. Une <a href=""https://meilleurtest.fr/comparatif-barre-de-son-tv/"">barre de son TV</a> ou une <a href=""https://meilleurtest.fr/comparatif-enceinte-bluetooth-de-salon/"">enceinte Bluetooth de salon</a> sera aussi à considérer. Ce guide vous orientera vers la tour de son idéale pour votre espace."
37839;Les meilleurs écouteurs à moins de 200 euros;https://meilleurtest.fr/comparatif-ecouteur-moins-de-200-euros/;Audio;"Saviez-vous que 2 Français sur 3 écoutent de la musique sur smartphone ? Les bons <a class=""wpil_keyword_link"" title=""casques audio"" href=""https://meilleurtest.fr/comparatif-casque-audio/"" data-wpil-keyword-link=""linked"">casques audio</a> étant hors de prix, les écouteurs constituent la meilleure alternative. Et pas besoin de dépenser une fortune pour trouver son bonheur ! Pour faire le bon choix, découvrez notre guide des meilleurs écouteurs à moins de 200 euros.";"Accéder à des écouteurs performants sans dépasser 200 euros vous permettra de profiter des meilleures technologies audio. Vous comparerez des <a href=""https://meilleurtest.fr/comparatif-ecouteur-true-wireless/"">écouteurs true wireless</a>, des modèles à <a href=""https://meilleurtest.fr/comparatif-ecouteurs-a-reduction-de-bruit/"">réduction de bruit</a> et des références audiophiles. Les <a href=""https://meilleurtest.fr/comparatif-ecouteur-a-moins-de-100-euros/"">écouteurs à moins de 100 euros</a> resteront une option plus accessible. Ce guide vous orientera vers les écouteurs à moins de 200 euros les plus convaincants."
37838;Les meilleurs casques à réduction de bruit;https://meilleurtest.fr/comparatif-casques-a-reduction-de-bruit/;Audio;Le casque à réduction de bruit supprime les bruits environnants dans les lieux bondés : transports en commun, open space, rue... Circum ou supra-aural, cet équipement audio offre une connexion Bluetooth multipoint, une autonomie élevée et un son de qualité. Trouvez le modèle adapté à vos exigences parmi notre sélection des meilleurs casques à réduction de bruit du moment.;"Retrouver le calme dans un environnement bruyant transformera votre façon d'écouter de la musique et de travailler. Vous comparerez des modèles avec <a href=""https://meilleurtest.fr/comparatif-a-reduction-de-bruit-active/"">réduction de bruit active</a>, des <a href=""https://meilleurtest.fr/comparatif-casque-nomade-bluetooth/"">casques nomades Bluetooth</a> et des références haut de gamme. Les <a href=""https://meilleurtest.fr/comparatif-ecouteurs-a-reduction-de-bruit/"">écouteurs à réduction de bruit</a> offriront une alternative compacte. Ce guide vous aidera à choisir le casque à réduction de bruit adapté à vos besoins."
37836;Les meilleurs écouteurs;https://meilleurtest.fr/comparatif-ecouteurs/;Audio;Avec ou sans fil, les écouteurs restent incontournables en dépit de l'hégémonie actuelle des casques. Plus discrets que ces derniers, ils sont également moins chers et moins encombrants. Il n'est cependant pas facile de s'y retrouver avec la pléthore de modèles et de marques inondant le marché. Pour vous aider, voici notre sélection des meilleurs écouteurs du moment.;"Choisir des écouteurs adaptés à votre quotidien vous demandera de considérer confort, qualité sonore et usage. Vous comparerez des <a href=""https://meilleurtest.fr/comparatif-ecouteur-true-wireless/"">écouteurs true wireless</a>, des modèles <a href=""https://meilleurtest.fr/comparatif-ecouteur-intra-auriculaire-bluetooth/"">intra-auriculaires Bluetooth</a> et des options <a href=""https://meilleurtest.fr/comparatif-ecouteur-pas-cher/"">pas chères</a>. Les <a href=""https://meilleurtest.fr/comparatif-ecouteurs-a-reduction-de-bruit/"">écouteurs à réduction de bruit</a> conviendront aux environnements bruyants. Ce guide vous orientera vers les écouteurs les mieux adaptés à vos habitudes d'écoute."
37736;Les meilleurs casques nomades filaires;https://meilleurtest.fr/comparatif-casque-nomade-filaire/;Audio;Malgré l’hégémonie du casque audio Bluetooth, le casque filaire est loin d’avoir dit son dernier mot. Musiciens et audiophiles ne jurent que par ces casques, quitte à s’encombrer d’un câble pour avoir une expérience d’écoute plus fidèle et sans distorsion. Le casque filaire a d’autres atouts que son concurrent sans fil n’a pas : zéro latence, une qualité sonore bien meilleure et zéro limite en matière d’autonomie. En revanche, la plupart des casques filaires vous empêchent de bouger durant l’écoute musicale. Heureusement, il existe des casques filaires nomades. Ces derniers permettent d’écouter de la musique sur le téléphone portable ou le baladeur. Découvrez notre sélection si le casque filaire nomade vous intéresse.;"Emporter un casque filaire léger et pliable dans vos déplacements vous assurera un son fidèle sans latence. Vous comparerez des modèles fermés pour l'isolation, des <a href=""https://meilleurtest.fr/comparatif-casque-audio-filaire/"">casques filaires</a> de référence et des options compactes. Un <a href=""https://meilleurtest.fr/comparatif-baladeur-audiophile/"">baladeur audiophile</a> complétera votre installation nomade. Si le sans fil vous tente, les <a href=""https://meilleurtest.fr/comparatif-casque-nomade-bluetooth/"">casques nomades Bluetooth</a> seront à considérer. Ce guide vous aidera à choisir le casque nomade filaire idéal."
37592;Les meilleures enceintes Marshall;https://meilleurtest.fr/comparatif-enceinte-marshall/;Audio;"Marshall est mondialement célèbre pour ses <a href=""https://meilleurtest.fr/comparatif-ampli-de-guitare-electrique/"">amplis de guitare électrique.</a> Mais ces dernières années, la marque britannique a aussi fait parler d'elle en créant certaines des meilleures enceintes pour écouter de la musique à la maison. Ces appareils allient à merveille le savoir-faire légendaire de Marshall en matière d'amplification à des fonctionnalités pratiques comme la liaison Bluetooth, une qualité audio proche de la perfection, le tout sans renier le design iconique de ses amplis. Découvrez notre guide d’achat pour trouver l'enceinte Marshall parfaite pour vos besoins de divertissement.";"Découvrir la gamme Marshall vous plongera dans un univers sonore inspiré du rock et du vintage. Vous comparerez les <a href=""https://meilleurtest.fr/comparatif-enceinte-bluetooth-marshall/"">enceintes Bluetooth Marshall</a>, des modèles portables et des systèmes pour la maison. Les <a href=""https://meilleurtest.fr/comparatif-enceinte-bluetooth-haut-de-gamme/"">enceintes Bluetooth haut de gamme</a> et les <a href=""https://meilleurtest.fr/comparatif-enceinte-bluetooth/"">enceintes Bluetooth</a> générales complèteront la comparaison. Ce guide vous orientera vers l'enceinte Marshall la mieux adaptée."
37589;Les meilleurs jukebox;https://meilleurtest.fr/comparatif-jukebox/;Audio;Le jukebox est un appareil public et payant des années 70 qui joue automatiquement de la musique enregistrée sur des disques. De nos jours, cet appareil refait surface et est encore apprécié de tous, mais quelle est sa fonction ? Et comment le choisir ? Dans ce guide d’achat, nous allons vous présenter les meilleurs jukebox pour vous aider à bien comprendre ce que c’est et faire le bon choix.;"Installer un jukebox chez vous apportera une touche rétro et festive à votre intérieur. Vous comparerez des modèles vintage restaurés, des jukebox modernes avec Bluetooth et des systèmes connectés. Si une <a href=""https://meilleurtest.fr/comparatif-chaine-hifi/"">chaîne hifi</a>, une <a href=""https://meilleurtest.fr/comparatif-mini-chaine-hifi/"">mini chaîne</a> ou une <a href=""https://meilleurtest.fr/comparatif-enceinte-bluetooth-de-salon/"">enceinte Bluetooth de salon</a> vous intéresse aussi, ce guide vous aidera à trouver le jukebox idéal pour votre espace."
37583;Les meilleurs casques nomades bluetooth;https://meilleurtest.fr/comparatif-casque-nomade-bluetooth/;Audio;"Trouver le bon <a href=""https://meilleurtest.fr/comparatif-casque-bluetooth/"">casque Bluetooth</a> est indispensable à tout mélomane qui se respecte, encore plus si vous prévoyez une utilisation nomade dans le cadre du travail, du sport ou des loisirs. L’année dernière, plus de 60 % des utilisateurs de casques préféraient les versions Bluetooth, attirés par leur flexibilité à l'usage. Ces dispositifs permettent en effet de profiter d'une expérience sonore immersive tout en restant connecté, que ce soit pour écouter de la musique ou passer des appels. Face au nombre conséquent de modèles disponibles sur le marché, aidez-vous de notre sélection des meilleurs casques nomades bluetooth pour faire le bon choix.";"Se déplacer avec un son de qualité sans fil passera par un casque Bluetooth compact et pliable. Vous comparerez des modèles avec <a href=""https://meilleurtest.fr/comparatif-casques-a-reduction-de-bruit/"">réduction de bruit</a>, des casques <a href=""https://meilleurtest.fr/comparatif-casque-bluetooth-pas-cher/"">pas chers</a> et des références adaptées au <a href=""https://meilleurtest.fr/comparatif-casque-bluetooth-sport/"">sport</a>. Les <a href=""https://meilleurtest.fr/comparatif-casque-nomade-filaire/"">casques nomades filaires</a> offriront un son sans latence en alternative. Ce guide vous orientera vers le casque nomade Bluetooth adapté à vos trajets quotidiens."
37503;Les meilleurs écouteurs sans fil pas chers;https://meilleurtest.fr/comparatif-ecouteur-sans-fil-pas-cher/;Audio;"Comme tout le monde, vous adorez écouter de la musique pendant vos trajets jusqu’au bureau, vos activités sportives ou votre sieste. Et si vous souhaitez en plus éviter de faire pleurer votre portefeuille tout en limitant l’encombrement des câbles, rien ne vaut les <a href=""https://meilleurtest.fr/comparatif-ecouteurs-avec-micro/"" target=""_blank"" rel=""noopener"">écouteurs</a> sans fil <a href=""https://meilleurtest.fr/comparatif-ecouteur-pas-cher/"" target=""_blank"" rel=""noopener"">pas chers</a>. Vous n’avez pas idée du modèle qui pourrait vous convenir ? Fiez-vous donc à notre comparatif.";"Accéder au confort du sans fil sans se ruiner sera possible avec les bonnes références. Vous comparerez des écouteurs <a href=""https://meilleurtest.fr/comparatif-ecouteurs-sans-fil-a-moins-de-50-euros/"">à moins de 50 euros</a>, des modèles <a href=""https://meilleurtest.fr/comparatif-ecouteurs-sans-fil-a-moins-de-100-euros/"">sous les 100 euros</a> et des <a href=""https://meilleurtest.fr/comparatif-ecouteur-true-wireless/"">écouteurs true wireless</a> abordables. Les <a href=""https://meilleurtest.fr/comparatif-ecouteurs/"">écouteurs</a> toutes gammes élargiront vos options. Ce guide vous aidera à trouver les écouteurs sans fil pas chers les plus convaincants."
37497;Les meilleures chaînes hifi;https://meilleurtest.fr/comparatif-chaine-hifi/;Audio;Pour écouter de la musique avec une qualité sonore optimale, rien ne vaut la chaîne hifi. Se déclinant dans tous les formats, tailles et puissances, l’appareil répond aux besoins de différents profils d’utilisateurs, mais aussi à tous les budgets. Laquelle choisir ? Comment trouver le modèle idéal ? Pour vous guider, voici notre sélection des meilleures chaînes Hifi de l’année.;"Équiper votre salon d'un système hifi transformera votre façon d'écouter la musique au quotidien. Vous comparerez des modèles <a href=""https://meilleurtest.fr/comparatif-chaine-hifi-bluetooth/"">Bluetooth</a>, des chaînes <a href=""https://meilleurtest.fr/comparatif-chaine-hifi-haut-de-gamme/"">haut de gamme</a> et des formats compacts comme les <a href=""https://meilleurtest.fr/comparatif-mini-chaine-hifi/"">mini chaînes</a>. Un <a href=""https://meilleurtest.fr/comparatif-ampli-hifi/"">ampli hifi</a> séparé conviendra aux passionnés souhaitant composer leur installation. Ce guide vous orientera vers la chaîne hifi la plus adaptée à vos envies musicales."
37472;Les meilleures enceintes d'extérieur;https://meilleurtest.fr/comparatif-enceinte-d-exterieur/;Audio;Pour animer une soirée ou des fêtes dans un jardin ou sur une terrasse, rien ne vaut une enceinte d’extérieur. Ce bijou de technologie apportera un sérieux coup de boost à vos événements grâce à son son puissant et à sa grande résistance aux différentes conditions climatiques. Mais quel modèle choisir ? Lisez notre guide comparatif des meilleures enceintes d'extérieur pour en savoir davantage.;"Diffuser de la musique dans votre jardin, sur votre terrasse ou au bord de la piscine nécessitera des enceintes résistantes aux intempéries. Vous comparerez des modèles <a href=""https://meilleurtest.fr/comparatif-enceinte-bluetooth-etanche/"">Bluetooth étanches</a>, des <a href=""https://meilleurtest.fr/comparatif-enceinte-portable-a-batterie/"">enceintes portables à batterie</a> et des <a href=""https://meilleurtest.fr/comparatif-haut-parleur-marine/"">haut-parleurs marins</a>. Les <a href=""https://meilleurtest.fr/comparatif-enceinte-bluetooth-puissante/"">enceintes Bluetooth puissantes</a> assureront un bon volume en plein air. Ce guide vous aidera à choisir l'enceinte d'extérieur la plus adaptée."
37466;Les meilleures enceintes PC;https://meilleurtest.fr/comparatif-enceinte-pc/;Audio;Pour profiter pleinement de vos jeux vidéo ou votre musique, rien ne vaut une bonne enceinte PC. Cette dernière est capable de restituer fidèlement le son pour une meilleure immersion. Cependant, le marché foisonne d’une multitude de modèles ce qui peut rendre le choix difficile. Afin de vous aider à faire le bon choix, découvrez notre guide des meilleures enceintes pour votre PC.;"Remplacer les haut-parleurs intégrés de votre ordinateur transformera votre expérience audio au bureau. Vous comparerez des modèles compacts, des <a href=""https://meilleurtest.fr/comparatif-enceinte-active/"">enceintes actives</a> performantes et des systèmes avec caisson de basses. Les <a href=""https://meilleurtest.fr/comparatif-enceinte-bibliotheque/"">enceintes bibliothèque</a> offriront un son plus riche en alternative. Si un casque convient mieux, les <a href=""https://meilleurtest.fr/comparatif-casque-micro-pc/"">casques micro PC</a> seront aussi à considérer. Ce guide vous orientera vers l'enceinte PC adaptée à votre poste de travail."
37429;Les meilleurs casques bluetooth;https://meilleurtest.fr/comparatif-casque-bluetooth/;Audio;"Plus pratique qu’un casque filaire, les casques bluetooth, comme les True Wireless, offrent un grand confort d’utilisation. L'absence de câble permet une meilleure mobilité quand on pratique une activité sportive. Il n'est pas étonnant que cet équipement audio représente 60% des <a class=""wpil_keyword_link"" title=""casques audio"" href=""https://meilleurtest.fr/comparatif-casque-audio/"" data-wpil-keyword-link=""linked"">casques audio</a> vendus. La réduction de bruit active permet également une qualité audio proche des autres modèles. Découvrez notre guide des meilleurs casques bluetooth de l’année.";"Profiter de votre musique sans fil au quotidien passera par le choix d'un casque Bluetooth adapté à vos usages. Vous comparerez des modèles <a href=""https://meilleurtest.fr/comparatif-casque-bluetooth-pas-cher/"">pas chers</a>, des casques à <a href=""https://meilleurtest.fr/comparatif-casques-a-reduction-de-bruit/"">réduction de bruit</a> et des références pour le <a href=""https://meilleurtest.fr/comparatif-casque-bluetooth-sport/"">sport</a>. Les <a href=""https://meilleurtest.fr/comparatif-casque-sans-fil-a-moins-de-100-euros/"">casques sans fil à moins de 100 euros</a> offriront des options accessibles. Ce guide vous aidera à trouver le casque Bluetooth fait pour vous."
37417;Les meilleures enceintes colonnes;https://meilleurtest.fr/comparatif-enceinte-colonne/;Audio;Une enceinte colonne permet de compléter votre système home cinéma ou rehausser le son de votre TV. Non seulement elle arbore une esthétique attrayante et longiligne, mais elle offre également un son immersif. Disponible dans une variété de formes, de matériaux et de tailles, l'enceinte colonne offre un large éventail de choix pour satisfaire différents besoins et toutes les préférences. Dans ce guide, nous vous proposons les meilleures enceintes colonnes pour cette année et nos conseils pour bien choisir.;"Placer des enceintes colonnes dans votre salon transformera votre système audio en véritable installation hifi. Vous comparerez des modèles passifs à associer à un <a href=""https://meilleurtest.fr/comparatif-ampli-hifi/"">ampli hifi</a>, des <a href=""https://meilleurtest.fr/comparatif-enceinte-colonne-bluetooth/"">enceintes colonnes Bluetooth</a> et des références <a href=""https://meilleurtest.fr/comparatif-enceinte-hifi/"">hifi</a> exigeantes. Pour un format plus compact, les <a href=""https://meilleurtest.fr/comparatif-enceinte-bibliotheque/"">enceintes bibliothèque</a> conviendront aux espaces réduits. Ce guide vous orientera vers les enceintes colonnes idéales pour votre pièce."
37341;Les meilleurs amplis hifi;https://meilleurtest.fr/comparatif-ampli-hifi/;Audio;"Si vous assemblez votre premier <a href=""https://meilleurtest.fr/comparatif-home-cinema/"">home cinéma</a>, vous savez sans doute que vous aurez besoin d'un amplificateur de qualité. Il s'agit d'une unité essentielle, qui agit comme le cœur de votre système. Quel que soit l’appareil que vous utilisez pour écouter de la musique, il devra se connecter à l'amplificateur qui va alimenter les haut-parleurs et contrôle le volume. Mais ne vous contentez pas d’acheter le premier ampli que vous trouverez !  Lisez notre guide d'achat consacré au sujet pour en apprendre davantage et trouver le bon modèle.";"Piloter vos enceintes avec un amplificateur dédié améliorera considérablement la restitution sonore de votre installation. Vous comparerez des modèles <a href=""https://meilleurtest.fr/comparatif-ampli-hifi-connecte/"">connectés</a> avec streaming intégré, des <a href=""https://meilleurtest.fr/comparatif-ampli-vintage/"">amplis vintage</a> au charme analogique et des <a href=""https://meilleurtest.fr/comparatif-ampli-tuner/"">amplis tuners</a> polyvalents. Des <a href=""https://meilleurtest.fr/comparatif-enceinte-hifi/"">enceintes hifi</a> de qualité compléteront votre système. Ce guide vous aidera à choisir l'ampli hifi le plus adapté à votre écoute."
37307;Les meilleurs intra-auriculaires sans fil bluetooth;https://meilleurtest.fr/comparatif-ecouteur-intra-auriculaire-bluetooth/;Audio;En voiture, pour le sport, dans les transports en commun, l’obsession commune reste l’envie de garder les mains libres. Quoi de mieux que les écouteurs intra-auriculaires Bluetooth pour cela ? Nous vous proposons ce guide afin de vous aider à faire le bon choix parmi les nombreuses marques, Apple, Samsung, Bose, et des modèles tout aussi bien performants les uns que les autres.;"Glisser des écouteurs intra-auriculaires sans fil dans vos oreilles deviendra un geste quotidien pour la musique et les appels. Vous comparerez des modèles avec <a href=""https://meilleurtest.fr/comparatif-ecouteurs-intra-auriculaires-a-reduction-de-bruit/"">réduction de bruit</a>, des <a href=""https://meilleurtest.fr/comparatif-ecouteur-true-wireless/"">écouteurs true wireless</a> et des références <a href=""https://meilleurtest.fr/comparatif-ecouteurs-pour-audiophiles/"">audiophiles</a>. Les <a href=""https://meilleurtest.fr/comparatif-ecouteur-sans-fil-pas-cher/"">écouteurs sans fil pas chers</a> offriront des options accessibles. Ce guide vous orientera vers les intra-auriculaires sans fil Bluetooth les mieux adaptés."
37262;Les meilleurs écouteurs sans fil pour home cinéma;https://meilleurtest.fr/comparatif-ecouteurs-sans-fil-pour-home-cinema/;Audio;"On achète un <a href=""https://meilleurtest.fr/comparatif-home-cinema-pas-cher/"">home cinéma</a> pour améliorer et amplifier le son de la TV. Cela permet une plus grande immersion dans les contenus visionnés, notamment les films, les séries, les évènements sportifs ou les jeux. Pour ne pas déranger le reste de la maison ou les voisins, il est possible d'envoyer le son du home cinéma directement dans des écouteurs sans fil dédiés. Le son qui en sort est tout aussi spatial, précis et puissant que ce qui sort des enceintes home cinéma. À cela s’ajoutent certains avantages propres aux écouteurs de ce type. Cela vous intéresse ? N'hésitez pas à découvrir notre sélection et nos conseils pour bien choisir vos écouteurs sans fil pour home cinéma.";"Regarder un film avec un son immersif sans déranger votre entourage passera par des écouteurs sans fil dédiés au cinéma. Vous comparerez des modèles à faible latence, des écouteurs avec <a href=""https://meilleurtest.fr/comparatif-ecouteurs-a-reduction-de-bruit/"">réduction de bruit</a> et des systèmes compatibles avec votre <a href=""https://meilleurtest.fr/comparatif-home-cinema/"">home cinéma</a>. Un <a href=""https://meilleurtest.fr/comparatif-casque-tv-sans-fil/"">casque TV sans fil</a> sera aussi une alternative confortable. Ce guide vous aidera à choisir les écouteurs sans fil pour home cinéma les plus performants."
37239;Les meilleurs casques audio filaires;https://meilleurtest.fr/comparatif-casque-audio-filaire/;Audio;"En France, <a href=""https://www.passeportsante.net/fr/Actualites/Dossiers/DossierComplexe.aspx?doc=astuces-pour-soulager-acouphenes"" target=""_blank"" rel=""noopener"">7 à 8 millions de personnes souffrent d’acouphènes</a>. Ces sifflements et bourdonnements au niveau des oreilles sont en partie dus à une écoute musicale trop prolongée et/ou exagérée. Moins agressif que les écouteurs, le casque audio filaire protège votre audition lorsque vous écoutez vos morceaux préférés. Notre guide vous aidera à trouver un modèle adapté à vos exigences.";"Privilégier un casque filaire vous garantira un son sans compression ni latence pour la musique, le studio ou le jeu. Vous comparerez des <a href=""https://meilleurtest.fr/comparatif-casque-nomade-filaire/"">casques nomades</a>, des modèles <a href=""https://meilleurtest.fr/comparatif-casque-studio/"">studio</a> et des références <a href=""https://meilleurtest.fr/comparatif-casque-hifi/"">hifi</a>. Les <a href=""https://meilleurtest.fr/comparatif-casque-audio-filaire-a-moins-de-100-euros/"">casques filaires à moins de 100 euros</a> offriront de bons compromis. Ce guide vous orientera vers le casque audio filaire le plus adapté à votre écoute."
37219;Les meilleures enceintes connectées intelligentes;https://meilleurtest.fr/comparatif-enceinte-connectee-intelligente/;Audio;L’enceinte connectée intelligente a accélérer la révolution domotique. En effet, à partir de ce seul appareil, vous pouvez lancer votre playlist, connaître le bulletin météo, passer des appels ou ouvrir une porte par commande vocale. Mais entre une enceinte compatible à Amazon Alexa ou Google Assistant, lequel choisir ? Pour savoir ce qui vous convient le mieux, suivez notre guide.;"Commander votre musique et piloter vos objets connectés à la voix passera par une enceinte intelligente adaptée. Vous comparerez des modèles avec écran, des <a href=""https://meilleurtest.fr/comparatif-enceinte-connectee-haut-de-gamme/"">enceintes connectées haut de gamme</a> et des systèmes <a href=""https://meilleurtest.fr/comparatif-enceinte-wifi/"">wifi</a>. Pour un son multi-pièces, les <a href=""https://meilleurtest.fr/comparatif-systeme-multiroom/"">systèmes multiroom</a> et les <a href=""https://meilleurtest.fr/comparatif-enceinte-bluetooth/"">enceintes Bluetooth</a> compléteront l'installation. Ce guide vous orientera vers l'enceinte connectée intelligente idéale pour votre quotidien."
