ID;post_title;_post_permalink;category;mltv5_introduction
42735;Les meilleures offres voiture;https://meilleurtest.fr/comparatif-offre-voiture/;Auto;"Vous connaissez sûrement ce moment où vous vous dites qu’il faudrait changer de <a href=""https://meilleurtest.fr/comparatif-voiture/"">voiture.</a> Mais l’idée de courir les concessions, de perdre des samedis entiers à négocier ou à comparer les annonces freine immédiatement votre enthousiasme. Bonne nouvelle, vous pouvez désormais tout faire sans bouger du canapé. Les plateformes d’offres voiture centralisent des milliers d’annonces, voire des millions, avec des filtres, des historiques et diverses options de financement pour vous faire gagner un temps fou. Reste à savoir laquelle choisir. C’est là que notre comparatif entre en jeu."
42698;Les meilleurs matelas pour coffre de voiture;https://meilleurtest.fr/comparatif-matelas-pour-coffre-de-voiture/;Auto;"Et si, pour votre prochain camping ou roadtrip, vous laissiez de côté la tente pour dormir directement dans la voiture ? Attention, il n’est pas question de vous rouler en boule sur la banquette arrière ni de vous torturer le dos sur les sièges inclinables. On parle d’un bon matelas qui, étalé à l’arrière, vous fera passer des nuits paisibles. <a href=""https://meilleurtest.fr/comparatif-matelas-gonflable/"">Gonflable</a> ou pliable, avec ou sans oreiller, le choix vous appartient. Découvrez dans notre guide les meilleurs matelas pour coffre de voiture pour donner une dimension plus confortable à votre prochaine nuit à la belle étoile."
42672;Les meilleurs lave-glaces voiture;https://meilleurtest.fr/comparatif-lave-glace-voiture/;Auto;"Votre pare-brise n'a pas bonne mine ? Vous en avez marre de deviner ce qui se cache derrière un pare-brise sale ? Ne paniquez pas : le lave-glace voiture vient à votre secours. Ce produit chasse les insectes, la boue et la pluie d’un coup de jet et améliore votre champ de vision, d’autant qu’il faut juste le verser dans le réservoir d’un lave-glace ou d’un <a href=""https://meilleurtest.fr/comparatif-nettoyeur-de-vitre/"">nettoyeur de vitre</a> pour s’en servir en raison de son format liquide. Antigivre pour l’hiver, dégraissant pour l’été ou 4 saisons pour les plus pressés ? Liquide prêt à l’emploi ou concentré à diluer ? Faites briller votre pare-brise en découvrant notre sélection des meilleurs lave-glaces voiture pour cette année."
42636;Les meilleures offres de voiture électrique;https://meilleurtest.fr/comparatif-offre-de-voiture-electrique/;Auto;Les voitures électriques sont considérées par de nombreux automobilistes comme un luxe inaccessible à cause du prix plus élevé que pour une voiture thermique (du moins, la moyenne). Mais grâce à certaines offres ciblées, il est tout à fait possible de conduire un véhicule électrique avec une bonne autonomie, confortable et bien équipé sans vider le compte en banque. Entre les pleins d’essence qui s’envolent, les frais chez le garagiste et les zones urbaines de plus en plus strictes, l’électrique répond à des contraintes bien concrètes. Les meilleures opportunités du moment méritent votre attention, elles peuvent vraiment faire la différence. Suivez le guide pour ne pas laisser passer les meilleures.
42591;Les meilleures polisseuses de voiture;https://meilleurtest.fr/comparatif-polisseuse-de-voiture/;Auto;À la main, c’est long. Et surtout, ce n’est pas assez régulier : vous faites des cercles, mais la brillance reste bancale, les micro-rayures reviennent, et vous avez mal au bras par-dessus tout. La polisseuse de voiture, elle, fait le travaille à votre place. Grâce à ses mouvements rotatifs ou orbitaux (selon le modèle), elle corrige, elle lustre, et elle fait ça vite. Néanmoins, toutes ne se valent pas. Si vous ne voulez pas vous louper, suivez notre comparatif ainsi que notre guide d’achat juste en dessous.
42554;Les meilleures alarmes voiture;https://meilleurtest.fr/comparatif-alarme-voiture/;Auto;"L’alarme veille sur votre voiture dans l’ombre comme un gardien invisible. Son installation n’étant plus une option, mais une obligation, l’accessoire qui complète <a href=""https://meilleurtest.fr/comparatif-antivol-voiture/"">un antivol voiture</a> dissuade, détecte et prévient le propriétaire face aux tentatives de vol et de dégradation. Avec un tel dispositif de sécurité, vous pouvez dormir sur vos deux oreilles. Modèle basique, GPS ou connecté ? Découragez les malfaiteurs en choisissant la meilleure alarme voiture parmi celles nous avons sélectionnées."
42543;Les meilleures batteries gel pour camping-car;https://meilleurtest.fr/comparatif-batterie-gel-pour-camping-car/;Auto;Quoi de plus frustrant qu’une batterie de camping-car qui lâche pendant que vous faites une escale ou qui met des heures à se charger ? Les batteries gel peuvent changer la donne en raison de leurs propriétés : étanches, sans entretien, résistantes aux décharges profondes, elles offrent une vraie tranquillité d’esprit pendant les road trips. Certaines peuvent notamment tenir jusqu’à 800 cycles avant de faiblir et elles offrent toute une meilleure autonomie que les batteries à électrolyte liquide. Mais tous les modèles ne se valent pas. Voici les batteries gel pour camping-car qui méritent vraiment votre attention et nos conseils pour éviter les mauvaises surprises.
42284;Les meilleures huiles de direction assistée;https://meilleurtest.fr/comparatif-huile-de-direction-assistee/;Auto;"L’huile de direction assistée est essentielle au bon fonctionnement du système de direction assistée <a href=""https://meilleurtest.fr/comparatif-voiture/"">de tout véhicule</a>, garantissant une manipulation douce et sans effort du volant. Il s'agit d'un fluide hydraulique qui transmet la puissance pour nous aider à conduire plus facilement. Raison pour laquelle on ne choisit pas son huile de direction au hasard ni en fonction du feeling ou du prix le moins cher. Vous cherchez la meilleure huile de direction assistée ? Fiez-vous à notre guide d'achat."
42261;Les meilleures housses de voiture;https://meilleurtest.fr/comparatif-housse-de-voiture/;Auto;"Pour protéger votre voiture et la garder en bon état, il est impératif d'utiliser la protection adéquate. Que vous gariez votre véhicule dans un garage, sur un parking, sur un trottoir, une housse ou une <a href=""https://meilleurtest.fr/comparatif-bache-voiture/"">bâche de voiture</a> de qualité devrait prévenir les dommages causés par les saletés, les débris, les intempéries et les rayons UV. Toutefois, trouver la housse de voiture adaptée à vos besoins et à la taille de votre véhicule peut s'avérer difficile. Ce guide fournit les informations nécessaires pour faire le bon choix sans vous ruiner."
42237;Les meilleurs gonfleurs électriques;https://meilleurtest.fr/comparatif-gonfleur-electrique/;Auto;"Également appelé pompe électrique ou <a href=""https://meilleurtest.fr/comparatif-compresseur-dair/"">mini compresseur d'air</a>, le gonfleur électrique est un outil pneumatique conçu pour insuffler de l'air rapidement dans différents objets gonflables. Il peut notamment s'agir de matelas, de pneus, de ballons, de piscines, ou même de petits bateaux, kayaks et autres paddle gonflables. À batterie ou filaire, le gonfleur électrique a l'avantage d'être compact, facile d'utilisation et léger, d'où son succès auprès des amateurs d'activités en plein air, des automobilistes et des motards. Lisez ce guide si vous voulez en savoir plus au sujet de cet outil."
42208;Les meilleurs sites pour acheter des pièces auto;https://meilleurtest.fr/comparatif-site-pour-acheter-des-pieces-auto/;Auto;"De nombreuses personnes hésitent à acheter les pièces détachées de leur voiture sur Internet. Pourtant, cela ne coûte pas cher et il existe des sites excellents pour acheter des pièces détachées pour <a href=""https://meilleurtest.fr/comparatif-voiture/"">voitures</a>. Il faudra seulement tenir compte de critères comme le nombre de références du site, le délai de livraison, la qualité du service client, la politique de retour ou la pose des nouvelles pièces. Tous ces aspects vont influencer la satisfaction client. Pour vous, nous avons déniché les meilleurs sites pour acheter des pièces auto."
42200;Les meilleurs sites de vente de voitures aux enchères;https://meilleurtest.fr/comparatif-site-de-vente-de-voitures-aux-encheres/;Auto;"Des véhicules récents ou voitures classiques peuvent se vendre à des prix très avantageux sur les sites de vente de voitures aux enchères. Si certains de ces portails n’acceptent que les professionnels de l’automobile, d’autres permettent aux particuliers d’y trouver la voiture de leurs rêves. Quelles que soient la marque et la catégorie de la voiture que vous envisagez d’acheter, les <a href=""https://meilleurtest.fr/comparatif-site-de-location-de-voiture/"">plateformes de vente aux enchères</a> sont une option qui mérite votre attention. Vous manquez d’expérience en matière d’enchères de voitures sur Internet ? Ce guide vous aidera à trouver la bonne adresse !"
42112;Les meilleurs kits éthanol;https://meilleurtest.fr/comparatif-kit-ethanol/;Auto;"En roulant au bioéthanol, votre véhicule se mettra à produire moins de gaz à effet de serre et autres polluants, ce qui permet de faire un geste pour la planète et évite d'avoir à acheter une voiture électrique si vous n'en voulez pas. Ce carburant respectueux de l’environnement permet aussi de réaliser d’importantes économies à la pompe. Pour y arriver, faites installer un <a href=""https://meilleurtest.fr/comparatif-boitier-ethanol/"">kit éthanol</a> dans votre moteur. Comment bien choisir ce composant mécanique intelligent ? Retrouvez plus d’informations dans notre guide d'achat."
41979;Les meilleurs pneus 4 saisons homologués hiver;https://meilleurtest.fr/comparatif-pneu-4-saisons-homologue-hiver/;Auto;"Vous vivez dans une région particulièrement froide et le remplacement des pneus à chaque saison vous préoccupe ? Dans certaines conditions et depuis l'application de la Loi montagne, <a href=""https://meilleurtest.fr/comparatif-pneu-neige/"">avoir des pneus ayant une bonne adhérence sur la neige</a> ne suffit plus. Heureusement, vous pouvez vous fier aux performances du pneu 4 saisons homologué hiver pour rouler en toute sécurité sécurité sur la neige et le verglas. Lisez notre guide d’achat pour en savoir plus."
41966;Les meilleurs pneus 4x4 mixtes;https://meilleurtest.fr/comparatif-pneu-4x4-mixte/;Auto;"Si vous roulez en 4x4 et n'avez pas envie de changer vos pneus routiers pour des pneus off-road en fonction du terrain sur lequel vous roulez, offrez-vous des pneus 4x4 mixtes. Ce type de pneu se caractérise par une bonne adhérence, une très bonne tenue de route ainsi qu’une forte résistance à l’usure et aux crevaisons. Si l'idée vous intéresse, découvrez à travers notre guide d’achat le <a href=""https://meilleurtest.fr/comparatif-4x4/"">pneu 4x4</a> mixte qu'il faut à votre véhicule."
41850;Les meilleurs extincteurs de voiture;https://meilleurtest.fr/comparatif-extincteur-de-voiture/;Auto;"Le fait de posséder un extincteur de voiture est une mesure de sécurité que chaque conducteur doit prendre au sérieux. Sachant qu’il suffit d’une surchauffe ou même d’un court-circuit pour qu’un feu se déclare, il est important de prendre les devants et choisir les <a href=""https://meilleurtest.fr/comparatif-extincteur-dinterieur/"">meilleurs extincteurs</a> pour ce genre de situation. Justement, nous avons cherché pour vous les extincteurs de voiture les plus recherchés pour cette année."
41849;Les meilleurs crics;https://meilleurtest.fr/comparatif-cric/;Auto;"Bien qu’il ne soit pas obligatoire, avoir un cric dans le <a href=""https://meilleurtest.fr/comparatif-voiture/"">véhicule</a> permet de faire face aux éventuelles pannes et crevaisons. Le <a href=""https://meilleurtest.fr/comparatif-cric-hydraulique/"">cric</a> est effectivement conçu pour soulever le véhicule dans le but de faciliter son entretien, mais également le changement de roues. Notez que le choix du cric doit se faire avec minutie pour assurer un maximum de sécurité et de fiabilité. Grâce à notre guide d’achat, trouvez le cric adapté à votre voiture."
41797;Les meilleurs couvre volants;https://meilleurtest.fr/comparatif-couvre-volant/;Auto;"Comme son nom l'indique, le couvre volant est un produit qui vous permet d’envelopper votre volant pour une meilleure prise en main ou tout simplement à but esthétique. Parmi les nombreux fabricants sur le marché, il convient de savoir chercher le modèle qui vous correspond le mieux. Nous vous éclairons à travers ce guide d’achat afin de trouver le meilleur couvre volant <a href=""https://meilleurtest.fr/comparatif-voiture/"">pour votre véhicule</a>."
41768;Les meilleurs coffres d'attelage;https://meilleurtest.fr/comparatif-coffre-dattelage/;Auto;"Vous voyagez souvent en voiture, mais vous avez toujours du mal à tout caser dans le coffre ? On a la solution idéale : un coffre d'attelage. Cet équipement de rangement se fixe à l'arrière de votre <a href=""https://meilleurtest.fr/comparatif-suv/"">SUV</a> ou de votre berline. Elle offre alors un espace de stockage supplémentaire pour vos bagages, vos vélos, ou même vos équipements de camping. Mais comment choisir le bon ? Découvrez notre sélection de coffres d'attelage souples et rigides dès maintenant."
41740;Les meilleures chandelles de voiture;https://meilleurtest.fr/comparatif-chandelle-de-voiture/;Auto;"Une chandelle de <a href=""//meilleurtest.fr/comparatif-bache-voiture/"" target=""_blank"" rel=""noopener"">voiture</a> est nécessaire chaque fois que vous avez besoin de soulever votre voiture pour effectuer une réparation d'urgence, comme changer une roue lorsque vous avez une crevaison ou si vous devez passer plus de temps en dessous, pour renouveler l'huile moteur ou remplacer le système d'échappement, par exemple. Comment trouver la bonne chandelle de voiture et comment bien l’utiliser ? Trouvez dans ce guide tout ce que vous devez savoir à ce sujet."
41694;Les meilleures barres de remorquage;https://meilleurtest.fr/comparatif-barre-de-remorquage/;Auto;"Trouver une assistance de dépannage d’urgence est assez difficile dans une situation de panne de voiture hors de la ville ou en cours de trajet vers une destination importante. Faire appel un dépanneur peut être coûteux et lent. La meilleure alternative est de s’équiper d’une <a href=""https://meilleurtest.fr/comparatif-remorque-voiture/"" target=""_blank"" rel=""noopener"">barre de remorquage</a> pour une réaction sans délai. Mais comment trouver le modèle adéquat ? Pour mieux vous orienter dans votre quête, suivez notre guide."
41634;Les meilleurs boîtiers éthanol;https://meilleurtest.fr/comparatif-boitier-ethanol/;Auto;"À l’heure actuelle, le prix des carburants ne cesse d'augmenter. Pour y remédier, l’installation d’un boîtier <a href=""https://meilleurtest.fr/comparatif-additif-pour-moteur-ethanol/"" target=""_blank"" rel=""noopener"">éthanol</a> est une meilleure solution. En plus d’être une alternative efficace pour réduire la consommation de carburant, son utilisation permet également de limiter l’impact écologique. Si vous n’êtes pas encore familière à cette solution, fiez-vous à ce guide comparatif des meilleurs boîtiers éthanols."
41556;Les meilleures bâches voiture;https://meilleurtest.fr/comparatif-bache-voiture/;Auto;"Pour maintenir la voiture en bon état en toutes circonstances, acheter une bâche voiture reste un choix judicieux. Cette dernière offre un maximum de protection contre les agressions externes et la poussière, tout en préservant l’état de la peinture. Par ailleurs, certains modèles plus performants présentent un système d’<a href=""mailto:https://meilleurtest.fr/comparatif-antivol-mecanique-auto/"">antivol</a>. Si vous êtes tenté par cet équipement, fiez-vous à notre sélection des meilleures bâches voiture pour trouver le vôtre."
41553;Les meilleures barres de toit;https://meilleurtest.fr/comparatif-barre-de-toit/;Auto;"Pour toutes les affaires que vous ne pouvez pas placer dans le coffre de la voiture à cause de sa taille ou d’un manque de place, la meilleure solution reste la barre de toit. Avec cet accessoire, mettez tous vos bagages qui n’entrent plus à l’intérieur sur le <a href=""https://meilleurtest.fr/comparatif-coffre-de-toit/"">toit de la voiture</a> sans difficulté. Retrouvez dans notre guide d’achat une sélection des meilleures barres de toit du marché."
41440;Les meilleurs boitiers anti-rongeurs pour voiture;https://meilleurtest.fr/comparatif-boitier-anti-rongeurs-pour-voiture/;Auto;"Un boitier anti-rongeurs pour voiture est un dispositif qui émet un son et des scintillements que les <a href=""https://meilleurtest.fr/comparatif-piege-a-souris/"" target=""_blank"" rel=""noopener"">nuisibles détestent</a>. Rappelons que ces derniers pourraient mordre dans vos fils ou dans d’autres composants plus fragiles, ce qui va se révéler très dangereux. Pour ceux qui cherchent un appareil efficace et pratique, voici la liste des meilleurs boitiers anti-rongeurs pour voiture disponibles sur le marché."
41435;Les meilleurs réfrigérateurs pour camping-car;https://meilleurtest.fr/comparatif-refrigerateur-pour-camping-car/;Auto;"Contrairement aux cuisines, les camping-cars ne disposent pas toujours de l’espace nécessaire pour un réfrigérateur. C’est la raison pour laquelle certains fabricants ont décidé de concevoir des versions plus compactes tout en gardant les mêmes performances. Si vous aussi, vous êtes en quête de l’équipement frigorifique de vos rêves pour vous accompagner dans vos virées, ce guide vous proposera les meilleurs <a href=""https://meilleurtest.fr/comparatif-refrigerateur-1-porte/"">réfrigérateurs</a> pour camping-car du marché."
41404;Les meilleurs disques de frein voiture;https://meilleurtest.fr/comparatif-disque-de-frein-voiture/;Auto;"Indispensables pour ralentir la rotation des roues et éviter les accidents, les disques de frein voiture sont gages de sécurité pour la conduite au quotidien. En plus d’offrir des performances étonnantes, y compris sur terrain mouillé, les <a href=""https://meilleurtest.fr/comparatif-plaquette-de-frein-auto"">dispositifs de freinage</a> à disque pour voitures s’accompagnent d’un entretien simplifié et d’une adhérence au top. Découvrez notre sélection des meilleurs disques de frein voiture du moment."
41402;Les meilleurs additifs traitement essence;https://meilleurtest.fr/comparatif-additif-traitement-essence/;Auto;"Un additif traitement essence est une substance destinée à renforcer les performances de votre carburant. En plus de lui permettre de supporter l’épreuve du temps, il prend aussi soin du <a href=""https://meilleurtest.fr/comparatif-additif-pour-huile-moteur/"">moteur</a> et des injecteurs. Vous trouverez par ailleurs d’innombrables articles placés dans cette catégorie. Nous allons donc vous aider à bien choisir grâce à la liste des meilleurs produits disponibles."
41391;Les meilleurs pneus Tracmax;https://meilleurtest.fr/comparatif-pneus-tracmax/;Auto;"Avoir un bon moteur bien entretenu ne suffit pas pour profiter du plein potentiel de son véhicule. Il faut également s’équiper de pneus adaptés pour profiter d’une expérience de pilotage optimale. Toutefois, parmi le nombre incalculable de marques œuvrant dans la pneumatique et les nombreux types de <a href=""//meilleurtest.fr/comparatif-pneu-kebler/"">pneus</a> (<a href=""//meilleurtest.fr/comparatif-pneu-ete/"">été</a>, <a href=""//meilleurtest.fr/comparatif-pneu-hiver/"">hiver</a>, <a href=""//meilleurtest.fr/comparatif-pneu-neige/"">neige</a>, <a href=""//meilleurtest.fr/comparatif-pneu-4-saisons/"">4 saisons</a>, etc.) proposés sur le marché, il est parfois difficile de faire un choix fiable. Ainsi, pour vous aider à mieux choisir, découvrez dans ce guide la marque Tracmax qui est très appréciée des as du volant grâce à ses <a href=""//meilleurtest.fr/comparatif-pneu-voiture/"">pneus voiture</a> aux performances toujours au top."
41346;Les meilleurs SUV premium;https://meilleurtest.fr/comparatif-suv-premium/;Auto;"Les <em>Sport Utility Vehicle, </em>plus connus sous le sigle <a href=""https://meilleurtest.fr/comparatif-suv/"" target=""_blank"" rel=""noopener"">SUV</a>, commencent à inonder le marché de l’automobile, en conciliant l’univers premium et le désir d’évasion. Se déclinant sous différents types, il n’est pas toujours évident de trouver le bon modèle. Pour vous aider dans vos recherches, nous avons fait le tour de la question pour vous trouver les meilleurs SUV premium à travers ce guide comparatif."
41344;Les meilleures huiles moteurs 2 temps;https://meilleurtest.fr/comparatif-huile-moteur-2-temps/;Auto;"Lorsque votre moteur 2 temps se met en marche, les pièces qui le composent subissent des frottements importants qui conduisent inévitablement à la surchauffe. Ainsi, afin d’éviter d’user trop rapidement ces pièces, vous aurez besoin d’une <a href=""https://meilleurtest.fr/comparatif-huile-moteur/"">huile moteur</a> 2 temps. Le marché propose justement une grande variété des produits de ce type. Pour autant, le choix n'a rien de simple ! Nous allons vous aider à y voir plus clair à travers ce guide d'achat."
41332;Les meilleurs antirouilles auto;https://meilleurtest.fr/comparatif-antirouille-auto/;Auto;"Tout véhicule, employé tous les jours ou juste à certaines occasions, a forcément besoin d’un <a href=""https://meilleurtest.fr/comparatif-produit-anti-rouille/"">entretien régulier</a>. L’application d’un antirouille auto en fait bien sûr partie. Heureusement pour nous, ce n’est pas ce qui manque sur le marché. Afin de vous aider à trouver l’article qui vous siéra le plus, nous vous avons préparé la liste des meilleurs produits existants."
41314;Les meilleurs chargeurs USB voiture;https://meilleurtest.fr/comparatif-chargeur-usb-voiture/;Auto;"Même si les smartphones actuels sont souvent implacables en termes d’<a href=""https://meilleurtest.fr/comparatif-smartphone-avec-autonomie/"">autonomie</a>, avouez que vous avez toujours besoin d’une source de recharge à votre disposition. Si vous passez une grande partie de votre temps à rouler, vous ne devez jamais vous passer d’un chargeur USB voiture. Mais difficile de faire le bon choix face à une large variété de modèles : notre guide d’achat vous aide justement à mettre la main sur le chargeur USB voiture qui vous correspond."
41310;Les meilleurs chargeurs USB voitures;https://meilleurtest.fr/comparatif-chargeurs-usb-voitures/;Auto;
41278;Les meilleures huiles de boîte de vitesse;https://meilleurtest.fr/comparatif-huile-de-boite-de-vitesse/;Auto;"L’huile de boîte de vitesse constitue un élément indispensable au bon fonctionnement de votre <a href=""https://meilleurtest.fr/comparatif-voiture"">voiture</a>. Également appelé huile de transmission, ce liquide lubrifie et refroidit les pièces mobiles. De plus, il protège les engrenages de l’usure et prévient les risques d’oxydation. Afin de trouver le bon lubrifiant pour la transmission de votre véhicule, aidez-vous de notre sélection et de nos conseils en matière d’huile de boîte de vitesse."
41205;Les meilleurs nettoyants injecteurs essence;https://meilleurtest.fr/comparatif-nettoyant-injecteur-essence/;Auto;"Un<a href=""https://meilleurtest.fr/comparatif-nettoyant-injecteur/"" target=""_blank"" rel=""noopener""> nettoyant injecteur</a> essence est un produit destiné à décrasser la paroi interne de ce composant particulièrement indispensable. Rappelons en effet que les performances de votre moteur tout entier dépendent de ce dernier. De nos jours, la grande variété d’articles rend le choix un peu plus ardu. Voilà pourquoi nous vous proposons la liste des meilleurs nettoyants injecteurs essence."
41167;Les meilleurs additifs pour huile moteur;https://meilleurtest.fr/comparatif-additif-pour-huile-moteur/;Auto;"Si vous voulez que le moteur de votre véhicule soit silencieux, efficace et peu vorace en carburant, remplacer le plus souvent l’huile de moteur est essentiel. Pour cela, l’usage d’un additif pour huile moteur lors du vidange garantira une meilleure longévité à votre véhicule. Tout aussi utile qu’un <a href=""//meilleurtest.fr/comparatif-additif-nettoyant-turbo/"">additif nettoyant turbo</a>, un <a href=""//meilleurtest.fr/comparatif-nettoyant-injecteur/"">nettoyant injecteur</a> ou encore une <a href=""//meilleurtest.fr/comparatif-valise-de-diagnostic-auto-obd2-multimarque/"">valise de diagnostic auto OBD2 multimarque</a> pour assurer l’entretien de son véhicule, l’additif pour huile moteur limite les frottements et protège les parties métalliques de la corrosion. Fiez-vous donc à notre guide d'achat pour trouver le meilleur additif huile moteur dont vous avez besoin."
41165;Les meilleurs produits anti-rouille;https://meilleurtest.fr/comparatif-produit-anti-rouille/;Auto;"La rouille constitue un dangereux fléau qui atteint presque tous nos <a href=""https://meilleurtest.fr/comparatif-tournevis/"">appareils métalliques</a>. Elle peut même, dans certains cas, causer de graves accidents. Heureusement que les produits antirouille sont là pour nous aider. En plus de prévenir son apparition, ils peuvent la convertir pour préserver les dimensions. Sans plus attendre, voici la liste des meilleurs articles disponibles sur le marché."
41164;Les meilleurs pneus SUV 4 saisons;https://meilleurtest.fr/comparatif-pneu-suv-4-saisons/;Auto;"À la recherche de pneus qui sont pratiques en tout temps pour votre véhicule surélevé ? Des pneus SUV 4 saisons constituent l’ultime solution pour profiter d’une adhérence parfaite autant sur un sol sec qu’une surface humide ou verglacée. Ainsi, ces <a href=""https://meilleurtest.fr/comparatif-pneu-4-saisons/"">pneus toutes saisons</a> vous feront certainement gagner en temps et en espace. Découvrez nos meilleures sélections de pneus SUV 4 saisons."
41120;Les meilleurs antivols mécaniques auto;https://meilleurtest.fr/comparatif-antivol-mecanique-auto/;Auto;"Des milliers de véhicules se font voler chaque année, c’est pourquoi des mesures doivent être prises pour protéger votre véhicule. Utiliser un <a href=""https://meilleurtest.fr/comparatif-antivol-voiture/"">antivol</a> mécanique auto reste la meilleure alternative, garantissant un niveau de sécurité élevé sans pour autant dépendre de la batterie contrairement à l’antivol électrique. Méfiez-vous toutefois des modèles low cost, qui sont généralement faciles à déverrouiller. Dans ce guide, nous vous proposons une sélection d’antivol mécanique auto fiable et de qualité supérieure."
40650;Les meilleurs pneus Dunlop;https://meilleurtest.fr/comparatif-pneu-dunlop/;Auto;"Dunlop fait partie des incontournables en matière de pneumatiques. Filiale de Goodyear, grand rival de <a href=""https://meilleurtest.fr/comparatif-pneu-michelin"">Michelin</a>, la marque d'origine britannique est une pionnière dans cette industrie. Elle propose un vaste choix, de quoi satisfaire tous les besoins et tous les budgets. En effet, ce manufacturier a toujours su allier performances et prix intéressants. C'est pour toutes ces raisons que nous avons décidé des meilleurs pneus Dunlop pour cette année."
40622;Les meilleurs pneus Michelin;https://meilleurtest.fr/comparatif-pneu-michelin/;Auto;"Avant de prendre la route, que ce soit pour un voyage ou simplement pour circuler au quotidien, pensez à vérifier vos <a href=""https://meilleurtest.fr/comparatif-pneu-voiture/"">pneus de voiture</a>. Si un remplacement s’impose, nous vous suggérons de vous tourner vers la marque Michelin, dont les modèles continuent de truster le haut du podium malgré la concurrence acharnée d'autres marques comme <a href=""https://meilleurtest.fr/comparatif-pneu-bridgestone"">Bridgestone</a>. La firme de Bibendum proposant un large choix en la matière, nous vous aidons à choisir grâce à ce guide consacré aux meilleurs pneus Michelin disponibles en ce moment."
40603;Les meilleurs GPS TomTom;https://meilleurtest.fr/comparatif-gps-tomtom/;Auto;Avec l’afflux des systèmes de géolocalisation, il est actuellement plus facile de définir le meilleur itinéraire pour chaque déplacement, mais encore faut-il avoir le bon GPS. Actuellement, les GPS de marque TomTom figurent parmi les appareils les plus appréciés, mais ils se déclinent en plusieurs modèles qui proposent des fonctionnalités variées : pas toujours facile de s’y retrouver. Pour trouver le GPS TomTom qui répondra à tous vos besoins, lisez ce comparatif : vous y trouverez des informations très utiles.
40595;Les meilleurs pneus Bridgestone;https://meilleurtest.fr/comparatif-pneu-bridgestone/;Auto;Vous cherchez un nouveau train de pneus pour rouler dans les meilleures conditions, d'autant que les vacances d'été s'approchent à grand pas ? Pourquoi ne pas opter pour Bridgestone ? Avec ce manufactier, il y en a pour tous les goûts et tous les besoins. Pour davantage d'informations, voici un comparatif consacré aux meilleurs pneus Bridgestone disponibles en ce moment.
40504;Les meilleurs pneus Kebler;https://meilleurtest.fr/comparatif-pneu-kebler/;Auto;Kleber a marqué la grande histoire du pneumatique en étant le tout premier constructeur à proposer des pneus tubeless. Aujourd’hui encore, la marque française évoque la fiabilité et la durabilité, bien qu’elle soit beaucoup moins populaire que les leaders du marché comme Michelin et Bridgestone. Vous comptez profiter de toutes les qualités d’un pneu Kleber ? Suivez ce guide afin de trouver le modèle qui correspond au mieux à votre voiture, à vos habitudes de conduite et à votre budget.
40453;Les meilleurs pneus Nexen;https://meilleurtest.fr/comparatif-pneu-nexen/;Auto;Reconnue par les professionnels par son expertise, la marque Nexen n’a cessé de se développer tout en proposant d’excellents rapports qualité-prix. Affichant une grande variété de pneumatique à son catalogue, elle s’impose avec des pneus de haute qualité à des prix compétitifs. Allant des modèles d’été en hiver, trouvez à travers notre guide le meilleur pneu Nexen qu’il vous faut.
40440;Les meilleurs pneus Hankook;https://meilleurtest.fr/comparatif-pneus-hankook/;Auto;Bien que Hankook ait fait son entrée dans l'industrie du pneumatique un demi-siècle plus tard que les marques de pneus concurrentes, la marque a tout de même établi une position solide sur le marché en fournissant des pneus haute performance abordables avec une excellente garantie de durabilité. Puisque son catalogue est très vaste, ce guide vous aidera à déterminer quels modèles de pneus Hankook sont pour vous.
40383;Les meilleurs filtres à gasoil;https://meilleurtest.fr/comparatif-filtre-a-gasoil/;Auto;"Le filtre à gasoil <a href=""https://meilleurtest.fr/comparatif-nettoyant-injecteur-diesel/"">protège le système d’injection</a> et le circuit de carburant des impuretés. Au bout d’un certain temps, il ne pourra plus assurer ce rôle et un autre devra prendre sa place. D’où l’intérêt de ce guide d’achat, car un véhicule à moteur diesel privé d’un filtre à carburant performant ne peut exploiter son plein potentiel. Voici les 4 meilleurs filtres à gasoil sur le marché."
40366;Les meilleures voitures électriques rapport qualité/prix;https://meilleurtest.fr/comparatif-voitures-electriques-rapport-qualite-prix/;Auto;"Après l'achat ou la location d’une maison ou d’un appartement, l'acquisition d'une voiture est la décision financière la plus importante. Le marché des <a href=""https://meilleurtest.fr/comparatif-voiture-electrique/"">voitures électriques</a> est devenu très compétitif et vous trouverez de nombreux modèles dans différentes gammes de prix. Choisir une voiture électrique peut donc rapidement devenir un véritable casse-tête, surtout si vous recherchez le meilleur rapport qualité/prix. Heureusement, ce guide d’achat est là pour vous aider !"
40337;Les meilleurs alcootests;https://meilleurtest.fr/comparatif-alcootest/;Auto;"Savez-vous que la prise excessive d'alcool serait à l’origine de près de 30 % des accidents mortels de la route en France ? Donc, si vous envisagez de conduire votre voiture après une soirée arrosée, pensez-y à deux fois et munissez-vous d’un alcootest, un dispositif vous permettant d’effectuer un test d’alcoolémie rapide. Chimique ou <a href=""https://meilleurtest.fr/comparatif-alcootest-electronique/"">électronique </a>? Suivez le guide !"
40328;Les meilleures lunettes de conduite de nuit;https://meilleurtest.fr/comparatif-lunette-de-conduite-de-nuit/;Auto;"Sur la route, la <a href=""https://www.ornikar.com/code/cours/securite/accidents/statistiques-usagers-nuit"">moitié des collisions mortelles se produisent la nuit</a>. Ce triste constat vient du fait que la nuit, les yeux sont soumis à rude épreuve notamment quand on est au volant. L’éblouissement et la fatigue diminuent grandement l’acuité visuelle, d’où l’intérêt de porter des lunettes adaptées. Cet <a href=""https://meilleurtest.fr/comparatif-lunettes-de-soleil-pour-conduire/"">accessoire de sécurité</a> vous intéresse ? Lisez ce guide d’achat des <a href=""https://meilleurtest.fr/comparatif-lunettes-de-soleil-pour-conduire/"">meilleures lunettes de conduite</a> de nuit du moment."
40301;Les meilleurs GPS à moins de 150 euros;https://meilleurtest.fr/comparatif-gps-a-moins-de-150-euros/;Auto;"Le GPS figure aujourd’hui parmi les gadgets indispensables, tant pour les <a href=""https://meilleurtest.fr/comparatif-gps-camping-car/"">conducteurs </a>que les sportifs. Pour moins de 150 €, il est déjà possible de se procurer un modèle fiable et performant. Mais le prix n’est pas l’unique critère à prendre en compte pour trouver un GPS de qualité et abordable. Laissez-vous guider par notre comparatif et notre conseil si vous souhaitez dénicher le meilleur GPS à moins de 150 € du moment."
40244;Les meilleurs additifs pour moteur éthanol;https://meilleurtest.fr/comparatif-additif-pour-moteur-ethanol/;Auto;"Avec le coût du carburant qui ne cesse de monter, les automobilistes français sont de plus en plus nombreux à se tourner vers l’éthanol qui se révèle à la fois économique et respectueux de l’environnement. Mais pour assurer la santé mécanique de son <a href=""//meilleurtest.fr/comparatif-voiture/"">auto</a>, l’usage d’un additif approprié s’impose. Trouvez donc via ce guide d’achat, le palmarès des meilleurs additifs pour moteur éthanol du moment."
40241;Les meilleurs autoradios GPS 2 DIN;https://meilleurtest.fr/comparatif-autoradio-gps-2-din/;Auto;"Un autoradio 2 DIN est un autoradio spécial fabriqué en Allemagne pour les automobiles. L'acronyme DIN signifie ""Duetch Industri Normen"" et il est utilisé depuis les années 1980. Ces chaînes stéréo étaient à l'origine utilisées dans les <a href=""https://meilleurtest.fr/comparatif-voiture/"">voitures</a> fabriquées en Allemagne, avant de se populariser. L'avantage d'un autoradio 2 DIN est qu'il ne se contente pas de lire de la musique. Grâce aux progrès de la technologie GPS, les autoradios 2 DIN servent désormais également de<a href=""https://meilleurtest.fr/comparatif-gps-auto/""> systèmes de navigation</a>. Lisez les détails dans ce guide."
40214;Les meilleurs produits d'entretien pour cuir de voiture;https://meilleurtest.fr/comparatif-produit-dentretien-pour-cuir-de-voiture/;Auto;"Le cuir est un beau matériau, mais il est beaucoup trop capricieux. En effet, cette matière réclame une attention particulière, d’autant qu’il est exposé quotidiennement à la poussière, aux ultraviolets, à la sueur, aux frottements… autant de facteurs qui précipitent son vieillissement et sa dégradation. Heureusement que de <a href=""https://meilleurtest.fr/comparatif-cire-voiture/"">simples produits</a> permettent d’entretenir le cuir de voiture. Pour bien les choisir, lisez ce guide d’achat."
40205;Les meilleurs pneus rapport qualité/prix;https://meilleurtest.fr/comparatif-pneus-rapport-qualite-prix/;Auto;"Vacances, boulot, courses au supermarché… avant de prendre la route, vérifiez vos pneus. En cas de remplacement, ce n’est pas la peine de se casser la tête avec des conceptions haute performance trop chères ! Faites-vous plaisir en achetant des <a href=""https://meilleurtest.fr/comparatif-pneu-voiture/"">pneus</a> ayant un bon rapport qualité/prix de <a href=""https://meilleurtest.fr/comparatif-pneu-michelin/"">chez Michelin</a>, Continental, <a href=""https://meilleurtest.fr/comparatif-pneu-nexen/"">Nexen</a> ou <a href=""https://meilleurtest.fr/comparatif-pneus-hankook/"">Hankook</a>. À travers ce guide des meilleurs pneus rapport qualité/prix en 2022, vous trouverez ce dont vous avez besoin."
40199;Les meilleurs pneus rechapés;https://meilleurtest.fr/comparatif-pneu-rechape/;Auto;"Votre budget vous fait défaut alors que vous devez changer les pneus de votre <a href=""//meilleurtest.fr/comparatif-voiture/"">auto</a> ? Optez pour une solution écologique en investissant dans des pneus rechapés. Désormais soumis à des normes européennes strictes, depuis janvier 2022, ces pneus, auxquels on a rajouté des bandes de roulement, répondent aux mêmes règles de sécurité et tests de performance que les pneus neufs. Comment choisir ? Lisez notre guide."
40185;Les meilleurs filtres à huile;https://meilleurtest.fr/comparatif-filtre-a-huile/;Auto;"L’<a href=""https://meilleurtest.fr/comparatif-huile-moteur/"">huile moteur</a> et le filtre à huile vont de mèche. Les deux contribuent au bon fonctionnement de votre véhicule. En effet, remplacer son filtre à huile permet d’économiser l’huile et le carburant, mais il permet aussi de limiter les fumées d’échappement. Pour vous aider à trouver le bon filtre, on a élaboré ce guide contenant une sélection des meilleurs filtres à huile du moment."
40170;Les meilleurs nettoyants avant vidange;https://meilleurtest.fr/comparatif-nettoyant-avant-vidange/;Auto;"La vidange fait partie des <a href=""https://meilleurtest.fr/comparatif-huile-moteur"">entretiens</a> basiques à faire sur un véhicule, et cela passe par plusieurs étapes. L'utilisation d'un nettoyant avant vidange étant l'un de ces processus. Comment choisir l'additif pré-vidange le plus efficace parmi les modèles disponibles sur le marché ? Ce guide des meilleurs nettoyants avant vidange saura vous conseiller et vous orienter vers le produit qui correspond à vos exigences."
40162;Les meilleurs liquides de freins;https://meilleurtest.fr/comparatif-liquide-de-freins/;Auto;"Un liquide de freins est un fluide indispensable au bon fonctionnement du système de freinage de votre véhicule. Grâce à une huile de freins, vous pourrez arrêter votre voiture ou votre <a href=""https://meilleurtest.fr/comparatif-moto/"">moto</a> de manière efficace, ce qui évite de nombreux accidents potentiels. Abordable, il est compatible avec une large gamme de véhicules. Découvrez notre sélection des meilleurs liquides de freins."
40160;Les meilleures antennes de camping-car;https://meilleurtest.fr/comparatif-antenne-de-camping-car/;Auto;"Ne ratez plus votre émission de télévision préférée ou votre match de foot la prochaine fois que vous explorez votre pays dans un camping-car. Munissez-vous alors d'une bonne antenne de camping-car que ce soit hertzienne ou par satellite et assurez-vous d’avoir le <a href=""//meilleurtest.fr/comparatif-decodeur-satellite-hd/"">meilleur décodeur satellite HD</a>. Pour choisir la meilleure antenne de camping-car, suivez notre guide."
40148;Les meilleurs nettoyants injecteurs diesel;https://meilleurtest.fr/comparatif-nettoyant-injecteur-diesel/;Auto;"Les injecteurs diesel se doivent d’être en bon état pour ne pas endommager le moteur petit à petit. Certains entretiens requièrent l’intervention d’un professionnel, mais vous pouvez aussi agir de votre côté sur le moyen terme pour éviter des dépenses colossales. L’utilisation d’un bon <a href=""https://meilleurtest.fr/comparatif-nettoyant-injecteur/"">nettoyant pour les injecteurs</a> diesel fait partie de vos responsabilités. Dans ce guide, nous vous aidons pour choisir le bon produit et pour comprendre ses rôles."
40140;Les meilleurs imperméabilisants capote;https://meilleurtest.fr/comparatif-impermeabilisant-capote/;Auto;"Un imperméabilisant capote est tout simplement un produit conçu dans le but principal d'assurer l'étanchéité et l'entretien de la capote d'un cabriolet. Les imperméabilisants sont donc des produits hydrofuges destinés à laisser un effet déperlant sur la capote de votre <a href=""https://meilleurtest.fr/comparatif-voiture-rapport-qualite-prix/"" target=""_blank"" rel=""noopener"">véhicule</a>. Pour chacun des types de capotes disponibles, il existe des produits adaptés. L’entretien des capotes devient une tâche relativement facile dès qu’on a choisi et adopté le bon imperméabilisant."
40091;Les meilleurs désodorisants voiture;https://meilleurtest.fr/comparatif-desodorisant-voiture/;Auto;"Il y a une odeur persistante dans votre <a href=""https://meilleurtest.fr/comparatif-voiture/"">voiture</a> et vous n’en pouvez plus ? Pour y remédier, pourquoi ne pas utiliser un désodorisant voiture ? Cela permettra de bénéficier d’un air respirable à l’intérieur de votre véhicule. Aujourd’hui, de nombreuses marques les proposent sur le marché et le choix peut être difficile. Dans ce cas, nous vous invitons à lire ce guide comparatif des meilleurs désodorisants voiture."
40057;Les meilleurs GPS camping-car;https://meilleurtest.fr/comparatif-gps-camping-car/;Auto;"Durant les voyages en camping-car, vous auriez sans doute besoin d’un <a href=""https://meilleurtest.fr/comparatif-gps-auto/"">GPS</a> adapté à ce type de véhicule pour localiser les aires de stationnement et éviter certains obstacles sur la route. Ces outils de navigation vous localisent partout où vous vous trouvez grâce aux satellites et se dotent de fonctionnalités enrichies. Le GPS s’allie parfaitement aux caractéristiques de votre camping-car afin de vous proposer le meilleur itinéraire possible. Consultez notre guide d'achat si cela vous intéresse."
40039;Les meilleurs pick up;https://meilleurtest.fr/comparatif-pick-up/;Auto;"Vous êtes fan de ces véhicules utilitaires légers équipés d’une benne ou d’un espace non recouvert à l’arrière ? Ayant été longtemps destinés aux professionnels grâce à sa capacité tout terrain, sa capacité de charge conséquente ainsi que son moteur robuste, ils s’invitent désormais de plus en plus dans de nombreux foyers français, au même titre que les <a href=""https://meilleurtest.fr/comparatif-suv/"">SUV</a> ou <a href=""//meilleurtest.fr/comparatif-berline-familiale/"">les berlines familiales</a>. Découvrez donc notre palmarès des meilleurs modèles du moment."
40021;Les meilleurs boîtiers additionnels;https://meilleurtest.fr/comparatif-boitier-additionnel/;Auto;"Il existe de nombreuses modifications que vous pouvez effectuer sous le capot pour améliorer les performances de votre véhicule, qu’il s’agisse d’une <a href=""https://meilleurtest.fr/comparatif-citadine/"">citadine</a> ou d'un <a href=""https://meilleurtest.fr/comparatif-utilitaire/"">utilitaire</a>. En branchant un simple boîtier additionnel, vous pourrez avoir plus d'accélération ou de couple à bas régime. Vous trouverez des dizaines de modèles de boîtier additionnel sur le marché. Ce guide va vous aider à trouver le produit qui répondra le mieux à vos besoins."
40018;Les meilleurs crics hydrauliques;https://meilleurtest.fr/comparatif-cric-hydraulique/;Auto;"Que ce soit pour un usage personnel, dans un garage ou un atelier professionnel, un cric hydraulique est un outil à avoir absolument dans le coffre de sa voiture. Permettant de soulever plus facilement un véhicule au moment d’une réparation ou d’un <a href=""https://meilleurtest.fr/comparatif-pneu-voiture/"" target=""_blank"" rel=""noopener"">changement de pneu</a>, il se révèle complet et utile, même utilisé sur un camping-car, aux côtés de cales pour camping-car. Les détails dans ce guide d’achat."
39980;Les meilleurs pare-pierres;https://meilleurtest.fr/comparatif-pare-pierres/;Auto;"Motocross, enduro, quad, trial et BMX sont des sports extrêmes extraordinairement divertissants, mais ô combien dangereux. Une manœuvre malhabile ou un virage mal négocié suffisent à envoyer le plus chevronné des pilotes dans le décor, d’où l’intérêt de <a href=""https://meilleurtest.fr/comparatif-casque-scorpion/"">bien se protéger de la tête aux pieds</a>. Comment choisir ? Ce guide complet est consacré aux 4 pare-pierres préférés des spécialistes de l’enduro."
39978;Les meilleurs cirages pour pneus de voiture;https://meilleurtest.fr/comparatif-cirage-pour-pneus-de-voiture/;Auto;"Le cirage pour <a href=""https://meilleurtest.fr/comparatif-pneu-voiture/?wordpress_logged_in=true"">pneus de voiture</a> est essentiel pour entretenir correctement votre bolide. Il vous garantit des pneus flambants neufs, prolonge la durée de vie de vos pneus et offre une protection optimale. Seulement, entre les différents types de cires, les promesses des fabricants et l’application, les acheteurs sont confus. Pour vous aider, voici les meilleurs cirages pour pneus de voiture en 2022."
39953;Les meilleurs breaks sportifs;https://meilleurtest.fr/comparatif-break-sportif/;Auto;"Excellent mix entre performances et élégance, le break sportif est le meilleur allié des parents pressés ayant besoin d’un coffre spacieux, d'un espace considérable dans l'habitacle, un gros moteur et de sensations fortes. Tout aussi confortable que les <a href=""//meilleurtest.fr/comparatif-suv/"">SUV</a>, le break sportif affiche un design qui met en avant un meilleur aérodynamisme lui permettant d’être plus économique. Mais quel modèle choisir ?"
39942;Les meilleures bombes anti-crevaisons;https://meilleurtest.fr/comparatif-bombe-anti-crevaison/;Auto;"Les risques de crevaison de <a href=""https://meilleurtest.fr/comparatif-pneu-voiture/"">pneus</a> ne sont jamais loin. Ils arrivent souvent lorsqu’on s’y attend le moins ou lorsqu’on a l’habitude de rouler sans <a href=""https://meilleurtest.fr/comparatif-pneu-ete/"">pneu de secours</a>. Dans de telles conditions, une bombe anti-crevaison pourrait certainement vous sauver la mise. Elle vous permet par ailleurs de terminer votre trajet jusqu’au prochain garage. Lisez ce guide dans son intégralité pour dénicher la meilleure bombe anti-crevaison."
39881;Les meilleurs additifs nettoyants turbo;https://meilleurtest.fr/comparatif-additif-nettoyant-turbo/;Auto;"Après un certain temps, votre voiture peut ne plus accélérer aussi rapidement qu'avant, le turbo peut ne pas fonctionner aussi bien ou l'économie de carburant peut chuter, mais tout le reste peut fonctionner correctement. Si cela se produit, il est peut-être temps de traiter votre moteur avec un additif nettoyant turbo, tout comme lorsque vous utilisiez un <a href=""//meilleurtest.fr/comparatif-nettoyant-injecteur/"">nettoyant injecteur</a>. Mais lequel choisir ? Lisez notre guide."
39880;Les meilleures remorques voiture;https://meilleurtest.fr/comparatif-remorque-voiture/;Auto;"Souvent sollicitée pour les déménagements et le transport d’objets volumineux, la remorque voiture se distingue par sa praticité. Elle permet d’augmenter la capacité de transport de votre <a href=""https://meilleurtest.fr/les-meilleurs-suv-urbains/"">véhicule</a> quand vous en avez besoin. Mais comment reconnaître le bon du mauvais ? Vous pouvez trouver différentes sortes de remorque voiture sur le marché, vous saurez à quoi vous en tenir après avoir lu ce guide."
39865;Les meilleurs chargeurs induction voiture;https://meilleurtest.fr/comparatif-chargeur-induction-voiture/;Auto;De nos jours, le smartphone est un compagnon de route à part entière et certains ne peuvent plus s’en séparer même en voiture. Toutefois, il n’est pas rare d’être perturbée par une batterie à plat. C’est là qu’intervient le chargeur induction voiture. Cependant, en matière d’accessoire high-tech, il ne faut pas se tromper sur son choix. Vous saurez à quoi vous en tenir après avoir lu cet article.
39827;Les meilleurs pare-soleils voiture;https://meilleurtest.fr/comparatif-pare-soleil-voiture/;Auto;Les pare-soleils de voiture sont des accessoires destinés à protéger l’intérieur de votre véhicule de l’exposition permanente au soleil. Rappelons que les rayons de ce dernier nuisent aux installations, mais aussi à vos passagers. Cependant, ces équipements n’assurent pas tous l’efficacité et la polyvalence. C’est pourquoi nous avons sélectionné, rien que pour vous, les meilleurs pare-soleils existants sur le marché.
39808;Les meilleurs kits de rénovation de phares;https://meilleurtest.fr/comparatif-kit-de-renovation-phares/;Auto;"Les phares figurent parmi les éléments indispensables d’une voiture, car ils contribuent à la bonne visibilité du conducteur. Avec le temps, ils jaunissent et perdent de leur transparence. Faisant partie des kits d’entretien voiture comme la <a href=""https://meilleurtest.fr/comparatif-cire-voiture/"">cire</a>, le kit de rénovation redonne une nouvelle vie à vos phares. Pour tout savoir, découvrez notre guide d'achat des meilleurs kits de rénovation de phares."
39706;Les meilleurs pneus été;https://meilleurtest.fr/comparatif-pneu-ete/;Auto;"Vous êtes désireux de faire l’acquisition d’un pneu été de qualité mais ne savez pas vers quelle marque vous tournez ? Trouvez donc parmi notre sélection, les meilleurs modèles du moment affichant une meilleure longévité, une bonne adhérence sur sol mouillé, un excellent freinage sur sol sec ainsi que de belles performances équilibrées et sécuritaires. D’ailleurs, nous avons également d’autres articles dédiés aux<a href=""//meilleurtest.fr/comparatif-pneu-voiture/""> pneus voiture</a> si vous cherchez d’autres modèles (hiver, 4 saisons, etc.)."
39673;Les meilleurs sent-bon voiture;https://meilleurtest.fr/comparatif-sent-bon-voiture/;Auto;"Rien de pire qu’une <a href=""//meilleurtest.fr/comparatif-voiture-rapport-qualite-prix/"">voiture</a> qui sent le moisi ou la transpiration. Pour prévenir ce genre de situation, neutralisez les mauvaises odeurs en accrochant ou en mettant un sent-bon voiture dans votre habitacle. En plus de vous faire profiter des vertus de l’aromathérapie, ce dispositif donnera également à votre auto cette délicate senteur de voiture neuve si agréable. À accrocher ou tout simplement à poser, trouvez parmi notre sélection le modèle de sent-bon voiture qui vous convient."
39591;Les meilleures cires voiture;https://meilleurtest.fr/comparatif-cire-voiture/;Auto;"Envie de redonner un soupçon d’éclat à la carrosserie de votre voiture ? La cire voiture est le produit qu’il vous faut. Tout aussi efficace que le <a href=""//meilleurtest.fr/comparatif-polish-voiture/"" target=""_blank"" rel=""noopener"">polish voiture</a>, ce produit va camoufler les petites imperfections de la carrosserie et préserver la peinture des agressions extérieures grâce aux polymères (synthétiques ou naturels) contenus dans sa formule. Pour un achat réussi, trouvez donc la cire voiture adaptée à la couleur et à l’état de votre auto via ce guide."
39544;Les meilleurs dashcam avant arrière;https://meilleurtest.fr/comparatif-dashcam-avant-arriere/;Auto;Les dashcams servent à capturer tous les moments de votre trajet, pour avoir une preuve en permanence de tout ce qui se passe sur la route, et vous en servir si le besoin se présente. On a toujours été habitué à des dashcams frontales, mais il existe aussi celles avec une caméra avant et une autre arrière. Et d’ailleurs, les marques sont nombreuses à en proposer.
39531;Les meilleurs GPS Android;https://meilleurtest.fr/comparatif-gps-android/;Auto;Voulez-vous trouver le chemin le plus court ou un itinéraire avec moins de trafic ? Un GPS Android pourrait vous y aider. Il permet d’identifier rapidement un chemin, y compris là où vous n’avez jamais mis les pieds. Et comme son nom l’indique, il tourne sous Android. Mais lequel choisir ? Pour le savoir, découvrez les meilleurs GPS Android de cette année.
39516;Les meilleurs nettoyants FAP;https://meilleurtest.fr/comparatif-nettoyant-fap/;Auto;"Un filtre à particules est un système conçu pour piéger les cendres, la suie et d’autres particules susceptibles de détruire votre moteur dans une membrane cellulaire. C’est un système indispensable pour <a href=""https://meilleurtest.fr/comparatif-voiture/?wordpress_logged_in=true"">votre voiture</a> et qui doit être régulièrement nettoyé pour s’assurer qu’il fonctionne comme prévu. Voilà pourquoi les nettoyants FAP sont importants : formulés avec des produits chimiques sûrs qui dissolvent et éliminent les particules dangereuses pour favoriser l’efficacité, ils vous éviteront bien de problèmes. Pour en savoir plus, lisez notre guide sur les meilleurs nettoyants FAP du moment."
39440;Les meilleurs liquides de refroidissement;https://meilleurtest.fr/comparatif-liquide-de-refroidissement/;Auto;Diverses raisons causent la surchauffe de votre moteur, mais la plus fréquente est le manque de liquide de refroidissement. Ce dernier maintient la température du moteur constante dans le but d’éviter sa surchauffe et il évite également que l’eau gèle. Pour vous aider à bien choisir votre liquide de refroidissement, découvrez dans cet article tout ce qu’il faut savoir sur ce type de liquide, également appelé liquide antigel.
39426;Les meilleures voitures;https://meilleurtest.fr/comparatif-voiture/;Auto;La voiture est un élément indispensable au quotidien, tout aussi utile pour se rendre en ville comme pour traverser les routes accidentées. Se déclinant sous de nombreux modèles, elle est conçue pour s’adapter aux besoins de chacun. Toutefois, trouver la voiture parfaite pour soi incombe la prise en compte de certains critères. Afin de vous aider dans votre choix, nous avons sélectionné pour vous les meilleures voitures du moment.
39418;Les meilleures voitures familiales;https://meilleurtest.fr/comparatif-voiture-familiale/;Auto;"Vous avez des enfants ? Alors, il vous faut une voiture familiale. Elle offre un habitacle spacieux et un espace de rangement large pour vos courses et bagages. Aujourd’hui, il existe diverses marques et différents types de voitures familiales. Les monospaces, les breaks, les ludospaces, les <a href=""https://meilleurtest.fr/comparatif-berline-familiale/"">berlines familiales</a>, les SUV… laquelle correspond à vos moyens et vos besoins ? Fiez-vous à notre guide des meilleures voitures familiales pour faire le bon choix."
39378;Les meilleurs gyrophares;https://meilleurtest.fr/comparatif-gyrophare/;Auto;Si vous avez une voiture, ou n’importe quel véhicule, un gyrophare pour vous servir de lumière d’urgence peut vous sauver la vie. Un gyrophare est utile pour la visibilité, à la fois pour signaler l’aide et alerter les autres que vous passez. Par une nuit sombre avec du mauvais temps, un stroboscope lumineux et clignotant peut être une balise pour permettre aux dépanneuses, aux services d’urgence, aux taxis et aux autres conducteurs de savoir clairement où vous êtes. Mais quel gyrophare choisir ? Lisez notre guide pour en savoir plus.
39272;Les meilleurs utilitaires;https://meilleurtest.fr/comparatif-utilitaire/;Auto;Artisans, PME et grandes entreprises ont tous besoin d’un utilitaire qui est un outil de travail à part entière. Se déclinant en plusieurs variétés, ce véhicule s’adapte à de nombreuses activités et peut être aménagé à souhait. Lors de l’achat, il faut considérer plusieurs paramètres comme la nature de vos activités et le type de marchandises à transporter. Du mal à choisir ? Notre guide des meilleurs utilitaires vous viendra en aide.
39241;Les meilleures voitures rapport qualité/prix;https://meilleurtest.fr/comparatif-voitures-rapport-qualite-prix/;Auto;Une voiture de qualité au prix adéquat, qui n’en veut pas ? En effet, le prix d’une voiture est une chose, mais il faudra aussi prendre en compte son coût d’exploitation, notamment la consommation et l’entretien. Avec les bons critères de choix, chacun peut trouver l’automobile qui ne mettra pas à mal ses finances. Pour justifier cela, on vous invite à lire notre guide comparatif sur les meilleures voitures rapport qualité/prix en 2022.
39187;Les meilleures dashcams pour moto;https://meilleurtest.fr/comparatif-dashcam-pour-moto/;Auto;Dashcam est l’acronyme de dashboard camera. C’est-à-dire une caméra de tableau de bord, ou caméra embarquée. Une dashcam est faite pour avoir en visuel la route du point de vue du conducteur, que ce soit d’une voiture ou d’une moto. C’est un véritable élément de sécurité, même pour les motos : une bonne dashcam peut réduire les primes d’assurance, protéger votre permis de conduire, préserver vos souvenirs et même vous sauver la vie. Lisez ce guide pour en savoir plus.
39166;Les meilleures cales pour camping-car;https://meilleurtest.fr/comparatif-cales-pour-camping-car/;Auto;Vous envisagez de faire une inoubliable virée en camping-car en famille, avec votre bande d’amis ou en amoureux ? Équipez-vous de l’essentiel pour être paré à toutes les éventualités sans oublier le plus important : les cales de votre camping-car. Servant à maintenir votre véhicule en équilibre lors d’un arrêt prolongé, ces accessoires sont des incontournables qui assureront votre sécurité.
39052;Les meilleurs tapis de voiture;https://meilleurtest.fr/comparatif-tapis-de-voiture/;Auto;Investir dans un tapis de voiture est la meilleure option pour protéger les moquettes d’origine de votre auto. Il contribuera également au confort de conduite et à l’esthétique interne. Mais il est parfois complexe de se retrouver face aux nombreuses offres sur le marché. Trouvez alors, dans ce guide d’achat, ce qu’il faut pour vous procurer le meilleur tapis de voiture du moment.
39019;Les meilleures huiles moteur 5W30;https://meilleurtest.fr/comparatif-huile-moteur-5w30/;Auto;De nos jours, les moteurs sont confrontés à des températures et des pressions de fonctionnement extrêmement élevées. Cela accélère l'oxydation de l'huile et déstabilise sa structure moléculaire, entraînant une augmentation de la friction et de l'accumulation de boue. Il faut donc de l’huile moteur 5W30 d’excellente qualité pour bien entretenir le moteur de sa voiture. Dans ce guide, vous trouverez une sélection des meilleures huiles moteurs disponibles actuellement sur le marché.
38986;Les meilleures ampoules H4 LED;https://meilleurtest.fr/comparatif-ampoule-h4-led/;Auto;Vous roulez régulièrement de nuit ou devez changer les ampoules de phare de votre voiture ou votre deux-roues ? L’ampoule H4 LED reste le meilleur choix possible. Elle offre un éclairage optimal afin de vous éviter les accidents. Si vous avez du mal à vous décider sur le modèle à choisir ou ne savez tout simplement pas qu’elle marque d’ampoule H4 LED privilégier, fiez-vous au guide d’achat que nous avons élaboré.
38970;Les meilleures caméras de recul sans fil pour camping-car;https://meilleurtest.fr/comparatif-camera-de-recul-sans-fil-pour-camping-car/;Auto;Faciles à installer et faisant preuve d’une grande efficacité, les caméras de recul sans fil occupent une place considérable sur le marché. De plus en plus d’automobilistes utilisent ce dispositif pour gagner en praticité et en sécurité sur les routes. Les conducteurs de camping-car sont tout aussi concernés, sauf que le choix de cet appareil n’est pas aussi simple que ça en a l’air. Profitez de ce guide d’achat pour en savoir plus.
38944;Les meilleurs kits de débosselage sans peinture;https://meilleurtest.fr/comparatif-kit-de-debosselage-sans-peinture/;Auto;Vous avez eu un accrochage avec un autre véhicule pendant un trajet et cherchez un moyen de réparer la bosse rapidement ? Le kit de débosselage sans peinture est un ensemble d'outils pratique et efficace pour remettre la carrosserie dans son état initial. Par poussée ou par tirage, de nombreux modèles existent sur le marché. Notre guide vous aidera à sélectionner le meilleur kit de débosselage sans peinture à même de répondre à vos besoins.
38931;Les meilleurs sites de location de voiture;https://meilleurtest.fr/comparatif-site-de-location-de-voiture/;Auto;Vous cherchez un véhicule de location pour un voyage, les vacances, le travail ou un déménagement ? Les sites de location de voiture sont là pour faciliter les choses. Vous y trouverez un choix diversifié de véhicules, allant des voitures légères aux utilitaires en passant par les camping-cars. Ils ont généralement une assurance et peuvent rouler en dehors de l’Hexagone, du moment que vous restez en Europe. Voulez-vous une location avec ou sans permis ? Quelles sont les conditions de location et d’annulation ? Est-ce que le site a une appli mobile ? Trouvez les réponses à toutes ces questions en lisant notre guide des meilleurs sites de location de voiture.
38881;Les meilleurs kits d'ampoules xénon H7;https://meilleurtest.fr/comparatif-kit-ampoules-xenon-h7/;Auto;Les kits d’ampoules xénon H7 sont de plus en plus répandus sur le marché. Plus performants que les lampes halogènes, ces packs sont à la fois puissants et économiques. Ils peuvent servir de phare ou de feu de croisement pour votre véhicule, mais aussi pour une moto. Voici notre comparatif des meilleurs kits d’ampoules xénon H7 pour cette année.
38869;Les meilleurs bloque volants;https://meilleurtest.fr/comparatif-bloque-volant/;Auto;Les méthodes de sécurité mécaniques telles que les bloque volants sont de nouveau à la mode, considérées comme un bon moyen de rendre votre véhicule moins attrayant pour les voleurs potentiels à l’ère numérique des voitures sans clé : les voleurs chercheront des cibles faciles, et le temps qu’il faut pour retirer le bloque volant peut détourner leur attention ailleurs. Bloque volant barre ou bloque volant canne? Lisez notre guide pour trouver le bloque volant qui conviendra à votre voiture.
38818;Les meilleures ampoules xénon;https://meilleurtest.fr/comparatif-ampoules-xenon/;Auto;Si l’ampoule xénon éclairait surtout les phares des voitures sportives au départ, aujourd’hui elle peut désormais équiper n’importe quelle voiture. Elle n’est pas aussi facile à choisir que les ampoules à LED et la législation la concernant est assez floue. Si vous voulez vous procurer vos propres ampoules xénon, lisez ce guide qui rassemble les astuces autour de son utilisation, mais aussi les critères de choix et les meilleurs modèles chez les plus grandes marques.
38785;Les meilleurs badges de télépéage pour les PME;https://meilleurtest.fr/comparatif-badge-de-telepeage-pour-pme/;Auto;"On sait que grâce aux badges de télépéage, on passe plus rapidement les barrages de péage d’autoroute. Et on peut même emprunter le passage non-stop à 30 km/h, car le paiement se fera automatiquement. Ce ne sont pas uniquement les particuliers qui ont besoin de ce genre de système. Les badges de télépéage peuvent également être très utiles pour la gestion de la flotte des PME. Voici les <a class=""wpil_keyword_link"" href=""https://meilleurtest.fr/comparatif-telepeage/""   title=""meilleurs badges de télépéage"" data-wpil-keyword-link=""linked"">meilleurs badges de télépéage</a> pour les PME actuellement disponibles."
38779;Les meilleurs badges de télépéage pour les TPE;https://meilleurtest.fr/comparatif-badge-de-telepeage-pour-tpe/;Auto;Limitez l’impact de l’augmentation des frais de péage sur l’exploitation de votre parc auto. TPE et auto-entrepreneurs, l’abonnement de télépéage s’impose comme une excellente solution pour maîtriser le coût de la flotte auto. Doublement utile, il réduit le temps d’attente des automobilistes d’une part et le coût des utilisations du service d’autre part. Afin d’aider ces professionnels, nous regroupons ici les meilleures offres de télépéage, évaluées sur la base du tarif et de la qualité des services fournis.
38775;Les meilleurs badges de télépéage avec réduction aux péages;https://meilleurtest.fr/comparatif-badge-de-telepeage-avec-reduction-aux-peages/;Auto;"Si vous avez l'habitude de prendre l'autoroute lors de vos trajets en voiture, un abonnement télépéage est indispensable pour s’éviter les longues files d'attente et pouvoir économiser du temps et du carburant. Et quoi de mieux que d’utiliser un <a class=""wpil_keyword_link"" title=""badge de télépéage"" href=""https://meilleurtest.fr/comparatif-telepeage/"" data-wpil-keyword-link=""linked"">badge de télépéage</a> avec réduction aux péages ! À cet effet, peu importe votre profil : étudiant, professionnel, voyageur occasionnel ou régulier, vacancier, vous trouverez sûrement l’offre qui vous convient dans notre guide."
38774;Les meilleurs badges de télépéage pour les grandes entreprises;https://meilleurtest.fr/comparatif-badge-de-telepeage-pour-grandes-entreprises/;Auto;Pour pouvoir emprunter les voies réservées indiquées par un grand T ou les voies de télépéage, il suffit de vous procurer un petit boitier gris ou un badge à fixer sur le pare-brise de la voiture. Dans le but de mieux organiser le paiement de la facture tous les fin du mois ou tous les ans, les grandes entreprises ont le choix de souscrire à un abonnement qui leur est entièrement destiné.
38733;Les meilleurs gonfleurs de pneus;https://meilleurtest.fr/comparatif-gonfleur-de-pneus/;Auto;N’oubliez jamais que votre sécurité sur la route dépend du bon état de vos pneumatiques. En effet, ces derniers doivent être gonflés comme il se doit, c’est pourquoi il est utile d’avoir un compresseur d’air en permanence dans le coffre de votre voiture, mais encore faut-il s’équiper avec un bon appareil. Pour vous aider à faire le meilleur choix, découvrez nos conseils ainsi que notre sélection des 4 meilleurs gonfleurs de pneus de cette année.
38728;Les meilleures plaquettes de frein auto;https://meilleurtest.fr/comparatif-plaquette-de-frein-auto/;Auto;Vos freins grincent ou votre témoin d’usure s’allume ? Il est temps de remplacer vos plaquettes de frein. Éléments essentiels du mécanisme de freinage de votre véhicule, le choix des nouvelles plaquettes ne doit pas être fait à la légère. Dans ce guide d'achat, vous trouverez les critères à considérer avant d'acquérir votre jeu de plaquettes ainsi qu'une sélection des meilleurs produits du moment.
38692;Les meilleurs autoradios 2 DIN;https://meilleurtest.fr/comparatif-autoradio-2-din/;Auto;Avoir un autoradio dans sa voiture permet d'écouter ses playlists et tout ce qui passe à la radio tout en conduisant, mais avec l'évolution de la technologie, cela ne suffit plus. En effet, les automobilistes ont désormais besoin d'un appareil performant, multimédia, permettant de prendre un appel, avec diverses connectiques et surtout programmable à souhait : l'autoradio 2 DIN. Si vous aussi vous êtes un féru de high-tech embarqué, ce guide vous permettra de connaitre les meilleurs autoradios 2 DIN du moment.
38688;Les meilleurs sites de voitures d'occasion;https://meilleurtest.fr/comparatif-site-de-voiture-doccasion/;Auto;"Repartir avec une voiture défectueuse est le cauchemar ultime quand on achète un véhicule de seconde main. Rassurez-vous, le risque reste minime tant que vous achetez sur un site de confiance. Pour éviter toute déception lors de l'achat de votre prochaine <a href=""https://meilleurtest.fr/comparatif-berline-familiale/"">berline familiale</a>, découvrez nos conseils ainsi que notre sélection des 4 sites de voitures d'occasion les plus intéressants en France."
38574;Les meilleurs SUV urbains;https://meilleurtest.fr/comparatif-suv-urbain/;Auto;"Les spots publicitaires sont révélateurs d'une tendance : le <a href=""https://meilleurtest.fr/comparatif-suv/"">SUV</a> urbain. Au même titre que la citadine, il reste l’une des voitures préférées des Français. L’idée d’être au volant d’un tel véhicule séduit, ne serait-ce que pour sa surélévation, son look audacieux, sa polyvalence et ses innombrables options de personnalisation. Thermique, électrique ou hybride ? Choisissez votre SUV urbain parmi notre sélection !"
38567;Les meilleurs ponts ciseaux;https://meilleurtest.fr/comparatif-pont-ciseau/;Auto;Un pont ciseaux est un matériel de levage permettant d’intervenir avec commodité dans la partie inférieure d’un véhicule. Moins encombrant et facile d’utilisation, il représente la meilleure alternative pour combler vos équipements de garage. Des modèles professionnels aux modèles orientés pour les particuliers, il se décline en grande variété sur le marché. Pour en savoir plus, suivez ce guide.
38561;Les meilleurs caissons de basse amplifiés voiture;https://meilleurtest.fr/comparatif-caisson-de-basse-amplifie-voiture/;Auto;Avoir une basse de qualité dans sa voiture, c’est le rêve de tous les automobilistes. Cela permet d’optimiser la puissance du système de sonorisation et de profiter pleinement de la playlist diffusée. Une des solutions les plus accessibles étant l’investissement d’un caisson de basse amplifié. Sans fil, plat, carré ou circulaire, de nombreux modèles sont disponibles sur le marché. Lisez notre guide pour en savoir plus.
38519;Les meilleurs autoradios GPS;https://meilleurtest.fr/comparatif-autoradio-gps/;Auto;"Dans un monde où la conduite automobile est de plus en plus connectée, utiliser le bon <a href=""https://meilleurtest.fr/comparatif-gps-auto/"">système de navigation embarqué</a> devient une chose essentielle au volant. En l’occurrence, le choix privilégié par les conducteurs, c'est l’autoradio GPS. L'appareil donne accès à la navigation, à la musique, à la connexion sans fil et à d’autres fonctionnalités visant à améliorer le confort et la sécurité sur la route. Ce guide d'achat vous aidera à trouver l’autoradio GPS idéal, alliant précision, qualité audio, et facilité d'utilisation, pour des trajets sans stress."
38506;Les meilleures caméras de recul sans fil;https://meilleurtest.fr/comparatif-camera-de-recul-sans-fil/;Auto;"La caméra de recul sans fil a le vent en poupe. Mieux que les radars de recul et offrant un angle de vision plus large que les sempiternels rétroviseurs, cet équipement innovant rend les stationnements ainsi que les manœuvres plus faciles, que vous ayez une camionnette, un camping-car ou un <a href=""https://meilleurtest.fr/comparatif-4x4/"">4x4</a>. Vous voulez réussir une marche arrière comme un pro ? Découvrez notre sélection des meilleures caméras de recul sans fil."
38466;Les meilleurs polishes voiture;https://meilleurtest.fr/comparatif-polish-voiture/;Auto;Même si vous entretenez votre voiture convenablement, elle ne reste jamais à l’abri des rayures. Heureusement, il existe un moyen de faire ressortir la brillance de la peinture de la carrosserie de votre véhicule. Il s’agit du polish voiture. Pour faire briller votre voiture, choisissez le bon polish qui éliminera tous ses petits défauts !
38460;Les meilleurs nettoyants injecteurs;https://meilleurtest.fr/comparatif-nettoyant-injecteur/;Auto;La perte de puissance et la hausse de la consommation de carburant d’une voiture résultent souvent de l’accumulation de la calamine sur son système d’injection. Dans la plupart des cas, un nettoyant injecteur permet de résoudre ce problème. Mais lequel choisir ? Dans ce guide d’achat, découvrez les 4 meilleurs nettoyants injecteurs pour cette année.
38417;Les meilleures housses automobiles d'extérieur;https://meilleurtest.fr/comparatif-housse-automobile-dexterieur/;Auto;Vous n’avez pas d’endroit où abriter votre voiture ? Quand on sait que les caprices de la météo ne l’épargneront pas, il faut trouver une alternative qui tient la route. C’est là qu’entre en jeu la housse automobile d’extérieur, une protection indispensable contre le froid, le gel, la grêle, le soleil, la poussière et pour prolonger la durée de vie du véhicule. Gagnez du temps en recherche grâce à notre comparatif des meilleures housses automobiles d’extérieur !
38416;Les meilleurs éthylotests;https://meilleurtest.fr/comparatif-ethylotest/;Auto;"Bien que l’éthylotest ne soit plus obligatoire au moment de prendre le volant, ce dispositif reste une mesure de sécurité qui sauvera potentiellement des vies. En effet, la prise excessive d'alcool provoque <a href=""https://www.securite-routiere.gouv.fr/dangers-de-la-route/lalcool-et-la-conduite#:~:text=Chaque%20ann%C3%A9e%20en%20France%2C%20pr%C3%A8s,de%20l'alcool%C3%A9mie%20au%20volant."">30% des accidents mortels en France</a>. Donc, si vous n’avez pas encore d'éthylotest, le temps est venu d’en acheter un. En parcourant notre guide d’achat, vous trouverez nos conseils de choix ainsi qu'un comparatif des meilleurs éthylotests du moment."
38398;Les meilleurs pneus voiture;https://meilleurtest.fr/comparatif-pneu-voiture/;Auto;<strong>Adopter de bonnes habitudes de conduite et prendre soin de vos pneus et peuvent aider à prolonger leur durée de vie. Mais inévitablement, vous aurez un jour ou l’autre besoin de les changer. Raison pour laquelle nous avons élaboré ce guide d'achat des meilleurs pneus de voiture. Pneus neige, 4 saisons, hiver ou autres, vous trouverez ici les informations nécessaires pour faire un choix éclairé.</strong>
38391;Les meilleurs efface rayures voitures;https://meilleurtest.fr/comparatif-efface-rayure-voiture/;Auto;Une rayure, qu’elle soit microscopique ou profonde, ne laissera aucun automobiliste de marbre. Or, vous n’êtes pas sans savoir que restaurer une carrosserie coûte cher. L’on est donc tenté d’utiliser d’autres méthodes plus économiques, mais non moins efficaces, comme les efface rayures voitures. Ces produits masquent délicatement toute trace de rayure qu’il devient inutile d’appeler le carrossier.
38368;Les meilleurs chargeurs de batterie intelligents;https://meilleurtest.fr/comparatif-chargeur-de-batterie-intelligent/;Auto;La batterie de votre voiture est à plat, perd de sa performance et commence à montrer des signes de faiblesses ? Pas besoin de débourser des centaines d’euros pour vous en procurer une toute nouvelle, un chargeur de batterie intelligent sera votre meilleur allié. Affinez vos recherches et gagnez du temps en découvrant dans ce guide les meilleurs chargeurs de batterie intelligents actuellement disponibles sur le marché.
38298;Les meilleurs haut-parleurs voiture 16,5 cm;https://meilleurtest.fr/comparatif-haut-parleur-voiture-16-5-cm/;Auto;Équipé sa voiture d’un système audio permet de profiter d’une ambiance sonore motivante à la conduite. En général, les installations sonore d’origine sont moins satisfaisantes. Afin d’améliorer la performance audio de votre voiture rien ne vaut qu’une bonne paire de haut-parleurs 16,5 cm de qualité. Ainsi pour trouver les meilleurs modèles, suivez ce guide d'achat complet.
38274;Les meilleurs climatiseurs de camping-car;https://meilleurtest.fr/comparatif-climatiseur-de-camping-car/;Auto;L’été est arrivé et la chaleur est au rendez-vous. Vous songez peut-être partir en vacances avec votre famille, dans votre camping-car ? Vous devez tout d’abord vous procurer un bon climatiseur. Vous ne savez pas lequel choisir ? Ne paniquez pas, vous avez frappé à la bonne porte. Suivez notre guide, car nous allons vous présenter les meilleurs climatiseurs de camping-car pour vous aider dans votre choix.
38237;Les meilleures huiles moteur auto;https://meilleurtest.fr/comparatif-huile-moteur-auto/;Auto;Élément fondamental à l’entretien de votre véhicule, l’huile garantit le bon fonctionnement du moteur et surtout une durée de vie accrue à votre voiture. Mais le choix d’une huile moteur de qualité dépend de nombreux critères et ne doit pas être fait à la va-vite. Pour vous aider, nous vous proposons dans ce guide les huiles moteur les plus performantes du marché.
38214;Les meilleurs SUV;https://meilleurtest.fr/comparatif-suv/;Auto;Le SUV est plus que jamais à la mode. En France, 3 voitures sur 4 vendues sur le marché font partie de ce segment. On les aime pour leur élégance et leur sportivité. Le choix d’un SUV doit cependant se faire avec une grande attention. Compact, familial, urbain ou grand modèle ? Trouvez dans ce guide d’achat tous nos conseils pour bien choisir votre SUV.
38181;Les meilleurs buggies homologués route;https://meilleurtest.fr/comparatif-buggy-homologue-route/;Auto;Un buggy est une combinaison intéressante de polyvalence et de plaisir : il peut se faufiler quasiment partout, et il est parfait pour profiter d’une balade sur le littoral avec les cheveux dans le vent, ou même une longue balade sur les routes. Mais attention, tous les buggies ne se ressemblent pas et ils ne sont pas tous homologués route. Lisez notre guide pour vous aider à bien choisir votre buggy homologué route.
38160;Les meilleurs haut-parleurs voiture;https://meilleurtest.fr/comparatif-haut-parleur-voiture/;Auto;"La recherche d’une expérience audio immersive est devenue une nécessité pour les automobilistes, <a href=""https://meilleurtest.fr/comparatif-haut-parleur-voiture-16-5-cm/"">les haut-parleurs voiture</a> pouvant devenir incompatible avec l’autoradio embarqué avec le temps, voire souffrir de défaillances à cause de l'usure. Pourtant, choisir le bon haut-parleur voiture, celui qui conviendra à l’habitacle, est moins simple qu'il paraît. Afin de vous aider dans vos recherches, découvrez notre sélection des meilleurs haut-parleurs voiture pour cette année."
38124;Les meilleures berlines compactes;https://meilleurtest.fr/comparatif-berline-compacte/;Auto;Très à l’aise en milieu urbain comme à la campagne, la berline compacte mise principalement sur le confort du conducteur et l’habitabilité. Le petit gabarit peut accueillir en toute aisance 4 à 5 personnes et c’est aussi un excellent compromis entre une citadine et une familiale. Voici un tour d’horizon des berlines compactes les plus en vogue du moment.
38077;Les meilleurs ventilateurs voiture 12 V;https://meilleurtest.fr/comparatif-ventilateur-voiture-12-v/;Auto;Les ventilateurs 12 V sont d’excellents accessoires à ajouter en complément au système de climatisation déjà existant dans votre voiture lorsque celui-ci faillit pour diverses raisons. Très pratique durant un long voyage ou dans les embouteillages, un ventilateur pour voiture sera votre meilleur allié pour affronter la chaleur estivale avec sérénité. Mais que choisir ? Lisez ce guide.
38073;Les meilleurs ponts élévateurs mobiles;https://meilleurtest.fr/comparatif-pont-elevateur-mobile/;Auto;Le pont élévateur mobile, contrairement au pont élévateur fixe, peut servir un peu partout et présente un faible encombrement. Grâce à cet équipement, vous pouvez réparer votre voiture dans votre atelier ou votre garage sans avoir recours à des outils comme le cric ou les chandelles. Vous avez du mal à faire un choix parmi les nombreuses offres du marché ? Orientez-vous vers l’un des modèles présentés dans ce comparatif.
38066;Les meilleures petites voitures neuves pas chères;https://meilleurtest.fr/comparatif-petite-voiture-neuve-pas-chere/;Auto;Êtes-vous à la recherche d'une petite voiture neuve pas chère, c'est-à-dire moins de 25 000 € ? À ce prix, il existe un large choix de marques, de modèles, de versions, de finitions et d’options. À tel point que trouver le bon modèle devient un vrai casse-tête. Break, cross-over, SUV, citadine, etc., avancez au mieux dans vos recherches et gagnez du temps en consultant notre comparatif.
38049;Les meilleures ampoules H7 LED;https://meilleurtest.fr/comparatif-ampoule-h7-led/;Auto;Vous en avez assez de rouler dans l'obscurité avec une visibilité limitée ? Les ampoules H7 LED sont conçues pour offrir une lumière claire et puissante, améliorant considérablement la sécurité et le confort de conduite. Dites adieu aux phares jaunes et peu efficaces des ampoules traditionnelles. Grâce à leur longue durée de vie et leur luminosité supérieure, ces ampoules sont la solution parfaite pour une conduite nocturne plus sûre. Prêt à découvrir comment elles peuvent transformer vos trajets nocturnes ? Lisez notre guide.
38042;Les meilleurs gants de conduite;https://meilleurtest.fr/comparatif-gants-de-conduite/;Auto;Les gants de conduite ont de plus en plus la cote auprès des automobilistes. Depuis que le film <em>Drive</em> avec Ryan Gosling a fait un carton au box-office, cet accessoire de mode a été remis au goût du jour. Encore faut-il savoir où dénicher des gants qui permettront d’avoir le même chien que l'acteur ! Si vous en faites partie ou si vous cherchez simplement à protéger vos mains du froid pendant que vous conduisez, on vous invite à découvrir notre comparatif des meilleurs gants de conduite pour cette année.
37928;Les meilleurs chargeurs de batterie de voiture;https://meilleurtest.fr/comparatif-chargeur-de-batterie-voiture/;Auto;Ras-le-bol de payer le prix fort chez le garagiste pour vos problèmes de batterie ? Économisez sur votre budget en achetant un chargeur de batterie pour voitures. Intéressez-vous donc de plus près au modèle le plus apprécié des automobilistes du moment : le Noco Genius5. Polyvalent et doté d'une fonction anti-sulfatation efficace, il rechargera votre batterie en toutes circonstances. Lisez notre guide en savoir plus.
37920;Les meilleures chaînes à neige pour voiture;https://meilleurtest.fr/comparatif-chaine-a-neige-pour-voiture/;Auto;"Certes, on adore ce beau manteau blanc qui recouvre le paysage en hiver. Seulement, difficile de circuler en voiture surtout si la route devient glissante, d’où l’utilité de la chaîne à neige. Elle s’installe sur les deux roues motrices afin de leur offrir une meilleure adhérence ; d’autant qu’elle est plus pratique comparée aux <a href=""https://meilleurtest.fr/comparatif-pneu-neige/"">pneus hiver</a> ou aux pneus cloutés. Chaîne à neige métallique, en composite ou en textile ? Chaîne à tension manuelle ou automatique ? Afin de trouver la meilleure chaîne à neige pour voiture adaptée à vos besoins, n’hésitez pas à lire ce guide complet dans son intégralité."
37912;Les meilleurs kits mains libres pour voiture;https://meilleurtest.fr/comparatif-kits-main-libre-pour-voiture/;Auto;Téléphoner au volant est puni par la loi, sauf si vous avez un kit mains libres pour voiture. En effet, ce dispositif permet de conduire tout en passant ou recevant des appels. Il existe des modèles à brancher sur la prise allume-cigare ou totalement autonomes. Pour vous aider à trouver ce qu’il vous faut, découvrez notre guide des meilleurs kits mains libres pour voitures.
37782;Les meilleures voitures économiques;https://meilleurtest.fr/comparatif-voiture-economique/;Auto;Quand les temps sont durs, rouler en voiture économique devient une nécessité. Or, le prix d’achat n’est pas le seul paramètre à considérer pour ce type de véhicule. L’entretien, le carburant ou encore l’assurance représentent des arguments importants à l'achat. Voulez-vous connaître les meilleures voitures économiques en ce moment ? La réponse est dans notre guide d'achat.
37770;Les meilleures citadines;https://meilleurtest.fr/comparatif-citadine/;Auto;"La première citadine est apparue dans les années 70. Depuis, elle a su rester parmi les modèles de voiture les plus prisés, aux côtés des <a href=""https://meilleurtest.fr/comparatif-berline-compacte/"">berlines compactes</a> et des <a href=""https://meilleurtest.fr/comparatif-berline-familiale/"">familiales</a>. Les plus grandes marques ne cessent de réinventer ce véhicule afin de répondre aux besoins de chacun. Vous aimeriez vous mettre à la citadine ? Pas facile d’en choisir une avec les offres qui pullulent sur le marché, mais ce guide va vous aider à trouver le modèle de vos rêves."
37683;Les meilleurs antivols de voiture;https://meilleurtest.fr/comparatif-antivol-voiture/;Auto;Le nombre de voitures volées en France ne cesse de grimper en même temps que l'insécurité. La police a dénombré plus de 140 000 signalements de véhicules volés rien qu'en 2023. Pire, les voleurs font désormais preuve de violence et de vandalisme, si vous subissez un car-jacking. Pour les dissuader de s'en prendre à votre voiture, pensez à installer un antivol. Entre les alarmes, les cannes, les bloque-volant, les serrures et le démarreur à empreintes digitales, vous avez largement le choix. Découvrez notre sélection des meilleurs antivol voiture pour connaître les meilleurs modèles du moment.
37665;Les meilleurs avertisseurs de radar;https://meilleurtest.fr/comparatif-avertisseur-de-radar/;Auto;"Un avertisseur radar vous permet de contourner ou de ralentir à l’approche d’une zone donnée lorsque vous conduisez une<a href=""//meilleurtest.fr/comparatif-voiture/"" target=""_blank"" rel=""noopener""> voiture</a> ou une moto. Les appareils plus évolués offrent bien plus. En effet, ils peuvent vous orienter en cas de trafic ou vous signaler si vous dépassez la vitesse autorisée. Pour vous aider à choisir celui qui vous conviendra, suivez ce guide proposant les meilleurs avertisseurs de radar."
37631;Les meilleurs boosters de batterie;https://meilleurtest.fr/comparatif-booster-batterie/;Auto;Tous les automobilistes redoutent une batterie qui lâche au milieu de nulle part. Pour éviter cela, le booster de batterie est tout indiqué. Au même titre qu'une roue de secours, un compresseur d'air ou un kit de clés, il permet d'appréhender aisément les pannes sur la route. Mais lequel choisir ? Suivez notre guide des meilleurs boosters de batterie.
37630;Les meilleurs crossovers hybrides;https://meilleurtest.fr/comparatif-crossover-hybride/;Auto;Disponible sur les SUV urbains, la motorisation hybride combine une consommation réduite et un impact environnemental moindre. D'après nos recherches, le Renault Captur E-Tech est actuellement le meilleur crossover hybride. En effet, cette voiture embarque la technologie hybrid plug-in pour un prix contenu. Découvrez nos autres modèles phares à travers ce guide des meilleurs crossovers hybrides.
37629;Les meilleures berlines familiales;https://meilleurtest.fr/comparatif-berline-familiale/;Auto;"Choisir une voiture n’est pas une mince affaire, surtout quand on compte au minimum 4 personnes dans la famille. Et si vous optez pour une berline familiale ? Aussi spacieuse et confortable qu’un monospace ou un break, et tout aussi endurante qu’un <a href=""https://meilleurtest.fr/comparatif-suv/"">SUV</a>, elle assure une conduite sécurisante et reposante. Si vous cherchez la meilleure berline familiale du moment, fiez-vous à notre comparatif."
37573;Les meilleurs autoradios Android;https://meilleurtest.fr/comparatif-autoradio-android-auto-et-apple-carplay/;Auto;Quoi de plus agréable que de conduire en écoutant votre musique ou vos podcasts préférés ? À condition bien sûr d'avoir à disposition un autoradio performant et pratique. Les modèles adaptés aux smartphones Android et iOS constituent la dernière génération pour ce type d'appareils. Vous êtes à la recherche d'un autoradio Android Auto et Apple CarPlay ? Ce guide d'achat vous intéressera sûrement.
37568;Les meilleurs sites de location de camping-car;https://meilleurtest.fr/comparatif-site-location-camping-car/;Auto;Une envie de vacances ou de séjour loin de la civilisation ? Au lieu de louer du matériel pour camper à plusieurs, voyez les choses en grand et louez un camping-car ! Quelles sont les meilleures adresses pour louer ? Combien ça coûte ? Quelles démarches faut-il faire ? Quelles sont les conditions de location ? Autant de questions auxquelles nous allons répondre à travers ce guide.
37560;Les meilleurs rehausseurs auto;https://meilleurtest.fr/comparatif-rehausseur-auto-pour-enfant/;Auto;Le rehausseur auto est un type de siège auto sans dossier. Il s'agit d’un siège auto pour enfant composé d’un coussin qui surélève votre enfant du siège du véhicule pour offrir une meilleure position de la ceinture de sécurité. Il existe de nombreux rehausseurs auto différents sur le marché. Certes, le modèle parfait n’existe pas, mais celui qui répondra à vos attentes se trouve sûrement parmi notre sélection des meilleurs rehausseurs auto.
37543;Les meilleurs SUV compacts;https://meilleurtest.fr/comparatif-suv-compact/;Auto;"Sur le marché de l'automobile français, le SUV compact gagne du terrain d'année en année. Désormais, <a href=""https://www.quechoisir.org/comparatif-voiture-4x4-suv-n9/compacts-s683/"">1 SUV sur 5 vendu dans l'Hexagone est un SUV compact</a>. L'intérêt du public est si grand que les constructeurs proposent chaque année de nouveaux modèles. Nous vous fournissons quelques conseils pratiques pour faire le bon choix du meilleur SUV compact dans ce comparatif."
37508;Les meilleurs GPS poids lourds;https://meilleurtest.fr/comparatif-gps-poid-lourd/;Auto;Au lieu de faire un trajet à l’aveugle sur une route inhabituelle, vous pouvez maintenant équiper votre véhicule poids lourds d’un GPS adapté. Grâce à une vaste carte et des milliers de points d’intérêts déjà inclus dans le système, voyagez en toute sécurité sans vous perdre. Ce guide vous présente quelques modèles de GPS poids lourds parmi les meilleurs du marché.
37494;Les meilleures caméras de recul;https://meilleurtest.fr/comparatif-camera-de-recul/;Auto;Garer une voiture demande un minimum d’adresse et d’expérience en termes de conduite. Mais avec une caméra de recul à bord, vous n’aurez aucun mal à surveiller tout ce qui se passe derrière. Elle envoie les images sur un moniteur pour vous permettre d’effectuer les manœuvres plus facilement. Dans ce guide d’achat, nous vous présentons les meilleurs modèles du moment.
37491;Les meilleurs 4x4;https://meilleurtest.fr/comparatif-4x4/;Auto;Souvent mélangé à tort avec le SUV, le 4x4 est le véhicule tout terrain par excellence. Le fait est que le premier n’est pas toujours doté d’une transmission intégrale. De son côté, le 4x4 adopte de plus en plus le caractère des SUV et se conduit de mieux en mieux en ville. Choisir un 4x4 devient alors plus difficile, surtout si vous comptez vous en servir en milieu urbain tout en conservant son côté off road. Suivez le guide.
38160;Les meilleurs haut-parleurs voiture;https://meilleurtest.fr/comparatif-haut-parleur-voiture/;Auto;"La recherche d’une expérience audio immersive est devenue une nécessité pour les automobilistes, <a href=""https://meilleurtest.fr/comparatif-haut-parleur-voiture-16-5-cm/"">les haut-parleurs voiture</a> pouvant devenir incompatible avec l’autoradio embarqué avec le temps, voire souffrir de défaillances à cause de l'usure. Pourtant, choisir le bon haut-parleur voiture, celui qui conviendra à l’habitacle, est moins simple qu'il paraît. Afin de vous aider dans vos recherches, découvrez notre sélection des meilleurs haut-parleurs voiture pour cette année."
38124;Les meilleures berlines compactes;https://meilleurtest.fr/comparatif-berline-compacte/;Auto;Très à l’aise en milieu urbain comme à la campagne, la berline compacte mise principalement sur le confort du conducteur et l’habitabilité. Le petit gabarit peut accueillir en toute aisance 4 à 5 personnes et c’est aussi un excellent compromis entre une citadine et une familiale. Voici un tour d’horizon des berlines compactes les plus en vogue du moment.
38077;Les meilleurs ventilateurs voiture 12 V;https://meilleurtest.fr/comparatif-ventilateur-voiture-12-v/;Auto;Les ventilateurs 12 V sont d’excellents accessoires à ajouter en complément au système de climatisation déjà existant dans votre voiture lorsque celui-ci faillit pour diverses raisons. Très pratique durant un long voyage ou dans les embouteillages, un ventilateur pour voiture sera votre meilleur allié pour affronter la chaleur estivale avec sérénité. Mais que choisir ? Lisez ce guide.
38073;Les meilleurs ponts élévateurs mobiles;https://meilleurtest.fr/comparatif-pont-elevateur-mobile/;Auto;Le pont élévateur mobile, contrairement au pont élévateur fixe, peut servir un peu partout et présente un faible encombrement. Grâce à cet équipement, vous pouvez réparer votre voiture dans votre atelier ou votre garage sans avoir recours à des outils comme le cric ou les chandelles. Vous avez du mal à faire un choix parmi les nombreuses offres du marché ? Orientez-vous vers l’un des modèles présentés dans ce comparatif.
38066;Les meilleures petites voitures neuves pas chères;https://meilleurtest.fr/comparatif-petite-voiture-neuve-pas-chere/;Auto;Êtes-vous à la recherche d'une petite voiture neuve pas chère, c'est-à-dire moins de 25 000 € ? À ce prix, il existe un large choix de marques, de modèles, de versions, de finitions et d’options. À tel point que trouver le bon modèle devient un vrai casse-tête. Break, cross-over, SUV, citadine, etc., avancez au mieux dans vos recherches et gagnez du temps en consultant notre comparatif.
38049;Les meilleures ampoules H7 LED;https://meilleurtest.fr/comparatif-ampoule-h7-led/;Auto;Vous en avez assez de rouler dans l'obscurité avec une visibilité limitée ? Les ampoules H7 LED sont conçues pour offrir une lumière claire et puissante, améliorant considérablement la sécurité et le confort de conduite. Dites adieu aux phares jaunes et peu efficaces des ampoules traditionnelles. Grâce à leur longue durée de vie et leur luminosité supérieure, ces ampoules sont la solution parfaite pour une conduite nocturne plus sûre. Prêt à découvrir comment elles peuvent transformer vos trajets nocturnes ? Lisez notre guide.
38042;Les meilleurs gants de conduite;https://meilleurtest.fr/comparatif-gants-de-conduite/;Auto;Les gants de conduite ont de plus en plus la cote auprès des automobilistes. Depuis que le film <em>Drive</em> avec Ryan Gosling a fait un carton au box-office, cet accessoire de mode a été remis au goût du jour. Encore faut-il savoir où dénicher des gants qui permettront d’avoir le même chien que l'acteur ! Si vous en faites partie ou si vous cherchez simplement à protéger vos mains du froid pendant que vous conduisez, on vous invite à découvrir notre comparatif des meilleurs gants de conduite pour cette année.
37928;Les meilleurs chargeurs de batterie de voiture;https://meilleurtest.fr/comparatif-chargeur-de-batterie-voiture/;Auto;Ras-le-bol de payer le prix fort chez le garagiste pour vos problèmes de batterie ? Économisez sur votre budget en achetant un chargeur de batterie pour voitures. Intéressez-vous donc de plus près au modèle le plus apprécié des automobilistes du moment : le Noco Genius5. Polyvalent et doté d'une fonction anti-sulfatation efficace, il rechargera votre batterie en toutes circonstances. Lisez notre guide en savoir plus.
37920;Les meilleures chaînes à neige pour voiture;https://meilleurtest.fr/comparatif-chaine-a-neige-pour-voiture/;Auto;"Certes, on adore ce beau manteau blanc qui recouvre le paysage en hiver. Seulement, difficile de circuler en voiture surtout si la route devient glissante, d’où l’utilité de la chaîne à neige. Elle s’installe sur les deux roues motrices afin de leur offrir une meilleure adhérence ; d’autant qu’elle est plus pratique comparée aux <a href=""https://meilleurtest.fr/comparatif-pneu-neige/"">pneus hiver</a> ou aux pneus cloutés. Chaîne à neige métallique, en composite ou en textile ? Chaîne à tension manuelle ou automatique ? Afin de trouver la meilleure chaîne à neige pour voiture adaptée à vos besoins, n’hésitez pas à lire ce guide complet dans son intégralité."
37912;Les meilleurs kits mains libres pour voiture;https://meilleurtest.fr/comparatif-kits-main-libre-pour-voiture/;Auto;Téléphoner au volant est puni par la loi, sauf si vous avez un kit mains libres pour voiture. En effet, ce dispositif permet de conduire tout en passant ou recevant des appels. Il existe des modèles à brancher sur la prise allume-cigare ou totalement autonomes. Pour vous aider à trouver ce qu’il vous faut, découvrez notre guide des meilleurs kits mains libres pour voitures.
37782;Les meilleures voitures économiques;https://meilleurtest.fr/comparatif-voiture-economique/;Auto;Quand les temps sont durs, rouler en voiture économique devient une nécessité. Or, le prix d’achat n’est pas le seul paramètre à considérer pour ce type de véhicule. L’entretien, le carburant ou encore l’assurance représentent des arguments importants à l'achat. Voulez-vous connaître les meilleures voitures économiques en ce moment ? La réponse est dans notre guide d'achat.
37770;Les meilleures citadines;https://meilleurtest.fr/comparatif-citadine/;Auto;"La première citadine est apparue dans les années 70. Depuis, elle a su rester parmi les modèles de voiture les plus prisés, aux côtés des <a href=""https://meilleurtest.fr/comparatif-berline-compacte/"">berlines compactes</a> et des <a href=""https://meilleurtest.fr/comparatif-berline-familiale/"">familiales</a>. Les plus grandes marques ne cessent de réinventer ce véhicule afin de répondre aux besoins de chacun. Vous aimeriez vous mettre à la citadine ? Pas facile d’en choisir une avec les offres qui pullulent sur le marché, mais ce guide va vous aider à trouver le modèle de vos rêves."
37683;Les meilleurs antivols de voiture;https://meilleurtest.fr/comparatif-antivol-voiture/;Auto;Le nombre de voitures volées en France ne cesse de grimper en même temps que l'insécurité. La police a dénombré plus de 140 000 signalements de véhicules volés rien qu'en 2023. Pire, les voleurs font désormais preuve de violence et de vandalisme, si vous subissez un car-jacking. Pour les dissuader de s'en prendre à votre voiture, pensez à installer un antivol. Entre les alarmes, les cannes, les bloque-volant, les serrures et le démarreur à empreintes digitales, vous avez largement le choix. Découvrez notre sélection des meilleurs antivol voiture pour connaître les meilleurs modèles du moment.
37665;Les meilleurs avertisseurs de radar;https://meilleurtest.fr/comparatif-avertisseur-de-radar/;Auto;"Un avertisseur radar vous permet de contourner ou de ralentir à l’approche d’une zone donnée lorsque vous conduisez une<a href=""//meilleurtest.fr/comparatif-voiture/"" target=""_blank"" rel=""noopener""> voiture</a> ou une moto. Les appareils plus évolués offrent bien plus. En effet, ils peuvent vous orienter en cas de trafic ou vous signaler si vous dépassez la vitesse autorisée. Pour vous aider à choisir celui qui vous conviendra, suivez ce guide proposant les meilleurs avertisseurs de radar."
37631;Les meilleurs boosters de batterie;https://meilleurtest.fr/comparatif-booster-batterie/;Auto;Tous les automobilistes redoutent une batterie qui lâche au milieu de nulle part. Pour éviter cela, le booster de batterie est tout indiqué. Au même titre qu'une roue de secours, un compresseur d'air ou un kit de clés, il permet d'appréhender aisément les pannes sur la route. Mais lequel choisir ? Suivez notre guide des meilleurs boosters de batterie.
37630;Les meilleurs crossovers hybrides;https://meilleurtest.fr/comparatif-crossover-hybride/;Auto;Disponible sur les SUV urbains, la motorisation hybride combine une consommation réduite et un impact environnemental moindre. D'après nos recherches, le Renault Captur E-Tech est actuellement le meilleur crossover hybride. En effet, cette voiture embarque la technologie hybrid plug-in pour un prix contenu. Découvrez nos autres modèles phares à travers ce guide des meilleurs crossovers hybrides.
37629;Les meilleures berlines familiales;https://meilleurtest.fr/comparatif-berline-familiale/;Auto;"Choisir une voiture n’est pas une mince affaire, surtout quand on compte au minimum 4 personnes dans la famille. Et si vous optez pour une berline familiale ? Aussi spacieuse et confortable qu’un monospace ou un break, et tout aussi endurante qu’un <a href=""https://meilleurtest.fr/comparatif-suv/"">SUV</a>, elle assure une conduite sécurisante et reposante. Si vous cherchez la meilleure berline familiale du moment, fiez-vous à notre comparatif."
37573;Les meilleurs autoradios Android;https://meilleurtest.fr/comparatif-autoradio-android-auto-et-apple-carplay/;Auto;Quoi de plus agréable que de conduire en écoutant votre musique ou vos podcasts préférés ? À condition bien sûr d'avoir à disposition un autoradio performant et pratique. Les modèles adaptés aux smartphones Android et iOS constituent la dernière génération pour ce type d'appareils. Vous êtes à la recherche d'un autoradio Android Auto et Apple CarPlay ? Ce guide d'achat vous intéressera sûrement.
37568;Les meilleurs sites de location de camping-car;https://meilleurtest.fr/comparatif-site-location-camping-car/;Auto;Une envie de vacances ou de séjour loin de la civilisation ? Au lieu de louer du matériel pour camper à plusieurs, voyez les choses en grand et louez un camping-car ! Quelles sont les meilleures adresses pour louer ? Combien ça coûte ? Quelles démarches faut-il faire ? Quelles sont les conditions de location ? Autant de questions auxquelles nous allons répondre à travers ce guide.
37560;Les meilleurs rehausseurs auto;https://meilleurtest.fr/comparatif-rehausseur-auto-pour-enfant/;Auto;Le rehausseur auto est un type de siège auto sans dossier. Il s'agit d’un siège auto pour enfant composé d’un coussin qui surélève votre enfant du siège du véhicule pour offrir une meilleure position de la ceinture de sécurité. Il existe de nombreux rehausseurs auto différents sur le marché. Certes, le modèle parfait n’existe pas, mais celui qui répondra à vos attentes se trouve sûrement parmi notre sélection des meilleurs rehausseurs auto.
37543;Les meilleurs SUV compacts;https://meilleurtest.fr/comparatif-suv-compact/;Auto;"Sur le marché de l'automobile français, le SUV compact gagne du terrain d'année en année. Désormais, <a href=""https://www.quechoisir.org/comparatif-voiture-4x4-suv-n9/compacts-s683/"">1 SUV sur 5 vendu dans l'Hexagone est un SUV compact</a>. L'intérêt du public est si grand que les constructeurs proposent chaque année de nouveaux modèles. Nous vous fournissons quelques conseils pratiques pour faire le bon choix du meilleur SUV compact dans ce comparatif."
37508;Les meilleurs GPS poids lourds;https://meilleurtest.fr/comparatif-gps-poid-lourd/;Auto;Au lieu de faire un trajet à l’aveugle sur une route inhabituelle, vous pouvez maintenant équiper votre véhicule poids lourds d’un GPS adapté. Grâce à une vaste carte et des milliers de points d’intérêts déjà inclus dans le système, voyagez en toute sécurité sans vous perdre. Ce guide vous présente quelques modèles de GPS poids lourds parmi les meilleurs du marché.
37494;Les meilleures caméras de recul;https://meilleurtest.fr/comparatif-camera-de-recul/;Auto;Garer une voiture demande un minimum d’adresse et d’expérience en termes de conduite. Mais avec une caméra de recul à bord, vous n’aurez aucun mal à surveiller tout ce qui se passe derrière. Elle envoie les images sur un moniteur pour vous permettre d’effectuer les manœuvres plus facilement. Dans ce guide d’achat, nous vous présentons les meilleurs modèles du moment.
37491;Les meilleurs 4x4;https://meilleurtest.fr/comparatif-4x4/;Auto;Souvent mélangé à tort avec le SUV, le 4x4 est le véhicule tout terrain par excellence. Le fait est que le premier n’est pas toujours doté d’une transmission intégrale. De son côté, le 4x4 adopte de plus en plus le caractère des SUV et se conduit de mieux en mieux en ville. Choisir un 4x4 devient alors plus difficile, surtout si vous comptez vous en servir en milieu urbain tout en conservant son côté off road. Suivez le guide.
