"ID";"post_title";"_post_permalink";"category";"mltv5_introduction";"mltv5_new_intro"
"42704";"Les meilleurs shampoings anti-pelliculaires pour homme";"https://meilleurtest.fr/comparatif-shampoing-anti-pelliculaire-pour-homme/";"Beauté des cheveux";"Elles tapissent le cuir chevelu ou tombent carrément sur les vêtements ; les pellicules, en plus de causer des démangeaisons, sont gênantes et disgracieuses. Chez la gent masculine, notamment ceux qui ont les cheveux courts, elles ne passent jamais inaperçues. Si la consultation chez le médecin pour en déterminer la cause est nécessaire, on peut en attendant utiliser <a href=""https://meilleurtest.fr/comparatif-shampoing-anti-pelliculaires/"">des soins anti-pelliculaires</a>, à l’instar du shampoing. Purifiant, exfoliant et apaisant, ce dernier aide le microbiome capillaire à retrouver son équilibre. Quels sont les meilleurs shampoings anti-pelliculaires pour homme ? Trouvez ce qu’il vous faut à travers notre sélection."
"42682";"Les meilleurs shampoings pour psoriasis";"https://meilleurtest.fr/comparatif-shampoing-pour-psoriasis/";"Beauté des cheveux";"Le shampoing pour psoriasis ne se contente pas de laver les cheveux. Il soigne les cuirs chevelus à états squameux ou à tendance psoriasique, respectant l’équilibre cutané et la nature des cheveux. Pour nettoyer sans agresser, il fait appel à des ingrédients comme l’acide salicylique, le goudron de houille, le zinc et d’autres extraits naturels. Comme traitement ponctuel ou intensif du psoriasis capillaire, sa fréquence d'utilisation dépend de la gravité du mal. Si vous cherchez ce genre de produit, découvrez notre sélection des meilleurs shampoings pour psoriasis et faites un choix éclairé."
"42671";"Les meilleurs shampoings enfant";"https://meilleurtest.fr/comparatif-shampoing-enfant/";"Beauté des cheveux";"Les cheveux ont besoin de soins adaptés, qui respectent leur délicatesse et leur sensibilité. Le shampoing enfant a une composition douce et sans ingrédients agressifs, ayant pour but de nettoyer et préserver l’hydratation naturelle du cuir chevelu. Grâce à sa formule hypoallergénique et souvent enrichie en extraits naturels, ce produit réduit les risques d’irritation, facilitant le lavage des cheveux. Sa texture légère et sa mousse onctueuse facilitent le rinçage, pour des cheveux souples, brillants, faciles à coiffer et agréablement parfumés. Découvrez notre sélection des meilleurs shampoings enfant pour cette année."
"42659";"Les meilleures huiles à cheveux sans rinçage";"https://meilleurtest.fr/comparatif-huile-a-cheveux-sans-rincage/";"Beauté des cheveux";"Vous avez beau hydrater, lisser ou protéger vos longueurs, rien ne tient vraiment dans le temps. Les frisottis reviennent, les pointes s’assèchent, les cheveux paraissent ternes malgré tous les soins. L’huile à cheveux sans rinçage apporte une réponse simple et ciblée, elle nourrit en continu, discipline et protège sans graisser ni alourdir. Certaines formules transforment la fibre dès la première application. Suivez notre sélection pour trouver celles qui changent vraiment la donne."
"42646";"Les meilleures colorations bio pour cheveux blancs";"https://meilleurtest.fr/comparatif-coloration-bio-pour-cheveux-blancs/";"Beauté des cheveux";"Pour colorer les cheveux, il y a les teintes chimiques traditionnelles, <a href=""https://meilleurtest.fr/comparatif-coloration-cheveux-sans-ammoniaque/"">contenant souvent de l'ammoniaque</a>. Il existe également des teintes végétales qui respectent le cuir chevelu et la planète. La coloration bio pour cheveux blancs fait appel des plantes tinctoriales comme le henné ou la camomille. L’avantage avec cette formule réside dans sa composition sans risque, à privilégier si vous avez des cheveux fragiles. Ou loue aussi sa capacité à masquer les cheveux blancs ainsi que la brillance et la force qu'elle confère aux fibres capillaires. Trouvez la coloration bio pour cheveux blancs idéale en parcourant notre sélection des meilleurs produits pour cette année."
"42599";"Les meilleures brosses pour cheveux bouclés";"https://meilleurtest.fr/comparatif-brosse-pour-cheveux-boucles/";"Beauté des cheveux";"Pour des boucles bien définies, rien ne vaut la brosse pour cheveux bouclés. Grâce à sa conception particulière, cet accessoire démêle en douceur, n'endommage pas les cheveux, et favorise la production des huiles naturelles du cuir chevelu pour un éclat au top. Votre choix sera déterminant afin de préserver la santé capillaire et éviter les frustrations lors du coiffage. Avec des poils en nylon, des poils de sanglier, pour le voyage, pour toute la famille... Pas facile de s'y retrouver face aux milliers d'offres sur Internet. Pas de panique, voici notre sélection des meilleures brosses pour cheveux bouclés pour cette année."
"42520";"Les meilleures cires à cheveux pour homme";"https://meilleurtest.fr/comparatif-cire-a-cheveux-pour-homme/";"Beauté des cheveux";"Vos cheveux vous font souffrir de problèmes de tenue, de volume, de contrôle et de finition ? Ne paniquez pas, la cire à cheveux pour homme vient à la rescousse pour dompter, styliser, volumiser et faire briller votre chevelure. Effet mat, brillant ou naturel, fixation béton ou plutôt souple… Pour dire stop au bad hair day et enfin adopter une coiffure au poil qui vous fait du bien, découvrez notre comparatif des <a href=""https://meilleurtest.fr/comparatif-cire-a-cheveux/"">meilleures cires à cheveux</a> pour homme."
"42441";"Les meilleurs produits anti-chute cheveux pour femme";"https://meilleurtest.fr/comparatif-produit-anti-chute-cheveux-pour-femme/";"Beauté des cheveux";"La chute de cheveux chez la femme n’a rien d’exceptionnel. En effet, le stress, les dérèglements hormonaux ou le changement de saison peuvent fragiliser la fibre capillaire, surtout au moment où on s'y attend le moins. Pour y faire face, un bon produit anti-chute cheveux pour femme peut faire toute la différence. Sous forme de shampoing, de compléments alimentaires ou de sérum, ce soin ciblé renforce les racines, stimule la repousse et redonne de la densité aux chevelures affaiblies. Encore faut-il choisir le produit qui correspond à la nature de votre chute et à votre routine capillaire. Découvrez notre sélection pour ne pas perdre de temps dans vos recherches !"
"42425";"Les meilleurs soins cheveux professionnels";"https://meilleurtest.fr/comparatif-soin-cheveux-professionnel/";"Beauté des cheveux";"Les soins capillaires professionnels sont réputés pour rétablir rapidement la santé et la vitalité des cheveux endommagés. Prisés pour leur efficacité, ces soins sont élaborés à partir d'ingrédients naturels et proposés dans des emballages respectueux de l'environnement. Dans notre quête des meilleurs produits, nous avons exploré des formulations innovantes qui réparent, nourrissent et protègent la chevelure en profondeur. Si vous recherchez les meilleurs <a href=""https://meilleurtest.fr/comparatif-soin-cheveux-secs/"">soins cheveux professionnels</a>, ce comparatif vous aidera à trouver les produits parfaitement adaptés à vos besoins."
"42382";"Les meilleurs masques pour cheveux";"https://meilleurtest.fr/comparatif-masque-pour-cheveux/";"Beauté des cheveux";"Cheveux secs, ternes, cassants ou ternis par les colorations ? Le bon masque capillaire peut faire toute la différence. En quelques minutes seulement, il répare, nourrit et protège la fibre en profondeur. Mais attention : tous les masques pour cheveux ne se valent pas ! Entre les formules saturées en silicones et les soins qui donnent réellement des résultats, prenez le temps de bien choisir. Quels sont les meilleurs masques pour cheveux du moment pour retrouver une chevelure éclatante et en bonne santé ? Découvrez la réponse en lisant ce comparatif."
"42194";"Les meilleurs shampoings sans sulfate, sans silicone et sans paraben";"https://meilleurtest.fr/comparatif-shampoing-sans-sulfate-sans-silicone-et-sans-paraben/";"Beauté des cheveux";"Bienvenue dans l'ère du « low poo » ! Cette approche révolutionnaire redéfinit les normes de la beauté capillaire via l'utilisation de shampoings doux, sans sulfate, sans silicone et sans paraben. Au-delà d'une simple tendance, le low poo incarne une véritable révolution dans le soin des cheveux, privilégiant une approche plus respectueuse, naturelle et bénéfique pour votre crinière. Mais sachant que cela ne garantit pas un shampoing totalement exempt d'actifs irritants, trouver le bon produit peut rapidement devenir un casse-tête. Laissez-vous aider par notre guide des meilleurs shampoings sans sulfate, sans silicone et sans paraben."
"42190";"Les meilleures brosses à brushing professionnelles";"https://meilleurtest.fr/comparatif-brosse-a-brushing-professionnelle/";"Beauté des cheveux";"Pour avoir une chevelure digne des salons, rien ne vaut l'efficacité d'une brosse à brushing professionnelle. Adaptées à tous les types de cheveux, qu'ils soient fins, épais, courts ou longs, ces <a href=""https://meilleurtest.fr/comparatif-brosse-seche-cheveux/"">brosses</a> combinent des matériaux comme le nylon ou le sanglier, et des technologies telles que la céramique, pour un coiffage réussi. Lisez notre guide des meilleures brosses à brushing professionnelles pour en savoir plus."
"42168";"Les meilleurs shampoings pour dermite séborrhéique";"https://meilleurtest.fr/comparatif-shampoing-pour-dermite-seborrheique/";"Beauté des cheveux";"La dermite séborrhéique est une affection cutanée à l’origine de démangeaisons, de rougeurs et de pellicules. Cette maladie chronique ou récidivante de la peau et du cuir chevelu touche 3% des Français. Parfois attribuée à des champignons microscopiques, sa cause est difficile à identifier avec précision : stress, dysfonction immunitaire, excès de sébum, etc., il s’agit souvent d’une combinaison de facteurs. Si vous en souffrez, vous pouvez utiliser un shampoing pour dermite séborrhéique afin de soulager les symptômes et soigner votre cuir chevelu. Lisez notre guide pour en savoir plus."
"42161";"Les meilleures colorations blond cendre";"https://meilleurtest.fr/comparatif-coloration-blond-cendre/";"Beauté des cheveux";"Elle connaît un succès fou auprès des habituées des tapis rouges : la coloration blond cendre ou blond cendré change de la chaleur caractéristique des chevelures aux reflets d’or en y apportant une nuance froide au ton mi-gris mi-blanc. Particulièrement flatteuse pour celles qui ont une carnation claire, cette teinte saura également sublimer les cheveux matures marqués par la présence de fils gris et blancs. Découvrez les différentes nuances <a href=""https://meilleurtest.fr/comparatif-coloration-blonde/"">du blond</a> cendré à travers notre guide d'achat."
"42143";"Les meilleures patines blond polaire";"https://meilleurtest.fr/comparatif-patine-blond-polaire/";"Beauté des cheveux";"À mi-chemin entre le blanc et le gris, avec des nuances perlées ou irisées, la teinte blond polaire est une coloration tendance en hiver. Mais pour l’arborer fièrement, encore faut-il suivre un <a href=""https://meilleurtest.fr/comparatif-patine-pour-cheveux-blonds/"">rituel capillaire</a> spécifique. La patine blond polaire est la solution par excellence pour éviter l’effet jaunissant tout en préservant une couleur éclatante avec des reflets froids. À ce propos, découvrez notre guide d'achat sur les meilleures patines blond polaire pour cette année et nos conseils pour bien choisir."
"42124";"Les meilleures huiles réparatrices pour cheveux";"https://meilleurtest.fr/comparatif-huile-reparatrice-pour-cheveux/";"Beauté des cheveux";"La beauté passe aussi par celle des cheveux. Si les vôtres sont cassants, tombants, ternes ou dévitalisés, ils ont sans doute besoin d’un <a href=""https://meilleurtest.fr/comparatif-soin-cheveux-tres-abimes/"" target=""_blank"" rel=""noopener"">soin capillaire</a> efficace. Parmi les produits indiqués pour prendre soin d'une crinière à problèmes figurent les huiles réparatrices pour cheveux. Avec leurs vertus régénératrices, nutritives, nettoyantes ou hydratantes, ces <a href=""https://meilleurtest.fr/comparatif-huile-pour-cheveu/"" target=""_blank"" rel=""noopener"">huiles capillaires</a> aident à restaurer et à embellir la chevelure. Bien évidemment, pour obtenir des résultats à la hauteur de vos attentes, il faudra bien choisir votre huile réparatrice pour cheveux. Lisez notre guide pour en savoir plus."
"42118";"Les meilleurs boucleurs wavy";"https://meilleurtest.fr/comparatif-boucleur-wavy/";"Beauté des cheveux";"Adapté à presque toutes les longueurs, le style wavy est une tendance qui sublime la coiffure féminine par ses boucles élégantes. On porte cette coiffure aussi bien pour aller au travail qu’à un évènement spécial. Au-delà du classique <a href=""https://meilleurtest.fr/comparatif-fer-a-boucler/"">fer à boucler</a>, le boucleur wavy met réellement en valeur les ondulations des cheveux. Si cet accessoire manque à votre collection d'appareils de coiffure, il est temps d'en acheter un. Justement, ce guide vous aidera à faire le bon choix."
"42094";"Les meilleures tondeuses à cheveux 0 mm professionnelles";"https://meilleurtest.fr/comparatif-tondeuse-a-cheveux-0-mm-professionnelle/";"Beauté des cheveux";"La <a href=""https://meilleurtest.fr/comparatif-tondeuse-a-cheveux-0-mm/"">tondeuse à cheveux 0 mm</a> professionnelle offre des finitions parfaites, au plus près de la peau. Conçue pour des coupes extrêmement courtes, elle répond aux besoins les plus pointus, notamment l'indispensable précision pour des dégradés nets, des contours impeccables et des styles audacieux. Ce type de tondeuse cheveux se distingue par sa technologie de pointe, son ergonomie pensée pour un confort d'utilisation prolongé et une efficacité accrue comparée. Lisez ce guide pour en savoir plus.";"Conçues pour un usage intensif en salon, les tondeuses 0 mm professionnelles allient lame de précision et moteur endurant. Elles offrent une coupe rase nette pendant des heures sans perte de performance. Ce guide facilitera votre choix parmi les modèles professionnels, face aux <a href=""https://meilleurtest.fr/comparatif-tondeuse-a-cheveux-0-mm/"">tondeuses 0 mm grand public</a>, aux <a href=""https://meilleurtest.fr/comparatif-tondeuse-a-cheveux-professionnelle/"">tondeuses professionnelles</a> et aux <a href=""https://meilleurtest.fr/comparatif-tondeuse-a-cheveux/"">tondeuses classiques</a>."
"41407";"Les meilleurs coupe-fourches";"https://meilleurtest.fr/comparatif-coupe-fourches/";"Beauté des cheveux";"Outil de coiffure incontournable, le coupe-fourches dispose d'une technologie spéciale qui permet de couper efficacement les pointes des cheveux. Utilisant un mécanisme centrifuge, il élimine les fourches sans altérer la tige capillaire et rend les cheveux plus soyeux. Aussi efficace qu’un <a href=""https://meilleurtest.fr/comparatif-ciseaux-de-coiffure-professionnels/"">ciseau de coiffure professionnel</a>, cet outil peut être utilisé par les professionnels et les particuliers. Cet outil de soin capillaire vous intéresse ? Lisez ce guide d'achat."
"41390";"Les meilleures tondeuses Remington";"https://meilleurtest.fr/comparatif-tondeuse-remington/";"Beauté des cheveux";"Les poils peuvent un véritable symbole de virilité pour la gent masculine, mais ils peuvent aussi être un vrai cauchemar, surtout pour ceux qui ont une pilosité excessive. Pour vous débarrasser de cette barbe qui vous gêne, rien ne vaut une bonne tondeuse. Bien que le <a href=""https://meilleurtest.fr/comparatif-rasoir-pour-homme/"">rasoir</a> puisse offrir de très bons résultats, la tondeuse, elle, promet un meilleur confort d’utilisation et plus de performance. Vous cherchez justement un modèle efficace et à prix raisonnable ? Fiez-vous à notre sélection des meilleures tondeuses Remington."
"41371";"Les meilleures brosses démêlantes";"https://meilleurtest.fr/comparatif-brosse-demelante/";"Beauté des cheveux";"Avec la brosse démêlante, dites adieu aux cheveux en bataille au réveil. En effet, sa souplesse et la disposition de ses <a href=""https://meilleurtest.fr/comparatif-brosse-a-cheveux/"">picots</a> permettent de facilement remettre de l’ordre dans votre crinière. Par ailleurs, vous trouverez une grande variété de brosses démêlantes sur le marché, ce qui complique le choix. Ce guide vous fera gagner du temps en vous proposant les meilleures brosses démêlantes du moment."
"41351";"Les meilleurs sérums pour cheveux secs";"https://meilleurtest.fr/comparatif-serum-pour-cheveux-secs/";"Beauté des cheveux";"Personne n’apprécie d’avoir les cheveux secs, ils vous donnent l’air vieux et fatigués. Vous serez toujours tenté d’essayer un nouveau produit de soin capillaire pour résoudre le problème. La meilleure solution reste d’investir dans un <a href=""https://meilleurtest.fr/comparatif-serum-pour-cheveux/"">sérum capillaire</a>, en particulier un sérum pour cheveux secs, car ils sont formulés avec des ingrédients actifs qui contrôlent les frisottis et protègent les cheveux contre les agressions environnementales. Pour ne pas vous tromper, voici une sélection des meilleurs sérums pour cheveux secs disponibles actuellement sur le marché."
"41303";"Les meilleurs gels cheveux pour femme";"https://meilleurtest.fr/comparatif-gel-cheveux-pour-femme/";"Beauté des cheveux";"Le gel cheveux pour femme présente de nombreux avantages. Tout comme la cire et la <a href=""https://meilleurtest.fr/comparatif-laque-a-cheveux/"">laque</a> pour cheveux, ce produit vous aide à dompter les mèches rebelles et les frisotis tout en bénéficiant d’une coiffure originale et moderne. Pensez toutefois à choisir un produit de qualité afin de préserver la santé des fibres capillaires. Comment faire le bon choix ? Fiez-vous à notre guide d’achat et à notre sélection des meilleurs gels cheveux pour femme."
"41275";"Les meilleurs boucleurs GHD";"https://meilleurtest.fr/comparatif-boucleur-ghd/";"Beauté des cheveux";"Envie de donner plus de volume à votre crinière, de créer un style plutôt <a href=""https://meilleurtest.fr/comparatif-lisseur-wavy/"" target=""_blank"" rel=""noopener"">wavy</a> ou d’adopter une coiffure simple, mais glamour ? Utilisez un <a href=""https://meilleurtest.fr/comparatif-lisseur-boucleur/"" target=""_blank"" rel=""noopener"">boucleur</a> de GHD, la marque considérée comme l’Apple des appareils de coiffure. Mais encore faut-il savoir quel modèle répondra au mieux à vos exigences. Pour le découvrir, faisons un tour d’horizon des meilleurs boucleurs GHD du moment."
"41209";"Les meilleurs soins à la kératine";"https://meilleurtest.fr/comparatif-soin-a-la-keratine/";"Beauté des cheveux";"Actif fondamental du <a href=""https://meilleurtest.fr/kit-lissage-bresilien-keraty-professional-3-1/?wordpress_logged_in=true"">lissage brésilien</a>, la kératine est employée afin de permettre aux cheveux d’avoir un aspect beaucoup plus lisse, brillant et discipliné. On la retrouve également dans plusieurs traitements capillaires dérivés qui sont utilisés en salon de coiffure ou même à la maison pour prendre soin des cheveux. Si vous souhaitez dompter vos cheveux bouclés, frisés ou crépus, vous pouvez adopter une méthode de soin à la kératine ! On vous en dit plus dans cet article."
"41203";"Les meilleurs shampoings pour cheveux afro";"https://meilleurtest.fr/comparatif-shampoing-pour-cheveux-afro/";"Beauté des cheveux";"La chevelure afro exige une attention particulière, car elle a tendance à sécher, ce qui la rend compliquée à démêler. Et parce qu’ils poussent en spirale, les cheveux afro ont du mal à conserver leur hydratation de par leur forme. Avec un bon <a href=""https://meilleurtest.fr/comparatif-shampoing-pour-cheveux-cassants/?wordpress_logged_in=true"">shampoing</a> pour cheveux afro, fini l’aspect sec et bouffant qui ne les met pas en valeur ! Cet article s'adresse tout particulièrement aux personnes concernées pour vous aider à trouver le soin capillaire idéal pour une chevelure afro."
"41191";"Les meilleurs shampoings pour cheveux cassants";"https://meilleurtest.fr/comparatif-shampoing-pour-cheveux-cassants/";"Beauté des cheveux";"Faisant partie intégrante des <a href=""//meilleurtest.fr/comparatif-soin-cheveux-tres-abimes/"">soins cheveux très abîmés</a>, le shampoing pour cheveux cassants au même titre que le <a href=""//meilleurtest.fr/comparatif-shampoing-anti-chute/"">shampoing anti-chute</a>, permet de redonner tout leur éclat aux cheveux fragilisés par les agressions extérieures, les traitements chimiques et les appareils chauffants. <a href=""//meilleurtest.fr/comparatif-shampoing-sans-sulfate/"">Sans sulfate</a>, sans silicone, sans parabènes, <a href=""//meilleurtest.fr/comparatif-shampoing-hydratant/"">hydratants</a>, <a href=""//meilleurtest.fr/comparatif-shampoing-bio/"">bio</a>, <a href=""//meilleurtest.fr/comparatif-shampoings-a-keratine/"">à la kératine</a>, à l’huile d’argan, à l’huile de ricin, etc., que choisir ? Après maintes recherches, voici donc sélectionnés pour vous, les meilleurs <a class=""wpil_keyword_link"" title=""shampoings"" href=""https://meilleurtest.fr/comparatif-shampoing/"" data-wpil-keyword-link=""linked"">shampoings</a> pour cheveux cassants du moment."
"41168";"Les meilleurs lissages japonais";"https://meilleurtest.fr/comparatif-lissage-japonais/";"Beauté des cheveux";"Le lissage japonais ou « Yuko System », du nom de son inventrice « Yuko Yamaschita » est une technique de lissage permanent. Cette méthode passe d'abord par plusieurs étapes avant d'utiliser un <a href=""https://meilleurtest.fr/comparatif-lisseur-sans-fil"">lisseur</a>, mais pas comme au quotidien. Si vous voulez raidir vos cheveux crépus, bouclés ou frisés, essayez ce lissage : vos cheveux seront lisses, non abîmés, pendant six mois. Suivez dans cet article tout ce qu’il faut savoir sur cette technique qui vient du Pays du soleil levant."
"40550";"Les meilleurs sèche-cheveux Babyliss";"https://meilleurtest.fr/comparatif-seche-cheveux-babyliss/";"Beauté des cheveux";"Pionnier des accessoires de beauté et de mise en forme des cheveux, BaByliss séduit par l’attention particulière qu’elle apporte à sa gamme de sèche-cheveux. Performants, fiables et surtout faciles à utiliser, les sèche-cheveux BaByliss permettent de sécher et de texturer les cheveux tout en les gardant en bonne santé. Les produits proposés par cette marque vous intéressent ? Ce guide d’achat est consacré aux 4 meilleurs sèche-cheveux Babyliss du moment."
"40525";"Les meilleures tondeuses Kemei";"https://meilleurtest.fr/comparatif-tondeuse-kemei/";"Beauté des cheveux";"Vous recherchez une tondeuse à cheveux performante à bon prix ? Les modèles proposés par la marque Kemei méritent votre attention. Elles font partie des matériels de coiffure réputés pour leur qualité et leur coût abordable. Les tondeuses Kemei proposent différentes fonctionnalités adaptées aux usages domestiques ou professionnels comme un écran LCD ou différents sabots. Si les tondeuses de cette marque vous intéressent, ce guide peut vous aider."
"40486";"Les meilleurs steampod";"https://meilleurtest.fr/comparatif-steampod/";"Beauté des cheveux";"Le steampod est un appareil à lisser nouvelle génération élaboré par l'Oréal et Rowenta salon. De par sa technologie novatrice, il offre un lissage parfait et doux pour un rendu exceptionnel et professionnel. L’hydratation naturelle des cheveux est conservée contrairement avec les <a class=""wpil_keyword_link"" title=""lisseurs"" href=""https://meilleurtest.fr/comparatif-lisseur-a-cheveux/"" data-wpil-keyword-link=""linked"">lisseurs</a> classiques, et les dommages capillaires causés par la chaleur réduits. En quête d'un steampod de qualité ? Lisez ce guide."
"40485";"Les meilleurs lisseurs Remington";"https://meilleurtest.fr/comparatif-lisseur-remington/";"Beauté des cheveux";"Comment obtenir une coiffure sublime sans pour autant abîmer ses cheveux ? En utilisant un <a href=""https://meilleurtest.fr/comparatif-lisseur/"">lisseur</a>, bien sûr. Mais pas n’importe lequel. Si vous voulez dompter votre chevelure rebelle tout en ayant des mèches raides, brillantes et soyeuses, nous vous recommandons vivement les lisseurs Remington. Encore faut-il savoir quel modèle convient mieux au type et à la longueur de vos cheveux. Pour vous faire une idée, parcourez notre sélection des meilleurs lisseurs Remington du moment."
"40469";"Les meilleurs lisseurs Babyliss";"https://meilleurtest.fr/comparatif-lisseur-babyliss/";"Beauté des cheveux";"Par un matin où tout doit être parfait, vous vous préparez devant le miroir avec votre <a href=""https://meilleurtest.fr/comparatif-lisseur-a-cheveux/"">lisseur</a> habituel… Mais les mèches rebelles refusent de coopérer ; la brillance espérée n'est pas au rendez-vous, et le temps presse ! Le lisseur BaByliss s’impose alors comme un choix évident. Équipés de plaques en céramique (parfois renforcées de titane), de sélecteurs de température et d’écran digital précis, sans oublier d’une technologie ionique pour éliminer les frisottis, ils ont conquis un large public. Découvrez dans notre comparatif les modèles qui feront de votre coiffure un jeu d’enfant !"
"40461";"Les meilleurs sèche-cheveux GHD";"https://meilleurtest.fr/comparatif-seche-cheveux-ghd/";"Beauté des cheveux";"Pour sécher, lisser et boucler vos cheveux comme si vous veniez de sortir tout droit d’un salon de coiffure, confiez-les à « Good Hair Day ». Une marque qui propose des sèche-cheveux à la fois design et performants qui méritent toute votre attention. De qualité professionnelle, ces appareils exploitent des technologies bien pensées respectueuses du cuir chevelu pour une finition parfaite. Lisez ce guide pour savoir ce que vaut cette fameuse marque."
"40457";"Les meilleurs lisseurs GHD";"https://meilleurtest.fr/comparatif-lisseur-ghd/";"Beauté des cheveux";"La marque anglaise GHD doit sa renommée mondiale à la qualité de ses appareils chauffants, en particulier ses <a href=""https://meilleurtest.fr/comparatif-lisseur-a-cheveux/"" target=""_blank"" rel=""noopener"">lisseurs à cheveux</a>. Chacun de ses lisseurs utilise des technologies de pointe pour sublimer la chevelure tout en préservant leur état. Chez GHD, vous touverez des lisseurs filaires, des liseurs sans fil et des lisseurs de voyage : il y en a pour tous les besoins. Pour connaître les meilleurs lisseurs GHD du moment, découvrez notre sélection et nos conseils pour faire le bon choix."
"40368";"Les meilleurs lisseurs sans fil";"https://meilleurtest.fr/comparatif-lisseur-sans-fil/";"Beauté des cheveux";"<a href=""https://meilleurtest.fr/comparatif-lisseur-a-cheveux/"">Le fer à lisser</a> est un accessoire indispensable qu’on retrouve habituellement dans la salle de bain. Aujourd’hui, il existe aussi en version sans fil. Plus pratique, il permet une retouche de votre coiffure à tout moment et n’importe où. Fonctionnant par piles ou sur batterie rechargeable, il offre une bonne autonomie. Retrouvez ainsi dans ce guide toutes les informations essentielles qui vous permettront de choisir le meilleur lisseur sans fil."
"40335";"Les meilleurs lissages au tanin";"https://meilleurtest.fr/comparatif-lissage-au-tanin/";"Beauté des cheveux";"Il existe une multitude de techniques de lissage et le taninoplastie ou lissage au tanin y tient une place notable. C’est un procédé sain, respectueux de la fragilité des cheveux. En plus, il convient à tous les types de chevelures. Au vu de tous ses avantages, c’est tout à fait normal d’être tenté. Découvrez dans ce guide d’achat complet les meilleurs <a href=""https://meilleurtest.fr/comparatif-produit-lissant/"">produits lissants</a> à base de tanin sur le marché."
"40250";"Les meilleurs shampoings hydratants";"https://meilleurtest.fr/comparatif-shampoing-hydratant/";"Beauté des cheveux";"Quotidiennement exposée aux agressions externes, la fibre capillaire nécessite un soin spécifique pour maintenir sa vitalité, sa douceur et sa brillance. Pour <a href=""https://meilleurtest.fr/comparatif-soin-cheveux-secs/"">prendre soin des cheveux secs</a>, l’usage d'un shampoing hydratant est conseillé. Ce produit se décline sous de nombreux modèles, et trouver le shampoing hydratant adapté à ses besoins n’est pas une mince affaire. Pour éviter de vous tromper, lisez nos conseils et trouvez notre sélection de meilleurs <a class=""wpil_keyword_link"" title=""shampoings"" href=""https://meilleurtest.fr/comparatif-shampoing/"" data-wpil-keyword-link=""linked"">shampoings</a> hydratants dans ce guide comparatif."
"40237";"Les meilleurs gels cheveux pour homme";"https://meilleurtest.fr/comparatif-gel-cheveux-pour-homme/";"Beauté des cheveux";"Vous êtes à la recherche d’un <a href=""https://meilleurtest.fr/comparatif-shampoing-pour-homme/?preview_id=364185"">produit pour cheveux</a> facile à utiliser pour discipliner plus facilement vos cheveux, pour leur donner du style, etc. ? Pourquoi ne pas essayer les gels cheveux pour homme ? Le gel cheveux est depuis longtemps un produit coiffant de base pour les hommes, il a aidé les plus grandes stars à soigner leur look. Pour trouver le gel pour cheveux qui conviendra à vos besoins, lisez notre guide : vous y trouverez une sélection des meilleurs produits disponibles sur le marché actuellement."
"40222";"Les meilleurs soins cheveux blonds";"https://meilleurtest.fr/comparatif-soin-cheveux-blonds/";"Beauté des cheveux";"Les <a href=""https://meilleurtest.fr/comparatif-patine-pour-cheveux-blonds/"">cheveux blonds</a>, qu’ils soient colorés ou naturels, demeurent plus fragiles que les autres couleurs de cheveux. Pour les garder, forts, brillants et soyeux, vous avez le choix parmi différents soins pour cheveux blonds. Pour en savoir plus à ce sujet et trouver le meilleur soin cheveux blonds, fiez-vous à notre guide."
"40174";"Les meilleurs produits lissants";"https://meilleurtest.fr/comparatif-produit-lissant/";"Beauté des cheveux";"Comme leur nom l’indique, les produits lissants sont des formules spécialement conçues pour <a href=""https://meilleurtest.fr/comparatif-lisseur-a-cheveux/"">lisser les cheveux</a>. Les composants actifs contenus dans ces produits permettent de les lisser efficacement et rapidement. Mais, pour obtenir un résultat à la hauteur de vos attentes, il est nécessaire de bien choisir le produit lissant. Découvrez dans ce guide d’achat une sélection des meilleurs produits lissants actuellement sur le marché."
"40156";"Les meilleurs shampoings pour cheveux fins";"https://meilleurtest.fr/comparatif-shampoing-pour-cheveux-fins/";"Beauté des cheveux";"Comme pour les <a href=""https://meilleurtest.fr/comparatif-shampoing-pour-cheveux-clairsemes/"">cheveux clairsemés</a>, pas facile de vivre avec des cheveux fins. Ils nécessitent des soins particuliers et aussi des produits spécifiques qui savent contenter leurs petits caprices. Vous rêvez d’une chevelure volumineuse et qui a du style ? Il faut commencer par choisir le bon shampoing. Et vous trouverez tous les conseils y afférents dans ce guide, avec les meilleurs shampoings pour cheveux fins du moment."
"40112";"Les meilleurs soins cheveux bouclés";"https://meilleurtest.fr/comparatif-soin-cheveux-boucles/";"Beauté des cheveux";"Les cheveux bouclés requièrent une attention particulière. À la différence des <a href=""https://meilleurtest.fr/comparatif-soin-cheveux/"">soins cheveux</a> ordinaires, les soins cheveux bouclés visent essentiellement à conserver la tenue des boucles aussi longtemps que possible. Leur secret ? Une composition nourrissante riche qui s’incruste en profondeur dans les boucles. Pour en savoir plus, parcourez notre guide d’achat. Vous y dégoterez sans doute votre soin cheveux bouclés."
"40074";"Les meilleurs masques pour cheveux bouclés";"https://meilleurtest.fr/comparatif-masque-pour-cheveux-boucles/";"Beauté des cheveux";"Les masques pour cheveux bouclés sont des formules spécialement conçues pour entretenir le cuir chevelu. Ils font d’ailleurs partie des<a href=""https://meilleurtest.fr/comparatif-soin-cheveux/""> produits de soin</a> dans la routine des femmes qui ont les cheveux bouclés. Pourtant, le choix d’un <a href=""https://meilleurtest.fr/comparatif-masque-pour-cheveux-secs/"">masque</a> adapté à ses besoins et à ses attentes peut s’avérer compliqué pour certaines personnes. Ce comparatif vous aidera à opter pour le meilleur produit."
"40042";"Les meilleurs lisseurs pour cheveux épais";"https://meilleurtest.fr/comparatif-lisseur-pour-cheveux-epais/";"Beauté des cheveux";"On l’admet, entretenir des cheveux épais n’est pas une mince affaire, surtout le coiffage à l’état naturel. Pas de panique, nous avons la solution pour maîtriser votre crinière : le lisseur pour cheveux épais. Vous pourrez aussi varier votre coiffure en réalisant de belles <a href=""https://meilleurtest.fr/comparatif-fer-a-boucler-pour-cheveux-epais"">boucles</a>. Dans notre guide d’achat, nous avons établi une sélection des <a class=""wpil_keyword_link"" title=""lisseurs"" href=""https://meilleurtest.fr/comparatif-lisseur-a-cheveux/"" data-wpil-keyword-link=""linked"">lisseurs</a> pour cheveux épais, pour vous servir."
"39998";"Les meilleures colorations blondes";"https://meilleurtest.fr/comparatif-coloration-blonde/";"Beauté des cheveux";"Pour changer de look, vous souhaitez arborer une belle chevelure blonde ? Vous faites bien, car cette couleur est tendance et toujours intemporelle. Et avec la bonne formule, le succès est garanti. Voici pourquoi, nous avons élaboré un guide consacré aux meilleures <a href=""https://meilleurtest.fr/comparatif-coloration-pour-cheveux"" target=""_blank"" rel=""noopener"">colorations</a> blondes disponibles en ce moment. Prenez le temps de le consulter, cela vous aidera à trouver le produit idéal et la nuance parfaite."
"39902";"Les meilleurs shampoings clarifiants";"https://meilleurtest.fr/comparatif-shampoing-clarifiant/";"Beauté des cheveux";"Avec la pollution et l'eau qui contient de plus en plus de purifiants, il est indispensable de <a href=""https://meilleurtest.fr/comparatif-shampoing-2-1/"" target=""_blank"" rel=""noopener"">prendre soin de ses cheveux</a>. Le shampoing clarifiant fait partie des solutions les plus efficaces pour hydrater et assainir le cuir chevelu. Nous avons dressé ce guide pour vous aider à choisir le meilleur shampoing clarifiant pour avoir des cheveux soyeux, brillants et surtout propres."
"39887";"Les meilleurs fers à friser";"https://meilleurtest.fr/comparatif-fer-a-friser/";"Beauté des cheveux";"Vous rêvez d’avoir des <a href=""https://meilleurtest.fr/comparatif-fer-a-boucler/"">boucles</a> serrées, uniformes et brillantes ? Au lieu de dépenser votre argent et perdre votre temps au salon de coiffure, procurez-vous un fer à friser. Pratique, léger et compact, l’appareil vous permet de changer de tête au gré de vos envies. La recherche s’annonce pourtant difficile. Pour que vous n’y perdiez pas vos cheveux, fiez-vous à notre comparatif des meilleurs fers à friser."
"39861";"Les meilleurs lisseurs pour cheveux crépus";"https://meilleurtest.fr/comparatif-lisseur-pour-cheveux-crepus/";"Beauté des cheveux";"Vous désirez adopter des styles de coiffure variés et vous demandez quel type d’accessoire utiliser pour lisser plus facilement vos cheveux crépus ? Simplifiez-vous la vie en faisant acquisition d’un appareil moderne et fonctionnel prévu à cet effet : un lisseur pour cheveux crépus. Ionique, à vapeur ou Wet and Dry, les fers à lisser pour cheveux crépus se déclinent en des versions diversifiées. Trouvez le meilleur modèle en suivant les conseils de ce guide !"
"39860";"Les meilleurs lisseurs wavy";"https://meilleurtest.fr/comparatif-lisseur-wavy/";"Beauté des cheveux";"Réaliser un wavy hair avec un effet « retour de plage » assuré n’est plus seulement l’apanage des coiffeurs professionnels. Désormais, tout peut se faire chez soi et sans perte de temps grâce à un <a href=""https://meilleurtest.fr/comparatif-lisseur-a-cheveux/"">lisseur</a> wavy. Comment s’y retrouver et quel type de <a href=""https://meilleurtest.fr/comparatif-lisseur-pas-cher/"">fer à lisser</a> convient au mieux ? Trouvez les réponses à ces questions en parcourant notre comparatif des meilleurs lisseurs wavy.";"Des ondulations souples et naturelles sans effort : les lisseurs wavy créent un effet plage ou des boucles lâches en quelques passages. La forme de la plaque, la température et le revêtement influencent le rendu. Ce guide simplifiera votre recherche parmi les lisseurs wavy, face aux <a href=""https://meilleurtest.fr/comparatif-fer-a-onduler/"">fers à onduler</a>, aux <a href=""https://meilleurtest.fr/comparatif-boucleur-wavy/"">boucleurs wavy</a> et aux <a href=""https://meilleurtest.fr/comparatif-lisseur-boucleur/"">lisseurs boucleurs</a>."
"39824";"Les meilleurs sprays cheveux";"https://meilleurtest.fr/comparatif-spray-cheveux/";"Beauté des cheveux";"Étant invité à une réception de fin d’année, vous êtes à la recherche d’un produit coiffant efficace pour structurer votre chevelure. Pour une chevelure bien sculptée, pensez à un spray cheveux. Face à plusieurs déclinaisons, vous ne savez plus comment faire le bon choix. Vous êtes tenu de consulter notre comparatif pour vous aider à trouver le meilleur spray cheveux."
"39786";"Les meilleurs protecteurs de chaleur";"https://meilleurtest.fr/comparatif-protecteur-de-chaleur/";"Beauté des cheveux";"La dure vérité est qu’à peu près tout ce que nous faisons à nos cheveux (les colorer, les brosser, les coiffer) a un impact. Le coiffage à chaud, notamment peut facilement endommager les cheveux et contribuer à leur déshydratation. De plus, d’autres agents extérieurs comme le soleil, le vent, la pollution peuvent également jouer un rôle dans la dégradation des cheveux. La bonne nouvelle ? Il est également très facile de prévenir ce type de dommages : il suffit d’utiliser les <a href=""https://meilleurtest.fr/comparatif-spray-thermo-protecteur/"" target=""_blank"" rel=""noopener"">produits adaptés</a>. C’est pourquoi nous vous conseillons les meilleurs protecteurs de chaleur les plus efficaces à travers notre guide comparatif."
"39770";"Les meilleures mousses volume pour cheveux";"https://meilleurtest.fr/comparatif-mousse-volume-pour-cheveux/";"Beauté des cheveux";"De <a href=""https://meilleurtest.fr/comparatif-seche-cheveux-pour-cheveux-boucles/"">beaux cheveux longs bouclés</a> et volumineux, vous en avez envie ? En fait, c’est le résultat d’un bon lavage, séchage, et surtout de l’utilisation de produits adéquats comme la mousse volume pour cheveux. Vous voulez vous en procurer ? Trouvez le modèle qui vous convient dans notre comparatif. Il y a aussi un guide pour bien appliquer une mousse volume pour cheveux."
"39763";"Les meilleurs ciseaux de coiffure professionnels";"https://meilleurtest.fr/comparatif-ciseaux-de-coiffure-professionnels/";"Beauté des cheveux";"<a href=""https://meilleurtest.fr/comparatif-ciseaux-de-coiffure/"">Coiffer quelqu’un</a> est une forme d’art à part entière ! Mais avant d’exceller dans cette discipline, vous devez acquérir de bons outils, à commencer par les ciseaux. Ces instruments de coupe vous permettront d’exploiter tout votre potentiel créatif, d’où l’intérêt de bien les choisir. Pour vous y aider, lisez ce guide d’achat spécialement consacré aux 4 meilleurs ciseaux de coiffure professionnels de cette année."
"39748";"Les meilleures perruques";"https://meilleurtest.fr/comparatif-perruque/";"Beauté des cheveux";"Mystérieuse, sexy, glamour, femme fatale… telles sont les sensations que procure une perruque de qualité. Elle permet de changer totalement de look sans pour autant toucher <a href=""https://meilleurtest.fr/comparatif-keratine-pour-cheveux/"">à votre chevelure</a>. Vous cherchez une perruque, mais avez du mal à vous décider ? Lisse, bouclée, frisée… trouvez votre bonheur parmi notre sélection des meilleures perruques du moment."
"39714";"Les meilleures colorations pour cheveux noirs";"https://meilleurtest.fr/comparatif-coloration-pour-cheveux-noirs/";"Beauté des cheveux";"Très pratique pour changer de look rapidement, la coloration pour cheveux noirs est également la solution la plus efficace pour <a href=""https://meilleurtest.fr/comparatif-coloration-cheveux-blancs/"" target=""_blank"" rel=""noopener"">masquer les cheveux blancs</a>. Selon le mode d’emploi ou l’effet recherché, il y en a pour tous les goûts et les besoins. Cela dit, entre coloration permanente, semi-permanente, ton sur ton, en poudre ou naturelle, le choix peut s’avérer difficile. Ce guide d'achat vous aidera à faire le tri et à trouver la meilleure coloration pour cheveux noirs adaptée à vos fibres capillaires et à votre cuir chevelu."
"39713";"Les meilleurs soins cheveux très abîmés";"https://meilleurtest.fr/comparatif-soin-cheveux-tres-abimes/";"Beauté des cheveux";"Pas de panique ! Avoir des cheveux cassés, abîmés, des cheveux qui chutent, on ne va pas dire que c’est normal, mais ça arrive. L’essentiel est de savoir choisir les bons soins pour donner une nouvelle vie à vos cheveux, et leur rendre la bonne santé. Pour bien faire son choix, il existe quelques points à considérer en amont de l’achat. Lisez notre guide pour en savoir plus."
"39708";"Les meilleurs lissages brésiliens sans formol";"https://meilleurtest.fr/comparatif-lissage-bresilien-sans-formol/";"Beauté des cheveux";"Les cheveux bouclés, crépus ou encore ondulés sont souvent difficiles à entretenir du fait de leur texture. Pour faire face à ce problème sans pour autant abimer les cellules des cheveux, s'orienter vers un lissage brésilien sans formol s’avère être un choix judicieux. Ce soin a fait ses preuves et convainc de nombreuses personnes. L’expérience vous tente ? Trouvez le kit de lissage brésilien sans formol adapté à vos besoins grâce à cet article."
"39704";"Les meilleurs shampoings secs pour cheveux gras";"https://meilleurtest.fr/comparatif-shampoing-sec-pour-cheveux-gras/";"Beauté des cheveux";"Vos cheveux ont tendance à devenir gras très vite ? Ce qu’il vous faut, c’est un shampoing sec. Avec ce produit capillaire, adieu les racines grasses ! Il a pour rôle de redonner fraîcheur et volume à votre chevelure. Vous n’aurez même pas besoin d’eau ou de vous laver les cheveux tous les jours pour qu’ils restent beaux toute la journée. Tenté(e) ? Retrouvez dans ce guide tout ce qu’il y a à savoir sur le shampoing sec pour cheveux gras."
"39690";"Les meilleurs sèche-cheveux pour cheveux bouclés";"https://meilleurtest.fr/comparatif-seche-cheveux-pour-cheveux-boucles/";"Beauté des cheveux";"Hydratation et élasticité, ce sont les secrets des boucles qui rebondissent. Et pour obtenir ce résultat, les produits capillaires ne font pas tout : c’est là qu’interviennent les sèche-cheveux pour cheveux bouclés. Devant faire preuve d’une certaine ingéniosité, ces appareils doivent cibler uniquement l’humidité extérieure pour ne pas assécher la fibre capillaire et embarquer la technologie ionique pour éviter que l’électricité statique ne gâche totalement le rendu. Trouvez dans ce guide les meilleurs sèche-cheveux qui sublimeront les ondulations naturelles de votre chevelure.";"Diffuseur large, température modérée et flux d'air régulier : les sèche-cheveux pour cheveux bouclés doivent respecter le ressort de la boucle sans assécher la fibre. Tous les modèles ne proposent pas ces réglages. Ce guide éclairera votre choix, des <a href=""https://meilleurtest.fr/comparatif-seche-cheveux-diffuseur/"">sèche-cheveux à diffuseur</a> aux <a href=""https://meilleurtest.fr/comparatif-seche-cheveux-ionique/"">modèles ioniques</a>, en passant par les <a href=""https://meilleurtest.fr/comparatif-brosse-soufflante-chauffante/"">brosses soufflantes chauffantes</a> pour un résultat soigné."
"39672";"Les meilleurs shampoings pour cheveux crépus";"https://meilleurtest.fr/comparatif-shampoing-pour-cheveux-crepus/";"Beauté des cheveux";"Les cheveux crépus requièrent l’usage d’un shampoing spécifique pour les entretenir. Mais, vu la multitude de produits sur le marché, il est important de se renseigner afin de ne pas abimer les cheveux. Ainsi, nous avons recherché pour vous les 4 meilleurs shampoings pour cheveux crépus dans ce guide comparatif. Cela vous évitera de perdre trop de temps à vous pencher sur la question."
"39639";"Les meilleurs fers à onduler";"https://meilleurtest.fr/comparatif-fer-a-onduler/";"Beauté des cheveux";"Avoir <a href=""https://meilleurtest.fr/comparatif-soin-cheveux/"">une chevelure</a> magnifiquement ondulée n’est plus réservé à Blake Lively ou Sienna Miller. Désormais, il est facile de copier sa star favorite, sans passer par le club privé de Romain Colors, en s’offrant un fer à onduler ou waver. Si c’est devenu un must have chez les fashionistas, attention pourtant à ne pas le choisir au hasard. Suivez notre guide pour un achat sûr et sans regret."
"39630";"Les meilleurs shampoings pour cheveux abîmés";"https://meilleurtest.fr/comparatif-shampoing-pour-cheveux-abimes/";"Beauté des cheveux";"S’il y a bien une chose qui a le don de déprimer la gent féminine, ce sont les cheveux abîmés. Fragiles, secs et fourchus, ils ont plus que jamais besoin de soins réparateurs. C’est dans ce sens que le shampoing spécial pour cheveux abîmés s’impose. Avec ce guide, nous vous aidons à faire le bon choix."
"39628";"Les meilleurs soins cheveux secs";"https://meilleurtest.fr/comparatif-soin-cheveux-secs/";"Beauté des cheveux";"Mesdames, finis les cheveux à pointes fourchues, à l’effet paille et à l’allure terne : les soins cheveux secs solutionnent instinctivement toutes ces anomalies en rééquilibrant l’hydratation de votre tignasse, leur apportant ainsi douceur et brillance. Découvrez vite tout ce qu’il faut savoir sur les soins cheveux secs dans notre guide d’achat et faites votre choix parmi notre sélection."
"39614";"Les meilleures crèmes pour les cheveux";"https://meilleurtest.fr/comparatif-cremes-pour-cheveux/";"Beauté des cheveux";"La crème pour les cheveux fait partie de la routine capillaire beauté des femmes. Garantissant un résultat immédiat, elle aide à préserver la santé de votre chevelure. Seulement, identifier la gamme adaptée à la nature de vos cheveux reste compliqué compte tenu de la multitude de choix disponibles sur le marché. Pour vous aider, voici les meilleures crèmes pour les cheveux en 2022."
"39600";"Les meilleures tondeuses bikini";"https://meilleurtest.fr/comparatif-tondeuse-bikini/";"Beauté des cheveux";"L’épilation du maillot requiert une méthode douce, saine et respectueuse de la peau sensible. Parmi les différents moyens possibles, la tondeuse bikini est très plébiscitée. Ergonomique et pratique, cet appareil mérite tout votre intérêt. Il se glisse facilement dans votre trousse de toilette pour les déplacements et les séances d’épilation à domicile. Lisez ce guide pour trouver rapidement votre tondeuse bikini."
"39554";"Les meilleurs shampoings anti-chute";"https://meilleurtest.fr/comparatif-shampoing-anti-chute/";"Beauté des cheveux";"La perte de cheveux affecte des dizaines de millions de femmes et d'hommes à travers la France. Heureusement, il existe des <a class=""wpil_keyword_link"" title=""shampoings"" href=""https://meilleurtest.fr/comparatif-shampoing/"" data-wpil-keyword-link=""linked"">shampoings</a> spécialement formulés pour améliorer la santé du cuir chevelu et réduire les pertes de cheveux. Aujourd’hui, vous trouverez des centaines de shampoings anti-chute sur le marché. Ce guide a été conçu pour vous aider à faire le tri et à choisir le shampoing anti-chute adéquat."
"39535";"Les meilleures brosses sèche-cheveux";"https://meilleurtest.fr/comparatif-brosse-seche-cheveux/";"Beauté des cheveux";"Ne soyez plus en retard le matin grâce à la brosse sèche-cheveux ! Cette merveille technologique réalise deux choses à la fois : sécher et coiffer vos cheveux en même temps. Par contre, trouver le bon appareil ne sera pas chose facile vu le nombre de modèles disponibles. Pour vous aider, on a réalisé ce guide avec notre sélection des meilleures brosses sèche-cheveux du moment."
"39532";"Les meilleurs démêlants cheveux";"https://meilleurtest.fr/comparatif-demelant-cheveux/";"Beauté des cheveux";"Que vous ayez passé la journée à l'extérieur par un temps particulièrement venteux ou que ayez simplement oublié de vous brosser les cheveux avant de vous coucher, vous courez le risque d’avoir des mèches nouées difficiles à démêler. Mais si vous utilisez un bon démêlant cheveux, ce ne sera plus un problème. Il peut être difficile de trouver le bon démêlant cheveux, car il existe de nombreuses marques et de nombreux produits parmi lesquels choisir. Pour vous aider dans vos recherches, nous avons sélectionné les quatre meilleurs démêlants cheveux actuellement disponibles sur le marché."
"39527";"Les meilleurs après-shampoings pour cheveux bouclés";"https://meilleurtest.fr/comparatif-apres-shampoing-pour-cheveux-boucles/";"Beauté des cheveux";"Tout comme les autres types de chevelures, les cheveux bouclés méritent aussi d’être chouchoutés avec les bons produits de soin. Pour garder vos belles ondulations, privilégiez un après-shampoing pour cheveux bouclés ou curly. Mais entre toutes les marques de prestige existantes, le choix peut s’avérer compliqué. Pour vous aider, nous avons compilé pour vous les meilleurs après-<a class=""wpil_keyword_link"" title=""shampoings"" href=""https://meilleurtest.fr/comparatif-shampoing/"" data-wpil-keyword-link=""linked"">shampoings</a> pour cheveux bouclés."
"39447";"Les meilleurs produits anti-chute cheveux pour homme";"https://meilleurtest.fr/comparatif-produit-anti-chute-cheveux-pour-homme/";"Beauté des cheveux";"La chute des cheveux ou calvitie est un phénomène qui se développe très rapidement et auquel peu d’hommes échappent. Pour combattre cette fatalité, d’innombrables produits anti-chutes de cheveux pour homme sont proposés sur le marché. Pour chaque stade de l’alopécie, il est important de bien choisir le soin idéal. Dans ce comparatif, nous allons vous présenter les meilleurs produits pour combattre ce fléau chez les hommes."
"39433";"Les meilleurs après-shampoings pour cheveux secs";"https://meilleurtest.fr/comparatif-apres-shampoing-pour-cheveux-secs/";"Beauté des cheveux";"Si vous avez les cheveux de plus en plus secs, cassants et fourchus, limitez les dégâts en misant sur des <a href=""//meilleurtest.fr/comparatif-soin-cheveux"">soins capillaires</a> appropriés comme l'après-shampoing. Appliqué en complément du shampoing adapté à votre type de cheveux, il va nourrir, hydrater et réparer la fibre capillaire. Mais, que choisir ? Bio, sans sulfate, sans silicone, avec ou sans rinçage, etc. Suivez ce guide !"
"39382";"Les meilleures tondeuses à cheveux pour homme";"https://meilleurtest.fr/comparatif-tondeuse-a-cheveux-pour-homme/";"Beauté des cheveux";"Les passages réguliers chez le coiffeur engendrent indubitablement des dépenses souvent trop onéreuses sur le long terme. Si vous voulez faire des économies et vous faire une belle coiffure en fonction de vos envies, misez sur une <a href=""https://meilleurtest.fr/comparatif-tondeuse-a-cheveux/"">tondeuse à cheveux</a> pour homme. Le choix n’est pourtant pas à prendre à la légère. C’est pourquoi nous avons élaboré ce guide des meilleurs modèles.";"Dégradés, fondus, finitions de barbe : les tondeuses pour homme doivent offrir une coupe nette et des sabots adaptés à tous les styles. Autonomie, largeur de lame et facilité de nettoyage comptent au quotidien. Ce guide accompagnera votre choix parmi les tondeuses pour homme, face aux <a href=""https://meilleurtest.fr/comparatif-tondeuse-a-cheveux/"">tondeuses mixtes</a>, aux <a href=""https://meilleurtest.fr/comparatif-tondeuse-a-cheveux-0-mm/"">tondeuses 0 mm</a> et aux <a href=""https://meilleurtest.fr/comparatif-tondeuse-a-cheveux-professionnelle/"">modèles professionnels</a>."
"39374";"Les meilleurs shampoings 2-en-1";"https://meilleurtest.fr/comparatif-shampoing-2-1/";"Beauté des cheveux";"Voulez-vous avoir des cheveux soyeux et brillants, sans les agresser ? Optez pour l’utilisation d’un shampoing 2-en-1. On peut en trouver plusieurs modèles sur le marché, pour convenir aux besoins de tous les types de cheveux. Dans cet article, nous vous proposons les meilleurs shampoings 2-en-1 du moment, ainsi qu’un guide complet pour vous aider à choisir celui qui pourra répondre à vos attentes."
"39371";"Les meilleurs shampoings pour homme";"https://meilleurtest.fr/comparatif-shampoing-pour-homme/";"Beauté des cheveux";"De nos jours, de plus en plus d’hommes sont intéressés par les articles de beauté. Du fait de cet engouement, l’industrie cosmétique a tenu à ce qu’ils aient accès à une panoplie de produits, que ce soit pour le corps, le rasage, le coiffage et les cheveux. Mais il est facile de se perdre lorsqu’on a une panoplie de marques sous les yeux. C’est pourquoi nous vous invitons à lire ce guide si vous voulez trouver le shampoing pour homme adapté à vos cheveux."
"39368";"Les meilleures laques à cheveux";"https://meilleurtest.fr/comparatif-laque-a-cheveux/";"Beauté des cheveux";"Choisir la bonne laque pour vos cheveux, c’est plus que simplement opter pour le produit le moins cher ou le plus populaire et espérer qu’il offrira les résultats escomptés. De manière générale, ce que vous mettez dans vos cheveux aura un impact direct sur leur santé, leur force et leur apparence. Ainsi, une laque à cheveux peut faire ou défaire votre style, alors lisez la suite pour trouver la laque à cheveux qui répondra le mieux à vos besoins."
"39364";"Les meilleurs shampoings pour cheveux bouclés";"https://meilleurtest.fr/comparatif-shampoing-pour-cheveux-boucles/";"Beauté des cheveux";"Plus fragiles et plus sensibles, les cheveux bouclés exigent des soins particuliers pour préserver une bonne hydratation et les nourrir en profondeur. Justement, les shampoings pour cheveux bouclés sont incontournables pour prendre soin de la fibre capillaire. Cependant, identifier le bon produit reste délicat face à la multitude de choix disponibles sur le marché. Pour vous aider, découvrez un guide complet à ce sujet."
"39354";"Les meilleurs shampoings professionnels";"https://meilleurtest.fr/comparatif-shampoing-professionnel/";"Beauté des cheveux";"Se laver les cheveux c’est une chose, en prendre soin en est une autre. À la différence des autres <a class=""wpil_keyword_link"" title=""shampoings"" href=""https://meilleurtest.fr/comparatif-shampoing/"" data-wpil-keyword-link=""linked"">shampoings</a> que vous trouvez sur le marché, le shampoing professionnel soigne votre chevelure de manière intensive. Ne vous inquiétez pas, il en existe pour tous les types de cheveux. Il suffit de nous suivre dans ce guide d’achat, on vous dit tout."
"39345";"Les meilleures brosses à cheveux";"https://meilleurtest.fr/comparatif-brosse-a-cheveux/";"Beauté des cheveux";"Des cheveux en bonne santé passent aussi par un brossage régulier. On ne s’en rend pas toujours compte, mais les va-et-vient de la brosse sur les cheveux leur apportent une brillance naturelle, stimulent la circulation du sang dans le cuir chevelu et éliminent les cheveux cassants. Cet accessoire procure une pléthore de bienfaits à la chevelure, à condition de bien le choisir. Lisez ce guide consacré aux 4 meilleures brosses à cheveux du moment."
"39313";"Les meilleurs après-shampoings sans rinçage";"https://meilleurtest.fr/comparatif-apres-shampoing-sans-rincage/";"Beauté des cheveux";"Si vos cheveux ne sont pas très coopératifs, c’est peut-être qu’ils ont besoin d’un bon après-shampoing sans rinçage. Tenez compte de tout ce que vos cheveux endurent tous les jours : serviettes rugueuses, <a class=""wpil_keyword_link"" href=""https://meilleurtest.fr/comparatif-oreiller/""   title=""oreillers"" data-wpil-keyword-link=""linked"">oreillers</a> rugueux, peignage, brossage, coiffage à la chaleur, coups de vent... c’est la recette parfaite pour la sécheresse et les dommages, et les après-<a class=""wpil_keyword_link"" href=""https://meilleurtest.fr/comparatif-shampoing/""   title=""shampoings"" data-wpil-keyword-link=""linked"">shampoings</a> sans rinçage offrent l’un des moyens les plus simples de protéger vos cheveux de tout cela. Trouvez dans ce guide les 7 meilleurs après-shampoings sans rinçage du moment et comment les utiliser."
"39307";"Les meilleurs sprays thermo-protecteur";"https://meilleurtest.fr/comparatif-spray-thermo-protecteur/";"Beauté des cheveux";"L’utilisation fréquente des appareils de coiffures chauffantes abîme le cuir chevelu. Aussi, pour protéger vos cheveux efficacement contre la chaleur de ces équipements, utilisez un spray thermo-protecteur. Un soin capillaire simple, mais utile. Il évite d’avoir les cheveux ternes et cassants. Pour profiter de ses bienfaits à chaque coiffage, parcourez notre guide pour trouver le meilleur spray thermo-protecteur."
"39294";"Les meilleurs shampoings violets";"https://meilleurtest.fr/comparatif-shampoing-violet/";"Beauté des cheveux";"Couleur naturelle ou coloration appliquée, les tons clairs pour les cheveux ont le vent en poupe. Mais cela nécessite des soins spécifiques. D’après les règles de la colorimétrie, le violet est la couleur qui a le pouvoir de neutraliser le jaune, raison pour laquelle les experts en coiffure ont imaginé le shamping violet. Il s'agit du soin idoine <a href=""https://meilleurtest.fr/comparatif-shampoing-dejaunisseur/"">pour déjaunir les cheveux blonds</a>, blancs ou gris. Sans plus attendre, découvrez tout ce qu’il y a à savoir sur ce produit capillaire aux résultats surprenants."
"39284";"Les meilleurs shampoings pour cheveux clairsemés";"https://meilleurtest.fr/comparatif-shampoing-pour-cheveux-clairsemes/";"Beauté des cheveux";"La perte de cheveux ou cheveux clairsemés peut survenir pour diverses raisons. Et parce que les cheveux clairsemés ont des causes multiples, le type de shampoing qui convient peut ne pas fonctionner pour quelqu'un d'autre. D’où l’importance de faire le bon choix. Ce guide est là pour vous aider à faire le tri parmi les centaines de <a class=""wpil_keyword_link"" href=""https://meilleurtest.fr/comparatif-shampoing/""   title=""shampoings"" data-wpil-keyword-link=""linked"">shampoings</a> pour cheveux clairsemés disponibles sur le marché."
"39188";"Les meilleurs ciseaux de coiffure";"https://meilleurtest.fr/comparatif-ciseaux-de-coiffure/";"Beauté des cheveux";"Souhaitez-vous couper vous-même vos cheveux ou avez-vous récemment plongé dans le monde de la coiffure ? L’une des étapes les plus importantes est d’investir sur des ciseaux de coiffure. Mais chercher le bon modèle, avec la taille et le type de lame convenables, peut vous faire perdre du temps. Ainsi, nous vous présentons ce guide qui vous montre les éléments essentiels à prendre en compte lors de leur achat."
"39132";"Les meilleurs sèche-cheveux de voyage";"https://meilleurtest.fr/comparatif-seche-cheveux-de-voyage/";"Beauté des cheveux";"Difficile d’avoir une belle coiffure quand on est en déplacement et si le sèche-cheveux de l’hôtel est frustrant. La solution sera d’acheter un sèche-cheveux de voyage. Compacts, ces appareils sont assez puissants et disposent de plusieurs fonctionnalités, fonction ionique, qui vous permettront d’avoir des cheveux lisses et brillants. Mais comment choisir le bon appareil ? Trouvez dans ce guide les <a class=""wpil_keyword_link"" title=""meilleurs sèche-cheveux"" href=""https://meilleurtest.fr/comparatif-seche-cheveux/"" data-wpil-keyword-link=""linked"">meilleurs sèche-cheveux</a> de voyage."
"39091";"Les meilleurs fers à boucler pour cheveux épais";"https://meilleurtest.fr/comparatif-fer-a-boucler-pour-cheveux-epais/";"Beauté des cheveux";"Les cheveux fins sont fragiles et cassants, contrairement aux cheveux épais. Mais ces derniers ne sont pas faciles à discipliner, car peu dociles, raison pour laquelle il faut un fer à boucler spécial cheveux épais. Seulement, trouver un fer à boucler avec une excellente répartition de la chaleur, un bon diamètre et une surface en céramique ou en titane relève du parcours du combattant. Babyliss, Remington, GHD, découvrez pour cette année notre sélection des meilleurs fers à boucher pour cheveux épais."
"39085";"Les meilleurs sprays wavy";"https://meilleurtest.fr/comparatif-spray-wavy/";"Beauté des cheveux";"Vous voulez à tout prix obtenir une coiffure « effet plage » ou « retour de vacances » ? Osez le spray wavy, que l’on appelle aussi spray styling, spray texturisant, spray volumateur ou sea salt spray. Souvent formulé à base de sel/chlorure de <a class=""wpil_keyword_link"" title=""magnésium"" href=""https://meilleurtest.fr/comparatif-magnesium/"" data-wpil-keyword-link=""linked"">magnésium</a> ou de sel marin, ce produit coiffant vous permet d’avoir une belle crinière à la Pamela Anderson. Si les légères ondulations vous tentent, découvrez les meilleurs sprays wavy de notre sélection."
"39046";"Les meilleurs lisseurs à plaques larges";"https://meilleurtest.fr/comparatif-lisseur-a-plaques-larges/";"Beauté des cheveux";"Vous avez les cheveux longs, épais et/ou crépus et souhaitez les discipliner sans faire un détour par la case coiffeur ? Investissez dans un <a href=""https://meilleurtest.fr/comparatif-lisseur-a-cheveux/"">lisseur</a> à plaques larges. En plus de passer moins de temps à dompter votre crinière rebelle, il vous permet aussi de vous défaire en quelques passages de vos boucles et frisottis. Mais quel modèle répondrait favorablement à vos attentes ? Pour le découvrir, laissez-nous vous présenter notre sélection des meilleurs lisseurs à plaques larges du moment."
"38953";"Les meilleures colorations cheveux blancs pour homme";"https://meilleurtest.fr/comparatif-coloration-cheveux-blancs-pour-homme/";"Beauté des cheveux";"Depuis quelques années, on ne s’étonne plus de constater que de nombreux hommes ressentent le besoin de se teindre les cheveux. Une envie de changement ou une obligation ? Souvent, cette tendance est adoptée pour camoufler les cheveux blancs. Messieurs, voici le guide d’achat qui vous accompagne dans l’achat de votre <a class=""wpil_keyword_link"" title=""coloration cheveux"" href=""https://meilleurtest.fr/comparatif-coloration-pour-cheveux/"" data-wpil-keyword-link=""linked"">coloration cheveux</a> blancs pour homme."
"38943";"Les meilleurs bigoudis chauffants";"https://meilleurtest.fr/comparatif-bigoudi-chauffant/";"Beauté des cheveux";"Alors que les bigoudis traditionnels ont disparu du tableau avec l’arrivée des nombreux appareils de modelage des cheveux, les bigoudis chauffants effectuent un retour en force grâce à la tendance <em>wavy</em>. Dorénavant, boucler ses cheveux en 20 min, c’est possible, et ce, sans avoir à passer son temps devant le miroir à manier un <a class=""wpil_keyword_link"" href=""https://meilleurtest.fr/comparatif-fer-a-boucler/""   title=""fer à boucler"" data-wpil-keyword-link=""linked"">fer à boucler</a>. Quels bigoudis chauffants choisir ? Tour d’horizon dans ce guide."
"38856";"Les meilleurs sèches-cheveux professionnels";"https://meilleurtest.fr/comparatif-seche-cheveux-professionnels/";"Beauté des cheveux";"Toute personne aux cheveux indisciplinés le sait : un bon sèche-cheveux vaut son pesant d’or. Ils ne servent pas seulement à fournir de l'air chaud pour vous sécher plus rapidement les cheveux : un bon sèche-cheveux professionnel peut vous aider à obtenir de nouveaux styles, à vous débarrasser des pointes fourchues et même à laisser vos cheveux soyeux et brillants. Malheureusement un sèche-cheveux de mauvaise qualité peut aussi avoir l'effet inverse. Lisez notre guide pour en savoir plus."
"38804";"Les meilleures cires à cheveux";"https://meilleurtest.fr/comparatif-cire-a-cheveux/";"Beauté des cheveux";"Votre éternelle lutte contre les frisottis et les mèches rebelles commence à vous lasser ? Une bonne cire vous permettra de discipliner vos cheveux pendant toute une journée sans risquer de les abîmer. Hyper tendance, cette pâte coiffante permet d’épaissir les cheveux et de les coiffer au gré des envies. À base d’huile ou d’eau ? Lisez notre comparatif des meilleures cires à cheveux pour tout savoir."
"38777";"Les meilleurs éclaircissants cheveux";"https://meilleurtest.fr/comparatif-eclaircissant-cheveux/";"Beauté des cheveux";"Il arrive un moment où notre chevelure est plus terne et manque de nuances et de lumière. L’usage de produits éclaircissants va raviver son éclat et lui donner des reflets plus clairs et cuivrés pour de jolis effets soleil total look, mêché ou tie &amp; die des plus réussis. Trouver un éclaircissant cheveux non agressif peut cependant vite tourner au casse-tête avec tous les produits qui inondent le marché. Fiez-vous donc à notre guide pour trouver celui qui vous conviendra."
"38769";"Les meilleurs sèche-cheveux diffuseurs";"https://meilleurtest.fr/comparatif-seche-cheveux-diffuseur/";"Beauté des cheveux";"Pratique et efficace, le <a href=""https://meilleurtest.fr/comparatif-seche-cheveux-ionique/"">sèche-cheveux</a> permet de se coiffer rapidement sans bouger de chez soi, mais encore faut-il avoir un appareil bien adapté à ses besoins. Pour les femmes aux cheveux bouclés, un sèche-cheveux diffuseur est la meilleure des options. Muni d’un embout spécial, le sèche-cheveux diffuseur est parfait pour sécher uniformément sans frisottis, structurer les boucles et donner du volume. Mais lequel choisir ? Lisez notre guide pour en savoir plus.";"Boucles définies, volume naturel, séchage sans frisottis : le diffuseur transforme le flux d'air en douceur pour respecter la fibre capillaire. Tous les sèche-cheveux à diffuseur ne se valent pas sur la répartition de l'air. Ce guide présentera les modèles les plus efficaces, face aux <a href=""https://meilleurtest.fr/comparatif-seche-cheveux-pour-cheveux-boucles/"">sèche-cheveux pour cheveux bouclés</a>, aux <a href=""https://meilleurtest.fr/comparatif-seche-cheveux-ionique/"">modèles ioniques</a> et aux <a href=""https://meilleurtest.fr/comparatif-brosse-soufflante-chauffante/"">brosses soufflantes chauffantes</a>."
"38736";"Les meilleurs shampoings bébé";"https://meilleurtest.fr/comparatif-shampoing-bebe/";"Beauté des cheveux";"Pour les parents, choisir un shampoing pour bébé adapté n'est pas toujours aussi évident que cela ne le parait. Et avec les multitudes de formules de soin de cheveux pour nourrissons disponibles sur le marché, on se perd facilement. Pour vous aider à trouver le bon produit, nous avons réalisé ce comparatif des meilleurs shampoings pour nouveau-nés du moment."
"38717";"Les meilleures cires coiffantes pour homme";"https://meilleurtest.fr/comparatif-cire-coiffante-pour-homme/";"Beauté des cheveux";"Plusieurs hommes n’hésitent pas à adopter une routine capillaire ponctuelle et adaptée à la nature de leurs cheveux. D’ailleurs, ils peuvent avoir recours à une panoplie de produits pour moduler le coiffage au gré de leurs envies : gel, crème, huile, argile, cire ou spray. À ce propos, la cire coiffante pour homme se distingue par son effet texturisant, son apport hydratant et la brillance permanente qu’elle fournit aux cheveux. De plus, elle aide à l’obtention de divers effets comme le bouclé, le plaqué ou l’ébouriffé. Pour en savoir plus, parcourez notre guide d’achat sur les cires coiffantes pour homme."
"38696";"Les meilleurs boucleurs automatiques";"https://meilleurtest.fr/comparatif-boucleur-automatique/";"Beauté des cheveux";"Grâce au boucleur automatique, vous pourrez vous-même créer de belles boucles brillantes et sans frisotis. Il enroule votre mèche automatiquement et la libère de la même manière sans difficulté. Attention, tous les boucleurs automatiques ne se valent pas ! Choisissez celui qui procure un effet maximal tout en ménageant vos cheveux. Vous trouverez ci-dessous le guide sur comment bien choisir un boucleur automatique ?"
"38695";"Les meilleures colorations semi-permanentes";"https://meilleurtest.fr/comparatif-coloration-semi-permanente/";"Beauté des cheveux";"Se teindre les cheveux est devenu très tendance depuis plusieurs décennies. Des fois, c'est pour changer de tête, des fois parce que vous avez des cheveux blancs qui commencent à apparaître ; signes de vieillesse ou pas, il faut à tout prix les couvrir. Une alternative efficace et moins agressive étant l'utilisation d'une coloration semi-permanente. Mais difficile d'en choisir une si vous en êtes à votre première fois. Quelle teinte ? Crème ou gel ? Quelle marque ? Nous vous apportons toutes les réponses dans ce guide des meilleures colorations temporaires du moment."
"38664";"Les meilleurs shampoings pour cuir chevelu irrité et démangeaisons";"https://meilleurtest.fr/comparatif-shampoing-pour-cuir-chevelu-irrite-et-demangeaisons/";"Beauté des cheveux";"Vous êtes sujet à un cuir chevelu irrité et des démangeaisons gênantes au quotidien? Trouver le soin parfait pour y remédier est assez complexe face à la grande diversité de soin capillaire proposé sur le marché. Adopter un shampoing adéquat face à ce type d’imperfection serait la meilleure alternative. Voilà pourquoi ce guide d’achat sur les meilleurs <a class=""wpil_keyword_link"" title=""shampoings"" href=""https://meilleurtest.fr/comparatif-shampoing/"" data-wpil-keyword-link=""linked"">shampoings</a> pour cuir chevelu irrité et démangeaisons."
"38656";"Les meilleurs shampoings à la kératine";"https://meilleurtest.fr/comparatif-shampoings-a-keratine/";"Beauté des cheveux";"Cheveux abîmés, cassants et ternes ? Il vous faut coûte que coûte un traitement intense et efficace : le shampoing à la kératine. Ce soin contribue à nourrir et revitaliser votre cuir chevelu, afin de rendre celui-ci bien résistant face aux agressions extérieures. Notre guide d’achat vous indique tous les points essentiels que vous devez savoir lors de l’achat d’un bon shampoing à la kératine."
"38653";"Les meilleures colorations cheveux sans ammoniaque";"https://meilleurtest.fr/comparatif-coloration-cheveux-sans-ammoniaque/";"Beauté des cheveux";"Que vous souhaitiez rafraîchir votre apparence, couvrir vos cheveux gris ou simplement expérimenter une teinte amusante, la couleur de cheveux sans ammoniaque est un excellent point de départ. Les couleurs sans ammoniaques ne sont pas agressives, et elles n’en ont pas moins une teinte vivace. Si vous voulez refaire votre couleur avec une coloration sans ammoniaque, ce guide devrait vous intéresser."
"38649";"Les meilleurs sèche-cheveux pour cheveux crépus";"https://meilleurtest.fr/comparatif-seche-cheveux-pour-cheveux-crepus/";"Beauté des cheveux";"Le choix du meilleur sèche-cheveux pour vos cheveux naturellement crépus n’est certainement pas une mince affaire étant donné qu’un appareil inadéquat pourrait endommager votre belle chevelure. En effet, un sèche-cheveux adapté à votre type de cheveu est un moyen facile, rapide et efficace pour bien se coiffer au quotidien. Comme il y a beaucoup de sèche-cheveux sur le marché, lequel est le mieux pour des cheveux crépus ? Fiez-vous à ce guide."
"38643";"Les meilleures colorations ton sur ton";"https://meilleurtest.fr/comparatif-coloration-ton-sur-ton/";"Beauté des cheveux";"Avec l’âge, la chevelure a tendance à perdre sa couleur naturelle et son éclat. Il existe une solution efficace et moins agressive si vous voulez en finir avec les cheveux ternes : la coloration ton sur ton. Sans ammoniaque, non-permanent et facile à appliquer ce type de teinte masque toutes les imperfections. Mais voilà, choisir entre crème ou liquide, coloration pour cheveux bruns ou blonds n’est pas toujours évident. Nous avons préparé ce guide afin de vous aider à mieux trouver la coloration ton sur ton qu’il vous faut."
"38612";"Les meilleurs bacs à shampoing à domicile";"https://meilleurtest.fr/comparatif-bac-a-shampoing-a-domicile/";"Beauté des cheveux";"Un accessoire léger, portable et pratique, un bac à shampoing à domicile vous permet d’offrir et d’obtenir les mêmes prestations qu’un salon de coiffure (shampouinage/rinçage, coloration…). Pas le temps de vous rendre chez le coiffeur ? Vous êtes coiffeur professionnel, mais comptez des personnes handicapées et alitées parmi votre clientèle ? Trouvez le meilleur bac à shampoing à domicile grâce à ce comparatif."
"38570";"Les meilleurs botox capillaires";"https://meilleurtest.fr/comparatif-botox-capillaire/";"Beauté des cheveux";"Si vous avez des cheveux secs, abîmés, par l'utilisation de différents produits, pensez au botox capillaire. Le botox capillaire gaine, hydrate et répare en profondeur la fibre capillaire grâce à sa composition d’huile de kératine et d’acide hyaluronique. Toutefois, il faut trouver le bon soin capillaire pour que vos cheveux resplendissent à nouveau. Pour trouver le plus adapté à votre chevelure, lisez notre guide d’achat."
"38558";"Les meilleures brosses soufflantes rotatives";"https://meilleurtest.fr/comparatif-brosse-soufflante-rotative/";"Beauté des cheveux";"Se faire un brushing soi-même à la maison est loin d’être une mince tâche à faire. Se débrouiller avec le <a class=""wpil_keyword_link"" title=""sèche-cheveux"" href=""https://meilleurtest.fr/comparatif-seche-cheveux/"" data-wpil-keyword-link=""linked"">sèche-cheveux</a>, les mèches et la brosse en même temps ; tout le monde n’y arrive pas. La brosse soufflante rotative débarque alors sur son cheval blanc en promettant un séchage et un coiffage, plus simple, plus rapide et dont le résultat rivalise avec ce que l’on obtient à la sortie d’un salon. Le défi est-il réussi ? Faisons le point sur les meilleures brosses soufflantes rotatives dans cet article."
"38540";"Les meilleures colorations bios";"https://meilleurtest.fr/comparatif-coloration-bio/";"Beauté des cheveux";"Aujourd’hui, pour se faire chouchouter, on peut se fier à des produits exempts de substances toxiques ou d’origine douteuse. Les colorations bios en font partie ! Désormais, vous pouvez <a href=""https://meilleurtest.fr/comparatif-coloration-pour-cheveux/"">teindre vos cheveux avec des colorations</a> naturelles qui respectent la fibre capillaire et limitent les effets indésirables sur la santé. Pour en savoir plus, lisez notre guide !"
"38537";"Les meilleures tondeuses à cheveux 0 mm";"https://meilleurtest.fr/comparatif-tondeuse-a-cheveux-0-mm/";"Beauté des cheveux";"Imaginez le temps que vous gagneriez pour entretenir et couper vos cheveux à la maison ! Avec une tondeuse à cheveux 0 mm dans la main, vous n'avez pas à faire la queue pendant des heures au salon de coiffure en attendant votre tour. Cependant, toutes les tondeuses à cheveux 0 mm ne vous donneront pas les résultats souhaités. Pour faciliter la recherche de la tondeuse à cheveux 0 mm idéale, nous avons créé pour vous un guide facile à suivre.";"Ras du crâne, dégradé à blanc, contours nets : les tondeuses 0 mm doivent couper au plus près sans irriter la peau. Qualité de la lame, précision du sabot et autonomie séparent les modèles. Nous avons rassemblé les tondeuses 0 mm les plus précises, parmi les <a href=""https://meilleurtest.fr/comparatif-tondeuse-a-cheveux-0-mm-professionnelle/"">tondeuses 0 mm professionnelles</a>, les <a href=""https://meilleurtest.fr/comparatif-tondeuse-a-cheveux/"">tondeuses classiques</a> et les modèles les plus <a href=""https://meilleurtest.fr/comparatif-tondeuse-a-cheveux-pour-homme/"">adaptés pour homme</a>."
"38536";"Les meilleurs traitements calvitie";"https://meilleurtest.fr/comparatif-traitement-calvitie/";"Beauté des cheveux";"De récents sondages ont révélé que 13 % des Français ont déclaré souffrir de la calvitie. Si vous en faites partie, rassurez-vous, ce mal peut être traité autrement que par des transplantations capillaires. Parmi les traitements connus à ce jour, aucun ne produit des effets permanents, d’où la nécessité de trouver un remède efficace et abordable en vue d’une utilisation régulière. Pour vous aider à choisir, jetez un coup œil à notre guide."
"38530";"Les meilleures huiles pour cheveux secs et abîmés";"https://meilleurtest.fr/comparatif-huile-pour-cheveux-secs-et-abimes/";"Beauté des cheveux";"Les cheveux subissent de plein fouet les agressions dues à la pollution, aux facteurs climatiques et aux appareils chauffants. En conséquence, ils deviennent secs, ternes et abîmés. Pour réparer des cheveux au plus mal, essayez les huiles végétales. Coco, argan, olive, moringa, jojoba, etc., trouvez à travers ce guide l’huile pour cheveux secs et abîmés adaptée à votre tignasse."
"38520";"Les meilleures kératines pour cheveux";"https://meilleurtest.fr/comparatif-keratine-pour-cheveux/";"Beauté des cheveux";"Protéine naturelle présente dans les cheveux, la kératine confère tonus et brillance à la fibre capillaire. Quand elle est administrée en tant que <a href=""https://meilleurtest.fr/comparatif-soin-cheveux/"" target=""_blank"" rel=""noopener"">soin</a>, elle possède des vertus réparatrices et nourrissantes. Quelle kératine pour cheveux choisir et quels en sont les différents types ? L’on vous dit tout dans ce guide d’achat et comparatif."
"38496";"Les meilleurs shampoings secs";"https://meilleurtest.fr/comparatif-shampoing-sec/";"Beauté des cheveux";"Meilleur allié des matins pressés et des soirées impromptues, le shampoing sec permet de laver les cheveux sans eau et d’y ajouter vite fait du volume et de la texture. Utilisé à bon escient, il dépanne bien en cas d’urgence capillaire comme une chevelure sale et tout aplatie. Il permet également d’espacer les lavages de cheveux pour protéger le cuir chevelu. Spray ou poudre : quel shampoing sec choisir ? Lisez ce guide pour en savoir plus."
"38475";"Les meilleurs shampoings pour cheveux colorés";"https://meilleurtest.fr/comparatif-shampoing-pour-cheveux-colores/";"Beauté des cheveux";"Avec une jolie coloration viennent les cheveux fragilisés et qui ont besoin de soins particuliers. Comment redonner à vos fibres capillaires le même tonus qu’avant tout en arborant de belles couleurs chatoyantes et éclatantes ? Un <a href=""https://meilleurtest.fr/comparatif-eclaircissant-cheveux/"">éclaircissant</a> ne suffira pas. Nous avons une solution toute simple : un bon shampoing pour cheveux colorés, à utiliser de préférence avec la gamme de soins capillaires de même marque, si possible de même gamme. Parlons-en !"
"38459";"Les meilleurs shampoings cheveux secs";"https://meilleurtest.fr/comparatif-shampoing-cheveu-sec/";"Beauté des cheveux";"Agressés par les facteurs extérieurs, les cheveux deviennent secs et fragiles. On essaie toutes les astuces pour leur redonner vitalité, brillance et souplesse. Et une bonne routine qui se respecte comprend forcément un shampoing cheveux secs. Après maintes recherches, nous rassemblons ici astuces, critères de choix et meilleurs shampoings cheveux secs. Lisez ce guide pour en savoir plus."
"38457";"Les meilleures colorations cheveux blancs";"https://meilleurtest.fr/comparatif-coloration-cheveux-blancs/";"Beauté des cheveux";"Si vous aussi redoutez l’apparition des cheveux blancs, sachez que le marché propose tout un éventail de colorations (en poudre, gel, feutre, etc.) pour bien les masquer. Permanentes, semi-permanentes ou temporaires pour une retouche rapide, elles camoufleront efficacement vos cheveux blancs tout en préservant votre capital capillaire. Mais quel produit choisir ? Lisez ce  guide pour en savoir plus."
"38444";"Les meilleurs sérums pour cheveux";"https://meilleurtest.fr/comparatif-serum-pour-cheveux/";"Beauté des cheveux";"Cheveux longs, courts, lisses, crépus, gras, secs... Utilisés pour avoir des cheveux brillants et soyeux, ou pour donner du volume et de la longueur à la chevelure, les sérums pour cheveux sont les passe-partout en matière de soins capillaires. De nos jours, il y en a pour tous les goûts, toutes les bourses et tous les types de cheveux. Lisez notre guide des meilleurs sérums pour cheveux pour en savoir plus."
"38437";"Les meilleures colorations chocolat";"https://meilleurtest.fr/comparatif-coloration-chocolat/";"Beauté des cheveux";"<strong>La coloration chocolat fait fureur auprès de la gent féminine. Pour s'en rendre compte, il n’y a qu’à compter le nombre des célébrités qui l’ont adoptée ces dernières années. Si vous souhaitez offrir à vos cheveux une nouvelle coloration, osez le chocolat ! À ce sujet, nous vous proposons à travers ce guide d'achat des conseils de beauté ainsi qu’un comparatif des 4 meilleures colorations chocolat du moment.</strong>"
"38421";"Les meilleures huiles pour cheveux";"https://meilleurtest.fr/comparatif-huile-pour-cheveux/";"Beauté des cheveux";"Les cheveux ont besoin de soins particuliers pour rester brillants et en bonne santé. Pour cela, l’huile capillaire joue un rôle majeur. Elle favorise l’hydratation, la lutte contre les pellicules, les cheveux cassants… Sur le marché, on peut trouver plusieurs types d’huiles pour cheveux, vous avez largement le choix pour trouver celle qui vous correspond. De notre côté, on a cherché les meilleures huiles pour cheveux afin de faciliter vos recherches."
"38396";"Les meilleurs bigoudis";"https://meilleurtest.fr/comparatif-bigoudi/";"Beauté des cheveux";"Vous souhaitez apporter du volume et de magnifiques ondulations à votre chevelure ? Il vous faut un ou des bigoudis. En effet, ces accessoires sont tout sauf démodés. Et vous serez étonnée de savoir combien de célébrités y ont recours pour parfaire leur toison ! Si ça vous tente, fiez-vous à notre guide des meilleurs bigoudis du moment."
"38377";"Les meilleurs après-shampoings";"https://meilleurtest.fr/comparatif-apres-shampoing/";"Beauté des cheveux";"<p style=""margin-bottom: .0001pt;"">Utilisé en duo avec le shampoing, l’après-shampoing permet de nourrir et adoucir la chevelure. Ses effets se font plus rapidement sentir comparé aux masques, pour un rendu plus brillant et plus hydraté. Par ailleurs, grâce à l'après-shampoing, les cheveux fragilisés par les facteurs polluants extérieurs et les appareils chauffants deviennent intensément nourris. Lequel choisir ? Fiez-vous à notre guide des meilleurs après-<a class=""wpil_keyword_link"" title=""shampoings"" href=""https://meilleurtest.fr/comparatif-shampoing/"" data-wpil-keyword-link=""linked"">shampoings</a>.</p>"
"38352";"Les meilleurs soins cheveux";"https://meilleurtest.fr/comparatif-soin-cheveux/";"Beauté des cheveux";"Pour entretenir votre magnifique cheveluee, vous devez acheter des produits de soins capillaires efficaces et doux pour votre cuir chevelu et vos cheveux. Avec une large variété de produits de soin cheveux disponibles sur le marché, il peut être un peu difficile de faire le tri. Cela devient encore plus difficile lorsque vous avez des problèmes de cheveux cassés et de chute de cheveux, entre autres. Si vous avez du mal à faire le bon choix, ce guide vous sera d’une grande utilité."
"38279";"Les meilleures brosses lissantes";"https://meilleurtest.fr/comparatif-brosse-lissante/";"Beauté des cheveux";"Les brosses lissantes permettent d’avoir rapidement des cheveux lisses et brillants sans avoir besoin d'un <a href=""https://meilleurtest.fr/comparatif-lisseur-a-cheveux/"">fer à lisser</a>. Ces outils polyvalents combinent les avantages d'une brosse à cheveux classiques avec la chaleur pour faciliter le coiffage. Selon une étude récente, 70% des femmes considèrent la brosse lissante comme un élément indispensable à leur routine capillaire. Découvrez dans ce guide notre sélection des meilleures brosses lissantes pour cette année."
"38249";"Les meilleurs shampoings déjaunisseurs";"https://meilleurtest.fr/comparatif-shampoing-dejaunisseur/";"Beauté des cheveux";"Il n’y a rien de pire que de regarder votre chevelure blonde crémeuse, fraiche et éclatante virer à un jaune vraiment peu flatteur. Mais pourquoi cela se produit-il et que pouvez-vous faire à ce sujet pour y remédier ? Ce comparatif répondra à toutes vos questions et vous présentera une sélection de produit à utiliser pour vous éviter d’avoir les cheveux jaunes."
"38225";"Les meilleurs shampoings bio";"https://meilleurtest.fr/comparatif-shampoing-bio/";"Beauté des cheveux";"Pointes fourchues, cheveux indisciplinés, asséchés..., tels sont les signes d’une chevelure fragilisée par la pollution, les appareils chauffants et les produits chimiques. À cet effet, renversez la vapeur en incluant dans votre routine capillaire le shampoing bio et redonnez à votre tignasse toute sa vitalité d’antan. Shampoings sans sulfate, antichute, volumisant, etc., que choisir ? Suivez ce guide."
"38215";"Les meilleurs lisseurs boucleurs";"https://meilleurtest.fr/comparatif-lisseur-boucleur/";"Beauté des cheveux";"Parfois, vous aimez avoir les cheveux lisses et parfois vous les aimez bouclés. Avec un fer à lisser et boucler, plus communément appelé lisseur boucleur, vous pouvez arranger votre chevelure au gré de vos envies sans les abîmer. Mais comme il existe une pléthore de déclinaisons, il devient difficile de choisir le modèle qui répondra le mieux à vos besoins. D’où l’intérêt de consulter ce guide comparatif des <a class=""wpil_keyword_link"" title=""meilleurs lisseurs"" href=""https://meilleurtest.fr/comparatif-lisseur-a-cheveux/"" data-wpil-keyword-link=""linked"">meilleurs lisseurs</a> boucleurs."
"38195";"Les meilleurs shampoings anti-pelliculaires";"https://meilleurtest.fr/comparatif-shampoing-anti-pelliculaires/";"Beauté des cheveux";"Vous avez le<a href=""https://meilleurtest.fr/comparatif-shampoing-pour-cuir-chevelu-irrite-et-demangeaisons/?wordpress_logged_in=true""> cuir chevelu irrité</a>, qui démange et accablé par la présence de pellicules. Un shampoing anti-pelliculaire vous apportera un soin pour y remédier. Mais avec la grande diversité de shampoing sur le marché, faire le choix pour répondre à nos attentes n’est pas une tâche facile. Trouvez alors à travers notre guide d’achat, le meilleur shampoing anti-pelliculaire."
"38084";"Les meilleures tondeuses à cheveux professionnelles";"https://meilleurtest.fr/comparatif-tondeuse-a-cheveux-professionnelle/";"Beauté des cheveux";"Vos visites fréquentes chez le coiffeur reviennent chères sur le long terme. Et quelquefois, la coupe a du mal à vous satisfaire. Mais vous le savez, on n'est jamais mieux servi que par soi-même ! Dans ce cas, offrez-vous une tondeuse à cheveux professionnelle. Certes, le choix est très vastes, tant au niveau des marques qu'au niveau des prix. Mais faites surtout attention à la qualité des lames et la puissance du moteur. Trop compliqué à chercher ? Économisez votre temps et fiez-vous à notre guide des meilleures <a class=""wpil_keyword_link"" title=""tondeuses à cheveux"" href=""https://meilleurtest.fr/comparatif-tondeuse-a-cheveux/"" data-wpil-keyword-link=""linked"">tondeuses à cheveux</a> professionnelles.";"Lames en acier trempé, moteur rotatif et ergonomie pensée pour de longues séances : les tondeuses professionnelles visent les coiffeurs et les utilisateurs exigeants. Nous avons compilé les modèles professionnels les plus fiables, face aux <a href=""https://meilleurtest.fr/comparatif-tondeuse-a-cheveux/"">tondeuses grand public</a>, aux <a href=""https://meilleurtest.fr/comparatif-tondeuse-a-cheveux-0-mm/"">tondeuses 0 mm</a> et aux tondeuses de <a href=""https://meilleurtest.fr/comparatif-tondeuse-a-cheveux-pour-homme/"">coupe pour homme</a>."
"38058";"Les meilleurs sèche-cheveux Dyson";"https://meilleurtest.fr/comparatif-seche-cheveux-dyson/";"Beauté des cheveux";"Pas le temps de sécher vos cheveux à l’air libre ? Vous en avez assez des frisottis qui rendent les cheveux indomptables ? Le sèche-cheveux Dyson s’impose comme une évidence. Innovante, l’invention de la marque anglaise a fait florès et conquis particuliers et professionnels. Design et fonctionnement repensés, technologie brevetée qui fait l’objet d’un type de <a href=""https://meilleurtest.fr/comparatif-seche-cheveux-ionique/"" target=""_blank"" rel=""noopener"">sèche-cheveux</a> à part entière, une meilleure considération de votre santé capillaire, voilà ce qui vous attend avec la gamme de sèche-cheveux Dyson. Lisez ce guide et trouvez le vôtre.";"Moteur numérique, flux d'air concentré et design reconnaissable : les sèche-cheveux Dyson misent sur la vitesse de séchage et la protection thermique. Leur prix élevé impose de vérifier si les performances suivent. Nous avons comparé les sèche-cheveux Dyson aux <a href=""https://meilleurtest.fr/comparatif-seche-cheveux-professionnels/"">sèche-cheveux professionnels</a>, aux <a href=""https://meilleurtest.fr/comparatif-seche-cheveux-ionique/"">modèles ioniques</a> et aux modèles les plus <a href=""https://meilleurtest.fr/comparatif-seche-cheveux-silencieux/"">silencieux</a>."
"37970";"Les meilleures tondeuses à cheveux";"https://meilleurtest.fr/comparatif-tondeuse-a-cheveux/";"Beauté des cheveux";"L'utilisation d'une tondeuse à cheveux permet de faire de belles économies. D'ailleurs, seuls 4 hommes sur 10 vont chez le coiffeur en France. Pour cheveux et barbe, voire tout le corps, choisir le bon modèle est une question de marque (Philips, Babyliss, Panasonic...), de prix, de qualité de coupe et d'autonomie. Pour vous, nous avons comparé les meilleurs comparatifs de tondeuses à cheveux pour cette année.";"Longueurs, dégradés, finitions : les tondeuses à cheveux permettent de maîtriser sa coupe sans passer par le salon. Lames, sabots et autonomie de la batterie conditionnent la précision du résultat. Nous avons retenu les tondeuses les plus fiables, parmi les <a href=""https://meilleurtest.fr/comparatif-tondeuse-a-cheveux-professionnelle/"">tondeuses professionnelles</a>, les <a href=""https://meilleurtest.fr/comparatif-tondeuse-a-cheveux-0-mm/"">tondeuses 0 mm</a> et les modèles de <a href=""https://meilleurtest.fr/comparatif-tondeuse-a-cheveux-pour-homme/"">coupe pour homme</a>."
"37944";"Les meilleurs sèche-cheveux ioniques";"https://meilleurtest.fr/comparatif-seche-cheveux-ionique/";"Beauté des cheveux";"Votre chevelure a les pointes sèches et cassantes, perd de sa brillance ou devient rêche ? Rassurez-vous, ces dommages ne sont pas irréparables, bien au contraire ! Afin d'y remédier, offrez-vous un bon <a class=""wpil_keyword_link"" title=""sèche-cheveux"" href=""https://meilleurtest.fr/comparatif-seche-cheveux/"" data-wpil-keyword-link=""linked"">sèche-cheveux</a> ionique. Plus respectueux du cuir chevelu, cet appareil semble mieux adapté que le sèche-cheveux classique pour un séchage quotidien. Mais quel modèle choisir ? On vous invite à faire votre choix grâce à notre comparatif.";"La technologie ionique promet des cheveux moins statiques et un séchage plus rapide grâce à des ions négatifs qui fragmentent l'eau. Tous les modèles ne se valent pas sur ce point. Nous avons vérifié l'efficacité des sèche-cheveux ioniques du marché, face aux <a href=""https://meilleurtest.fr/comparatif-seche-cheveux-silencieux/"">modèles silencieux</a>, aux <a href=""https://meilleurtest.fr/comparatif-seche-cheveux-pour-cheveux-boucles/"">sèche-cheveux pour cheveux bouclés</a> et aux <a href=""https://meilleurtest.fr/comparatif-brosse-soufflante-chauffante/"">brosses soufflantes chauffantes</a>."
"37943";"Les meilleurs sèche-cheveux silencieux";"https://meilleurtest.fr/comparatif-seche-cheveux-silencieux/";"Beauté des cheveux";"Avoir un sèche-cheveux c’est bien, en avoir un silencieux, c’est mieux. Les fabricants ont bien compris que le bruit d'un sèche-cheveux en marche pouvait s'avérer incommodant. C’est pourquoi ils œuvrent sans cesse pour offrir des sèche-cheveux les moins bruyants possible pour ne pas déranger les autres ni nuire à vos oreilles !  Nouvelles technologies, fonctionnalités… autant de critères à prendre en compte. Focus sur les <a class=""wpil_keyword_link"" title=""meilleurs sèche-cheveux"" href=""https://meilleurtest.fr/comparatif-seche-cheveux/"" data-wpil-keyword-link=""linked"">meilleurs sèche-cheveux</a> silencieux du moment.";"Un séchage rapide sans bruit excessif : les sèche-cheveux silencieux visent les foyers sensibles au volume sonore. Moteur DC ou numérique, niveau de décibels et puissance effective varient d'un modèle à l'autre. Nous avons étudié les références les plus discrètes, parmi les <a href=""https://meilleurtest.fr/comparatif-seche-cheveux-ionique/"">modèles ioniques</a>, les <a href=""https://meilleurtest.fr/comparatif-seche-cheveux-diffuseur/"">sèche-cheveux à diffuseur</a> et les <a href=""https://meilleurtest.fr/comparatif-seche-cheveux-de-voyage/"">versions de voyage</a>."
"37788";"Les meilleures brosses soufflantes chauffantes";"https://meilleurtest.fr/comparatif-brosse-soufflante-chauffante/";"Beauté des cheveux";"La brosse soufflante chauffante a de nombreux avantages pratiques. Elle assure le séchage et le coiffage à la fois, ce qui permet de gagner un temps considérable au moment de se préparer. Généralement doté d’un revêtement en céramique, l'appareil préserve la nature des cheveux et consolide leur brillance après le coiffage. Et qui a dit qu'il était seulement réservé à un usage domestique ? En effet, les accessoires fournis et la qualité de fabrication de certains modèles permettent de s'en servir dans le cadre professionnel. Faites le bon choix en consultant notre sélection des meilleures brosses soufflantes chauffantes pour cette année.";"Sécher et coiffer en un seul geste : les brosses soufflantes chauffantes combinent le volume d'un brushing et la simplicité d'une brosse ronde. Puissance, revêtement et diamètre du corps influencent le résultat. Nous avons examiné les brosses soufflantes les plus efficaces, face aux <a href=""https://meilleurtest.fr/comparatif-brosse-seche-cheveux/"">brosses sèche-cheveux</a>, aux <a href=""https://meilleurtest.fr/comparatif-brosse-soufflante-rotative/"">brosses soufflantes rotatives</a> et aux <a href=""https://meilleurtest.fr/comparatif-seche-cheveux-diffuseur/"">sèche-cheveux à diffuseur</a>."
"37780";"Les meilleures extensions de cheveux";"https://meilleurtest.fr/comparatif-extension-de-cheveux/";"Beauté des cheveux";"Le marché des extensions capillaires est en plein boom. De plus en plus de femmes osent les rajouts pour passer d'un style classique à une allure plus raffinée. Et ce ne sont pas les choix qui manquent. Avouez tout de même qu’entre les cheveux synthétiques et naturels, lisses et ondulés, sans oublier les couleurs ou le type de fixation, on ne sait plus où se donner de la tête. Si vous aussi, vous souhaitez vous faire  poser des extensions de cheveux, notre guide d'achat va faciliter vos  recherches."
"37667";"Les meilleurs shampoings américains décolorants";"https://meilleurtest.fr/comparatif-shampoing-americain-decolorant/";"Beauté des cheveux";"Les cheveux naturellement pigmentés et les cheveux colorés nécessitent un petit éclaircissement de temps à autre. Sans forcément passer par la case décoloration, rarement bénéfique aux cheveux, il existe des méthodes plus douces et plus efficaces. Champion du genre, le shampoing américain décolorant offre une excellente alternative, surtout sur les bases plutôt claires ou moyennes. Il s’agit d’un mélange de produits fait maison ou acheté chez un spécialiste, qui décolore légèrement les cheveux. Lisez ce guide pour en savoir plus."
"37597";"Les meilleurs lisseurs pas cher";"https://meilleurtest.fr/comparatif-lisseur-pas-cher/";"Beauté des cheveux";"Les lisseurs pas chers sont des accessoires incontournables pour toutes les femmes qui souhaitent dompter des boucles rebelles ou réaliser des coiffures élégantes, sans avoir à dépenser énormément de l’argent. Tout aussi efficaces que les lisseurs professionnels, les <a href=""https://meilleurtest.fr/comparatif-lisseur-boucleur/"">lisseurs à cheveux</a> économiques vous permettront d’atteindre des résultats époustouflants à la maison avec le minimum d’effort. Si vous êtes à la recherche du lisseur qui correspond parfaitement à vos exigences en termes de prix et de performances, consultez ce guide comparatif."
"37582";"Les meilleurs lisseurs vapeur";"https://meilleurtest.fr/comparatif-lisseur-vapeur/";"Beauté des cheveux";"À tous ceux qui veulent dompter leur crinière rebelle en un clin d'œil, le lisseur vapeur vous rendra de fiers services. Utilisant la puissance de la vapeur, l'appareil hydrate les cheveux <a href=""https://meilleurtest.fr/comparatif-lisseur-a-cheveux/"">tout en les lissant avec ses plaques en céramique ou en titane</a>, réduisant les dommages causés par la chaleur traditionnelle. Grâce à cette technologie, les cheveux deviennent plus brillants et moins sujets aux frisottis. Le lisseur vapeur est également rapide et donne des résultats digne d'un salon, idéal pour les matins pressés ou les occasions spéciales. Les détails dans ce guide."
"37523";"Les meilleures patines pour cheveux blonds";"https://meilleurtest.fr/comparatif-patine-pour-cheveux-blonds/";"Beauté des cheveux";"Produit hybride et astuce beauté incontournable pour les cheveux blonds, la patine permet de déjaunir les cheveux et entretenir <a href=""https://meilleurtest.fr/comparatif-coloration-blonde/"">la coloration</a> sur le long terme. Toute la difficulté consiste à savoir laquelle choisir. Pour vous faciliter la tâche, nous avons réalisé un comparatif des meilleures patines pour cheveux blonds du moment."
"37515";"Les meilleurs lissages brésiliens";"https://meilleurtest.fr/comparatif-lissage-bresilien/";"Beauté des cheveux";"Un <a href=""https://meilleurtest.fr/comparatif-soin-cheveux/"">soin capillaire</a> spécifique est nécessaire pour avoir des cheveux soyeux, agréables au toucher et en bonne santé. Justement, le lissage brésilien contribue à l’embellissement de la chevelure. Au-delà du défrisage, ce procédé rend les cheveux plus souples, plus brillants et plus sains. Cependant, il faut savoir faire le tri parmi tous les produits proposés sur le marché. Pour vous aider, découvrez notre guide comparatif des meilleurs lissages brésiliens en 2022."
"37506";"Les meilleurs fers à boucler";"https://meilleurtest.fr/comparatif-fer-a-boucler/";"Beauté des cheveux";"Envie de changer de tête comme on change de vêtements ? C’est tout à possible possible grâce à un fer à boucler. Il convient très bien si vous en avez marre des <a href=""https://meilleurtest.fr/comparatif-fer-a-friser/"">cheveux frisés</a> ou lisses. L’appareil permet différentes tailles de boucles, des plus serrées aux vagues douces, pour vous assurer un style unique et personnalisé. On l’apprécie également pour son aspect pratique, son efficacité et ses résultats rapides. En céramique, en tourmaline ou en titane ? Ionique ou à vapeur ? Découvrez les meilleurs fers à boucler de l’année à travers ce guide d'achat."
"37482";"Les meilleurs shampoings bleus";"https://meilleurtest.fr/comparatif-shampoing-bleu/";"Beauté des cheveux";"L’une des principaux soucis des cheveux blonds ou gris c’est les reflets jaunes et oranges. Qui n’a jamais connu quelqu’un avec les cheveux jaunes tournesol ? Ne vous inquiétez pas, les <a class=""wpil_keyword_link"" title=""shampoings"" href=""https://meilleurtest.fr/comparatif-shampoing/"" data-wpil-keyword-link=""linked"">shampoings</a> bleus sont là pour effacer ces effets indésirables. Dans cet article, dans notre guide d’achat, nous allons vous présenter les meilleurs shampoings bleus pour redonner à vos cheveux ces éclats d’origine."
"37454";"Les meilleures colorations cheveux";"https://meilleurtest.fr/comparatif-coloration-pour-cheveux/";"Beauté des cheveux";"Vous avez peut-être envie d’un nouveau look, de vous donner quelques années de moins ou simplement de changer de tête ? L’un des moyens les plus efficaces pour y arriver c’est surement de teinter vos cheveux. À travers ce guide, découvrez les essentiels à savoir pour vous permettre de paraître plus jeune tout en restant à la mode avec les différentes colorations cheveux existants."
"37451";"Les meilleurs shampoings";"https://meilleurtest.fr/comparatif-shampoing/";"Beauté des cheveux";"Le shampoing est essentiel pour nettoyer les cheveux tout en traitant divers problèmes capillaires. Composé d'agents hydratants, de vitamines et d'extraits de plantes, il renforce et protège les cheveux et existe également en <a href=""//meilleurtest.fr/comparatif-shampoing-solide/"">versions solides</a>, <a href=""//meilleurtest.fr/comparatif-shampoing-sec/"">secs</a>, <a href=""//meilleurtest.fr/comparatif-shampoing-sans-sulfate/"">sans sulfates</a>, <a href=""//meilleurtest.fr/comparatif-shampoing-anti-chute/"">anti-chute</a>, <a href=""//meilleurtest.fr/comparatif-shampoing-eclaircissant/"">éclaircissants</a>, <a href=""//meilleurtest.fr/comparatif-shampoings-a-keratine/"">à la kératine</a> <a href=""//meilleurtest.fr/comparatif-shampoing-anti-pelliculaires/"">antipelliculaires</a> ou encore <a href=""//meilleurtest.fr/comparatif-shampoing-bio/"">bio</a> pour satisfaire tous les besoins. Comme chaque type de cheveux (<a href=""//meilleurtest.fr/comparatif-shampoing-pour-cheveux-fins/"">fins</a>, <a href=""//meilleurtest.fr/comparatif-shampoing-pour-cheveux-colores/"">colorés</a>, <a href=""//meilleurtest.fr/comparatif-shampoing-cheveux-gras/"">gras</a>, <a href=""//meilleurtest.fr/comparatif-shampoing-pour-cheveux-abimes/"">abîmés</a>, <a href=""//meilleurtest.fr/comparatif-shampoing-cheveu-sec/"">secs</a>, <a href=""//meilleurtest.fr/comparatif-shampoing-pour-cheveux-crepus/"">crépus</a>, etc.) a son shampoing dédié, découvrez parmi notre sélection, le produit adéquat pour vous."
"37433";"Les meilleurs shampoings sans sulfate";"https://meilleurtest.fr/comparatif-shampoing-sans-sulfate/";"Beauté des cheveux";"Beaucoup pensent à tort qu’un shampoing qui ne mousse ou qui mousse peu a un faible pouvoir nettoyant. En réalité, la production abondante de mousse dans un shampoing vient de la présence de sulfate dans la formule. Il s'agit d'un principe tensioactif qu'on retrouve dans bon nombre de shampoings et qui élimine irrémédiablement les huiles naturelles du cuir chevelu. La solution ? Utiliser un shampoing sans sulfate ! Trouvez le meilleur shampoing sans sulfate adapté à vos cheveux à travers notre sélection et notre guide d'achat."
"37362";"Les meilleurs shampoings cheveux gras";"https://meilleurtest.fr/comparatif-shampoing-cheveux-gras/";"Beauté des cheveux";"Il est impératif d’utiliser le shampoing le plus adapté à la nature de ses cheveux. Les shampoings pour cheveux gras purifient le cuir chevelu avec une action sébo-régulatrice qui gère l’apparition de sébum. Mais avec le grand nombre de shampoings disponibles sur le marché, il n’est pas facile de choisir le bon produit capillaire. Lisez notre guide pour faciliter votre choix."
"37230";"Les meilleurs balayages caramel";"https://meilleurtest.fr/comparatif-balayage-caramel/";"Beauté des cheveux";"Vous souhaitez apporter une belle nuance pour vos cheveux bruns et châtains ? Si oui, pourquoi ne pas opter pour un balayage caramel qui illuminera votre chevelure ? Ce type de coloration est effectivement parfait afin d’avoir un aspect éclatant tout en restant subtil. Voici un comparatif qui vous aidera à trouver le meilleur balayage caramel pour une teinte parfaite."
"38084";"Les meilleures tondeuses à cheveux professionnelles";"https://meilleurtest.fr/comparatif-tondeuse-a-cheveux-professionnelle/";"Beauté des cheveux";"Vos visites fréquentes chez le coiffeur reviennent chères sur le long terme. Et quelquefois, la coupe a du mal à vous satisfaire. Mais vous le savez, on n'est jamais mieux servi que par soi-même ! Dans ce cas, offrez-vous une tondeuse à cheveux professionnelle. Certes, le choix est très vastes, tant au niveau des marques qu'au niveau des prix. Mais faites surtout attention à la qualité des lames et la puissance du moteur. Trop compliqué à chercher ? Économisez votre temps et fiez-vous à notre guide des meilleures <a class=""wpil_keyword_link"" title=""tondeuses à cheveux"" href=""https://meilleurtest.fr/comparatif-tondeuse-a-cheveux/"" data-wpil-keyword-link=""linked"">tondeuses à cheveux</a> professionnelles.";"Lames en acier trempé, moteur rotatif et ergonomie pensée pour de longues séances : les tondeuses professionnelles visent les coiffeurs et les utilisateurs exigeants. Nous avons compilé les modèles professionnels les plus fiables, face aux <a href=""https://meilleurtest.fr/comparatif-tondeuse-a-cheveux/"">tondeuses grand public</a>, aux <a href=""https://meilleurtest.fr/comparatif-tondeuse-a-cheveux-0-mm/"">tondeuses 0 mm</a> et aux tondeuses de <a href=""https://meilleurtest.fr/comparatif-tondeuse-a-cheveux-pour-homme/"">coupe pour homme</a>."
"38058";"Les meilleurs sèche-cheveux Dyson";"https://meilleurtest.fr/comparatif-seche-cheveux-dyson/";"Beauté des cheveux";"Pas le temps de sécher vos cheveux à l’air libre ? Vous en avez assez des frisottis qui rendent les cheveux indomptables ? Le sèche-cheveux Dyson s’impose comme une évidence. Innovante, l’invention de la marque anglaise a fait florès et conquis particuliers et professionnels. Design et fonctionnement repensés, technologie brevetée qui fait l’objet d’un type de <a href=""https://meilleurtest.fr/comparatif-seche-cheveux-ionique/"" target=""_blank"" rel=""noopener"">sèche-cheveux</a> à part entière, une meilleure considération de votre santé capillaire, voilà ce qui vous attend avec la gamme de sèche-cheveux Dyson. Lisez ce guide et trouvez le vôtre.";"Moteur numérique, flux d'air concentré et design reconnaissable : les sèche-cheveux Dyson misent sur la vitesse de séchage et la protection thermique. Leur prix élevé impose de vérifier si les performances suivent. Nous avons comparé les sèche-cheveux Dyson aux <a href=""https://meilleurtest.fr/comparatif-seche-cheveux-professionnels/"">sèche-cheveux professionnels</a>, aux <a href=""https://meilleurtest.fr/comparatif-seche-cheveux-ionique/"">modèles ioniques</a> et aux modèles les plus <a href=""https://meilleurtest.fr/comparatif-seche-cheveux-silencieux/"">silencieux</a>."
"37970";"Les meilleures tondeuses à cheveux";"https://meilleurtest.fr/comparatif-tondeuse-a-cheveux/";"Beauté des cheveux";"L'utilisation d'une tondeuse à cheveux permet de faire de belles économies. D'ailleurs, seuls 4 hommes sur 10 vont chez le coiffeur en France. Pour cheveux et barbe, voire tout le corps, choisir le bon modèle est une question de marque (Philips, Babyliss, Panasonic...), de prix, de qualité de coupe et d'autonomie. Pour vous, nous avons comparé les meilleurs comparatifs de tondeuses à cheveux pour cette année.";"Longueurs, dégradés, finitions : les tondeuses à cheveux permettent de maîtriser sa coupe sans passer par le salon. Lames, sabots et autonomie de la batterie conditionnent la précision du résultat. Nous avons retenu les tondeuses les plus fiables, parmi les <a href=""https://meilleurtest.fr/comparatif-tondeuse-a-cheveux-professionnelle/"">tondeuses professionnelles</a>, les <a href=""https://meilleurtest.fr/comparatif-tondeuse-a-cheveux-0-mm/"">tondeuses 0 mm</a> et les modèles de <a href=""https://meilleurtest.fr/comparatif-tondeuse-a-cheveux-pour-homme/"">coupe pour homme</a>."
"37944";"Les meilleurs sèche-cheveux ioniques";"https://meilleurtest.fr/comparatif-seche-cheveux-ionique/";"Beauté des cheveux";"Votre chevelure a les pointes sèches et cassantes, perd de sa brillance ou devient rêche ? Rassurez-vous, ces dommages ne sont pas irréparables, bien au contraire ! Afin d'y remédier, offrez-vous un bon <a class=""wpil_keyword_link"" title=""sèche-cheveux"" href=""https://meilleurtest.fr/comparatif-seche-cheveux/"" data-wpil-keyword-link=""linked"">sèche-cheveux</a> ionique. Plus respectueux du cuir chevelu, cet appareil semble mieux adapté que le sèche-cheveux classique pour un séchage quotidien. Mais quel modèle choisir ? On vous invite à faire votre choix grâce à notre comparatif.";"La technologie ionique promet des cheveux moins statiques et un séchage plus rapide grâce à des ions négatifs qui fragmentent l'eau. Tous les modèles ne se valent pas sur ce point. Nous avons vérifié l'efficacité des sèche-cheveux ioniques du marché, face aux <a href=""https://meilleurtest.fr/comparatif-seche-cheveux-silencieux/"">modèles silencieux</a>, aux <a href=""https://meilleurtest.fr/comparatif-seche-cheveux-pour-cheveux-boucles/"">sèche-cheveux pour cheveux bouclés</a> et aux <a href=""https://meilleurtest.fr/comparatif-brosse-soufflante-chauffante/"">brosses soufflantes chauffantes</a>."
"37943";"Les meilleurs sèche-cheveux silencieux";"https://meilleurtest.fr/comparatif-seche-cheveux-silencieux/";"Beauté des cheveux";"Avoir un sèche-cheveux c’est bien, en avoir un silencieux, c’est mieux. Les fabricants ont bien compris que le bruit d'un sèche-cheveux en marche pouvait s'avérer incommodant. C’est pourquoi ils œuvrent sans cesse pour offrir des sèche-cheveux les moins bruyants possible pour ne pas déranger les autres ni nuire à vos oreilles !  Nouvelles technologies, fonctionnalités… autant de critères à prendre en compte. Focus sur les <a class=""wpil_keyword_link"" title=""meilleurs sèche-cheveux"" href=""https://meilleurtest.fr/comparatif-seche-cheveux/"" data-wpil-keyword-link=""linked"">meilleurs sèche-cheveux</a> silencieux du moment.";"Un séchage rapide sans bruit excessif : les sèche-cheveux silencieux visent les foyers sensibles au volume sonore. Moteur DC ou numérique, niveau de décibels et puissance effective varient d'un modèle à l'autre. Nous avons étudié les références les plus discrètes, parmi les <a href=""https://meilleurtest.fr/comparatif-seche-cheveux-ionique/"">modèles ioniques</a>, les <a href=""https://meilleurtest.fr/comparatif-seche-cheveux-diffuseur/"">sèche-cheveux à diffuseur</a> et les <a href=""https://meilleurtest.fr/comparatif-seche-cheveux-de-voyage/"">versions de voyage</a>."
"37788";"Les meilleures brosses soufflantes chauffantes";"https://meilleurtest.fr/comparatif-brosse-soufflante-chauffante/";"Beauté des cheveux";"La brosse soufflante chauffante a de nombreux avantages pratiques. Elle assure le séchage et le coiffage à la fois, ce qui permet de gagner un temps considérable au moment de se préparer. Généralement doté d’un revêtement en céramique, l'appareil préserve la nature des cheveux et consolide leur brillance après le coiffage. Et qui a dit qu'il était seulement réservé à un usage domestique ? En effet, les accessoires fournis et la qualité de fabrication de certains modèles permettent de s'en servir dans le cadre professionnel. Faites le bon choix en consultant notre sélection des meilleures brosses soufflantes chauffantes pour cette année.";"Sécher et coiffer en un seul geste : les brosses soufflantes chauffantes combinent le volume d'un brushing et la simplicité d'une brosse ronde. Puissance, revêtement et diamètre du corps influencent le résultat. Nous avons examiné les brosses soufflantes les plus efficaces, face aux <a href=""https://meilleurtest.fr/comparatif-brosse-seche-cheveux/"">brosses sèche-cheveux</a>, aux <a href=""https://meilleurtest.fr/comparatif-brosse-soufflante-rotative/"">brosses soufflantes rotatives</a> et aux <a href=""https://meilleurtest.fr/comparatif-seche-cheveux-diffuseur/"">sèche-cheveux à diffuseur</a>."
"37780";"Les meilleures extensions de cheveux";"https://meilleurtest.fr/comparatif-extension-de-cheveux/";"Beauté des cheveux";"Le marché des extensions capillaires est en plein boom. De plus en plus de femmes osent les rajouts pour passer d'un style classique à une allure plus raffinée. Et ce ne sont pas les choix qui manquent. Avouez tout de même qu’entre les cheveux synthétiques et naturels, lisses et ondulés, sans oublier les couleurs ou le type de fixation, on ne sait plus où se donner de la tête. Si vous aussi, vous souhaitez vous faire  poser des extensions de cheveux, notre guide d'achat va faciliter vos  recherches."
"37667";"Les meilleurs shampoings américains décolorants";"https://meilleurtest.fr/comparatif-shampoing-americain-decolorant/";"Beauté des cheveux";"Les cheveux naturellement pigmentés et les cheveux colorés nécessitent un petit éclaircissement de temps à autre. Sans forcément passer par la case décoloration, rarement bénéfique aux cheveux, il existe des méthodes plus douces et plus efficaces. Champion du genre, le shampoing américain décolorant offre une excellente alternative, surtout sur les bases plutôt claires ou moyennes. Il s’agit d’un mélange de produits fait maison ou acheté chez un spécialiste, qui décolore légèrement les cheveux. Lisez ce guide pour en savoir plus."
"37597";"Les meilleurs lisseurs pas cher";"https://meilleurtest.fr/comparatif-lisseur-pas-cher/";"Beauté des cheveux";"Les lisseurs pas chers sont des accessoires incontournables pour toutes les femmes qui souhaitent dompter des boucles rebelles ou réaliser des coiffures élégantes, sans avoir à dépenser énormément de l’argent. Tout aussi efficaces que les lisseurs professionnels, les <a href=""https://meilleurtest.fr/comparatif-lisseur-boucleur/"">lisseurs à cheveux</a> économiques vous permettront d’atteindre des résultats époustouflants à la maison avec le minimum d’effort. Si vous êtes à la recherche du lisseur qui correspond parfaitement à vos exigences en termes de prix et de performances, consultez ce guide comparatif."
"37582";"Les meilleurs lisseurs vapeur";"https://meilleurtest.fr/comparatif-lisseur-vapeur/";"Beauté des cheveux";"À tous ceux qui veulent dompter leur crinière rebelle en un clin d'œil, le lisseur vapeur vous rendra de fiers services. Utilisant la puissance de la vapeur, l'appareil hydrate les cheveux <a href=""https://meilleurtest.fr/comparatif-lisseur-a-cheveux/"">tout en les lissant avec ses plaques en céramique ou en titane</a>, réduisant les dommages causés par la chaleur traditionnelle. Grâce à cette technologie, les cheveux deviennent plus brillants et moins sujets aux frisottis. Le lisseur vapeur est également rapide et donne des résultats digne d'un salon, idéal pour les matins pressés ou les occasions spéciales. Les détails dans ce guide."
"37523";"Les meilleures patines pour cheveux blonds";"https://meilleurtest.fr/comparatif-patine-pour-cheveux-blonds/";"Beauté des cheveux";"Produit hybride et astuce beauté incontournable pour les cheveux blonds, la patine permet de déjaunir les cheveux et entretenir <a href=""https://meilleurtest.fr/comparatif-coloration-blonde/"">la coloration</a> sur le long terme. Toute la difficulté consiste à savoir laquelle choisir. Pour vous faciliter la tâche, nous avons réalisé un comparatif des meilleures patines pour cheveux blonds du moment."
"37515";"Les meilleurs lissages brésiliens";"https://meilleurtest.fr/comparatif-lissage-bresilien/";"Beauté des cheveux";"Un <a href=""https://meilleurtest.fr/comparatif-soin-cheveux/"">soin capillaire</a> spécifique est nécessaire pour avoir des cheveux soyeux, agréables au toucher et en bonne santé. Justement, le lissage brésilien contribue à l’embellissement de la chevelure. Au-delà du défrisage, ce procédé rend les cheveux plus souples, plus brillants et plus sains. Cependant, il faut savoir faire le tri parmi tous les produits proposés sur le marché. Pour vous aider, découvrez notre guide comparatif des meilleurs lissages brésiliens en 2022."
"37506";"Les meilleurs fers à boucler";"https://meilleurtest.fr/comparatif-fer-a-boucler/";"Beauté des cheveux";"Envie de changer de tête comme on change de vêtements ? C’est tout à possible possible grâce à un fer à boucler. Il convient très bien si vous en avez marre des <a href=""https://meilleurtest.fr/comparatif-fer-a-friser/"">cheveux frisés</a> ou lisses. L’appareil permet différentes tailles de boucles, des plus serrées aux vagues douces, pour vous assurer un style unique et personnalisé. On l’apprécie également pour son aspect pratique, son efficacité et ses résultats rapides. En céramique, en tourmaline ou en titane ? Ionique ou à vapeur ? Découvrez les meilleurs fers à boucler de l’année à travers ce guide d'achat."
"37482";"Les meilleurs shampoings bleus";"https://meilleurtest.fr/comparatif-shampoing-bleu/";"Beauté des cheveux";"L’une des principaux soucis des cheveux blonds ou gris c’est les reflets jaunes et oranges. Qui n’a jamais connu quelqu’un avec les cheveux jaunes tournesol ? Ne vous inquiétez pas, les <a class=""wpil_keyword_link"" title=""shampoings"" href=""https://meilleurtest.fr/comparatif-shampoing/"" data-wpil-keyword-link=""linked"">shampoings</a> bleus sont là pour effacer ces effets indésirables. Dans cet article, dans notre guide d’achat, nous allons vous présenter les meilleurs shampoings bleus pour redonner à vos cheveux ces éclats d’origine."
"37454";"Les meilleures colorations cheveux";"https://meilleurtest.fr/comparatif-coloration-pour-cheveux/";"Beauté des cheveux";"Vous avez peut-être envie d’un nouveau look, de vous donner quelques années de moins ou simplement de changer de tête ? L’un des moyens les plus efficaces pour y arriver c’est surement de teinter vos cheveux. À travers ce guide, découvrez les essentiels à savoir pour vous permettre de paraître plus jeune tout en restant à la mode avec les différentes colorations cheveux existants."
"37451";"Les meilleurs shampoings";"https://meilleurtest.fr/comparatif-shampoing/";"Beauté des cheveux";"Le shampoing est essentiel pour nettoyer les cheveux tout en traitant divers problèmes capillaires. Composé d'agents hydratants, de vitamines et d'extraits de plantes, il renforce et protège les cheveux et existe également en <a href=""//meilleurtest.fr/comparatif-shampoing-solide/"">versions solides</a>, <a href=""//meilleurtest.fr/comparatif-shampoing-sec/"">secs</a>, <a href=""//meilleurtest.fr/comparatif-shampoing-sans-sulfate/"">sans sulfates</a>, <a href=""//meilleurtest.fr/comparatif-shampoing-anti-chute/"">anti-chute</a>, <a href=""//meilleurtest.fr/comparatif-shampoing-eclaircissant/"">éclaircissants</a>, <a href=""//meilleurtest.fr/comparatif-shampoings-a-keratine/"">à la kératine</a> <a href=""//meilleurtest.fr/comparatif-shampoing-anti-pelliculaires/"">antipelliculaires</a> ou encore <a href=""//meilleurtest.fr/comparatif-shampoing-bio/"">bio</a> pour satisfaire tous les besoins. Comme chaque type de cheveux (<a href=""//meilleurtest.fr/comparatif-shampoing-pour-cheveux-fins/"">fins</a>, <a href=""//meilleurtest.fr/comparatif-shampoing-pour-cheveux-colores/"">colorés</a>, <a href=""//meilleurtest.fr/comparatif-shampoing-cheveux-gras/"">gras</a>, <a href=""//meilleurtest.fr/comparatif-shampoing-pour-cheveux-abimes/"">abîmés</a>, <a href=""//meilleurtest.fr/comparatif-shampoing-cheveu-sec/"">secs</a>, <a href=""//meilleurtest.fr/comparatif-shampoing-pour-cheveux-crepus/"">crépus</a>, etc.) a son shampoing dédié, découvrez parmi notre sélection, le produit adéquat pour vous."
"37433";"Les meilleurs shampoings sans sulfate";"https://meilleurtest.fr/comparatif-shampoing-sans-sulfate/";"Beauté des cheveux";"Beaucoup pensent à tort qu’un shampoing qui ne mousse ou qui mousse peu a un faible pouvoir nettoyant. En réalité, la production abondante de mousse dans un shampoing vient de la présence de sulfate dans la formule. Il s'agit d'un principe tensioactif qu'on retrouve dans bon nombre de shampoings et qui élimine irrémédiablement les huiles naturelles du cuir chevelu. La solution ? Utiliser un shampoing sans sulfate ! Trouvez le meilleur shampoing sans sulfate adapté à vos cheveux à travers notre sélection et notre guide d'achat."
"37362";"Les meilleurs shampoings cheveux gras";"https://meilleurtest.fr/comparatif-shampoing-cheveux-gras/";"Beauté des cheveux";"Il est impératif d’utiliser le shampoing le plus adapté à la nature de ses cheveux. Les shampoings pour cheveux gras purifient le cuir chevelu avec une action sébo-régulatrice qui gère l’apparition de sébum. Mais avec le grand nombre de shampoings disponibles sur le marché, il n’est pas facile de choisir le bon produit capillaire. Lisez notre guide pour faciliter votre choix."
"37230";"Les meilleurs balayages caramel";"https://meilleurtest.fr/comparatif-balayage-caramel/";"Beauté des cheveux";"Vous souhaitez apporter une belle nuance pour vos cheveux bruns et châtains ? Si oui, pourquoi ne pas opter pour un balayage caramel qui illuminera votre chevelure ? Ce type de coloration est effectivement parfait afin d’avoir un aspect éclatant tout en restant subtil. Voici un comparatif qui vous aidera à trouver le meilleur balayage caramel pour une teinte parfaite."
