ID;post_title;_post_permalink;category;mltv5_introduction
42708;Les meilleures crèmes raffermissantes pour le ventre;https://meilleurtest.fr/comparatif-creme-raffermissante-pour-le-ventre/;Beauté femme;"<a href=""https://meilleurtest.fr/comparatif-creme-amincissante/"">Perdre du ventre</a> constitue déjà un exploit, mais encore faut-il réussir à redresser la peau tombante, inéluctable après une importante prise de poids. La crème raffermissante pour le ventre représente une bonne solution pour redessiner la silhouette, mais elle est loin d’être un remède miracle. Son rôle se limite à relancer et à accélérer la synthèse naturelle de collagène et d’élastine pour rendre la peau plus tonique et plus souple. Voilà pourquoi des exercices physiques, comme le gainage et le crunch, doivent accompagner l’utilisation d’un tel produit. Cette précision étant faite, découvrez dans ce comparatif, les meilleures crèmes raffermissantes pour le ventre de cette année."
42692;Les meilleures crèmes éclat visage;https://meilleurtest.fr/comparatif-creme-eclat-visage/;Beauté femme;"Redonner éclat et vitalité au visage n’est pas seulement une question d’esthétique ; c’est surtout un geste essentiel pour préserver la santé de la peau. La crème éclat visage apporte de nombreux bienfaits : elle hydrate intensément la peau, stimule la luminosité naturelle du teint et estompe les signes de fatigue. Agissant comme un révélateur de fraîcheur, elle donne une peau radieuse, douce et pleine de vitalité. Ayez une mine éclatante en toutes circonstances en choisissant la bonne crème éclat visage parmi notre sélection."
42679;Les meilleures crèmes anti-âge L'Oréal;https://meilleurtest.fr/comparatif-creme-anti-age-loreal/;Beauté femme;"Si nous n’avons aucun moyen d’arrêter les effets du temps, nous pouvons au moins ralentir ses effets sur notre peau ou les rendre moins visibles. C’est justement la mission qu’endossent les crèmes anti-âge L’Oréal, articulées autour des gammes Revitalift, Age Perfect et Wrinkle Expert. Rétinol, acide hyaluronique, collagène, acides exfoliants (AHA, BHA ou PHA), niacinamide, resvératrol ; tous les actifs <a href=""https://meilleurtest.fr/comparatif-creme-anti-age/"">des rituels anti-âge</a> et anti-ride s’associent pour redonner une seconde jeunesse à la peau. Trouvez dans ce comparatif les meilleures crèmes anti-âge L’Oréal pour votre routine skincare."
42669;Les meilleures crèmes pour les mains;https://meilleurtest.fr/comparatif-creme-pour-les-mains/;Beauté femme;"Malmenées par le vent, le froid et la friction des gants en hiver, asséchées et ridées par la hausse de la température en été, nos mains n’ont pas toujours la vie facile. Sans une bonne hydratation, un film de protection et <a href=""https://meilleurtest.fr/comparatif-creme-pour-mains-abimees/"">un soin réparateur</a>, les gerçures et l’aspect « peau de croco » ne tarderont pas à apparaître. La solution ? L’utilisation quotidienne d’une bonne crème pour les mains. Justement, dans cette sélection, nous avons réuni les produits qui vous feront une peau des mains douce, parfaitement lisse et parfumée."
42667;Les meilleures crèmes cicatrisantes après chirurgie;https://meilleurtest.fr/comparatif-creme-cicatrisante-apres-chirurgie/;Beauté femme;"Pour estomper les marques corporelles laissées par les grosses sutures, <a href=""https://meilleurtest.fr/comparatif-creme-cicatrisante/"">vous pouvez utiliser une crème cicatrisante</a>, mais pas n’importe laquelle. Cette pommade, généralement enrichie en acide hyaluronique pour soulager et refermer la plaie plus rapidement, doit apaiser l’inflammation et hydrater la peau pour accélérer le processus de cicatrisation. C’est essentiel pour obtenir de meilleurs résultats sur le plan esthétique. Dans ce comparatif, retrouvez notre sélection des meilleures crèmes cicatrisantes pour cette année."
42589;Les meilleures crèmes teintées;https://meilleurtest.fr/comparatif-creme-teintee/;Beauté femme;À mi-chemin entre la crème hydratante et le fond de teint, la crème teintée propose le meilleur des deux mondes. Elle unifie le teint, l'hydrate et lui donne un aspect plus naturel et plus lumineux, tout en offrant une légère couvrance. Même si, contrairement à la BB crème, elle ne corrige pas les défauts apparents du visage, il s'agit d'un excellent produit de beauté pour se maquiller vite fait à l'occasion. Vous cherchez à simplifier votre <em>skin care </em>? Découvrez notre sélection des meilleures crèmes teintées pour cette année.
42587;Les meilleurs sérums liftant immédiats;https://meilleurtest.fr/comparatif-serum-liftant-immediat/;Beauté femme;"Le sérum liftant immédiat apporte des avantages remarquables sur le teint en le raffermissant et en lui donnant plus d’éclat pour le rendre lumineux. Sa capacité à réduire l’apparence des rides et à améliorer l’élasticité de la peau, il le doit à la <a href=""https://meilleurtest.fr/comparatif-serum-a-lacide-hyaluronique/"">présence de peptides, d'acide hyaluronique et de collagène dans sa formule</a>. Ce soin anti-âge et antirides stimule la régénération cellulaire et apporte une hydratation profonde à la peau. À travers notre sélection, découvrez les meilleurs sérums liftant immédiats pour trouver la formule adaptée à votre peau."
42566;Les meilleures cold cream;https://meilleurtest.fr/comparatif-cold-cream/;Beauté femme;À l’approche de l’hiver, la peau au niveau des joues tiraille et les lèvres se mettent à gercer. Cette sensation douloureuse de peau qui craque au moindre coup de vent est particulièrement désagréable. Pour vous aider à faire face, appliquez une cold cream sur les zones à protéger. Riche en corps gras et agents protecteurs, elle crée une barrière qui nourrit intensément la peau tout en l’isolant des agressions extérieures comme le froid glacial. Pour les adultes ou pour les bébés, découvrez notre sélection des meilleures cold cream pour cette année.
42553;Les meilleures BB crèmes bio;https://meilleurtest.fr/comparatif-bb-creme-bio/;Beauté femme;À la fois soin hydratant et fond fond de teint, avec des options anti-âge et écran solaire dans certains cas, la BB crème nous vient tout droit de Corée du Sud. Elle a rapidement conquis ceux qui veulent un teint parfait. Mais elle a un défaut : sa formule peut prêter à controverse. La version bio de la BB crème se présente comme une alternative plus douce, plus respectueuse de la peau et de l’environnement. Elle doit sa qualification bio à la présence d’ingrédients issus de l’agriculture biologique. Mieux encore, les effets restent les mêmes, à savoir unifier le teint, camoufler les imperfections, protéger le grain de peau contre les agressions, notamment les rayons solaires, puis apporter une hydratation intense et durable. Cela vous tente ? Découvrez notre sélection des meilleures BB crèmes bio pour cette année.
42465;Les meilleures lotions toniques visage;https://meilleurtest.fr/comparatif-lotion-tonique-visage/;Beauté femme;Souvent reléguée au second plan, la lotion tonique visage fait pourtant partie des soins indispensables pour rééquilibrer la peau après le nettoyage. Parmi ses nombreuses actions, elle neutralise les effets du calcaire, resserre les pores et optimise l’absorption des soins. Également appelée tonique faciale ou brume équilibrante, elle traite en même temps les brillances, les tiraillements et le teint terne. Certaines formulations apportent un vrai changement dès les premiers jours, en ciblant les besoins précis de chaque peau. Pour trouver ce qui vous conviendra le mieux, découvrez notre sélection des meilleures lotions toniques visage pour cette année.
42412;Les meilleures BB crèmes anti-âge;https://meilleurtest.fr/comparatif-bb-creme-anti-age/;Beauté femme;La BB crème anti-âge se présente comme la nouvelle tendance pour prendre soin d'une peau mature. En effet, ce produit originaire de Corée du Sud peut camoufler les imperfections et combattre les signes apparents de vieillissement cutané. Utilisable dès l’âge de 30 ans, la BB crème anti-âge lutte sur la durée contre le vieillissement de la peau, apportant hydratation, protection et lifting au visage. Si ce soin rajeunissant vous intéresse, découvrez notre sélection des meilleures BB crèmes anti-âge pour cette année.
42316;Les meilleures lotions contre l'acné;https://meilleurtest.fr/comparatif-lotion-contre-acne/;Beauté femme;Vous luttez contre l'acné sans trouver de solution réellement efficace jusqu'à présent ? Nous avons sélectionné pour vous les lotions qui donnent les meilleurs résultats, enrichies d'ingrédients actifs comme l'acide salicylique et la niacinamide. Ces derniers ciblent directement les causes de l'acné. Une chose importante à savoir : certains de ces produits offrent des résultats visibles dès les premières utilisations. Alors, décidé(e) à retrouver une peau nette et saine ? Découvrez comment ces traitements peuvent transformer votre quotidien.
42256;Les meilleures crèmes hydratantes visage pour peau sensible;https://meilleurtest.fr/comparatif-creme-hydratante-visage-pour-peau-sensible/;Beauté femme;"Dans le cadre d'une routine beauté pour le visage, la <a href=""https://meilleurtest.fr/comparatif-creme-hydratante-visage/"">crème hydratante fait partie des soins indispensables</a>. Pour le cas particulier des peaux sensibles, trouver un produit cosmétique correspondant à cette nature de peau est souvent compliqué. Conscients de cette problématique, les marques de cosmétiques ont trouvé la parade : la crème hydratante visage pour peau sensible, un produit qui remplit sa mission hydratante tout en apaisant la sensibilité de la peau. Pour en savoir plus, découvrez notre sélection des meilleures crèmes hydratantes visage pour peau sensible et nos conseils pour bien choisir."
42232;Les meilleurs gel jambes lourdes;https://meilleurtest.fr/comparatif-gel-jambes-lourdes/;Beauté femme;Les sensations de lourdeur dans les jambes, plus communément appelées jambes lourdes, touchent 1 Français sur 3. En général, il s'agit des conséquences d’une mauvaise circulation sanguine dans la partie inférieure du corps après une longue journée de travail, en cas de grossesse ou en cas de surpoids. Pour apaiser ce malaise et soulager les personnes qui en souffrent, sachez qu'il existe des gels jambes lourdes. Afin de faciliter votre choix et vous épargner des heures de recherches, nous avons sélectionné les meilleurs gels jambes lourdes et proposons des conseils pratiques pour bien s'en servir.
42217;Les meilleures crèmes raffermissantes pour la poitrine;https://meilleurtest.fr/comparatif-creme-raffermissante-pour-la-poitrine/;Beauté femme;"Les causes du relâchement cutané au niveau de la poitrine sont nombreuses. Afin de traiter ce phénomène et redonner à la peau son élasticité et sa tonicité, nous vous conseillons d’utiliser une <a href=""https://meilleurtest.fr/comparatif-creme-raffermissante-pour-corps/"">crème raffermissante</a>. Parmi les nombreux soins vendus sur le marché, lequel répond le mieux à vos besoins ? Découvrez notre guide d'achat pour en apprendre davantage sur la crème raffermissante pour la poitrine et nos conseils pratiques pour bien choisir."
42215;Les meilleures crèmes pour épaissir la peau;https://meilleurtest.fr/comparatif-creme-pour-epaissir-la-peau/;Beauté femme;"En raison de <a href=""https://meilleurtest.fr/comparatif-creme-anti-age/"" target=""_blank"" rel=""noopener"">l’âge</a>, d’une maladie, de l’hérédité ou de certains traitements à base de corticoïdes, la peau peut s’affiner considérablement. Plus sèche, plus sensible et plus fragile, celle-ci aura besoin de soins particuliers, notamment une excellente crème pour épaissir la peau. Nourrissante, réparatrice et <a href=""https://meilleurtest.fr/comparatif-creme-hydratante/"" target=""_blank"" rel=""noopener"">hydratante</a> en même temps, celle-ci ne se choisit pas au hasard. Pour profiter des bienfaits d'une bonne crème pour épaissir la peau, lisez notre guide d'achat."
42213;Les meilleurs soins visage pour peau mature;https://meilleurtest.fr/comparatif-soin-visage-pour-peau-mature/;Beauté femme;"Saviez-vous que le <a href=""https://meilleurtest.fr/comparatif-creme-de-jour-pour-peau-mature/"">soin visage pour peau mature</a> peut transformer le quotidien en effaçant les signes du temps ? Les peaux matures requièrent une attention particulière, car elles font face à des défis comme la perte d'élasticité, l'apparition de rides profondes et un manque d'éclat. Choisir le bon soin n'est pas qu'une question de beauté, mais une démarche essentielle pour revitaliser la peau et lui faire retrouver sa beauté. Lisez ce guide pour en apprendre plus sur la question et pour trouver les meilleurs soins visage pour peau mature en ce moment."
42209;Les meilleures crèmes visage pour peaux atopiques;https://meilleurtest.fr/comparatif-creme-visage-pour-peau-atopique/;Beauté femme;Comprendre les besoins d’une peau atopique et sensible, surtout lorsqu’il s’agit du visage, peut être tout un défi. Cela se justifie par le fait que cette zone s'expose souvent aux rayons du soleil et aux agressions extérieures, ce qui en fait une priorité en matière de soins. Afin de vous aider à trouver le produit idéal, nous avons sélectionné les meilleures crèmes pour le visage pour peaux atopiques et vous prodiguons nos conseils pour bien les choisir et bien les utiliser.
42207;Les meilleures crèmes anti-âge pour homme;https://meilleurtest.fr/comparatif-creme-anti-age-pour-homme/;Beauté femme;Être beau et soigné en toute circonstance est indispensable à un homme pour mener une vie épanouie et couronnée de succès. Et quoi de mieux que prendre soin de sa peau au quotidien avec une crème anti-âge formulée pour les hommes. En plus de favoriser un teint uniforme et éclatant, cette crème agit contre le relâchement cutané, contribuant à une apparence plus jeune et plus dynamique. Si vous avez du mal à trouver le produit qui pourrait vous convenir, lisez ce guide consacré aux crèmes anti-âge pour les hommes.
42198;Les meilleures crèmes visage pour femme;https://meilleurtest.fr/comparatif-creme-visage-pour-femme/;Beauté femme;"Véritable secret de beauté dédié à chaque femme qui aspire à une peau éternellement jeune et resplendissante, la crème visage pour femme est un must à rajouter absolument dans une routine beauté au quotidien. Des <a href=""//meilleurtest.fr/comparatif-creme-anti-ride/"">anti-rides</a> aux <a href=""//meilleurtest.fr/comparatif-creme-anti-age/"">anti-âge</a>, en passant par les <a href=""//meilleurtest.fr/comparatif-creme-lifting-pour-le-visage/"">crèmes lifting</a> et les <a href=""//meilleurtest.fr/comparatif-creme-pour-peaux-matures/"">crèmes pour peau mature</a>, le marché regorge d'une grande variété de formules pour répondre à chaque besoin. Face à cette abondance de choix en la matière, trouver la crème parfaite ne va pas être un long fleuve tranquille. Pour vous simplifier la vie, lisez notre guide des meilleures crèmes visage pour femme."
42193;Les meilleures crèmes anti-poches pour les yeux efficaces;https://meilleurtest.fr/comparatif-creme-anti-poches-pour-les-yeux-efficaces/;Beauté femme;Les poches sous les yeux donnent un aspect gonflé, voire enflammé, au regard. Ce phénomène survient généralement vers l'âge de 50 ans, mais on le retrouve chez certaines personnes dès 30 ans. Pour venir à bout de ces gonflements désagréables, la clé est d'utiliser une crème anti-poches pour les yeux efficace. Qui dit efficace suppose la présence d'ingrédients actifs efficaces comme la caféine, l'acide hyaluronique et bien d'autres encore. Puisque le contour des yeux où se forment les poches est une zone très sensible, le choix de ce type de crème de contour des yeux ne doit pas se faire au hasard. Pour vous aider à trouver la meilleure crème anti-poches pour les yeux efficace, suivez notre guide !
42192;Les meilleures crèmes contour des yeux éclaircissantes;https://meilleurtest.fr/comparatif-creme-contour-des-yeux-eclaircissante/;Beauté femme;"La peau du contour des yeux est fine, délicate, fragile et sujette à des problèmes comme les cernes, les ridules et les poches… C’est la partie du visage la plus vulnérable aux agressions extérieures par rapport à tout le reste. Aussi, le contour des yeux nécessite des soins particuliers. La <a href=""https://meilleurtest.fr/comparatif-creme-de-jour/"">crème de jour</a> ne suffit pas pour éclaircir le contour des yeux. Il faut un soin spécial. Dans ce guide, nous proposons une sélection des meilleures crèmes contour des yeux éclaircissantes et nos conseils pour trouver celle qui répondra à vos besoins."
42191;Les meilleures crèmes cicatrisantes pour le visage;https://meilleurtest.fr/comparatif-creme-cicatrisante-pour-le-visage/;Beauté femme;"Une vilaine cicatrice sera toujours désagréable, surtout si elle se trouve au niveau du visage. De nos jours, il existe fort heureusement une excellente solution contre ce problème : l’utilisation d’une <a href=""https://meilleurtest.fr/comparatif-creme-cicatrisante/"">crème cicatrisante</a>. Capable d’accélérer la guérison des plaies, celle-ci préserve également des risques d’infection et d’apparition de croûtes ou de taches disgracieuses. Bien entendu, un tel produit ne se choisit pas au hasard. Pour vous aider, lisez donc notre guide-comparatif dédié aux crèmes cicatrisantes pour le visage."
42188;Les meilleures huile visage anti-rides;https://meilleurtest.fr/comparatif-huile-visage-anti-rides/;Beauté femme;"L’huile visage anti-rides est un produit naturel anti-âge efficace et facile d’utilisation. Elle permet de traiter les rides et préserver votre capital de collagène. Obtenues par pression à froid et souvent certifiées bio, ces huiles conservent l’intégralité de leurs propriétés pour choyer tous les types de peaux (matures, jeunes, couperosées, ménopausées, acnéiques, etc.). En complément à un mode de vie sain et appliquées régulièrement, ces huiles hydratent la peau, redessinent le contour du visage et ralentissent le processus de vieillissement cutané. Huiles d’onagre, <a href=""https://meilleurtest.fr/comparatif-huile-de-jojoba/"">huile de jojoba</a>, huile d’argan, <a href=""https://meilleurtest.fr/comparatif-huile-de-nigelle/"">huile de nigelle</a>, trouvez celle qui convient à votre peau en lisant ce guide."
42186;Les meilleures crèmes pour peaux déshydratées;https://meilleurtest.fr/comparatif-creme-pour-peau-deshydratee/;Beauté femme;"Contrairement aux idées reçues, une peau déshydratée et une <a href=""https://meilleurtest.fr/comparatif-creme-hydratante-corps-pour-peau-tres-seche/"">peau sèche</a> sont deux choses différentes. Sachant cela, les soins utilisés pour traiter ces deux pathologies diffèrent également. Si les <a href=""https://meilleurtest.fr/comparatif-creme-hydratante-pour-peau-seche/"">soins pour peau sèche</a> permettent de compenser le manque de lipide, les soins pour peaux déshydratées pallient le manque d'eau. Votre peau est rugueuse, tiraille, sujette à des desquamations et aux dilatations des pores ? Découvrez à travers ce guide d'achat nos conseils pour bien choisir et les meilleures crèmes pour peaux déshydratées."
42179;Les meilleurs produits coréens pour le visage;https://meilleurtest.fr/comparatif-produit-coreen-pour-le-visage/;Beauté femme;"Avoir <a href=""https://meilleurtest.fr/comparatif-appareil-anti-rides-visage/"">une peau du visage lisse et éclatante</a> est un excellent indicateur de beauté et de bien-être. En Corée du Sud, l'entretien de la peau revêt une importance particulière, inscrite dans une pratique culturelle qui frôle l'obsession. Connaissez-vous le secret des femmes coréennes pour préserver la santé de la <a href=""https://meilleurtest.fr/comparatif-creme-pour-peau-atopique/"">peau de leur visage</a> ? Elles utilisent des produits qui font partie de la routine K-Beauty, élaborés à partir d'ingrédients naturels et non agressifs pour la peau. À travcers ce guide d'achat, découvrez notre sélection des meilleurs produits coréens pour le visage et nos conseils pour bien les choisir."
42173;Les meilleures crèmes de jour pour peau mature;https://meilleurtest.fr/comparatif-creme-de-jour-pour-peau-mature/;Beauté femme;"Avec l’âge, les chamboulements hormonaux causés par la ménopause, la pollution, les rayons du soleil, le stress, une mauvaise alimentation, la peau est mise à rude épreuve. Avec l'âge, les rides apparaissent, la peau perd de son élasticité et son éclat diminue. Il faut alors la protéger en journée avec une crème de jour pour peau mature. Parmi les nombreux produits dans le commerce (<a href=""//meilleurtest.fr/comparatif-creme-lifting-pour-le-visage/"">crèmes lifting pour le visage</a>, <a href=""//meilleurtest.fr/comparatif-creme-visage-sans-produits-chimiques/"">crèmes visage sans produits chimiques</a>, <a href=""//meilleurtest.fr/comparatif-creme-raffermissante-visage/"">crèmes raffermissantes visage</a>, <a href=""//meilleurtest.fr/comparatif-creme-visage-pour-menopause/"">crèmes visage pour ménopause</a>, etc.), le choix peut prêter à confusion. Ce guide d'achat vous aidera à trouver la bonne crèmes de jour pour peau mature en fonction de vos besoins."
42170;Les meilleures crèmes de nuit anti-âge;https://meilleurtest.fr/comparatif-creme-de-nuit-anti-age/;Beauté femme;"La crème de nuit anti-âge est un allié incontournable pour lutter contre les signes du temps. Elle est synonyme de régénération cutanée. D’après la statistique, plus de 80 % des utilisateurs constatent une amélioration de la texture de leur peau : une réduction des rides et une peau rajeunie au réveil. Si vous aussi, vous êtes à la recherche d’une <a href=""https://meilleurtest.fr/comparatif-creme-anti-age/"">crème anti-âge</a> pour ralentir le vieillissement cutané, découvrez notre sélection des meilleures crèmes de nuit anti-âge pour cette année et nos conseils pratiques pour bien les choisir et maximiser leurs effets."
42166;Les meilleures crèmes de collagène pour le visage;https://meilleurtest.fr/comparatif-creme-de-collagene-pour-le-visage/;Beauté femme;"La peau vieillit plus vite au niveau du visage que sur le reste du corps humain. Cela est causé par les innombrables muscles utilisés pour chacune de nos expressions faciales. Afin de ralentir ce processus, <a href=""https://meilleurtest.fr/comparatif-creme-anti-ride/"">une crème de collagène</a> pour le visage s’avère tout indiquée. Toutefois, trouver la formule qui conviendra à vos besoins et à vos habitudes n’est pas une chose simple. Pour vous faire gagner du temps, découvrez notre guide des meilleures crèmes de collagène pour le visage. Outre notre sélection, vous y trouverez toutes les informations pour bien choisir ce soin délicat."
42159;Les meilleures crèmes visage pour ménopause;https://meilleurtest.fr/comparatif-creme-visage-pour-menopause/;Beauté femme;"Avec l'arrivée de la ménopause, les bouleversements hormonaux peuvent altérer l'équilibre et l'aspect de la peau. Cela provoque une perte de fermeté, de l'élasticité et une augmentation de la sécheresse cutanée. Dans ce contexte, l'utilisation d'une <a href=""https://meilleurtest.fr/comparatif-creme-au-venin-de-serpent/"">crème visage conçue pour la ménopause</a> peut jouer un rôle crucial en nourrissant, hydratant et revitalisant la peau pour atténuer les effets indésirables de cette étape de la vie. Trouvez la crème visage pour ménopause qu'il vous faut en lisant ce guide d'achat."
42134;Les meilleures crèmes visage sans produits chimiques;https://meilleurtest.fr/comparatif-creme-visage-sans-produits-chimiques/;Beauté femme;Porteuse d'une promesse de pureté, la crème visage sans produits chimiques milite pour une beauté plus naturelle et respectueuse de la santé de la peau, un OVNI dans l'univers florissant des soins cutanés. Cette formule clean met l'accent sur des ingrédients d'origine naturelle, évitant les composants synthétiques potentiellement irritants malgré leur efficacité indéniable. En éliminant les produits chimiques indésirables, la crème visage sans produits chimiques propose une approche douce et efficace pour hydrater, rajeunir et nourrir la peau. Cela vous intéresse-t-il ? Fiez-vous à notre guide si vous voulez en savoir plus.
42129;Les meilleures crèmes effet lifting immédiat;https://meilleurtest.fr/comparatif-creme-effet-lifting-immediat/;Beauté femme;"Avec l’âge, la peau perd de sa tonicité, de son élasticité et de sa fermeté. C’est un phénomène naturel suite <a href=""https://meilleurtest.fr/comparatif-creme-anti-age/"">au relâchement cutané</a> et la baisse de production du collagène. Qui ne rêve pas de faire disparaître les signes du relâchement cutané sans passer par la chirurgie esthétique ? Mais comment faire ? Il est recommandé d’utiliser des soins comme les crèmes lifting effet immédiat. Face aux allégations des nombreuses marques, il faut bien chercher celle qui correspond le mieux à vos besoins. Pour vous aider à trouver la meilleure crème effet lifting immédiat, suivez notre guide !"
42128;Les meilleures crèmes au venin de serpent;https://meilleurtest.fr/comparatif-creme-au-venin-de-serpent/;Beauté femme;"Vous cherchez un soin capable d'<a href=""https://meilleurtest.fr/comparatif-creme-anti-ride/"">atténuer les signes de l’âge</a> et tout aussi efficace que le botox ? Essayez la crème au venin de serpent. Contrairement aux idées reçues, ce principe actif apporte de nombreux bienfaits à la peau. En outre, son efficacité a été prouvée par de nombreuses études scientifiques. Vous voulez tenter l’expérience ? Lisez ce guide d’achat pour trouver les meilleures crèmes au venin de serpent et nos conseils pour bien choisir."
42126;Les meilleures crèmes lifting pour le visage;https://meilleurtest.fr/comparatif-creme-lifting-pour-le-visage/;Beauté femme;"Que vous ayez passé le cap de la jeunesse ou cherchez à traiter rapidement les premières rides, le recours à une crème lifting pour le visage est une option à envisager. En plus de traiter les rides, ridules et autres imperfections liées à l'âge et aux expressions faciales, une application régulière de cette crème vous fera profiter plus longtemps d'une peau jeune, ferme et soignée. Tout aussi efficace qu'un <a href=""//meilleurtest.fr/comparatif-liftant-visage/"">liftant visage</a> ou une <a href=""//meilleurtest.fr/comparatif-creme-raffermissante-visage/"">crème raffermissante visage</a>, la crème lifting pour le visage exerce une action plus ciblée tant sur les premières rides que sur les rides profondes. Lisez ce guide pour en savoir plus."
42117;Les meilleurs patchs visage en silicone;https://meilleurtest.fr/comparatif-patch-visage-en-silicone/;Beauté femme;"Vous voulez venir à bout des imperfections, estomper les signes de l’âge et <a href=""https://meilleurtest.fr/comparatif-creme-hydratante/"">hydrater votre peau </a>? Le patch visage en silicone devrait vous intéresser. Riche en principes actifs et en ingrédients d’origine naturelle, ce soin du visage anti-âge est efficace et ne présente aucun risque pour la peau. Face aux nombreux produits vendus sur le marché, lequel choisir ? Lisez notre guide d’achat pour trouver le soin qui vous convient le plus."
42111;Les meilleures crèmes contre le psoriasis;https://meilleurtest.fr/comparatif-creme-contre-le-psoriasis/;Beauté femme;Généralement provoqué par une infection, le stress ou le froid, le psoriasis est une maladie de la peau qui se reconnaît à des plaques sèches et irritantes sur l'épiderme. Outre ses irritations gênantes, cette maladie laisse de vilaines traces sur la peau. Dans la plupart des cas, le psoriasis gâche la vie sociale de la personne qui en souffre. Si vous souffrez de psoriasis et que vous avez tout essayé en vain, il est peut-être temps de vous tourner vers un traitement mieux ciblé : la crème contre le psoriasis. Lisez ce guide pour en savoir plus.
42066;Les meilleurs appareils de radiofréquence pour le visage;https://meilleurtest.fr/comparatif-appareil-de-radiofrequence-pour-le-visage/;Beauté femme;"Saviez-vous que la peau perd son élasticité dès l’âge de 25 ans ? Personne ne peut échapper à ce phénomène naturel. Mais rassurez-vous, un <a href=""https://meilleurtest.fr/comparatif-appareil-pour-raffermir-lovale-du-visage/"">appareil de radiofréquence</a> permet de stimuler la production de collagène et d’élastine qui aideront la peau à se raffermir et à se débarrasser de ses imperfections, notamment sur le visage. Mais comment bien choisir ce dispositif ? Pour le découvrir, lisez notre guide sur les meilleurs appareils de radiofréquence pour le visage."
42031;Les meilleures crèmes contour des yeux après 50 ans;https://meilleurtest.fr/comparatif-creme-contour-des-yeux-apres-50-ans/;Beauté femme;"Passé la cinquantaine, la peau, en particulier la zone autour des yeux, va révéler les ravages du temps : les rides, les cernes, la perte d'élasticité… Bonne nouvelle, il est possible de retrouver la vitalité de votre regard en utilisant de la crème contour des yeux après 50 ans. Ce <a href=""https://meilleurtest.fr/comparatif-creme-raffermissante-visage"">soin raffermissant</a> apporte une combinaison d'ingrédients anti-âge et hydratants pour revitaliser et protéger la peau délicate qui entoure les yeux. Découvrez les meilleures crèmes contour des yeux après 50 ans pour cette année ainsi que nos conseils pratiques pour les choisir et les utiliser."
42030;Les meilleurs sérums pour paupières tombantes;https://meilleurtest.fr/comparatif-serum-pour-paupieres-tombantes/;Beauté femme;"Les paupières tombantes se manifestent par un affaissement de celles-ci, entraînant une incapacité à ouvrir naturellement les yeux, voire un dysfonctionnement important de la vision. Liées à l'âge, à un traumatisme ou à l'hérédité, les paupières tombantes peuvent être traitées. Pour cela, vous avez le choix entre la chirurgie ou des méthodes plus douces comme les <a href=""https://meilleurtest.fr/comparatif-creme-pour-paupieres-tombantes"">crèmes</a> et les sérums dédiés. Cela tombe bien, notre guide d’achat propose les meilleurs sérums pour paupières tombantes cette année. Nous vous expliquons également comment bien choisir."
42018;Les meilleures crèmes hydratantes visage pour peau très sèche;https://meilleurtest.fr/comparatif-creme-hydratante-visage-pour-peau-tres-seche/;Beauté femme;"Votre visage souffre-t-il de tiraillement, de démangeaisons ou de gerçures ? Il s’agit de signes révélateurs d'une peau desséchée, qui demande une attention particulière. Ce que vous pouvez faire dans pareil cas, c'est appliquer une crème hydratante visage pour peau très sèche. <a href=""https://meilleurtest.fr/comparatif-soin-du-visage/"">Ce soin concentre des ingrédients actifs comme l’acide hyaluronique</a>, les céramides et les huiles végétales naturelles afin d’empêcher la perte d’eau par la peau et la rendre plus douce. Découvrez notre sélection et comment choisir la bonne crème hydratante visage pour peau très sèche."
42008;Les meilleures crèmes hydratantes corps pour peau très sèche;https://meilleurtest.fr/comparatif-creme-hydratante-corps-pour-peau-tres-seche/;Beauté femme;"La peau très sèche ne crée pas seulement une sensation d’inconfort. Il s’agit d’un réel trouble, également connu sous le nom de xérose cutanée. En raison d’un manque criant d’hydratation, des tiraillements ou des rougeurs apparaissent à la surface et l’épiderme manifeste une rugosité désagréable. Si vous constatez ces symptômes, une <a href=""https://meilleurtest.fr/comparatif-creme-hydratante/"">crème hydratante</a> classique ne suffira pas à les traiter. Tournez-vous plutôt vers des soins plus intenses. Justement, ce guide d’achat vous aide à trouver la crème hydratante corps pour peau très sèche adaptée."
42004;Les meilleures crèmes anti-rougeurs;https://meilleurtest.fr/comparatif-creme-anti-rougeurs/;Beauté femme;"Les déséquilibres hormonaux, le stress, la fatigue, la pollution et l’utilisation de soins inappropriés peuvent provoquer des flushs au visage, notamment lorsque la peau y est très sensible. Sans le traitement adéquat, les rougeurs risquent de devenir permanentes. Pour éviter que cela ne se produise, l’utilisation d’une <a href=""https://meilleurtest.fr/comparatif-creme-anti-taches-brunes-visage/"">lotion apaisante</a> est vivement recommandée. Si vous souhaitez trouver une crème anti-rougeurs capable de vous débarrasser de ces érubescences désagréables et disgracieuses, lisez ce guide d’achat."
41998;Les meilleurs appareils pour raffermir l'ovale du visage;https://meilleurtest.fr/comparatif-appareil-pour-raffermir-lovale-du-visage/;Beauté femme;"En vous regardant dans le miroir, vous remarqué des petites marques que le temps laisse sur votre visage, en particulier autour du cou et du menton ? Avant de recourir à la chirurgie, essayez un appareil pour raffermir l'ovale du visage. Indolore et utilisable à la maison, ce dispositif de <a href=""https://meilleurtest.fr/comparatif-liftant-visage/"">lifting facial</a> redonne à la peau sa fermeté perdue. Si nous avons piqué votre curiosité, venez découvrir notre guide des meilleurs appareils pour raffermir l’ovale du visage."
41996;Les meilleures crèmes anti-rides après 60 ans;https://meilleurtest.fr/comparatif-cremes-anti-rides-apres-60-ans/;Beauté femme;"Passé la soixantaine, le <a href=""https://meilleurtest.fr/comparatif-creme-anti-ride/"">vieillissement cutané</a> devient impossible à cacher. Vous pouvez toutefois retarder le processus et réduire les signes du temps (pattes d’oie, ridules, cernes…) en utilisant une<a href=""https://meilleurtest.fr/comparatif-creme-anti-rides-apres-50-ans/""> crème anti-rides</a> après 60 ans. Crème de jour, crème de nuit ou crème polyvalente ? Si vous voulez chouchouter votre peau et lui redonner un peu de son élasticité d’antan, compléter votre attirail de produits de beauté en lisant ce guide des meilleures crèmes anti-rides après 60 ans."
41994;Les meilleurs combleurs de rides instantanés;https://meilleurtest.fr/comparatif-combleur-de-rides-instantane/;Beauté femme;"Vous voulez dire adieu aux petites imperfections qui surviennent avec l'âge, sans attendre des semaines pour voir des résultats ? Les combleurs de rides instantanés sont là pour ça : vous offrir une peau plus douce et rajeunie en quelques minutes. Le meilleur avec ces <a href=""https://meilleurtest.fr/comparatif-soin-du-visage/"">soins du visage</a>, c'est que vous n'avez même pas besoin d'une ordonnance médicale pour les obtenir. Ne manquez pas notre guide d'achat pour explorer en détail les meilleures formules anti-âge instantanées disponibles sur le marché."
41971;Les meilleures crèmes cicatrisantes post-opératoires;https://meilleurtest.fr/comparatif-creme-cicatrisante-post-operatoire/;Beauté femme;"Après une opération chirurgicale, la peau aura besoin de temps pour régénérer les tissus et cicatriser. Afin d’accélérer le processus de guérison et améliorer la cicatrisation, il existe un grand nombre de <a href=""https://meilleurtest.fr/comparatif-creme-cicatrisante/"">crèmes cicatrisantes</a> que vous pouvez utiliser. Si vous ou une personne proche en cherchez une, alors vous avez trouvé le bon guide d'achat. Découvrez les meilleures crèmes cicatrisantes post-opératoires du moment et comment bien les choisir."
41798;Les meilleures crèmes pour peaux atopiques;https://meilleurtest.fr/comparatif-creme-pour-peau-atopique/;Beauté femme;"Votre peau manifeste des signes allergiques au contact d'éléments de votre environnement qui paraissent anodins ? 35% des Français sont également dans cette situation où on parle de peaux atopiques. De nombreux facteurs peuvent expliquer le phénomène. Mais en règle générale, vous pouvez en venir à bout avec une bonne crème. Il vous faut plus d'informations pour prendre une décision ? Notre guide consacré aux meilleures <a href=""https://meilleurtest.fr/comparatif-creme-contre-leczema/"">crèmes</a> pour peaux atopiques devrait vous y aider."
41523;Les meilleures crèmes hydratantes pour l'hiver;https://meilleurtest.fr/comparatif-creme-hydratante-pour-lhiver/;Beauté femme;"Durant la période hivernale, la peau s’assèche, semble défraichie et n’a pas belle apparence. Vous pouvez protéger votre épiderme en utilisant une <a href=""https://meilleurtest.fr/comparatif-creme-hydratante-visage-pour-homme"">crème hydratante</a> pour l’hiver. Se déclinant sous divers formats, de nombreux produits sont disponibles sur le marché selon la texture de la peau. Nous avons sélectionné les meilleures crèmes hydratantes pour l’hiver du marché pour faire face au gel et au vent."
41450;Les meilleures box pour femmes;https://meilleurtest.fr/comparatif-box-pour-femme/;Beauté femme;"Vous souhaitez offrir un cadeau à l’image d’un proche ? Optez pour la box pour femme. Cette dernière se décline en plusieurs modèles de diverses thématiques et s’avère également personnalisable, de quoi lui faire plaisir à tout prix. Notez toutefois que de nombreuses marques proposent des <a href=""https://meilleurtest.fr/comparatif-box-cadeau/"">box cadeaux</a>, c’est pourquoi il est parfois difficile de faire un choix. Afin de vous simplifier la tâche, nous avons sélectionné pour vous les meilleures box pour femme du moment."
41355;Les meilleurs prolongateurs de bronzage;https://meilleurtest.fr/comparatif-prolongateur-de-bronzage/;Beauté femme;"Saviez-vous que pour avoir un teint hâlé, rien ne vaut un bain de soleil au naturel ? <a href=""https://meilleurtest.fr/comparatif-lunettes-de-soleil/"">Les lunettes de soleil</a>, chapeaux et <a href=""https://meilleurtest.fr/comparatif-ecran-total-visage/"">écrans solaires</a> suffisent-ils ? Eh bien, non ! Pour que les effets durent plus longtemps, n’oubliez pas le prolongateur de bronzage. Pour trouver la formule adaptée à votre type de peau, parcourez notre guide des meilleurs prolongateurs de bronzage pour cette année."
41264;Les meilleurs roller eye care;https://meilleurtest.fr/comparatif-roller-eye-care/;Beauté femme;"<a href=""https://meilleurtest.fr/comparatif-anti-cerne/"">Beaucoup de gens souffrent de cernes</a> et de poches à cause du temps passé devant l’écran qui augmente exponentiellement avec le nouveau mode de vie axé sur le numérique, les soirées arrosées, les nuits blanches au travail… Ils essaient alors plusieurs techniques afin d’avoir bonne mine. Vous aussi ? Alors, lisez notre guide d’achat et découvrez la meilleure solution à votre souci : le roller eye care."
41139;Les meilleurs sites de cosmétique en ligne;https://meilleurtest.fr/comparatif-site-de-cosmetique-en-ligne/;Beauté femme;"Les sites de cosmétique en ligne permettent de faire des achats rapidement et de manière sûre. Ils aident les adeptes de la beauté à trouver des produits de <a href=""https://meilleurtest.fr/comparatif-tonique-visage/?wordpress_logged_in=true"">soins pour le visage</a>, les cheveux ou pour tout le corps en quelques clics seulement. Si vous aussi, vous êtes intéressé par l’achat de produits cosmétiques sur internet, voici les enseignes les plus fiables pour vous aider dans vos recherches."
41132;Les meilleures huiles de jojoba;https://meilleurtest.fr/comparatif-huile-de-jojoba/;Beauté femme;"Êtes-vous à la recherche d’un produit de soin 100% naturel, efficace et polyvalent pour votre beauté et votre bien-être ? L’huile de jojoba est peut-être la solution qu’il vous faut. Aussi appelée « L’or du Mexique », elle compte parmi les <a href=""https://meilleurtest.fr/comparatif-huile-vegetale-pour-vergetures/"">huiles végétales</a> les plus vantées de la planète. Pour connaitre l’huile de jojoba, ses bienfaits et savoir identifier les meilleurs produits du marché, il vous suffit de prendre quelques minutes pour lire attentivement le guide !"
41092;Les meilleurs toniques visage;https://meilleurtest.fr/comparatif-tonique-visage/;Beauté femme;"Le tonique visage fait partie des soins incontournables pour avoir une peau douce, fraîche et repulpée. Offrant de multiples bienfaits, <a href=""https://meilleurtest.fr/comparatif-soin-du-visage/"">ce soin du visage</a> s’utilise le matin comme base de maquillage et le soir comme démaquillant. Le tonique visage se décline généralement sous plusieurs variétés adaptées chacune à un type de peau. Pour en savoir plus sur le sujet, fiez-vous à notre guide d’achat."
41080;Les meilleures lingettes démaquillantes lavables;https://meilleurtest.fr/comparatif-lingette-demaquillante-lavable/;Beauté femme;"Si vous vous maquillez souvent, vous devrez impérativement vous démaquiller de la bonne façon afin de préserver la beauté de votre visage. Et quoi de mieux que d’utiliser des lingettes démaquillantes lavables pour éliminer les résidus de maquillage tout en douceur ? Moins agressives et plus écologiques que les <a href=""//meilleurtest.fr/comparatif-lait-demaquillant-pour-peau-mature/"">laits démaquillants</a> ou l’<a href=""//meilleurtest.fr/comparatif-eau-micellaire/"">eau micellaire</a>, elles sont à la fois abordables et réutilisables plus d’une centaine de fois. On vous explique plus en détail à travers ce guide."
40415;Les meilleurs sérums pour les cils;https://meilleurtest.fr/comparatif-serum-pour-cils/;Beauté femme;"À cause de carences alimentaires, de l’âge ou du stress, les cils peuvent tomber. Que faire ? L’application du <a href=""https://meilleurtest.fr/comparatif-serum-de-croissance-des-cils/"">sérum de croissance des cils</a> est la solution la plus simple et efficace. Ce soin cosmétique est disponible en plusieurs choix selon vos besoins. Sérum pour cils abîmés, courts, fragiles, en manque de densité ou d’épaisseur, formule 2 en 1… lequel choisir ? Découvrez nos conseils avisés et les critères de choix du meilleur sérum pour les cils."
40382;Les meilleures huiles d'amande douce;https://meilleurtest.fr/comparatif-huile-damande-douce/;Beauté femme;"L’huile d’amande douce est bénéfique pour le visage, la peau et les fibres capillaires. Cette <a href=""https://meilleurtest.fr/comparatif-huile-seche/"">huile végétale sèche</a> elle est facilement assimilée par la peau et ne laisse aucun fini gras. Pour bénéficier de ses vertus, acheter une huile de qualité reste un choix judicieux. Pour trouver l’huile d’amande de qualité qui vous conviendrait, fiez-vous à notre guide et à notre sélection des meilleures huiles d’amande douce."
40367;Les meilleures huiles végétales pour les vergetures;https://meilleurtest.fr/comparatif-huile-vegetale-pour-vergetures/;Beauté femme;"Les huiles végétales pour vergetures présentent une forte teneur en lipide et aide à renforcer la peau pour prévenir le relâchement cutané. Présentant une texture proche de celle de l’<a href=""https://meilleurtest.fr/liste-huiles-essentielles/"">huile essentielle</a>, elle est facile à appliquer et confère de nombreuses vertus. Pour bénéficier de ses propriétés, assurez-vous de la qualité de votre huile. Pour ce faire, fiez-vous à notre guide et à notre sélection des meilleures huiles végétales pour vergeture."
40336;Les meilleurs démaquillants peau mixte;https://meilleurtest.fr/comparatif-demaquillant-peau-mixte/;Beauté femme;"Ces deux dernières années, les femmes françaises auraient dépensé en moyenne 250 euros par mois pour se procurer divers produits de <a href=""https://meilleurtest.fr/comparatif-maquillage-yeux/"">maquillage</a>. C’est bien beau, et heureusement qu’il n’en faut pas autant pour se démaquiller. À ce propos, si vous avez la peau mixte, ce guide d’achat est fait pour vous car il se consacre justement au démaquillant peau mixte, un produit de soin spécifique pour une peau délicate."
40329;Les meilleurs soins pour peau noire;https://meilleurtest.fr/comparatif-soin-pour-peau-noire/;Beauté femme;"La peau noire nécessite des soins particuliers afin de rester hydratée, nourrie et uniforme. Les soins pour peau noire ont ainsi été créés afin de répondre à ses besoins. Ces <a href=""https://meilleurtest.fr/comparatif-soin-du-visage/"">soins</a> s’adaptent parfaitement aux diverses conditions qui différencient la peau noire de la peau caucasienne. Pour en savoir plus sur le sujet et trouver les meilleurs soins pour votre peau, faites confiance à ce guide d’achat."
40327;Les meilleurs crèmes pour les cicatrices;https://meilleurtest.fr/comparatif-creme-pour-cicatrices/;Beauté femme;"Avez-vous déjà eu une blessure qui a laissé un stigmate ? Sachez que même les plus téméraires peuvent ressentir un complexe vis-à-vis de ces marques, surtout sur le <a href=""https://meilleurtest.fr/comparatif-creme-anti-taches-brunes-visage/"">visage</a>. Cependant, rassurez-vous, car avec une crème pour les cicatrices, vous pourrez encore les traiter entièrement ou en grande partie. Pour vous aider, voici la liste des meilleurs de ces remèdes miracles."
40300;Les meilleurs masques hydratants en tissu;https://meilleurtest.fr/comparatif-masque-hydratant-tissu/;Beauté femme;"Si vous sentez que la peau de votre visage est sèche et en manque d’éclat, alors le masque hydratant en tissu est le produit qu’il vous faut. Ce <a href=""https://meilleurtest.fr/comparatif-masque-visage/"" target=""_blank"" rel=""noopener"">masque visage</a> pratique, économique et biodégradable laissera votre peau hydratée et repulpée. Ainsi, pour pouvoir profiter des bienfaits de ce masque, fiez-vous à notre guide des meilleurs masques hydratants en tissu."
40291;Les meilleurs sérums anti-rides;https://meilleurtest.fr/comparatif-serum-anti-rides/;Beauté femme;"Pour celles qui veulent dire adieu aux rides sans passer par la case lifting, se procurer un sérum anti-rides est un must. C’est un allié beauté indispensable à inclure dans votre routine de soins pour retrouver un teint de pêche, même si vous pensez ne pas encore avoir l’âge ! <a href=""https://meilleurtest.fr/comparatif-serum-au-retinol/?wordpress_logged_in=true"">Sérum au rétinol</a> ou sérum exfoliant ? Pour peaux grasses ou peaux sensibles ? Pas facile de faire le bon choix, mais on vous aide à dénicher le sérum anti-rides qu’il vous faut."
40270;Les meilleures crèmes pour le cou;https://meilleurtest.fr/comparatif-creme-pour-cou/;Beauté femme;"Le cou est une des zones délicates du corps. À ce titre, il mérite un soin adéquat, comme le <a href=""https://meilleurtest.fr/comparatif-creme-visage/"">visage</a>. Afin de prévenir ou d’éliminer les rides sur la peau de votre cou, vous avez le choix entre différentes crèmes. Mais laquelle choisir ? Pour en savoir plus à ce sujet et trouver la meilleure crème pour votre cou, fiez-vous à notre guide d’achat."
40261;Les meilleurs produits pour les poches sous les yeux;https://meilleurtest.fr/comparatif-produit-pour-poches-sous-yeux/;Beauté femme;"Les poches sous les yeux apparaissent pour de nombreuses raisons : la fatigue, le stress, la pollution et s’avère inévitable sous l’effet de l’âge. Pour estomper ces traits vieillissants, avoir recours à <a href=""https://meilleurtest.fr/comparatif-gouttes-pour-yeux-secs/"">un produit pour les poches sous les yeux</a> est conseillé. Ce soin se décline sous de nombreux modèles, difficile de faire un choix. Trouvez les réponses à vos questions et LE soin dont vous avez besoin à travers ce guide."
40260;Les meilleurs produits anti-points noirs;https://meilleurtest.fr/comparatif-produit-anti-points-noirs/;Beauté femme;"Les points noirs ou comédons apparaissant à la surface de la peau. À ce stade, ils génèrent un désagrément esthétique certain. Si l’on n’agit pas, ils peuvent s'agraver et devenir des boutons ou des kystes. <a href=""https://meilleurtest.fr/comparatif-masque-anti-points-noirs/"">Les masques anti-points noirs</a> sont plébiscités pour les enlever instantanément. Pourtant, il existe d’autres solutions. Voici nos conseils pour vous aider à choisir le produit anti-points noirs fait pour vous !"
40256;Les meilleures huiles sèches;https://meilleurtest.fr/comparatif-huile-seche/;Beauté femme;"Au petit soin de la peau et du visage, l’huile sèche voit sa popularité sur la pente ascendante. De plus en plus d’utilisatrices ont d’ailleurs troqué leur <a href=""https://meilleurtest.fr/comparatif-cremes-hydratantes-spf/"">crème hydratante</a> contre ce remède miracle. Elle s’avère aussi bénéfique pour les cheveux, que ce soit dans une démarche de soin ou d’entretien. Reste à affiner les démarches d’achat en référence à cette sélection des meilleures huiles sèches du moment."
40219;Les meilleures crèmes pour peau grasse;https://meilleurtest.fr/comparatif-creme-pour-peau-grasse/;Beauté femme;"Acnés, boutons, points noirs… avez-vous ras le bol <a href=""https://meilleurtest.fr/comparatif-soin-du-visage/"">des imperfections sur votre peau</a> ? La solution est simple : appliquer de la crème pour peau grasse sur votre visage en guise de soin avant de sortir de la maison ou avant de vous coucher. Mais, comment choisir la bonne crème ? Dans ce guide, nous vous présentons les meilleures crèmes pour peau grasse en vente actuellement."
40190;Les meilleures crèmes teintées anti-rides;https://meilleurtest.fr/comparatif-creme-teintee-anti-rides/;Beauté femme;"Vous êtes une femme pressée, qui fonctionne à mille à l’heure, et vous cherchez un produit de beauté qui s'adapte à votre mode de vie ? Choisissez les <a href=""//meilleurtest.fr/comparatif-creme-hydratante-teintee/"">crèmes</a> teintées anti-rides. Ce produit de beauté deux-en-un hydrate la peau de votre visage et la colore grâce à ses pigments de fond de teint. Visitez notre guide pour découvrir les meilleures crèmes teintées anti-rides pour un maquillage léger."
40182;Les meilleurs appareils anti-rides visage;https://meilleurtest.fr/comparatif-appareil-anti-rides-visage/;Beauté femme;"Quand on prend de l’âge, la peau perd de son élasticité. Un appareil anti-rides visage reste une des solutions efficaces pour <a href=""https://meilleurtest.fr/comparatif-creme-anti-age/"">garder un teint sans défaut</a> et toujours lumineux. D’ailleurs, les recherches scientifiques et technologiques allant dans ce sens ont toutes été concluantes après les tests cliniques. Pour vous aider à choisir le vôtre, on a élaboré ce guide des meilleurs appareils anti-rides visage du moment"
40173;Les meilleures huiles anti-cellulite;https://meilleurtest.fr/comparatif-huile-anti-cellulite/;Beauté femme;"La peau d’orange, due aux <a href=""https://meilleurtest.fr/comparatif-appareil-anti-cellulites-a-ultrasons/"">cellulites</a>, constitue un véritable complexe, en particulier chez les femmes dont la majorité en souffre. Les huiles anti-cellulites interviennent justement pour éradiquer efficacement ce fléau. Toutefois, ces produits se déclinent en tellement de variantes qu’arrêter son choix se révèle impossible. Voici donc, rien que pour vous, le top de ces concoctions ultra-pratiques."
40134;Les meilleures crèmes à l'acide hyaluronique;https://meilleurtest.fr/comparatif-creme-a-lacide-hyaluronique/;Beauté femme;"Une <a href=""https://meilleurtest.fr/comparatif-creme-anti-taches-brunes-visage"">crème</a> à l’acide hyaluronique comble les espaces où se forment les rides et les ridules et redonne de la fermeté aux couches supérieures de l’épiderme tout en lissant la peau. Avec plusieurs marques de crème à l’acide hyaluronique mis sur le marché, il est important de faire le bon choix. Pour vous aider à faire le bon choix, découvrez dans cet article les meilleures crèmes à l’acide hyaluronique suivi d’un guide d’achat."
40133;Les meilleures crèmes réparatrices pour les pieds;https://meilleurtest.fr/comparatif-creme-reparatrice-pour-pieds/;Beauté femme;"Les crèmes réparatrices pour les pieds sont parfaites pour éliminer les callosités, les durillons ou encore les crevasses. Ces formules ont effectivement été adaptées afin d’hydrater la peau et de la soigner. Efficaces et faciles à appliquer, ces <a href=""https://meilleurtest.fr/comparatif-creme-pour-pieds/"" target=""_blank"" rel=""noopener"">crèmes</a> conviennent pour toutes les personnes qui souhaitent chouchouter leurs pieds. Mais comment en choisir une ? Ce comparatif vous donnera la réponse."
40107;Les meilleures crèmes anti-imperfections;https://meilleurtest.fr/comparatif-creme-anti-imperfection/;Beauté femme;"Les crèmes anti-imperfections sont des mixtures plus ou moins visqueuses qui éliminent les problèmes de peau comme les <a href=""https://meilleurtest.fr/comparatif-hydratant-pour-peau-acneique/"">acnés</a>, les comédons ou les taches rouges. Vous en aurez surtout besoin si vous vous apprêtez à rejoindre une fête à l’improviste. Pour que vous puissiez bien choisir parmi toutes les variantes, voici la liste des meilleures crèmes anti-imperfections sur le marché."
40066;Les meilleurs sérums anti-imperfections;https://meilleurtest.fr/comparatif-serum-anti-imperfections/;Beauté femme;"Il est toujours agréable d’avoir un visage et une peau à l’abri des imperfections, mais cela nécessite des soins. C’est la raison pour laquelle le sérum anti-imperfection a été créé : il offre des actions ciblées, comme la fonction <a href=""https://meilleurtest.fr/comparatif-serum-anti-taches/"">anti-tache</a>, ainsi que des actifs concentrés, afin de traiter les imperfections et la microcirculation des capillaires sanguins. Les détails dans ce guide."
40050;Les meilleurs anti-cernes bio;https://meilleurtest.fr/comparatif-anti-cernes-bio/;Beauté femme;"Pour un make-up réussi, ne brûlez pas les étapes : après un <a href=""https://meilleurtest.fr/comparatif-fond-de-teint-couvrant/"">fond de teint couvrant </a>bio, misez sur l’efficacité d’un anti-cerne bio avant d’attaquer la finition fixatrice. Également utilisé pour masquer les coups de blues, ce produit cosmétique est efficace et respecte la nature de votre peau. Si la démarche responsable vous tente, trouvez votre <a class=""wpil_keyword_link"" href=""https://meilleurtest.fr/comparatif-anti-cerne/""   title=""anti-cerne"" data-wpil-keyword-link=""linked"">anti-cerne</a> bio en lisant notre guide comparatif."
40028;Les meilleures crèmes émollientes;https://meilleurtest.fr/comparatif-creme-emolliente/;Beauté femme;"Si vous avez une peau sèche ou atopique, il existe un produit totalement adapté pour soigner cette anomalie : la crème émolliente. Sa composition particulièrement riche agit en profondeur pour rétablir l’équilibre de la peau, la nourrir et l’adoucir. Pour un résultat efficace, étoffez la thérapie avec un <a href=""https://meilleurtest.fr/comparatif-gel-douche-pour-peaux-seches"">gel douche adéquat</a>. Mais d’abord, nous avons sélectionné pour vous les meilleures crèmes émollientes à ne pas rater."
40008;Les meilleures crèmes visage bio;https://meilleurtest.fr/comparatif-creme-visage-bio/;Beauté femme;"La <a href=""https://meilleurtest.fr/comparatif-creme-visage/"" target=""_blank"" rel=""noopener"">crème pour le visage</a> est incontournable dans votre kit de beauté et vous cherchez de nouveaux produits pour garnir cet essentiel de bien-être? Les <a href=""https://meilleurtest.fr/comparatif-creme-pour-peaux-matures/"" target=""_blank"" rel=""noopener"">crèmes</a> bio ont la côte en ce moment. En effet, ce produit accumule les commentaires élogieux, une preuve indéniable de son efficacité. Toutefois, toutes les crèmes visage bio disponibles ne se valent pas. Aussi, si vous en cherchez une, nous vous proposons de faire un petit tour sur notre comparatif."
39997;Les meilleures crèmes pour resserrer les pores;https://meilleurtest.fr/comparatif-creme-pour-resserrer-pores/;Beauté femme;"La pollution, le vieillissement de la peau et les cosmétiques inadaptés font que les pores se mettent à se dilater. Ce phénomène peut tous nous atteindre, mais que l’on se rassure, l’adoption d’un mode de vie équilibré et d'une crème pour rétrécir les pores suffiront pour corriger ce problème. Mais comment bien choisir<a href=""https://meilleurtest.fr/comparatif-creme-visage-vitamine-c-et-acide-hyaluronique/""> un soin aussi spécifique </a>? Pour vous faciliter la tâche, lisez ce guide des meilleures crèmes pour resserrer les pores de cette année."
39990;Les meilleurs primers;https://meilleurtest.fr/comparatif-primer/;Beauté femme;"Le maquillage qui tient en place pendant des heures passe avant tout par une excellente base de teint. En améliorant la tenue du fond de teint, ce soin cosmétique vous évite les retouches régulières et permet à votre peau d’apparaître sous son meilleur jour, quel que soit le temps qu’il fait. Pour atteindre votre objectif,<a href=""https://meilleurtest.fr/comparatif-fixateur-de-maquillage/""> visage zéro défaut</a>, lisez ce guide d’achat des meilleurs primers de cette année."
39982;Les meilleurs rouleaux pierre de jade;https://meilleurtest.fr/comparatif-rouleau-pierre-de-jade/;Beauté femme;"Si rester jeune pour toujours est une utopie, retarder autant que possible les signes de l’âge est désormais possible grâce à la prise de <a href=""text=Le%20meilleur%20compl%C3%A9ment%20collag%C3%A8ne%20haut%20de%20gamme,-Pour%20un%20bon&amp;text=Pure%20Collagen%2B%20se%20diff%C3%A9rencie%20des,facilement%20assimilable%20par%20l'organisme."">collagène</a> et l’adoption d’une bonne routine beauté. Parmi les accessoires anti-âge et anti-rides du moment, on retrouve le rouleau pierre de jade qui lifte, resserre, aplatit et lisse la peau pour la garder souple et pleine de vitalité. Les détails dans ce guide."
39977;Les meilleures huiles d'argan visage;https://meilleurtest.fr/comparatif-huile-dargan-visage/;Beauté femme;"L'huile d'argan est une <a href=""https://meilleurtest.fr/comparatif-huile-pour-visage/"" target=""_blank"" rel=""noopener"">huile</a> végétale mondialement connue. Sa réputation a largement dépassé les frontières du Maroc, son pays natal. Également appelée l'or du désert, ses effets sur le visage tiennent du miracle, car elle hydrate, cicatrise et améliore l'<a href=""https://meilleurtest.fr/comparatif-creme-anti-rides-pour-yeux/"" target=""_blank"" rel=""noopener"">élasticité de la peau</a>. Cela vous intéresse, mais davantage d'informations seraient les bienvenues pour choisir le bon produit ? Notre guide consacré aux meilleures huiles d'argan visage devrait vous intéresser."
39964;Les meilleures crèmes visage vitamine C et acide hyaluronique;https://meilleurtest.fr/comparatif-creme-visage-vitamine-c-et-acide-hyaluronique/;Beauté femme;"La vitamine C et l’acide hyaluronique sont deux actifs qui comportent mille et une vertus. Les <a href=""https://meilleurtest.fr/comparatif-creme-visage/"" target=""_blank"" rel=""noopener"">crèmes visage</a> qui combinent ces deux ingrédients hydratent, réparent, tonifient, lissent et éclairent les peaux asséchées par les ultraviolets ou racornies par une mauvaise hygiène de vie. Comme le visage est la partie la plus exposée du corps, il mérite d’être protégé de la meilleure des façons. C’est la raison pour laquelle nous vous proposons ce guide des meilleures <a href=""https://meilleurtest.fr/comparatif-creme-hydratante-visage/"" target=""_blank"" rel=""noopener"">crèmes visage</a> vitamine C et acide hyaluronique."
39906;Les meilleurs masques anti-acné;https://meilleurtest.fr/comparatif-masque-anti-acne/;Beauté femme;"Durant vos soins et routines de beauté, le masque anti-acné est un geste essentiel pour <a href=""https://meilleurtest.fr/comparatif-creme-pour-points-noirs/?wordpress_logged_in=true"">entretenir votre peau à imperfections</a>. Néanmoins, pour profiter de tous ses bienfaits, il s’avère important de bien déterminer la nature de votre peau pour que celle-ci en bénéficie totalement. Afin de simplifier votre recherche du bon produit, voici notre guide complet sur le sujet."
39896;Les meilleures crèmes pour points noirs;https://meilleurtest.fr/comparatif-creme-pour-points-noirs/;Beauté femme;"La peau du visage demeure la plus sensible, étant exposée au soleil et aux agressions diverses. L’apparition des points noirs est donc un problème pouvant concerner et bien sûr tracasser n’importe qui. Heureusement, certaines marques de cosmétiques mettent à disposition des <a href=""https://meilleurtest.fr/comparatif-creme-anti-tache/"" target=""_blank"" rel=""noopener"">crèmes</a> pour les éliminer. Cet article vous permet de tout savoir sur la crème pour points noirs."
39895;Les meilleures crèmes matifiantes;https://meilleurtest.fr/comparatif-creme-matifiante/;Beauté femme;"Votre maquillage ne tient pas ? Si c’est le cas, vous avez sans doute une peau mixte à grasse qui sécrète trop de sébum. Que diriez-vous d’opter pour crème matifiante pour pallier à ce problème ? Elle a pour fonction de réguler la production de sébum. Comme la <a href=""https://meilleurtest.fr/comparatif-creme-hydratante-pour-peau-grasse/"">crème hydratante,</a> il faut prendre en compte quelques critères afin de faire le bon choix. Consultez notre guide pour tout savoir !"
39866;Les meilleurs gommages pour femme;https://meilleurtest.fr/comparatif-gommage-pour-femme/;Beauté femme;"Tout comme le nettoyage, la tonification et l'hydratation, <a href=""//meilleurtest.fr/comparatif-gommage-visage/?wordpress_logged_in=true"">le gommage</a> occupe une place importante dans la routine beauté des femmes. L'exfoliation de la peau peut prévenir de nombreux problèmes de peau. Avec autant de différents types de gommages disponibles sur le marché, exfolier votre peau n'est pas du tout une tâche difficile. Pour choisir le meilleur et pour trouver différentes astuces d'application, suivez notre guide !"
39859;Les meilleures crèmes pour paupières tombantes;https://meilleurtest.fr/comparatif-creme-pour-paupieres-tombantes/;Beauté femme;Apparemment, les paupières tombantes sont le signe d’une profonde fatigue. Cependant, notez que les problèmes liés à l’affaiblissement sont néfastes à la santé. C’est pour cette raison que si vos paupières sont tombantes, vous devez les soigner. Nous vous introduisons quelques critères importants pour vous aider à mieux apprécier une crème pour paupières tombantes efficace.
39847;Les meilleures crèmes pour tatouage;https://meilleurtest.fr/comparatif-creme-pour-tatouage/;Beauté femme;Si vous venez de vous faire tatouer, l’une des premières choses que tout artiste réputé vous dira, c’est à quel point le suivi est crucial. Après avoir obtenu un nouveau tatouage, le plus important, c’est d’éviter la formation de croûtes, ce qui aidera également à empêcher l’apparition de taches éclaircies ou de cicatrices sur le dessin. Et pour cela, il n’y a rien de mieux qu’une crème pour tatouage. Dans ce guide, retrouvez tout ce qu’il y a à savoir sur ce produit de soin pour peau tatouée.
39841;Les meilleures crèmes anti-taches brunes visages;https://meilleurtest.fr/comparatif-creme-anti-taches-brunes-visage/;Beauté femme;"Les <a href=""https://meilleurtest.fr/comparatif-creme-anti-tache/"">crèmes anti-taches</a> brunes visage protègent votre peau des effets indésirables du soleil, tout en luttant contre l’apparition des nouvelles taches et en atténuant celles qui sont déjà apparentes. Avec plusieurs types et plusieurs marques de crèmes anti-taches brunes visage, choisir celle qui correspond à vos attentes et à vos besoins n’est pas une tâche facile. Avant d’acheter la bonne crème anti-taches brunes, découvrez ce guide et comparatif d’achat."
39785;Les meilleurs baumes nettoyants;https://meilleurtest.fr/comparatif-baume-nettoyant/;Beauté femme;Le démaquillage est indispensable dans une routine beauté. Cependant, quel type de produit utiliser ? Le marché du cosmétique propose des options variées, mais le baume nettoyant se distingue par son efficacité et sa polyvalence. Il vous débarrasse des résidus de maquillage et de toutes les impuretés pouvant se trouver sur la peau du visage. Trouvez facilement le meilleur baume démaquillant en suivant les conseils du guide !
39781;Les meilleures crèmes hydratantes visage pour homme;https://meilleurtest.fr/comparatif-creme-hydratante-visage-pour-homme/;Beauté femme;Chouchouter son visage n'est plus un geste exclusivement féminin. Pour preuve, 65% des hommes prennent désormais soin de leur visage avec une préférence accrue pour la crème hydratante. Mais si ces produits foisonnent, ne jetez pour autant pas votre dévolu sur le premier tube de crème qui vous tombe sous la main. Suivez nos conseils pour ne pas vous tromper dans votre achat.
39778;Les meilleures crèmes hydratantes SPF;https://meilleurtest.fr/comparatif-cremes-hydratantes-spf/;Beauté femme;Quand les beaux jours arrivent, cela annonce de plus fréquentes expositions au soleil. Si c’est bon pour le moral, il faut tout de même être vigilant, car certains rayons agressent la peau. Heureusement, l’industrie du cosmétique est là pour qu’on puisse en profiter. Avec ce guide spécial, nous vous aidons à choisir la meilleure crème hydratante SPF afin que vous puissiez apprécier vos bains de soleil bien mérités.
39772;Les meilleurs produits repousse sourcils;https://meilleurtest.fr/comparatif-produit-repousse-sourcils/;Beauté femme;Avoir des sourcils bien remplis et bien épais ne sont pas donnés à tout le monde. Le produit repousse sourcils accélère la repousse et les rend plus épais, plus longs et plus élastiques. Avec plusieurs marques qui proposent ce produit cosmétique, il faut savoir faire le bon choix. Pour vous aider à choisir le produit et la marque de produit repousse sourcils, suivez-nous dans ce comparatif et guide d’achat.
39771;Les meilleurs sérums visage;https://meilleurtest.fr/comparatif-serum-visage/;Beauté femme;Vous auriez besoin d’un produit de soin actif polyvalent, en mesure d’apporter une action traitante à votre épiderme? Pourquoi ne pas essayer le sérum visage ? C'est un produit qui permettra de préparer votre peau et d'optimiser les résultats de votre produit de soin habituel : il peut ainsi agir sur l'éclat et la fermeté de la peau, mais aussi sur sa douceur. Pour trouver le sérum visage qui répondra à vos besoins, lisez ce guide : vous y trouverez quelques conseils d'utilisations ainsi qu'une sélection des meilleurs sérums visage du moment.
39769;Les meilleures crèmes visage pour homme;https://meilleurtest.fr/comparatif-creme-visage-pour-homme/;Beauté femme;Une crème visage pour homme est une substance dont la formule est vouée à subvenir aux besoins particuliers de leur peau. La structure d'une crème visage est plus épaisse et grasse chez la gent masculine. Un produit inadapté pourrait donc ne pas suffire pour prendre soin d'une peau masculine. Voilà pourquoi nous avons sélectionné pour vous les meilleures crèmes visages pour homme actuellement en lice.
39738;Les meilleures crèmes pour pores dilatés;https://meilleurtest.fr/comparatif-creme-pour-pores-dilates/;Beauté femme;La dilatation des pores est causée par de nombreux facteurs dont la pollution ou le vieillissement de la peau. Mais pas de panique, un mode de vie équilibré ainsi qu'une bonne crème pour pores dilatés sauront inverser le phénomène, à condition de choisir le produit adapté. Pour vous aider à trouver la solution adéquate, voici un guide des meilleures crèmes pour pores dilatés disponibles en ce moment.
39735;Les meilleures crèmes apaisantes pour l'arthrose;https://meilleurtest.fr/comparatif-creme-apaisante-pour-larthrose/;Beauté femme;Avec l’arthrite, l’arthrose est l’une des principales causes de douleur et d’invalidité dans le monde. Il existe de nombreuses manières pour soulager la douleur de l’arthrose. Mais l’une des méthodes les plus efficaces reste l’utilisation d’une crème apaisante pour l’arthrose. Elle soulage les douleurs associées à l’arthrose en administrant des ingrédients anti-inflammatoires et analgésiques par voie topique. C’est donc un produit bénéfique qui peut devenir dangereux si on choisit le mauvais. Ce guide des meilleures crèmes apaisantes pour l’arthrose vous sera très utile pour trouver le bon produit.
39732;Les meilleurs primers pour cils;https://meilleurtest.fr/comparatif-primer-pour-cils/;Beauté femme;Un primer pour cil est une substance destinée à rendre ces derniers plus poreux afin d’améliorer leur adhérence. Cette capacité est nécessaire pour maintenir les mascaras ou les extensions. Néanmoins, trouver un produit efficace et sain n’est pas toujours donné. C’est pour cela que nous avons sélectionné pour vous les meilleurs primers pour cils qui sont disponibles sur le marché.
39661;Les meilleures huiles pour le corps;https://meilleurtest.fr/comparatif-huile-pour-corps/;Beauté femme;"Vous êtes à la recherche d’une solution efficace pour soigner <a href=""https://meilleurtest.fr/comparatif-lait-hydratant-pour-corps/"">votre peau</a> en profondeur? L’huile pour le corps est peut-être la réponse à vos besoins. Elle offre des avantages très variés. Les huiles corporelles hydratent, protègent et subliment la peau. Le nombre de bienfaits de ce type de produit varie selon les ingrédients. Trouvez facilement l’huile pour le corps qu’il vous faut en suivant le guide !"
39622;Les meilleures crèmes pour crevasses des pieds;https://meilleurtest.fr/comparatif-creme-pour-crevasses-des-pieds/;Beauté femme;Les crevasses des pieds sont hideuses et potentiellement douloureuses et gênantes au quotidien. Heureusement, les crèmes pour crevasses des pieds offrent des solutions pour réparer et hydrater la peau fissurée. Saviez-vous que certaines de ces crèmes peuvent donner des résultats visibles dès la première application ? Découvrez comment ces soins spécialisés soulagent la douleur et restaurent la douceur de vos pieds. Vous voulez en finir avec les crevasses ? Lisez ce guide pour découvrir les crèmes les plus efficaces du marché en la matière.
39550;Les meilleurs traitements des cicatrices d'acné;https://meilleurtest.fr/comparatif-traitement-des-cicatrices-dacne/;Beauté femme;"Touchant généralement les peaux mates et noires qui ont tendance à fabriquer beaucoup de mélanine, l'acné est un véritable fléau pour les personnes qui en souffrent. Et rien de pire que de se retrouver avec de vilaines taches ou cicatrices sur le visage à vie. À cet effet, afin de booster les effets de votre <a href=""//meilleurtest.fr/comparatif-creme-contre-lacne/"" target=""_blank"" rel=""noopener"">crème contre l'acné</a> et retrouver une belle peau, trouvez le traitement des cicatrices d'acné adéquat via ce guide."
39468;Les meilleures crèmes pour les pieds;https://meilleurtest.fr/comparatif-creme-pour-pieds/;Beauté femme;Les crèmes pour les pieds font partie des soins de beauté indispensables pour avoir une peau douce et éclatante. Hydratant, régénérant ou encore exfoliant, il existe différentes formules adaptées selon vos besoins. Mais laquelle convient le mieux pour vous ? Ce comparatif des meilleures crèmes pour les pieds vous aidera à trouver le meilleur produit pour en prendre soin et les chouchouter.
39416;Les meilleures crèmes cicatrisantes;https://meilleurtest.fr/comparatif-creme-cicatrisante/;Beauté femme;À l’heure où l’apparence devient une véritable obsession, l’engouement pour les crèmes cicatrisantes ne cesse de s’accroître. Un produit de soin qui accélère la guérison d’une plaie comme les écorchures, les coupures ou les brulures sans laisser la moindre cicatrice. Il permet également d’éviter les croûtes et risques d’infection. Voici un guide d'achat complet avec une sélection des meilleures crèmes cicatrisantes du moment.
39399;Les meilleurs hydratants pour peau acnéique;https://meilleurtest.fr/comparatif-hydratant-pour-peau-acneique/;Beauté femme;Dès que l’on se réveille, on confronte notre peau à tant d’agressions extérieures : pollution, froid, chaleur, stress… Cela ne reste pas sans conséquence, peu importe notre âge. On peut par exemple avoir des difficultés à se débarrasser des boutons acnéiques sur le visage. Le marché du cosmétique commercialise justement des produits capables d’y remédier, dont l’hydratant pour peau acnéique. Qu'il soit en forme de crème, de lotion ou de gel, inspirez-vous de notre guide pour choisir la formule adéquate.
39391;Les meilleures teintures à sourcils;https://meilleurtest.fr/comparatif-teinture-a-sourcils/;Beauté femme;Une teinture à sourcils est un outil de coloration capillaire destiné aux sourcils et aux cils. Ce produit de beauté vous permettra de leur donner la couleur souhaitée de manière durable. Toutefois, une couleur inappropriée ou un mauvais composant pourrait nuire à votre santé. Nous vous proposons donc ce guide afin de vous étaler la liste des meilleures teintures à sourcils existantes.
39386;Les meilleurs sérums au rétinol;https://meilleurtest.fr/comparatif-serum-au-retinol/;Beauté femme;Vous remarquez des ridules sur votre visage ? Utilisez régulièrement un sérum au rétinol. Ce soin cosmétique permet d’effacer les premiers signes de vieillissement cutané. On retrouve actuellement plusieurs types de sérums selon la concentration en rétinol. Les taux varient de 0,01% à plus de 2%. Comment choisir le meilleur sérum de rétinol ? Faites confiance à notre guide pour faire le meilleur choix.
39376;Les meilleures crèmes hydratantes pour peau grasse;https://meilleurtest.fr/comparatif-creme-hydratante-pour-peau-grasse/;Beauté femme;"Vous avez envie d'en finir avec cette peau grasse inesthétique et qui vous gêne toute la journée ? Réglez le problème en prenant soin de votre peau avec une <a href=""//meilleurtest.fr/comparatif-creme-hydratante"">crème hydratante</a> adaptée qui va maîtriser la brillance de la peau tout en la nourrissant pleinement. Eh oui ! Une peau grasse a bel et bien besoin d’être nourrie et hydratée, contrairement aux idées reçues. Trouvez donc parmi notre sélection, les meilleures crèmes hydratantes pour peau grasse du moment."
39340;Les meilleures huiles pour le visage;https://meilleurtest.fr/comparatif-huile-pour-visage/;Beauté femme;Vous ne voulez plus utiliser des produits cosmétiques contenant des produits chimiques qui ne font qu’abîmer votre peau ? Tournez-vous vers l’huile pour le visage. Naturelle et sans paraben, elle permet de conserver l’hydratation de votre peau et de la préserver des agressions extérieures. Peu importe le type de votre peau, sèche, grasse ou sensible, vous trouverez une formule adaptée à vos besoins. On vous explique tout dans ce comparatif.
39339;Les meilleurs sérums de croissance des cils;https://meilleurtest.fr/comparatif-serum-de-croissance-des-cils/;Beauté femme;Les sérums de croissance des cils sont des concoctions visant à accélérer et à accentuer la poussée des cils qui ont tendance à être malmenés. Toutefois, sachant que ces remparts oculaires sont particulièrement fragiles, le choix du bon type de sérum à utiliser se corse. Nous allons donc vous assister en vous présentant les meilleurs sérums de croissance des cils.
39333;Les meilleures crèmes hydratantes teintées;https://meilleurtest.fr/comparatif-creme-hydratante-teintee/;Beauté femme;"Vous êtes de celles qui n’aiment pas multiplier les couches de produits sur le visage, mais qui aimeraient quand même avoir un teint 0 défaut ? La crème hydratante teintée est le produit qu’il vous faut. Mariage entre crème de jour et <a class=""wpil_keyword_link"" title=""fond de teint"" href=""https://meilleurtest.fr/comparatif-fond-de-teint/"" data-wpil-keyword-link=""linked"">fond de teint</a>, elle vous permettra d’hydrater votre peau, tout en dissimulant ses petites imperfections. Sur le marché cosmétique, vous trouvez de nombreuses marques de crème hydratante teintée, pour ne pas vous tromper dans vos choix, nous vous donnons les critères d’achat à considérer."
39329;Les meilleures crèmes hydratantes pour peau sèche;https://meilleurtest.fr/comparatif-creme-hydratante-pour-peau-seche/;Beauté femme;Pour remédier aux sensations désagréables engendrées par la sècheresse cutanée, bien hydrater sa peau est important. Utiliser une crème hydratante au quotidien permet aussi bien de nourrir que d’apaiser et de protéger sa peau sèche. Pour retrouver une peau douce, souple et éclatante de santé, on vous aide à faire le point et à trouver la crème hydratante pour peau sèche qui vous convient.
39326;Les meilleures crèmes anti-vergetures spéciales grossesse;https://meilleurtest.fr/comparatif-creme-anti-vergeture-speciale-grossesse/;Beauté femme;Lors de la grossesse, des vergetures apparaissent naturellement. Pour le bonheur des femmes enceintes, ils existent des crèmes de soin dédiées afin d’en venir à bout : les crèmes anti-vergetures spéciales grossesse. Reste à bien choisir le produit adapté à leur type de peau et, peut-être aussi, avec la texture adéquate. Voici une sélection des meilleures crèmes anti-vergetures spéciales grossesse du moment.
39322;Les meilleures crèmes contre l'eczéma;https://meilleurtest.fr/comparatif-creme-contre-leczema/;Beauté femme;Souffrez-vous de démangeaisons ? Optez pour une crème pour protéger, hydrater et nourrir votre peau. Cette crème est l’une des meilleures méthodes de prévention de l’eczéma. Pourtant, ce n’est pas n’importe quelle crème qu’on applique sur la peau. Comment choisir la bonne crème ? Sélectionnez votre crème contre l’eczéma à partir de ce guide.
39279;Les meilleurs exfoliants visage;https://meilleurtest.fr/comparatif-exfoliant-visage/;Beauté femme;Vous souhaitez avoir un visage lisse et lumineux ? Exfolier le visage est l’une des méthodes qui vous aideront à sublimer votre peau. Actuellement, différents exfoliants visage existent sur le marché. Mais comment choisir le bon produit ? Pour ne pas courir de risques inutiles, découvrez notre guide des meilleurs exfoliants visage.
39262;Les meilleures crèmes anti-vergetures;https://meilleurtest.fr/comparatif-creme-anti-vergetures/;Beauté femme;Si vous avez en horreur les vergetures, sachez qu’une simple crème peut les faire disparaître momentanément ou définitivement selon la façon dont vous l’utilisez. Ce soin du corps convient à tous les types de peaux et s’avère superbement efficace, mais comment bien le choisir ? Pour vous faciliter cette tâche, nous dévoilons dans ce guide d’achat, tout ce qu’il faut savoir sur cette crème presque miracle.
39238;Les meilleurs cache tétons;https://meilleurtest.fr/comparatif-cache-teton/;Beauté femme;Les femmes se couvrent la poitrine par pudeur. Mais bien plus qu’une question de retenue, cacher les tétons permet aux plus coquettes de se faire belles sans forcément être contraintes par les soutifs. Cette mode venue tout droit d’Amérique s’invite en France et semble séduire de plus en plus la gent féminine. Voici tout ce qu’il faut savoir pour adopter convenablement les cache tétons.
39156;Les meilleures crèmes anti-âge;https://meilleurtest.fr/comparatif-creme-anti-age/;Beauté femme;Bien que la vieillesse de la peau soit un phénomène naturel, un entretien de manière régulier permet d’y remédier considérablement. Utiliser des soins adaptés à sa carnation et à son type de peau préserve la jeunesse de la peau aussi longtemps que possible. En fonction des imperfections et des prédilections, le marché propose différents produits anti-âge notamment des crèmes, des sérums et des nettoyants. Pour compléter votre routine beauté, faites votre choix parmi notre sélection des meilleures crèmes anti-âge.
39039;Les meilleurs liftants visage;https://meilleurtest.fr/comparatif-liftant-visage/;Beauté femme;Avec l'âge, la peau du visage perd de son élasticité. Elle devient terne et se déshydrate rapidement. Pour la raffermir et lui redonner de la couleur, l'usage d'un liftant visage est vivement conseillé. Pas facile cependant de trouver le bon produit de soin. Afin de vous aider, découvrez de plus amples détails dans notre comparatif des meilleurs liftants visage de l'année.
38995;Les meilleures crèmes raffermissantes visage;https://meilleurtest.fr/comparatif-creme-raffermissante-visage/;Beauté femme;"À partir d’un certain âge, les premiers signes de vieillissement cutané se manifestent inévitablement. Heureusement, les laboratoires cosmétiques innovent sans cesse pour proposer des solutions efficaces. Aujourd’hui, adopter une routine beauté incluant une crème raffermissante pour le visage permet de conserver une peau ferme, éclatante et uniforme. Dans ce guide d’achat, nous vous expliquons les bienfaits de ces produits <a href=""https://meilleurtest.fr/comparatif-creme-anti-age/"">anti-âge</a> et vous proposons une sélection des meilleures crèmes raffermissantes disponibles actuellement."
38914;Les meilleures crèmes pour peaux matures;https://meilleurtest.fr/comparatif-creme-pour-peaux-matures/;Beauté femme;Au fur et à mesure que l’âge avance, la peau perd en fermeté et en éclat. Pas de panique, c’est tout à fait normal. En revanche, le marché des cosmétiques pullule de produits capables de contrer ce phénomène. Parmi eux, on trouve la crème pour peaux matures. Vous ne savez pas laquelle choisir ? Facilitez-vous la tâche avec notre guide consacré entièrement à ce cosmétique aux effets miraculeux.
38839;Les meilleures crèmes AHA;https://meilleurtest.fr/comparatif-creme-aha/;Beauté femme;Les acides de fruit ou AHA sont des actifs végétaux avec des propriétés hydratantes exceptionnelles pour la peau. Les crèmes à base d’AHA peuvent résoudre de nombreux désordres cutanés : rides, peau terne, peau sèche, taches, boutons, etc. Si vous désirez avoir une peau hydratée, rajeunie, sans imperfections ou un teint plus lumineux, voici une sélection des meilleures crèmes AHA concoctée par nos soins et à intégrer dans votre routine beauté.
38812;Les meilleurs sérums anti-taches;https://meilleurtest.fr/comparatif-serum-anti-taches/;Beauté femme;Le sérum anti-taches permet de redonner de l’éclat à votre peau en diminuant les effets des taches pigmentaires. Aussi efficace en traitement préventif, son efficacité est dû à ses différents ingrédients comme l’Alfa Arbutin, la vitamine C ou le ginko. La diversité des ingrédients rend le choix difficile. Lisez notre guide sur les meilleurs sérums anti-taches pour en savoir plus.
38807;Les meilleures brosses nettoyantes visage;https://meilleurtest.fr/comparatif-brosse-nettoyante-visage/;Beauté femme;La brosse nettoyante visage est devenue un accessoire indispensable dans un kit beauté. À l’heure actuelle, il s’agit de l’outil le plus efficace face aux cellules mortes et impuretés polluant la peau. À l’instar des autres produits beautés, il existe tellement de marques de brosses nettoyantes visage qu’il devient difficile de s’y retrouver. Voici pourquoi, on vous a rédigé ce guide consacré entièrement à ce produit.
38771;Les meilleures crèmes raffermissantes pour le corps;https://meilleurtest.fr/comparatif-creme-raffermissante-pour-corps/;Beauté femme;Pour redonner durablement son tonus et son élasticité à l’épiderme, l’usage d’une crème raffermissante est de rigueur. Mais comment bien choisir le soin adéquat ? Dans ce guide d’achat, nous vous proposons de découvrir nos conseils, nos astuces, nos critères de choix ainsi que notre sélection des 4 meilleures crèmes raffermissantes pour le corps.
38735;Les meilleurs sérums hydratants;https://meilleurtest.fr/comparatif-serum-hydratant/;Beauté femme;Malmenée par les changements de températures et la fatigue, votre peau procure une sensation d’inconfort. Opter pour un sérum hydratant serait la meilleure solution pour rétablir son équilibre. D’une texture très fluide, il agit instantanément et sera d’une grande efficacité pour rendre souplesse et éclat à votre peau. Pour vous aider dans votre quête, voici un guide d’achat sur les meilleurs sérums hydratants.
38724;Les meilleurs patchs pour les yeux;https://meilleurtest.fr/comparatif-patch-pour-yeux/;Beauté femme;Vieillesse, stress, soleil, mauvaise circulation sanguine… autant de facteurs qui fatiguent le regard. En plus, la paupière est formée de tissus fragiles et sensibles à tel point que les cernes et les poches se forment facilement. Pour y remédier, des célébrités comme Camilla Cabello, Jessica Alba ou Kourtney Kardashian utilisent un patch pour les yeux. Cela vous intéresse-t-il ? On vous explique tout dans ce guide !
38722;Les meilleures crèmes anti-rides après 50 ans;https://meilleurtest.fr/comparatif-creme-anti-rides-apres-50-ans/;Beauté femme;"<p style=""text-align: left;"">Passé l'âge de 50 ans, la production de collagène par le corps diminue, poussant la peau à manifester des signes de vieillesse. Un traitement avec de la <a class=""wpil_keyword_link"" title=""crème anti-rides"" href=""https://meilleurtest.fr/comparatif-creme-anti-ride/"" data-wpil-keyword-link=""linked"">crème anti-rides</a> s’impose alors pour traquer les signes de vieillissement les plus tenaces, tels que les ridules, les rides et la décoloration, pour une peau plus fraîche, plus éclatante et d’apparence plus jeune. Trouvez le produit qu'il vous faut en lisant ce guide.</p>"
38718;Les meilleures huiles de ricin;https://meilleurtest.fr/comparatif-huile-de-ricin/;Beauté femme;Utilisée dans les domaines de la santé et de la beauté depuis des siècles, l’huile de ricin est appréciée pour ses vertus thérapeutiques. Elle permet notamment de prendre soin des cheveux, des barbes, des ongles, des sourcils et des cils. Cependant, toutes les huiles de ricin ne se valent pas. Fiez-vous à ce guide pour ne pas vous laisser tenter par des choix hasardeux.
38686;Les meilleures crèmes visage;https://meilleurtest.fr/comparatif-creme-visage/;Beauté femme;Pour avoir une peau saine, jeune et resplendissante en toute circonstance, il importe d’en prendre soin quotidiennement. Ainsi, inclure la crème visage dans sa routine beauté est vivement recommandé par les spécialistes de la beauté. Il existe une multitude de formules (anti-rides, anti-âge, avec protection anti-UV, etc.), facilitez-vous la vie en trouvant la crème visage qu’il vous faut parmi notre sélection.
38663;Les meilleures râpes électriques pour les pieds;https://meilleurtest.fr/comparatif-rape-electrique-pour-pieds/;Beauté femme;La râpe électrique pour les pieds est la seule solution pour lutter contre les callosités et la corne au pied. L'utilisation d'une râpe électrique permet d'avoir des pieds lisses avec une peau douce au toucher. Toutefois, il faut prendre en compte certains critères comme l'abrasivité du rouleau ou la puissance du moteur. Pour vous aider dans votre recherche, voici un comparatif présentant les meilleures râpes électriques pour les pieds.
38662;Les meilleurs sérums à l'acide hyaluronique;https://meilleurtest.fr/comparatif-serum-a-lacide-hyaluronique/;Beauté femme;L'acide hyaluronique est sans aucun doute l'un des ingrédients de soin de la peau les plus connus. L'acide hyaluronique est naturellement produit par notre corps, mais ses niveaux diminuent avec l'âge, ce qui explique pourquoi la peau se dessèche avec le temps. Si vous n'utilisez pas déjà un produit contenant de l'acide hyaluronique, c'est le moment de commencer sous forme de sérum. Ce guide va vous aider à trouver le produit qui vous convient le mieux.
38617;Les meilleures crèmes anti-taches;https://meilleurtest.fr/comparatif-creme-anti-tache/;Beauté femme;Les taches brunes ou pigmentaires provoquent souvent une sensation de gêne et d’inconfort. La crème anti-taches a été créée pour aider les personnes souffrant de cette affection à améliorer leur apparence et leur confiance en soi. Toutefois, il semble souvent difficile de trouver la bonne crème qui répond parfaitement à nos attentes. Cet article vous aidera dans votre choix.
38600;Les meilleures ventouses anti-cellulite;https://meilleurtest.fr/comparatif-ventouse-anti-cellulite/;Beauté femme;Utilisé depuis près de 2000 ans par la médecine chinoise, le traitement par ventouse consiste à placer le côté ouvert des tasses chauffées directement sur la peau. Cela crée un effet de vide qui tire les tissus de surface dans la tasse. Cette technique se décline depuis peu en soin de bien-être grâce à la ventouse anti-cellulite. Voici notre comparatif des meilleurs modèles.
38563;Les meilleures crèmes contre l'acné;https://meilleurtest.fr/comparatif-creme-contre-lacne/;Beauté femme;Avez-vous de l'acné ? Pour y remédier, utilisez une crème contre l'acné. Ne vous inquiétez pas, ces boutons touchent aussi bien les grands que les jeunes. Quelle crème contre l’acné choisir parmi les centaines de produits disponibles sur le marché ? Quels critères prendre en compte ? Dans ce guide, nous vous présentons une sélection des meilleures crèmes contre l'acné.
38528;Les meilleures crèmes anti-rides pour les yeux;https://meilleurtest.fr/comparatif-creme-anti-rides-pour-yeux/;Beauté femme;La peau autour des yeux représente la zone la plus fragile et la plus sensible aux marques de vieillissement comme les rides. E une allure très fine et vulnérable aux imperfections, cette partie du visage revendique un soin spécifique pour lutter et prévenir les rides. Voilà pourquoi une crème antirides pour les yeux est fondamentale.
38516;Les meilleures crèmes hydratantes pour le corps;https://meilleurtest.fr/comparatif-creme-hydratante-pour-corps/;Beauté femme;"Souhaitez-vous garder votre peau bien hydratée, quelle que soit la saison ? La solution simple, et efficace est l’application d’une <a href=""https://meilleurtest.fr/comparatif-creme-hydratante-visage-pour-homme/"">crème hydratante</a> pour le corps. Facile à appliquer avec une action rapide, ce produit cosmétique a des ingrédients adaptés à tous types de peaux. Mais quel type de crème hydratante pour le corps vous convient le mieux ? Dans ce guide, nous avons réuni les meilleures pour vous."
38511;Les meilleures huiles démaquillantes;https://meilleurtest.fr/comparatif-huile-demaquillante/;Beauté femme;Vous recherchez un produit doux et efficace pour épurer votre visage et retirer votre maquillage ? L’huile démaquillante se présente comme la solution idéale qui non seulement nettoie toutes les traces mais contribue aussi à l’obtention d’une meilleure effigie. N’hésitez plus, trouvez la meilleure huile démaquillante qui excellera votre routine beauté grâce à notre guide d’achat.
38500;Les meilleurs soins du visage;https://meilleurtest.fr/comparatif-soin-du-visage/;Beauté femme;Votre peau présente-t-elle des signes de fatigue, de stress, ou des imperfections persistantes ? Des soins ciblés du visage peuvent améliorer votre routine beauté et redonner à la peau l’éclat et la vitalité qu’elle mérite. Luttant contre les agressions quotidiennes comme la pollution et le vieillissement, les soins visage apportent une réponse adaptée aux besoins de chaque type de peaux. Découvrez comment les meilleurs produits du marché peuvent améliorer l’apparence de la peau et restaurer la confiance en soi. Lisez notre guide pour trouver les solutions pour un teint parfait.
38495;Les meilleures crèmes au rétinol;https://meilleurtest.fr/comparatif-creme-au-retinol/;Beauté femme;La fontaine de Jouvence d’aujourd’hui n’est pas une source magique, mais des produits qui promettent des résultats anti-âge. Beaucoup d’entre eux n’offrent guère plus que du battage publicitaire, mais le rétinol se distingue par ses résultats prouvés. Les crèmes au rétinol diminuent les signes du vieillissement, tels que les ridules, les rides et la décoloration, pour une peau plus fraîche, plus éclatante et d’apparence plus jeune.
38473;Les meilleurs sérums à la vitamine C;https://meilleurtest.fr/comparatif-serum-a-vitamine-c/;Beauté femme;La vitamine C est un véritable baume pour notre épiderme. En plus de rajeunir la peau, cette vitamine l’éclaircit et lui donne bonne mine. Les sérums qui contiennent ce nutriment essentiel sont pleins de promesses, mais que valent-ils vraiment en réalité ? Nous faisons le point dans ce guide d’achat des meilleurs sérums à la vitamine C de cette année.
38470;Les meilleures CC crèmes;https://meilleurtest.fr/comparatif-cc-creme/;Beauté femme;La CC crème est une parfaite alliée au quotidien, camouflant les imperfections tout en conférant une hydratation optimale de la peau. Bénéficiant d’une texture fine, elle garantit un effet naturel et saura convaincre les adeptes de maquillages légers. Pour des résultats satisfaisants, il est vivement conseillé de choisir la CC crème adaptée à sa carnation et son type de peau. Lisez notre guide  d'achat pour en savoir plus sur le sujet.
38435;Les meilleures trousses de toilette bébé;https://meilleurtest.fr/comparatif-trousse-de-toilette-bebe/;Beauté femme;Comment s'occuper de l’hygiène de bébé ? Quels accessoires faut-il acheter pour son bain et ses soins quotidiens ? D'une aide précieuse pour les parents, la trousse de toilette bébé renferme les outils nécessaires pour l’hygiène du bout de chou. Laquelle choisir et à quel prix ? Trouvez les réponses à vos questions dans ce guide des meilleures trousses de toilette bébé.
38408;Les meilleurs gommages corps;https://meilleurtest.fr/comparatif-gommage-corps/;Beauté femme;Le gommage corps reste un basique essentiel de la routine beauté. À effectuer au moins une fois par semaine, il aide à se débarrasser des cellules mortes, exfolie la peau tout en la rendant plus lisse, souple et éclatante. Il améliore également la circulation sanguine tout en prolongeant l’effet du bronzage. Mais lequel choisir ? Examinons en détail les meilleurs gommages corps du moment à travers ce comparatif.
38355;Les meilleurs démaquillants;https://meilleurtest.fr/comparatif-demaquillant/;Beauté femme;Points noirs, eczéma, irritations, et rougeurs. Voilà ce que vous infligez à votre peau quand vous ne vous démaquillez pas comme il faut ou que vous n’utilisez pas le bon produit. De ce fait, un démaquillant vous aidera à bien retirer les résidus de maquillage qui s’éternisent sur le contour des yeux, le visage et le cou. Laits, huiles, lingettes démaquillantes… que choisir ? Lisez ce guide.
38348;Les meilleurs produits contre l'acné;https://meilleurtest.fr/comparatif-produit-contre-lacne/;Beauté femme;Dans un monde où l'apparence compte énormément, tout le monde veut une peau impeccable. C'est beaucoup plus facile à dire qu'à faire. Pour les personnes aux prises avec l'acné, parler à un dermatologue est une excellente première étape, mais vous pouvez tout de suite vous procurer un produit contre l’acné dès les premières apparitions. Vous n'avez pas le temps de faire de longues recherches ? Nous vous avons concocté ce guide d'achat complet.
38343;Les meilleures crèmes hydratantes visage;https://meilleurtest.fr/comparatif-creme-hydratante-visage/;Beauté femme;Basique, mais incontournable dans une rituelle beauté, la crème hydratante visage est le garant d’un teint éclatant, d’une peau saine et magnifiée. Entre la pléthore d’offres existantes, difficile parfois de choisir la meilleure crème hydratante visage pour soi. Comment faire dans ce cas ? On vous dit tout dans ce guide d’achat.
38323;Les meilleurs tire-comédons;https://meilleurtest.fr/comparatif-tire-comedon/;Beauté femme;"Les chiffres sont alarmants : <a href=""https://www.topsante.com/medecine/dermato/eczema/1-francais-sur-3-touche-par-une-maladie-de-peau-620865"">plus de 1 Français sur 3 souffre de problèmes de peau. </a>Il est notamment question de comédons, taches, boutons, points noirs et blancs, etc. Bien que les tire-comédons ne les traitent pas tous, ils ont au moins le mérite d'être efficaces contre les matières sébacées infectées qui s’enracinent dans les pores. Vous vous demandez quel tire-comédons choisir ? Vous le saurez en lisant notre guide d'achat des meilleurs tire-comédons du moment."
38275;Les meilleurs saunas faciaux;https://meilleurtest.fr/comparatif-sauna-facial/;Beauté femme;Les points noirs, les papules et les nodules sont des épineux problèmes du visage que vous pouvez régler en utilisant un simple sauna facial. Comme cet accessoire beauté se décline en différents modèles, choisir le meilleur s’avère difficile. Facilitez-vous cette tâche en consultant ce guide d’achat des meilleurs saunas faciaux du moment.
38254;Les meilleures crèmes pour les mains abîmées;https://meilleurtest.fr/comparatif-creme-pour-mains-abimees/;Beauté femme;Que ce soit en raison du lavage constant pour des soucis d'hygiène ou d'exposition à des environnements secs, la peau de nos mains peut devenir sensible, déshydratée et, dans certains cas, pelée. La saisonnalité peut également avoir un impact sur la prévalence des mains sèches et gercées. Dans ce guide, nous allons vous présenter les meilleures crèmes pour les mains abîmées et les garder bien hydratées.
38244;Les meilleurs recourbe-cils chauffants;https://meilleurtest.fr/comparatif-recourbe-cils-chauffant/;Beauté femme;Avez-vous rêvé d’avoir des yeux de biche, d’avoir un regard sexy et glamour sans faire tant d'efforts? Cela peut se réaliser avec un recourbe-cils chauffant. Cet appareil électrique sert à donner à vos cils plus de volume et une forme parfaite, et ce, en très peu de temps. Mais, parmi tant de gammes sur le marché comment en procurer un? Suivez notre guide, car nous allons vous présenter les meilleurs recourbe-cils chauffants pour vous aider à bien choisir.
38240;Les meilleurs peelings visage;https://meilleurtest.fr/comparatif-peeling-visage/;Beauté femme;Parmi les solutions les plus pratiques pour lutter contre ces imperfections du visage, le peeling vous permet de retrouver rapidement une peau lisse et éclatante. Mais avec une large gamme de produits disponibles sur le marché, il n’est pas toujours facile de trouver la bonne formule. Découvrez à travers notre guide tout ce qu’il faut savoir pour éviter de choisir un peeling visage inadéquat.
38173;Les meilleures crèmes pour pieds très secs;https://meilleurtest.fr/comparatif-creme-pour-pieds-tres-secs/;Beauté femme;Avoir des pieds très secs et craquelés n'a rien d'agréable. Heureusement, il existe des crèmes pour y remédier, dont certaines sont recommandées par les podologues. Vos pieds méritent de recevoir les meilleurs soins pour se réhydrater et en finir avec les crevasses, la peau desséchée, la peau rugueuse, les talons fendillés et les callosités. Mais quelle crème pour pieds très secs choisir pour retrouver des pieds doux et hydratés ? Pour le savoir, découvrez notre sélection et nos conseils pratiques.
38150;Les meilleurs masques visage;https://meilleurtest.fr/comparatif-masque-visage/;Beauté femme;Il est important de prendre soin de sa peau à commencer par un nettoyage du visage, l’application d’un soin au quotidien comme le masque visage. C’est un soin qui apporte beaucoup de bienfaits car il peut purifier, hydrater et raffermir la peau du visage. Dans cet article nous allons vous présenter les meilleurs masques visage pour vous orienter dans votre choix.
38131;Les meilleures eaux micellaires;https://meilleurtest.fr/comparatif-eau-micellaire/;Beauté femme;L’eau micellaire est de plus en plus utilisée dans la routine beauté de toutes les femmes de nos jours. Ce démaquillant a le rôle d’apaiser et de mieux nettoyer que les soins traditionnels. Elle présente également beaucoup de bienfaits sur la peau. Dans cet article, nous allons vous présenter les meilleures eaux micellaires pour mieux vous orienter dans votre choix.
38120;Les meilleurs appareils anti-rides pour visage;https://meilleurtest.fr/comparatif-appareil-anti-rides-pour-visage/;Beauté femme;Faire des soins pour votre visage peut coûter cher si vous voulez consulter des spécialistes. Heureusement, grâce à l’évolution de la technologie, il existe de nos jours des machines où vous pouvez retrouvez toutes les qualités des soins en institut chez vous et ce, à petit prix. On vous invite à suivre ce guide pour mieux choisir les meilleurs appareils anti-ride pour visage.
38005;Les meilleures crèmes contour des yeux;https://meilleurtest.fr/comparatif-creme-contour-des-yeux/;Beauté femme;Les crèmes contour des yeux sont un élément essentiel de toute routine de beauté. Elles sont conçues pour hydrater et protéger la peau délicate autour des yeux, en luttant contre les rides, les cernes et les poches qui apparaissent avec le temps. Il existe une variété de produits sur le marché qui se targuent d'être la meilleure crème contour des yeux du moment, mais comment savoir laquelle choisir ? Pour vous guider dans votre choix parmi les nombreuses options disponibles, nous vous présentons nos recommandations pour trouver la meilleure crème contour des yeux adaptée à votre type de peau et à vos besoins spécifiques.
37849;Les meilleurs anti-cernes;https://meilleurtest.fr/comparatif-anti-cerne/;Beauté femme;Le contour de vos yeux présente des signes de fatigue ? Vous voyez des cernes apparaître ? Sachez qu’il existe différents produits anti-cerne pour vous sauver la mise et vous redonner bonne mine. Encore faut-il bien choisir en fonction de vos réels besoins ! Pour vous aider, nous vous invitons à découvrir notre guide des meilleurs anti-cernes.
37817;Les meilleures trousses de toilette;https://meilleurtest.fr/comparatif-trousse-de-toilette/;Beauté femme;La trousse de toilette, également appelée <em>vanity</em> dans l’univers de la mode, s’est rendue nécessaire pour les escapades de quelques jours, les vacances et les voyages d’affaires. N’étant nullement l’apanage de la gent féminine, il s'agit d'un accessoire unisexe, davantage loué pour ses atouts pratiques que pour son côté esthétique, même si un beau design ne sera jamais de refus. Quels critères définissent les meilleures trousses de toilette et où en trouver ? On fait le point dans ce guide d’achat.
37712;Les meilleurs nettoyants visage;https://meilleurtest.fr/comparatif-nettoyant-visage/;Beauté femme;Un geste beauté essentiel, le nettoyage visage permet de garder une peau saine débarrassée des impuretés et des salissures. Face aux nombreux produits nettoyants de différentes marques proposés sur le marché, il est difficile de faire le choix. Pour vous aider à y voir plus clair, nous avons inclus dans ce guide les meilleurs nettoyants visage du moment.
37703;Les meilleurs démaquillants pour les yeux;https://meilleurtest.fr/comparatif-demaquillant-pour-yeux/;Beauté femme;Un produit indispensable pour entretenir la beauté du contour des yeux, le démaquillant permet d’ôter efficacement les résidus de maquillage. Avec un si grand nombre de produits démaquillants sur le marché, il est difficile d’y voir clair. Notre guide va vous aider à trouver un démaquillant spécifique pour cette zone sensible.
37520;Les meilleurs masques anti-points noirs;https://meilleurtest.fr/comparatif-masque-anti-points-noirs/;Beauté femme;Excellente mixture de beauté, le masque anti-points noirs constitue un moyen efficace pour désobstruer les pores et retrouver une mine éclatante. Masque à base de charbon actif, aloe vera ou autre, trouver le bon produit est une question de prix, d'efficacité et de facilité d'utilisation. Pour faire le bon choix, nous vous invitons à lire ce guide des meilleurs masques anti-points noirs.
37507;Les meilleurs gommages visage;https://meilleurtest.fr/comparatif-gommage-visage/;Beauté femme;Impossible de faire l’impasse sur le gommage visage si vous voulez une peau neuve et douce, avec un bel éclat. Ce rituel beauté est une étape incontournable pour les femmes soucieuses de leur apparence. Mais quel gommage visage choisir ? Pour le savoir, découvrez notre guide comparatif des meilleurs gommages visage.
37439;Les meilleures BB crèmes;https://meilleurtest.fr/comparatif-bb-creme/;Beauté femme;La BB crème est un soin indispensable au quotidien, aidant à camoufler les imperfections tout en garantissant un effet naturel. Toutefois, choisir sa BB crème n'est pas toujours évident, notamment au niveau de la marque, du type de couvrance... Pour vous faciliter la tâche, nous avons sélectionné les meilleures BB crèmes et toujours au meilleur prix.
37344;Les meilleures têtes à coiffer;https://meilleurtest.fr/comparatif-tete-a-coiffer/;Beauté femme;Vos enfants sont-ils des amoureux des personnages Disney et des collections de poupées ? Nombreux sont ceux qui sont fascinés par les styles de coiffure et de maquillage. Des têtes à coiffer allieront alors le plaisir de vos enfants. Aussi attrayantes soient-elles, il existe un tas de modèles sur le marché. Pour vous aider à choisir, voici un guide d’achat que nous avons préparé pour vous.
38173;Les meilleures crèmes pour pieds très secs;https://meilleurtest.fr/comparatif-creme-pour-pieds-tres-secs/;Beauté femme;Avoir des pieds très secs et craquelés n'a rien d'agréable. Heureusement, il existe des crèmes pour y remédier, dont certaines sont recommandées par les podologues. Vos pieds méritent de recevoir les meilleurs soins pour se réhydrater et en finir avec les crevasses, la peau desséchée, la peau rugueuse, les talons fendillés et les callosités. Mais quelle crème pour pieds très secs choisir pour retrouver des pieds doux et hydratés ? Pour le savoir, découvrez notre sélection et nos conseils pratiques.
38150;Les meilleurs masques visage;https://meilleurtest.fr/comparatif-masque-visage/;Beauté femme;Il est important de prendre soin de sa peau à commencer par un nettoyage du visage, l’application d’un soin au quotidien comme le masque visage. C’est un soin qui apporte beaucoup de bienfaits car il peut purifier, hydrater et raffermir la peau du visage. Dans cet article nous allons vous présenter les meilleurs masques visage pour vous orienter dans votre choix.
38131;Les meilleures eaux micellaires;https://meilleurtest.fr/comparatif-eau-micellaire/;Beauté femme;L’eau micellaire est de plus en plus utilisée dans la routine beauté de toutes les femmes de nos jours. Ce démaquillant a le rôle d’apaiser et de mieux nettoyer que les soins traditionnels. Elle présente également beaucoup de bienfaits sur la peau. Dans cet article, nous allons vous présenter les meilleures eaux micellaires pour mieux vous orienter dans votre choix.
38120;Les meilleurs appareils anti-rides pour visage;https://meilleurtest.fr/comparatif-appareil-anti-rides-pour-visage/;Beauté femme;Faire des soins pour votre visage peut coûter cher si vous voulez consulter des spécialistes. Heureusement, grâce à l’évolution de la technologie, il existe de nos jours des machines où vous pouvez retrouvez toutes les qualités des soins en institut chez vous et ce, à petit prix. On vous invite à suivre ce guide pour mieux choisir les meilleurs appareils anti-ride pour visage.
38005;Les meilleures crèmes contour des yeux;https://meilleurtest.fr/comparatif-creme-contour-des-yeux/;Beauté femme;Les crèmes contour des yeux sont un élément essentiel de toute routine de beauté. Elles sont conçues pour hydrater et protéger la peau délicate autour des yeux, en luttant contre les rides, les cernes et les poches qui apparaissent avec le temps. Il existe une variété de produits sur le marché qui se targuent d'être la meilleure crème contour des yeux du moment, mais comment savoir laquelle choisir ? Pour vous guider dans votre choix parmi les nombreuses options disponibles, nous vous présentons nos recommandations pour trouver la meilleure crème contour des yeux adaptée à votre type de peau et à vos besoins spécifiques.
37849;Les meilleurs anti-cernes;https://meilleurtest.fr/comparatif-anti-cerne/;Beauté femme;Le contour de vos yeux présente des signes de fatigue ? Vous voyez des cernes apparaître ? Sachez qu’il existe différents produits anti-cerne pour vous sauver la mise et vous redonner bonne mine. Encore faut-il bien choisir en fonction de vos réels besoins ! Pour vous aider, nous vous invitons à découvrir notre guide des meilleurs anti-cernes.
37817;Les meilleures trousses de toilette;https://meilleurtest.fr/comparatif-trousse-de-toilette/;Beauté femme;La trousse de toilette, également appelée <em>vanity</em> dans l’univers de la mode, s’est rendue nécessaire pour les escapades de quelques jours, les vacances et les voyages d’affaires. N’étant nullement l’apanage de la gent féminine, il s'agit d'un accessoire unisexe, davantage loué pour ses atouts pratiques que pour son côté esthétique, même si un beau design ne sera jamais de refus. Quels critères définissent les meilleures trousses de toilette et où en trouver ? On fait le point dans ce guide d’achat.
37712;Les meilleurs nettoyants visage;https://meilleurtest.fr/comparatif-nettoyant-visage/;Beauté femme;Un geste beauté essentiel, le nettoyage visage permet de garder une peau saine débarrassée des impuretés et des salissures. Face aux nombreux produits nettoyants de différentes marques proposés sur le marché, il est difficile de faire le choix. Pour vous aider à y voir plus clair, nous avons inclus dans ce guide les meilleurs nettoyants visage du moment.
37703;Les meilleurs démaquillants pour les yeux;https://meilleurtest.fr/comparatif-demaquillant-pour-yeux/;Beauté femme;Un produit indispensable pour entretenir la beauté du contour des yeux, le démaquillant permet d’ôter efficacement les résidus de maquillage. Avec un si grand nombre de produits démaquillants sur le marché, il est difficile d’y voir clair. Notre guide va vous aider à trouver un démaquillant spécifique pour cette zone sensible.
37520;Les meilleurs masques anti-points noirs;https://meilleurtest.fr/comparatif-masque-anti-points-noirs/;Beauté femme;Excellente mixture de beauté, le masque anti-points noirs constitue un moyen efficace pour désobstruer les pores et retrouver une mine éclatante. Masque à base de charbon actif, aloe vera ou autre, trouver le bon produit est une question de prix, d'efficacité et de facilité d'utilisation. Pour faire le bon choix, nous vous invitons à lire ce guide des meilleurs masques anti-points noirs.
37507;Les meilleurs gommages visage;https://meilleurtest.fr/comparatif-gommage-visage/;Beauté femme;Impossible de faire l’impasse sur le gommage visage si vous voulez une peau neuve et douce, avec un bel éclat. Ce rituel beauté est une étape incontournable pour les femmes soucieuses de leur apparence. Mais quel gommage visage choisir ? Pour le savoir, découvrez notre guide comparatif des meilleurs gommages visage.
37439;Les meilleures BB crèmes;https://meilleurtest.fr/comparatif-bb-creme/;Beauté femme;La BB crème est un soin indispensable au quotidien, aidant à camoufler les imperfections tout en garantissant un effet naturel. Toutefois, choisir sa BB crème n'est pas toujours évident, notamment au niveau de la marque, du type de couvrance... Pour vous faciliter la tâche, nous avons sélectionné les meilleures BB crèmes et toujours au meilleur prix.
37344;Les meilleures têtes à coiffer;https://meilleurtest.fr/comparatif-tete-a-coiffer/;Beauté femme;Vos enfants sont-ils des amoureux des personnages Disney et des collections de poupées ? Nombreux sont ceux qui sont fascinés par les styles de coiffure et de maquillage. Des têtes à coiffer allieront alors le plaisir de vos enfants. Aussi attrayantes soient-elles, il existe un tas de modèles sur le marché. Pour vous aider à choisir, voici un guide d’achat que nous avons préparé pour vous.
