"ID";"post_title";"_post_permalink";"category";"mltv5_introduction";"mltv5_new_intro"
"42714";"Les meilleures scies sauteuses sans fil";"https://meilleurtest.fr/comparatif-scie-sauteuse-sans-fil/";"Bricolage";"<a href=""https://meilleurtest.fr/comparatif-scie-sauteuse/"">La scie sauteuse</a> sans fil a révolutionné les travaux sur les chantiers grâce à son autonomie, sa mobilité exceptionnelle, sa maniabilité, sa précision et sa capacité de coupe. Elle résout les problèmes liés aux câbles gênants des modèles filaires tout en assurant une coupe nette. Légère et robuste, elle se décline en deux familles bien distinctes : standard ou à mouvement pendulaire. Cet outil polyvalent mérite votre attention si vous découpez régulièrement du bois pour le travail ou le bricolage. Découvrez notre sélection des meilleures scies sauteuses sans fil pour cette année et nos conseils pour faire le bon choix."
"42696";"Les meilleures meuleuses sans fil";"https://meilleurtest.fr/comparatif-meuleuse-sans-fil/";"Bricolage";"Vous devez couper un tube acier ou une dalle carrelée, mais vous comprenez rapidement qu’il est impossible de tirer une rallonge jusqu’au chantier ou même dans votre jardin. Avec une meuleuse sans fil, c’est tout à fait possible. Alimenté par batterie, cet outil offre la liberté de couper, poncer ou ébarber partout, sans dépendre d’une prise électrique. Compacte, légère et de plus en plus puissante, la meuleuse sans fil est devenue un outil incontournable. Découvrez notre guide consacré au sujet si l'acquisition d'un tel outil vous intéresse."
"42688";"Les meilleures isolations thermiques des murs par l'intérieur";"https://meilleurtest.fr/comparatif-isolation-thermique-des-murs-par-linterieur/";"Bricolage";"L’hiver arrive, le chauffage tourne à plein régime. Et malgré cela, les murs restent froids et l’humidité s’installe. Peut-être est-ce le bon moment pour installer une isolation thermique des murs par l'intérieur ? Il s'agit d'une fine barrière qui bloque la vapeur, limite les déperditions et renvoie la chaleur vers la pièce. Facile à poser, elle change vraiment la donne, sans nécessiter de gros travaux. Pour savoir quelle isolation thermique des murs par l'intérieur choisir et éviter les mauvaises surprises, découvrez notre guide d'achat."
"42643";"Les meilleurs compresseurs portatifs";"https://meilleurtest.fr/comparatif-compresseur-portatif/";"Bricolage";"Crevaison lente sur la route un dimanche, pneu à plat devant la maison ou <a href=""https://meilleurtest.fr/comparatif-velo/"">vélo sous-gonflé avant une sortie</a>, on a tous vécu ce moment où le manque d’air a gâché la journée. Les compresseurs portatifs règlent ça en quelques minutes, sans se salir ni courir à la station. Avec leur format compact, leur poignée pratique et parfois une batterie intégrée, ils vous suivent partout et se rendent utiles quand il faut. Voici les meilleurs compresseurs portatifs à considérer."
"42606";"Les meilleures visseuses sans fil professionnelles";"https://meilleurtest.fr/comparatif-visseuse-sans-fil-professionnelle/";"Bricolage";"La visseuse filaire supporte qu'on la malmène. Mais il faut une rallonge pour l'utiliser correctement et vous n'êtes pas à l'abri de câbles qui s'entremêlent, sans compter votre dépendance à un groupe électrogène ou au réseau électrique. Si vous avez besoin de travailler vite sans vous soucier de l'alimentation, offrez-vous <a href=""https://meilleurtest.fr/comparatif-visseuse-sans-fil/"">une visseuse sans fil</a> professionnelle. Finies les contraintes de mobilité, de puissance ou de précision. Classique, perceuse-visseuse, visseuse à percussion, visseuse d’angle ou visseuse à choc, achetez malin en trouvant votre visseuse sans fil professionnelle en parcourant notre sélection. Découvrez également nos conseils pour faire le bon choix en parcourant le guide."
"42552";"Les meilleures haches à fendre";"https://meilleurtest.fr/comparatif-hache-a-fendre/";"Bricolage";"La hache à fendre se reconnaît facilement à sa lame plus étroite que celle d’une hache classique et son profil semblable à une masse. C’est un outil indispensable pour quiconque veut constituer un stock de bûches pour l’hiver, mais n’a pas les moyens de s’offrir une tronçonneuse. Grâce à son équilibre particulier et son centre de gravité très proche de l’avant, cet outil de coupe est plus efficace pour fendre le bois, rendant la besogne moins laborieuse et plus rapide. Bien entendu, faire le bon sera crucial pour la facilité d’utilisation, la sécurité de l’utilisateur et la durée de vie de l’outil. Découvrez notre sélection des meilleures haches à fendre si vous voulez en savoir plus."
"42516";"Les meilleurs isolants thermiques de faible épaisseur";"https://meilleurtest.fr/comparatif-isolant-thermique-de-faible-epaisseur/";"Bricolage";"Quand le froid s’infiltre par une cloison fine, un mur non isolé ou une porte métallique, le confort thermique se dégrade rapidement. Les zones difficiles à traiter sont souvent les plus pénibles à cause des courants d’air, des parois glaciales et des déperditions derrière un radiateur. Pire, tout le monde n'a pas forcément la place ni le budget pour une isolation lourde, avec des mousses épaisses ou de la laine de verre. Les isolants thermiques fins offrent alors une solution ciblée, discrète, souvent très efficace en appoint. Certains matériaux transforment l’ambiance d’une pièce en quelques minutes, encore faut-il savoir quels isolants thermiques de faible épaisseur choisir."
"42304";"Les meilleures lames de terrasse";"https://meilleurtest.fr/comparatif-lame-de-terrasse/";"Bricolage";"Offrez un nouveau style à votre terrasse ou remettez-la en état grâce <a href=""https://meilleurtest.fr/comparatif-lame-de-terrasse-composite/"">aux lames de terrasse</a>. Non seulement ces dernières s’installent facilement, mais elles apportent en même temps un aspect plus naturel. Trouver le modèle qui conviendra à la fois à votre cadre de vie et au design général de votre maison s’avère toutefois difficile. Voilà pourquoi, nous vous proposons de parcourir ce guide sur les meilleures lames de terrasse afin de faire un choix éclairé."
"42297";"Les meilleures lames de terrasse composite";"https://meilleurtest.fr/comparatif-lame-de-terrasse-composite/";"Bricolage";"Vous souhaitez recouvrir votre terrasse ou les abords de votre piscine ? Malheureusement, vous hésitez entre différents revêtements ? Pourquoi ne pas envisager la lame de terrasse composite ? Ce revêtement concilie charme, robustesse et facilité de pose. Il convient parfaitement aux petites terrasses et sera du plus bel effet sur les surfaces plus grandes. Alvéolaire, semi-pleine ou pleine, découvrez notre sélection des meilleures lames de terrasses composites pour cette année. Nous vous expliquons également quels points vérifier pour faire le bon choix."
"42295";"Les meilleurs lambris PVC";"https://meilleurtest.fr/comparatif-lambris-pvc/";"Bricolage";"Le lambris PVC est un <a href=""https://meilleurtest.fr/comparatif-parquet-stratifie/"">revêtement</a> mural ou de plafond aux avantages multiples. En effet, plus d’être parfaitement étanche, il est esthétique, insensible à l’humidité et insensible aux chocs. Ce parement à l'allure très originale est de plus en plus utilisé pour les possibilités décoratives qu’il offre. D’autant plus qu’une fois installé, il ajoute du cachet aux pièces de vie et les pièces humides. Pour tout savoir sur ce revêtement et choisir celui qui s’adaptera parfaitement à votre intérieur, lisez ce guide des meilleurs lambris PVC."
"42283";"Les meilleurs lambris bois";"https://meilleurtest.fr/comparatif-lambris-bois/";"Bricolage";"Dans l'univers de la rénovation, choisir un bon lambris bois est crucial, autant pour les murs de dedans que les murs de dehors. Avec l'humidité, les changements de température et le temps qui passe, on cherche des options visuellement jolies et qui durent. Le lambris bois est une référence en la matière : il isole, réchauffe l'ambiance et donne du style à n'importe quel espace. Et grâce à de nouveaux traitements écologiques, le bois restera magnifique plus longtemps sans perdre son aspect naturel. Découvrez notre sélection de lambris bois pour transformer votre lieu de vie ou de travail."
"42174";"Les meilleurs nettoyants de façade";"https://meilleurtest.fr/comparatif-nettoyant-de-facade/";"Bricolage";"Les saletés ternissent l’aspect extérieur de votre maison ? Voulez-vous éliminer les salissures tenaces sur votre façade ? L’entretien d’une façade n’est pas seulement une question esthétique, mais surtout technique. Il ne suffit pas d’appliquer de la <a href=""https://meilleurtest.fr/comparatif-peinture-pour-beton/"">peinture pour béton</a>, mais aussi d’utiliser un nettoyant de façade. Encore faut-il bien choisir le bon produit pour y arriver. Découvrez comment résoudre les problèmes d’encrassement à travers notre guide d’achat sur les nettoyants de façade. Et pour les plus pressés, nous avons sélectionné les meilleurs produits de nettoyage de façade dans notre comparatif."
"42153";"Les meilleurs imperméabilisants textiles";"https://meilleurtest.fr/comparatif-impermeabilisant-textile/";"Bricolage";"Que ce soit à l’intérieur ou à l’extérieur de la maison, avoir un imperméabilisant textile sous la main est essentiel pour assurer confort et sérénité en toutes circonstances. En offrant une protection complète contre les taches et les effets néfastes de l’humidité, ce produit incontournable simplifie l’entretien de vos affaires en textiles (vêtements, articles de maroquinerie, <a href=""https://meilleurtest.fr/comparatif-chaussures-de-marche-en-ville/"">chaussures</a>, meubles rembourrés et même articles d’extérieur), prolonge leur durée de vie et préserve leur respirabilité. Favorisant un mode de vie responsable, il réduit les remplacements et les gaspillages, aussi bien en termes de temps qu’en termes d’argent. Les détails dans cet article."
"42149";"Les meilleurs isolants thermiques muraux";"https://meilleurtest.fr/comparatif-isolant-thermique-mural/";"Bricolage";"Les risques de déperdition de chaleur à travers les murs d’un bâtiment ou d’une modeste habitation appartiennent désormais au passé. Les progrès en matière d'isolation dans le secteur du BTP sont prometteurs grâce au développement de différents types d’<a href=""https://meilleurtest.fr/comparatif-isolant-thermique-de-mur-par-linterieur/"">isolants thermiques muraux</a>. Cependant, les matériaux, la surface et l’épaisseur du produit peuvent éveiller en vous une certaine hésitation, surtout si vous n'avez pas l'habitude de ce genre de chose. Pour vous aider, lisez notre guide des meilleurs isolants thermiques muraux pour cette année."
"42139";"Les meilleures peintures de plafond professionnelles";"https://meilleurtest.fr/comparatif-peinture-de-plafond-professionnelle/";"Bricolage";"Dans le cadre d’une rénovation ou de premiers travaux, le plafond est un élément de l’intérieur à ne pas négliger. L’état de la surface et les teintes à adopter déterminent souvent la qualité du résultat. Avant d’acheter <a href=""https://meilleurtest.fr/comparatif-peinture-isolante-thermique/"">une peinture de plafond</a> professionnelle, il faut avoir de bonnes notions concernant les critères de choix et les étapes à suivre. Notre guide d’achat répond justement à vos questions tout en proposant une sélection des peintures de plafond professionnelles pour cette année."
"42136";"Les meilleurs isolants thermiques pour mur extérieur";"https://meilleurtest.fr/comparatif-isolant-thermique-pour-mur-exterieur/";"Bricolage";"Isoler les murs par l’extérieur est le meilleur moyen pour éliminer complètement les ponts thermiques et rendre votre maison moins énergivore. Cette rénovation très modulaire convient aussi bien aux bâtiments neufs qu'aux habitations existantes. Si vous envisagez d’entreprendre prochainement des travaux de rénovation énergétique, vous aurez besoin d’excellents<a href=""https://meilleurtest.fr/comparatif-isolant-thermique/""> isolants thermiques</a> pour murs extérieurs. Ce guide vous livre tous les conseils pour un achat réussi."
"42130";"Les meilleures peintures isolantes thermiques";"https://meilleurtest.fr/comparatif-peinture-isolante-thermique/";"Bricolage";"L’isolation extérieure avec des panneaux isolants est très intéressante, mais souvent difficile à mettre en place. Une alternative innovante consiste à appliquer de la peinture isolante thermique. Un peu comme <a href=""https://meilleurtest.fr/comparatif-isolant-thermique/"">le panneau</a> <a href=""https://meilleurtest.fr/comparatif-isolant-thermique/"">isolant</a>, ce type de revêtement diminue la chaleur en été, protège du froid en hiver et réfléchit les rayons du soleil à l’extérieur. Il vous offre un gain de température de 2 à 4 °C sans nécessiter des travaux lourds. Découvrez à travers notre guide les meilleures peintures isolantes thermiques, que ce soit pour une application à l’intérieur qu’à l’extérieur."
"42127";"Les meilleures isolations phoniques pour mur";"https://meilleurtest.fr/comparatif-isolation-phonique-pour-mur/";"Bricolage";"Les bruits extérieurs peuvent devenir une source de stress et de gêne au sein d'une habitation. Et dans les appartements ou les habitations avec des murs mitoyens, la nuisance sonore est devenue un problème majeur pour les locataires face à l'urbanisation galopante. Pour toutes ces raisons, les systèmes d’<a href=""https://meilleurtest.fr/comparatif-isolation-thermique-des-murs-par-lexterieur/"">isolation</a> phonique pour mur démontrent toute leur efficacité afin de réduire le plus possible la propagation de bruits indésirables. Envie d’en savoir plus ? Découvrez notre guide des meilleures isolations phoniques pour mur."
"42052";"Les meilleures isolations thermiques des murs par l'extérieur";"https://meilleurtest.fr/comparatif-isolation-thermique-des-murs-par-lexterieur/";"Bricolage";"Pour vous conformer à la loi en cas de rénovation et éviter de payer une facture énergétique trop élevée, il faut faire des travaux d’isolation thermique. <a href=""https://meilleurtest.fr/comparatif-isolant-thermique-de-mur-par-linterieur/"">Outre les murs par l'intérieur</a>, ces travaux concernent aussi les murs par l’extérieur. Le principe est simple : réduire le plus possible la déperdition énergétique à travers les murs en vue d'améliorer les performances thermiques de votre habitation et ainsi mieux résister aux variations de température. Quelle isolation thermique des murs par l’extérieur choisir ? On vous explique tout à travers ce guide d'achat."
"42037";"Les meilleures colles pour prothèses dentaires";"https://meilleurtest.fr/comparatif-colle-pour-prothese-dentaire/";"Bricolage";"Obtenue à partir d’un mélange de poudre et de liquide ou présentée sous forme de résine, la<a href=""https://meilleurtest.fr/comparatif-creme-fixative-pour-prothese-dentaire/""> colle pour prothèse dentaire</a> est un produit salvateur pour ceux qui portent un dentier. En effet, cette glu médicale permet de réparer à titre temporaire ou de façon permanente les prothèses dentaires cassées ; le tout avec une facilité déconcertante et une réelle efficacité. Ciment, colle réparatrice ou crème fixative, lequel choisir pour maintenir la prothèse dentaire en place ? Découvrez notre sélection et nos conseils en parcourant ce guide d'achat."
"42001";"Les meilleurs casques anti-bruit de chantier avec Bluetooth";"https://meilleurtest.fr/comparatif-casque-anti-bruit-de-chantier-avec-bluetooth/";"Bricolage";"Trop de bruits assourdissants sur votre lieu de travail en plein air ? Protégez vos oreilles avec un <a href=""https://meilleurtest.fr/comparatif-casque-anti-bruit-de-chantier"">casque anti-bruit de chantier</a> et limitez les risques de troubles auditives. Et pour améliorer le confort d’utilisation, de nombreux casques anti-bruit de chantier sont désormais équipés de la liaison Bluetooth. Vous aurez ainsi la possibilité d’écouter de la musique et de recevoir des appels. Si le sujet vous intéresse, lisez notre guide d’achat et trouvez le casque anti-bruit de chantier avec Bluetooth adapté à vos besoins."
"42000";"Les meilleures fendeuses à bois électriques";"https://meilleurtest.fr/comparatif-fendeuse-a-bois-electrique/";"Bricolage";"Couper du bois de chauffage à l’ancienne n’est pas forcément une partie de plaisir, surtout quand il fait un froid de canard. En utilisant une fendeuse à bois électrique, vous transformez cette tâche fastidieuse en un travail rapide et sans effort. En prime, vous ne nuirez pas à l’environnement puisque ce type de <a href=""https://meilleurtest.fr/comparatif-fendeur-de-buche/"">fendeur à bûches</a> n’a pas besoin de carburant pour fonctionner. Nous vous invitons à lire notre comparatif et nos conseils si justement vous cherchez une fendeuse à bois électrique."
"41992";"Les meilleures mini tronçonneuses à batterie";"https://meilleurtest.fr/comparatif-mini-tronconneuse-a-batterie/";"Bricolage";"À l'image de nombreuses personnes, vous êtes probablement fatigué de devoir emporter des outils encombrants pour de tout petits travaux de coupe. Une mini <a href=""https://meilleurtest.fr/comparatif-tronconneuse-electrique/"">tronçonneuse à batterie</a> est la solution qu’il vous faut. Avec cet outil électroportatif, vous pouvez mener à bien vos travaux de bricolage et de jardinage, et ce en tenant l'équipement avec une seule main. Pour ce guide d’achat, nous avons cherché les meilleures mini tronçonneuses à batterie du marché et avons recueilli les conseils d'experts pour vous aider à faire le bon choix.";"Compactes et légères, les mini tronçonneuses à batterie s'attaquent aux branches et au bois de petit diamètre sans l'encombrement d'un modèle classique. Longueur de guide, tension de batterie et vitesse de chaîne varient d'un modèle à l'autre. Ce guide révélera les plus efficaces, face aux <a href=""https://meilleurtest.fr/comparatif-affuteuse-de-chaine-de-tronconneuse/"">affuteuses de chaîne</a>, aux <a href=""https://meilleurtest.fr/comparatif-cle-a-choc-sans-fil/"">clés à choc sans fil</a> et aux <a href=""https://meilleurtest.fr/comparatif-visseuse-sans-fil/"">visseuses sans fil</a>."
"41848";"Les meilleures échelles de piscine";"https://meilleurtest.fr/comparatif-echelles-de-piscine/";"Bricolage";"Monter et descendre <a href=""https://meilleurtest.fr/comparatif-piscine/"">dans une piscine</a> nécessite un équipement capable de supporter votre poids, stable et facile d'utilisation. Pour ce faire, une échelle de piscine amovible ou fixe constitue un choix judicieux. Mais comment choisir le bon modèle ? Peut-on utiliser la même échelle de piscine pour les piscines enterrées et les piscines hors sol ? Pour vous, nous avons cherché les meilleures échelles de piscine. Lisez ce guide pour en savoir plus."
"41846";"Les meilleurs établis";"https://meilleurtest.fr/comparatif-etabli/";"Bricolage";"L’établi représente le cœur même de l’atelier du bricoleur ou de l'artisant, peu importent votre niveau ou votre domaine d'expertise (mécanique, menuiserie…). Il permet de travailler les pièces avec plus de précision tout en gardant vos outils à portée de main. Établi traditionnel ou métallique ? <a href=""https://meilleurtest.fr/comparatif-etabli-pliant/"">Établi pliant</a>, multifonction, à étau ou roulant, lequel choisir ? Trouvez le meilleur établi en lisant notre guide."
"41824";"Les meilleures échelles";"https://meilleurtest.fr/comparatif-echelle/";"Bricolage";"Ayant comme principale utilité de permettre l’accès à des zones qui se situent en hauteur, l’échelle compte parmi les essentiels pour des travaux de bricolage et d'entretien à domicile ou à titre professionnel. Elle vous sera indispensable pour les interventions dans le jardin, sur les murs, le toit, le plafond, l'installation électrique, etc. Échelle simple, double ou <a href=""https://meilleurtest.fr/comparatif-echelle-telescopique/"">télescopique</a> ou multiposition, trouvez ce qu'il vous faut à travers ce guide et découvrez nos conseils pour bien choisir.";"Travaux en hauteur, peinture, accès au toit : le choix d'une échelle dépend de la hauteur de travail, de la stabilité et du format. Coulissante, télescopique ou transformable, chaque type répond à un usage précis. Ce guide permettra de trouver l'échelle adaptée, parmi les <a href=""https://meilleurtest.fr/comparatif-escalier-escamotable/"">escaliers escamotables</a>, les <a href=""https://meilleurtest.fr/comparatif-echelles-de-piscine/"">échelles de piscine</a> et les <a href=""https://meilleurtest.fr/comparatif-etabli/"">établis</a>."
"41549";"Les meilleurs bardages composites";"https://meilleurtest.fr/comparatif-bardage-composite/";"Bricolage";"Le bardage est un élément très utile pour effectuer une <a href=""https://meilleurtest.fr/comparatif-isolant-thermique/"" target=""_blank"" rel=""noopener"">isolation thermique</a>. Traditionnellement, le bardage est fabriqué avec du bois. Cependant, ce matériau se détériore assez facilement. Récemment, les matières composites ont fait leur apparition. Disposant d’une grande résistance, elles remplacent peu à peu le bois. Le bardage composite vous intéresse aussi ? Lisez notre guide pour en connaître davantage à ce sujet."
"41426";"Les meilleures ponceuses deltas";"https://meilleurtest.fr/comparatif-ponceuse-delta/";"Bricolage";"Le ponçage du bois peut être une tâche longue et difficile tant pour les bricoleurs que pour les experts. Cependant, si vous souhaitez obtenir une bonne finition sur vos projets de menuiserie, vous devez consacrer plus de temps et d'efforts à un bon ponçage du bois. Heureusement, de superbes outils, comme <a href=""//meilleurtest.fr/comparatif-ponceuse-excentrique-professionnelle"">les ponceuses</a> deltas sont disponibles pour rendre les tâches de ponçage rapides, faciles et agréables. Trouvez dans ce guide pourquoi cet outil est plus que nécessaire."
"41360";"Les meilleures colles à bois";"https://meilleurtest.fr/comparatif-colles-a-bois/";"Bricolage";"Pour divers travaux personnels ou professionnels autour du bois, vous aurez sans doute besoin d’assembler diverses pièces entre elles après <a href=""https://meilleurtest.fr/comparatif-ponceuse/"" target=""_blank"" rel=""noopener"">ponçage</a> : d’où l’utilité de se procurer une colle à bois efficace et résistante. Si vous tâtonnez encore à ce sujet, notre guide d’achat vous renseigne justement sur l’essentiel à savoir pour ne pas rater le choix d’une colle à bois : qui sait, vous trouverez peut-être même votre bonheur parmi notre sélection."
"41339";"Les meilleures peintures pour sol extérieur";"https://meilleurtest.fr/comparatif-peinture-pour-sol-exterieur/";"Bricolage";"Afin d’embellir son extérieur tout en conférant davantage de protection au sol, il est conseillé d’appliquer une peinture pour sol extérieur. À l’instar de la <a href=""https://meilleurtest.fr/comparatif-peinture-dinterieur/"">peinture d’intérieur</a>, cette dernière présente une formule plus résistante face aux agressions. Notez toutefois que pour bénéficier d’une efficacité optimale, il est conseillé de choisir un modèle de qualité. Pour ce faire, fiez-vous à notre guide d’achat et à notre sélection des meilleures peintures pour sol extérieur."
"41319";"Les meilleures stations de peinture basse pression";"https://meilleurtest.fr/comparatif-station-de-peinture-basse-pression/";"Bricolage";"Une station de <a href=""https://meilleurtest.fr/comparatif-peinture-interieur-base-huile/"">peinture</a> basse pression est prisée pour sa rapidité d’application, sa précision, sa polyvalence, le résultat uniforme qu’elle donne et surtout pour le confort qu’elle procure à son utilisateur. Avec un large choix de marques et de types de stations de peinture basse pression disponibles sur le marché, trouver le modèle qui convient à vos besoins peut s’avérer difficile. Pour vous aider, suivez notre guide d’achat."
"41292";"Les meilleures stations de soudage";"https://meilleurtest.fr/comparatif-station-de-soudage/";"Bricolage";"C’est indéniable, <a href=""https://meilleurtest.fr/comparatif-poste-a-souder/"">la station de soudage</a> est bien plus pratique que le fer à souder. Elle propose un contrôle plus précis de la température et permet de réaliser des travaux de soudure plus facilement et avec une efficacité optimale, que vous soyez un soudeur amateur ou un pro du soudage. Affichage analogique ou numérique ? Voici notre tour d’horizon des meilleures stations de soudage du moment si vous cherchez la meilleure offre sur internet."
"41261";"Les meilleurs affuteurs de ciseaux";"https://meilleurtest.fr/comparatif-affuteur-de-ciseaux/";"Bricolage";"Un affuteur de <a href=""https://meilleurtest.fr/comparatif-ciseaux-de-coiffure-professionnels/?wordpress_logged_in=true"">ciseaux</a> est un matériel très pratique pour aiguiser les lames d’un ciseau. Il vous permet alors de remettre en état vos outils facilement. Pourtant, faire le choix d’un modèle parmi les nombreux produits disponibles sur le marché n’est pas facile. Si vous aussi, vous cherchez un affuteur de ciseaux performant, suivez ce guide pour dénicher le meilleur produit."
"41230";"Les meilleurs postes à souder semi-automatiques";"https://meilleurtest.fr/comparatif-poste-a-souder-semi-automatique/";"Bricolage";"Le <a href=""https://meilleurtest.fr/comparatif-poste-a-souder-pour-soudure-a-larc/"">soudage</a> est une technique consistant à assembler deux pièces de métal. Il s’agit de les chauffer au niveau de la zone de rupture, en vue d’une fusion. Carrosserie, plomberie, serrurerie… Autant de domaines qui font appel à cette technique métallurgique. Voici notre sélection de postes à souder semi-automatique, appareil ayant la particularité de se prêter à divers procédés de soudage."
"41214";"Les meilleurs établis pliants";"https://meilleurtest.fr/comparatif-etabli-pliant/";"Bricolage";"Pour bricoler n’importe où, à l’intérieur comme à l’extérieur, un établi pliant est tout simplement un must. Un équipement de <a href=""https://meilleurtest.fr/comparatif-kit-de-bricolage-pour-enfant/"">bricolage</a> par excellence qui a le mérite de la facilité d’utilisation. Les fabricants font d’ailleurs preuve d’ingéniosité, afin de simplifier davantage la tâche aux utilisateurs. Notre sélection des meilleurs établis du moment vise, quant à elle, à affiner vos démarches d’achat."
"41204";"Les meilleures peintures à l'huile pour murs";"https://meilleurtest.fr/comparatif-peinture-interieur-base-huile/";"Bricolage";"Les travaux de finition, dans le domaine du bâtiment et autre, s’achèvent généralement avec <a href=""https://meilleurtest.fr/comparatif-peinture-pour-beton/"" target=""_blank"" rel=""noopener"">la peinture</a>. Dans certains cas, c’est la peinture à base d'huile qui est la plus sollicitée. Mais comment faire la différence entre toutes les marques ? Pour ce faire, nous vous conseillons à travers ce comparatif afin de mieux choisir la meilleure peinture à base d'huile qui puisse vous convenir."
"41161";"Les meilleurs niveaux laser extérieurs";"https://meilleurtest.fr/comparatif-niveau-laser-exterieurs/";"Bricolage";"Le <a href=""//meilleurtest.fr/comparatif-niveau-laser/"">niveau laser</a> est un outil indispensable permettant mesurer l'aplomb vertical et horizontal d'une œuvre de maçonnerie ou d'une surface. Pour vos travaux en extérieur, offrez-vous le modèle approprié afin de pouvoir travailler confortablement et efficacement. Généralement résistant à la poussière, aux éclaboussures et à l’eau, le niveau laser extérieur a été spécialement conçu pour être robuste afin de pouvoir être utilisé dans n'importe quel environnement (sous les rayons solaires, sous la pluie, etc.). Si cet outil vous intéresse, trouvez donc le modèle qui répondra le plus à vos besoins via ce guide d'achat."
"41142";"Les meilleurs compresseurs 50L";"https://meilleurtest.fr/comparatif-compresseur-50l/";"Bricolage";"Le compresseur 50L a différentes fonctions essentielles dans divers domaines. L’outil nécessite donc d’être choisi précautionneusement pour s’assurer de son ajustement aux besoins de l’intéressé. Contrairement à ce que certains pensent, ce type de <a href=""https://meilleurtest.fr/comparatif-compresseur-dair/"">compresseur</a> se décline encore en différents modèles. Pour ne pas se perdre dans l’offre pléthorique, les lignes qui suivent affichent quelques conseils et informations efficaces."
"41137";"Les meilleures mallettes à outils";"https://meilleurtest.fr/comparatif-mallette-a-outils/";"Bricolage";"Que vous soyez un bricoleur du dimanche ou un professionnel, il n’y a rien de plus stressant que de devoir chercher ses outils de bricolage à chaque fois. Ainsi, pour vous garantir des travaux manuels rapides et agréables, offrez-vous donc une mallette à outils. Tout aussi efficace qu’une <a href=""//meilleurtest.fr/comparatif-mallette-de-rangement/"" target=""_blank"" rel=""noopener"">mallette de rangement</a> ou une <a href=""//meilleurtest.fr/comparatif-boite-a-outils-complete/"" target=""_blank"" rel=""noopener"">boîte à outils complète</a>, ce dispositif vous permet de transporter vos outils partout et de les garder organisés et à l’abri aussi bien dans un placard que dans un <a href=""//meilleurtest.fr/comparatif-abri-de-jardin/"" target=""_blank"" rel=""noopener"">abri de jardin</a>. La mallette à outils vous intéresse, mais vous peinez à choisir parmi les nombreux modèles proposés sur le marché ? Trouvez celle qui vous convient dans ce guide d’achat."
"41131";"Les meilleurs moteurs de porte de garage sectionnelle";"https://meilleurtest.fr/comparatif-moteur-de-porte-de-garage-sectionnelle/";"Bricolage";"Une <a href=""https://meilleurtest.fr/comparatif-motorisation-de-portail-battant/"">porte de garage motorisée</a> est gage de confort, de sécurité et de tranquillité d’esprit au quotidien. Cet ingénieux dispositif garantit également un gain de temps précieux, car il évite de sortir de la voiture au moment d’arriver ou de quitter votre domicile. Pratiquement toutes les portes de garage sectionnelles peuvent être équipées d’un moteur. Pour choisir celui qui correspond le mieux à la configuration de votre garage, lisez ce guide d’achat."
"41111";"Les meilleurs tournevis";"https://meilleurtest.fr/comparatif-tournevis/";"Bricolage";"Nous avons tous déjà connu ce moment où il faut un tournevis pour démonter ou desserrer un dispositif, un jouet ou un appareil défectueux. Même si vous n'êtes pas réellement fan de bricolage, avoir un tournevis planqué dans un tiroir permet de réaliser rapidement certaines tâches d'entretien et de réparation basiques. Sur le marché, des <a href=""https://meilleurtest.fr/comparatif-jeu-de-tournevis/"">modèles toujours plus variés</a> font leur apparition. Pour ne pas vous tromper dans vos choix, découvrez les meilleurs tournevis du moment."
"41099";"Les meilleures clés à chocs sans fil";"https://meilleurtest.fr/comparatif-cle-a-choc-sans-fil/";"Bricolage";"Une <a href=""https://meilleurtest.fr/comparatif-cle-a-choc/?wordpress_logged_in=true"">clé à choc</a> sans fil est un matériel de bricolage très pratique. Elle permet de dévisser ou déboulonner rapidement les pneus ou des machines ayant besoin d'une réparation. Néanmoins, avec la diversité de modèles vendus sur le marché, faire le choix entre les différentes variantes n'est pas chose simple. Alors, pour vous aider à effectuer un achat malin, suivez ce guide des meilleures clés à choc sans fil du moment."
"41090";"Les meilleures pinces à sertir multicouche";"https://meilleurtest.fr/comparatif-pince-a-sertir-multicouche/";"Bricolage";"L’ère des raccords par soudure est complètement révolue. En tout cas, les normes de qualité en vigueur préconisent le <a href=""https://meilleurtest.fr/comparatif-pince-a-sertir/"">sertissage</a>. Une méthode plus moderne, plus efficace et qui concerne notamment les tubes dits « multicouche ». Les raccords se fait alors à l’aide d’une pince à sertir multicouche. Pour affiner vos démarches d’achat, référez-vous à notre sélection des meilleurs produits du moment."
"41087";"Les meilleures perceuses sans fil rapport qualité/prix";"https://meilleurtest.fr/comparatif-perceuses-sans-fil-rapport-qualite-prix/";"Bricolage";"La <a href=""https://meilleurtest.fr/comparatif-perceuse/"">perceuse</a> ne se destine plus uniquement aux professionnels du bricolage. Dans sa <a href=""https://meilleurtest.fr/comparatif-perceuse-sans-fil/"">version sans fil</a>, l’appareil permet d’accéder plus facilement aux endroits difficiles et d’effectuer des travaux simples tels que la réparation d’un meuble, la fixation d’un cadre… Mais comment dénicher un modèle maniable et rapide qui s’adapte à nos budgets ? Focus sur les meilleures perceuses sans fil rapport qualité/prix du moment."
"40393";"Les meilleures bétonnières électriques";"https://meilleurtest.fr/comparatif-betonniere-electrique/";"Bricolage";"L’usage de la bétonnière électrique est devenu monnaie courante dans le domaine de la <a href=""https://meilleurtest.fr/comparatif-parpaing/"">construction</a>. En effet, les ouvriers comme les particuliers en ont besoin pour achever rapidement et efficacement les travaux. Afin de vous aider à trouver la meilleure bétonnière électrique qui vous convient le mieux, nous avons comparé pour vous les produits les plus performants depuis cette année."
"40389";"Les meilleurs testeurs d'humidité";"https://meilleurtest.fr/comparatif-testeur-dhumidite/";"Bricolage";"Le testeur d’humidité est un appareil servant à mesurer le <a href=""https://meilleurtest.fr/comparatif-hygrometre/"" target=""_blank"" rel=""noopener"">taux d’humidité dans l’air</a> ou dans un matériau. Il est nécessaire de connaître cette valeur, car l’humidité peut provoquer des dégâts considérables dans votre domicile et sur votre santé. Néanmoins, un <a href=""https://meilleurtest.fr/comparatif-testeur-dhumidite-pour-bois-de-chauffage/"" target=""_blank"" rel=""noopener"">testeur d’humidité</a> s’emploie aussi dans des secteurs professionnels. Pour en savoir plus sur le sujet, référez-vous à cet article."
"40378";"Les meilleures perceuses à percussion filaires";"https://meilleurtest.fr/comparatif-perceuse-a-percussion-filaire/";"Bricolage";"Souvent, lorsque vous tentez de percer un matériau résistant, votre <a href=""https://meilleurtest.fr/comparatif-perceuse-sans-fil/"">outil de perçage</a> rencontre beaucoup de difficultés. Dans ce cas, vous devriez songer à passer aux <a href=""https://meilleurtest.fr/comparatif-perceuse-a-percussion-professionnelle/"" target=""_blank"" rel=""noopener"">perceuses à percussion</a> filaires. Ils offrent effectivement plus de puissance grâce à un mouvement vibratoire. Afin de vous aider à vous retrouver au sein de la liste grandissante de produits, nous vous avons sélectionné les meilleurs modèles de <span id=""span-27-87"" class=""ct-span"">perceuses à percussion filaires</span>."
"40321";"Les meilleurs détecteurs de matériaux";"https://meilleurtest.fr/comparatif-detecteur-de-materiaux/";"Bricolage";"Les désagréments surviennent lorsque vous voulez percer des trous dans un mur, dans <a href=""//meilleurtest.fr/comparatif-ventilateur-de-plafond/"">un plafond</a> ou dans une cloison et vous êtes tombés sur une canalisation ou un câble électrique. Pour éviter ce genre de mauvaise surprise, il existe une solution simple : le détecteur de matériaux. Comment s’en servir et comment en choisir ? Trouvez dans ce guide les grandes lignes."
"40296";"Les meilleures visseuses à choc sans fil";"https://meilleurtest.fr/comparatif-visseuse-a-choc-sans-fil/";"Bricolage";"La visseuse à choc sans fil est un outil de bricolage spécialisé contrairement à la <a href=""https://meilleurtest.fr/comparatif-perceuse-visseuse-sans-fil/"">perceuse-visseuse</a> qui est plus polyvalente. En effet, elle est utilisée pour visser des écrous ou vis larges et permet d’enchaîner les travaux grâce à son embout. Par contre, il sera difficile de choisir le bon modèle surtout si on n’y connait pas grand-chose. Lisez notre comparatif pour tout savoir."
"40284";"Les meilleurs isolants toiture";"https://meilleurtest.fr/comparatif-isolant-toiture/";"Bricolage";"Il n’y a rien de mieux que de vivre dans une maison où le confort thermique est toujours au top peu importe la saison. Pour cela, installer un isolant toiture s’impose. En plus d’éviter les déperditions de chaleur, ce dispositif permet également d’économiser de l’énergie sur le <a href=""//meilleurtest.fr/comparatif-chauffage-d-appoint/"">chauffage</a> et la <a href=""//meilleurtest.fr/comparatif-climatiseur/"">climatisation</a>. Les détails dans ce guide d’achat."
"40274";"Les meilleurs postes à souder";"https://meilleurtest.fr/comparatif-poste-a-souder/";"Bricolage";"Le poste à souder est l’appareil à avoir absolument dans l’attirail des as du bricolage et des professionnels de la soudure. Permettant de souder de l’aluminium, de l’inox, de l'acier au carbone, de la fonte ou encore d'autres métaux, il assure de travailler en toute sécurité. Inverter, <a href=""https://meilleurtest.fr/comparatif-poste-a-souder-mig/"" target=""_blank"" rel=""noopener"">MIG</a> MAG, etc. que choisir ? Les réponses dans ce guide d’achat."
"40271";"Les meilleurs marteaux de charpentier";"https://meilleurtest.fr/comparatif-marteau-de-charpentier/";"Bricolage";"Dans le domaine du bâtiment, l’utilisation de différents outils est indispensable pour mener à bien les travaux à réaliser. Le <a href=""https://meilleurtest.fr/comparatif-marteau-perforateur/"">marteau</a> de charpentier fait partie de cet arsenal de l’ouvrier, mais il est parfois difficile de trouver ce qui convient à tout un chacun. C’est dans cette perspective que nous vous présentons à travers ce guide les 4 meilleurs marteaux de charpentier pour vous accompagner dans vos recherches."
"40259";"Les meilleurs postes à souder MIG sans gaz";"https://meilleurtest.fr/comparatif-poste-a-souder-mig-sans-gaz/";"Bricolage";"Le <a href=""https://meilleurtest.fr/comparatif-poste-a-souder-mig/"">poste à souder MIG</a> est autant prisé par les amateurs de bricolage que par les professionnels en tous genres. La raison ? Il permet une meilleure productivité et convient pour découper ou souder différents types de métaux. La version sans gaz doit son intérêt au fait qu'elle produit très peu de fumée. Pour vous aider à trouver le bon modèle, voici notre guide des meilleurs postes à souder MIG sans gaz."
"40257";"Les meilleures fraises à neige";"https://meilleurtest.fr/comparatif-fraise-a-neige/";"Bricolage";"Fatigué de devoir déblayer manuellement votre allée à la <a href=""//meilleurtest.fr/comparatif-pelle-a-neige/"" target=""_blank"" rel=""noopener"">pelle à neige</a> durant les rudes froids d’hiver ? Simplifiez-vous la vie en vous procurant une fraise à neige. Fonctionnant à l’électricité ou à l’essence, cette machine vous permettra d’éliminer rapidement la neige lourde et épaisse de votre extérieur et allègera votre quotidien. Mais quel modèle choisir ? Dénichez celui qui vous convient via notre guide d’achat."
"40161";"Les meilleurs enduits de rebouchage";"https://meilleurtest.fr/comparatif-enduit-de-rebouchage/";"Bricolage";"Les trous et les fissures laissés sur nos <a href=""https://meilleurtest.fr/comparatif-peinture-pour-murs/"">murs</a> entachent gravement le design de notre habitat, autant en intérieur qu’en extérieur. Pour y remédier, il faudra utiliser un bon <a href=""https://meilleurtest.fr/comparatif-enduit-de-lissage/"">enduit</a> de rebouchage. Comme leur choix nécessite certaines connaissances plus ou moins techniques, nous allons vous orienter grâce à notre article sur les meilleurs enduits de rebouchage."
"40159";"Les meilleures ponceuses excentriques professionnelles";"https://meilleurtest.fr/comparatif-ponceuse-excentrique-professionnelle/";"Bricolage";"Parmi les outils indispensables du bricoleur, la ponceuse est l'un des appareils à multiusages capables de lisser et retirer les imperfections sur un support quelconque. Avec une meilleure performance, le modèle excentrique ou roto orbitale est la version préférée des professionnels pour sa grande polyvalence. Vous êtes à la recherche de la meilleure <a href=""https://meilleurtest.fr/comparatif-ponceuse-excentrique/"">ponceuse excentrique</a> professionnelle ? Ce guide d’achat est fait pour vous."
"40147";"Les meilleures perches télescopiques toiture";"https://meilleurtest.fr/comparatif-perche-telescopique-toiture/";"Bricolage";"La toiture de votre domicile a besoin d’un entretien régulier. En effet, il est nécessaire de nettoyer les tuiles et ardoises, d'effectuer un <a href=""https://meilleurtest.fr/comparatif-anti-mousse-toiture/"" target=""_blank"" rel=""noopener"">démoussage</a>, mais aussi de désengorger les gouttières afin de préserver la qualité et la solidité du toit. L’outil principal pour ce faire est la perche télescopique toiture. Vous ignorez laquelle choisir ? Vous saurez à quoi vous en tenir après la lecture de cet article."
"40126";"Les meilleures affuteuses de chaîne de tronçonneuse";"https://meilleurtest.fr/comparatif-affuteuse-de-chaine-de-tronconneuse/";"Bricolage";"Au fur et à mesure de leur usage, les dents de la chaîne de <a href=""https://meilleurtest.fr/comparatif-tronconneuse/"">tronçonneuse</a> s’usent ou s’émoussent. Ce qui a pour conséquence de réduire la qualité de coupe et de trop solliciter la machine. Le passage à l’affuteuse s’avère donc nécessaire. Il existe toutefois plusieurs modèles. Pour vous aider dans votre choix, nous avons fait le tour des informations sur l’affuteuse de chaîne de tronçonneuse."
"40106";"Les meilleurs décapants bois";"https://meilleurtest.fr/comparatif-decapant-bois/";"Bricolage";"Parfois, redonner vie à <a href=""https://meilleurtest.fr/comparatif-salon-de-jardin-bois/"">un meuble</a> est bien meilleur que de le jeter. Seulement, comment enlever les résidus de<a href=""https://meilleurtest.fr/comparatif-peinture-pour-bois-exterieure/""> peinture</a> accrochée au vieux bois sans l’endommager ? La meilleure solution c’est d’opter pour un décapant bois, c’est plus facile et plus rapide. Qu’est-ce que c’est et comment fonctionne-t-il ? Nous vous donnons tout ce qu’il y a à savoir dans ce guide."
"40087";"Les meilleurs chalumeaux à gaz";"https://meilleurtest.fr/comparatif-chalumeau-a-gaz/";"Bricolage";"Idéal pour souder ou braser des pièces de métaux, le chalumeau à gaz est un équipement très utilisé par les bricoleurs, les <a href=""https://meilleurtest.fr/comparatif-poste-a-souder-tig-ac-dc/"">ferronniers d’art</a>, les artisans plombiers et les travailleurs du bâtiment. Contrairement aux idées reçues, ce dispositif, en apparence très technique, est facile à manier, d’autant plus qu’il embarque diverses options de sécurité. Souhaitez-vous étoffer votre <a href=""https://meilleurtest.fr/comparatif-chalumeau-de-cuisine/"">attirail personnel</a> avec un nouveau chalumeau à gaz ? Laissez-nous vous conseiller à travers ce comparatif."
"40058";"Les meilleures meuleuses d'angle 125 mm";"https://meilleurtest.fr/comparatif-meuleuse-dangle-125-mm/";"Bricolage";"Une meuleuse d’angle 125mm est un outil de bricolage portatif et très pratique pour réaliser différentes tâches. Elle peut aussi bien servir pour couper, poncer, tailler ou encore ébavurer différents matériaux. Pourtant, choisir le modèle adapté pour soi peut s’avérer délicat. Suivez ce comparatif pour trouver la meilleure <a href=""https://meilleurtest.fr/comparatif-meuleuse/"">meuleuse</a> d’angle 125mm qui répondra au mieux à vos besoins et à vos attentes."
"40055";"Les meilleures meuleuses droites";"https://meilleurtest.fr/comparatif-meuleuse-droite/";"Bricolage";"Si vous avez l’intention d’entamer un travail de ponçage à grande précision, il vous faudra nécessairement une <a href=""https://meilleurtest.fr/comparatif-meuleuse/"">meuleuse</a> droite. Entre un modèle sans fil ou filaire, cet appareil profite d’une manipulation facile à faire et d’une grande polyvalence d’utilisation. C’est votre tout premier achat pour un tel outil ? Retrouvez nos conseils avisés et quelques-uns des meilleures meuleuses droites du marché dans ce guide d’achat."
"40030";"Les meilleures peintures pour murs";"https://meilleurtest.fr/comparatif-peinture-pour-murs/";"Bricolage";"Avant de penser à peindre <a href=""https://meilleurtest.fr/comparatif-peinture-dinterieur/"">les murs d'intérieur</a>, il est important de s’intéresser au produit le plus adapté à la situation. Sachant l’importance de la peinture pour l’apparence d’une maison ou d’un mur, des points techniques sont à considérer. Vous avez besoin d’aide pour sélectionner les meilleures peintures pour murs ? Ce guide vous éclaire pour faire le choix le plus judicieux."
"40025";"Les meilleures perceuses à colonne";"https://meilleurtest.fr/comparatif-perceuse-a-colonne/";"Bricolage";"La perceuse à colonne est un must have au sein d'un atelier de menuiserie, de ferronnerie ou de tout travail manuel en général. Il s'avère tout aussi utile pour le <a href=""https://meilleurtest.fr/comparatif-visseuse-sans-fil/"">bricolage domestique</a> et les amateurs de DIY. En revanche, cet outil fait partie des plus onéreux. Aussi, un bon temps de réflexion est nécessaire afin de trouver le bon modèle. Pour vous aider dans les recherches, nous avons élaboré ce guide consacré aux meilleures perceuses à colonne disponibles en ce moment."
"40020";"Les meilleures cires pour meuble";"https://meilleurtest.fr/comparatif-cire-pour-meuble/";"Bricolage";"Appréciée aussi bien par les adeptes de mobiliers anciens et modernes, la cire pour meuble est conçue pour nourrir, protéger et embellir vos meubles en bois. Pouvant s’appliquer sur les meubles de <a href=""https://meilleurtest.fr/comparatif-comptoir-de-cuisine/"">cuisine</a>, de la <a href=""https://meilleurtest.fr/comparatif-meuble-de-salle-de-bain/"">salle de bain</a>, du <a href=""https://meilleurtest.fr/comparatif-table-basse/"">séjour</a> ou même de la <a href=""https://meilleurtest.fr/comparatif-chambre-complete-adulte/"">chambre</a>, c’est un véritable atout pour votre intérieur. L’expérience vous tente ? Trouvez la cire pour meuble adaptée à vos besoins à travers ce guide."
"40007";"Les meilleures pinces multifonctions";"https://meilleurtest.fr/comparatif-pince-multifonction/";"Bricolage";"Aussi connue sous le nom de multitool, la pince multifonction est devenue un <a href=""https://meilleurtest.fr/comparatif-boite-a-outils-complete/"">allier-bricolage</a> indispensable au quotidien. Elle permet d'obtenir un maximum d’outils qui sont regroupés en un seul accessoire. Il s'agit sûrement de l'un des objets multi-usages qui dépannent en cas de problème lors des déplacements en montagne, durant les missions professionnelles ou lorsqu'il faut rafistoler quelque chose d'endommagé. Dans cet article, retrouvez tout ce qu'il y a à savoir sur la pince multifonction."
"39940";"Les meilleures peintures pour meuble de cuisine";"https://meilleurtest.fr/comparatif-peinture-pour-meuble-de-cuisine/";"Bricolage";"La cuisine est un endroit incontournable de la maison où vous passez beaucoup de temps. Il est important qu’elle soit ergonomique, conviviale et lumineuse pour que vous vous y sentiez bien. C’est ainsi que peindre les meubles dans cet espace demeure indispensable. Les lignes qui suivent vous guideront dans votre rénovation : du choix de la <a href=""https://meilleurtest.fr/comparatif-peinture-dinterieur/?wordpress_logged_in=true"">peinture</a> jusqu’à l’application."
"39854";"Les meilleurs parquets stratifiés";"https://meilleurtest.fr/comparatif-parquet-stratifie/";"Bricolage";"Le parquet stratifié est l'une des plus grandes innovations dans le secteur de l’habitat ces 50 dernières années. Il est durable et préfini. Mais surtout, presque n’importe qui peut l'installer avec seulement quelques outils et des connaissances de base en bricolage. Le plus grand avantage du parquet stratifié, c’est qu’on obtient une imitation parfaite du bois ou du carrelage à moindre prix. Dans ce guide, vous trouverez toutes les informations nécessaires pour choisir le bon parquet stratifié."
"39851";"Les meilleurs papiers peints repositionnables";"https://meilleurtest.fr/comparatif-papier-peint-repositionnable/";"Bricolage";"Vous souhaitez apporter à votre intérieur une touche plus originale sans investir dans des revêtements coûteux et difficile à enlever ? Pourquoi ne pas opter pour du papier peint repositionnable ? Faciles à installer et à enlever, vous pourrez en changer au gré de vos humeurs. Les papiers peints repositionnables sont également peu coûteux par rapport aux autres types de revêtements muraux, ils offrent donc une excellente alternative pour ceux qui ne veulent pas trop investir dans la nouvelle décoration de leur maison. Mais comment choisir le papier peint repositionnable qui répondra à vos besoins ? Les détails dans ce guide."
"39844";"Les meilleurs pistolets à peinture basse pression";"https://meilleurtest.fr/comparatif-pistolet-a-peinture-basse-pression/";"Bricolage";"Vos murs, meubles ou autres ont besoin d’un coup de peinture et vous ne voulez pas dépenser une fortune pour faire appel à un professionnel ? Pourquoi ne pas le faire par vous-même ? En effet, avec un pistolet de peinture basse pression, peindre sera un jeu d’enfant, à condition de choisir le modèle adéquat. Et justement, nous vous proposons un guide spécial consacré aux meilleurs pistolets de peinture du moment."
"39840";"Les meilleurs enduits de lissage";"https://meilleurtest.fr/comparatif-enduit-de-lissage/";"Bricolage";"Conçu pour améliorer les supports avant de poser un revêtement ou mettre la peinture, l’enduit de lissage est un produit incontournable. Il est également utilisé pour combler les fissures et trous pour offrir une surface lisse et égale. Vous avez besoin d’acheter un enduit de lissage ? Découvrez dans ce guide d’achat quelques-uns des meilleurs produits disponibles sur le marché."
"39793";"Les meilleures lunettes de sécurité";"https://meilleurtest.fr/comparatif-lunettes-de-securite/";"Bricolage";"Se déclinant en différents modèles, les lunettes de sécurité sont aujourd’hui les musts pour les artisans, les sportifs et les laborantins, et bien d’autres. Elles protègent les yeux des éclats, des émanations et autres risques liés à votre activité. Malgré tout, elles peuvent être légères et confortables en plus d’être pratique à porter. Il vous suffit de choisir les modèles qui s’adaptent le plus à vos besoins."
"39776";"Les meilleures colles à ongles";"https://meilleurtest.fr/comparatif-colle-a-ongle/";"Bricolage";"Lorsque vous faites des manucures à la maison avec des ongles en acrylique ou des press-ons, vous aurez besoin d'une bonne colle à ongles. Tous les adhésifs pour ongles ne sont pas créés de la même manière, et il n'y a rien de plus ennuyeux qu'un ongle qui saute un jour ou deux après l'application. C'est pourquoi il est essentiel d'avoir une colle à ongles de haute qualité. Si vous aussi vous cherchez une bonne colle à ongle pour votre<a href=""https://meilleurtest.fr/comparatif-vernis-a-ongles-gel/?wordpress_logged_in=true""> trousse de manucure</a>, lisez ce guide, nous vous y expliquons tout."
"39775";"Les meilleurs escaliers escamotables";"https://meilleurtest.fr/comparatif-escalier-escamotable/";"Bricolage";"Vous avez un comble ou un grenier, mais faute de place vous ne pouvez pas installer un escalier fixe pour y accéder ? La meilleure option qui s'offre à vous serait un escalier escamotable. Pliant, télescopique ou coulissant, le choix est vaste. De nombreux éléments entrent en jeu lors de l'achat. Nous avons réuni dans ce guide les meilleurs escaliers escamotables du moment pour vous aider à trouver le bon modèle."
"39774";"Les meilleurs sols stratifiés";"https://meilleurtest.fr/comparatif-sol-stratifie/";"Bricolage";"Le sol stratifié a beau être une version low-cost du parquet en chêne massif, en teck ou en pin, le cachet et la chaleur qu’il procure sont d’une qualité inouïe. Très facile à poser, mais surtout très facile à entretenir, ce revêtement de sol en matériau composite va égayer votre salon, votre cuisine, votre salle de bain et vos chambres à coucher. Pour vos futurs projets de rénovation, découvrez tout ce qu’il y a à savoir sur le sol stratifié dans ce guide d’achat complet."
"39749";"Les meilleures peintures pour salle de bain";"https://meilleurtest.fr/comparatif-peinture-pour-salle-de-bain/";"Bricolage";"Lorsqu’il s’agit de choisir la meilleure peinture pour salle de bain, il faut en priorité prendre en considération la résistance de la peinture à l’humidité. Après tout, cette peinture est destinée à une pièce avec plusieurs sources d’eau. Si vous avez des enfants (et même si vous n’en avez pas), les éclaboussures sont inévitables et la peinture normale ne suffira pas. Et si vous n’avez pas d’enfants, l’humidité mettra certainement votre peinture à rude épreuve. Quelle peinture choisir pour protéger efficacement sa salle de bain ? Lisez tous les détails dans ce guide."
"39686";"Les meilleures peintures d'intérieur";"https://meilleurtest.fr/comparatif-peinture-dinterieur/";"Bricolage";"Vous achevez vos constructions ou vous décidez de rénover ? La peinture d’intérieur doit figurer parmi les achats à faire. Mais ce travail de finition n’est pas une mince affaire, d’autant plus que les possibilités de déclinaisons sont nombreuses. C’est pourquoi nous avons réalisé pour vous ce guide d’achat qui propose les informations utiles et les meilleurs choix pour une peinture d’intérieur."
"39616";"Les meilleures bottes de travail";"https://meilleurtest.fr/comparatif-bottes-de-travail/";"Bricolage";"Evitez autant que possible les accidents au travail tels que les chutes et les blessures aux pieds (lacérations, blessures musculaires, etc.) en enfilant des bottes de travail adaptées. Tout aussi protectrices que des <a href=""//meilleurtest.fr/comparatif-chaussures-de-securite/"">chaussures de sécurité</a>, elles braveront les intempéries et les conditions extrêmes tout en gardant vos pieds confortables des heures durant, surtout si vous exercez un métier qui vous contraint à vous tenir debout toute la journée. Les détails dans ce guide."
"39584";"Les meilleures colles à faux-cils";"https://meilleurtest.fr/comparatif-colle-a-faux-cils/";"Bricolage";"Lifter son regard à la manière d’une reine de beauté relèverait de l’utopie avec un simple mascara. Si vous voulez du glamour de niveau supérieur, les faux cils, mieux vaut miser sur des faux-cils. Que vous préfériez un look plus naturel ou que vous vouliez un flottement vertigineux et déployé, vous avez besoin de quelque chose pour les ancrer. Et c’est là que la colle à cils entre en jeu. Il est très important d’utiliser le bon adhésif pour que les cils durent toute la nuit. De plus, certaines colles peuvent causer une irritation inutile autour de vos yeux sensibles. Les détails dans ce guide."
"39557";"Les meilleurs vitrificateurs de parquet";"https://meilleurtest.fr/comparatif-vitrificateur-de-parquet/";"Bricolage";"Qu’il s’agisse de protéger un parquet en bois fraichement posé ou de moderniser un vieux plancher datant d’une dizaine d’années, la besogne commence toujours par l’achat d’un bon produit de finition. Pour obtenir un résultat d’une excellente qualité, utilisez un vitrificateur, mais pas n’importe lequel. Pour vous aider à faire le bon choix, lisez ce guide que nous consacrons à ce produit aux vertus miraculeuses."
"39537";"Les meilleures peintures pour bois extérieures";"https://meilleurtest.fr/comparatif-peinture-pour-bois-exterieure/";"Bricolage";"Même transformé en volet, en clôture ou en bardage, le bois reste un matériau vivant. Il évolue au fil des années tout en faisant face aux intempéries et à différentes agressions extérieures. Des peintures spécifiques ont été ainsi conçues pour les boiseries extérieures. Elles assurent leur protection tout en leur offrant l’aspect esthétique. Découvrez alors tous les éléments pour faire le bon choix de la peinture pour bois extérieure."
"39525";"Les meilleures ponceuses à ongles professionnelles";"https://meilleurtest.fr/comparatif-ponceuse-a-ongles-professionnelle/";"Bricolage";"Sans soins, les produits embellissant abîment les ongles. D’où l’utilité du kit manucure/pédicure composé de lime, coupe-ongles, etc. Grâce à la ponceuse à ongles, le tout s’englobe en un seul outil. Pour obtenir des ongles parfaitement entretenus à chaque séance, pourquoi ne pas vous tourner vers un modèle professionnel ? Inspirez-vous de nos recommandations pour trouver la ponceuse à ongles professionnelle à la hauteur de vos attentes."
"39472";"Les meilleurs déboucheurs de canalisation";"https://meilleurtest.fr/comparatif-deboucheur-de-canalisation/";"Bricolage";"Rien de pire que les dégâts occasionnés par un <a href=""//meilleurtest.fr/comparatif-adoucisseur-deau/"">adoucisseur d’eau</a> qui a failli à son rôle, les amas de cheveux, les ravages du calcaire ou encore les tartres et restes d’aliments qui se sont accumulés dans votre tuyauterie. Lorsqu’une telle situation se présente, réglez rapidement le problème en vous armant d’un déboucheur. Mécanique, électrique, etc. Tout dépend de la gravité du problème à résoudre. Fiez-vous donc à notre guide d’achat pour simplifier votre décision finale d’achat."
"39450";"Les meilleurs saturateurs bois";"https://meilleurtest.fr/comparatif-saturateur-bois/";"Bricolage";"Le recours à un saturateur bois est incontournable afin de prendre soin des meubles, du plancher ou de toute surface en bois nécessitant une isolation impeccable ou une rénovation. Ainsi, en l’appliquant correctement sur vos plans en bois neufs ou anciens, traités ou non traités, lasurés ou vernis, vous préservez l’aspect naturel du bois. Trouvez donc les meilleurs saturateurs bois du moment via notre guide d’achat."
"39449";"Les meilleurs jeux de tournevis";"https://meilleurtest.fr/comparatif-jeu-de-tournevis/";"Bricolage";"Professionnel ou passionné de bricolage, le jeu de tournevis est un équipement indispensable afin de vous accompagner dans vos travaux. Avec les nombreux modèles présents sur le marché, il peut sembler difficile de faire le bon choix. Pour vous aider à identifier les meilleures marques et bricoler avec les bons outils, voici notre guide des meilleurs jeux de tournevis."
"39275";"Les meilleures visseuses sans fil";"https://meilleurtest.fr/comparatif-visseuse-sans-fil/";"Bricolage";"Polyvalentes, les visseuses sans fil permettent d'économiser du temps et des efforts pour réaliser toutes sortes de tâches de bricolage. Elles sont plus efficaces que les tournevis traditionnelles et aident à tourner les vis rapidement sans vous freiner dans vos mouvements par un cordon électrique. Les visseuses sans fil étant légion, nous vous proposons donc les meilleurs modèles du moment via notre guide d'achat."
"39264";"Les meilleures pergolas bioclimatiques";"https://meilleurtest.fr/comparatif-pergola-bioclimatique/";"Bricolage";"Envie de profiter de votre extérieur en toute saison et par tous les temps ? Offrez-vous une pergola bioclimatique. Cet abri vous protège des caprices de dame nature grâce à ses lames orientables. Il est également résistant et sa conception en aluminium permet de réguler la température à l’intérieur, apportant un maximum de confort aux occupants. Adossée ou autoportante ? Motorisée ou non ? Trouvez la meilleure pergola bioclimatique en lisant ce guide complet."
"39207";"Les meilleures caisses à outils complètes";"https://meilleurtest.fr/comparatif-caisse-a-outils-complete/";"Bricolage";"La caisse à outils complète est l’équipement ultime des professionnels de la mécanique ou ceux réalisant des travaux de niveau pro. Plus mobile qu’une servante d’atelier, la caisse à outils rassemble tous les outils dont un professionnel, ou un bricoleur du dimanche voulant avoir un atelier maison, ont besoin. Mais, le choix est un difficile car différents modèles se trouvent sur le marché. Lisez notre comparatif pour tout savoir !"
"39204";"Les meilleures pinces à sertir";"https://meilleurtest.fr/comparatif-pince-a-sertir/";"Bricolage";"Si vous travaillez sur de nombreux projets électriques où vous devez souder des fils, connecter des fils à des bornes, effectuer des connexions de câbles ou quoi que ce soit d'autre, vous avez besoin <a href=""https://meilleurtest.fr/comparatif-caisse-a-outils-complete/"">d'outils</a> pour toutes ces opérations. Et notamment une pince à sertir qui est très utile pour <span class=""goog-text-highlight"">déformer les extrémités des </span><span class=""goog-text-highlight"">fils et des tuyaux afin de les connecter plus facilement les uns aux autres</span><span class=""goog-text-highlight"">. Lisez ce guide pour en savoir plus sur cet outil très pratique.</span>"
"39017";"Les meilleures serrures pour porte coulissante";"https://meilleurtest.fr/comparatif-serrure-pour-porte-coulissante/";"Bricolage";"Les serrures pour porte coulissante sont parfaites pour verrouiller et déverrouiller efficacement un battant. Ce système de fermeture vous assure une meilleure protection contre les effractions et vous met à l’abri des risques de cambriolage. Mais saviez-vous quels sont les critères à considérer pour faire le bon choix ? Voici un guide vous permettant de dénicher le modèle qui réponde le mieux à vos attentes."
"38988";"Les meilleurs tableau électrique";"https://meilleurtest.fr/comparatif-tableau-electrique/";"Bricolage";"Avec l’ampleur que prennent les appareils électriques dans notre quotidien, les panneaux électriques ont remplacé les boîtes à fusibles et ont même commencé à augmenter en taille et en puissance. Aujourd’hui, les marques de panneaux électriques proposent une gamme de produits allant de 100 ampères à 400 ampères pour répondre aux besoins de divers foyers. Si vous aussi, vous êtes à la recherche d’un bon tableau électrique pour assurer la sécurité de votre foyer, lisez ce guide : nous vous y expliquons, comment choisir le tableau électrique adapté à vos besoins."
"38942";"Les meilleures ponceuses stationnaires";"https://meilleurtest.fr/comparatif-ponceuse-stationnaire/";"Bricolage";"Instrument fétiche des ébénistes et des marqueteurs, la ponceuse stationnaire s’avère très pratique pour fignoler l’apparence d’une pièce de bois ou d’un matériau similaire. Il faut se rendre à l’évidence, trouver une machine de cet acabit n’est pas simple étant donné les nombreux modèles disponibles sur le marché. Pour vous rendre la tâche plus facile, ce guide vous livre de précieux conseils d’achat ainsi qu’une sélection des meilleures ponceuses stationnaires du moment."
"38935";"Les meilleurs moteurs de volet roulant";"https://meilleurtest.fr/comparatif-moteur-de-volet-roulant/";"Bricolage";"Vous désirez installer un <a href=""https://meilleurtest.fr/comparatif-volet-roulant/"">volet roulant</a> électrique, motoriser celui déjà existant ou remplacer une motorisation défectueuse ? Votre seule option reste l’acquisition d’un bon moteur de volet roulant. Avec un tel équipement, vous n’avez plus besoin de tourner une manivelle pour faire monter ou descendre le tablier. Le moteur actionne le volet pour vous en un seul geste. Filaire, sans fil, connecté ou solaire ? Voici ce qui se fait de mieux en matière de moteurs de volet roulant."
"38912";"Les meilleures carrelettes électriques";"https://meilleurtest.fr/comparatif-carrelette-electrique/";"Bricolage";"Vous essayez tant bien que mal d’avoir un alignement de carreaux qui épouse la mise en forme de la surface à revêtir ? Vous n’en pouvez plus de l’effort et de la frustration qui en résultent et cherchez dès lors un moyen de vous faciliter la vie ? Ça tombe bien, ce guide va vous indiquer les meilleures carrelettes électriques du moment. Ergonomique, efficace, sécuritaire et rapide, fiez-vous à nos conseils pour avancer sereinement sur vos travaux de pose de carrelage."
"38888";"Les meilleurs tournevis électriques sans fil";"https://meilleurtest.fr/comparatif-tournevis-electrique-sans-fil/";"Bricolage";"Le tournevis électrique sans fil est un outil incontournable pour tout bricoleur aguerri. Plus maniable, léger et facile à utiliser, il vous aidera dans divers travaux de vissage et de dévissage du quotidien. Mais pour bricoler comme un pro, vous devrez acquérir le meilleur tournevis sans fil. Dans ce guide, vous trouverez justement des conseils avisés pour choisir votre tournevis électrique sans fil et l’utiliser convenablement."
"38886";"Les meilleurs postes à souder TIG AC/DC";"https://meilleurtest.fr/comparatif-postes-a-souder-tig-ac-dc/";"Bricolage";"Vous voulez souder tous types de métaux avec un seul outil ? Un poste à souder AC/DC est le meilleur de tous. En effet, il est doté d’un courant alternatif et un courant continu pour le soudage des métaux plus fin ou puissant. Pour tous travaux de soudure, il est plus qu’évident qu’il faut choisir un outil efficace et performant. Nous avons rassemblé dans ce guide tous les points auxquels il faut penser avant d’en acheter un."
"38847";"Les meilleures scies sauteuses";"https://meilleurtest.fr/comparatif-scie-sauteuse/";"Bricolage";"Selon les statistiques de vente des enseignes de bricolage, la scie sauteuse est l’outil de bricolage le plus apprécié des Français après la <a href=""https://meilleurtest.fr/comparatif-perceuse-visseuse/"">perceuse-visseuse</a>. Elle se veut polyvalente, légère et très maniable. En plus, elle vient facilement à bout de différents types de matériaux (bois, métal, plastique…) tout en permettant des découpes nettes, précises et rapides. Mais les trop nombreuses références peuvent rendre le choix compliqué. Pour vous y retrouver et faire le bon choix, voici notre sélection des meilleures scies sauteuses du moment."
"38840";"Les meilleures clés dynamométriques";"https://meilleurtest.fr/comparatif-cle-dynamometrique/";"Bricolage";"La clé dynamométrique est un outil de métrologie qui, au moyen de son couple de serrage prédéfini, permet de serrer à la perfection des boulons sans les abîmer. Professionnels de la mécanique auto et bricoleurs ne jurent que par cet instrument de précision. Si vous envisagez d’en acquérir un, retrouvez dans ce guide notre sélection des meilleurs produits, ainsi que les conseils et astuces qui vous garantiront un achat gagnant."
"38817";"Les meilleurs testeurs d'humidité pour le bois de chauffage";"https://meilleurtest.fr/comparatif-testeur-dhumidite-pour-bois-de-chauffage/";"Bricolage";"Il n'y a rien de plus frustrant que d'avoir du bois de chauffage humide. Vous pouvez parfaitement pallier à cela en utilisant un testeur d'humidité. Cet appareil à sondes affiche des mesures précises pour vous permettre d'avoir du bois sec toute l'année. Sur base brute ou sèche ? Dans ce guide, vous trouverez les meilleurs testeurs d'humidité pour bois de chauffage les plus prisés du moment."
"38810";"Les meilleures meuleuses 230 mm";"https://meilleurtest.fr/comparatif-meuleuse-230-mm/";"Bricolage";"Acier, métal, béton, parpaing, brique, marbre… rien ne résiste aux meuleuses de 230 mm armées d’un disque diamant. En effet, ce puissant outil électroportatif découpe, meule, décape et tronçonne tous les matériaux de gros œuvre sans le moindre effort. L’achat d’un tel outil vous intéresse ? Lisez ce guide d’achat consacré aux meilleures meuleuses 230 mm à usage professionnel ou personnel du moment."
"38793";"Les meilleures perceuses à percussion";"https://meilleurtest.fr/comparatif-perceuse-a-percussion/";"Bricolage";"Vous avez du mal à percer vos murs en béton et vous ne savez pas quel outil prendre ? Vous êtes un charpentier menuisier, et vous avez besoin d’un nouveau matériel ? Pour un outil adapté aux matériaux durs comme la pierre, le béton léger ou la brique, c’est la perceuse à percussion qu’il vous faut. Malgré le bruit fort qu’elle dégage, qui peut se solutionner par le port de protections auditives de qualité, elle est très efficace. Lisez notre guide pour en savoir plus."
"38782";"Les meilleurs pistolets à peinture";"https://meilleurtest.fr/comparatif-pistolet-a-peinture/";"Bricolage";"Peindre n’est pas une tâche facile : quel que soit l’outil que vous utiliserez, il faudra de l’application et de l’acharnement. Cependant, vous pouvez rendre le processus considérablement plus facile et moins compliqué avec un pistolet de peinture. Si vous cherchez à vous procurer un pistolet à peinture pour votre prochain projet, alors ce guide est le meilleur endroit pour commencer."
"38661";"Les meilleures visseuses dévisseuses";"https://meilleurtest.fr/comparatif-visseuse-devisseuse/";"Bricolage";"Si vous avez un projet de bricolage qui nécessite beaucoup de vissage dans des endroits trop étroits pour votre fidèle perceuse, ou votre tournevis manuel, une visseuse dévisseuse est peut-être l’outil qu’il vous faut. Fonctionnant de la même manière que les perceuses, elles sont cependant plus compactes, et permettent d’atteindre des endroits étroits, et ainsi réaliser plus de vissage avec beaucoup moins d’efforts. Voici notre sélection des meilleures visseuses dévisseuses disponibles actuellement sur le marché."
"38645";"Les meilleures perceuses à percussion professionnelles";"https://meilleurtest.fr/comparatif-perceuse-a-percussion-professionnelle/";"Bricolage";"Les perceuses à percussion professionnelles répondent aux exigences les plus rigoureuses sur les chantiers ou dans les ateliers. Conçues pour traverser facilement le béton, la pierre et autres matériaux très durs, elles éliminent la frustration liée aux outils inefficaces et réduisent l’usure prématurée. De plus, certains modèles offrent une puissance d’impact atteignant 47 000 coups/min, garantissant précision et efficacité. Si vous lisez ce guide, c’est que vous cherchez une perceuse à percussion professionnelle. Prêt à découvrir quel modèle fera la différence pour vos projets les plus ambitieux ?"
"38551";"Les meilleurs perforateurs";"https://meilleurtest.fr/comparatif-perforateur/";"Bricolage";"C'est sale week-end, et vous avez enfin du temps pour bricole, à commencer par accrocher ce tableau dans le salon. Vous prenez votre vieux tournevis, mais le mur ne se laisse pas faire : c’est un vrai roc. Dans ce genre de situation, il faut un perforateur. Avec sa force et sa précision, il traverse le béton, les briques ou la pierre comme si de rien n'était. Ne laissez plus un mur vous tenir tête dans le cadre de vos travaux en cherchant parmi notre sélection des meilleurs perforateurs celui qui répondra à vos besoins."
"38529";"Les meilleurs graveurs laser";"https://meilleurtest.fr/comparatif-graveur-laser/";"Bricolage";"Quelle que soit leur taille, vous avez la possibilité de personnaliser vos supports avec les images, les slogans, les logos ou les textes de votre choix avec un graveur laser. Cet appareil est aujourd’hui de plus en plus prisé en raison de son rendement écologique et de sa précision. Pourtant, le marquage obtenu ne s’estompe jamais au fil du temps. Pour un usage domestique ou professionnel, trouvez le graveur laser qu’il vous faut parmi notre sélection."
"38523";"Les meilleures peintures antirouille";"https://meilleurtest.fr/comparatif-peinture-antirouille/";"Bricolage";"Au fil du temps, les objets métalliques tendent à s'oxyder et à défaut de traitement adéquat, ils peuvent s'user rapidement. La peinture antirouille fait partie des meilleures alternatives pour éliminer complètement la rouille et donner un coup de jeune à nos portails, clôtures ou meubles en métal. À travers ce guide, nous vous aidons à trouver la meilleure peinture antirouille."
"38463";"Les meilleures ponceuses excentriques";"https://meilleurtest.fr/comparatif-ponceuse-excentrique/";"Bricolage";"Bricoleur amateur, ébéniste et menuisier, procurez-vous une ponceuse excentrique pour compléter votre arsenal de bricolage. Muni d’un abrasif circulaire et capable de travailler sur du bois, du métal ou du PVC, ce bijou de technologie se débarrasse des aspérités afin de lisser, brosser, polir et décaper la surface à la perfection. Électrique ou pneumatique ? Voici nos conseils pour dénicher la ponceuse excentrique idéale !"
"38439";"Les meilleures ponceuses à ongles";"https://meilleurtest.fr/comparatif-ponceuse-a-ongle/";"Bricolage";"Avoir des ongles bien entretenus nécessite de posséder les matériels adéquats. En plus des habituels vernis, lime à ongles, coupe-ongles et coupe-cuticules, il vous faudra sans doute une ponceuse à ongles. Il s'agit d'un petit appareil polyvalent et pratique pour limer, polir et finir vos manucures et pédicures. Mais trouver le bon modèle n’est pas une formalité pour tout le monde, au contraire ! Lisez ce guide pour dénicher les meilleures ponceuses à ongles du moment."
"38388";"Les meilleurs compresseurs 100L";"https://meilleurtest.fr/comparatif-compresseur-100-l/";"Bricolage";"L'air comprimé permet de réaliser différentes sortes de travaux manuels, aussi pour bricoler à la maison qu'à titre professionnel. Hormis le gonflage des pneus, il sert notamment au nettoyage, au polissage, à la peinture et à bien d'autres choses. Vous souhaitez en avoir un à disposition ? Notre guide des compresseurs 100 L devrait vous aider à trouver ce qu'il faut."
"38331";"Les meilleures ponceuses à bande";"https://meilleurtest.fr/comparatif-ponceuse-a-bande/";"Bricolage";"Vous avez de vieux meubles en bois qui auraient bien besoin d’un coup de jeune ? Ou alors un projet de bricolage important qui vous trotte dans la tête depuis trop longtemps ? Dans les deux cas, la ponceuse à bande vous viendra en aide. C’est l’outil parfait pour lisser les surfaces rugueuses en un rien de temps, retirer le vernis des meubles ou ajuster des pièces de bois avec une précision redoutable. Bref, elle vous fera gagner un temps fou sur le travail du bois. Jetez un œil à notre sélection des meilleures ponceuses à bande pour trouver le modèle qui répondra à vos besoins."
"38309";"Les meilleurs parpaings";"https://meilleurtest.fr/comparatif-parpaing/";"Bricolage";"Robuste, abordable et facile à poser, le parpaing est le matériau idéal pour entreprendre une construction ou une extension d’habitation. Avant de concrétiser votre projet immobilier, vous désirez faire le point sur ce produit ? On vous dit tout dans ce guide d’achat des meilleurs parpaings."
"38282";"Les meilleurs isolants thermiques";"https://meilleurtest.fr/comparatif-isolant-thermique/";"Bricolage";"En isolant les combles et les murs qui donnent vers l’extérieur, vous allez diviser votre facture énergétique par deux. Et, ce n’est pas un mythe ! Pour cela, il faut choisir le bon isolant thermique. Cette tâche n’est pas difficile en soi, mais pour que l’investissement soit rentable sur le long terme, fiez-vous aux précieux conseils que nous délivrons dans ce guide consacré aux meilleurs isolants thermiques."
"38227";"Les meilleurs établis pour enfant";"https://meilleurtest.fr/comparatif-etabli-pour-enfant/";"Bricolage";"Grand classique parmi les jouets d'éveil, l'établi pour enfant est un espace créatif favorable aux jeux et à l'imagination débordante des tout-petits. Conçu en bois ou en plastique certifiés, ce jouet non toxique permet aux enfants de simuler des travaux de bricolage en faisant comme papa. Livré avec une variété d'outils réalistes comme une perceuse, un marteau, différents jeux de clés, une pince, il accélère le développement des compétences manuelles. De plus, la hauteur réglable à la croissance de l'enfant, ce qui en fait un jouet évolutif. Lisez ce guide d'achat pour en savoir plus."
"38208";"Les meilleures disqueuses";"https://meilleurtest.fr/comparatif-disqueuse/";"Bricolage";"La disqueuse est un équipement électroportatif bien connu des bricoleurs et des professionnels. Il permet de meuler, découper, décaper, polir ou surfacer des ouvrages en bois, en métal, en béton ou en pierre. Comme il existe différents types de disqueuses sur le marché, choisir le bon modèle peut sembler compliqué. Filaire ou sans fil, droite ou d'angle ? À quel prix, à quelle puissance ? Autant de questions auxquelles il faudra répondre. Ne perdez pas de temps à chercher : lisez ce guide des meilleures disqueuses du moment."
"38159";"Les meilleures gouttières";"https://meilleurtest.fr/comparatif-gouttiere/";"Bricolage";"La gouttière est un élément indispensable sur une toiture, surtout quand viennent les saisons de pluies. Se présentant sous plusieurs formes, couleurs et divers matériaux, il faut prendre le temps de choisir le modèle en adéquation avec la toiture, que ce soit au niveau pratique ou esthétique. Pour vous aider à faire le bon choix, voici un guide des meilleures gouttières disponibles en ce moment."
"38158";"Les meilleures portes de garage";"https://meilleurtest.fr/comparatif-porte-de-garage/";"Bricolage";"Ce n’est pas tous les jours qu'on change sa porte de garage. Pour les plus sceptiques, sachez que les portes de garage actuelles sont plus robustes, plus sûres, mieux isolées, et nécessitent moins d’entretien que les modèles apparus il y a 15 ou 20 ans. Il y a désormais une profusion de matériaux, de découpes, de couleurs, de motorisations, etc. Par-dessus tout, les nouvelles portes de garage sont mieux équipées et livrées préassemblées. Que vous ayez un garage pour moto ou pour voiture, lisez ce guide pour trouver une<a href=""https://meilleurtest.fr/comparatif-moteur-de-porte-de-garage-sectionnelle/"">porte de garage</a> répondant à vos attentes."
"38129";"Les meilleures perceuse-visseuses à percussion sans fil 18 V";"https://meilleurtest.fr/comparatif-perceuse-visseuse-a-percussion-sans-fil-18-v/";"Bricolage";"Pour les travaux de bricolage occasionnels ou à titre professionnel, la <a href=""https://meilleurtest.fr/comparatif-perceuse-visseuse/"">perceuse-visseuse</a> à percussion fait partie des outils les plus utilisés. Parfaite pour percer des matériaux résistants comme le béton ou le métal et réaliser des vissages de précision, elle offre de nombreuses possibilités. Selon une étude, 60% des bricoleurs préfèrent les modèles sans fil avec une batterie 18 V parce que cela améliore la mobilité et permet de travailler une journée entière sans recharger. Découvrez notre sélection des meilleures perceuses-visseuses sans fil 18V pour cette année."
"38110";"Les meilleurs casques anti-bruit";"https://meilleurtest.fr/comparatif-casque-anti-bruit/";"Bricolage";"Que vous travailliez dans la construction, que vous assistiez à un évènement de grande affluence, que vous vous passionniez pour la chasse et le tir sportif ou que vous bricoliez régulièrement, vous devez faire du casque anti-bruit une priorité. Cet outil protège vos tympans des dommages liés à une exposition prolongée à des bruits trop forts. Il en va de la préservation de vos capacités auditives. De nombreux modèles existent sur le marché : casques anti-bruits passifs ou communicants, qui diffusent ou non de la musique, etc. Lisez notre guide pour en savoir plus."
"38089";"Les meilleurs plans de travail";"https://meilleurtest.fr/comparatif-plan-de-travail/";"Bricolage";"Pièce incontournable à la préparation du repas, le plan de travail est l’élément le plus utilisé dans toutes les cuisines. C’est là que vous travaillerez vos recettes les plus délicieuses, découperez vos ingrédients, etc. On attend de lui qu'il résiste aux utilisations intensives, supporte les chocs et de lourdes charges ou se nettoie facilement. Convivial, pratique et esthétique, son choix n’est pourtant pas facile. Zoom sur les meilleurs plans de travail du moment !"
"38041";"Les meilleurs isolants phoniques";"https://meilleurtest.fr/comparatif-isolant-phonique/";"Bricolage";"Selon une étude de l'Insee, 40 % des Français se plaignent actuellement de nuisances sonores dans leur habitat. Pourtant, il s’agit d’une des conditions essentielles pour bénéficier du confort optimal dans son chez-soi. Heureusement, il existe une solution infaillible pour réduire la propagation des sons nuisibles : l’isolant phonique, dont voici les modèles les plus efficaces disponibles en ce moment."
"38009";"Les meilleurs kits de bricolage pour les enfants";"https://meilleurtest.fr/comparatif-kit-de-bricolage-pour-enfant/";"Bricolage";"Vous avez du mal à occuper votre bout de chou pendant les vacances et le week-end ? Au lieu de le voir scotcher devant la télé ou errer dans toute la maison, offrez-lui un kit de bricolage pour les enfants, à la fois éducatif et ludique. Pouvant favoriser son développement intellectuel et éveiller son esprit créatif, voici notre top des kits de bricolage pour les enfants de l’année."
"38004";"Les meilleurs isolants thermiques des murs par l'intérieur";"https://meilleurtest.fr/comparatif-isolant-thermique-de-mur-par-linterieur/";"Bricolage";"Peut-on profiter d’une ambiance chaleureuse optimale dans son chez-soi sans exploser le compteur d’énergie avec le chauffage ? Oui, si on opte pour un isolant thermique des murs par l’intérieur. Laine de verre, ouate de cellulose, polystyrène, le choix est vaste. Voici pourquoi, on vous propose un guide consacré aux meilleurs <a href=""https://meilleurtest.fr/comparatif-isolant-thermique/"">dispositifs d’isolation</a> disponibles en ce moment."
"37917";"Les meilleures boîtes à outils complètes";"https://meilleurtest.fr/comparatif-boite-a-outils-complete/";"Bricolage";"Nul besoin de faire appel à un professionnel pour s’occuper des petits travaux de bricolage, de dépannage et de maintenance domestiques. En investissant dans une boîte à outils complète, vous pouvez réaliser toutes ces tâches vous-même. Elle peut contenir tous les outils de bricolage indispensables pour couvrir la quasi-totalité de vos besoins (boulons, scie à métaux, tournevis cruciforme, outil multifonction, clé à cliquet, ciseaux, les pinces coupantes…). La mallette permet aussi un rangement optimal de tous vos accessoires. Alors, prêt à libérer le bricoleur en vous? Trouvez la meilleure boîte à outils complète à l’aide de notre comparatif."
"37808";"Les meilleures perceuses";"https://meilleurtest.fr/comparatif-perceuse/";"Bricolage";"Pour percer ou visser différentes surfaces comme le bois, le plâtre, le béton, la pierre, ou même le métal, la perceuse est incontournable. Tous les professionnels et bricoleurs dignes de ce nomen possèdent une dans leur boîte à outils. Chaque utilisateur devra choisir sa perceuse en fonction de ses besoins et des travaux à réaliser. En revanche, le choix n'est pas si simple entre <a href=""https://meilleurtest.fr/comparatif-perceuse-visseuse/"">les perceuses visseuses</a>, les perceuses à percussion, les perceuses d'angle, voire les perceuses colonnes. Il faudra également vous décider entre une perceuses filaire et une perceuse à batterie. Lisez ce guide d'achat pour gagner du temps dans vos recherches."
"37726";"Les meilleurs fendeurs de bûches";"https://meilleurtest.fr/comparatif-fendeur-de-buche/";"Bricolage";"Si vous avez accès à des arbres tombés ou à des bûches coupés, vous pouvez créer votre propre bois de chauffage de taille parfaite avec une fendeuse de bûches. Ces appareils, qui sont disponibles en modèles. Ces appareils, qui sont disponibles en modèles manuels, à essence ou électriques, permettent de couper rapidement des bûches en morceaux de bois de chauffage de taille raisonnable. Lisez notre guide pour trouver les meilleurs fendeurs de bûches disponibles sur le marché."
"37699";"Les meilleurs dremels";"https://meilleurtest.fr/comparatif-dremel/";"Bricolage";"Le perçage, la gravure, le ponçage, le meulage et la découpe, sur un support en verre, en métal, en plastique ou en bois, possèdent un dénominateur commun : le dremel. Outil multifonction nécessaire aux travaux de finition sur de petites surfaces, c’est un must-have de tout artisan qui se respecte. Quel dremel choisir pour la réalisation de vos projets ? Trouvez les réponses dans ce guide."
"37640";"Les meilleures serrures de porte";"https://meilleurtest.fr/comparatif-serrure-de-porte/";"Bricolage";"Plus de <a href=""https://opnsesame.io/news/cambriolage#:~:text=Statistiques%20et%20id%C3%A9es%20re%C3%A7ues%20sur%20le%20cambriolage&amp;text=Les%20derniers%20chiffres%2C%20sortis%20en,cambriolage%20de%20leur%20r%C3%A9sidence%20principale."">600 000 cambriolages ont été recensés en France en 2019</a>, un record ! Et en 2020, les cambriolages ont augmenté de 114% après le premier confinement. Au-delà des alarmes, la sécurité de votre maison passe avant tout par la pose d'une serrure de porte résistante. Encastrée ou en applique, monopoint ou multipoint, le choix n'est pas toujours simple. Pour vous faciliter la tâche, lisez notre guide d'achat des meilleures serrures de porte en 2022."
"37606";"Les meilleures colles pour tout coller";"https://meilleurtest.fr/comparatif-colle-pour-tout-coller/";"Bricolage";"Que ce soit pour un projet de rénovation, pour une réparation ou pour du bricolage, la colle fait partie des indispensables. Allant du collage de papiers, de semelles de chaussures ou de porcelaine cassée à des solutions plus avancées comme le collage de bois, voire une alternative à la soudure, vous trouverez sur le marché une grande variété de colles. Glue, époxy, néoprène gel, le choix est loin d’être évident et dépendra de vos besoins et de la qualité nécessaire. Pour ne pas perdre des heures à chercher, découvrez notre sélection des meilleures colles pour cette année et nos conseils pour bien choisir."
"37596";"Les meilleures ponceuses";"https://meilleurtest.fr/comparatif-ponceuse/";"Bricolage";"La ponceuse est un outil que tout bricoleur qui se respecte devrait avoir dans sa boite à outils. Et, les Français semblent en être conscients : environ 70 000 de ces outils sont vendus chaque année. Il en existe plusieurs sortes, mais les plus courantes sont les ponceuses orbitales avec ou sans <a href=""https://meilleurtest.fr/comparatif-ponceuse-excentrique/"">excentrique</a>, vibrantes,<a href=""https://meilleurtest.fr/comparatif-ponceuse-a-bande/""> à bandes</a> et multifonctions. Quelle ponceuse choisir ?"
"37580";"Les meilleures clés à molette";"https://meilleurtest.fr/comparatif-cle-a-molette/";"Bricolage";"La clé à molette est un outil incontournable auprès de professionnels œuvrant dans de différents secteurs. Son profil réglable la rend plus pratique qu’une clé ordinaire. Également utilisée pour sa maniabilité par les bricoleurs de tous horizons, cette clé à main est si populaire que des milliers de modèles, dont des centaines de piètre qualité, inondent le marché. Ce guide d’achat devrait vous aider à faire le tri et trouver les meilleures clés à molette en fonction de vos besoins."
"37512";"Les meilleures lasures bois extérieur";"https://meilleurtest.fr/comparatif-lasure-bois-exterieur/";"Bricolage";"Les surfaces et les ouvrages d’extérieur sont très sensibles aux agressions diverses. Entre intempéries et insectes, leur durée de vie se raccourcit considérablement. Heureusement, la lasure bois extérieur, avec ou sans couleur, pallie à ces problèmes en apportant protection et esthétique à vos ouvrages en bois. Lisez ce guide pour y voir plus clair."
"37485";"Les meilleures clés à choc";"https://meilleurtest.fr/comparatif-cle-a-choc/";"Bricolage";"La clé à choc est un outil utilisé essentiellement en mécanique pour desserrer ou serrer les boulons, d’où son autre nom de boulonneuse. Polyvalente, elle peut être d’un grand secours sur un chantier ou dans un garage. Si vous en voulez une, vous aurez l’embarras du choix : ces dernières années, le nombre de modèles disponibles sur le marché a largement augmenté. Pour vous aider, consultez notre guide."
"37477";"Les meilleurs mini compresseurs portatifs";"https://meilleurtest.fr/comparatif-mini-compresseur-portatif/";"Bricolage";"Le mini compresseur portatif fait partie de l’essentiel du dépannage domestique. Sa fonction première est de gonfler les roues et autres matelas d’appoint. Mais il s’utilise également comme soufflette, agrafeuse ou visseuse. Bref, il faut en avoir un à disposition au cas où. Mais lequel prendre? Lisez notre guide pour faire votre choix."
"37336";"Les meilleurs graveurs laser métal";"https://meilleurtest.fr/comparatif-graveur-laser-metal/";"Bricolage";"Le graveur laser métal utilise un faisceau laser pour abraser le matériau à marquer et imprimer des motifs en créant des sillons dans sa surface. Vous êtes amateur de DIY ? Vous avez une âme d’artiste et rêvez de personnaliser certains objets métalliques à votre façon ? Ce guide des meilleurs graveurs laser métal est fait pour vous. Découvrez notre comparatif ainsi que nos conseils de choix et d’utilisation."
"37317";"Les meilleures fenêtres PVC";"https://meilleurtest.fr/comparatif-fenetre-pvc/";"Bricolage";"Il ne saurait y avoir de maison sans fenêtre. Si le bois et le métal coûtent cher, le plastique reste un matériau abordable pour ce genre d’ouverture. De plus, la fenêtre en PVC permet de faire entrer l’air et la lumière du jour dans la maison et assure de bonnes performances d’isolation thermique. battante, fixe, à soufflet, panoramique, etc., découvrez notre guide des meilleures fenêtres en PVC actuelles."
"37306";"Les meilleurs revêtements en résine époxy";"https://meilleurtest.fr/comparatif-revetement-resine-epoxy/";"Bricolage";"La peinture époxy permet de décorer et protéger de manière durable les sols béton, les sols carrelés, le bois et tous les supports non déformables qui se trouvent à l'intérieur ou à l'extérieur de votre maison. Esthétiquement magnifique, ce revêtement ne s'applique pas n'importe comment. Surtout, il ne se choisit pas n'importe comment puisque tout dépendra du revêtement existant. Pour être sûr de faire le bon choix, fiez-vous à notre guide des meilleurs revêtements en résine époxy."
"37174";"Les meilleures clés Allen hexagonales";"https://meilleurtest.fr/comparatif-cle-allen-hexagonale/";"Bricolage";"Pour les réparations et divers travaux de maintenance à la maison ou à titre professionnel, la clé Allen hexagonale est souvent nécessaire. L'idéal serait d'en posséder un coffret entier de toutes les tailles. Face à une offre très abondante, pas facile de trouver celle qui convient. Rassurez-vous, notre guide d'achat proposant les meilleures clés Allen hexagonales vous aidera."
"38159";"Les meilleures gouttières";"https://meilleurtest.fr/comparatif-gouttiere/";"Bricolage";"La gouttière est un élément indispensable sur une toiture, surtout quand viennent les saisons de pluies. Se présentant sous plusieurs formes, couleurs et divers matériaux, il faut prendre le temps de choisir le modèle en adéquation avec la toiture, que ce soit au niveau pratique ou esthétique. Pour vous aider à faire le bon choix, voici un guide des meilleures gouttières disponibles en ce moment."
"38158";"Les meilleures portes de garage";"https://meilleurtest.fr/comparatif-porte-de-garage/";"Bricolage";"Ce n’est pas tous les jours qu'on change sa porte de garage. Pour les plus sceptiques, sachez que les portes de garage actuelles sont plus robustes, plus sûres, mieux isolées, et nécessitent moins d’entretien que les modèles apparus il y a 15 ou 20 ans. Il y a désormais une profusion de matériaux, de découpes, de couleurs, de motorisations, etc. Par-dessus tout, les nouvelles portes de garage sont mieux équipées et livrées préassemblées. Que vous ayez un garage pour moto ou pour voiture, lisez ce guide pour trouver une<a href=""https://meilleurtest.fr/comparatif-moteur-de-porte-de-garage-sectionnelle/"">porte de garage</a> répondant à vos attentes."
"38129";"Les meilleures perceuse-visseuses à percussion sans fil 18 V";"https://meilleurtest.fr/comparatif-perceuse-visseuse-a-percussion-sans-fil-18-v/";"Bricolage";"Pour les travaux de bricolage occasionnels ou à titre professionnel, la <a href=""https://meilleurtest.fr/comparatif-perceuse-visseuse/"">perceuse-visseuse</a> à percussion fait partie des outils les plus utilisés. Parfaite pour percer des matériaux résistants comme le béton ou le métal et réaliser des vissages de précision, elle offre de nombreuses possibilités. Selon une étude, 60% des bricoleurs préfèrent les modèles sans fil avec une batterie 18 V parce que cela améliore la mobilité et permet de travailler une journée entière sans recharger. Découvrez notre sélection des meilleures perceuses-visseuses sans fil 18V pour cette année."
"38110";"Les meilleurs casques anti-bruit";"https://meilleurtest.fr/comparatif-casque-anti-bruit/";"Bricolage";"Que vous travailliez dans la construction, que vous assistiez à un évènement de grande affluence, que vous vous passionniez pour la chasse et le tir sportif ou que vous bricoliez régulièrement, vous devez faire du casque anti-bruit une priorité. Cet outil protège vos tympans des dommages liés à une exposition prolongée à des bruits trop forts. Il en va de la préservation de vos capacités auditives. De nombreux modèles existent sur le marché : casques anti-bruits passifs ou communicants, qui diffusent ou non de la musique, etc. Lisez notre guide pour en savoir plus."
"38089";"Les meilleurs plans de travail";"https://meilleurtest.fr/comparatif-plan-de-travail/";"Bricolage";"Pièce incontournable à la préparation du repas, le plan de travail est l’élément le plus utilisé dans toutes les cuisines. C’est là que vous travaillerez vos recettes les plus délicieuses, découperez vos ingrédients, etc. On attend de lui qu'il résiste aux utilisations intensives, supporte les chocs et de lourdes charges ou se nettoie facilement. Convivial, pratique et esthétique, son choix n’est pourtant pas facile. Zoom sur les meilleurs plans de travail du moment !"
"38041";"Les meilleurs isolants phoniques";"https://meilleurtest.fr/comparatif-isolant-phonique/";"Bricolage";"Selon une étude de l'Insee, 40 % des Français se plaignent actuellement de nuisances sonores dans leur habitat. Pourtant, il s’agit d’une des conditions essentielles pour bénéficier du confort optimal dans son chez-soi. Heureusement, il existe une solution infaillible pour réduire la propagation des sons nuisibles : l’isolant phonique, dont voici les modèles les plus efficaces disponibles en ce moment."
"38009";"Les meilleurs kits de bricolage pour les enfants";"https://meilleurtest.fr/comparatif-kit-de-bricolage-pour-enfant/";"Bricolage";"Vous avez du mal à occuper votre bout de chou pendant les vacances et le week-end ? Au lieu de le voir scotcher devant la télé ou errer dans toute la maison, offrez-lui un kit de bricolage pour les enfants, à la fois éducatif et ludique. Pouvant favoriser son développement intellectuel et éveiller son esprit créatif, voici notre top des kits de bricolage pour les enfants de l’année."
"38004";"Les meilleurs isolants thermiques des murs par l'intérieur";"https://meilleurtest.fr/comparatif-isolant-thermique-de-mur-par-linterieur/";"Bricolage";"Peut-on profiter d’une ambiance chaleureuse optimale dans son chez-soi sans exploser le compteur d’énergie avec le chauffage ? Oui, si on opte pour un isolant thermique des murs par l’intérieur. Laine de verre, ouate de cellulose, polystyrène, le choix est vaste. Voici pourquoi, on vous propose un guide consacré aux meilleurs <a href=""https://meilleurtest.fr/comparatif-isolant-thermique/"">dispositifs d’isolation</a> disponibles en ce moment."
"37917";"Les meilleures boîtes à outils complètes";"https://meilleurtest.fr/comparatif-boite-a-outils-complete/";"Bricolage";"Nul besoin de faire appel à un professionnel pour s’occuper des petits travaux de bricolage, de dépannage et de maintenance domestiques. En investissant dans une boîte à outils complète, vous pouvez réaliser toutes ces tâches vous-même. Elle peut contenir tous les outils de bricolage indispensables pour couvrir la quasi-totalité de vos besoins (boulons, scie à métaux, tournevis cruciforme, outil multifonction, clé à cliquet, ciseaux, les pinces coupantes…). La mallette permet aussi un rangement optimal de tous vos accessoires. Alors, prêt à libérer le bricoleur en vous? Trouvez la meilleure boîte à outils complète à l’aide de notre comparatif."
"37808";"Les meilleures perceuses";"https://meilleurtest.fr/comparatif-perceuse/";"Bricolage";"Pour percer ou visser différentes surfaces comme le bois, le plâtre, le béton, la pierre, ou même le métal, la perceuse est incontournable. Tous les professionnels et bricoleurs dignes de ce nomen possèdent une dans leur boîte à outils. Chaque utilisateur devra choisir sa perceuse en fonction de ses besoins et des travaux à réaliser. En revanche, le choix n'est pas si simple entre <a href=""https://meilleurtest.fr/comparatif-perceuse-visseuse/"">les perceuses visseuses</a>, les perceuses à percussion, les perceuses d'angle, voire les perceuses colonnes. Il faudra également vous décider entre une perceuses filaire et une perceuse à batterie. Lisez ce guide d'achat pour gagner du temps dans vos recherches."
"37726";"Les meilleurs fendeurs de bûches";"https://meilleurtest.fr/comparatif-fendeur-de-buche/";"Bricolage";"Si vous avez accès à des arbres tombés ou à des bûches coupés, vous pouvez créer votre propre bois de chauffage de taille parfaite avec une fendeuse de bûches. Ces appareils, qui sont disponibles en modèles. Ces appareils, qui sont disponibles en modèles manuels, à essence ou électriques, permettent de couper rapidement des bûches en morceaux de bois de chauffage de taille raisonnable. Lisez notre guide pour trouver les meilleurs fendeurs de bûches disponibles sur le marché."
"37699";"Les meilleurs dremels";"https://meilleurtest.fr/comparatif-dremel/";"Bricolage";"Le perçage, la gravure, le ponçage, le meulage et la découpe, sur un support en verre, en métal, en plastique ou en bois, possèdent un dénominateur commun : le dremel. Outil multifonction nécessaire aux travaux de finition sur de petites surfaces, c’est un must-have de tout artisan qui se respecte. Quel dremel choisir pour la réalisation de vos projets ? Trouvez les réponses dans ce guide."
"37640";"Les meilleures serrures de porte";"https://meilleurtest.fr/comparatif-serrure-de-porte/";"Bricolage";"Plus de <a href=""https://opnsesame.io/news/cambriolage#:~:text=Statistiques%20et%20id%C3%A9es%20re%C3%A7ues%20sur%20le%20cambriolage&amp;text=Les%20derniers%20chiffres%2C%20sortis%20en,cambriolage%20de%20leur%20r%C3%A9sidence%20principale."">600 000 cambriolages ont été recensés en France en 2019</a>, un record ! Et en 2020, les cambriolages ont augmenté de 114% après le premier confinement. Au-delà des alarmes, la sécurité de votre maison passe avant tout par la pose d'une serrure de porte résistante. Encastrée ou en applique, monopoint ou multipoint, le choix n'est pas toujours simple. Pour vous faciliter la tâche, lisez notre guide d'achat des meilleures serrures de porte en 2022."
"37606";"Les meilleures colles pour tout coller";"https://meilleurtest.fr/comparatif-colle-pour-tout-coller/";"Bricolage";"Que ce soit pour un projet de rénovation, pour une réparation ou pour du bricolage, la colle fait partie des indispensables. Allant du collage de papiers, de semelles de chaussures ou de porcelaine cassée à des solutions plus avancées comme le collage de bois, voire une alternative à la soudure, vous trouverez sur le marché une grande variété de colles. Glue, époxy, néoprène gel, le choix est loin d’être évident et dépendra de vos besoins et de la qualité nécessaire. Pour ne pas perdre des heures à chercher, découvrez notre sélection des meilleures colles pour cette année et nos conseils pour bien choisir."
"37596";"Les meilleures ponceuses";"https://meilleurtest.fr/comparatif-ponceuse/";"Bricolage";"La ponceuse est un outil que tout bricoleur qui se respecte devrait avoir dans sa boite à outils. Et, les Français semblent en être conscients : environ 70 000 de ces outils sont vendus chaque année. Il en existe plusieurs sortes, mais les plus courantes sont les ponceuses orbitales avec ou sans <a href=""https://meilleurtest.fr/comparatif-ponceuse-excentrique/"">excentrique</a>, vibrantes,<a href=""https://meilleurtest.fr/comparatif-ponceuse-a-bande/""> à bandes</a> et multifonctions. Quelle ponceuse choisir ?"
"37580";"Les meilleures clés à molette";"https://meilleurtest.fr/comparatif-cle-a-molette/";"Bricolage";"La clé à molette est un outil incontournable auprès de professionnels œuvrant dans de différents secteurs. Son profil réglable la rend plus pratique qu’une clé ordinaire. Également utilisée pour sa maniabilité par les bricoleurs de tous horizons, cette clé à main est si populaire que des milliers de modèles, dont des centaines de piètre qualité, inondent le marché. Ce guide d’achat devrait vous aider à faire le tri et trouver les meilleures clés à molette en fonction de vos besoins."
"37512";"Les meilleures lasures bois extérieur";"https://meilleurtest.fr/comparatif-lasure-bois-exterieur/";"Bricolage";"Les surfaces et les ouvrages d’extérieur sont très sensibles aux agressions diverses. Entre intempéries et insectes, leur durée de vie se raccourcit considérablement. Heureusement, la lasure bois extérieur, avec ou sans couleur, pallie à ces problèmes en apportant protection et esthétique à vos ouvrages en bois. Lisez ce guide pour y voir plus clair."
"37485";"Les meilleures clés à choc";"https://meilleurtest.fr/comparatif-cle-a-choc/";"Bricolage";"La clé à choc est un outil utilisé essentiellement en mécanique pour desserrer ou serrer les boulons, d’où son autre nom de boulonneuse. Polyvalente, elle peut être d’un grand secours sur un chantier ou dans un garage. Si vous en voulez une, vous aurez l’embarras du choix : ces dernières années, le nombre de modèles disponibles sur le marché a largement augmenté. Pour vous aider, consultez notre guide."
"37477";"Les meilleurs mini compresseurs portatifs";"https://meilleurtest.fr/comparatif-mini-compresseur-portatif/";"Bricolage";"Le mini compresseur portatif fait partie de l’essentiel du dépannage domestique. Sa fonction première est de gonfler les roues et autres matelas d’appoint. Mais il s’utilise également comme soufflette, agrafeuse ou visseuse. Bref, il faut en avoir un à disposition au cas où. Mais lequel prendre? Lisez notre guide pour faire votre choix."
"37336";"Les meilleurs graveurs laser métal";"https://meilleurtest.fr/comparatif-graveur-laser-metal/";"Bricolage";"Le graveur laser métal utilise un faisceau laser pour abraser le matériau à marquer et imprimer des motifs en créant des sillons dans sa surface. Vous êtes amateur de DIY ? Vous avez une âme d’artiste et rêvez de personnaliser certains objets métalliques à votre façon ? Ce guide des meilleurs graveurs laser métal est fait pour vous. Découvrez notre comparatif ainsi que nos conseils de choix et d’utilisation."
"37317";"Les meilleures fenêtres PVC";"https://meilleurtest.fr/comparatif-fenetre-pvc/";"Bricolage";"Il ne saurait y avoir de maison sans fenêtre. Si le bois et le métal coûtent cher, le plastique reste un matériau abordable pour ce genre d’ouverture. De plus, la fenêtre en PVC permet de faire entrer l’air et la lumière du jour dans la maison et assure de bonnes performances d’isolation thermique. battante, fixe, à soufflet, panoramique, etc., découvrez notre guide des meilleures fenêtres en PVC actuelles."
"37306";"Les meilleurs revêtements en résine époxy";"https://meilleurtest.fr/comparatif-revetement-resine-epoxy/";"Bricolage";"La peinture époxy permet de décorer et protéger de manière durable les sols béton, les sols carrelés, le bois et tous les supports non déformables qui se trouvent à l'intérieur ou à l'extérieur de votre maison. Esthétiquement magnifique, ce revêtement ne s'applique pas n'importe comment. Surtout, il ne se choisit pas n'importe comment puisque tout dépendra du revêtement existant. Pour être sûr de faire le bon choix, fiez-vous à notre guide des meilleurs revêtements en résine époxy."
"37174";"Les meilleures clés Allen hexagonales";"https://meilleurtest.fr/comparatif-cle-allen-hexagonale/";"Bricolage";"Pour les réparations et divers travaux de maintenance à la maison ou à titre professionnel, la clé Allen hexagonale est souvent nécessaire. L'idéal serait d'en posséder un coffret entier de toutes les tailles. Face à une offre très abondante, pas facile de trouver celle qui convient. Rassurez-vous, notre guide d'achat proposant les meilleures clés Allen hexagonales vous aidera."
