"ID";"post_title";"_post_permalink";"category";"mltv5_introduction";"mltv5_new_intro"
"42564";"Les meilleurs poêles à granulés extra plats";"https://meilleurtest.fr/comparatif-poele-a-granules-extra-plat/";"Chauffage";"Ne vous fiez pas à son format, <a href=""https://meilleurtest.fr/comparatif-poele-a-granules/"">le poêle à granulés</a> extra plat propose un bon compromis entre confort, rendement élevé et gain de place. Adapté aux logements de taille modeste et aux espaces exigus, cet appareil de chauffage a la capacité de transformer n’importe quelle pièce en cocon chaleureux. Il chauffe rapidement, consomme peu d’énergie et vous fait profiter d'un encombrement réduit. Vous avez le choix entre la version murale ou la version à poser. Dès aujourd'hui, changez la donne pour votre nouvelle maison ou votre maison rénovée et trouvez le poêle à granulés extra plat idéal en parcourant notre guide.";"Compact et performant, le poêle à granulés extra plat conviendra aux logements où l'espace est limité, sans sacrifier le rendement thermique. Ce guide vous présentera les meilleurs modèles muraux et à poser pour chauffer efficacement votre intérieur. Pour affiner votre choix, consultez aussi nos sélections de <a href=""https://meilleurtest.fr/comparatif-poele-a-granules/"">poêles à granulés</a> classiques, de versions <a href=""https://meilleurtest.fr/comparatif-poele-a-granules-etanche/"">étanches</a>, à <a href=""https://meilleurtest.fr/comparatif-poele-a-granules-a-convection-naturelle/"">convection naturelle</a> ou d'<a href=""https://meilleurtest.fr/comparatif-insert-a-granules/"">inserts encastrables</a>."
"42430";"Les meilleurs poêles à granulés à convection naturelle";"https://meilleurtest.fr/comparatif-poele-a-granules-a-convection-naturelle/";"Chauffage";"L'hiver s'installe, et avec lui cette chaleur douce. Du mois en théorie, car avec un poêle à pellets classique, l'ambiance est parfois gâchée par un ventilateur assourdissant qui couvre parfois les conversations ou nuit à la tranquillité du foyer. Et si la chaleur pouvait se diffuser naturellement, sans un bruit ? La réside tout <a href=""https://meilleurtest.fr/comparatif-poele-a-granules/"">l'intérêt des poêles à granulés</a> à convection naturelle : grâce à un échange thermique optimisé, ils propagent une chaleur homogène, et ce sans ventilation forcée. Besoin de conseils pour bien choisir ? Découvrez notre sélection des meilleurs poêles à granulés à convection naturelle pour cette année.";"Le poêle à granulés à convection naturelle diffuse une chaleur douce et homogène sans ventilation forcée, pour un fonctionnement silencieux au quotidien. Ce guide vous permettra de trouver le modèle adapté à votre logement. Parcourez également nos comparatifs de <a href=""https://meilleurtest.fr/comparatif-poele-a-granules/"">poêles à granulés</a>, de modèles <a href=""https://meilleurtest.fr/comparatif-poele-a-granule-silencieux/"">silencieux</a>, de versions <a href=""https://meilleurtest.fr/comparatif-poele-a-granules-etanche/"">étanches</a> et de poêles <a href=""https://meilleurtest.fr/comparatif-poele-a-granules-extra-plat/"">extra plats</a>."
"42427";"Les meilleurs poêles à bois bouilleurs";"https://meilleurtest.fr/comparatif-poele-a-bois-bouilleur/";"Chauffage";"Le <a href=""https://meilleurtest.fr/comparatif-poele-a-granules-etanche/"">poêle à bois</a> bouilleur, également appelé poêle hydro, est un système de chauffage moderne qui combine la chaleur douillette d'un poêle à bois et la production d'eau chaude pour le chauffage central et l'usage domestique. En brûlant du bois, une ressource considérée comme renouvelable, il offre une solution économique et écologique aux foyers qui en ont besoin. Ce guide vous éclaire sur le fonctionnement, les avantages et l'entretien de ce dispositif innovant. Nous vous proposons également une sélection des meilleurs poêles à bois bouilleurs pour cette année, l’objectif étant de vous aider à faire un choix éclairé.";"Le poêle à bois bouilleur, ou poêle hydro, allie le charme du feu de bois à la production d'eau chaude pour le chauffage central. Cette solution écologique et économique conviendra aux foyers souhaitant un système polyvalent. Ce guide vous permettra de choisir le meilleur modèle. Découvrez aussi les <a href=""https://meilleurtest.fr/comparatif-poele-a-bois-avec-four/"">poêles à bois avec four</a>, les <a href=""https://meilleurtest.fr/comparatif-poele-a-bois-scandinave/"">poêles scandinaves</a>, les <a href=""https://meilleurtest.fr/comparatif-chaudiere-bois-buche/"">chaudières bois bûche</a> et les <a href=""https://meilleurtest.fr/comparatif-poele-mixte/"">poêles mixtes</a>."
"42061";"Les meilleurs poêles à pétrole sans odeur";"https://meilleurtest.fr/comparatif-poele-a-petrole-sans-odeur/";"Chauffage";"Le <a href=""https://meilleurtest.fr/comparatif-poele-a-petrole/"">poêle à pétrole</a> classique a de nombreux avantages en tant que chauffage d'appoint : rapide montée en température, pas besoin de gaz, efficacité et faible encombrement. Pourtant, même avec un bon combustible, les odeurs dégagées par le poêle restent un problème. Les poêles à pétrole sans odeur, notamment ceux de type électronique et à double combustion, apportent la réponse à ce casse-tête. Grâce à des systèmes de combustion et de ventilation, ils réduisent ou éliminent les odeurs indésirables. Dans ce guide, nous allons voir en détail quel poêle à pétrole sans odeur vous gardera bien au chaud et à l'écart des odeurs désagrébales.";"Grâce à une combustion optimisée, le poêle à pétrole sans odeur élimine les désagréments des modèles classiques tout en conservant une montée en température rapide. Ce guide vous présentera les meilleurs modèles à double combustion ou électroniques pour un confort optimal. Consultez aussi nos sélections de <a href=""https://meilleurtest.fr/comparatif-poele-a-petrole/"">poêles à pétrole</a>, de <a href=""https://meilleurtest.fr/comparatif-chauffage-dappoint-electrique/"">chauffages d'appoint électriques</a>, de <a href=""https://meilleurtest.fr/comparatif-chauffage-d-appoint-au-gaz/"">chauffages au gaz</a> et de <a href=""https://meilleurtest.fr/comparatif-chauffage-d-appoint-economique/"">chauffages économiques</a>."
"41983";"Les meilleurs granulés de bois";"https://meilleurtest.fr/comparatif-granules-de-bois/";"Chauffage";"Économiques, écologiques et très faciles d’utilisation, les <a href=""https://meilleurtest.fr/comparatif-granule-de-bois-livraison/"">granulés de bois</a> sont une alternative plus que crédible aux énergies fossiles. En effet, ces combustibles un peu particuliers gagnent en popularité en raison de la multitude d’avantages qu’ils offrent tant pour le chauffage que pour la cuisson des aliments. Malheureusement, les granulés de bois font aujourd’hui l’objet de fraudes de la part de fabricants peu scrupuleux. Pour éviter de vous retrouver avec des pellets de mauvaise qualité, lisez ce guide d'achat.";"Écologiques et économiques, les granulés de bois constituent une alternative crédible aux énergies fossiles pour le chauffage. Ce guide vous permettra de repérer les pellets de qualité et à éviter les produits de fabricants peu fiables. Retrouvez également nos comparatifs de <a href=""https://meilleurtest.fr/comparatif-granule-de-bois-livraison/"">granulés en livraison</a>, de <a href=""https://meilleurtest.fr/comparatif-sac-de-pellets-pas-chers/"">sacs de pellets pas chers</a>, de <a href=""https://meilleurtest.fr/comparatif-poele-a-granules/"">poêles à granulés</a> et de <a href=""https://meilleurtest.fr/comparatif-chaudiere-a-granules/"">chaudières à granulés</a>."
"41973";"Les meilleurs chauffages d'appoint électriques";"https://meilleurtest.fr/comparatif-chauffage-dappoint-electrique/";"Chauffage";"Le <a href=""https://meilleurtest.fr/comparatif-chauffage-d-appoint/"">chauffage d’appoint</a> électrique est la solution idéale pour compléter un chauffage central durant les jours de grand froid. Cet équipement, mobile dans la plupart des cas, a de nombreux atouts à faire valoir. Entre autres, il permet de faire monter rapidement la température dans une chambre d’amis, une salle de bain ou une pièce à vivre non desservie par le chauffage central. Pour trouver le chauffage d’appoint électrique adapté à vos besoins, lisez ce guide d’achat.";"Le chauffage d'appoint électrique complétera efficacement votre chauffage central lors des jours de grand froid. Mobile et facile à installer, il permettra de réchauffer rapidement une pièce non desservie. Ce guide vous permettra de choisir le modèle adapté à vos besoins. Parcourez aussi nos sélections de <a href=""https://meilleurtest.fr/comparatif-chauffage-d-appoint-economique/"">chauffages économiques</a>, de <a href=""https://meilleurtest.fr/comparatif-chauffage-d-appoint-au-gaz/"">chauffages au gaz</a>, de <a href=""https://meilleurtest.fr/comparatif-chauffage-d-appoint-sans-electricite/"">chauffages sans électricité</a> et de <a href=""https://meilleurtest.fr/comparatif-radiateur-soufflant-pour-salle-de-bain/"">radiateurs soufflants</a>."
"41944";"Les meilleurs inserts à bois";"https://meilleurtest.fr/comparatif-insert-a-bois/";"Chauffage";"Utilisable comme chauffage d’appoint et <a href=""https://meilleurtest.fr/comparatif-chaudiere-bois-buche/"">chauffage central</a> grâce à l’ajout d’un répartiteur de chaleur, l’insert à bois offre une solution à la fois esthétique, écologique et économique. Avec cet ingénieux équipement de chauffage, vous avez la possibilité de transformer un vieux foyer ouvert en foyer fermé davantage en accord avec les tendances décoratives du moment. Comment faire le bon choix ? Pour le savoir, lisez ce guide des meilleurs inserts à bois pour cette année.";"L'insert à bois transformera votre foyer ouvert en un système de chauffage fermé, plus performant et plus esthétique. Cette solution vous offrira un rendement nettement supérieur tout en réduisant votre consommation de bois. Ce guide vous présentera les meilleurs modèles pour votre cheminée. Découvrez aussi les <a href=""https://meilleurtest.fr/comparatif-insert-a-granules/"">inserts à granulés</a>, les <a href=""https://meilleurtest.fr/comparatif-cheminee-electrique/"">cheminées électriques</a>, les <a href=""https://meilleurtest.fr/comparatif-poele-a-bois-avec-four/"">poêles à bois avec four</a> et les <a href=""https://meilleurtest.fr/comparatif-chaudiere-bois-buche/"">chaudières bois bûche</a>."
"41934";"Les meilleurs chauffages d'appoint économiques";"https://meilleurtest.fr/comparatif-chauffage-d-appoint-economique/";"Chauffage";"Il commence à faire froid, mais pour une question de budget, vous n'osez pas allumer votre chauffage central trop longtemps. C’est là qu’entre en jeu le <a href=""https://meilleurtest.fr/comparatif-chauffage-d-appoint/"">chauffage d’appoint</a> économique. Petit, performant et souvent portable, l’équipement améliore nettement le confort thermique d'une pièce. À bois, au gaz, électrique ou au pétrole, chauffez de façon ponctuelle votre espace de vie et créez une pièce plus cocooning en choisissant votre chauffage d’appoint économique parmi notre sélection. Et pour bien choisir, n'hésitez pas à consulter notre guide.";"Le chauffage d'appoint économique vous permettra de maintenir un bon confort thermique sans alourdir votre facture énergétique. Qu'il fonctionne au bois, au gaz ou à l'électricité, cet équipement portable réchauffera rapidement vos pièces de vie. Ce guide vous permettra de trouver le meilleur choix. Retrouvez aussi nos sélections de <a href=""https://meilleurtest.fr/comparatif-chauffage-dappoint-electrique/"">chauffages électriques</a>, de <a href=""https://meilleurtest.fr/comparatif-chauffage-d-appoint-au-gaz/"">chauffages au gaz</a>, de <a href=""https://meilleurtest.fr/comparatif-chauffage-d-appoint-sans-electricite/"">chauffages sans électricité</a> et de <a href=""https://meilleurtest.fr/comparatif-chauffage-electrique/"">chauffages électriques fixes</a>."
"41914";"Les meilleurs radiateurs à inertie sèche 2000W";"https://meilleurtest.fr/comparatif-radiateur-a-inertie-seche-2000w/";"Chauffage";"Vous voulez profiter d’un bon confort thermique ainsi que d’une diffusion de chaleur homogène dans une pièce ? Offrez-vous un <a href=""https://meilleurtest.fr/comparatif-radiateur-a-inertie-seche/"">radiateur à inertie sèche</a> 2000W. Ce chauffage restitue la chaleur de manière efficace tout en évitant d’assécher l’air. En plus, il est aussi facile à installer qu’à utiliser. Mais quel modèle correspond le mieux à vos besoins et vos habitudes ? Pour le savoir, focus sur les <a href=""https://meilleurtest.fr/comparatif-radiateur-a-inertie/"">meilleurs radiateurs à inertie</a> sèche 2000W pour cette année.";"Le radiateur à inertie sèche 2000W diffusera une chaleur douce et homogène dans vos grandes pièces sans assécher l'air. Facile à installer, il restituera la chaleur de manière progressive grâce à son cœur de chauffe solide. Ce guide vous permettra de choisir le bon modèle. Consultez également nos sélections de <a href=""https://meilleurtest.fr/comparatif-radiateur-a-inertie-seche/"">radiateurs à inertie sèche</a>, de <a href=""https://meilleurtest.fr/comparatif-radiateur-a-inertie/"">radiateurs à inertie</a>, de <a href=""https://meilleurtest.fr/comparatif-radiateur-double-coeur-de-chauffe-2000w/"">radiateurs double cœur 2000W</a> et de <a href=""https://meilleurtest.fr/comparatif-radiateur-electrique-economique/"">radiateurs économiques</a>."
"41908";"Les meilleurs radiateurs double cœur de chauffe 2000W";"https://meilleurtest.fr/comparatif-radiateur-double-coeur-de-chauffe-2000w/";"Chauffage";"Un radiateur doté de 2 sources de chaleur indépendantes est considéré comme <a href=""https://meilleurtest.fr/comparatif-radiateur-double-coeur-de-chauffe/"">un radiateur double cœur de chauffe</a>. On en trouve sous différentes puissances : 1000W, 1500W, 2000W, etc. De cette puissance dépendent la surface couverte et la consommation énergétique de l'appareil de chauffage. Connecté, à fixation verticale ou horizontale, pour les pièces de vie ou pour la cuisine, lisez ce comparatif et trouvez le radiateur double cœur de chauffe 2000W correspondant à vos besoins.";"Le radiateur double cœur de chauffe 2000W combinera deux sources de chaleur pour une montée en température rapide et une diffusion prolongée. Ce guide vous présentera les meilleurs modèles connectés, verticaux ou horizontaux pour vos grandes pièces. Parcourez aussi nos sélections de <a href=""https://meilleurtest.fr/comparatif-radiateur-double-coeur-de-chauffe/"">radiateurs double cœur</a>, de <a href=""https://meilleurtest.fr/comparatif-radiateur-a-inertie-seche-2000w/"">radiateurs à inertie sèche 2000W</a>, de <a href=""https://meilleurtest.fr/comparatif-radiateur-a-inertie/"">radiateurs à inertie</a> et de <a href=""https://meilleurtest.fr/comparatif-radiateur-electrique-economique/"">radiateurs économiques</a>."
"41906";"Les meilleurs chauffages d'appoint sans électricité";"https://meilleurtest.fr/comparatif-chauffage-d-appoint-sans-electricite/";"Chauffage";"Vous habitez une petite maison et n’avez pas assez de place pour y installer un chauffage central ? Vous organisez souvent des sorties en plein air et souhaitez disposer d’un équipement d'appoint pour vous chauffer ? Votre chauffage central manque de puissance et il vous faut un équipement en plus ? Envisagez le <a href=""https://meilleurtest.fr/comparatif-chauffage-d-appoint/"">chauffage d’appoint</a> sans <a href=""https://meilleurtest.fr/comparatif-chauffage-electrique/"">électricité</a>. Moins cher en termes de coûts d'exploitation que le chauffage électrique, il offre cependant un bon rendement et une excellente autonomie. Au gaz, au bois ou au pétrole ? Trouvez votre chauffage d'appoint sans électricité en lisant ce guide d'achat.";"Le chauffage d'appoint sans électricité vous offrira une solution autonome pour réchauffer vos pièces, même en cas de coupure de courant. Fonctionnant au gaz, au bois ou au pétrole, il assurera un bon rendement à moindre coût. Ce guide vous permettra de trouver le bon modèle. Découvrez aussi nos comparatifs de <a href=""https://meilleurtest.fr/comparatif-chauffage-d-appoint-au-gaz/"">chauffages au gaz</a>, de <a href=""https://meilleurtest.fr/comparatif-chauffage-d-appoint-economique/"">chauffages économiques</a>, de <a href=""https://meilleurtest.fr/comparatif-poele-a-petrole/"">poêles à pétrole</a> et de <a href=""https://meilleurtest.fr/comparatif-bois-de-chauffage/"">bois de chauffage</a>."
"41250";"Les meilleurs brûleurs fioul";"https://meilleurtest.fr/comparatif-bruleur-fioul/";"Chauffage";"Le brûleur fioul est l’élément qui permet de chauffer l’eau, grâce au corps de chauffe, d’une chaudière fioul. Ce <a href=""https://meilleurtest.fr/comparatif-radiateur-pour-chauffage-au-gaz/"">système de chauffage</a> est économique et offre un rendement thermique très élevé. Le marché propose actuellement des modèles de plus en plus performants. Sans plus attendre, nous allons donc vous faire découvrir les meilleurs produits qu’il puisse offrir.";"Le brûleur fioul assurera le chauffage de votre eau via le corps de chauffe de votre chaudière, avec un rendement thermique élevé. Ce composant essentiel se décline en modèles de plus en plus performants. Ce guide vous présentera les meilleures options du marché. Consultez également nos sélections de <a href=""https://meilleurtest.fr/comparatif-chaudiere-electrique/"">chaudières électriques</a>, de <a href=""https://meilleurtest.fr/comparatif-chaudiere-bois-buche/"">chaudières bois bûche</a>, de <a href=""https://meilleurtest.fr/comparatif-radiateur-a-eau-chaude/"">radiateurs à eau chaude</a> et de <a href=""https://meilleurtest.fr/comparatif-radiateur-pour-chauffage-au-gaz/"">radiateurs au gaz</a>."
"41157";"Les meilleurs radiateurs électriques mobiles";"https://meilleurtest.fr/comparatif-radiateur-electrique-mobile/";"Chauffage";"Lorsque l’hiver commence à pointer le bout de son nez, de nombreuses personnes recherchent un chauffage pratique, performant et facile à installer. Plusieurs types d’appareils sont actuellement disponibles sur le marché. Parmi les plus utilisés en ce moment, il y a le radiateur électrique mobile. Cet appareil se décline en différents choix selon ses besoins et son budget. Convecteur électrique, <a href=""https://meilleurtest.fr/comparatif-radiateur-bain-dhuile/"">radiateur bain d’huile</a>, chauffage à inertie, panneau à rayonnement… que choisir ? Retrouvez nos conseils avisés pour choisir le meilleur radiateur électrique mobile.";"Le radiateur électrique mobile vous permettra de chauffer rapidement n'importe quelle pièce grâce à sa facilité de déplacement. Convecteur, panneau rayonnant ou modèle à inertie, vous trouverez le type adapté à vos besoins dans ce guide. Retrouvez aussi nos sélections de <a href=""https://meilleurtest.fr/comparatif-radiateur-bain-dhuile/"">radiateurs bain d'huile</a>, de <a href=""https://meilleurtest.fr/comparatif-radiateur-a-inertie/"">radiateurs à inertie</a>, de <a href=""https://meilleurtest.fr/comparatif-chauffage-dappoint-electrique/"">chauffages d'appoint électriques</a> et de <a href=""https://meilleurtest.fr/comparatif-radiateur-electrique-economique/"">radiateurs économiques</a>."
"41130";"Les meilleurs chauffages Dyson";"https://meilleurtest.fr/comparatif-chauffage-dyson/";"Chauffage";"Faisant partie des leaders mondiaux de l'électroménager, la marque Dyson est connue pour ses aspirateurs de haute performance. Elle s'est rapidement tournée vers d'autres produits tels que les <a class=""wpil_keyword_link"" title=""purificateurs d'air"" href=""https://meilleurtest.fr/comparatif-purificateur-d-air/"" data-wpil-keyword-link=""linked"">purificateurs d'air</a> dont certains modèles peuvent à la fois servir de chauffage et de ventilateur. Voyons ensemble, dans ce guide, quels sont les meilleurs chauffages Dyson du moment.";"Les chauffages Dyson allient purification de l'air et chauffage dans un seul appareil au design moderne. Certains modèles feront également office de ventilateur pour un usage toute l'année. Ce guide vous présentera les meilleures options de la gamme. Pour comparer, consultez aussi nos sélections de <a href=""https://meilleurtest.fr/comparatif-chauffage-electrique/"">chauffages électriques</a>, de <a href=""https://meilleurtest.fr/comparatif-chauffage-dappoint-electrique/"">chauffages d'appoint électriques</a>, de <a href=""https://meilleurtest.fr/comparatif-radiateur-electrique-connecte/"">radiateurs connectés</a> et de <a href=""https://meilleurtest.fr/comparatif-chaufferette-electrique/"">chaufferettes électriques</a>."
"40503";"Les meilleurs radiateurs Campa";"https://meilleurtest.fr/comparatif-radiateur-campa/";"Chauffage";"En période hivernale, de nombreuses méthodes et appareils sont utilisés pour servir de chauffage dans une pièce. <a class=""wpil_keyword_link"" title=""Poêle à bois"" href=""https://meilleurtest.fr/comparatif-poele-a-bois/"" data-wpil-keyword-link=""linked"">Poêle à bois</a>, cheminée, pompe à chaleur et surtout les radiateurs qui sont les plus modernes. Connue pour ses appareils de chauffage de haute conception, la marque Campa fait partie des références dans le domaine. Elle propose de nombreux modèles de radiateurs à la fois performants et design. Zoom sur les meilleurs radiateurs Campa du moment.";"Campa propose des radiateurs électriques alliant performance thermique et design soigné. Vous trouverez dans cette gamme des modèles à inertie reconnus pour leur confort et leur fiabilité. Ce guide vous présentera les meilleures références de la marque. Parcourez également nos sélections de <a href=""https://meilleurtest.fr/comparatif-radiateur-a-inertie/"">radiateurs à inertie</a>, de <a href=""https://meilleurtest.fr/comparatif-radiateur-a-inertie-seche/"">radiateurs à inertie sèche</a>, de <a href=""https://meilleurtest.fr/comparatif-radiateur-electrique-economique/"">radiateurs économiques</a> et de <a href=""https://meilleurtest.fr/comparatif-radiateur-noirot/"">radiateurs Noirot</a>."
"40499";"Les meilleurs radiateurs Carrera";"https://meilleurtest.fr/comparatif-radiateur-carrera/";"Chauffage";"Vous avez essayé plusieurs marques de radiateurs, mais aucune n’a été assez performante sur la durée ? Pourquoi ne pas opter pour un modèle signé Carrera ? Cette marque a convaincu des milliers d’utilisateurs, notamment grâce à ses modèles à inertie. Vous voulez davantage d’informations avant de vous lancer ? Notre comparatif des meilleurs radiateurs Carrera du moment devrait vous convaincre.";"Carrera séduit par ses radiateurs à inertie offrant un bon rapport qualité-prix. Vous apprécierez leur montée en température rapide et leur diffusion de chaleur homogène. Ce guide vous présentera les meilleurs modèles de la marque pour votre logement. Consultez aussi nos sélections de <a href=""https://meilleurtest.fr/comparatif-radiateur-a-inertie/"">radiateurs à inertie</a>, de <a href=""https://meilleurtest.fr/comparatif-radiateur-double-coeur-de-chauffe/"">radiateurs double cœur</a>, de <a href=""https://meilleurtest.fr/comparatif-radiateur-campa/"">radiateurs Campa</a> et de <a href=""https://meilleurtest.fr/comparatif-radiateur-noirot/"">radiateurs Noirot</a>."
"40456";"Les meilleurs radiateurs Noirot";"https://meilleurtest.fr/comparatif-radiateur-noirot/";"Chauffage";"Vous êtes à la recherche d’un radiateur électrique design, puissant et abordable ? Noirot, une marque référence en termes de système de chauffage et de climatisation dispose de nombreux modèles. Convecteur, bloc fonte, connecté… vous avez l’embarras du choix ! Nous avons dressé ce petit guide afin de vous aider à trouver le meilleur radiateur Noirot conforme à vos exigences.";"Noirot est une référence en matière de radiateurs électriques, avec des modèles puissants et au design soigné. Convecteur, bloc fonte ou modèle connecté, vous trouverez l'appareil adapté à votre intérieur. Ce guide vous permettra de choisir parmi les meilleures références. Retrouvez aussi nos sélections de <a href=""https://meilleurtest.fr/comparatif-radiateur-a-inertie/"">radiateurs à inertie</a>, de <a href=""https://meilleurtest.fr/comparatif-radiateur-a-inertie-seche/"">radiateurs à inertie sèche</a>, de <a href=""https://meilleurtest.fr/comparatif-radiateur-campa/"">radiateurs Campa</a> et de <a href=""https://meilleurtest.fr/comparatif-radiateur-carrera/"">radiateurs Carrera</a>."
"40428";"Les meilleures chaufferettes électriques";"https://meilleurtest.fr/comparatif-chaufferette-electrique/";"Chauffage";"Contrairement à ce qu'on pourrait croire, les chaufferettes électriques <a href=""https://fr.wikipedia.org/wiki/Chaufferette"">ne se résument pas aux chaufferettes à main</a>. Il y a également des chaufferettes électriques pour pieds et d'autres qui peuvent faire office de petit chauffage d'appoint. Dans tous les cas, leur version électrique est meilleure que leurs versions chimiques ou à bois. Si vous êtes intéressé par ce <a href=""https://meilleurtest.fr/comparatif-chauffage-electrique/?wordpress_logged_in=true"">système de chauffage</a> propre et sain, suivez notre article qui vous dit tout sur le sujet.";"La chaufferette électrique vous réchauffera les mains, les pieds ou une petite pièce selon le modèle choisi. Plus propre et plus fiable que les versions chimiques, elle offrira un confort d'appoint appréciable par temps froid. Ce guide vous présentera les meilleures options disponibles. Découvrez aussi nos sélections de <a href=""https://meilleurtest.fr/comparatif-coussin-chauffant/"">coussins chauffants</a>, de <a href=""https://meilleurtest.fr/comparatif-chauffage-dappoint-electrique/"">chauffages d'appoint électriques</a>, de <a href=""https://meilleurtest.fr/comparatif-radiateur-soufflant-pour-salle-de-bain/"">radiateurs soufflants</a> et de <a href=""https://meilleurtest.fr/comparatif-chauffage-d-appoint-economique/"">chauffages économiques</a>."
"40388";"Les meilleures cheminées électriques";"https://meilleurtest.fr/comparatif-cheminee-electrique/";"Chauffage";"Mêlant réalisme et esthétique, la cheminée électrique offre à tous les foyers une occasion d’embellir la salle de séjour. Sans gros travaux, ni bûches à brûler ni cendre à ramasser, il ne reste plus qu’à profiter d’une cheminée plus vraie que nature. Avec de la chance, elle pourra garder la famille au chaud lors des rudes soirées d’hiver. Envie d’en installer une chez vous ? Découvrez dans ce guide d'achat tout ce qu’il faut savoir sur les meilleures cheminées électriques.";"La cheminée électrique apportera une touche décorative réaliste à votre intérieur sans nécessiter de conduit, de bûches ni de nettoyage. Certains modèles offriront également une fonction de chauffage d'appoint pour vos soirées. Ce guide vous présentera les meilleures cheminées électriques du marché. Consultez aussi nos sélections d'<a href=""https://meilleurtest.fr/comparatif-insert-a-bois/"">inserts à bois</a>, d'<a href=""https://meilleurtest.fr/comparatif-insert-a-granules/"">inserts à granulés</a>, de <a href=""https://meilleurtest.fr/comparatif-chauffage-electrique/"">chauffages électriques</a> et de <a href=""https://meilleurtest.fr/comparatif-chauffage-dappoint-electrique/"">chauffages d'appoint</a>."
"40384";"Les meilleurs radiateurs double coeur de chauffe";"https://meilleurtest.fr/comparatif-radiateur-double-coeur-de-chauffe/";"Chauffage";"Envie de profiter chez vous d’un confort supérieur et d’une meilleure maîtrise de votre consommation énergétique ? Tournez-vous vers un radiateur double cœur de chauffe. Bien que plus cher qu’un <a href=""//meilleurtest.fr/comparatif-radiateur-electrique/"">radiateur</a> classique, la version double cœur de chauffe offre une montée rapide et permanente en température tout en procurant une chaleur douce. Les détails dans ce guide.";"Le radiateur double cœur de chauffe combinera deux technologies pour une montée en température rapide et une diffusion prolongée de chaleur douce. Vous bénéficierez d'un confort supérieur tout en maîtrisant votre consommation. Ce guide vous présentera les meilleurs modèles disponibles. Parcourez aussi nos sélections de <a href=""https://meilleurtest.fr/comparatif-radiateur-double-coeur-de-chauffe-2000w/"">modèles 2000W</a>, de <a href=""https://meilleurtest.fr/comparatif-radiateur-a-inertie/"">radiateurs à inertie</a>, de <a href=""https://meilleurtest.fr/comparatif-radiateur-a-inertie-seche/"">radiateurs à inertie sèche</a> et de <a href=""https://meilleurtest.fr/comparatif-radiateur-electrique-economique/"">radiateurs économiques</a>."
"40127";"Les meilleures chaudières bois bûche";"https://meilleurtest.fr/comparatif-chaudiere-bois-buche/";"Chauffage";"Vous avez besoin d'un <a href=""https://meilleurtest.fr/comparatif-chauffages-d-appoint-au-gaz/"">système de chauffage</a> à la fois performant et respectueux de l'environnement dans votre maison ? La chaudière bois bûche est la solution qu'il vous faut. Mais choisir le bon modèle peut s'avérer fastidieux si vous ne vous penchez pas sur certains éléments déterminants. Voici les meilleures chaudières bois bûche du moment pour vous aider à trouver celle qui vous procurera de la chaleur toute l’année.";"La chaudière bois bûche vous offrira un chauffage performant et respectueux de l'environnement grâce à une énergie renouvelable. Vous profiterez d'une solution économique pour alimenter votre circuit de chauffage central. Ce guide vous permettra de choisir le modèle adapté à votre habitation. Retrouvez également nos sélections de <a href=""https://meilleurtest.fr/comparatif-poele-a-bois-bouilleur/"">poêles à bois bouilleurs</a>, de <a href=""https://meilleurtest.fr/comparatif-bois-de-chauffage/"">bois de chauffage</a>, de <a href=""https://meilleurtest.fr/comparatif-chaudiere-a-granules/"">chaudières à granulés</a> et de <a href=""https://meilleurtest.fr/comparatif-chaudiere-electrique/"">chaudières électriques</a>."
"40116";"Les meilleurs radiateurs à eau chaude";"https://meilleurtest.fr/comparatif-radiateur-a-eau-chaude/";"Chauffage";"Le radiateur à eau chaude est un dispositif, non électrique, servant à produire de la chaleur par convection et par rayonnement dans une habitation. Ce <a href=""https://meilleurtest.fr/comparatif-radiateur-soufflant-pour-salle-de-bain/"">type de radiateur</a> présente divers avantages et se décline en différents formats et en une variété de styles. Vous trouverez à travers ce guide complet les critères de choix à prendre en considération lors de votre achat.";"Le radiateur à eau chaude diffusera de la chaleur par convection et rayonnement dans votre logement, sans recourir à l'électricité directe. Ce dispositif se raccordera à votre chaudière ou à votre réseau de chauffage central pour un confort durable. Ce guide vous présentera les meilleurs modèles. Consultez aussi nos sélections de <a href=""https://meilleurtest.fr/comparatif-radiateur-pour-chauffage-au-gaz/"">radiateurs au gaz</a>, de <a href=""https://meilleurtest.fr/comparatif-chaudiere-electrique/"">chaudières électriques</a>, de <a href=""https://meilleurtest.fr/comparatif-radiateur-a-inertie/"">radiateurs à inertie</a> et de <a href=""https://meilleurtest.fr/comparatif-chaudiere-bois-buche/"">chaudières bois bûche</a>."
"39981";"Les meilleures chaudières électriques";"https://meilleurtest.fr/comparatif-chaudiere-electrique/";"Chauffage";"La chaudière électrique a pour fonction de générer de la chaleur douce grâce à de l’eau chauffée. Fonctionnant avec un système de <a href=""https://meilleurtest.fr/comparatif-chauffage-electrique/"" target=""_blank"" rel=""noopener"">chauffage</a> central, il s'avère très plébiscité dans l’Hexagone en raison de son prix moins onéreux et de sa facilité d’utilisation. Alors, comment choisir une chaudière électrique ? Comment fonctionne-t-elle ? Quelles sont les marques les plus courantes ? Découvrez les réponses dans ce guide.";"La chaudière électrique chauffera votre logement via un circuit d'eau chaude, sans nécessiter de stockage de combustible ni de conduit d'évacuation. Facile à installer et à entretenir, elle conviendra aux habitations de taille moyenne. Ce guide vous permettra de choisir le bon modèle. Découvrez aussi nos comparatifs de <a href=""https://meilleurtest.fr/comparatif-chaudiere-bois-buche/"">chaudières bois bûche</a>, de <a href=""https://meilleurtest.fr/comparatif-chaudiere-a-granules/"">chaudières à granulés</a>, de <a href=""https://meilleurtest.fr/comparatif-radiateur-a-eau-chaude/"">radiateurs à eau chaude</a> et de <a href=""https://meilleurtest.fr/comparatif-chauffage-electrique/"">chauffages électriques</a>."
"39402";"Les meilleurs chauffages de garage";"https://meilleurtest.fr/comparatif-chauffage-de-garage/";"Chauffage";"Les chauffages de garage vous permettent d'utiliser davantage toute votre maison tout au long de l'année. Ils permettent de protéger votre véhicule et de créer un confort et une commodité lors des froides journées d'hiver. Mais en choisir est parfois difficile, tellement le marché offre plusieurs types. Pour vous aider dans votre choix, ce comparatif vous offre guide, astuces et autres informations.";"Le chauffage de garage vous permettra d'utiliser cet espace toute l'année en maintenant une température agréable pour vous et votre véhicule. Ce guide vous présentera les meilleurs modèles selon la surface et l'isolation de votre garage. Retrouvez également nos sélections de <a href=""https://meilleurtest.fr/comparatif-chauffage-dappoint-electrique/"">chauffages d'appoint électriques</a>, de <a href=""https://meilleurtest.fr/comparatif-chauffage-d-appoint-au-gaz/"">chauffages au gaz</a>, de <a href=""https://meilleurtest.fr/comparatif-radiateur-soufflant-pour-salle-de-bain/"">radiateurs soufflants</a> et de <a href=""https://meilleurtest.fr/comparatif-chauffage-d-appoint-economique/"">chauffages économiques</a>."
"39123";"Les meilleurs poêles à gaz";"https://meilleurtest.fr/comparatif-poele-a-gaz/";"Chauffage";"S'équiper d'un<a href=""https://meilleurtest.fr/comparatif-poele-a-bois-scandinave/""> poêle à gaz</a> présente de nombreux avantages en termes de qualité de chauffage et de simplicité d'utilisation. Seulement, comment choisir le bon et quelles sont les précautions à savoir avant de l'utiliser. Ce guide d'achat vous offre toutes les informations qui vous intéressent. Vous y trouverez astuces, critères de choix et actuellement, le guide vous informe également sur les 4 meilleurs poêles à gaz du moment.";"Le poêle à gaz vous offrira un chauffage simple d'utilisation et performant, avec une mise en route rapide et un bon rendement thermique. Ce guide vous présentera les meilleurs modèles et les précautions d'usage à connaître avant votre achat. Parcourez aussi nos comparatifs de <a href=""https://meilleurtest.fr/comparatif-chauffage-d-appoint-au-gaz/"">chauffages d'appoint au gaz</a>, de <a href=""https://meilleurtest.fr/comparatif-poele-a-petrole/"">poêles à pétrole</a>, de <a href=""https://meilleurtest.fr/comparatif-poele-a-granules/"">poêles à granulés</a> et de <a href=""https://meilleurtest.fr/comparatif-chauffage-d-appoint-economique/"">chauffages économiques</a>."
"39000";"Les meilleurs radiateurs soufflants pour salle de bain";"https://meilleurtest.fr/comparatif-radiateur-soufflant-pour-salle-de-bain/";"Chauffage";"La température de la salle de bain n'est pas à votre convenance et quelques degrés supplémentaires ne seraient pas du luxe ? Un radiateur soufflant vous permettra d'ajuster ça. Cela tombe le marché regorge de modèles performants, vous avez l'embarras du choix. Afin d'accélérer vos recherches, on a consacré un guide entier pour cet appareil essentiel au confort.";"Le radiateur soufflant pour salle de bain vous permettra de gagner quelques degrés en un instant avant votre douche ou votre bain. Compact et facile à installer, il complétera efficacement votre chauffage principal. Ce guide vous présentera les modèles les plus performants. Retrouvez aussi nos sélections de <a href=""https://meilleurtest.fr/comparatif-chauffage-dappoint-electrique/"">chauffages d'appoint électriques</a>, de <a href=""https://meilleurtest.fr/comparatif-radiateur-electrique-mobile/"">radiateurs mobiles</a>, de <a href=""https://meilleurtest.fr/comparatif-radiateur-bain-dhuile/"">radiateurs bain d'huile</a> et de <a href=""https://meilleurtest.fr/comparatif-chauffage-d-appoint-economique/"">chauffages économiques</a>."
"38725";"Les meilleurs poêles à bois scandinaves";"https://meilleurtest.fr/comparatif-poele-a-bois-scandinave/";"Chauffage";"Le poêle à bois scandinave a gardé tout ce qu’il y a de meilleur des poêles traditionnels : une chaleur bienfaisante et un design intemporel qui peut s’intégrer dans n’importe quel décor. En même temps, grâce aux innovations introduites dans sa construction, il s’est adapté aux nouvelles contraintes énergétiques qui nous sont imposées. Aussi, n’hésitez pas à consulter notre guide d’achat pour trouver le meilleur poêle à bois scandinave.";"Le poêle à bois scandinave conjugue un design intemporel et un rendement adapté aux exigences énergétiques actuelles. Vous apprécierez sa chaleur bienfaisante et son intégration dans tout type de décor. Ce guide vous présentera les meilleurs modèles du marché. Consultez également nos sélections de <a href=""https://meilleurtest.fr/comparatif-poele-a-bois-avec-four/"">poêles à bois avec four</a>, de <a href=""https://meilleurtest.fr/comparatif-poele-a-bois-bouilleur/"">poêles bouilleurs</a>, de <a href=""https://meilleurtest.fr/comparatif-poele-a-bois-godin/"">poêles Godin</a> et de <a href=""https://meilleurtest.fr/comparatif-bois-de-chauffage/"">bois de chauffage</a>."
"38668";"Les meilleurs radiateurs électriques connectés";"https://meilleurtest.fr/comparatif-radiateur-electrique-connecte/";"Chauffage";"Contrairement à leurs prédécesseurs, les radiateurs électriques connectés offrent une gestion précise et à distance de la température, grâce à des capteurs et à une connectivité Wi-Fi. Avec ces appareils intelligents, il vous est possible de régler la chaleur de la maison depuis un smartphone, où que vous soyez. Lisez notre guide d'achat pour trouver le radiateur connecté qui conviendra le mieux à votre foyer.";"Le radiateur électrique connecté vous permettra de piloter la température de chaque pièce depuis votre smartphone, où que vous soyez. Grâce à ses capteurs et sa connectivité Wi-Fi, vous optimiserez votre consommation énergétique au quotidien. Ce guide vous permettra de dénicher le modèle idéal. Découvrez aussi nos sélections de <a href=""https://meilleurtest.fr/comparatif-radiateur-a-inertie/"">radiateurs à inertie</a>, de <a href=""https://meilleurtest.fr/comparatif-radiateur-electrique-economique/"">radiateurs économiques</a>, de <a href=""https://meilleurtest.fr/comparatif-radiateur-double-coeur-de-chauffe/"">radiateurs double cœur</a> et de <a href=""https://meilleurtest.fr/comparatif-thermostat-connecte/"">thermostats connectés</a>."
"38659";"Les meilleurs sacs de pellets pas chers";"https://meilleurtest.fr/comparatif-sac-de-pellets-pas-chers/";"Chauffage";"Rien de pire que de se retrouver avec du bois de très mauvaise qualité durant une soirée <a class=""wpil_keyword_link"" title=""barbecue"" href=""https://meilleurtest.fr/comparatif-barbecue/"" data-wpil-keyword-link=""linked"">barbecue</a> en famille ou entre amis. Mieux vaut donc privilégier un combustible fiable comme les pellets qui sont à la fois écologiques et économiques. Sans compter qu’ils fournissent de la chaleur agréable sans brûler les viandes. Voici donc les meilleurs sacs de pellets les moins chers du moment.";"Trouver des pellets de qualité à prix réduit vous permettra de chauffer votre logement sans alourdir votre budget. Ce guide vous présentera les meilleurs sacs de pellets pas chers offrant un bon pouvoir calorifique et un faible taux de cendres. Consultez également nos sélections de <a href=""https://meilleurtest.fr/comparatif-granules-de-bois/"">granulés de bois</a>, de <a href=""https://meilleurtest.fr/comparatif-granule-de-bois-livraison/"">granulés en livraison</a>, de <a href=""https://meilleurtest.fr/comparatif-poele-a-granules/"">poêles à granulés</a> et de <a href=""https://meilleurtest.fr/comparatif-chaudiere-a-granules/"">chaudières à granulés</a>."
"38438";"Les meilleurs radiateurs pour chauffage au gaz";"https://meilleurtest.fr/comparatif-radiateur-pour-chauffage-au-gaz/";"Chauffage";"Le radiateur pour chauffage au gaz fait montre d'une grande praticité en période hivernale. Performant, discret et économique, il suffit de le raccorder à une <a class=""wpil_keyword_link"" title=""pompe à chaleur"" href=""https://meilleurtest.fr/comparatif-pompe-a-chaleur/"" data-wpil-keyword-link=""linked"">pompe à chaleur</a> (PAC) ou à une chaudière afin qu’il vous procure un confort thermique inestimable de par sa chaleur douce et uniforme. Vous êtes tenté par ce dispositif ? Penchons-nous sur la question et découvrons les meilleurs radiateurs pour chauffage au gaz du moment.";"Le radiateur pour chauffage au gaz diffusera une chaleur douce et uniforme dans votre logement une fois raccordé à votre chaudière. Discret et économique, il conviendra à toutes les pièces de la maison. Ce guide vous permettra de choisir le bon modèle. Retrouvez aussi nos sélections de <a href=""https://meilleurtest.fr/comparatif-radiateur-a-eau-chaude/"">radiateurs à eau chaude</a>, de <a href=""https://meilleurtest.fr/comparatif-chaudiere-electrique/"">chaudières électriques</a>, de <a href=""https://meilleurtest.fr/comparatif-chauffage-d-appoint-au-gaz/"">chauffages d'appoint au gaz</a> et de <a href=""https://meilleurtest.fr/comparatif-radiateur-a-inertie/"">radiateurs à inertie</a>."
"38433";"Les meilleures chaudières à granulés";"https://meilleurtest.fr/comparatif-chaudiere-a-granules/";"Chauffage";"La hausse des coûts de l'énergie affecte tout le monde, surtout pour le chauffage. Et beaucoup cherchent d'autres moyens de chauffer la maison pendant l'hiver. En ce sens, l'un des chauffages les plus populaires pour faire des économies est la chaudière à granulés. Ce guide d’achat vous aidera à trouver le modèle qui vous convient le mieux et les critères pour bien choisir.";"La chaudière à granulés vous permettra de réduire votre facture de chauffage grâce à un combustible économique et renouvelable. Automatisée et performante, elle alimentera votre circuit de chauffage central en toute simplicité. Ce guide vous permettra de dénicher le modèle adapté à votre logement. Découvrez aussi nos sélections de <a href=""https://meilleurtest.fr/comparatif-granules-de-bois/"">granulés de bois</a>, de <a href=""https://meilleurtest.fr/comparatif-chaudiere-bois-buche/"">chaudières bois bûche</a>, de <a href=""https://meilleurtest.fr/comparatif-chaudiere-electrique/"">chaudières électriques</a> et de <a href=""https://meilleurtest.fr/comparatif-poele-a-granules/"">poêles à granulés</a>."
"38372";"Les meilleurs cache-radiateurs";"https://meilleurtest.fr/comparatif-cache-radiateur/";"Chauffage";"Vous trouvez que votre radiateur ternit le décor et avez besoin le camoufler ? La solution la plus pratique serait de faire l'acquisition d'un cache-radiateur. Ce meuble vous permet de garder une belle harmonie dans votre pièce de vie. En métal, en bois ou en PVC, vintage, contemporain ou chic, il se décline en plusieurs modèles. Vous pouvez en choisir parmi notre sélection des meilleurs cache-radiateurs mentionnés dans notre guide d'achat.";"Le cache-radiateur dissimulera votre appareil de chauffage tout en préservant l'harmonie de votre décoration intérieure. Disponible en métal, en bois ou en PVC, il s'adaptera à tous les styles. Ce guide vous présentera les meilleurs modèles du marché. Parcourez également nos sélections de <a href=""https://meilleurtest.fr/comparatif-radiateur-a-inertie/"">radiateurs à inertie</a>, de <a href=""https://meilleurtest.fr/comparatif-radiateur-a-eau-chaude/"">radiateurs à eau chaude</a>, de <a href=""https://meilleurtest.fr/comparatif-radiateur-electrique-economique/"">radiateurs économiques</a> et de <a href=""https://meilleurtest.fr/comparatif-radiateur-bain-dhuile/"">radiateurs bain d'huile</a>."
"38123";"Les meilleurs radiateurs bain d'huile";"https://meilleurtest.fr/comparatif-radiateur-bain-dhuile/";"Chauffage";"Le radiateur bain d’huile constitue un excellent appareil de chauffage pour un logement. Encore faut-il savoir quel modèle ou quelle marque choisir, et à quelle puissance. Si vous vous trompez, vous risquez de tomber sur un radiateur dont les performances seront inadaptées à votre logement ou votre local. Qu'à cela ne tienne, trouvez guide d’achat tous nos conseils pour bien choisir ainsi que les meilleurs radiateurs bain d'huile pour cette année.";"Le radiateur bain d'huile vous offrira une chaleur douce et prolongée, idéale en chauffage d'appoint pour votre logement. Sa montée en température progressive et son silence de fonctionnement conviendront à toutes les pièces. Ce guide vous permettra de choisir le bon modèle et la bonne puissance. Si vous recherchez un appareil plus léger, les <a href=""https://meilleurtest.fr/comparatif-radiateur-electrique-mobile/"">radiateurs mobiles</a> se déplaceront facilement. Les <a href=""https://meilleurtest.fr/comparatif-chauffage-dappoint-electrique/"">chauffages d'appoint électriques</a> montent en température plus vite, tandis que les <a href=""https://meilleurtest.fr/comparatif-radiateur-a-inertie/"">radiateurs à inertie</a> conviendront à un chauffage permanent. Les <a href=""https://meilleurtest.fr/comparatif-chauffage-d-appoint-economique/"">chauffages économiques</a> limiteront la facture."
"38096";"Les meilleurs radiateurs à inertie sèche";"https://meilleurtest.fr/comparatif-radiateur-a-inertie-seche/";"Chauffage";"Le radiateur à inertie sèche se distingue par son cœur de chauffe solide. Performant et entièrement étanche, il fonctionne par accumulation de chaleur, assurant un chauffage agréable tout en consommant peu d’énergie. Vertical, horizontal, bas ou carré, tout est question de goût et d’utilisation. Pour dénicher le modèle le mieux adapté à vos besoins, faisons un tour d’horizon des meilleurs radiateurs à inertie sèche pour cette année.";"Le radiateur à inertie sèche accumulera la chaleur dans son cœur de chauffe solide pour la restituer de façon progressive et homogène. Performant et étanche, il conviendra à tous les types de pièces. Ce guide vous présentera les meilleurs modèles verticaux, horizontaux ou carrés. Les <a href=""https://meilleurtest.fr/comparatif-radiateur-a-inertie/"">radiateurs à inertie</a> à fluide offrent une alternative plus douce, les <a href=""https://meilleurtest.fr/comparatif-radiateur-a-inertie-seche-2000w/"">modèles 2000W</a> conviendront aux grandes pièces, les <a href=""https://meilleurtest.fr/comparatif-radiateur-double-coeur-de-chauffe/"">radiateurs double cœur</a> combinent réactivité et inertie, et les <a href=""https://meilleurtest.fr/comparatif-radiateur-electrique-economique/"">radiateurs économiques</a> limiteront votre facture."
"38045";"Les meilleurs poêles à granulés MCZ";"https://meilleurtest.fr/comparatif-poele-a-granule-mcz/";"Chauffage";"Les <a class=""wpil_keyword_link"" title=""poêles à granulés"" href=""https://meilleurtest.fr/comparatif-poele-a-granules/"" data-wpil-keyword-link=""linked"">poêles à granulés</a> ont le vent en poupe auprès des foyers français. Il faut dire que ce combustible issu du bois a fait ses preuves en termes de rendement énergétique. Et pour le brûler afin de chauffer une maison, la marque italienne MCZ est un must. En effet, ses poêles à granulés ont une efficacité reconnue auprès des utilisateurs. Au-delà de l'efficacité thermique, elles ont une facilité de réglages impressionnante grâce au programmateur intégré. Poêle à granulés MCZ classique, canalisable ou à ventouse, faites le bon choix à travers ce guide.";"MCZ propose des poêles à granulés réputés pour leur efficacité thermique et leur facilité de réglage grâce à un programmateur intégré. Classique, canalisable ou à ventouse, vous trouverez le modèle adapté à votre logement. Ce guide vous présentera les meilleures références de la marque. Les <a href=""https://meilleurtest.fr/comparatif-poele-a-granules/"">poêles à granulés</a> toutes marques offriront plus de choix, les <a href=""https://meilleurtest.fr/comparatif-poele-a-granules-canalisable/"">canalisables</a> chaufferont plusieurs pièces, les modèles à <a href=""https://meilleurtest.fr/comparatif-poele-a-granules-ventouse/"">ventouse</a> conviendront aux maisons sans conduit, et les versions <a href=""https://meilleurtest.fr/comparatif-poele-a-granules-etanche/"">étanches</a> assureront la compatibilité RT2012."
"37936";"Les meilleurs poêles à granulés Godin";"https://meilleurtest.fr/comparatif-poele-a-granules-godin/";"Chauffage";"Le logo Godin sur un poêle à granulés est un gage de qualité. La marque française fabrique les meilleurs poêles et cheminées du marché, mais son catalogue est si vaste que l’on peut s’y perdre facilement. Comment choisir un poêle à granulés Godin adapté à vos besoins, aux contraintes de votre logement et à vos moyens ? Trouvez les réponses à cette question et épargnez-vous des heures de recherches grâce à notre guide des <a class=""wpil_keyword_link"" title=""meilleurs poêles à granulés"" href=""https://meilleurtest.fr/comparatif-poele-a-granules/"" data-wpil-keyword-link=""linked"">meilleurs poêles à granulés</a> Godin.";"Godin est une référence en matière de poêles et cheminées en France. Vous trouverez dans son catalogue des poêles à granulés adaptés à toutes les configurations de logement. Ce guide vous permettra de choisir le modèle idéal parmi les nombreuses références disponibles. Parcourez aussi nos sélections de <a href=""https://meilleurtest.fr/comparatif-poele-a-granules/"">poêles à granulés</a>, de <a href=""https://meilleurtest.fr/comparatif-poele-a-bois-godin/"">poêles à bois Godin</a>, de versions <a href=""https://meilleurtest.fr/comparatif-poele-a-granules-etanche/"">étanches</a> et de modèles <a href=""https://meilleurtest.fr/comparatif-poele-a-granules-canalisable/"">canalisables</a>."
"37897";"Les meilleurs granulés de bois en livraison";"https://meilleurtest.fr/comparatif-granule-de-bois-livraison/";"Chauffage";"Les granulés de bois constituent un combustible alternatif durable et très efficace pour se chauffer mais aussi pour cuisiner. Fabriqués à partir de copeaux et de sciure de bois, ils sont de plus en plus recherchés. Mais abstraction faite de leurs valeurs écologiques, ont-ils d'autres avantages  ? Sont-ils plus efficaces et plus rentables que les combustibles classiques ?  Notre guide d'achat répond à ces questions ainsi qu'à toutes les interrogations courantes autour des <a href=""https://meilleurtest.fr/comparatif-granules-de-bois/"" target=""_blank"" rel=""noopener"">granulés de bois</a> en livraison.";"Commander vos granulés de bois en livraison vous évitera les trajets et les manipulations de sacs lourds. Ce combustible écologique et efficace arrivera directement chez vous pour alimenter votre système de chauffage. Ce guide vous permettra de dénicher les meilleures offres disponibles. Comparez les prix avec les <a href=""https://meilleurtest.fr/comparatif-granules-de-bois/"">granulés de bois</a> en magasin et les <a href=""https://meilleurtest.fr/comparatif-sac-de-pellets-pas-chers/"">sacs de pellets pas chers</a> pour optimiser votre budget. Côté équipement, les <a href=""https://meilleurtest.fr/comparatif-poele-a-granules/"">poêles à granulés</a> et les <a href=""https://meilleurtest.fr/comparatif-chaudiere-a-granules/"">chaudières à granulés</a> détermineront le type de pellet à choisir."
"37857";"Les meilleurs radiateurs électriques économiques";"https://meilleurtest.fr/comparatif-radiateur-electrique-economique/";"Chauffage";"Malgré sa réputation de système de chauffage par défaut, le <a class=""wpil_keyword_link"" title=""radiateur électrique"" href=""https://meilleurtest.fr/comparatif-radiateur-electrique/"" data-wpil-keyword-link=""linked"">radiateur électrique</a> fait pourtant partie de la vie des 10 millions de foyers Français. De nos jours, il offre de nombreux avantages et a depuis bien évolué tant sur le point économique que sur le design. Mais parmi tant choix sur le marché, lesquels choisir ? On vous invite à lire ce guide d’achat pour vous orienter dans votre choix du meilleur radiateur électrique économique idéal.";"Le radiateur électrique économique vous permettra de chauffer votre logement en maîtrisant votre consommation d'énergie. Grâce aux technologies actuelles, ces appareils offriront un confort thermique optimal sans alourdir votre facture. Ce guide vous présentera les modèles les plus performants. Les <a href=""https://meilleurtest.fr/comparatif-radiateur-a-inertie/"">radiateurs à inertie</a> conservent la chaleur après extinction, les <a href=""https://meilleurtest.fr/comparatif-radiateur-a-inertie-seche/"">radiateurs à inertie sèche</a> montent en température plus vite, les <a href=""https://meilleurtest.fr/comparatif-radiateur-double-coeur-de-chauffe/"">radiateurs double cœur</a> combinent les deux avantages, et les <a href=""https://meilleurtest.fr/comparatif-radiateur-electrique-connecte/"">radiateurs connectés</a> permettent un pilotage à distance pièce par pièce."
"37637";"Les meilleurs bois de chauffage";"https://meilleurtest.fr/comparatif-bois-de-chauffage/";"Chauffage";"Avec la hausse des prix du gaz et celui de l'électricité, le bois se présente comme la meilleure alternative pour se chauffer en hiver. Peu cher, efficace, bien qu'encombrant, le bois de chauffage permet de faire face au froid. D'ailleurs, il s'agit de l'énergie renouvelable N°1 en France. Pour trouver le bois qu'il vous faut, lisez ce guide.";"Le bois de chauffage reste l'énergie renouvelable la plus utilisée en France et une alternative économique au gaz et à l'électricité. Vous trouverez dans ce guide les critères essentiels pour choisir des bûches de qualité adaptées à votre équipement. Consultez également nos sélections de <a href=""https://meilleurtest.fr/comparatif-granules-de-bois/"">granulés de bois</a>, de <a href=""https://meilleurtest.fr/comparatif-poele-a-bois-avec-four/"">poêles à bois avec four</a>, de <a href=""https://meilleurtest.fr/comparatif-chaudiere-bois-buche/"">chaudières bois bûche</a> et de <a href=""https://meilleurtest.fr/comparatif-poele-a-bois-scandinave/"">poêles scandinaves</a>."
"37586";"Les meilleurs poêles à pétrole";"https://meilleurtest.fr/comparatif-poele-a-petrole/";"Chauffage";"L’utilisation des poêles à pétrole est vraiment nécessaire surtout pendant la saison d’hiver, et bien sûr pour les pièces rarement utilisées, sans chauffage ou sans électricité. C’était toujours une solution efficace pour chauffer, une alternative intéressante à l’heure où la facture d’électricité est devenue de plus en plus pesante. Dans ce guide, nous vous proposons quelques critères à prendre en compte et quelques astuces pour vous permettre de bien choisir au moins un modèle sans odeur et durable.";"Le poêle à pétrole vous offrira un chauffage d'appoint efficace avec une montée en température rapide, idéal pour les pièces non desservies par le chauffage central. Ce guide vous présentera les meilleurs modèles et les critères pour bien choisir un appareil durable. Parcourez aussi nos sélections de <a href=""https://meilleurtest.fr/comparatif-poele-a-petrole-sans-odeur/"">poêles sans odeur</a>, de <a href=""https://meilleurtest.fr/comparatif-chauffage-d-appoint-economique/"">chauffages économiques</a>, de <a href=""https://meilleurtest.fr/comparatif-chauffage-d-appoint-au-gaz/"">chauffages au gaz</a> et de <a href=""https://meilleurtest.fr/comparatif-chauffage-dappoint-electrique/"">chauffages électriques</a>."
"37585";"Les meilleurs poêles à bois avec four";"https://meilleurtest.fr/comparatif-poele-a-bois-avec-four/";"Chauffage";"Plus pratique et plus économique, un <a href=""https://meilleurtest.fr/comparatif-poele-a-bois/"">poêle à bois</a> avec four est la meilleure option pour une chaleur douce et homogène de votre intérieur. En plus d’un excellent chauffage, cet équipement de maison vous fera également profiter des savoureux plats cuits au feu de bois. Mais face aux nombreuses offres sur le marché, trouver le meilleur ne sera pas facile. Pour mieux vous orienter, lisez notre guide.";"Le poêle à bois avec four combinera chauffage et cuisson au feu de bois pour une expérience authentique et économique. Vous profiterez d'une chaleur douce et homogène tout en préparant des plats savoureux. Ce guide vous permettra de trouver les meilleurs modèles. Les <a href=""https://meilleurtest.fr/comparatif-poele-a-bois-scandinave/"">poêles scandinaves</a> offriront un design épuré pour les intérieurs contemporains, et les <a href=""https://meilleurtest.fr/comparatif-poele-a-bois-bouilleur/"">poêles bouilleurs</a> alimenteront vos radiateurs à eau en plus du chauffage direct. La marque <a href=""https://meilleurtest.fr/comparatif-poele-a-bois-godin/"">Godin</a> reste une référence pour la robustesse et la longévité. Notre guide du <a href=""https://meilleurtest.fr/comparatif-bois-de-chauffage/"">bois de chauffage</a> vous permettra de choisir les essences adaptées à votre poêle."
"37581";"Les meilleurs chauffages électriques";"https://meilleurtest.fr/comparatif-chauffage-electrique/";"Chauffage";"Le chauffage électrique est indispensable pour garantir le bien-être et le confort thermique dans un logement. De nombreux modèles embarquant différentes technologies sont disponibles sur le marché, mais lequel choisir ? Lisez tout ce qu’il faut savoir pour bien choisir son chauffage électrique dans ce guide. Vous pourrez également y trouver une sélection des meilleurs produits actuellement.";"Le chauffage électrique garantira le confort thermique de votre logement grâce à une installation simple et un large choix de technologies. Convecteur, panneau rayonnant ou modèle à inertie, vous trouverez l'appareil adapté à chaque pièce. Ce guide vous présentera les meilleures options. Pour réduire la consommation, les <a href=""https://meilleurtest.fr/comparatif-radiateur-electrique-economique/"">radiateurs économiques</a> seront les plus sobres. Les <a href=""https://meilleurtest.fr/comparatif-radiateur-a-inertie/"">radiateurs à inertie</a> diffuseront une chaleur douce et prolongée, les <a href=""https://meilleurtest.fr/comparatif-chauffage-dappoint-electrique/"">chauffages d'appoint</a> compléteront votre installation dans les pièces ponctuelles, et les <a href=""https://meilleurtest.fr/comparatif-radiateur-electrique-connecte/"">radiateurs connectés</a> se piloteront à distance depuis votre téléphone."
"37489";"Les meilleurs poêles à granulés étanches";"https://meilleurtest.fr/comparatif-poele-a-granules-etanche/";"Chauffage";"Vous êtes à la recherche d'un dispositif de chauffage écologique, non dangereux pour la santé et facile à utiliser ? Essayez les <a class=""wpil_keyword_link"" title=""poêles à granulés"" href=""https://meilleurtest.fr/comparatif-poele-a-granules/"" data-wpil-keyword-link=""linked"">poêles à granulés</a> étanches. Ce type de dispositif n'émet que <a href=""https://www.quelleenergie.fr/economies-energie/poele-granules-bois/impact-ecologique"">33 g de CO2/kWh</a> de chaleur utile. Soit environ 5 fois moins que l'électricité (180 g/kWh) et 7 fois moins que les autres combustibles (222 g/kWh). Ils sont esthétiques, plus compacts et faciles à utiliser (avec option télécommande et WiFi).";"Le poêle à granulés étanche prélèvera l'air de combustion à l'extérieur, ce qui préservera la qualité de l'air intérieur et améliorera le rendement. Compact et programmable, il conviendra aux logements basse consommation. Ce guide vous permettra de dénicher le meilleur modèle. Notre comparatif général des <a href=""https://meilleurtest.fr/comparatif-poele-a-granules/"">poêles à granulés</a> couvre tous les types de modèles. Les poêles à <a href=""https://meilleurtest.fr/comparatif-poele-a-granules-ventouse/"">ventouse</a> simplifieront l'installation sans conduit de cheminée, les <a href=""https://meilleurtest.fr/comparatif-poele-a-granules-canalisable/"">canalisables</a> chaufferont plusieurs pièces en même temps, et les <a href=""https://meilleurtest.fr/comparatif-poele-a-granule-silencieux/"">silencieux</a> conviendront aux espaces de vie ouverts."
"37408";"Les meilleurs poêles à bois Godin";"https://meilleurtest.fr/comparatif-poele-a-bois-godin/";"Chauffage";"Vous voulez installer un bon feu de bois dans votre maison , mais vous ne savez lequel est idéal? Faites votre choix pour la poêle à bois Godin. Le poêle à bois Godin est un poêle à bois classique, qui lui a valu sa renommée pour la petitesse de son poêle pour une consommation en énergie moindre. Dans ce guide d’achat, nous allons vous présenter les <a class=""wpil_keyword_link"" title=""meilleurs poêles à bois"" href=""https://meilleurtest.fr/comparatif-poele-a-bois/"" data-wpil-keyword-link=""linked"">meilleurs poêles à bois</a> Godin pour aider à faire le bon choix.";"Godin conçoit des poêles à bois reconnus pour leur robustesse et leur faible consommation d'énergie. Vous trouverez dans la gamme des modèles adaptés à différentes surfaces et configurations de logement. Ce guide vous présentera les meilleures références de la marque. Parcourez aussi nos sélections de <a href=""https://meilleurtest.fr/comparatif-poele-a-bois-scandinave/"">poêles scandinaves</a>, de <a href=""https://meilleurtest.fr/comparatif-poele-a-bois-avec-four/"">poêles avec four</a>, de <a href=""https://meilleurtest.fr/comparatif-poele-a-bois-bouilleur/"">poêles bouilleurs</a> et de <a href=""https://meilleurtest.fr/comparatif-poele-a-granules-godin/"">poêles à granulés Godin</a>."
"37405";"Les meilleurs poêles mixtes";"https://meilleurtest.fr/comparatif-poele-mixte/";"Chauffage";"Le poêle mixte utilise à la fois des bûches et des granulés de bois, cumulant ainsi les avantages des deux combustibles. Une telle polyvalence a deux utilités : pouvoir choisir le combustible en fonction des prix sur le marché et le faut de passer le poêle en mode bûche ou granules sans avoir se se lever la nuit pour alimenter la trémie. Si cela vous intéresse, découvrez ce guide d’achat. Nous allons vous présenter les meilleurs poêles mixtes et vous donner nos conseils pratiques pour bien les choisir.";"Le poêle mixte vous permettra de basculer entre bûches et granulés de bois selon les prix du marché ou vos préférences du moment. Cette polyvalence vous assurera un chauffage continu sans intervention nocturne. Ce guide vous présentera les meilleurs modèles disponibles. Si vous privilégiez un seul combustible, les <a href=""https://meilleurtest.fr/comparatif-poele-a-granules/"">poêles à granulés</a> offriront une autonomie programmable et les <a href=""https://meilleurtest.fr/comparatif-poele-a-bois-avec-four/"">poêles à bois avec four</a> ajouteront la cuisson au feu de bûches. Nos guides des <a href=""https://meilleurtest.fr/comparatif-granules-de-bois/"">granulés de bois</a> et du <a href=""https://meilleurtest.fr/comparatif-bois-de-chauffage/"">bois de chauffage</a> vous permettront de comparer les coûts et la qualité de chaque combustible."
"37404";"Les meilleurs poêles à granulés ventouse";"https://meilleurtest.fr/comparatif-poele-a-granules-ventouse/";"Chauffage";"Vous rêvez de passer l’hiver au coin du feu? Mais vous ne savez pas quel genre de poêle choisir? Les poêles à granulés avec sortie de ventouse sont les poêles les plus utilisés car ils ont un faible coût d’installation et de faible rendement optimal. Dans cet article, dans notre guide d’achat, nous allons vous présenter les meilleures poêles à granulés ventouse pour vous aider à bien choisir.";"Le poêle à granulés à ventouse évacuera les fumées via un conduit horizontal traversant le mur, ce qui simplifiera son installation dans les logements sans conduit de cheminée. Ce guide vous présentera les meilleurs modèles et les critères à connaître. Pour une vue d'ensemble, consultez notre comparatif général des <a href=""https://meilleurtest.fr/comparatif-poele-a-granules/"">poêles à granulés</a>. Les versions <a href=""https://meilleurtest.fr/comparatif-poele-a-granules-etanche/"">étanches</a> partageront le même avantage de prise d'air extérieure, les modèles <a href=""https://meilleurtest.fr/comparatif-poele-a-granules-canalisable/"">canalisables</a> diffuseront la chaleur dans plusieurs pièces, et les <a href=""https://meilleurtest.fr/comparatif-poele-a-granule-silencieux/"">silencieux</a> préserveront votre confort sonore."
"37398";"Les meilleurs chauffages d'appoint au gaz";"https://meilleurtest.fr/comparatif-chauffage-d-appoint-au-gaz/";"Chauffage";"Parmi les différents types de chauffage d’appoint, les modèles à gaz sont très appréciés par leur aspect à la fois économique et pratique. Il peut être utilisé tout au long de l’année. Il existe une multitude de modèles et de marques de chauffages d’appoint au gaz sur le marché. Afin de trouver le produit qu’il vous faut et adapté à vos besoins, suivez-nous à travers ce guide d’achat des meilleurs chauffages d’appoint au gaz.";"Le chauffage d'appoint au gaz vous apportera une chaleur rapide et économique dans toutes les pièces de votre logement. Pratique et utilisable toute l'année, il complétera efficacement votre système principal. Ce guide vous permettra de trouver le modèle adapté à vos besoins. Si vous préférez l'électricité, les <a href=""https://meilleurtest.fr/comparatif-chauffage-dappoint-electrique/"">chauffages électriques</a> s'installeront sans raccordement au gaz. Les <a href=""https://meilleurtest.fr/comparatif-chauffage-d-appoint-economique/"">chauffages économiques</a> réduiront la facture, les <a href=""https://meilleurtest.fr/comparatif-chauffage-d-appoint-sans-electricite/"">chauffages sans électricité</a> fonctionneront en cas de coupure de courant, et les <a href=""https://meilleurtest.fr/comparatif-poele-a-gaz/"">poêles à gaz</a> offriront une puissance supérieure pour les grandes pièces."
"37320";"Les meilleurs poêles à granulés canalisables";"https://meilleurtest.fr/comparatif-poele-a-granules-canalisable/";"Chauffage";"Le poêle à granulés canalisable a de multiples fonctions et peut chauffer une ou plusieurs pièces de la maison. Ils ont un design impeccable, des solutions élégantes et fonctionnelles. Ce type de poêle utilise des granulés pour la combustion. Mais comment bien choisir les <a class=""wpil_keyword_link"" title=""poêles à granulés"" href=""https://meilleurtest.fr/comparatif-poele-a-granules/"" data-wpil-keyword-link=""linked"">poêles à granulés</a> qui sont en plus canalisables ? Dans cet article, dans notre guide d’achat, nous allons vous présenter les meilleures <a href=""https://meilleurtest.fr/comparatif-poele-a-granules-etanche/"">poêles à granulés</a> canalisables pour vous aider dans votre choix.";"Le poêle à granulés canalisable diffusera la chaleur dans plusieurs pièces grâce à un réseau de gaines, ce qui en fera un chauffage principal efficace. Ce guide vous présentera les meilleurs modèles au design élégant et fonctionnel. Parcourez aussi nos sélections de <a href=""https://meilleurtest.fr/comparatif-poele-a-granules/"">poêles à granulés</a>, de versions <a href=""https://meilleurtest.fr/comparatif-poele-a-granules-etanche/"">étanches</a>, de modèles à <a href=""https://meilleurtest.fr/comparatif-poele-a-granules-ventouse/"">ventouse</a> et de poêles <a href=""https://meilleurtest.fr/comparatif-poele-a-granule-silencieux/"">silencieux</a>."
"37278";"Les meilleurs poêles à granulés silencieux";"https://meilleurtest.fr/comparatif-poele-a-granule-silencieux/";"Chauffage";"À l'approche de l'hiver, vous recherchez le meilleur système de chauffage ? Comme 9 millions de Français, choisissez un <a class=""wpil_keyword_link"" title=""poêle à granulés"" href=""https://meilleurtest.fr/comparatif-poele-a-granules/"" data-wpil-keyword-link=""linked"">poêle à granulés</a> silencieux. En plus d'être facile à utiliser et à entretenir, il dispose d'un excellent rendement et diverses fonctionnalités pratiques. Quel modèle choisir ? Dans cet article, on vous donne tous les bons tuyaux pour trouver le vôtre.";"Le poêle à granulés silencieux vous offrira un chauffage performant sans nuisances sonores, grâce à un fonctionnement optimisé qui préservera la tranquillité de votre foyer. Ce guide vous présentera les modèles les plus discrets et les plus efficaces. Pour une vue d'ensemble, parcourez notre comparatif général des <a href=""https://meilleurtest.fr/comparatif-poele-a-granules/"">poêles à granulés</a>. Les modèles à <a href=""https://meilleurtest.fr/comparatif-poele-a-granules-a-convection-naturelle/"">convection naturelle</a> fonctionneront sans ventilateur, donc sans bruit, tandis que les versions <a href=""https://meilleurtest.fr/comparatif-poele-a-granules-etanche/"">étanches</a> et <a href=""https://meilleurtest.fr/comparatif-poele-a-granules-canalisable/"">canalisables</a> s'adapteront aux maisons neuves et aux grands espaces."
"37277";"Les meilleurs poêles de masse";"https://meilleurtest.fr/comparatif-poele-de-masse/";"Chauffage";"Durant les saisons froides, il est indispensable de se munir d'un poêle de masse qui peut tenir l’intérieur au chaud. En France, on enregistre un achat d’équipement de chauffage au bois de 44 pièces par heure. Ce sont les poêles de masse à bois qui intéressent plus les acheteurs et c’est notamment pour cette raison que nous allons voir les meilleurs modèles sur le marché.";"Le poêle de masse accumulera une grande quantité de chaleur lors d'une flambée courte pour la restituer progressivement pendant de longues heures. Ce système de chauffage au bois très efficace conviendra aux maisons bien isolées. Ce guide vous permettra de trouver les meilleurs modèles. Les <a href=""https://meilleurtest.fr/comparatif-poele-a-bois-scandinave/"">poêles scandinaves</a> offriront un design épuré avec les mêmes qualités de restitution, et les <a href=""https://meilleurtest.fr/comparatif-poele-a-bois-avec-four/"">poêles avec four</a> ajouteront la cuisson au feu de bois. Notre guide du <a href=""https://meilleurtest.fr/comparatif-bois-de-chauffage/"">bois de chauffage</a> vous permettra de choisir les bonnes essences, et les <a href=""https://meilleurtest.fr/comparatif-insert-a-bois/"">inserts à bois</a> conviendront si vous disposez déjà d'une cheminée."
"37266";"Les meilleurs inserts à granulés";"https://meilleurtest.fr/comparatif-insert-a-granules/";"Chauffage";"L’insert à granulé est un système de chauffe encastrable qui s’intègre dans une cheminée neuve sur-mesure ou un foyer existant. Contrairement au poêle à granulé, il n’implique plus de raccordement avec un conduit de fumée. Pourtant, sa performance thermique est meilleure, l’économie est considérable, sans compter le fait qu’il est esthétiquement plaisant. Mais faire le bon choix n’est pas chose aisée entre les inserts à granulés à convection naturelle, les modèles à convection forcée, canalisable ou encore étanche. Pour vous aider, découvrez ici notre sélection des meilleurs inserts à granulés du moment.";"L'insert à granulés s'encastrera dans votre cheminée existante ou neuve pour la transformer en un système de chauffage performant et automatisé. Vous profiterez d'un rendement élevé sans conduit de fumée supplémentaire. Ce guide vous présentera les meilleurs modèles disponibles. Si vous ne disposez pas de cheminée, les <a href=""https://meilleurtest.fr/comparatif-poele-a-granules/"">poêles à granulés</a> s'installeront de façon autonome. Les <a href=""https://meilleurtest.fr/comparatif-insert-a-bois/"">inserts à bois</a> conviendront à ceux qui préfèrent le feu de bûches, les <a href=""https://meilleurtest.fr/comparatif-cheminee-electrique/"">cheminées électriques</a> offriront une solution sans conduit, et les modèles <a href=""https://meilleurtest.fr/comparatif-poele-a-granules-etanche/"">étanches</a> s'adapteront aux logements basse consommation."
"37187";"Les meilleurs coussins chauffants";"https://meilleurtest.fr/comparatif-coussin-chauffant/";"Chauffage";"Véritable accessoire bien-être, le coussin chauffant diffuse une chaleur réconfortante pour apaiser le corps, soulager les douleurs et les tensions musculaires. Ce cocon de douceur est tantôt équipé d'une résistance chauffante, tantôt doté d'un rembourrage qui reçoit la chaleur après un bref passage dans le four micro-ondes. Vous pouvez l'enrouler autour de la partie du corps à traiter pour une efficacité accrue et vous pouvez même l'utiliser comme compresse froide dans certains cas. Découvrez notre sélection des meilleurs coussins chauffants pour cette année.";"Le coussin chauffant soulagera vos douleurs musculaires et vos tensions grâce à une chaleur douce et ciblée. Électrique ou à réchauffer au micro-ondes, il s'adaptera à différentes zones du corps et pourra même servir de compresse froide. Ce guide vous présentera les meilleurs modèles. Pour réchauffer une pièce entière plutôt qu'une zone ciblée, les <a href=""https://meilleurtest.fr/comparatif-chaufferette-electrique/"">chaufferettes électriques</a> et les <a href=""https://meilleurtest.fr/comparatif-radiateur-soufflant-pour-salle-de-bain/"">radiateurs soufflants</a> offriront une chaleur immédiate. Les <a href=""https://meilleurtest.fr/comparatif-chauffage-dappoint-electrique/"">chauffages d'appoint</a> et les <a href=""https://meilleurtest.fr/comparatif-chauffage-d-appoint-economique/"">chauffages économiques</a> compléteront votre installation sans alourdir la facture."
"37185";"Les meilleurs radiateurs à inertie";"https://meilleurtest.fr/comparatif-radiateur-a-inertie/";"Chauffage";"Le radiateur à inertie permet de faire face à l’hiver dans les meilleures conditions. Cet équipement de chauffage est plus efficace et plus économique qu’un convecteur ou un panneau rayonnant. Pour cela, il dispose d’un cœur de chauffe en aluminium ou en fonte qui procure le confort thermique nécessaire à une pièce. <a href=""https://meilleurtest.fr/comparatif-radiateur-a-inertie-seche/"">Radiateur à inertie sèche</a> ou fluide, ce guide d'achat vous orientera vers le modèle le plus à même de satisfaire vos besoins en matière de chauffage.";"Le radiateur à inertie procurera un confort thermique optimal grâce à son cœur de chauffe qui accumule et restitue la chaleur de façon progressive. Plus efficace et plus économique qu'un convecteur, il conviendra à toutes les pièces de votre logement. Ce guide vous permettra de trouver le bon modèle. Parcourez aussi nos sélections de <a href=""https://meilleurtest.fr/comparatif-radiateur-a-inertie-seche/"">radiateurs à inertie sèche</a>, de <a href=""https://meilleurtest.fr/comparatif-radiateur-double-coeur-de-chauffe/"">radiateurs double cœur</a>, de <a href=""https://meilleurtest.fr/comparatif-radiateur-electrique-economique/"">radiateurs économiques</a> et de <a href=""https://meilleurtest.fr/comparatif-radiateur-electrique-connecte/"">radiateurs connectés</a>."
"37183";"Les meilleurs poêles à granulés";"https://meilleurtest.fr/comparatif-poele-a-granules/";"Chauffage";"Les poêles à granulés est un type d’appareil de chauffage résidentiel à combustible solide qui appartient à la même famille que les <a href=""https://meilleurtest.fr/comparatif-poele-a-bois/"">poêles à bois</a>. Le poêle à granulés est populaire grâce à leur capacité à automatiser le démarrage du feu. Contrairement aux autres appareils à faible émission comme la pompe à chaleur, il peut servir de chauffage principal pour une maison plus ou moins grande. Et le combustible utilisé, les pellets de bois, coûte deux fois moins cher que l’électricité ou le fioul. Pour trouver le bon modèle au meilleur prix, lisez notre comparatif des meilleurs poêles à granulés.";"Le poêle à granulés constitue un chauffage résidentiel automatisé qui utilisera des pellets de bois, un combustible économique et renouvelable. Capable de chauffer une maison entière, il offrira un rendement supérieur aux systèmes traditionnels. Ce guide vous présentera les meilleurs modèles. Selon votre logement, un modèle <a href=""https://meilleurtest.fr/comparatif-poele-a-granules-etanche/"">étanche</a> conviendra aux maisons basse consommation, un <a href=""https://meilleurtest.fr/comparatif-poele-a-granules-canalisable/"">canalisable</a> diffusera la chaleur dans plusieurs pièces, et un <a href=""https://meilleurtest.fr/comparatif-poele-a-granule-silencieux/"">silencieux</a> préservera le calme de votre intérieur. Les <a href=""https://meilleurtest.fr/comparatif-poele-mixte/"">poêles mixtes</a> permettront de basculer entre bûches et pellets, et notre guide des <a href=""https://meilleurtest.fr/comparatif-granules-de-bois/"">granulés de bois</a> vous accompagnera dans le choix du combustible."
"38123";"Les meilleurs radiateurs bain d'huile";"https://meilleurtest.fr/comparatif-radiateur-bain-dhuile/";"Chauffage";"Le radiateur bain d’huile constitue un excellent appareil de chauffage pour un logement. Encore faut-il savoir quel modèle ou quelle marque choisir, et à quelle puissance. Si vous vous trompez, vous risquez de tomber sur un radiateur dont les performances seront inadaptées à votre logement ou votre local. Qu'à cela ne tienne, trouvez guide d’achat tous nos conseils pour bien choisir ainsi que les meilleurs radiateurs bain d'huile pour cette année.";"Le radiateur bain d'huile vous offrira une chaleur douce et prolongée, idéale en chauffage d'appoint pour votre logement. Sa montée en température progressive et son silence de fonctionnement conviendront à toutes les pièces. Ce guide vous permettra de choisir le bon modèle et la bonne puissance. Si vous recherchez un appareil plus léger, les <a href=""https://meilleurtest.fr/comparatif-radiateur-electrique-mobile/"">radiateurs mobiles</a> se déplaceront facilement. Les <a href=""https://meilleurtest.fr/comparatif-chauffage-dappoint-electrique/"">chauffages d'appoint électriques</a> montent en température plus vite, tandis que les <a href=""https://meilleurtest.fr/comparatif-radiateur-a-inertie/"">radiateurs à inertie</a> conviendront à un chauffage permanent. Les <a href=""https://meilleurtest.fr/comparatif-chauffage-d-appoint-economique/"">chauffages économiques</a> limiteront la facture."
"38096";"Les meilleurs radiateurs à inertie sèche";"https://meilleurtest.fr/comparatif-radiateur-a-inertie-seche/";"Chauffage";"Le radiateur à inertie sèche se distingue par son cœur de chauffe solide. Performant et entièrement étanche, il fonctionne par accumulation de chaleur, assurant un chauffage agréable tout en consommant peu d’énergie. Vertical, horizontal, bas ou carré, tout est question de goût et d’utilisation. Pour dénicher le modèle le mieux adapté à vos besoins, faisons un tour d’horizon des meilleurs radiateurs à inertie sèche pour cette année.";"Le radiateur à inertie sèche accumulera la chaleur dans son cœur de chauffe solide pour la restituer de façon progressive et homogène. Performant et étanche, il conviendra à tous les types de pièces. Ce guide vous présentera les meilleurs modèles verticaux, horizontaux ou carrés. Les <a href=""https://meilleurtest.fr/comparatif-radiateur-a-inertie/"">radiateurs à inertie</a> à fluide offrent une alternative plus douce, les <a href=""https://meilleurtest.fr/comparatif-radiateur-a-inertie-seche-2000w/"">modèles 2000W</a> conviendront aux grandes pièces, les <a href=""https://meilleurtest.fr/comparatif-radiateur-double-coeur-de-chauffe/"">radiateurs double cœur</a> combinent réactivité et inertie, et les <a href=""https://meilleurtest.fr/comparatif-radiateur-electrique-economique/"">radiateurs économiques</a> limiteront votre facture."
"38045";"Les meilleurs poêles à granulés MCZ";"https://meilleurtest.fr/comparatif-poele-a-granule-mcz/";"Chauffage";"Les <a class=""wpil_keyword_link"" title=""poêles à granulés"" href=""https://meilleurtest.fr/comparatif-poele-a-granules/"" data-wpil-keyword-link=""linked"">poêles à granulés</a> ont le vent en poupe auprès des foyers français. Il faut dire que ce combustible issu du bois a fait ses preuves en termes de rendement énergétique. Et pour le brûler afin de chauffer une maison, la marque italienne MCZ est un must. En effet, ses poêles à granulés ont une efficacité reconnue auprès des utilisateurs. Au-delà de l'efficacité thermique, elles ont une facilité de réglages impressionnante grâce au programmateur intégré. Poêle à granulés MCZ classique, canalisable ou à ventouse, faites le bon choix à travers ce guide.";"MCZ propose des poêles à granulés réputés pour leur efficacité thermique et leur facilité de réglage grâce à un programmateur intégré. Classique, canalisable ou à ventouse, vous trouverez le modèle adapté à votre logement. Ce guide vous présentera les meilleures références de la marque. Les <a href=""https://meilleurtest.fr/comparatif-poele-a-granules/"">poêles à granulés</a> toutes marques offriront plus de choix, les <a href=""https://meilleurtest.fr/comparatif-poele-a-granules-canalisable/"">canalisables</a> chaufferont plusieurs pièces, les modèles à <a href=""https://meilleurtest.fr/comparatif-poele-a-granules-ventouse/"">ventouse</a> conviendront aux maisons sans conduit, et les versions <a href=""https://meilleurtest.fr/comparatif-poele-a-granules-etanche/"">étanches</a> assureront la compatibilité RT2012."
"37936";"Les meilleurs poêles à granulés Godin";"https://meilleurtest.fr/comparatif-poele-a-granules-godin/";"Chauffage";"Le logo Godin sur un poêle à granulés est un gage de qualité. La marque française fabrique les meilleurs poêles et cheminées du marché, mais son catalogue est si vaste que l’on peut s’y perdre facilement. Comment choisir un poêle à granulés Godin adapté à vos besoins, aux contraintes de votre logement et à vos moyens ? Trouvez les réponses à cette question et épargnez-vous des heures de recherches grâce à notre guide des <a class=""wpil_keyword_link"" title=""meilleurs poêles à granulés"" href=""https://meilleurtest.fr/comparatif-poele-a-granules/"" data-wpil-keyword-link=""linked"">meilleurs poêles à granulés</a> Godin.";"Godin est une référence en matière de poêles et cheminées en France. Vous trouverez dans son catalogue des poêles à granulés adaptés à toutes les configurations de logement. Ce guide vous permettra de choisir le modèle idéal parmi les nombreuses références disponibles. Parcourez aussi nos sélections de <a href=""https://meilleurtest.fr/comparatif-poele-a-granules/"">poêles à granulés</a>, de <a href=""https://meilleurtest.fr/comparatif-poele-a-bois-godin/"">poêles à bois Godin</a>, de versions <a href=""https://meilleurtest.fr/comparatif-poele-a-granules-etanche/"">étanches</a> et de modèles <a href=""https://meilleurtest.fr/comparatif-poele-a-granules-canalisable/"">canalisables</a>."
"37897";"Les meilleurs granulés de bois en livraison";"https://meilleurtest.fr/comparatif-granule-de-bois-livraison/";"Chauffage";"Les granulés de bois constituent un combustible alternatif durable et très efficace pour se chauffer mais aussi pour cuisiner. Fabriqués à partir de copeaux et de sciure de bois, ils sont de plus en plus recherchés. Mais abstraction faite de leurs valeurs écologiques, ont-ils d'autres avantages  ? Sont-ils plus efficaces et plus rentables que les combustibles classiques ?  Notre guide d'achat répond à ces questions ainsi qu'à toutes les interrogations courantes autour des <a href=""https://meilleurtest.fr/comparatif-granules-de-bois/"" target=""_blank"" rel=""noopener"">granulés de bois</a> en livraison.";"Commander vos granulés de bois en livraison vous évitera les trajets et les manipulations de sacs lourds. Ce combustible écologique et efficace arrivera directement chez vous pour alimenter votre système de chauffage. Ce guide vous permettra de dénicher les meilleures offres disponibles. Comparez les prix avec les <a href=""https://meilleurtest.fr/comparatif-granules-de-bois/"">granulés de bois</a> en magasin et les <a href=""https://meilleurtest.fr/comparatif-sac-de-pellets-pas-chers/"">sacs de pellets pas chers</a> pour optimiser votre budget. Côté équipement, les <a href=""https://meilleurtest.fr/comparatif-poele-a-granules/"">poêles à granulés</a> et les <a href=""https://meilleurtest.fr/comparatif-chaudiere-a-granules/"">chaudières à granulés</a> détermineront le type de pellet à choisir."
"37857";"Les meilleurs radiateurs électriques économiques";"https://meilleurtest.fr/comparatif-radiateur-electrique-economique/";"Chauffage";"Malgré sa réputation de système de chauffage par défaut, le <a class=""wpil_keyword_link"" title=""radiateur électrique"" href=""https://meilleurtest.fr/comparatif-radiateur-electrique/"" data-wpil-keyword-link=""linked"">radiateur électrique</a> fait pourtant partie de la vie des 10 millions de foyers Français. De nos jours, il offre de nombreux avantages et a depuis bien évolué tant sur le point économique que sur le design. Mais parmi tant choix sur le marché, lesquels choisir ? On vous invite à lire ce guide d’achat pour vous orienter dans votre choix du meilleur radiateur électrique économique idéal.";"Le radiateur électrique économique vous permettra de chauffer votre logement en maîtrisant votre consommation d'énergie. Grâce aux technologies actuelles, ces appareils offriront un confort thermique optimal sans alourdir votre facture. Ce guide vous présentera les modèles les plus performants. Les <a href=""https://meilleurtest.fr/comparatif-radiateur-a-inertie/"">radiateurs à inertie</a> conservent la chaleur après extinction, les <a href=""https://meilleurtest.fr/comparatif-radiateur-a-inertie-seche/"">radiateurs à inertie sèche</a> montent en température plus vite, les <a href=""https://meilleurtest.fr/comparatif-radiateur-double-coeur-de-chauffe/"">radiateurs double cœur</a> combinent les deux avantages, et les <a href=""https://meilleurtest.fr/comparatif-radiateur-electrique-connecte/"">radiateurs connectés</a> permettent un pilotage à distance pièce par pièce."
"37637";"Les meilleurs bois de chauffage";"https://meilleurtest.fr/comparatif-bois-de-chauffage/";"Chauffage";"Avec la hausse des prix du gaz et celui de l'électricité, le bois se présente comme la meilleure alternative pour se chauffer en hiver. Peu cher, efficace, bien qu'encombrant, le bois de chauffage permet de faire face au froid. D'ailleurs, il s'agit de l'énergie renouvelable N°1 en France. Pour trouver le bois qu'il vous faut, lisez ce guide.";"Le bois de chauffage reste l'énergie renouvelable la plus utilisée en France et une alternative économique au gaz et à l'électricité. Vous trouverez dans ce guide les critères essentiels pour choisir des bûches de qualité adaptées à votre équipement. Consultez également nos sélections de <a href=""https://meilleurtest.fr/comparatif-granules-de-bois/"">granulés de bois</a>, de <a href=""https://meilleurtest.fr/comparatif-poele-a-bois-avec-four/"">poêles à bois avec four</a>, de <a href=""https://meilleurtest.fr/comparatif-chaudiere-bois-buche/"">chaudières bois bûche</a> et de <a href=""https://meilleurtest.fr/comparatif-poele-a-bois-scandinave/"">poêles scandinaves</a>."
"37586";"Les meilleurs poêles à pétrole";"https://meilleurtest.fr/comparatif-poele-a-petrole/";"Chauffage";"L’utilisation des poêles à pétrole est vraiment nécessaire surtout pendant la saison d’hiver, et bien sûr pour les pièces rarement utilisées, sans chauffage ou sans électricité. C’était toujours une solution efficace pour chauffer, une alternative intéressante à l’heure où la facture d’électricité est devenue de plus en plus pesante. Dans ce guide, nous vous proposons quelques critères à prendre en compte et quelques astuces pour vous permettre de bien choisir au moins un modèle sans odeur et durable.";"Le poêle à pétrole vous offrira un chauffage d'appoint efficace avec une montée en température rapide, idéal pour les pièces non desservies par le chauffage central. Ce guide vous présentera les meilleurs modèles et les critères pour bien choisir un appareil durable. Parcourez aussi nos sélections de <a href=""https://meilleurtest.fr/comparatif-poele-a-petrole-sans-odeur/"">poêles sans odeur</a>, de <a href=""https://meilleurtest.fr/comparatif-chauffage-d-appoint-economique/"">chauffages économiques</a>, de <a href=""https://meilleurtest.fr/comparatif-chauffage-d-appoint-au-gaz/"">chauffages au gaz</a> et de <a href=""https://meilleurtest.fr/comparatif-chauffage-dappoint-electrique/"">chauffages électriques</a>."
"37585";"Les meilleurs poêles à bois avec four";"https://meilleurtest.fr/comparatif-poele-a-bois-avec-four/";"Chauffage";"Plus pratique et plus économique, un <a href=""https://meilleurtest.fr/comparatif-poele-a-bois/"">poêle à bois</a> avec four est la meilleure option pour une chaleur douce et homogène de votre intérieur. En plus d’un excellent chauffage, cet équipement de maison vous fera également profiter des savoureux plats cuits au feu de bois. Mais face aux nombreuses offres sur le marché, trouver le meilleur ne sera pas facile. Pour mieux vous orienter, lisez notre guide.";"Le poêle à bois avec four combinera chauffage et cuisson au feu de bois pour une expérience authentique et économique. Vous profiterez d'une chaleur douce et homogène tout en préparant des plats savoureux. Ce guide vous permettra de trouver les meilleurs modèles. Les <a href=""https://meilleurtest.fr/comparatif-poele-a-bois-scandinave/"">poêles scandinaves</a> offriront un design épuré pour les intérieurs contemporains, et les <a href=""https://meilleurtest.fr/comparatif-poele-a-bois-bouilleur/"">poêles bouilleurs</a> alimenteront vos radiateurs à eau en plus du chauffage direct. La marque <a href=""https://meilleurtest.fr/comparatif-poele-a-bois-godin/"">Godin</a> reste une référence pour la robustesse et la longévité. Notre guide du <a href=""https://meilleurtest.fr/comparatif-bois-de-chauffage/"">bois de chauffage</a> vous permettra de choisir les essences adaptées à votre poêle."
"37581";"Les meilleurs chauffages électriques";"https://meilleurtest.fr/comparatif-chauffage-electrique/";"Chauffage";"Le chauffage électrique est indispensable pour garantir le bien-être et le confort thermique dans un logement. De nombreux modèles embarquant différentes technologies sont disponibles sur le marché, mais lequel choisir ? Lisez tout ce qu’il faut savoir pour bien choisir son chauffage électrique dans ce guide. Vous pourrez également y trouver une sélection des meilleurs produits actuellement.";"Le chauffage électrique garantira le confort thermique de votre logement grâce à une installation simple et un large choix de technologies. Convecteur, panneau rayonnant ou modèle à inertie, vous trouverez l'appareil adapté à chaque pièce. Ce guide vous présentera les meilleures options. Pour réduire la consommation, les <a href=""https://meilleurtest.fr/comparatif-radiateur-electrique-economique/"">radiateurs économiques</a> seront les plus sobres. Les <a href=""https://meilleurtest.fr/comparatif-radiateur-a-inertie/"">radiateurs à inertie</a> diffuseront une chaleur douce et prolongée, les <a href=""https://meilleurtest.fr/comparatif-chauffage-dappoint-electrique/"">chauffages d'appoint</a> compléteront votre installation dans les pièces ponctuelles, et les <a href=""https://meilleurtest.fr/comparatif-radiateur-electrique-connecte/"">radiateurs connectés</a> se piloteront à distance depuis votre téléphone."
"37489";"Les meilleurs poêles à granulés étanches";"https://meilleurtest.fr/comparatif-poele-a-granules-etanche/";"Chauffage";"Vous êtes à la recherche d'un dispositif de chauffage écologique, non dangereux pour la santé et facile à utiliser ? Essayez les <a class=""wpil_keyword_link"" title=""poêles à granulés"" href=""https://meilleurtest.fr/comparatif-poele-a-granules/"" data-wpil-keyword-link=""linked"">poêles à granulés</a> étanches. Ce type de dispositif n'émet que <a href=""https://www.quelleenergie.fr/economies-energie/poele-granules-bois/impact-ecologique"">33 g de CO2/kWh</a> de chaleur utile. Soit environ 5 fois moins que l'électricité (180 g/kWh) et 7 fois moins que les autres combustibles (222 g/kWh). Ils sont esthétiques, plus compacts et faciles à utiliser (avec option télécommande et WiFi).";"Le poêle à granulés étanche prélèvera l'air de combustion à l'extérieur, ce qui préservera la qualité de l'air intérieur et améliorera le rendement. Compact et programmable, il conviendra aux logements basse consommation. Ce guide vous permettra de dénicher le meilleur modèle. Notre comparatif général des <a href=""https://meilleurtest.fr/comparatif-poele-a-granules/"">poêles à granulés</a> couvre tous les types de modèles. Les poêles à <a href=""https://meilleurtest.fr/comparatif-poele-a-granules-ventouse/"">ventouse</a> simplifieront l'installation sans conduit de cheminée, les <a href=""https://meilleurtest.fr/comparatif-poele-a-granules-canalisable/"">canalisables</a> chaufferont plusieurs pièces en même temps, et les <a href=""https://meilleurtest.fr/comparatif-poele-a-granule-silencieux/"">silencieux</a> conviendront aux espaces de vie ouverts."
"37408";"Les meilleurs poêles à bois Godin";"https://meilleurtest.fr/comparatif-poele-a-bois-godin/";"Chauffage";"Vous voulez installer un bon feu de bois dans votre maison , mais vous ne savez lequel est idéal? Faites votre choix pour la poêle à bois Godin. Le poêle à bois Godin est un poêle à bois classique, qui lui a valu sa renommée pour la petitesse de son poêle pour une consommation en énergie moindre. Dans ce guide d’achat, nous allons vous présenter les <a class=""wpil_keyword_link"" title=""meilleurs poêles à bois"" href=""https://meilleurtest.fr/comparatif-poele-a-bois/"" data-wpil-keyword-link=""linked"">meilleurs poêles à bois</a> Godin pour aider à faire le bon choix.";"Godin conçoit des poêles à bois reconnus pour leur robustesse et leur faible consommation d'énergie. Vous trouverez dans la gamme des modèles adaptés à différentes surfaces et configurations de logement. Ce guide vous présentera les meilleures références de la marque. Parcourez aussi nos sélections de <a href=""https://meilleurtest.fr/comparatif-poele-a-bois-scandinave/"">poêles scandinaves</a>, de <a href=""https://meilleurtest.fr/comparatif-poele-a-bois-avec-four/"">poêles avec four</a>, de <a href=""https://meilleurtest.fr/comparatif-poele-a-bois-bouilleur/"">poêles bouilleurs</a> et de <a href=""https://meilleurtest.fr/comparatif-poele-a-granules-godin/"">poêles à granulés Godin</a>."
"37405";"Les meilleurs poêles mixtes";"https://meilleurtest.fr/comparatif-poele-mixte/";"Chauffage";"Le poêle mixte utilise à la fois des bûches et des granulés de bois, cumulant ainsi les avantages des deux combustibles. Une telle polyvalence a deux utilités : pouvoir choisir le combustible en fonction des prix sur le marché et le faut de passer le poêle en mode bûche ou granules sans avoir se se lever la nuit pour alimenter la trémie. Si cela vous intéresse, découvrez ce guide d’achat. Nous allons vous présenter les meilleurs poêles mixtes et vous donner nos conseils pratiques pour bien les choisir.";"Le poêle mixte vous permettra de basculer entre bûches et granulés de bois selon les prix du marché ou vos préférences du moment. Cette polyvalence vous assurera un chauffage continu sans intervention nocturne. Ce guide vous présentera les meilleurs modèles disponibles. Si vous privilégiez un seul combustible, les <a href=""https://meilleurtest.fr/comparatif-poele-a-granules/"">poêles à granulés</a> offriront une autonomie programmable et les <a href=""https://meilleurtest.fr/comparatif-poele-a-bois-avec-four/"">poêles à bois avec four</a> ajouteront la cuisson au feu de bûches. Nos guides des <a href=""https://meilleurtest.fr/comparatif-granules-de-bois/"">granulés de bois</a> et du <a href=""https://meilleurtest.fr/comparatif-bois-de-chauffage/"">bois de chauffage</a> vous permettront de comparer les coûts et la qualité de chaque combustible."
"37404";"Les meilleurs poêles à granulés ventouse";"https://meilleurtest.fr/comparatif-poele-a-granules-ventouse/";"Chauffage";"Vous rêvez de passer l’hiver au coin du feu? Mais vous ne savez pas quel genre de poêle choisir? Les poêles à granulés avec sortie de ventouse sont les poêles les plus utilisés car ils ont un faible coût d’installation et de faible rendement optimal. Dans cet article, dans notre guide d’achat, nous allons vous présenter les meilleures poêles à granulés ventouse pour vous aider à bien choisir.";"Le poêle à granulés à ventouse évacuera les fumées via un conduit horizontal traversant le mur, ce qui simplifiera son installation dans les logements sans conduit de cheminée. Ce guide vous présentera les meilleurs modèles et les critères à connaître. Pour une vue d'ensemble, consultez notre comparatif général des <a href=""https://meilleurtest.fr/comparatif-poele-a-granules/"">poêles à granulés</a>. Les versions <a href=""https://meilleurtest.fr/comparatif-poele-a-granules-etanche/"">étanches</a> partageront le même avantage de prise d'air extérieure, les modèles <a href=""https://meilleurtest.fr/comparatif-poele-a-granules-canalisable/"">canalisables</a> diffuseront la chaleur dans plusieurs pièces, et les <a href=""https://meilleurtest.fr/comparatif-poele-a-granule-silencieux/"">silencieux</a> préserveront votre confort sonore."
"37398";"Les meilleurs chauffages d'appoint au gaz";"https://meilleurtest.fr/comparatif-chauffage-d-appoint-au-gaz/";"Chauffage";"Parmi les différents types de chauffage d’appoint, les modèles à gaz sont très appréciés par leur aspect à la fois économique et pratique. Il peut être utilisé tout au long de l’année. Il existe une multitude de modèles et de marques de chauffages d’appoint au gaz sur le marché. Afin de trouver le produit qu’il vous faut et adapté à vos besoins, suivez-nous à travers ce guide d’achat des meilleurs chauffages d’appoint au gaz.";"Le chauffage d'appoint au gaz vous apportera une chaleur rapide et économique dans toutes les pièces de votre logement. Pratique et utilisable toute l'année, il complétera efficacement votre système principal. Ce guide vous permettra de trouver le modèle adapté à vos besoins. Si vous préférez l'électricité, les <a href=""https://meilleurtest.fr/comparatif-chauffage-dappoint-electrique/"">chauffages électriques</a> s'installeront sans raccordement au gaz. Les <a href=""https://meilleurtest.fr/comparatif-chauffage-d-appoint-economique/"">chauffages économiques</a> réduiront la facture, les <a href=""https://meilleurtest.fr/comparatif-chauffage-d-appoint-sans-electricite/"">chauffages sans électricité</a> fonctionneront en cas de coupure de courant, et les <a href=""https://meilleurtest.fr/comparatif-poele-a-gaz/"">poêles à gaz</a> offriront une puissance supérieure pour les grandes pièces."
"37320";"Les meilleurs poêles à granulés canalisables";"https://meilleurtest.fr/comparatif-poele-a-granules-canalisable/";"Chauffage";"Le poêle à granulés canalisable a de multiples fonctions et peut chauffer une ou plusieurs pièces de la maison. Ils ont un design impeccable, des solutions élégantes et fonctionnelles. Ce type de poêle utilise des granulés pour la combustion. Mais comment bien choisir les <a class=""wpil_keyword_link"" title=""poêles à granulés"" href=""https://meilleurtest.fr/comparatif-poele-a-granules/"" data-wpil-keyword-link=""linked"">poêles à granulés</a> qui sont en plus canalisables ? Dans cet article, dans notre guide d’achat, nous allons vous présenter les meilleures <a href=""https://meilleurtest.fr/comparatif-poele-a-granules-etanche/"">poêles à granulés</a> canalisables pour vous aider dans votre choix.";"Le poêle à granulés canalisable diffusera la chaleur dans plusieurs pièces grâce à un réseau de gaines, ce qui en fera un chauffage principal efficace. Ce guide vous présentera les meilleurs modèles au design élégant et fonctionnel. Parcourez aussi nos sélections de <a href=""https://meilleurtest.fr/comparatif-poele-a-granules/"">poêles à granulés</a>, de versions <a href=""https://meilleurtest.fr/comparatif-poele-a-granules-etanche/"">étanches</a>, de modèles à <a href=""https://meilleurtest.fr/comparatif-poele-a-granules-ventouse/"">ventouse</a> et de poêles <a href=""https://meilleurtest.fr/comparatif-poele-a-granule-silencieux/"">silencieux</a>."
"37278";"Les meilleurs poêles à granulés silencieux";"https://meilleurtest.fr/comparatif-poele-a-granule-silencieux/";"Chauffage";"À l'approche de l'hiver, vous recherchez le meilleur système de chauffage ? Comme 9 millions de Français, choisissez un <a class=""wpil_keyword_link"" title=""poêle à granulés"" href=""https://meilleurtest.fr/comparatif-poele-a-granules/"" data-wpil-keyword-link=""linked"">poêle à granulés</a> silencieux. En plus d'être facile à utiliser et à entretenir, il dispose d'un excellent rendement et diverses fonctionnalités pratiques. Quel modèle choisir ? Dans cet article, on vous donne tous les bons tuyaux pour trouver le vôtre.";"Le poêle à granulés silencieux vous offrira un chauffage performant sans nuisances sonores, grâce à un fonctionnement optimisé qui préservera la tranquillité de votre foyer. Ce guide vous présentera les modèles les plus discrets et les plus efficaces. Pour une vue d'ensemble, parcourez notre comparatif général des <a href=""https://meilleurtest.fr/comparatif-poele-a-granules/"">poêles à granulés</a>. Les modèles à <a href=""https://meilleurtest.fr/comparatif-poele-a-granules-a-convection-naturelle/"">convection naturelle</a> fonctionneront sans ventilateur, donc sans bruit, tandis que les versions <a href=""https://meilleurtest.fr/comparatif-poele-a-granules-etanche/"">étanches</a> et <a href=""https://meilleurtest.fr/comparatif-poele-a-granules-canalisable/"">canalisables</a> s'adapteront aux maisons neuves et aux grands espaces."
"37277";"Les meilleurs poêles de masse";"https://meilleurtest.fr/comparatif-poele-de-masse/";"Chauffage";"Durant les saisons froides, il est indispensable de se munir d'un poêle de masse qui peut tenir l’intérieur au chaud. En France, on enregistre un achat d’équipement de chauffage au bois de 44 pièces par heure. Ce sont les poêles de masse à bois qui intéressent plus les acheteurs et c’est notamment pour cette raison que nous allons voir les meilleurs modèles sur le marché.";"Le poêle de masse accumulera une grande quantité de chaleur lors d'une flambée courte pour la restituer progressivement pendant de longues heures. Ce système de chauffage au bois très efficace conviendra aux maisons bien isolées. Ce guide vous permettra de trouver les meilleurs modèles. Les <a href=""https://meilleurtest.fr/comparatif-poele-a-bois-scandinave/"">poêles scandinaves</a> offriront un design épuré avec les mêmes qualités de restitution, et les <a href=""https://meilleurtest.fr/comparatif-poele-a-bois-avec-four/"">poêles avec four</a> ajouteront la cuisson au feu de bois. Notre guide du <a href=""https://meilleurtest.fr/comparatif-bois-de-chauffage/"">bois de chauffage</a> vous permettra de choisir les bonnes essences, et les <a href=""https://meilleurtest.fr/comparatif-insert-a-bois/"">inserts à bois</a> conviendront si vous disposez déjà d'une cheminée."
"37266";"Les meilleurs inserts à granulés";"https://meilleurtest.fr/comparatif-insert-a-granules/";"Chauffage";"L’insert à granulé est un système de chauffe encastrable qui s’intègre dans une cheminée neuve sur-mesure ou un foyer existant. Contrairement au poêle à granulé, il n’implique plus de raccordement avec un conduit de fumée. Pourtant, sa performance thermique est meilleure, l’économie est considérable, sans compter le fait qu’il est esthétiquement plaisant. Mais faire le bon choix n’est pas chose aisée entre les inserts à granulés à convection naturelle, les modèles à convection forcée, canalisable ou encore étanche. Pour vous aider, découvrez ici notre sélection des meilleurs inserts à granulés du moment.";"L'insert à granulés s'encastrera dans votre cheminée existante ou neuve pour la transformer en un système de chauffage performant et automatisé. Vous profiterez d'un rendement élevé sans conduit de fumée supplémentaire. Ce guide vous présentera les meilleurs modèles disponibles. Si vous ne disposez pas de cheminée, les <a href=""https://meilleurtest.fr/comparatif-poele-a-granules/"">poêles à granulés</a> s'installeront de façon autonome. Les <a href=""https://meilleurtest.fr/comparatif-insert-a-bois/"">inserts à bois</a> conviendront à ceux qui préfèrent le feu de bûches, les <a href=""https://meilleurtest.fr/comparatif-cheminee-electrique/"">cheminées électriques</a> offriront une solution sans conduit, et les modèles <a href=""https://meilleurtest.fr/comparatif-poele-a-granules-etanche/"">étanches</a> s'adapteront aux logements basse consommation."
"37187";"Les meilleurs coussins chauffants";"https://meilleurtest.fr/comparatif-coussin-chauffant/";"Chauffage";"Véritable accessoire bien-être, le coussin chauffant diffuse une chaleur réconfortante pour apaiser le corps, soulager les douleurs et les tensions musculaires. Ce cocon de douceur est tantôt équipé d'une résistance chauffante, tantôt doté d'un rembourrage qui reçoit la chaleur après un bref passage dans le four micro-ondes. Vous pouvez l'enrouler autour de la partie du corps à traiter pour une efficacité accrue et vous pouvez même l'utiliser comme compresse froide dans certains cas. Découvrez notre sélection des meilleurs coussins chauffants pour cette année.";"Le coussin chauffant soulagera vos douleurs musculaires et vos tensions grâce à une chaleur douce et ciblée. Électrique ou à réchauffer au micro-ondes, il s'adaptera à différentes zones du corps et pourra même servir de compresse froide. Ce guide vous présentera les meilleurs modèles. Pour réchauffer une pièce entière plutôt qu'une zone ciblée, les <a href=""https://meilleurtest.fr/comparatif-chaufferette-electrique/"">chaufferettes électriques</a> et les <a href=""https://meilleurtest.fr/comparatif-radiateur-soufflant-pour-salle-de-bain/"">radiateurs soufflants</a> offriront une chaleur immédiate. Les <a href=""https://meilleurtest.fr/comparatif-chauffage-dappoint-electrique/"">chauffages d'appoint</a> et les <a href=""https://meilleurtest.fr/comparatif-chauffage-d-appoint-economique/"">chauffages économiques</a> compléteront votre installation sans alourdir la facture."
"37185";"Les meilleurs radiateurs à inertie";"https://meilleurtest.fr/comparatif-radiateur-a-inertie/";"Chauffage";"Le radiateur à inertie permet de faire face à l’hiver dans les meilleures conditions. Cet équipement de chauffage est plus efficace et plus économique qu’un convecteur ou un panneau rayonnant. Pour cela, il dispose d’un cœur de chauffe en aluminium ou en fonte qui procure le confort thermique nécessaire à une pièce. <a href=""https://meilleurtest.fr/comparatif-radiateur-a-inertie-seche/"">Radiateur à inertie sèche</a> ou fluide, ce guide d'achat vous orientera vers le modèle le plus à même de satisfaire vos besoins en matière de chauffage.";"Le radiateur à inertie procurera un confort thermique optimal grâce à son cœur de chauffe qui accumule et restitue la chaleur de façon progressive. Plus efficace et plus économique qu'un convecteur, il conviendra à toutes les pièces de votre logement. Ce guide vous permettra de trouver le bon modèle. Parcourez aussi nos sélections de <a href=""https://meilleurtest.fr/comparatif-radiateur-a-inertie-seche/"">radiateurs à inertie sèche</a>, de <a href=""https://meilleurtest.fr/comparatif-radiateur-double-coeur-de-chauffe/"">radiateurs double cœur</a>, de <a href=""https://meilleurtest.fr/comparatif-radiateur-electrique-economique/"">radiateurs économiques</a> et de <a href=""https://meilleurtest.fr/comparatif-radiateur-electrique-connecte/"">radiateurs connectés</a>."
"37183";"Les meilleurs poêles à granulés";"https://meilleurtest.fr/comparatif-poele-a-granules/";"Chauffage";"Les poêles à granulés est un type d’appareil de chauffage résidentiel à combustible solide qui appartient à la même famille que les <a href=""https://meilleurtest.fr/comparatif-poele-a-bois/"">poêles à bois</a>. Le poêle à granulés est populaire grâce à leur capacité à automatiser le démarrage du feu. Contrairement aux autres appareils à faible émission comme la pompe à chaleur, il peut servir de chauffage principal pour une maison plus ou moins grande. Et le combustible utilisé, les pellets de bois, coûte deux fois moins cher que l’électricité ou le fioul. Pour trouver le bon modèle au meilleur prix, lisez notre comparatif des meilleurs poêles à granulés.";"Le poêle à granulés constitue un chauffage résidentiel automatisé qui utilisera des pellets de bois, un combustible économique et renouvelable. Capable de chauffer une maison entière, il offrira un rendement supérieur aux systèmes traditionnels. Ce guide vous présentera les meilleurs modèles. Selon votre logement, un modèle <a href=""https://meilleurtest.fr/comparatif-poele-a-granules-etanche/"">étanche</a> conviendra aux maisons basse consommation, un <a href=""https://meilleurtest.fr/comparatif-poele-a-granules-canalisable/"">canalisable</a> diffusera la chaleur dans plusieurs pièces, et un <a href=""https://meilleurtest.fr/comparatif-poele-a-granule-silencieux/"">silencieux</a> préservera le calme de votre intérieur. Les <a href=""https://meilleurtest.fr/comparatif-poele-mixte/"">poêles mixtes</a> permettront de basculer entre bûches et pellets, et notre guide des <a href=""https://meilleurtest.fr/comparatif-granules-de-bois/"">granulés de bois</a> vous accompagnera dans le choix du combustible."
