ID;post_title;_post_permalink;category;mltv5_introduction
146071;Les meilleures poêles antiadhésives;https://meilleurtest.fr/comparatif-poele-antiadhesive-2/;cuisine;La poêle antiadhésive a la côte dans les cuisines modernes et est définitivement plus fonctionnelle pour frire ou sauter n’importe quelle nourriture. Venant à la rescousse des cuistots, amateurs ou professionnels, cet ustensile incontournable se veut facile d’entretien et très simple à manipuler. S’il vous en faut une absolument, trouvez votre bonheur dans ce guide d’achat des meilleures poêles antiadhésives.
42687;Les meilleures poêles pour la cuisine;https://meilleurtest.fr/comparatif-poele-pour-la-cuisine/;cuisine;"Cuire sans que les aliments accrochent, réussir une viande dorée ou préserver la texture des légumes, tout cela commence par une bonne poêle. Trop de cuisiniers perdent inutilement du temps et de l’énergie avec <a href=""https://meilleurtest.fr/comparatif-poele-antiadhesive/"">des ustensiles qui collent</a>, se rayent ou diffusent mal la chaleur. Les meilleures poêles pour la cuisine ont des revêtements plus résistants, une répartition homogène de la chaleur et une durabilité qui change réellement le quotidien. Découvrez notre sélection pour trouver les modèles qui font la différence pour la cuisson."
42661;Les meilleures plaques avec hotte intégrée;https://meilleurtest.fr/comparatif-plaque-avec-hotte-integree/;cuisine;"La plaque avec hotte intégrée révolutionne les cuisines modernes. Finie la vapeur qui brouille la vue, de même pour les problèmes d’encombrement et d’efficacité d’aspiration. Ce petit bijou technologique aspire les odeurs à la source, élimine les graisses de cuisson, libère l’espace au plafond et offre un look épuré à votre cuisine. À induction, au gaz ou mixte ? Découvrez les joies de la cuisiner sans dégagement de fumée en choisissant votre <a href=""https://meilleurtest.fr/comparatif-plaque-a-induction-aspirante-avec-hotte-integree/"">plaque avec hotte intégrée</a> parmi notre sélection. Fiez-vous également à nos conseils pour faire le bon choix."
42618;Les meilleurs confituriers électriques;https://meilleurtest.fr/comparatif-confiturier-electrique/;cuisine;"Vous avez passé des heures à surveiller la cuisson, mais votre confiture est encore ratée ? Avec un confiturier électrique, dites adieu aux confitures brûlées et aux casseroles à récurer. En plus de mijoter vos douceurs maison, l’appareil vous épargne les débordements, les cuissons approximatives et la surveillance constante. Appareil automatique ou <a href=""https://meilleurtest.fr/comparatif-machine-a-pain/"">multifonction </a>? Pour une cuisson maîtrisée, trouvez le bon confiturier électrique parmi les modèles présents dans notre sélection."
42617;Les meilleurs appareils à croque-monsieur;https://meilleurtest.fr/comparatif-appareil-a-croque-monsieur/;cuisine;"Prisé par ceux qui ont l'habitude de manger sur le pouce et les adeptes du snacking, l’appareil à croque-monsieur profite de son aspect multifonction pour réaliser des recettes simples et rapides. Contrairement aux stéréotypes, il ne s’agit pas d’<a href=""https://meilleurtest.fr/comparatif-machine-a-panini/"">un électroménager</a> faisant l’apanage de la malbouffe, puisque les hots sandwiches peuvent également se décliner en version veggie. Plaques interchangeables, matériaux antiadhésifs et thermostat électronique, trouvez votre bonheur en parcourant notre sélection des meilleurs appareils à croque-monsieur pour cette année."
42580;Les meilleurs robots pâtissiers pas chers;https://meilleurtest.fr/comparatif-robot-patissier-pas-cher/;cuisine;Même si vous n’avez pas plus de 150 euros à investir dans un robot pâtissier, rien ne vous oblige à vous contenter d’un appareil bancal. Contrairement aux idées reçues, il existe en effet des robots pâtissiers pas chers, qui tournent bien tant que vous ne leur demandez pas autre chose que les recettes du quotidien. Moteur simple, fouet, crochet, bol et c’est tout : ça suffira largement pour faire monter la chantilly ou pour travailler une pâte à brioche. Le truc, c’est de savoir que chercher et où le chercher. Pour les acheteurs malins qui cherchent un robot pâtissier pas cher, lisez ce guide d’achat.
42544;Les meilleures autolaveuses pour particulier;https://meilleurtest.fr/comparatif-autolaveuse-pour-particulier/;cuisine;"L’aspirateur, c’est bien. Le balai vapeur, c’est mieux. Mais pour nettoyer les sols durs, rien ne vaut l’autolaveuse. En entreprise ou à domicile, il lave et frotte le carrelage, le parquet ou le béton pour le rendre comme neuf en lui redonnant tout son éclat. Concernant la variante pour particuliers, vous avez le choix entre l'autolaveuse verticale et l’autolaveuse monobrosse. Dans les deux cas, la machine réalise un nettoyage rapide et irréprochable <a href=""https://meilleurtest.fr/comparatif-nettoyeur-de-sol/"">en aspirant, en lavant et en séchant</a> le sol en un seul passage. Cela vous intéresse ? Faites briller vos sols en choisissant parmi les meilleures autolaveuse pour particulier en parcourant notre guide d’achat."
42480;Les meilleures plaques vitrocéramiques 3 feux;https://meilleurtest.fr/comparatif-plaque-vitroceramique-3-feux/;cuisine;Beaucoup parmi nous ont connu cette galère de cuisiner un repas entier sur une plaque de cuisson trop petite parce qu'il n'y avait que 2 feux. Il y a aussi cette sensation d'avoir une énorme table de cuisson 4 ou 5 feux, mais qui ne sert qu'à moitié. La plaque vitrocéramique 3 feux coupe la poire en deux, proposant le bon équilibre entre utilité et capacité de cuisson. Elle chauffe vite, fonctionne avec tous vos ustensiles, et offre l'espace nécessaire pour cuisiner plusieurs plats en même temps. Pour éviter les mauvais compromis en cuisine, jetez un œil à notre guide et à notre sélection des meilleures plaques vitrocéramiques 3 feux.
42437;Les meilleures plaques de cuisson au gaz 5 feux;https://meilleurtest.fr/comparatif-plaque-de-cuisson-au-gaz-5-feux/;cuisine;"Puissante et polyvalente, <a href=""https://meilleurtest.fr/comparatif-plaque-de-cuisson-au-gaz/"">la plaque de cuisson au gaz</a> 5 feux facilite la vie des familles. Du fait de sa grande surface de cuisson, de ses brûleurs puissants et du réglage précis de ses flammes, elle résout les problèmes liés au manque de place, à la cuisson lente et au contrôle imprécis. En inox, en verre trempé ou en fonte émaillée, encastrable ou à pose libre, la plaque de cuisson au gaz 5 feux permet de cuisiner plusieurs plats en même temps. De plus, elle coûte moins cher que la plaque à induction et la plaque vitrocéramique. Si l'idée vous intéresse, lisez ce guide d'achat et découvrez notre sélection."
42435;Les meilleurs aiguiseurs électriques;https://meilleurtest.fr/comparatif-aiguiseur-electrique/;cuisine;Un couteau émoussé complique la découpe, écrase les aliments et augmente le risque de coupure. Pourtant, l’affûtage est une étape souvent négligée faute de temps ou d’équipement adapté. L’aiguiseur électrique, également appelé affûteur motorisé, permet de retrouver un tranchant net en quelques secondes, sans effort ni savoir-faire particulier. Grâce à ses meules diamantées ou à ses bandes abrasives, vous aurez une solution rapide et précise pour entretenir vos lames. Il ne reste plus qu’à découvrir notre sélection pour trouver l’aiguiseur électrique adapté à vos besoins.
42293;Les meilleurs îlots centraux;https://meilleurtest.fr/comparatif-ilot-central/;cuisine;"La cuisine étant <a href=""https://meilleurtest.fr/comparatif-cuisine/"">une pièce fondamentale de la maison</a>, il faut imaginer un aménagement fonctionnel pour cet espace tout en tenant compte de l'esthétique du résultat final. Parmi les équipements tendance, l’îlot central se démarque par ses dimensions modestes et sa polyvalence. Si vous cherchez un mobilier pour moderniser votre cuisine, notre guide d’achat propose une sélection des meilleurs îlots centraux et nos conseils pratiques pour bien choisir."
42073;Les meilleures poêles antiadhésives professionnelles;https://meilleurtest.fr/comparatif-poele-antiadhesive-professionnelle/;cuisine;"Cuisiner des plats sophistiqués avec des aliments qui n’arrêtent pas de coller à la surface des <a href=""https://meilleurtest.fr/comparatif-poele-a-frire/"">poêles</a> est une source de stress pour n’importe quel chef cuisinier. Heureusement, la solution se trouve dans les poêles antiadhésives professionnelles, incarnée par des marques prestigieuses comme Le Creuset, De Buyer ou Mauviel. Qu'il soit en inox 18/10, en fer ou en fonte, cet ustensile de cuisine promet une expérience de cuisson saine, à la différence des poêles avec PFOA. Fiez-vous à notre guide d’achat pour trouver la meilleure poêle antiadhésive professionnelle si vous en cherchez une."
41891;Les meilleures plaques à induction 4 feux;https://meilleurtest.fr/comparatif-plaque-a-induction-4-feux/;cuisine;"Vous avez pour habitude de cuisiner plusieurs plats en simultané ? Pour gagner du temps, pourquoi ne pas investir dans une <a href=""https://meilleurtest.fr/comparatif-plaque-a-induction/"">plaque à induction</a> 4 feux ? Cet appareil de cuisson se révèle bien plus rapide que les plaques de cuisson vitrocéramiques classiques et autres cuisinières à gaz. Il permet aussi de contrôler avec davantage de précision la température et le temps de cuisson. Avec <a href=""https://meilleurtest.fr/comparatif-plaque-a-induction-aspirante-avec-hotte-integree/"">hotte aspirante</a> intégrée ou pas ? Avec commandes tactiles centralisées ou commandes individuelles ? Faites votre choix parmi les meilleures plaques à induction 4 feux pour cette année."
41801;Les meilleures crêpières;https://meilleurtest.fr/comparatif-crepiere/;cuisine;"Pour préparer des crêpes le plus facilement possibles, la crêpière est l’appareil qu’il vous faut dans <a href=""https://meilleurtest.fr/comparatif-cuisine/"">votre cuisine</a>. Disponible en plusieurs tailles et modèles, la crêpière est faite pour les amoureux des crêpes qui veulent se faire plaisir au quotidien. Cet <a href=""https://meilleurtest.fr/comparatif-yaourtiere/"">appareil</a> vous intéresse ? Retrouvez dans ce guide d’achat dédié quelques modèles des meilleures crêpières du marché."
41532;Les meilleurs appareils à raclette pas chers;https://meilleurtest.fr/comparatif-appareil-a-raclette-pas-cher/;cuisine;"Vous aimez la raclette ou avez tout simplement envie de goûter à cette célèbre recette d’origine suisse ? Offrez-vous un <a href=""//meilleurtest.fr/comparatif-appareil-a-raclette/"">appareil à raclette</a>. Avec son temps de chauffe rapide, sa facilité d’entretien et sa simplicité, il peut remplacer la <a href=""//meilleurtest.fr/comparatif-plancha/"">plancha</a>. Mais quelle appareil à raclette choisir quand on a un budget serré, sachant qu'il y a d'autres choses à acheter pour passer les fêtes de fin d'année, notamment les cadeaux. Trouvez l'appareil à raclette pas cher qu’il vous faut à travers notre guide."
41517;Les meilleures batteries de cuisine sur Amazon;https://meilleurtest.fr/comparatif-batterie-de-cuisine-amazon/;cuisine;En inox, en aluminum, en cuivre, en fonte, en céramique, avec manche amovible, avec revêtement antiadhésif, avec ou sans couvercle, on trouve toute une variété de batteries de cuisine sur Amazon. Et ce n'est pas tout, le site propose des milliers de produits référencés, parmi lesquels vous pouvez trouver des batteries de cuisine fabriquées par des marques appartenant à Amazon (Amazon Basics, Amazon Commercial) et des batteries de cuisine de dizaines d'autres marques (Tefal, Lagostino, Cuisinart...). Pour bien choisir votre batterie de cuisine sur Amazon, fiez-vous à notre guide.
41495;Les meilleures balances de cuisine sur Amazon;https://meilleurtest.fr/comparatif-balance-de-cuisine-sur-amazon/;cuisine;"La <a href=""https://meilleurtest.fr/comparatif-balance-de-cuisine/"">balance de cuisine</a> est un outil qui peut être indispensable lorsqu’une recette nécessite des mesures précises d’ingrédients. Les balances de cuisine peuvent également être utiles pour connaître le poids des fruits, des légumes, de la viande et des liquides lorsque vous suivez des recettes dans un livre ou sur votre smartphone. Toutefois, il n’est pas si facile de trouver l’outil de pesée le plus adapté à vos besoins. Pour faciliter votre choix, voici une sélection des meilleures balances de cuisine disponibles actuellement sur Amazon."
41437;Les meilleures presses à biscuits;https://meilleurtest.fr/comparatif-presse-a-biscuits/;cuisine;"Les goûters en grandes surfaces ne font plus l’affaire : trop chers, pas vraiment bons, voire pas sains. Le DIY semble plus intéressant : grâce à votre <a href=""https://meilleurtest.fr/comparatif-four-electrique/"">four</a>, des équipements efficaces et un grand intérêt pour la pâtisserie, vous ferez le bonheur des petits gourmands en toutes occasions. Pour compléter votre collection d'ustensiles, nous vous proposons ce guide des meilleures presses à biscuits du moment. Il s'agit d'outils servant à façonner la pâte suivant la forme que vous voulez avant de savourer vos biscuits et les partager."
41415;Les meilleures poêles en inox;https://meilleurtest.fr/comparatif-poele-en-inox/;cuisine;"Vous avez besoin d’acheter une poêle, mais vous vous sentez perdu au milieu de la multitude de modèles existant sur le marché ? Les <a href=""https://meilleurtest.fr/comparatif-poele-grill/"" target=""_blank"" rel=""noopener"">poêles</a> en inox sont aujourd’hui parmi les plus recommandées du fait des nombreux avantages qu’elles offrent. Elles sont à la fois robustes, design, pratiques et durables. Retrouvez dans ce guide tous nos conseils pour bien choisir une poêle en inox adaptée pour la cuisson saine de vos aliments !"
41398;Les meilleurs extracteurs de jus Magimix;https://meilleurtest.fr/comparatif-extracteur-de-jus-magimix/;cuisine;"Avec un <a href=""https://meilleurtest.fr/comparatif-extracteur-de-jus/"">extracteur de jus</a> Magimix, manger 5 fruits et légumes par jour devient un véritable plaisir non seulement pour les papilles, mais aussi pour le corps qui, lui, fera le plein de vitamines. L’appareil se veut polyvalent d’autant plus qu’il préserve les apports nutritifs de chaque ingrédient. Alors, quel Juice Expert est fait pour vous ? Lisez ce comparatif pour en savoir davantage."
41336;Les meilleurs Thermomix;https://meilleurtest.fr/comparatif-thermomix/;cuisine;"Le Thermomix est le nec plus ultra des appareils électroménagers. Un <a href=""https://meilleurtest.fr/comparatif-robot-cuiseur-multifonction/"">robot cuiseur multifonction</a> qui est à même de faire office de substitut à l’ensemble des équipements culinaire. Il offre la possibilité, même aux novices, de s’improviser chef étoilé. Rien de tel que de concocter de bons petits plats à l’envie, en ayant toutes ses chances de réussir des recettes comme des pros."
41325;Les meilleurs poussoirs à saucisses;https://meilleurtest.fr/comparatif-poussoir-a-saucisses/;cuisine;"Appareil indispensable auprès des professionnels ainsi qu’à la maison, le poussoir à saucisses permet de remplir les boyaux de porc ou de boeuf avec de la viande hachée pour produire rapidement des saucisses en quantité. Les poussoirs à saucisses étant nombreux sur le marché, on a du mal à choisir entre les modèles manuels avec manivelle et les versions électriques plus polyvalentes avec <a href=""//meilleurtest.fr/comparatif-hachoir-a-viande/"">hachoir à viande intégré</a>. Cela vous intéresse ? Lisez ce guide des meilleurs poussoirs à saucisses pour plus de détails."
41322;Les meilleurs thermomètres de cuisson;https://meilleurtest.fr/comparatif-thermometre-de-cuisson/;cuisine;"Afin de pouvoir surveiller la température de vos plats, il n’y a pas mieux que <a href=""https://meilleurtest.fr/comparatif-thermometre-a-lecture-instantanee/"">le thermomètre</a> de cuisson. Ce type d’appareil a été conçu pour respecter toutes les normes sanitaires : les composants utilisés ne seront pas nocifs pour votre santé. Les thermomètres de cuisson vous seront utiles si vous devez réaliser un bon steak ou un bon rôti, ou bien pour réaliser le parfait pochage et de simples grillades. Pour trouver le thermomètre qui répondra à vos besoins, lisez ce guide, on vous y explique tout."
41295;Les meilleurs robots pâtissiers Smeg;https://meilleurtest.fr/comparatif-robot-patissier-smeg/;cuisine;"Appréciés par de nombreux chefs pâtissiers, mais également par les cordons bleus qui font des prouesses en cuisine dans la discrétion de leurs foyers, les robots pâtissiers Smeg ont le vent en poupe. En termes de puissance, de capacité de la cuve, de durée de vie du moteur, des fonctionnalités, que valent réellement <a href=""https://meilleurtest.fr/comparatif-robot-patissier/"">ces électroménagers</a> à l’allure vintage ? Découvrez la réponse dans ce guide des meilleurs robots pâtissiers Smeg !"
41263;Les meilleurs tajines à induction;https://meilleurtest.fr/comparatif-tajine-a-induction/;cuisine;"Chers amateurs de cuisine africaine, l’heure est venue pour vous de découvrir les tajines à induction. En plus de vous faire gagner du temps, ils empêchent les plats de brûler. Actuellement, le marché propose divers <a href=""https://meilleurtest.fr/comparatif-cuisiniere-a-induction/"">ustensiles de ce genre</a>. Cela rendra donc la recherche d’un bon article très difficile. Heureusement que nous vous avons dressé la liste des meilleurs produits."
41258;Les meilleures papillotes en silicone;https://meilleurtest.fr/comparatif-papillote-en-silicone/;cuisine;"La bonne santé se traduit avant tout par une alimentation saine, variée et équilibrée. Aujourd’hui, les modes de cuisson visent essentiellement à conserver au mieux la qualité nutritionnelle des aliments. En vue de parfaire vos cuissons à la <a href=""https://meilleurtest.fr/comparatif-cuiseur-vapeur/"">vapeur</a>, il est temps de compléter votre équipement de cuisine avec la papillote en silicone, une nouvelle génération d’ustensile réutilisable et pratique. Lisez notre guide pour en savoir plus."
41201;Les meilleurs couteaux Sekiryu;https://meilleurtest.fr/comparatif-couteau-sekiryu/;cuisine;"Les <a href=""https://meilleurtest.fr/comparatif-couteau-a-steak/?wordpress_logged_in=true"">couteaux</a> Sekiryu sont très prisés des adeptes de cuisine asiatique, en particulier japonaise. Ces matériels de coupe possèdent une lame tranchante capable de réaliser des découpes d'une précision chirurgicale pour toutes sortes de préparations. Mais savez-vous quel couteau japonais Sekiryu répondra au mieux à vos besoins ? Lisez la suite de ce guide pour en savoir plus et dénicher le meilleur couteau Sekiryu."
41177;Les meilleurs kits à sushi;https://meilleurtest.fr/comparatif-kit-a-sushi/;cuisine;"Vous en avez marre d’aller au restaurant pour déguster des sushis onéreux ? Doté d’un <a href=""https://meilleurtest.fr/comparatif-couteau-japonai/"">couteau japonais</a> et d’autres accessoires inédits, un kit à sushi vous permet d’inviter les plats traditionnels du Soleil Levant chez vous. En plus d’être une parfaite opportunité pour vous rapprocher un peu plus de la culture nippone, un sushi maker est un excellent cadeau pour de multiples opportunités."
41176;Les meilleurs micro-ondes combinés encastrables;https://meilleurtest.fr/comparatif-micro-onde-combine-encastrable/;cuisine;Dans toute cuisine équipée, la tendance va aux appareils connectés et multifonctions. Le micro-ondes combiné encastrable illustre parfaitement cela, réunissant sur un seul appareil les fonctions chauffage, décongélation, grill et cuisson. En plus, ce type de four est souvent livré avec un grill et il a une capacité correcte (25 L en moyenne). Par ailleurs, il propose de nombreuses options afin de résoudre au mieux les contraintes liées à la cuisson des plats au quotidien. Si vous avez déjà des appareils de cuisine encastrés, ce guide d’achat est fait pour vous. Consultez notre sélection pour trouver le meilleur micro-ondes combiné encastrable en ce moment.
41170;Les meilleurs supports à jambon cru;https://meilleurtest.fr/comparatif-support-a-jambon-cru/;cuisine;"Vous êtes friand du bon jambon cru et les dégustations sont d'autant plus agréables quand vous le découper vous-même ? Il vous faut un bon support à <a href=""https://meilleurtest.fr/comparatif-jambon-blanc/"">jambon</a> cru. Cet instrument vous aidera à effectuer une découpe régulière et en toute sécurité. Vous êtes intéressés mais souhaitez en savoir plus afin de trouver le modèle idéal ? Notre guide consacré aux meilleurs supports à jambon cru du moment devrait vous plaire."
41145;Les meilleurs cuiseurs de riz japonais;https://meilleurtest.fr/comparatif-cuiseur-de-riz-japonais/;cuisine;"Considéré comme un élément essentiel dans les foyers japonais, le cuiseur à riz permet de cuisiner et de déguster un délicieux riz en appuyant simplement sur un bouton. Mais ce qui distingue les cuiseurs de riz japonais des <a href=""https://meilleurtest.fr/comparatif-rice-cooker/"">rice cookers traditionnels</a> est qu’ils peuvent faire plus que cuire du riz justement. Cependant, avec autant de cuiseurs à riz japonais différents sur le marché, comment trouver le bon si on veut s’en procurer un ? Continuez de lire pour obtenir la réponse."
41133;Les meilleurs robots pâtissiers Kenwood;https://meilleurtest.fr/comparatif-robot-patissier-kenwood/;cuisine;"Le robot pâtissier Kenwood est une machine culinaire spécialement conçue pour aider les pâtissiers dans le pétrissage des pâtes souples et lourdes, la confection des pains et des gâteaux, la réalisation de plusieurs mets et de plusieurs consommations. Existant en <a href=""https://meilleurtest.fr/robot-patissier-multifonctions-kenwood/"">différents modèles</a>, il est accompagné de plusieurs accessoires pour le transformer en robot pâtissier multifonction. Pour choisir le modèle qui convient parfaitement à vos besoins, découvrez dans cet article les meilleurs modèles de <a class=""wpil_keyword_link"" title=""robots pâtissiers"" href=""https://meilleurtest.fr/comparatif-robot-patissier/"" data-wpil-keyword-link=""linked"">robots pâtissiers</a> Kenwood suivis d’un guide d’achat."
41116;Les meilleurs blenders rapport qualité/prix;https://meilleurtest.fr/comparatif-blenders-rapport-qualite-prix/;cuisine;"Vous avez un engouement très vif pour les préparations culinaires faits maison ? Vous êtes amateur de cuisine saine ou vous souhaitez que vos enfants mangent 5 fruits et légumes par jour ? Investissez dans un <a href=""https://meilleurtest.fr/comparatif-blender/"">blender</a> rapport qualité/prix. Mini, classique, professionnel ou chauffant, difficile de dénicher le modèle le plus adapté, voilà pourquoi nous avons concocté ce guide complet."
40656;Les meilleures casseroles Arthur Martin;https://meilleurtest.fr/comparatif-casserole-arthur-martin/;cuisine;"Une <a href=""https://meilleurtest.fr/comparatif-casserole/"" target=""_blank"" rel=""noopener"">casserole</a> est un équipement indispensable en cuisine, peu importe la préparation culinaire. Justement, le géant français de l’électroménager Arthur Martin propose ses créations dans ce domaine. Allant d’un modèle basique en cuivre à une gamme ultrasophistiquée, les casseroles Arthur Martin connaissent un franc succès. Pour vous aider à faire le bon choix, voici notre sélection des meilleures casseroles Arthur Martin en 2022."
40647;Les meilleurs blenders Kitchenaid;https://meilleurtest.fr/comparatif-blender-kitchenaid/;cuisine;"En raison de sa grande polyvalence, le <a href=""https://meilleurtest.fr/comparatif-blender/"" target=""_blank"" rel=""noopener"">blender</a> est devenu un must-have au sein des ménages français. Incontournable sur ce marché, la marque Kitchenaid propose différents types de blenders. En version classique ou chauffante, les blenders Kitchenaid intègrent diverses fonctionnalités, de sorte qu’il est difficile de faire le bon choix. Pour vous aider, découvrez notre sélection des meilleurs blenders Kitchenaid en 2022."
40594;Les meilleurs micro-ondes Samsung;https://meilleurtest.fr/comparatif-micro-onde-samsung/;cuisine;Devenu incontournable, le micro-onde figure parmi les électroménagers les plus utilisés au quotidien. Chauffer, décongeler, faire fondre, cuire rapidement, griller… l’usage de cet appareil s’élargit. Parmi les produits des marques les plus connues, les micro-ondes Samsung connaissent un franc succès auprès des particuliers et des professionnels. Pourquoi ? Les réponses dans ce guide d’achat.
40591;Les meilleurs robots pâtissiers Kitchenaid;https://meilleurtest.fr/comparatif-robot-patissier-kitchenaid/;cuisine;Le robot pâtissier est devenu incontournable dans une cuisine moderne notamment due aux émissions de téléréalité. Kitchenaid fait partie des références dans ce milieu et elle donne l'embarras du choix aux utilisateurs, ce qui peut compliquer les recherches. Voici pourquoi, nous avons élaboré ce guide afin que tout le monde puisse trouver le robot pâtissier Kitchenaid répondant à ses exigences.
40590;Les meilleurs robots Kenwood;https://meilleurtest.fr/comparatif-robot-kenwood/;cuisine;Kenwood, spécialiste des appareils de cuisine, promet une expérience sans précédent avec sa gamme de robots de cuisine. Les fonctionnalités que les robots Kenwood proposent épatent souvent leurs utilisateurs, raison pour laquelle, la marque reste la préférée des pâtissiers et des professionnels de cuisine. À la fin de votre lecture, votre décision d’achat sera prise en connaissance de cause.
40517;Les meilleurs robots pâtissiers Techwood;https://meilleurtest.fr/comparatif-robot-patissier-techwood/;cuisine;"La plupart des foyers en Europe utilisent maintenant le robot pâtissier à cause de sa polyvalence et tout ce qu’il peut faire dans la cuisine. Avec une consommation dans la moyenne et une longévité appréciable, cet appareil électroménager pétrit, fouette, bat les ingrédients pour différentes sortes de recettes. Techwood est parmi les marques les plus connues pour ce genre d’appareils avec des dispositifs performants et de grande qualité. Retrouvez ici une sélection des meilleurs <a class=""wpil_keyword_link"" href=""https://meilleurtest.fr/comparatif-robot-patissier/""   title=""robots pâtissiers"" data-wpil-keyword-link=""linked"">robots pâtissiers</a> de Techwood."
40446;Les meilleures cocottes-minute Seb;https://meilleurtest.fr/comparatif-cocotte-minute-seb/;cuisine;Voilà maintenant plus de 60 ans que Seb s’illustre dans la fabrication de cocottes-minute. Dans un souci de satisfaire au mieux les utilisateurs, la marque ne cesse d’innover et d’apporter des améliorations sur tous ses appareils. Aujourd’hui, elle met à disposition plusieurs modèles présentant chacun ses spécificités allant des plus basiques aux plus sophistiqués. Voici quelques conseils pratiques pour vous guider dans votre quête de la meilleure cocotte-minute Seb.
40426;Les meilleurs broyeurs d'évier de cuisine;https://meilleurtest.fr/comparatif-broyeur-devier-de-cuisine/;cuisine;"Un broyeur d’évier de cuisine empêche les bouchons dans les canalisations en déchiquetant les aliments en petits morceaux. L’utilisation d’un broyeur de déchets alimentaires est écologique et permet <a href=""https://meilleurtest.fr/comparatif-degraissant/"">de garder votre cuisine propre</a> durant et après la préparation des repas. Lisez notre guide d’achat pour trouver le meilleur broyeur de cuisine adapté à votre budget et vos exigences spécifiques."
40363;Les meilleures rôtissoires;https://meilleurtest.fr/comparatif-rotissoire/;cuisine;"Oubliez les longues attentes à la rôtisserie et préparez vos propres rôtis à la maison ! Assemblant les fonctionnalités d’un <a href=""https://meilleurtest.fr/comparatif-grille-de-barbecue/"">barbecue</a>, d’un <a href=""https://meilleurtest.fr/comparatif-four-combine-vapeur/"">four</a> et d’un tournebroche, la rôtissoire promet une cuisson homogène de vos aliments. Verticale, horizontale, électrique, à charbon…, laquelle choisir ? Trouvez celle convenant à vos exigences grâce à ce comparatif des meilleures rôtissoires en 2022."
40362;Les meilleures trancheuses à jambon;https://meilleurtest.fr/comparatif-trancheuse-a-jambon/;cuisine;"Éveillez la véritable âme de cuisinier qui sommeille en vous en vous offrant une trancheuse à jambon. Manuelle ou <a href=""https://meilleurtest.fr/comparatif-trancheuse-electrique/"" target=""_blank"" rel=""noopener"">électrique</a>, elle vous donne la possibilité de découper vos charcuteries à l’épaisseur souhaitée. Mais cela ne s’arrête pas là. L’appareil tranche également les pains, la viande et même les légumes et les fromages. Laquelle choisir ? Pour ne pas vous tromper, lisez ce guide !"
40307;Les meilleurs pots de miel vides à remplir;https://meilleurtest.fr/comparatif-pot-de-miel-vide-a-remplir/;cuisine;"Sur le territoire français, seulement <a href=""https://www.mielinfrance.fr/miel-et-apiculture/le-miel-de-france/"">25% de la population</a> ne consomment jamais de miel. Pour ainsi dire, le <a href=""https://meilleurtest.fr/comparatif-miel/"">miel</a>, cette denrée sucrée qui apporte douceur et réconfort mérite un contenant digne de ce nom : le pot de miel vide à remplir. Si vous n’avez encore jamais utilisé ce contenant à la fois décoratif et pratique, il est temps de vous y mettre. Notre guide d’achat vous indique tout ce qu’il faut savoir sur le pot de miel vide à remplir."
40288;Les meilleures rôtissoires verticales;https://meilleurtest.fr/comparatif-rotissoire-verticale/;cuisine;"Grâce à la rôtissoire verticale, fini les longues attentes pour finir ensuite avec un rôti mal cuit. Avec sa broche <a href=""https://meilleurtest.fr/comparatif-barbecue-vertical/"">verticale</a> tournoyante qui permet une cuisson rapide et homogène, le rôti parfait sera au rendez-vous. Pour en savoir plus à ce sujet et trouver la rôtissoire verticale la mieux adaptée à vos critères, faites confiance à ce guide d’achat."
40240;Les meilleurs couscoussiers;https://meilleurtest.fr/comparatif-couscoussier/;cuisine;"Vous en avez assez de manger du couscous en boîte et vous avez besoin du bon ustensile pour préparer votre propre recette à la maison ? Achetez un bon couscoussier : il vous permettra de faire cuire en même temps vos viandes et votre couscous. Plus rapide, plus efficace, cet<a href=""//meilleurtest.fr/comparatif-ustensile-de-cuisine-inox/""> ustensile</a> est aussi très facile à utiliser, les détails dans ce guide."
40218;Les meilleures cuisines;https://meilleurtest.fr/comparatif-cuisine/;cuisine;"Aménager sa cuisine se prépare avec précautions. Dispositions des meubles et des <a href=""https://meilleurtest.fr/comparatif-plaque-de-cuisson-electrique/"">électroménagers</a>, mais aussi respect du triangle d’activité, il faut faire les bons choix. Réaliser la pièce de ses rêves, qui donne envie de cuisiner, n’est pas du moins une mince affaire. Elle doit être pratique, fonctionnelle et adaptée à votre façon de vivre. Découvrez alors nos conseils pour choisir parmi les meilleures cuisines du moment."
40200;Les meilleurs fours à pizza d'extérieur;https://meilleurtest.fr/comparatif-four-a-pizza-dexterieur/;cuisine;"Tous les moyens sont bons pour apprécier en collectivité le beau temps et l’air frais de l’extérieur. À part trinquer autour d’un <a href=""https://meilleurtest.fr/comparatif-barbecue/"">barbecue</a> et d’une bonne musique, vous pouvez aussi inviter vos proches à déguster vos pizzas. Pour ce faire, misez sur un four à pizza d’extérieur et faites voyager vos convives au gré des saveurs. Justement, notre guide d’achat vous aide à choisir."
40181;Les meilleurs micro-ondes monofonction;https://meilleurtest.fr/comparatif-micro-onde-monofonction/;cuisine;"Un <a class=""wpil_keyword_link"" title=""micro-onde"" href=""https://meilleurtest.fr/comparatif-micro-onde/"" data-wpil-keyword-link=""linked"">micro-onde</a> monofonction décongèle, réchauffe et cuit. Contrairement à un <a href=""https://meilleurtest.fr/comparatif-micro-onde-multifonction/"">modèle combiné</a> qui dispose d'un four ou <a href=""https://meilleurtest.fr/comparatif-micro-onde-grill/"">celui avec  la fonction grill</a>, le micro-onde monofonction est moins cher et c’est le parfait électroménager si vous avez peu de temps pour cuisiner. Pour vous éviter de perdre du temps, voici notre comparatif avec une sélection de meilleurs micro-monofonction du moment."
40094;Les meilleures bonbonnières;https://meilleurtest.fr/comparatif-bonbonniere/;cuisine;"Que vous soyez friands de <a href=""https://meilleurtest.fr/comparatif-bonbons-au-cbd/"" target=""_blank"" rel=""noopener"">bonbons</a> ou non, avoir une bonbonnière chez vous est toujours une idée intéressante : elle rend ces petites douceurs facilement accessibles et donne une petite touche chaleureuse et gaie à votre intérieur. Mais quelle forme de bonbonnière choisir ? Pour trouver celle qui correspondra à votre intérieur, lisez ce guide consacré aux bonbonnières les plus en vogue en ce moment."
40081;Les meilleurs grills d'intérieur;https://meilleurtest.fr/comparatif-grill-dinterieur/;cuisine;"Lorsqu’on vit dans un appartement ou dans un studio, organiser un <a href=""https://meilleurtest.fr/comparatif-barbecue/"">barbecue</a> peut s’avérer problématique. Les fumées du charbon pourraient effectivement gêner les voisins. Une alternative plus pratique se présente toutefois avec le grill d’intérieur. Cet appareil permet de faire des grillades en toute sérénité dans sa cuisine. Il se présente cependant dans un large choix de modèles, d’où l’intérêt de s’informer davantage avant de faire son choix."
40063;Les meilleurs couteaux à pain;https://meilleurtest.fr/comparatif-couteau-a-pain/;cuisine;"Ne massacrez plus vos baguettes en les découpant avec un <a href=""https://meilleurtest.fr/comparatif-set-de-couteaux-de-cuisine/"">couteau quelconque</a>. En utilisant un couteau à pain à lame dentelée, vous obtiendrez de belles tranches régulières, que vous aurez plaisir à consommer à l’heure du petit déjeuner ou du goûter. Indispensable aussi bien en cuisine, que sur la table à manger, le <a href=""https://meilleurtest.fr/comparatif-couteau-de-cuisine/"">couteau</a> à scie mérite d’être choisi avec soin. Pour réussir votre achat, lisez ce guide d’achat consacré à cet ingénieux ustensile de cuisine."
40059;Les meilleurs micro-ondes grills;https://meilleurtest.fr/comparatif-micro-onde-grill/;cuisine;"Le micro-onde grill est doté des fonctionnalités classiques d’<a href=""https://meilleurtest.fr/comparatif-micro-onde-multifonction/"">un micro-ondes</a>, comme le fait de réchauffer et de décongeler les aliments, mais il peut aussi griller, dorer et gratiner. Le choix du meilleur <a class=""wpil_keyword_link"" title=""micro-onde"" href=""https://meilleurtest.fr/comparatif-micro-onde/"" data-wpil-keyword-link=""linked"">micro-onde</a> grill n’est pas une tâche facile face aux différentes marques sur le marché. Pour faire le bon choix, voici notre guide sur les meilleurs micro-ondes grills du moment."
40014;Les meilleurs extracteurs de jus horizontaux;https://meilleurtest.fr/comparatif-extracteur-de-jus-horizontal/;cuisine;"Pour rester en bonne santé, les experts conseillent de manger au moins 5 fruits et légumes par jour. Ce qui devient plus évident avec l’utilisation d’un <a href=""https://meilleurtest.fr/comparatif-extracteur-de-jus/"">extracteur de jus</a>. En optant pour un extracteur de jus horizontal cependant, vous pourrez réaliser une très grande variété de jus de fruits, de légumes et d’herbes riches en vitamines et antioxydants. Suivez ce guide pour choisir le meilleur modèle !"
40003;Les meilleurs shakers cocktails;https://meilleurtest.fr/comparatif-shaker-cocktail/;cuisine;"Animez vos journées d’été entre amis ou en famille en vous préparant de délicieux cocktails maison. Dans ce contexte, le shaker cocktail est votre allié : il facilite la préparation de vos <a href=""https://meilleurtest.fr/comparatif-kit-a-cocktails/"">cocktails</a> et vous épaterez vos convives. Besoin d’aide pour trouver le shaker cocktail adapté à vos besoins ? Fiez-vous à nos conseils et à nos produits visibles sur ce guide."
39975;Les meilleurs ouvre-boites électriques;https://meilleurtest.fr/comparatif-ouvre-boite-electrique/;cuisine;"L’ouvre-boîte électrique permet d’ouvrir sans effort tous les types et toutes les formes de boîtes. Il peut également être doté d’autres fonctionnalités comme <a href=""https://meilleurtest.fr/comparatif-aiguiseur-de-couteaux/"">un affûteur</a>, un décapsuleur ou un ouvre-bouteille. Avec différents types et différentes marques sur le marché, faire le bon choix d’ouvre-boîte électrique peut devenir une tâche difficile. Pour vous aider à trouver le bon qui répond à vos besoins, découvrez ce guide et comparatif d’achat consacré aux meilleurs ouvre-boîtes électriques."
39966;Les meilleurs présentoirs à gâteau;https://meilleurtest.fr/comparatif-presentoir-a-gateau/;cuisine;"Pour mettre en valeur vos gâteaux, desserts et autres <a href=""https://meilleurtest.fr/comparatif-robot-patissier/?wordpress_logged_in=true"">pâtisseries</a>, le présentoir à gâteaux est l'accessoire tout indiqué. Disponible en différentes tailles et formes, cet outil de table se fond dans tous les décorations pour y apporter une touche de glamour. En métal, en verre ou encore en plexiglas, retrouvez dans ce guide d’achat les meilleurs présentoirs à gâteaux du marché."
39960;Les meilleurs cuiseurs basse température;https://meilleurtest.fr/comparatif-cuiseur-basse-temperature/;cuisine;"Aujourd’hui, manger sain devient une priorité. Heureusement, la technologie s’adonne aussi à cette tendance. Même les plus grands restaurateurs du monde préfèrent les cuissons à vapeur, <a href=""https://meilleurtest.fr/comparatif-cuiseur-sous-vide/"" target=""_blank"" rel=""noopener"">sous vide</a> ou à basse température. Pour inviter cette pratique chez vous, nous avons choisi pour vous des cuiseurs basse température performants. Suivez notre guide d’achat pour en savoir plus."
39943;Les meilleures plaques de cuisson électriques;https://meilleurtest.fr/comparatif-plaque-de-cuisson-electrique/;cuisine;"<a href=""https://meilleurtest.fr/comparatif-plaque-de-cuisson/"">La plaque de cuisson</a> est un indispensable en cuisine. Au gaz ou électrique, elle permet de mitonner de délicieux repas pour sa famille. On vante toutefois de nombreux avantages avec la plaque de cuisson électrique qui se décline dans différents modèles. Pour acheter la meilleure plaque de cuisson électrique alors, retrouvez les informations les plus essentielles sur le sujet."
39928;Les meilleures plaques à induction portables;https://meilleurtest.fr/comparatif-plaque-a-induction-portable/;cuisine;"La plaque à induction portable tend à devenir incontournable dans les cuisines modernes. Moins volumineuse, moins énergivore, elle représente une belle alternative aux plaques de cuisson standards et aux <a href=""https://meilleurtest.fr/comparatif-cuisiniere-electrique/"">cuisinières électriques</a>. Vous êtes justement en quête d'un bon modèle ? Avec un ou deux foyers ? Trouvez le modèle qui conviendra à vos besoins en lisant notre comparatif."
39919;Les meilleures guillotines à saucisson;https://meilleurtest.fr/comparatif-guillotine-a-saucisson/;cuisine;"Vous organisez régulièrement un apéro entre amis ou en famille ? À part le <a href=""https://meilleurtest.fr/comparatif-vin-rose/"">vin</a>, la <a href=""https://meilleurtest.fr/comparatif-tireuse-a-biere/"">bière</a> et le fromage, il vous faut également une guillotine à saucisson pour trancher vos charcuteries finement et uniformément. Manuelle ou électrique ? Épatez vos invités et faites sensation en trouvant la meilleure guillotine à saucisson grâce à notre comparatif."
39913;Les meilleurs presse-ails;https://meilleurtest.fr/comparatif-presse-ail/;cuisine;"Prêtant son arôme délicat et son goût caractéristique à nos plats, l’ail est le deuxième condiment le plus utilisé au monde après le curcuma et devant le gingembre. Cela dit, on le préfère en purée plutôt qu’en petits morceaux : c’est là que le presse-ail entre en jeu. Certes, on peut avoir le même résultat avec <a href=""https://meilleurtest.fr/comparatif-mortier-et-pilon/"" target=""_blank"" rel=""noopener"">certains types de mortiers et de pilons</a>, mais les meilleurs presse-ails sont nettement plus pratiques et plus rapides."
39878;Les meilleures râpes à légumes manuelles;https://meilleurtest.fr/comparatif-rape-a-legumes-manuelle/;cuisine;La préparation d’un repas sain exige l’utilisation d’un ustensile aussi performant que de bonne facture. Vous l’avez deviné ! Il s’agit bien de la râpe à légumes manuelle. Râper à la main les ingrédients de sa salade préférée s’avère très divertissant, vous allez vous en rendre compte au moment d’utiliser ce formidable outil de cuisine. Pour choisir la râpe à légumes manuelle la mieux adaptée à vos besoins, nous vous proposons ce guide d’achat complet.
39876;Les meilleurs faitouts compatibles induction;https://meilleurtest.fr/comparatif-faitout-compatible-induction/;cuisine;Un faitout compatible à induction représente une version capable de supporter le mode de chauffage du même nom. Cette méthode demeure plus sécuritaire et surtout plus pratique. Toutefois, faute de connaissance sur le sujet, trouver le bon modèle devient assez ardu. Pour cette raison, nous allons vous assister en vous proposant la liste des meilleurs faitouts compatible induction actuellement en vogue.
39852;Les meilleures râpes à fromage;https://meilleurtest.fr/comparatif-rape-a-fromage/;cuisine;"En cuisine, chaque équipement, appareil ou <a href=""https://meilleurtest.fr/comparatif-ustensile-de-cuisine-inox/"">ustensile</a> a son utilité. C’est notamment le cas de la râpe à fromage, qui en plus de réaliser du fromage râpé permet aussi de préparer de la viande hachée ou des légumes, voire des fondants. Vous vous demandez quelle râpe à fromage choisir ? On vous dit tout à travers ce guide."
39835;Les meilleurs yaourts aux probiotiques;https://meilleurtest.fr/comparatif-yaourts-aux-probiotiques/;cuisine;Les yaourts aux probiotiques font office d’aliments très riches en bactéries inoffensives qui favorisent la digestion. Ils permettent surtout de prévenir les maladies infectieuses et les problèmes de déficience immunitaire. Le marché présente une infinité de produits voués à cette tâche. Pour faciliter votre choix, nous vous proposons ce guide qui contiendra la liste des meilleurs yaourts aux probiotiques.
39817;Les meilleurs presse-agrumes manuels;https://meilleurtest.fr/comparatif-presse-agrumes-manuel/;cuisine;Rien ne remplace la vitalité apportée par les jus pressés sans conservateurs tous les matins. Il suffit de s’équiper d’un presse-agrumes manuel. Souvent considéré comme un simple ustensile de cuisine, il permet de mieux conserver les nutriments d’un fruit. Ce gadget est donc plus bénéfique que les autres types centrifugeuses. Voici quelques conseils importants pour vous procurer le presse-agrumes manuel qui cadre mieux à vos besoins.
39736;Les meilleurs couteaux électriques;https://meilleurtest.fr/comparatif-couteau-electrique/;cuisine;Vous avez besoin d’un couteau de qualité pour découper la viande, trancher du pain ou fileter du poisson ? Le couteau électrique est un ustensile qui vous permet de découper plusieurs sortes d’aliments sans effort et rapidement, à condition de choisir le bon modèle. Pour vous aider à trouver le tranchoir automatique à intégrer dans votre arsenal de cuisine, notre sélection des meilleurs couteaux électriques du moment peut vous aider.
39676;Les meilleurs bols mélangeurs;https://meilleurtest.fr/comparatif-bol-melangeur/;cuisine;"Difficile de préparer de bons petits plats pour toute la famille quand on n’est pas équipé des meilleurs ustensiles. À part les couteaux de cuisine, le <a href=""https://meilleurtest.fr/comparatif-robot-patissier/"">robot pâtissier</a>, les batteurs électriques et les fouets, l’usage d’un bol mélangeur est également une nécessité. En acier inox, en verre, en plastique ou en céramique ? Pour trouver le vôtre, lisez ce comparatif dans son intégralité."
39666;Les meilleures tasses à mesurer;https://meilleurtest.fr/comparatif-tasse-a-mesurer/;cuisine;"Plus question de rater <a href=""https://meilleurtest.fr/comparatif-livre-de-cuisine/"">vos recettes de cuisine</a> ! La tasse à mesurer vous aidera à mesurer avec une grande précision tous vos ingrédients, qu’ils soient secs ou liquides. Ustensile de cuisine indispensable, la tasse à mesurer existe en plusieurs modèles et en plusieurs marques. Cependant, en fonction de divers critères, il faut faire le bon choix. Découvrez dans cet article un guide comparatif sur la tasse à mesurer."
39651;Les meilleurs couteaux à steak;https://meilleurtest.fr/comparatif-couteau-a-steak/;cuisine;Vous souhaitez servir une assiette de steak à la forestière à vos invités ? Dans ce cas, ajoutez les meilleurs couteaux à steak à votre ménagère. Ces ustensiles sont nécessaires pour que vos convives puissent réaliser une coupe nette et précise de leur viande. Il existe des couteaux à lame dentelée, à bord droit, à bord creux… quel type de couteau à steak choisir ? Vous retrouverez les conseils utiles pour faciliter votre choix au sein de ce guide.
39626;Les meilleures baguettes;https://meilleurtest.fr/comparatif-baguettes/;cuisine;Qu’elles soient réutilisables ou jetables, les baguettes asiatiques sont faciles à utiliser et rehaussent l’expérience culinaire. Raffinés et décoratifs, ces ustensiles se déclinent en différentes formes et matériaux. Avec ces couverts un peu particuliers, les plats asiatiques prennent une tout autre saveur. Pour bien les choisir, découvrez notre tour d’horizon des meilleures baguettes de cette année.
39555;Les meilleures cuisinières à gaz;https://meilleurtest.fr/comparatif-cuisiniere-a-gaz/;cuisine;Si la plupart des foyers sont passés aux plaques de cuisson à induction et électriques, certains tiennent encore à leur gazinière. Et grâce au progrès technologique, on retrouve sur le marché des appareils à la fois performants et respectueux de l'environnement. Classique, mixte ou portable, vous avez l'embarras du choix ! Notre sélection des meilleures cuisinières à gaz du moment vous aidera indéniablement à mieux choisir.
39539;Les meilleurs ustensiles de cuisine en inox;https://meilleurtest.fr/comparatif-ustensile-de-cuisine-inox/;cuisine;Que serait une cuisine sans ustensiles ? Pour équiper votre cuisine des meilleurs ustensiles en ce moment, choisissez des produits en inox. Durables, résistants et faciles à nettoyer, les ustensiles de cuisine en inox sont ce qui se fait de mieux en la matière aujourd’hui. Lisez ce guide-comparatif pour en avoir plus.
39475;Les meilleurs mortiers et pilons;https://meilleurtest.fr/comparatif-mortier-et-pilon/;cuisine;Un mortier et un pilon figurent parmi les ustensiles incontournables en cuisine. Cet ensemble représente l’une des méthodes de broyage traditionnelles les plus efficaces pour obtenir une pâte ou réduire des ingrédients en poudre. Mais voilà, sans connaissances préalables, en choisir un peut s’avérer fort difficile. Toutefois, n’ayez crainte ! Juste pour vous, nous allons proposer les meilleurs duos mortiers et pilons disponibles sur le marché.
39455;Les meilleures batteries de cuisine en céramique;https://meilleurtest.fr/comparatif-batterie-de-cuisine-ceramique/;cuisine;Une batterie de cuisine est une option plutôt avantageuse pour s’équiper. Au lieu de vous procurer chaque composante séparément, un ensemble assorti ferait largement plus joli et sera plus efficace. Vous vous intéressez aux batteries de cuisine en céramique ? Voici, pour vous aider, un guide-comparatif au sujet de ce type d’ustensile de cuisine.
39448;Les meilleures plaques à induction 2 feux;https://meilleurtest.fr/comparatif-plaque-a-induction-2-feux/;cuisine;Une plaque de cuisson à induction utilise des courants magnétiques pour fournir de la chaleur, ce qui la rend plus efficace, pratique et précise qu’une plaque de cuisson électrique traditionnelle. Si vous avez besoin d’un appareil performant pour vos préparations culinaires au quotidien, c’est vraiment l’appareil qu’il vous faut. D’autant plus s’il est équipé de deux feux : il sera plus pratique en tout point. Lisez notre guide d’achat consacré aux plaques à induction 2 feux pour en savoir plus.
39436;Les meilleurs robinets de cuisine;https://meilleurtest.fr/comparatif-robinet-de-cuisine/;cuisine;Votre robinet de cuisine d'antan semble avoir fait son temps et vous cherchez un modèle plus pratique, plus esthétique et plus moderne ? Vous avez l'embarras du choix puisque le marché propose une offre pléthorique. Entre un mitigeur, un mélangeur, ou un robinet de cuisine automatique, lequel choisir ? Pour vous aider, voici un comparatif consacré aux meilleurs robinets de cuisine disponibles en ce moment.
39305;Les meilleurs mugs de voyage;https://meilleurtest.fr/comparatif-mug-de-voyage/;cuisine;Voulez-vous déguster de la boisson chaude à tout moment, même en déplacement ? Pour cela, équipez-vous d’un mug de voyage. Ce type de gobelet est très pratique, même pour gérer le temps et prendre son café sur le chemin du bureau. Il existe plusieurs modèles disponibles sur le marché, mais on vous a déjà trouvé les meilleurs mugs de voyage. Suivez notre guide…
39277;Les meilleurs sets de couteaux de cuisine;https://meilleurtest.fr/comparatif-set-de-couteaux-de-cuisine/;cuisine;Dans le quotidien ou dans l’univers du professionnalisme, trouver les couteaux appropriés à chaque usage pose parfois problème. Heureusement, grâce aux évolutions technologiques et aux dernières tendances, ces ustensiles de cuisine sont désormais proposés sous forme de set. Pour vous aider dans votre choix, suivez notre guide des meilleurs sets de couteaux de cuisine de l’année.
39269;Les meilleurs presse-agrumes;https://meilleurtest.fr/comparatif-presse-agrumes/;cuisine;Presser une à une les oranges pour préparer un bon jus à la famille ou aux invités s’avère épuisant et fastidieux. Pour que la préparation de jus d’orange, de citrons ou de pamplemousse ne devienne pas une corvée, équipez-vous d’un bon presse-agrumes. Manuel ou électrique, de plus en plus de marques proposent des modèles qui facilitent le quotidien des utilisateurs.
39266;Les meilleurs robots ménagers;https://meilleurtest.fr/comparatif-robot-menager/;cuisine;"Tant pour les particuliers que pour les professionnels, le robot ménager reste un appareil incontournable dans toutes les cuisines. Mais avec tous les modèles disponibles sur le marché, et leurs domaines d’application parfois très différents, il est normal que les consommateurs hésitent sur le choix <a href=""https://meilleurtest.fr/comparatif-robot-de-cuisine-multifonction/"">du robot de cuisine</a> idéal. Dans ce guide-comparatif, vous trouverez tout ce qu’il faut savoir sur les robots ménagers."
39215;Les meilleurs thermomètre à viande;https://meilleurtest.fr/comparatif-thermometre-a-viande/;cuisine;Pour obtenir un rôti bien juteux et fondant ou une grillade à point, le thermomètre à viande reste indispensable. Il vous indique la température parfaite pour réussir la cuisson de votre morceau de viande ou de volaille. Cela vous fera moins de stress notamment durant les jours de fête. Pour que vous n’ayez pas à hésiter longtemps au moment de choisir, nous avons sélectionné pour vous les meilleurs thermomètres à viande du moment. Lisez notre guide pour en savoir plus.
39181;Les meilleurs kits à cocktails;https://meilleurtest.fr/comparatif-kit-a-cocktails/;cuisine;"Pour épater ses amis et proches lors des grands événements, le kit à cocktails est le matériel à se procurer sans tarder. Daïquiri, Pina Colada, Apple Martini... On peut se concocter <a href=""https://meilleurtest.fr/comparatif-shaker-cocktail/"">son breuvage préféré</a>, à tout moment et à la manière d’un vrai barman. Reste à faire le bon choix de services cocktails : ce guide a pour vocation d’affiner cette démarche peu évidente."
39167;Les meilleurs robots cuiseurs pour bébé;https://meilleurtest.fr/comparatif-robot-cuiseur-pour-bebe/;cuisine;Ça y est, votre bout de chou est en âge de commencer sa diversification alimentaire. Lui préparer des plats savoureux et adaptés se révèle pourtant être une tâche difficile sauf si vous disposez d’un robot cuiseur pour bébé. Avec cet accessoire pratique, vous aurez tout le loisir de cuire (à la vapeur ou non), de mixer et même de chauffer les biberons. Pour trouver le modèle approprié, lisez ce guide comparatif dans son intégralité.
39162;Les meilleurs torchons à vaisselle;https://meilleurtest.fr/comparatif-torchon-a-vaisselle/;cuisine;Vous voulez garder vos assiettes parfaitement propres, sèches et sans peluches ? Choisissez le bon torchon à vaisselle au pouvoir d’absorption remarquable, doux et efficace. Il existe plusieurs types de torchons pour vaisselle sur le marché : en lin, en coton, à motif, en microfibre, le jacquard… Pour vous aider à procurer le meilleur torchon à vaisselle, suivez notre comparatif.
39143;Les meilleures tempéreuses à chocolat;https://meilleurtest.fr/comparatif-tempereuse-a-chocolat/;cuisine;"Nul besoin d’être un artisan chocolatier expérimenté ! Avec une tempéreuse à chocolat, à vous les esquimaux, les moulages en chocolat et les rochers au <a href=""https://meilleurtest.fr/comparatif-chocolat/"">chocolat</a> à la fois brillants et lisses. Cet appareil révolutionnaire permet en effet de faire fondre le chocolat et d’atteindre la température de travail idéale pour un croquant et une cassure nette. Mais quel modèle choisir ? Fiez-vous à notre comparatif pour faire le meilleur choix."
39102;Les meilleurs rafraîchisseurs de bouteilles;https://meilleurtest.fr/comparatif-rafraichisseur-de-bouteille/;cuisine;Pour apprécier pleinement le vin ou le champagne, les experts recommandent de les consommer à une température légèrement inférieure à la température ambiante. Ceci explique le succès des rafraîchisseurs de bouteilles et la révolution qu'ils ont apporté aux amateurs de grands crus. Vous voulez en avoir un ? Prenez quelques minutes pour consulter notre guide d'achat, ça vous aidera.
39065;Les meilleures poêles grill;https://meilleurtest.fr/comparatif-poele-grill/;cuisine;Les poêles grill sont une excellente alternative au barbecue et s’utilisent aisément dans les petits espaces. Également appelés skillets dans le monde de la cuisine, ces matériels permettent de griller efficacement toutes sortes de viandes et de légumes. Mais savez-vous comment choisir un modèle adapté à vos besoins ? Ce guide d’achat vous aidera à trouver la poêle grill la plus adaptée pour vous.
38974;Les meilleures centrifugeuses;https://meilleurtest.fr/comparatif-centrifugeuse/;cuisine;Vous souhaitez profiter de tous les bienfaits du jus de fruits fait maison ? Avec une centrifugeuse, vous pourrez en faire autant que vous le souhaitez et sans perte de temps. Pas besoin d’épluchage ou de découpage de fruits ou légumes ! Ce type d’appareil se décline en des modèles variés. Pour vous aider à faire le meilleur choix, nous avons rédigé ce guide.
38848;Les meilleures plaques de cuisson au gaz;https://meilleurtest.fr/comparatif-plaque-de-cuisson-au-gaz/;cuisine;La cuisson au gaz reste un avantage pratique aussi bien au sein des foyers que dans le domaine de la haute gastronomie. Précise, économique et polyvalente, la performance de la plaque de cuisson au gaz ne déçoit pas. Suivez notre guide d’achat, vous ne regretterez pas de trouver la meilleure plaque de cuisson au gaz qui facilitera votre quotidien.
38836;Les meilleurs tire-bouchons électriques;https://meilleurtest.fr/comparatif-tire-bouchon-electrique/;cuisine;"Un Français consomme en moyenne 11,7 L de vin par an. Ce qui classe le pays parmi les plus grands consommateurs de cette boisson dans le monde. Mais si boire un grand cru est un véritable moment de plaisir, ouvrir la bouteille n’est pas toujours une mince affaire. Voilà pourquoi nous vous proposons aujourd’hui cette sélection des meilleurs <a href=""https://meilleurtest.fr/comparatif-tire-bouchon/"">tire-bouchons</a> électriques, pratiques et capables de déboucher vos bouteilles à la file."
38823;Les meilleurs éviers de cuisine;https://meilleurtest.fr/comparatif-evier-de-cuisine/;cuisine;Élément essentiel d’une bonne cuisine, l’évier représente un équipement pratique pour le nettoyage des ustensiles et des aliments. Il s’avère aussi être un élément conférant un style particulier à cette pièce fonctionnelle. Existant en plusieurs matériaux, dimensions et formes diverses, découvrez à travers ce guide comment bien choisir un évier de cuisine.
38801;Les meilleurs soup maker;https://meilleurtest.fr/comparatif-soup-maker/;cuisine;La préparation d’une soupe prend des heures à la marmite. La solution, le soup maker. Cette machine technologique vous permettra de réaliser de belles recettes de soupes rapidement, veloutée ou moulinée. Mais pas que ça ! Polyvalent, il permet aussi de réaliser de délicieux smoothies ou de hacher. Afin de trouver le vôtre, jetez un œil à notre guide d’achat des meilleurs soup maker.
38783;Les meilleures poches à douille;https://meilleurtest.fr/comparatif-poche-a-douille/;cuisine;La pâtisserie ne se déguste pas seulement avec les papilles, mais aussi avec les yeux. Et quoi de mieux pour réaliser des œuvres d’art culinaire dignes des plus grands chefs qu’une poche à douille ? Un incontournable pour tous les pâtissiers, cet accessoire permet de dresser, de garnir et de pocher éclairs, macarons ou les gâteaux cake design dans les règles. Jetable ou réutilisable et lavable ? Craquez pour l’une des meilleures poches à douille de notre sélection.
38752;Les meilleurs woks;https://meilleurtest.fr/comparatif-wok/;cuisine;Le wok est un ustensile de cuisine permettant de faire sauter, mijoter, frire, cuire et même cuire à la vapeur des aliments. Il est d'origine asiatique et devient de plus en plus populaire en France. Facile d'utilisation, le wok permet de cuire les aliments rapidement grâce à son excellente conductivité. Nous vous proposons un guide pour trouver le wok qui vous convient le mieux.
38741;Les meilleurs pétrins;https://meilleurtest.fr/comparatif-petrin/;cuisine;Si vous devez préparer des pâtes à pain et que vous trouvez le pétrissage manuel de plus en plus pénible, acheter un pétrin est la meilleure solution pour vous. Ces robots électriques existent en une très large gamme de modèles sur le marché et faire le bon choix peut devenir un vrai parcours de combattant. Afin de mieux vous orienter, nous avons établi dans ce guide les critères essentiels pour choisir un pétrin ainsi qu’un éventail de produits sélectionnés parmi les meilleurs du moment.
38723;Les meilleures poêles à frire compatibles induction;https://meilleurtest.fr/comparatif-poele-a-frire-compatible-induction/;cuisine;"Avoir une <a href=""https://meilleurtest.fr/comparatif-plaque-a-induction/"">table de cuisson à induction</a>, c’est bien. Posséder les ustensiles de cuisson appropriés l’est encore mieux. Bien entendu, vos <a href=""https://meilleurtest.fr/comparatif-batterie-de-cuisine-induction/"">batteries de cuisine</a> et vos <a href=""https://meilleurtest.fr/comparatif-casserole-compatible-induction/"">casseroles</a> s’occupent déjà de la majorité des processus de cuisson. Mais il est impératif de disposer d’une poêle à frire compatible induction (munie d’un matériau magnétique au dos) si l’on veut saisir, dorer et sauter ses aliments à la perfection et éviter d’endommager la <a href=""https://meilleurtest.fr/comparatif-cuisiniere-a-induction/"">cuisinière</a>. En fonte ou en acier ? Pour savoir vers laquelle se tourner, consultez ce guide complet."
38719;Les meilleurs adaptateurs pour plaque à induction;https://meilleurtest.fr/comparatif-adaptateur-pour-plaque-a-induction/;cuisine;Au-delà de ses innombrables avantages, notamment en matière d’économie d’énergie et de performance, l’induction présente un inconvénient majeur : son incompatibilité avec les ustensiles non magnétiques. Pour résoudre ce souci, nous vous proposons de découvrir les meilleurs adaptateurs pour plaque à induction, ces accessoires qui rendent l’induction moins capricieuse.
38699;Les meilleures plaques mixtes induction et gaz;https://meilleurtest.fr/comparatif-plaque-mixte-induction-et-gaz/;cuisine;Si avant, nous cuisinons, soit avec une table de cuisson à gaz, soit électrique, il existe désormais une alternative utilisant les deux sources en même temps : la plaque mixte induction et gaz. Cet appareil combine les deux technologies pour offrir une grande praticité. En verre, en inox, 4 ou 5 foyers,... notre guide des meilleures plaques mixtes induction et gaz vous aidera à trouver rapidement celle qui s'adapte à vos besoins selon votre budget.
38677;Les meilleures cuisinières;https://meilleurtest.fr/comparatif-cuisiniere/;cuisine;Composée d'une table de cuisson et d'un four, la cuisinière, à gaz ou électrique, demeure un électroménager incontournable dans les cuisines modernes. Les cuisinières permettent de gagner de la place car c'est un élément 2 en 1 et elles fonctionnent avec tous les types de poêles ou casseroles. Afin de trouver la vôtre, voici un guide d'achat avec les meilleures cuisinières du moment.
38651;Les meilleurs couteaux japonais;https://meilleurtest.fr/comparatif-couteau-japonais/;cuisine;Si vous êtes un passionné de la cuisine, vous savez peut-être déjà que les couteaux japonais sont d’une qualité irréprochable. Ces ustensiles sont les plus populaires chez les chefs professionnels du monde entier, et le nombre d’utilisateurs de ce type de couteaux a considérablement augmenté ces dernières années. Souhaitez-vous réaliser de bonnes découpes avec les meilleurs couteaux japonais ? Notre guide est fait pour vous.
38640;Les meilleures cuisinières vitrocéramiques;https://meilleurtest.fr/comparatif-cuisiniere-vitroceramique/;cuisine;Avoir un four et des foyers de cuisson compatibles avec toutes les batteries de cuisine dans un même électroménager permet non seulement d’économiser de l’espace, mais aussi de redéfinir la façon de cuisiner. Cependant, il n’est toujours pas facile de trouver la bonne cuisinière vitrocéramique. Comment procéder pour bien choisir ? Faisons le point dans ce guide d’achat.
38625;Les meilleures lunch box;https://meilleurtest.fr/comparatif-lunch-box/;cuisine;"Les lunch box, ou boîte à repas, permettent de manger une nourriture saine le midi et évitez la malbouffe. En effet, qu'elles soient en verre, en plastique ou en acier, vous pourrez transporter vos plats faits maison au bureau ou à l'université grâce à votre lunch box. Pour ceux voulant manger un repas chaud et équilibré, certains modèles sont chauffants et d'autres passent au <a class=""wpil_keyword_link"" title=""micro-ondes"" href=""https://meilleurtest.fr/comparatif-micro-onde/"" data-wpil-keyword-link=""linked"">micro-ondes</a>. Pour trouver la lunch box idéale pour vous, lisez notre guide d’achat."
38613;Les meilleures plaques à induction aspirantes (avec hotte intégrée);https://meilleurtest.fr/comparatif-plaque-a-induction-aspirante-avec-hotte-integree/;cuisine;"Il faut avouer que les vapeurs et odeurs de nourriture qui se répandent dans toute la cuisine peuvent vite devenir agaçantes. D’où, l’intérêt d’opter pour une plaque à induction aspirante. Aussi efficace qu’un <a href=""//meilleurtest.fr/comparatif-desodorisant-maison/"">désodorisant maison</a>, elle permet une cuisson rapide de vos aliments et une élimination efficace des odeurs, de la fumée et de la vapeur grasse en cuisine. Si vous n’y connaissez pas grand-chose, fiez-vous à notre guide avant d’acheter un tel appareil."
38606;Les meilleures sorbetières rapport qualité-prix;https://meilleurtest.fr/comparatif-sorbetiere-rapport-qualite-prix/;cuisine;Les glaces des supermarchés sont fondantes et exquises, mais elles coûtent cher et contiennent des colorants et additifs en tous genres. En achetant une sorbetière, vous accédez à moindres frais aux délices des sorbets, crèmes glacées et autres granités sans craindre pour votre santé. D'autant plus que nous vous proposons de l'acheter au meilleur prix, peu importe la gamme qui vous intéresse. Suivez donc notre guide des meilleures sorbetières rapport qualité-prix !
38559;Les meilleures casseroles inox;https://meilleurtest.fr/comparatif-casserole-inox/;cuisine;L’inox est un matériau issu de la fusion du nickel et du chrome, pouvant servir de base de fabrication d’ustensiles de cuisine. Très sain et aussi esthétique, il s’intègre facilement dans les cuisines pour apporter plus d’élégance et de chic. En l’occurrence, avoir une casserole inox chez soi est un fait écologique, tout en étant économique. Aussi, découvrez comment bien choisir ce type d’ustensile.
38538;Les meilleurs chalumeaux de cuisine;https://meilleurtest.fr/comparatif-chalumeau-de-cuisine/;cuisine;Vous raffolez de crème brûlée parfaitement caramélisée, de tarte au citron meringuée ou de banane flambée ? Que vous soyez amateur ou professionnel, un chalumeau de cuisine ne sera jamais de trop dans votre mallette de pâtissier. Et parce que trouver le bon modèle n’est pas toujours de tout repos, nous vous aiderons à dénicher le meilleur chalumeau de cuisine à travers ce comparatif !
38535;Les meilleures plaques de cuisson vitrocéramiques;https://meilleurtest.fr/comparatif-plaque-de-cuisson-vitroceramique/;cuisine;"Une simple plaque de cuisson vitrocéramique à un ou plusieurs feux suffit à moderniser une cuisine et la rendre plus fonctionnelle. Plus efficace que les plaques électriques et moins énergivore que la <a class=""wpil_keyword_link"" title=""plaque à induction"" href=""https://meilleurtest.fr/comparatif-plaque-a-induction/"" data-wpil-keyword-link=""linked"">plaque à induction</a>, cet appareil ne se choisit pas n'importe comment. Découvrez tout ce qu'il y a à savoir à travers ce guide des meilleures plaques de cuisson vitrocéramiques."
38482;Les meilleures plaques à induction 3 feux;https://meilleurtest.fr/comparatif-plaque-a-induction-3-feux/;cuisine;Réputée pour sa consommation électrique faible et sa vitesse de cuisson, la plaque à induction a le vent en poupe aujourd'hui. Elle est dotée d’un inducteur qui forme un champ magnétique pour chauffer directement le récipient posé sur la plaque. La plaque à induction 3 feux fait partie des choix les plus pratiques en la matière. Ce modèle permet en effet de cuisiner plus rapidement. Voici un guide des meilleures plaques à induction 3 feux pour vous assurer de trouver celle qui vous convient le mieux.
38465;Les meilleurs tajines électriques;https://meilleurtest.fr/comparatif-tajine-electrique/;cuisine;Le tajine électrique est un ustensile de cuisine dédié à la conception d'un plat aux saveurs orientales. Il se distingue par sa forme conique. Celle-ci favorise la condensation de la vapeur d'eau et l'arrosage régulier de la nourriture pendant la cuisson. Il s'agit d'une version améliorée du tajine traditionnelle. Plus facilement maniable, ce type de tajine est alimenté directement par le socle qui l'accompagne. Il existe bon nombre de modèles sur le marché, comment s'y trouver ?
38431;Les meilleures lunch box chauffantes;https://meilleurtest.fr/comparatif-lunch-box-chauffante/;cuisine;Tout le monde n'a pas le luxe d'aller au resto ou revenir à la maison pendant la pause déjeuner. L'idéal pour ne pas perdre de temps et limiter les dépenses consiste à acheter une lunch box chauffante. En gros, c'est comme une lunch box, mais elle a la fonction maintien au chaud et peut réchauffer vos plats avant de les consommer. Lisez notre guide des meilleures lunch box chauffantes pour en savoir plus.
38404;Les meilleures passoires;https://meilleurtest.fr/comparatif-passoire/;cuisine;Un ustensile indémodable et non moins indispensable, la passoire est la star de la cuisine moderne. Elle vous permettra d’égoutter vos fruits et légumes dans les bonnes conditions, mais pas seulement... Elle se prête également à d’autres utilisations. Jetez un œil à notre sélection des meilleures passoires (de forme classique, conique ou pliable) du moment !
38350;Les meilleurs batteurs électriques;https://meilleurtest.fr/comparatif-batteur-electrique/;cuisine;"<div id="":1e.hw"" class=""fkp8p"">"
38347;Les meilleurs robots multifonctions;https://meilleurtest.fr/comparatif-robot-multifonction/;cuisine;Les robots multifonctions sont de ces outils qui rendent votre quotidien bien plus agréable. Dotés de fonctionnement simple, ces appareils servent à broyer, couper, hacher, pétrir et préparer des sauces. Les férus de pâtisserie ne sont pas en reste grâce aux innombrables options proposées. Trouvez votre robot ménager au meilleur prix grâce à notre guide d’achat.
38288;Les meilleures casseroles;https://meilleurtest.fr/comparatif-casserole/;cuisine;Parlons d’un ustensile que l’on utilise tous les jours : la casserole. Incontournable en cuisine, elle permet une multitude de préparations culinaires, ne serait-ce que pour faire bouillir de l'eau. Le hic, c'est qu'on trouve aussi une multitude de modèles sur le marché. En fonte, en cuivre, en inox, quelle casserole choisir ? Pour ne pas regretter votre achat, découvrez notre guide des meilleures casseroles pour cette année.
38239;Les meilleurs robots multifonctions professionnels;https://meilleurtest.fr/comparatif-robot-multifonction-professionnel/;cuisine;L’utilisation d’un robot multifonction professionnel dans la cuisine représente plusieurs avantages. En effet, cet appareil offre un gain de temps considérable à l’utilisateur sur leur préparation. Cependant, trouver le robot multifonction professionnel idéal n’est pas si facile que cela. C’est pour cela qu’on va vous présenter les meilleurs robots pour faciliter votre choix.
38211;Les meilleures poêles Tefal;https://meilleurtest.fr/comparatif-poele-tefal/;cuisine;Connue pour avoir inventé la toute première poêle antiadhésive, Tefal fait partie des leaders mondiaux sur ce marché. Acheter une poêle de la marque française est un investissement sûr que des millions de foyers ont déjà fait. Pourtant, beaucoup hésitent toujours à franchir le pas. Les récentes polémiques autour des polluants éternels présents dans les poêles Tefal (le PFOA) sèment le doute. Dans ce guide d’achat, vous trouverez les bonnes raisons d’adopter une poêle Tefal, une sélection des meilleurs modèles pour cette année et des conseils pour profiter pleinement de ses atouts.
38154;Les meilleurs percolateurs;https://meilleurtest.fr/comparatif-percolateur/;cuisine;Chers accros au café, voici l’appareil idéal qui doit absolument faire partie de votre vie : le percolateur. Efficace et ergonomique, ce dispositif vous permet d’améliorer vos expériences de dégustation du café. Appréciez son côté discret qui dissimule une technique infaillible pour vous fournir une délicieuse tasse bien parfumée. Trouvez votre percolateur en nous suivant dans ce guide d’achat.
38104;Les meilleurs gaufriers croque-monsieur;https://meilleurtest.fr/comparatif-gaufrier-croque-monsieur/;cuisine;"Avoir un appareil à croque-monsieur chez soi peut être un atout pour toute la famille. Cela vous permet de réaliser différentes sortes de cuisson à la maison et ce, en toute occasion. De plus, il est devenu très tendance depuis quelques années. Dans cet article, dans notre guide d’achat nous allons vous présenter les <a class=""wpil_keyword_link"" title=""meilleurs gaufriers"" href=""https://meilleurtest.fr/comparatif-gaufrier/"" data-wpil-keyword-link=""linked"">meilleurs gaufriers</a> croque-monsieur pour vous aider à l’achat."
38000;Les meilleures cuisines pas chères;https://meilleurtest.fr/comparatif-cuisine-pas-chere/;cuisine;S’offrir une nouvelle cuisine nécessite de prendre en compte plusieurs facteurs : les dimensions, les meubles qui composent l’ensemble, les matériaux utilisés pour la fabrication et surtout le prix. Si vous avez un budget limité et galérez pour trouver une cuisine allant de 200 à 600 euros, vous êtes au bon endroit. Notre guide des meilleures cuisines pas chères vous est spécialement dédié.
37993;Les meilleurs appareils à fondue chinoise;https://meilleurtest.fr/comparatif-appareil-a-fondue-chinoise/;cuisine;Lorsque la température se fait plus basse, toute la famille se réunit souvent autour de la table afin de déguster de délicieuses et irrésistibles fondues chinoises. Cette préparation, composée principalement de viande, de poisson ou de légumes, ne sera pourtant pas une réussite sans un appareil à fondue chinoise digne de ce nom. Découvrez notre comparatif pour vous aider à dénicher le modèle adapté à vos besoins et vos moyens !
37985;Les meilleurs micro-ondes multifonction;https://meilleurtest.fr/comparatif-micro-onde-multifonction/;cuisine;"Le <a class=""wpil_keyword_link"" title=""micro-onde"" href=""https://meilleurtest.fr/comparatif-micro-onde/"" data-wpil-keyword-link=""linked"">micro-onde</a> ne se cantonne plus au seul rôle d’appareil de réchauffage ou de décongélation de plats. Désormais multifonctions, cet appareil électroménager peut substituer l’éternel four. Encastrable ou à pose libre ? Le choix n’est pas souvent facile. Afin de vous aider, retrouvez dans ce guide notre sélection des meilleurs micro-ondes multifonctions de l’année."
37983;Les meilleurs appareils à raclette;https://meilleurtest.fr/comparatif-appareil-a-raclette/;cuisine;La raclette, vous pouvez la préparer à l'ancienne ou vous simplifier la vie en achetant un appareil dédié. Les versions les plus récentes d'appareils à raclettes ne se limitent plus à faire des fondues. désormais, on retrouve des fonctions de plancha, pierrade, gril ou encore crêpière sur ce type d'appareil. Mais quand on voit les nombreuses déclinaisons sur le marché, on peut hésiter quant au modèle à choisir. Envie d'une bonne raclette ? Découvrez notre guide des meilleurs appareils à raclette.
37960;Les meilleurs blenders à smoothies;https://meilleurtest.fr/comparatif-blender-a-smoothies/;cuisine;"Rien ne vaut un blender à smoothies pour consommer la bonne quantité de fruits et de légumes nécessaires au quotidien. À faible densité calorique, ces aliments s’invitent dans le concept du fait-maison et contribuent à la quête d’une alimentation plus saine et plus équilibrée. Afin de vous aider à faire le bon choix, nous avons préparé ce guide des <a class=""wpil_keyword_link"" title=""meilleurs blenders"" href=""https://meilleurtest.fr/comparatif-blender/"" data-wpil-keyword-link=""linked"">meilleurs blenders</a> à smoothies du moment. Faites votre choix !"
37921;Les meilleures yaourtières;https://meilleurtest.fr/comparatif-yaourtiere/;cuisine;Faire des yaourts voire des fromages maison, sans additifs ni produits chimiques, est maintenant possible grâce à une yaourtière. Mais pour mettre à l’honneur ces produits laitiers, encore faut-il connaître les caractéristiques du bon appareil. Dans cette optique, notre guide pourrait sûrement vous orienter vers la yaourtière qui s’adapte au mieux à vos attentes et à votre budget.
37905;Les meilleurs robots multicuiseurs;https://meilleurtest.fr/comparatif-robot-multicuiseur/;cuisine;Apparu dans les années 50, le robot multicuiseur figure parmi les équipements de cuisson modernes dont vous ne pourrez plus vous passer. Polyvalent, rapide et super pratique, il vous promet un gain de temps précieux et une préparation culinaire inratable. En quête du meilleur robot multicuiseur ou envie d'acheter malin ? Laissez-vous guider par les conseils avisés de nos experts.
37903;Les meilleurs robots cuisine multifonctions;https://meilleurtest.fr/comparatif-robot-de-cuisine-multifonction/;cuisine;"Un assistant culinaire par excellence, le robot de cuisine multifonction se présente comme étant un véritable couteau suisse qui vous permet de réduire la durée de préparation de vos plats tout en limitant vos dépenses et vos consommations énergétiques. Mais entre robot cuiseur, <a class=""wpil_keyword_link"" title=""robot pâtissier"" href=""https://meilleurtest.fr/comparatif-robot-patissier/"" data-wpil-keyword-link=""linked"">robot pâtissier</a> et robot mixeur multifonction, lequel choisir ? Suivez notre comparatif !"
37902;Les meilleurs micro-ondes pas chers;https://meilleurtest.fr/comparatif-micro-ondes-pas-cher/;cuisine;"Vous avez besoin d’investir dans un <a class=""wpil_keyword_link"" title=""micro-onde"" href=""https://meilleurtest.fr/comparatif-micro-onde/"" data-wpil-keyword-link=""linked"">micro-onde</a>, mais n’avez pas le budget nécessaire pour un modèle au-delà de 250 € ? Rassurez-vous, le marché regorge de micro-ondes pas chers, efficaces et puissants à prix compétitif. Monofonction, programmable, multifonction, autonome ou intégrable, trouvez le bon modèle et suivez le guide dans son intégralité."
37901;Les meilleurs micro-ondes;https://meilleurtest.fr/comparatif-micro-onde/;cuisine;Le micro-ondes occupe une place importante dans toutes les cuisines françaises du fait de sa praticité et de sa compacité. Embarquant les dernières innovations, les modèles actuels se veulent encore plus puissants et plus performants pour répondre à tous les niveaux d’exigences. Combiné, encastrable ou monofonction ? Ce guide orientera vos choix en fonction de vos réels besoins.
37873;Les meilleurs cuiseurs vapeurs bébés;https://meilleurtest.fr/comparatif-cuiseur-vapeur-bebe/;cuisine;Le cuiseur vapeur bébé permet de préparer rapidement les repas de bébé, tout en préservant leurs nutriments. Avec un tel appareil, vous pourrez entamer la diversification alimentaire de votre bébé en toute sérénité. Parmi les nombreux modèles sur le marché (avec fonctions de chauffage, mixage, maintien au chaud, cuisson, stérilisation, etc.), lequel choisir ? Lisez ce guide.
37845;Les meilleurs autocuiseurs;https://meilleurtest.fr/comparatif-autocuiseur/;cuisine;L’autocuiseur a révolutionné la cuisine en réduisant les temps de cuisson de manière spectaculaire. On le reconnaît facilement à son couvercle hermétique, ses parois épaisses et surtout à sa soupape détachable. À la fois pratique et ergonomique, cet ustensile de cuisine peut réduire jusqu’à 3 fois le temps que vous passerez à cuisiner. Trouvez dans ce guide le meilleur autocuiseur ou celui qui s’accorde le mieux à vos attentes.
37844;Les meilleurs appareils à pierrade;https://meilleurtest.fr/comparatif-appareil-a-pierrade/;cuisine;La pierre est utilisée comme accessoire de cuisson depuis l’époque préhistorique. S’inscrivant dans cette tradition, ce matériau revêt aujourd’hui un aspect plus moderne, qui connaît un franc succès : l’appareil à pierrade. Cet équipement fonctionne sur secteur et permet d’adopter une alimentation saine et équilibrée sans oublier des plats savoureux. Mais lequel choisir ? Découvrez notre comparatif des meilleurs appareils à pierrade pour cette année.
37830;Les meilleures serviettes de table;https://meilleurtest.fr/comparatif-serviette-de-table/;cuisine;La serviette de table est un accessoire intemporel qui permet d’habiller et de sublimer une table à manger dans son ensemble. Elle se révèle évidemment plus pratique que décorative. Pour le quotidien ou à l'occasion d'un évènement spécial, le choix n’est pas toujours une mince affaire. Que vous préfériez les modèles en papier ou en tissu, dénichez les meilleures serviettes de table en lisant notre guide.
37824;Les meilleures cuisines pour enfant;https://meilleurtest.fr/comparatif-cuisine-pour-enfant/;cuisine;La cuisine pour enfant un est grand classique dans l'univers des jouets. De nombreuses petites filles en ont reçu une pour Noël ou leur anniversaire. Les petits garçons sont également nombreux à s’intéresser à ce jouet pour apprendre les bases de la cuisine de façon ludique et sans risque. Le choix d’une bonne cuisine pour enfant, complète, réaliste et sécurisée, est primordial pour profiter de son caractère ludique et exploiter son aspect éducatif. Pour en savoir plus, découvrez notre sélection des meilleures cuisines pour enfant et nos conseils pour bien choisir.
37815;Les meilleurs verres à whisky;https://meilleurtest.fr/comparatif-verre-a-whisky/;cuisine;Le verre à whisky porte bien son nom. Cette verrerie spécifique vous permet d’apprécier la saveur de votre boisson alcoolisée dans les règles de l’art. Tumbler, Neat, Rocking Glass, Riedel… Quel modèle libère mieux l’arôme et le parfum du whisky que vous avez choisi de consommer ? Pour gagner du temps, lisez notre guide des meilleurs verres à whisky.
37810;Les meilleures mandolines japonaises;https://meilleurtest.fr/comparatif-mandoline-japonaise/;cuisine;La mandoline japonaise, malgré son appellation, devient une véritable tendance dans les cuisines occidentales. Elle permet de couper les fruits et légumes plus facilement, mais aussi d’ajouter plus d’élégance et de style à vos plats. L’outil se distingue par ses coupes régulières, ses lames interchangeables ainsi que sa sécurité et son confort d’utilisation. Focus sur cet ustensile de cuisine efficace.
37809;Les meilleurs thermos pour le café;https://meilleurtest.fr/comparatif-thermos-a-cafe/;cuisine;Vous êtes un véritable caféinomane ? Avoir votre dose journalière de caféine saura vous redonner la pêche. En ce sens, le thermos à café vous sera très utile en déplacement ou pour le travail. Plus efficace qu’une bouteille isotherme, il offre une bonne conservation de la chaleur, de la fraîcheur et de la saveur à votre boisson pendant des heures. Découvrez les meilleurs thermos à café du moment.
37778;Les meilleurs casse-noix;https://meilleurtest.fr/comparatif-casse-noix/;cuisine;Les fruits à coque ont un impact positif sur le taux de glycémie, le taux de cholestérol et le transit. Pour retirer la coque bien comme il faut, sans vous blesser, offrez-vous un casse-noix. Outil pratique et objet décoratif, on trouve des casse-noix de toutes sortes, ce qui complique le choix. Heureusement, notre guide d’achat va vous faire gagner du temps.
37776;Les meilleures poêles en pierre;https://meilleurtest.fr/comparatif-poele-pierre/;cuisine;"La <a class=""wpil_keyword_link"" title=""poêle à frire"" href=""https://meilleurtest.fr/comparatif-poele-a-frire/"" data-wpil-keyword-link=""linked"">poêle à frire</a> figure parmi les incontournables en matière d’ustensiles de cuisson. Vous pouvez y faire revenir, griller et sauter de la viande, des œufs, des légumes, du poisson… Une excellente alternative écologique et rentable, la poêle en pierre en particulier est souvent sans PFOA et naturellement antiadhésive. Pour savoir quel  modèle choisir, apprenez-en davantage sur les poêles en pierre à travers notre guide d’achat."
37772;Les meilleures cuisinières électriques;https://meilleurtest.fr/comparatif-cuisiniere-electrique/;cuisine;Incontournables, pratiques et sécuritaires, les cuisinières électriques comptent parmi les plus plébiscités pour la cuisson des repas chez les particuliers que les professionnels. Vous souhaitez en acquérir une, en étant sûr de faire le bon choix en termes de performances que de prix ? Ce guide est fait pour vous ! Cuisinière vitrocéramique, à induction, four multifonction, nettoyage des plaques de cuisson… Faites le point pour choisir efficacement.
37723;Les meilleurs micro-onde combinés;https://meilleurtest.fr/comparatif-micro-onde-combine/;cuisine;Les utilisateurs délaissent les micro-ondes classiques depuis l'apparition de modèles multifonctions ou combinés. Pratiques, polyvalents et efficaces, ils n'ont presque pas de défauts. D'ailleurs, 1 micro-ondes sur 3 vendus en Europe est un micro-ondes combiné. Mais quel appareil choisir et quelle marque ? Pour le savoir, nous vous invitons à lire ce guide d'achat des meilleurs micro-ondes combinés.
37709;Les meilleures planches à découper;https://meilleurtest.fr/comparatif-planche-a-decouper/;cuisine;Incontournable en cuisine, la planche à découper est généralement faite en bois, en verre ou en plastique. Le design seul ne peut constituer un critère de choix pour cet ustensile. D’autres paramètres entrent également en ligne de compte. Simple, billot, avec rigole ou avec tiroirs ? Pour trouver les meilleures planches à découper, consultez notre guide d’achat.
37682;Les meilleurs blenders;https://meilleurtest.fr/comparatif-blender/;cuisine;Vous avez tout à fait raison de préférer les préparations fait-maison pour garantir la qualité de votre alimentation. Pour parvenir à cet objectif, il vous faut un appareil multifonction comme un blender. Il vous permettra de réaliser de savoureux cocktails et soupes, tout en conservant la totalité de leurs nutriments. Mais que choisir entre blenders classiques, chauffants, sous vide, etc. ? Suivez notre guide.
37677;Les meilleurs kits de brassage de bière;https://meilleurtest.fr/comparatif-kit-de-brassage-de-biere/;cuisine;Brasser une bière, c’est comme faire du vélo. Une fois les techniques acquises, on ne peut que s'améliorer. Bien entendu, vous devez avoir les bons matériels et les bons ingrédients pour produire de la bonne bière. Pour vous simplifier la vie, vous aurez le choix entre le kit houblonné, le kit extrait de malt et le kit de brassage de bière tout grain. Envie de vous lancer dans la brasserie maison ? Découvrez notre guide des meilleurs kits de brassage de bière.
37651;Les meilleurs services de table;https://meilleurtest.fr/comparatif-service-de-table/;cuisine;Un beau service de table en met toujours plein la vue aux convives. Il assure notamment une belle présentation pour vos préparations culinaires. Quel que soit le matériau de fabrication des assiettes (grès, faïence, porcelaine, verre ou ardoise), le plus dur consiste à faire le bon choix en respectant votre budget et le dressage prévu. Gagnez du temps en lisant notre guide des meilleurs services de tables pour cette année.
37650;Les meilleurs tire-bouchons;https://meilleurtest.fr/comparatif-tire-bouchon/;cuisine;"Saviez-vous que <a href=""https://blog.mediapost.fr/les-francais-et-le-vin/"">8 français sur 10 achètent et consomment du vin au moins une fois par an</a> ? Pour déguster une bonne bouteille, il faudra avant tout un tire-bouchon. Cet ustensile fonctionnel se décline dans toutes les formes, allant des classiques aux plus improbables. Si vous avez du mal à choisir parmi les nombreuses offres, voici notre comparatif des meilleurs tire-bouchons pour cette année."
37646;Les meilleurs couteaux de cuisine;https://meilleurtest.fr/comparatif-couteau-de-cuisine/;cuisine;Une cuisine sans couteau, c’est comme un oiseau sans ses ailes. Il ne vous sera pas facile de couper, trancher, éplucher, tailler, ciseler, découper ou hacher vos ingrédients sans cet ustensile incontournable. De la viande aux légumes, tous les aliments y passent sans difficulté. Bien sûr, de sa taille et de sa forme dépend le rôle d’un bon couteau de cuisine. Comment dénicher le meilleur ? Voici le guide !
37641;Les meilleurs gants de cuisine;https://meilleurtest.fr/comparatif-gants-de-cuisine/;cuisine;Impossible d'avoir une cuisine sans four. Et tout bon maître du fourneau doit se préparer à toutes les éventualités, notamment les risques de brûlures en manipulant le plateau ou un moule. Raison pour laquelle une paire de gants de cuisine est indispensable. Anti-brûlure, anti-coupure, pas facile de faire le bon choix. Suivez notre guide pour trancher.
37609;Les meilleurs hachoirs à viande;https://meilleurtest.fr/comparatif-hachoir-a-viande/;cuisine;"À l’ère du fait maison, de nombreux <a href=""https://meilleurtest.fr/comparatif-trancheuse-electrique/"">équipements électroménagers</a>, réservés auparavant aux seuls professionnels, se font de plus en plus démocratiser. Parmi eux figure le hachoir à viande, un incontournable pour préparer des saucisses, des terrines, des crépinettes ou du tartare. Manuel ou électrique ? Le hachoir à viande parfait se trouve peut-être dans notre comparatif."
37608;Les meilleurs thermos;https://meilleurtest.fr/comparatif-thermos/;cuisine;Bien plus qu’une marque, le thermos désigne aujourd’hui le récipient qui garde soupes et boissons à une température constante pendant plusieurs heures. Il assure une isolation thermique exemplaire et peut vous accompagner ailleurs qu’au travail. Bouteille thermos, tasse à café isotherme, gourde thermos…, choisir le bon modèle peut devenir un casse-tête. Fiez-vous à notre guide des meilleurs thermos pour gagner du temps.
37594;Les meilleurs stérilisateurs à bocaux électriques;https://meilleurtest.fr/comparatif-sterilisateur-de-bocaux/;cuisine;Consommer des plats faits maison est une tendance très en vogue. Utilisé en cuisine, le stérilisateur de bocaux permet de conserver les aliments préparés sans en altérer le goût. Modèle électrique ou à gaz, choisir le bon modèle n'est pas simple. Gagnez du temps en lisant ce guide des meilleurs stérilisateurs de bocaux en 2023.
37591;Les meilleurs blenders chauffants;https://meilleurtest.fr/comparatif-blender-chauffant/;cuisine;"Chaque année, <a href=""https://www.agro-media.fr/analyse/les-soupes-en-briques-maison-marche-bat-plein-17146.html#:~:text=Caricatural%2C%20vous%20dites%20%3F,de%20570%20millions%20d'euros."">un Français consomme plus de 12 L de soupe</a>. Ça tombe bien, le blender chauffant peut concocter des potages et soupes vitaminées en un temps record. Indispensable en cuisine, il permet de mixer, cuire, mais aussi préparer des cocktails et smoothies. Pour vous, nous avons réalisé ce guide des <a class=""wpil_keyword_link"" title=""meilleurs blenders"" href=""https://meilleurtest.fr/comparatif-blender/"" data-wpil-keyword-link=""linked"">meilleurs blenders</a> chauffants."
37540;Les meilleurs verres de table;https://meilleurtest.fr/comparatif-verre-de-table/;cuisine;Une table bien ordonnée ne sera pas parfaite sans de jolis verres de table, assortis à la vaisselle et aux couverts. Coloré, transparent, en cristal, à pied, sans pied…, ce type de verre existe en des formes différentes pour s’accorder à toutes les occasions. En panne d’idées pour vos prochains verres à eau, verres à vin ou verres à champagne ? Découvrez notre guide des meilleurs verres de table.
37534;Les meilleurs tapis anti fatigue de cuisine;https://meilleurtest.fr/comparatif-tapis-anti-fatigue-de-cuisine/;cuisine;Si vous aimez faire la cuisine, vous savez que rester debout plusieurs heures peut vous donner mal au dos et des pressions insupportables aux jambes. D’autant plus que les conceptions de cuisine modernes d’aujourd’hui incluent des sols en bois dur ou en céramique. Pour vous aider à lutter contre ces fatigues, pourquoi ne pas acheter des tapis de cuisine anti fatigues ? Lisez notre guide pour en savoir plus.
37504;Les meilleurs entonnoirs de cuisine;https://meilleurtest.fr/comparatif-entonnoir-de-cuisine/;cuisine;Petit accessoire que l’on a tendance à oublier, l’entonnoir fait partie des ustensiles les plus utilisés en cuisine. Il permet de transvaser des liquides ou des poudres afin de les verser dans des récipients étroits. Encore faut-il trouver le bon entonnoir de cuisine, c’est-à-dire le modèle qui répondra au mieux à vos besoins et que vous pourriez acheter à un prix abordable. Trouvez ce qu'il vous faut à travers ce guide.
37499;Les meilleures cocottes-minute;https://meilleurtest.fr/comparatif-cocotte-minute/;cuisine;La cocotte-minute est un ustensile permettant de cuire la nourriture sous pression ou à la vapeur. Elle assure un gain de temps considérable dans la préparation du repas. Mais la robustesse et la pression supportée peuvent varier énormément d’un modèle à l’autre. Pour ne pas regretter votre choix, consultez notre guide des meilleures cocottes-minute du marché.
37498;Les meilleures cocottes en fonte;https://meilleurtest.fr/comparatif-cocotte-fonte/;cuisine;Un excellent mélange entre modernité et tradition, la cocotte en fonte est un incontournable en termes d’ustensiles de cuisine. Elle vous permet différents modes de cuisson telle que la cuisson à l’étouffée, la cuisson lente, la cuisson braisée… N’étant pas seulement une affaire de goût, votre choix doit répondre à différents critères. Voici notre comparatif des meilleures cocottes en fonte du moment.
37496;Les meilleures casseroles compatibles induction;https://meilleurtest.fr/comparatif-casserole-compatible-induction/;cuisine;Propres, faciles à utiliser et dotées d’un design très soigné, les plaques à induction sont de plus en plus présentes dans nos cuisines. Mais voilà, il faut utiliser des poêles et casseroles compatibles pour profiter pleinement des avantages de cet appareil de cuisson. Vous hésitez quant au choix de l’ustensile à utiliser ? Ce guide d’achat vous aidera à trouver la meilleure casserole compatible induction du marché.
37492;Les meilleures boîtes à pain;https://meilleurtest.fr/comparatif-boite-a-pain/;cuisine;Pas facile de conserver du pain quand on ne dispose pas des bons équipements ! En ce sens, la boîte à pain permet de préserver toutes les saveurs et la qualité de vos pains frais dans les meilleures conditions. Si vous voulez éviter que ceux-ci se durcissent à l’air libre, découvrez notre guide comparatif des meilleures boîtes à pain du moment.
37463;Les meilleures sorbetières;https://meilleurtest.fr/comparatif-sorbetiere/;cuisine;"Si comme <a href=""https://www.lefigaro.fr/conso/glaces-et-sorbets-comment-les-professionnels-font-face-a-l-explosion-de-la-demande-20190725"">84 % des Français</a> vous êtes amateur de glaces et de crèmes glacées, investissez dans une sorbetière, ce sera de l'argent intelligemment dépensé. Une sorbetière est la machine parfaite pour fabriquer vos propres sorbets, réaliser des recettes aux parfums que vous ne trouverez pas en supermarché ou qui vous coûteraient cher dans les boutiques spécialisées. De nombreuses options s'offrent à vous, que ce soit les sorbetières manuelles, électriques ou les fameuses turbines à glaces."
37460;Les meilleurs extracteurs de jus;https://meilleurtest.fr/comparatif-extracteur-de-jus/;cuisine;"Plus pratique qu’une centrifugeuse et plus fonctionnel qu’un <a class=""wpil_keyword_link"" title=""mixeur"" href=""https://meilleurtest.fr/comparatif-blender/"" data-wpil-keyword-link=""linked"">mixeur</a>, l’extracteur de jus réalise des boissons fraîches riches en nutriments. Polyvalent, il permet de préparer de bonnes purées et compotées de légumes et fruits pleins d'antioxydants. Comment choisir un extracteur de jus qui délivrera les meilleures saveurs de vos ingrédients naturels ? On vous dit tout dans ce guide d’achat."
37458;Les meilleurs micro-ondes encastrables;https://meilleurtest.fr/comparatif-micro-onde-encastrable/;cuisine;"Choix esthétique, solution gain de place et appareil fonctionnel, le <a href=""https://meilleurtest.fr/comparatif-micro-onde/"">micro-ondes</a> encastrable n'aura aucune difficulté à s’intégrer dans toutes les cuisines, quels qu’en soient le style et la taille. Décongeler ou réchauffer, griller ou gratiner, rôtir ou cuire à la vapeur, les fonctionnalités varient selon les modèles et se choisissent selon les besoins. Comment dénicher les meilleurs micro-ondes encastrables ? Faisons le point à travers ce guide d'achat."
37391;Les meilleures cuisinières à bois;https://meilleurtest.fr/comparatif-cuisiniere-a-bois/;cuisine;Les cuisinières à bois résistent bien à l’essor des modèles modernes à gaz et autres pianos de cuisson. Authentiques et chaleureuses, elles sont surtout appréciées pour leur polyvalence : elles assurent également une fonction de chauffage. Si le concept vous plaît et si vous voulez vous en procurer une, notre guide des meilleures cuisinières à bois vous intéressera.
37387;Les meilleures pierres à pizza;https://meilleurtest.fr/comparatif-pierre-a-pizza/;cuisine;Tous les plus grands pizzaiolos vous le confirmeront, les meilleures pizzas se réalisent avec cet accessoire que l’on appelle pierre à pizza. Autrefois réservé aux professionnels, l’ustensile est aujourd’hui accessible au grand public. Comment choisir votre pierre à pizza ? Ce guide d’achat complet vous fournit toutes les informations nécessaires et les conseils pratiques pour dénicher le meilleur modèle du marché.
37370;Les meilleurs thermos alimentaires;https://meilleurtest.fr/comparatif-thermos-alimentaire/;cuisine;Si vous voulez profiter de vos repas faits maison au travail ou en déplacement, procurez-vous un bon thermos alimentaire. Pratique et économique, c’est l’équipement incontournable pour le transport et la conservation de vos aliments jusqu’à la dégustation. Encore faut-il trouver le bon modèle et savoir comment bien l’utiliser. Pour cela, nous vous invitons à lire notre comparatif des meilleurs thermos alimentaires.
37360;Les meilleurs presse-purées;https://meilleurtest.fr/comparatif-presse-puree/;cuisine;Si 86 % des Français aiment les pommes de terre sous toutes les formes, 76 % les apprécient particulièrement en purée. Vous aurez sûrement besoin d’un presse-purée pour faire plaisir à vos papilles si vous en faites partie. Purée pour bébé, purée de pommes de terre, compote de pommes sont autant de recettes réalisables. Trouvez le vôtre parmi notre sélection des meilleurs presse-purées.
37275;Les meilleurs cuiseurs vapeur;https://meilleurtest.fr/comparatif-cuiseur-vapeur/;cuisine;En quête d’un appareil de cuisine fiable et simple pour la préparation de menus plus sains tout en conservant le maximum des valeurs nutritionnelles dans vos aliments ? Investir dans un cuiseur vapeur reste la meilleure option. Mais face à la multitude de choix et de marques, difficile de trouver celui réellement adapté à vos besoins et vos moyens. Heureusement, notre guide des meilleurs cuiseurs vapeur est là pour vous aider.
37255;Les meilleures batteries de cuisine antiadhésives;https://meilleurtest.fr/comparatif-batterie-de-cuisine-antiadhesive/;cuisine;Une batterie de cuisine est l’ensemble des éléments et ustensiles permettant de faire cuire les aliments : casseroles, poêles, marmites, etc. En la matière, la batterie de cuisine antiadhésive constitue le nec plus ultra puisqu’elle facilite la cuisson et le nettoyage. Mais laquelle choisir ? Pour le savoir, suivez notre guide.
37250;Les meilleures batteries de cuisine compatibles induction;https://meilleurtest.fr/comparatif-batterie-de-cuisine-induction/;cuisine;"En plus de constituer un élément de décoration pour la cuisine, la <a class=""wpil_keyword_link"" title=""batterie de cuisine"" href=""https://meilleurtest.fr/comparatif-batterie-de-cuisine/"" data-wpil-keyword-link=""linked"">batterie de cuisine</a> permet une cuisson rapide des aliments et les tient au chaud plus longtemps. Le choix de ce groupe d’ustensiles demeure difficile à cause des innombrables modèles disponibles sur le marché. Pour réduire votre champ de recherche, nous vous proposons dans ce guide les meilleures batteries de cuisine compatibles induction."
37241;Les meilleurs verres à vin;https://meilleurtest.fr/comparatif-verre-de-vin/;cuisine;La France est le deuxième pays consommateur de vin au monde, avec 40 L par an et par habitant. Pour un amateur de bon cru, trouver le bon verre à vin importe autant que de trouver la bonne bouteille ! Verre tulipe, sur pied et sans pied, découvrez notre guide des meilleurs verres à vin pour trouver le vôtre.
37237;Les meilleurs robots pâtissiers;https://meilleurtest.fr/comparatif-robot-patissier/;cuisine;En France, un foyer dépense 350 euros par an en pâtisserie. Il est aussi vrai que les Français adorent en faire eux-mêmes. Pour préparer la pâte, le robot pâtissier se change en pétrisseur, fouet, batteur et bien d’autres. Nous avons passé en revue les plus grandes marques (Kenwood, Moulinex, Kitchenaid…) pour vous proposer ce guide avec une sélection des meilleurs robots pâtissiers du moment.
37227;Les meilleures turbines à glace;https://meilleurtest.fr/comparatif-turbine-a-glace/;cuisine;"Savez-vous que 90% des Français consomment régulièrement de la <a href=""https://meilleurtest.fr/comparatif-sorbetiere-rapport-qualite-prix/"" target=""_blank"" rel=""noopener"">glace</a> au dessert ? Le prix, compris entre 3 et 8,50 € (en cornet ou en pot), revient malheureusement cher sur le long terme. La meilleure solution reste donc l’usage d’une turbine à glace, une machine produisant elle-même le froid, à l’inverse de la <a href=""https://meilleurtest.fr/comparatif-sorbetiere/"" target=""_blank"" rel=""noopener"">sorbetière</a>. Découvrez les meilleurs modèles à travers ce comparatif."
37218;Les meilleures poêles à frire;https://meilleurtest.fr/comparatif-poele-a-frire/;cuisine;La poêle à frire est un ustensile incontournable en cuisine. Grande, petite, avec bec verseur, antiadhésive, en aluminium, en fonte… il y en a pour tous les goûts et pour tous les budgets. D'un autre côté, il y a une panoplie de modèles disponibles qu'il devient difficile de choisir le bon. Ainsi, on a fait les études préliminaires pour vous et on vous propose dans cet article les meilleures poêles à frire sur le marché.
37203;Les meilleures plaques à induction;https://meilleurtest.fr/comparatif-plaque-a-induction/;cuisine;Place maintenant à une énergie plus propre et plus sécurisante. Et c’est exactement ce que vous offre la plaque à induction (avec un design moderne en prime). Vous prendrez du plaisir à cuisiner tout en bénéficiant d’un gain de temps lors de la cuisson de vos aliments. Découvrez quels sont les points de vigilance à retenir pour trouver la meilleure plaque induction.
37202;Les meilleures boîtes alimentaires;https://meilleurtest.fr/comparatif-boite-de-conservation-alimentaire/;cuisine;Après avoir passé du temps à préparer un délicieux repas, vous voulez que les restes restent aussi frais et savoureux que le jour où vous avez cuisiné les aliments. De bonnes boîtes de conservation alimentaires sont essentielles pour garder au frais vos meilleurs plats pendant quelques jours.
37201;Les meilleurs aiguiseurs de couteaux;https://meilleurtest.fr/comparatif-aiguiseur-de-couteaux/;cuisine;Tous ceux qui aiment cuisiner savent qu’il est indispensable d’avoir des couteaux bien aiguisés. C’est autant une question de qualité de coupe que de sécurité. Mais, entre les pierres à aiguiser, les fusils aiguiseurs et les aiguiseurs électriques, il peut être difficile de se décider. Pour vous aider, nous faisons le point sur les différents types d’aiguiseurs et les meilleurs modèles du moment.
38154;Les meilleurs percolateurs;https://meilleurtest.fr/comparatif-percolateur/;cuisine;Chers accros au café, voici l’appareil idéal qui doit absolument faire partie de votre vie : le percolateur. Efficace et ergonomique, ce dispositif vous permet d’améliorer vos expériences de dégustation du café. Appréciez son côté discret qui dissimule une technique infaillible pour vous fournir une délicieuse tasse bien parfumée. Trouvez votre percolateur en nous suivant dans ce guide d’achat.
38104;Les meilleurs gaufriers croque-monsieur;https://meilleurtest.fr/comparatif-gaufrier-croque-monsieur/;cuisine;"Avoir un appareil à croque-monsieur chez soi peut être un atout pour toute la famille. Cela vous permet de réaliser différentes sortes de cuisson à la maison et ce, en toute occasion. De plus, il est devenu très tendance depuis quelques années. Dans cet article, dans notre guide d’achat nous allons vous présenter les <a class=""wpil_keyword_link"" title=""meilleurs gaufriers"" href=""https://meilleurtest.fr/comparatif-gaufrier/"" data-wpil-keyword-link=""linked"">meilleurs gaufriers</a> croque-monsieur pour vous aider à l’achat."
38000;Les meilleures cuisines pas chères;https://meilleurtest.fr/comparatif-cuisine-pas-chere/;cuisine;S’offrir une nouvelle cuisine nécessite de prendre en compte plusieurs facteurs : les dimensions, les meubles qui composent l’ensemble, les matériaux utilisés pour la fabrication et surtout le prix. Si vous avez un budget limité et galérez pour trouver une cuisine allant de 200 à 600 euros, vous êtes au bon endroit. Notre guide des meilleures cuisines pas chères vous est spécialement dédié.
37993;Les meilleurs appareils à fondue chinoise;https://meilleurtest.fr/comparatif-appareil-a-fondue-chinoise/;cuisine;Lorsque la température se fait plus basse, toute la famille se réunit souvent autour de la table afin de déguster de délicieuses et irrésistibles fondues chinoises. Cette préparation, composée principalement de viande, de poisson ou de légumes, ne sera pourtant pas une réussite sans un appareil à fondue chinoise digne de ce nom. Découvrez notre comparatif pour vous aider à dénicher le modèle adapté à vos besoins et vos moyens !
37985;Les meilleurs micro-ondes multifonction;https://meilleurtest.fr/comparatif-micro-onde-multifonction/;cuisine;"Le <a class=""wpil_keyword_link"" title=""micro-onde"" href=""https://meilleurtest.fr/comparatif-micro-onde/"" data-wpil-keyword-link=""linked"">micro-onde</a> ne se cantonne plus au seul rôle d’appareil de réchauffage ou de décongélation de plats. Désormais multifonctions, cet appareil électroménager peut substituer l’éternel four. Encastrable ou à pose libre ? Le choix n’est pas souvent facile. Afin de vous aider, retrouvez dans ce guide notre sélection des meilleurs micro-ondes multifonctions de l’année."
37983;Les meilleurs appareils à raclette;https://meilleurtest.fr/comparatif-appareil-a-raclette/;cuisine;La raclette, vous pouvez la préparer à l'ancienne ou vous simplifier la vie en achetant un appareil dédié. Les versions les plus récentes d'appareils à raclettes ne se limitent plus à faire des fondues. désormais, on retrouve des fonctions de plancha, pierrade, gril ou encore crêpière sur ce type d'appareil. Mais quand on voit les nombreuses déclinaisons sur le marché, on peut hésiter quant au modèle à choisir. Envie d'une bonne raclette ? Découvrez notre guide des meilleurs appareils à raclette.
37960;Les meilleurs blenders à smoothies;https://meilleurtest.fr/comparatif-blender-a-smoothies/;cuisine;"Rien ne vaut un blender à smoothies pour consommer la bonne quantité de fruits et de légumes nécessaires au quotidien. À faible densité calorique, ces aliments s’invitent dans le concept du fait-maison et contribuent à la quête d’une alimentation plus saine et plus équilibrée. Afin de vous aider à faire le bon choix, nous avons préparé ce guide des <a class=""wpil_keyword_link"" title=""meilleurs blenders"" href=""https://meilleurtest.fr/comparatif-blender/"" data-wpil-keyword-link=""linked"">meilleurs blenders</a> à smoothies du moment. Faites votre choix !"
37921;Les meilleures yaourtières;https://meilleurtest.fr/comparatif-yaourtiere/;cuisine;Faire des yaourts voire des fromages maison, sans additifs ni produits chimiques, est maintenant possible grâce à une yaourtière. Mais pour mettre à l’honneur ces produits laitiers, encore faut-il connaître les caractéristiques du bon appareil. Dans cette optique, notre guide pourrait sûrement vous orienter vers la yaourtière qui s’adapte au mieux à vos attentes et à votre budget.
37905;Les meilleurs robots multicuiseurs;https://meilleurtest.fr/comparatif-robot-multicuiseur/;cuisine;Apparu dans les années 50, le robot multicuiseur figure parmi les équipements de cuisson modernes dont vous ne pourrez plus vous passer. Polyvalent, rapide et super pratique, il vous promet un gain de temps précieux et une préparation culinaire inratable. En quête du meilleur robot multicuiseur ou envie d'acheter malin ? Laissez-vous guider par les conseils avisés de nos experts.
37903;Les meilleurs robots cuisine multifonctions;https://meilleurtest.fr/comparatif-robot-de-cuisine-multifonction/;cuisine;"Un assistant culinaire par excellence, le robot de cuisine multifonction se présente comme étant un véritable couteau suisse qui vous permet de réduire la durée de préparation de vos plats tout en limitant vos dépenses et vos consommations énergétiques. Mais entre robot cuiseur, <a class=""wpil_keyword_link"" title=""robot pâtissier"" href=""https://meilleurtest.fr/comparatif-robot-patissier/"" data-wpil-keyword-link=""linked"">robot pâtissier</a> et robot mixeur multifonction, lequel choisir ? Suivez notre comparatif !"
37902;Les meilleurs micro-ondes pas chers;https://meilleurtest.fr/comparatif-micro-ondes-pas-cher/;cuisine;"Vous avez besoin d’investir dans un <a class=""wpil_keyword_link"" title=""micro-onde"" href=""https://meilleurtest.fr/comparatif-micro-onde/"" data-wpil-keyword-link=""linked"">micro-onde</a>, mais n’avez pas le budget nécessaire pour un modèle au-delà de 250 € ? Rassurez-vous, le marché regorge de micro-ondes pas chers, efficaces et puissants à prix compétitif. Monofonction, programmable, multifonction, autonome ou intégrable, trouvez le bon modèle et suivez le guide dans son intégralité."
37901;Les meilleurs micro-ondes;https://meilleurtest.fr/comparatif-micro-onde/;cuisine;Le micro-ondes occupe une place importante dans toutes les cuisines françaises du fait de sa praticité et de sa compacité. Embarquant les dernières innovations, les modèles actuels se veulent encore plus puissants et plus performants pour répondre à tous les niveaux d’exigences. Combiné, encastrable ou monofonction ? Ce guide orientera vos choix en fonction de vos réels besoins.
37873;Les meilleurs cuiseurs vapeurs bébés;https://meilleurtest.fr/comparatif-cuiseur-vapeur-bebe/;cuisine;Le cuiseur vapeur bébé permet de préparer rapidement les repas de bébé, tout en préservant leurs nutriments. Avec un tel appareil, vous pourrez entamer la diversification alimentaire de votre bébé en toute sérénité. Parmi les nombreux modèles sur le marché (avec fonctions de chauffage, mixage, maintien au chaud, cuisson, stérilisation, etc.), lequel choisir ? Lisez ce guide.
37845;Les meilleurs autocuiseurs;https://meilleurtest.fr/comparatif-autocuiseur/;cuisine;L’autocuiseur a révolutionné la cuisine en réduisant les temps de cuisson de manière spectaculaire. On le reconnaît facilement à son couvercle hermétique, ses parois épaisses et surtout à sa soupape détachable. À la fois pratique et ergonomique, cet ustensile de cuisine peut réduire jusqu’à 3 fois le temps que vous passerez à cuisiner. Trouvez dans ce guide le meilleur autocuiseur ou celui qui s’accorde le mieux à vos attentes.
37844;Les meilleurs appareils à pierrade;https://meilleurtest.fr/comparatif-appareil-a-pierrade/;cuisine;La pierre est utilisée comme accessoire de cuisson depuis l’époque préhistorique. S’inscrivant dans cette tradition, ce matériau revêt aujourd’hui un aspect plus moderne, qui connaît un franc succès : l’appareil à pierrade. Cet équipement fonctionne sur secteur et permet d’adopter une alimentation saine et équilibrée sans oublier des plats savoureux. Mais lequel choisir ? Découvrez notre comparatif des meilleurs appareils à pierrade pour cette année.
37830;Les meilleures serviettes de table;https://meilleurtest.fr/comparatif-serviette-de-table/;cuisine;La serviette de table est un accessoire intemporel qui permet d’habiller et de sublimer une table à manger dans son ensemble. Elle se révèle évidemment plus pratique que décorative. Pour le quotidien ou à l'occasion d'un évènement spécial, le choix n’est pas toujours une mince affaire. Que vous préfériez les modèles en papier ou en tissu, dénichez les meilleures serviettes de table en lisant notre guide.
37824;Les meilleures cuisines pour enfant;https://meilleurtest.fr/comparatif-cuisine-pour-enfant/;cuisine;La cuisine pour enfant un est grand classique dans l'univers des jouets. De nombreuses petites filles en ont reçu une pour Noël ou leur anniversaire. Les petits garçons sont également nombreux à s’intéresser à ce jouet pour apprendre les bases de la cuisine de façon ludique et sans risque. Le choix d’une bonne cuisine pour enfant, complète, réaliste et sécurisée, est primordial pour profiter de son caractère ludique et exploiter son aspect éducatif. Pour en savoir plus, découvrez notre sélection des meilleures cuisines pour enfant et nos conseils pour bien choisir.
37815;Les meilleurs verres à whisky;https://meilleurtest.fr/comparatif-verre-a-whisky/;cuisine;Le verre à whisky porte bien son nom. Cette verrerie spécifique vous permet d’apprécier la saveur de votre boisson alcoolisée dans les règles de l’art. Tumbler, Neat, Rocking Glass, Riedel… Quel modèle libère mieux l’arôme et le parfum du whisky que vous avez choisi de consommer ? Pour gagner du temps, lisez notre guide des meilleurs verres à whisky.
37810;Les meilleures mandolines japonaises;https://meilleurtest.fr/comparatif-mandoline-japonaise/;cuisine;La mandoline japonaise, malgré son appellation, devient une véritable tendance dans les cuisines occidentales. Elle permet de couper les fruits et légumes plus facilement, mais aussi d’ajouter plus d’élégance et de style à vos plats. L’outil se distingue par ses coupes régulières, ses lames interchangeables ainsi que sa sécurité et son confort d’utilisation. Focus sur cet ustensile de cuisine efficace.
37809;Les meilleurs thermos pour le café;https://meilleurtest.fr/comparatif-thermos-a-cafe/;cuisine;Vous êtes un véritable caféinomane ? Avoir votre dose journalière de caféine saura vous redonner la pêche. En ce sens, le thermos à café vous sera très utile en déplacement ou pour le travail. Plus efficace qu’une bouteille isotherme, il offre une bonne conservation de la chaleur, de la fraîcheur et de la saveur à votre boisson pendant des heures. Découvrez les meilleurs thermos à café du moment.
37778;Les meilleurs casse-noix;https://meilleurtest.fr/comparatif-casse-noix/;cuisine;Les fruits à coque ont un impact positif sur le taux de glycémie, le taux de cholestérol et le transit. Pour retirer la coque bien comme il faut, sans vous blesser, offrez-vous un casse-noix. Outil pratique et objet décoratif, on trouve des casse-noix de toutes sortes, ce qui complique le choix. Heureusement, notre guide d’achat va vous faire gagner du temps.
37776;Les meilleures poêles en pierre;https://meilleurtest.fr/comparatif-poele-pierre/;cuisine;"La <a class=""wpil_keyword_link"" title=""poêle à frire"" href=""https://meilleurtest.fr/comparatif-poele-a-frire/"" data-wpil-keyword-link=""linked"">poêle à frire</a> figure parmi les incontournables en matière d’ustensiles de cuisson. Vous pouvez y faire revenir, griller et sauter de la viande, des œufs, des légumes, du poisson… Une excellente alternative écologique et rentable, la poêle en pierre en particulier est souvent sans PFOA et naturellement antiadhésive. Pour savoir quel  modèle choisir, apprenez-en davantage sur les poêles en pierre à travers notre guide d’achat."
37772;Les meilleures cuisinières électriques;https://meilleurtest.fr/comparatif-cuisiniere-electrique/;cuisine;Incontournables, pratiques et sécuritaires, les cuisinières électriques comptent parmi les plus plébiscités pour la cuisson des repas chez les particuliers que les professionnels. Vous souhaitez en acquérir une, en étant sûr de faire le bon choix en termes de performances que de prix ? Ce guide est fait pour vous ! Cuisinière vitrocéramique, à induction, four multifonction, nettoyage des plaques de cuisson… Faites le point pour choisir efficacement.
37723;Les meilleurs micro-onde combinés;https://meilleurtest.fr/comparatif-micro-onde-combine/;cuisine;Les utilisateurs délaissent les micro-ondes classiques depuis l'apparition de modèles multifonctions ou combinés. Pratiques, polyvalents et efficaces, ils n'ont presque pas de défauts. D'ailleurs, 1 micro-ondes sur 3 vendus en Europe est un micro-ondes combiné. Mais quel appareil choisir et quelle marque ? Pour le savoir, nous vous invitons à lire ce guide d'achat des meilleurs micro-ondes combinés.
37709;Les meilleures planches à découper;https://meilleurtest.fr/comparatif-planche-a-decouper/;cuisine;Incontournable en cuisine, la planche à découper est généralement faite en bois, en verre ou en plastique. Le design seul ne peut constituer un critère de choix pour cet ustensile. D’autres paramètres entrent également en ligne de compte. Simple, billot, avec rigole ou avec tiroirs ? Pour trouver les meilleures planches à découper, consultez notre guide d’achat.
37682;Les meilleurs blenders;https://meilleurtest.fr/comparatif-blender/;cuisine;Vous avez tout à fait raison de préférer les préparations fait-maison pour garantir la qualité de votre alimentation. Pour parvenir à cet objectif, il vous faut un appareil multifonction comme un blender. Il vous permettra de réaliser de savoureux cocktails et soupes, tout en conservant la totalité de leurs nutriments. Mais que choisir entre blenders classiques, chauffants, sous vide, etc. ? Suivez notre guide.
37677;Les meilleurs kits de brassage de bière;https://meilleurtest.fr/comparatif-kit-de-brassage-de-biere/;cuisine;Brasser une bière, c’est comme faire du vélo. Une fois les techniques acquises, on ne peut que s'améliorer. Bien entendu, vous devez avoir les bons matériels et les bons ingrédients pour produire de la bonne bière. Pour vous simplifier la vie, vous aurez le choix entre le kit houblonné, le kit extrait de malt et le kit de brassage de bière tout grain. Envie de vous lancer dans la brasserie maison ? Découvrez notre guide des meilleurs kits de brassage de bière.
37651;Les meilleurs services de table;https://meilleurtest.fr/comparatif-service-de-table/;cuisine;Un beau service de table en met toujours plein la vue aux convives. Il assure notamment une belle présentation pour vos préparations culinaires. Quel que soit le matériau de fabrication des assiettes (grès, faïence, porcelaine, verre ou ardoise), le plus dur consiste à faire le bon choix en respectant votre budget et le dressage prévu. Gagnez du temps en lisant notre guide des meilleurs services de tables pour cette année.
37650;Les meilleurs tire-bouchons;https://meilleurtest.fr/comparatif-tire-bouchon/;cuisine;"Saviez-vous que <a href=""https://blog.mediapost.fr/les-francais-et-le-vin/"">8 français sur 10 achètent et consomment du vin au moins une fois par an</a> ? Pour déguster une bonne bouteille, il faudra avant tout un tire-bouchon. Cet ustensile fonctionnel se décline dans toutes les formes, allant des classiques aux plus improbables. Si vous avez du mal à choisir parmi les nombreuses offres, voici notre comparatif des meilleurs tire-bouchons pour cette année."
37646;Les meilleurs couteaux de cuisine;https://meilleurtest.fr/comparatif-couteau-de-cuisine/;cuisine;Une cuisine sans couteau, c’est comme un oiseau sans ses ailes. Il ne vous sera pas facile de couper, trancher, éplucher, tailler, ciseler, découper ou hacher vos ingrédients sans cet ustensile incontournable. De la viande aux légumes, tous les aliments y passent sans difficulté. Bien sûr, de sa taille et de sa forme dépend le rôle d’un bon couteau de cuisine. Comment dénicher le meilleur ? Voici le guide !
37641;Les meilleurs gants de cuisine;https://meilleurtest.fr/comparatif-gants-de-cuisine/;cuisine;Impossible d'avoir une cuisine sans four. Et tout bon maître du fourneau doit se préparer à toutes les éventualités, notamment les risques de brûlures en manipulant le plateau ou un moule. Raison pour laquelle une paire de gants de cuisine est indispensable. Anti-brûlure, anti-coupure, pas facile de faire le bon choix. Suivez notre guide pour trancher.
37609;Les meilleurs hachoirs à viande;https://meilleurtest.fr/comparatif-hachoir-a-viande/;cuisine;"À l’ère du fait maison, de nombreux <a href=""https://meilleurtest.fr/comparatif-trancheuse-electrique/"">équipements électroménagers</a>, réservés auparavant aux seuls professionnels, se font de plus en plus démocratiser. Parmi eux figure le hachoir à viande, un incontournable pour préparer des saucisses, des terrines, des crépinettes ou du tartare. Manuel ou électrique ? Le hachoir à viande parfait se trouve peut-être dans notre comparatif."
37608;Les meilleurs thermos;https://meilleurtest.fr/comparatif-thermos/;cuisine;Bien plus qu’une marque, le thermos désigne aujourd’hui le récipient qui garde soupes et boissons à une température constante pendant plusieurs heures. Il assure une isolation thermique exemplaire et peut vous accompagner ailleurs qu’au travail. Bouteille thermos, tasse à café isotherme, gourde thermos…, choisir le bon modèle peut devenir un casse-tête. Fiez-vous à notre guide des meilleurs thermos pour gagner du temps.
37594;Les meilleurs stérilisateurs à bocaux électriques;https://meilleurtest.fr/comparatif-sterilisateur-de-bocaux/;cuisine;Consommer des plats faits maison est une tendance très en vogue. Utilisé en cuisine, le stérilisateur de bocaux permet de conserver les aliments préparés sans en altérer le goût. Modèle électrique ou à gaz, choisir le bon modèle n'est pas simple. Gagnez du temps en lisant ce guide des meilleurs stérilisateurs de bocaux en 2023.
37591;Les meilleurs blenders chauffants;https://meilleurtest.fr/comparatif-blender-chauffant/;cuisine;"Chaque année, <a href=""https://www.agro-media.fr/analyse/les-soupes-en-briques-maison-marche-bat-plein-17146.html#:~:text=Caricatural%2C%20vous%20dites%20%3F,de%20570%20millions%20d'euros."">un Français consomme plus de 12 L de soupe</a>. Ça tombe bien, le blender chauffant peut concocter des potages et soupes vitaminées en un temps record. Indispensable en cuisine, il permet de mixer, cuire, mais aussi préparer des cocktails et smoothies. Pour vous, nous avons réalisé ce guide des <a class=""wpil_keyword_link"" title=""meilleurs blenders"" href=""https://meilleurtest.fr/comparatif-blender/"" data-wpil-keyword-link=""linked"">meilleurs blenders</a> chauffants."
37540;Les meilleurs verres de table;https://meilleurtest.fr/comparatif-verre-de-table/;cuisine;Une table bien ordonnée ne sera pas parfaite sans de jolis verres de table, assortis à la vaisselle et aux couverts. Coloré, transparent, en cristal, à pied, sans pied…, ce type de verre existe en des formes différentes pour s’accorder à toutes les occasions. En panne d’idées pour vos prochains verres à eau, verres à vin ou verres à champagne ? Découvrez notre guide des meilleurs verres de table.
37534;Les meilleurs tapis anti fatigue de cuisine;https://meilleurtest.fr/comparatif-tapis-anti-fatigue-de-cuisine/;cuisine;Si vous aimez faire la cuisine, vous savez que rester debout plusieurs heures peut vous donner mal au dos et des pressions insupportables aux jambes. D’autant plus que les conceptions de cuisine modernes d’aujourd’hui incluent des sols en bois dur ou en céramique. Pour vous aider à lutter contre ces fatigues, pourquoi ne pas acheter des tapis de cuisine anti fatigues ? Lisez notre guide pour en savoir plus.
37504;Les meilleurs entonnoirs de cuisine;https://meilleurtest.fr/comparatif-entonnoir-de-cuisine/;cuisine;Petit accessoire que l’on a tendance à oublier, l’entonnoir fait partie des ustensiles les plus utilisés en cuisine. Il permet de transvaser des liquides ou des poudres afin de les verser dans des récipients étroits. Encore faut-il trouver le bon entonnoir de cuisine, c’est-à-dire le modèle qui répondra au mieux à vos besoins et que vous pourriez acheter à un prix abordable. Trouvez ce qu'il vous faut à travers ce guide.
37499;Les meilleures cocottes-minute;https://meilleurtest.fr/comparatif-cocotte-minute/;cuisine;La cocotte-minute est un ustensile permettant de cuire la nourriture sous pression ou à la vapeur. Elle assure un gain de temps considérable dans la préparation du repas. Mais la robustesse et la pression supportée peuvent varier énormément d’un modèle à l’autre. Pour ne pas regretter votre choix, consultez notre guide des meilleures cocottes-minute du marché.
37498;Les meilleures cocottes en fonte;https://meilleurtest.fr/comparatif-cocotte-fonte/;cuisine;Un excellent mélange entre modernité et tradition, la cocotte en fonte est un incontournable en termes d’ustensiles de cuisine. Elle vous permet différents modes de cuisson telle que la cuisson à l’étouffée, la cuisson lente, la cuisson braisée… N’étant pas seulement une affaire de goût, votre choix doit répondre à différents critères. Voici notre comparatif des meilleures cocottes en fonte du moment.
37496;Les meilleures casseroles compatibles induction;https://meilleurtest.fr/comparatif-casserole-compatible-induction/;cuisine;Propres, faciles à utiliser et dotées d’un design très soigné, les plaques à induction sont de plus en plus présentes dans nos cuisines. Mais voilà, il faut utiliser des poêles et casseroles compatibles pour profiter pleinement des avantages de cet appareil de cuisson. Vous hésitez quant au choix de l’ustensile à utiliser ? Ce guide d’achat vous aidera à trouver la meilleure casserole compatible induction du marché.
37492;Les meilleures boîtes à pain;https://meilleurtest.fr/comparatif-boite-a-pain/;cuisine;Pas facile de conserver du pain quand on ne dispose pas des bons équipements ! En ce sens, la boîte à pain permet de préserver toutes les saveurs et la qualité de vos pains frais dans les meilleures conditions. Si vous voulez éviter que ceux-ci se durcissent à l’air libre, découvrez notre guide comparatif des meilleures boîtes à pain du moment.
37463;Les meilleures sorbetières;https://meilleurtest.fr/comparatif-sorbetiere/;cuisine;"Si comme <a href=""https://www.lefigaro.fr/conso/glaces-et-sorbets-comment-les-professionnels-font-face-a-l-explosion-de-la-demande-20190725"">84 % des Français</a> vous êtes amateur de glaces et de crèmes glacées, investissez dans une sorbetière, ce sera de l'argent intelligemment dépensé. Une sorbetière est la machine parfaite pour fabriquer vos propres sorbets, réaliser des recettes aux parfums que vous ne trouverez pas en supermarché ou qui vous coûteraient cher dans les boutiques spécialisées. De nombreuses options s'offrent à vous, que ce soit les sorbetières manuelles, électriques ou les fameuses turbines à glaces."
37460;Les meilleurs extracteurs de jus;https://meilleurtest.fr/comparatif-extracteur-de-jus/;cuisine;"Plus pratique qu’une centrifugeuse et plus fonctionnel qu’un <a class=""wpil_keyword_link"" title=""mixeur"" href=""https://meilleurtest.fr/comparatif-blender/"" data-wpil-keyword-link=""linked"">mixeur</a>, l’extracteur de jus réalise des boissons fraîches riches en nutriments. Polyvalent, il permet de préparer de bonnes purées et compotées de légumes et fruits pleins d'antioxydants. Comment choisir un extracteur de jus qui délivrera les meilleures saveurs de vos ingrédients naturels ? On vous dit tout dans ce guide d’achat."
37458;Les meilleurs micro-ondes encastrables;https://meilleurtest.fr/comparatif-micro-onde-encastrable/;cuisine;"Choix esthétique, solution gain de place et appareil fonctionnel, le <a href=""https://meilleurtest.fr/comparatif-micro-onde/"">micro-ondes</a> encastrable n'aura aucune difficulté à s’intégrer dans toutes les cuisines, quels qu’en soient le style et la taille. Décongeler ou réchauffer, griller ou gratiner, rôtir ou cuire à la vapeur, les fonctionnalités varient selon les modèles et se choisissent selon les besoins. Comment dénicher les meilleurs micro-ondes encastrables ? Faisons le point à travers ce guide d'achat."
37391;Les meilleures cuisinières à bois;https://meilleurtest.fr/comparatif-cuisiniere-a-bois/;cuisine;Les cuisinières à bois résistent bien à l’essor des modèles modernes à gaz et autres pianos de cuisson. Authentiques et chaleureuses, elles sont surtout appréciées pour leur polyvalence : elles assurent également une fonction de chauffage. Si le concept vous plaît et si vous voulez vous en procurer une, notre guide des meilleures cuisinières à bois vous intéressera.
37387;Les meilleures pierres à pizza;https://meilleurtest.fr/comparatif-pierre-a-pizza/;cuisine;Tous les plus grands pizzaiolos vous le confirmeront, les meilleures pizzas se réalisent avec cet accessoire que l’on appelle pierre à pizza. Autrefois réservé aux professionnels, l’ustensile est aujourd’hui accessible au grand public. Comment choisir votre pierre à pizza ? Ce guide d’achat complet vous fournit toutes les informations nécessaires et les conseils pratiques pour dénicher le meilleur modèle du marché.
37370;Les meilleurs thermos alimentaires;https://meilleurtest.fr/comparatif-thermos-alimentaire/;cuisine;Si vous voulez profiter de vos repas faits maison au travail ou en déplacement, procurez-vous un bon thermos alimentaire. Pratique et économique, c’est l’équipement incontournable pour le transport et la conservation de vos aliments jusqu’à la dégustation. Encore faut-il trouver le bon modèle et savoir comment bien l’utiliser. Pour cela, nous vous invitons à lire notre comparatif des meilleurs thermos alimentaires.
37360;Les meilleurs presse-purées;https://meilleurtest.fr/comparatif-presse-puree/;cuisine;Si 86 % des Français aiment les pommes de terre sous toutes les formes, 76 % les apprécient particulièrement en purée. Vous aurez sûrement besoin d’un presse-purée pour faire plaisir à vos papilles si vous en faites partie. Purée pour bébé, purée de pommes de terre, compote de pommes sont autant de recettes réalisables. Trouvez le vôtre parmi notre sélection des meilleurs presse-purées.
37275;Les meilleurs cuiseurs vapeur;https://meilleurtest.fr/comparatif-cuiseur-vapeur/;cuisine;En quête d’un appareil de cuisine fiable et simple pour la préparation de menus plus sains tout en conservant le maximum des valeurs nutritionnelles dans vos aliments ? Investir dans un cuiseur vapeur reste la meilleure option. Mais face à la multitude de choix et de marques, difficile de trouver celui réellement adapté à vos besoins et vos moyens. Heureusement, notre guide des meilleurs cuiseurs vapeur est là pour vous aider.
37255;Les meilleures batteries de cuisine antiadhésives;https://meilleurtest.fr/comparatif-batterie-de-cuisine-antiadhesive/;cuisine;Une batterie de cuisine est l’ensemble des éléments et ustensiles permettant de faire cuire les aliments : casseroles, poêles, marmites, etc. En la matière, la batterie de cuisine antiadhésive constitue le nec plus ultra puisqu’elle facilite la cuisson et le nettoyage. Mais laquelle choisir ? Pour le savoir, suivez notre guide.
37250;Les meilleures batteries de cuisine compatibles induction;https://meilleurtest.fr/comparatif-batterie-de-cuisine-induction/;cuisine;"En plus de constituer un élément de décoration pour la cuisine, la <a class=""wpil_keyword_link"" title=""batterie de cuisine"" href=""https://meilleurtest.fr/comparatif-batterie-de-cuisine/"" data-wpil-keyword-link=""linked"">batterie de cuisine</a> permet une cuisson rapide des aliments et les tient au chaud plus longtemps. Le choix de ce groupe d’ustensiles demeure difficile à cause des innombrables modèles disponibles sur le marché. Pour réduire votre champ de recherche, nous vous proposons dans ce guide les meilleures batteries de cuisine compatibles induction."
37241;Les meilleurs verres à vin;https://meilleurtest.fr/comparatif-verre-de-vin/;cuisine;La France est le deuxième pays consommateur de vin au monde, avec 40 L par an et par habitant. Pour un amateur de bon cru, trouver le bon verre à vin importe autant que de trouver la bonne bouteille ! Verre tulipe, sur pied et sans pied, découvrez notre guide des meilleurs verres à vin pour trouver le vôtre.
37237;Les meilleurs robots pâtissiers;https://meilleurtest.fr/comparatif-robot-patissier/;cuisine;En France, un foyer dépense 350 euros par an en pâtisserie. Il est aussi vrai que les Français adorent en faire eux-mêmes. Pour préparer la pâte, le robot pâtissier se change en pétrisseur, fouet, batteur et bien d’autres. Nous avons passé en revue les plus grandes marques (Kenwood, Moulinex, Kitchenaid…) pour vous proposer ce guide avec une sélection des meilleurs robots pâtissiers du moment.
37227;Les meilleures turbines à glace;https://meilleurtest.fr/comparatif-turbine-a-glace/;cuisine;"Savez-vous que 90% des Français consomment régulièrement de la <a href=""https://meilleurtest.fr/comparatif-sorbetiere-rapport-qualite-prix/"" target=""_blank"" rel=""noopener"">glace</a> au dessert ? Le prix, compris entre 3 et 8,50 € (en cornet ou en pot), revient malheureusement cher sur le long terme. La meilleure solution reste donc l’usage d’une turbine à glace, une machine produisant elle-même le froid, à l’inverse de la <a href=""https://meilleurtest.fr/comparatif-sorbetiere/"" target=""_blank"" rel=""noopener"">sorbetière</a>. Découvrez les meilleurs modèles à travers ce comparatif."
37218;Les meilleures poêles à frire;https://meilleurtest.fr/comparatif-poele-a-frire/;cuisine;La poêle à frire est un ustensile incontournable en cuisine. Grande, petite, avec bec verseur, antiadhésive, en aluminium, en fonte… il y en a pour tous les goûts et pour tous les budgets. D'un autre côté, il y a une panoplie de modèles disponibles qu'il devient difficile de choisir le bon. Ainsi, on a fait les études préliminaires pour vous et on vous propose dans cet article les meilleures poêles à frire sur le marché.
37203;Les meilleures plaques à induction;https://meilleurtest.fr/comparatif-plaque-a-induction/;cuisine;Place maintenant à une énergie plus propre et plus sécurisante. Et c’est exactement ce que vous offre la plaque à induction (avec un design moderne en prime). Vous prendrez du plaisir à cuisiner tout en bénéficiant d’un gain de temps lors de la cuisson de vos aliments. Découvrez quels sont les points de vigilance à retenir pour trouver la meilleure plaque induction.
37202;Les meilleures boîtes alimentaires;https://meilleurtest.fr/comparatif-boite-de-conservation-alimentaire/;cuisine;Après avoir passé du temps à préparer un délicieux repas, vous voulez que les restes restent aussi frais et savoureux que le jour où vous avez cuisiné les aliments. De bonnes boîtes de conservation alimentaires sont essentielles pour garder au frais vos meilleurs plats pendant quelques jours.
37201;Les meilleurs aiguiseurs de couteaux;https://meilleurtest.fr/comparatif-aiguiseur-de-couteaux/;cuisine;Tous ceux qui aiment cuisiner savent qu’il est indispensable d’avoir des couteaux bien aiguisés. C’est autant une question de qualité de coupe que de sécurité. Mais, entre les pierres à aiguiser, les fusils aiguiseurs et les aiguiseurs électriques, il peut être difficile de se décider. Pour vous aider, nous faisons le point sur les différents types d’aiguiseurs et les meilleurs modèles du moment.
