ID;post_title;_post_permalink;category;mltv5_introduction
42718;Les meilleurs réfrigérateurs congélateurs encastrables;https://meilleurtest.fr/comparatif-refrigerateur-congelateur-encastrable/;Électroménager;"Imaginez une cuisine où tout est à sa place et où vos denrées resteront toujours fraîches. Voilà la promesse du <a href=""https://meilleurtest.fr/comparatif-refrigerateur-congelateur/""><span class=""s1"">réfrigérateur congélateur</span></a> encastrable. Malgré sa taille, ce gros électroménager sait se faire discret, au point de dire adieu au manque d’harmonie dans la déco sans oublier le gaspillage, le manque d’esthétique et le manque d’espace. Il organise, conserve la nourriture et embellit la cuisine. Connecté ou simple, avec congélateur en haut ou en bas, froid brassé ou ventilé, trouvez le meilleur réfrigérateur congélateur encastrable en lisant notre guide d’achat."
42707;Les meilleurs fours posables;https://meilleurtest.fr/comparatif-four-posable/;Électroménager;"Vous rêvez d’un four de qualité, mais votre budget est serré et vous n'avez pas forcément la place ni l’envie d’installer un <a href=""https://meilleurtest.fr/comparatif-four-encastrable/"">gros four encastrable</a> ? Si c'est le cas, il vous faut absolument un four posable. Compact, il s’installe où vous voulez, se branche simplement sur une prise classique et offre les mêmes fonctions qu’un four traditionnel (chaleur tournante, grill, pâtisserie…) le tout sans gros travaux ni dépenses folles. Prêt à trouver le modèle qui colle à votre quotidien ? Découvrez notre guide des meilleurs fours posables du marché."
42593;Les meilleures hottes aspirantes 90 cm;https://meilleurtest.fr/comparatif-hotte-aspirante-90-cm/;Électroménager;"Dans une cuisine sans hotte aspirante, vous aurez beaucoup de vapeurs de cuisson, beaucoup de fumées, de la graisses et des odeurs tenaces dans l'air. Pour avoir une cuisine fraîche et stylée, vous aurez besoin d'une hotte aspirante. <a href=""https://meilleurtest.fr/comparatif-hotte-aspirante/"">Si la plaque de cuisson dépasse 60 cm, alors vous aurez besoin d'une hotte aspirante 90 cm</a>. Cet équipement a l’avantage de couvrir des plaques standards ou plus larges, et d'offrir un bon éclairage sur ce que vous avez sur le feu. Les fumées et les graisses sont mieux évacuées et vous profitez d’un air assaini grâce aux filtres à charbon actif. Hotte aspirante 90 cm murale, inclinée ou encastrable, laquelle répondra à vos besoins ? Découvrez ce qui se fait de mieux et comment faire le bon choix en parcourant notre guide."
42531;Les meilleurs réfrigérateurs classe A;https://meilleurtest.fr/comparatif-refrigerateur-classe-a/;Électroménager;"Vous en avez marre d’ouvrir votre <a href=""https://meilleurtest.fr/comparatif-refrigerateur/"">frigo</a> et de sentir la chaleur sortir au lieu du froid ? Ou alors la facture d’électricité grimpe comme pas possible rien que pour conserver trois yaourts et des restes de pizza ? Acheter un réfrigérateur classe A peut radicalement changer la donne : l'appareil conserve vos aliments à la bonne température tout en consommant le moins d’énergie possible grâce à une isolation renforcée et un compresseur inverter. Si vous voulez du frais, du fiable et évidemment des économies, lisez notre guide des meilleurs réfrigérateurs classe A pour cette année."
42491;Les meilleurs sèche-linge à condensation 10 kg;https://meilleurtest.fr/comparatif-seche-linge-a-condensation-10-kg/;Électroménager;"Pas facile de s’y retrouver entre tous les types de <a href=""https://meilleurtest.fr/comparatif-seche-linge/"">sèche-linge</a>, surtout quand on essaie de faire simple, efficace et pas trop énergivore. À la différence du sèche-linge classique, le sèche-linge à condensation 10 kg récupère l’humidité du linge sous forme d’eau dans un bac, sans besoin de mettre une sortie vers l’extérieur. C’est donc une très bonne alternative pour les familles qui habitent dans des logements sans évacuation dédiée. Envie de trouver celui qui vous facilitera la vie ? Jetez un œil à notre guide des meilleurs sèche-linge à condensation 10 kg. On vous explique tout !"
42443;Les meilleurs réfrigérateurs 70 cm;https://meilleurtest.fr/comparatif-refrigerateur-70-cm/;Électroménager;"Plus large que le <a href=""https://meilleurtest.fr/comparatif-refrigerateur/"" target=""_blank"" rel=""noopener"">réfrigérateur classique</a> et moins encombrant que le réfrigrateur américain, le réfrigérateur 70 cm s'adresse essentiellement aux familles de taille moyenne. Pour répondre aux besoins de 4 ou 5 personnes, l'appareil propose une capacité moyenne de 440 à 520 L. À pose libre ou encastrable, ce format reste suffisamment compact pour les cuisines de taille standard et donne accès à des rangements très intéressants (clayettes, tiroirs, compartiments modulables, etc.). Mais quel réfrigérateur 70 cm choisir ? Pour le savoir, lisez ce guide d'achat."
42442;Les meilleurs lave-vaisselle avec tiroir à couverts;https://meilleurtest.fr/comparatif-lave-vaisselle-avec-tiroir-a-couverts/;Électroménager;Faire la vaisselle à la main prend du temps, consomme beaucoup d’eau et s'apparente souvent à une corvée. Le lave-vaisselle avec tiroir à couverts permet de résoudre ces problèmes en combinant efficacité, hygiène et gain d’espace. Son système de rangement en hauteur rend le lavage plus efficace et libère le panier inférieur. Certains modèles haut de gamme ont même une capacité de 15 couverts, le tout en consommant moins de 10 L d’eau ! Mais quels appareils sortent vraiment du lot et quels critères vérifier pour être sûr d'avoir fait le bon choix ? Lisez ce guide d'achat pour en savoir plus.
42413;Les meilleures VMC hygroréglables;https://meilleurtest.fr/comparatif-vmc-hygroreglable/;Électroménager;"Un air trop humide et mal renouvelé, c’est l’assurance d'assister à une formation de moisissures et cela aura un impact sur la santé de votre famille, en particulier les personnes sensibles. C’est là que la VMC hygroréglable entre en jeu. <a href=""https://meilleurtest.fr/comparatif-vmc/"">Cette ventilation mécanique contrôlée</a> ajuste le débit d'air selon l’humidité ambiante. Résultat : une aération exactement comme il faut, sans gaspiller plus d’énergie que nécessaire ! Alors, VMC hygrogérable simple ou double flux ? Découvrez notre sélection des meilleurs modèles pour cette année et nos conseils pour faire le bon choix."
42371;Les meilleurs mini  lave-linges 3 kg;https://meilleurtest.fr/comparatif-mini-lave-linge-3-kg/;Électroménager;"Indispensable au quotidien, <a href=""https://meilleurtest.fr/comparatif-lave-linges/"">le lave-linge résout la corvée de la lessive</a>. Il existe en plusieurs formats afin de s’adapter aux contraintes de quantité et d’aménagement de l’espace. Stop au cumul de linge sale, notamment chez les nomades et les célibataires, le mini lave-linge 3 kg est la solution parfaite en termes de gain de temps, de gain d’espace et de mobilité. Si vous voulez en profiter, découvrez notre sélection des meilleurs mini lave-linges 3 kg pour cette année."
42362;Les meilleurs mini shakers;https://meilleurtest.fr/comparatif-mini-shaker/;Électroménager;Dans un monde où l'efficacité est devenue le maître mot, les mini shakers figurent parmi les indispensables aux passionnés de fitness. Oubliez les fuites et les mélanges grumeleux : ces shakers de moins de 500 mL garantissent une préparation rapide et homogène des boissons protéinées. Pourquoi se contenter d'un mixeur encombrant quand un mini shaker peut mélanger des suppléments nutritionnels on-the-go et sans compromis sur la qualité ? Ce guide vous révèle les modèles les plus efficaces du marché et nos conseils pour bien choisir.
42333;Les meilleures machines à expresso pas chères;https://meilleurtest.fr/comparatif-machine-a-expresso-pas-chere/;Électroménager;"Avez-vous déjà rêvé d'un délicieux expresso crémeux à la maison, mais avez changé d'avis devant le prix exorbitant des machines à café avec broyeur ? Bonne nouvelle : il existe toute une gamme de machines à expresso pas chères qui changent la donne. Que vous ayez une préférence pour les <a href=""https://meilleurtest.fr/comparatif-machine-a-cafe-a-capsules/"">capsules</a>, les <a href=""https://meilleurtest.fr/comparatif-machine-a-cafe-a-dosettes/"">dosettes</a> ou même un bon vieux percolateur, ces appareils ouvrent la voie à un café de qualité sans vous ruiner. Lisez notre guide comparatif des meilleures machines à expresso pas chères pour en savoir plus."
42329;Les meilleures machines à expresso professionnelles;https://meilleurtest.fr/comparatif-machine-a-expresso-professionnelle/;Électroménager;"Entreprise, restaurateur, hôtelier, barista ou simple amateur de café, le choix d’une <a href=""https://meilleurtest.fr/comparatif-machine-a-expresso/"" target=""_blank"" rel=""noopener"">machine à expresso</a> n’est pas chose aisée. L’équipement doit pouvoir extraire la boisson avec la précision attendue d’un équipement professionnel, tout en ayant la capacité de servir un gros volume de café aux clients et aux utilisateurs. À travers ce guide comparatif, nous vous proposons une sélection des meilleures machines à expresso professionnelles pour cette année et nos conseils avisés pour bien choisir."
42307;Les meilleures hottes aspirantes;https://meilleurtest.fr/comparatif-hotte-aspirante/;Électroménager;Sa présence suffit pour donner un ton nouveau à la décoration, la hotte aspirante, hotte de ventilation pour les intimes, figure parmi les must have de toute cuisine qui se respecte. Sa mission ? Assainir l’air en aspirant la fumée, la vapeur et les odeurs qui se dégagent des différentes préparations, évitant ainsi qu’elles ne se répandent dans toute la maison. Mais comment la choisir et où en trouver ? Faisons un tour d’horizon des meilleures hottes aspirantes pour cette année.
42301;Les meilleurs lave-linges 20 kg;https://meilleurtest.fr/comparatif-lave-linge-20-kg/;Électroménager;"Pour les familles nombreuses, le choix des appareils électroménagers est toujours un moment délicat. Le choix devient particulièrement compliqué, car restreint, lorsqu’il faut choisir un lave-linge. Heureusement, certaines marques proposent des modèles avec une capacité de 20 kg, de quoi suffire pour laver le linge de 8 personnes ou plus. Face à la diversité des modèles disponibles, <a href=""https://meilleurtest.fr/comparatif-lave-linge-hublot/"">qu'ils soient à hublot</a>, à chargement par le haut, avec fonction de séchage ou connectés, comment faire le bon choix ? Pour vous aider, nous avons sélectionné les meilleurs lave-linges 20 kg disponibles sur le marché."
42300;Les meilleurs lave-vaisselles pose-libre;https://meilleurtest.fr/comparatif-lave-vaisselle-pose-libre/;Électroménager;"Le lave-vaisselle pose libre offre une flexibilité d'installation incomparable par rapport aux modèles encastrables. Que vous optiez pour un modèle compact, grande capacité ou un format mini, ces <a href=""https://meilleurtest.fr/comparatif-lave-vaisselle-silencieux/"">lave-vaisselles</a> autonomes proposent une large gamme de programmes, de consommations optimisées et d'options dédiées au lavage des couverts. Leur ergonomie et leurs fonctionnalités répondent ainsi à tous les besoins."
42296;Les meilleurs lave-linges 18 kg;https://meilleurtest.fr/comparatif-lave-linge-18kg/;Électroménager;"Pour les familles nombreuses, il est souvent difficile de trouver les gros électroménagers adaptés à leurs besoins, qu’il s’agisse d’un <a href=""https://meilleurtest.fr/comparatif-refrigerateur/"">réfrigérateur,</a> d’un four ou d'un lave-linge. Heureusement, les fabricants proposent des lave-linges 18kg pour les familles de plus de 8 personnes. Comprenez par là des lave-linges équipés d'un tambour pouvant accueillir 18 kg de linge à chaque cycle pour la lessive. Hublot, à chargement par le haut, séchant, connectée, quelle machine à laver de 18 kg choisir ? Pour vous aider à faire le bon choix, découvrez notre sélection des meilleurs lave-linges 18 kg pour cette année."
42294;Les meilleurs kits de superposition lave-linge sèche-linge;https://meilleurtest.fr/comparatif-kit-de-superposition-lave-linge-seche-linge/;Électroménager;"Vous avez une buanderie ou une salle de bain si étroite qu’il est impossible d’aligner côte à côte <a href=""https://meilleurtest.fr/comparatif-seche-linge/"">un sèche-linge</a> et <a href=""https://meilleurtest.fr/comparatif-lave-linge/"">un lave-linge</a> ? Pour couronner le tout, vous n’avez pas les moyens de vous offrir <a href=""https://meilleurtest.fr/comparatif-lave-linge-sechant/"">un lave-linge séchant</a> ? Vous avez déjà un lave-linge hublot et souhaitez vous procurer un sèche-linge pour le compléter ? Dans tous les cas, utilisez un kit de superposition lave-linge sèche-linge. Cet accessoire permet de gagner de la place tout en assurant la stabilité parfaite de vos deux appareils. Kit universel ou spécifique à une marque ? Trouvez votre bonheur parmi les meilleurs kits de superposition lave-linge sèche-linge pour cette année."
42242;Les meilleurs grands frigos;https://meilleurtest.fr/comparatif-grand-frigo/;Électroménager;"Pour un remplacement ou pour un premier achat de <a href=""https://meilleurtest.fr/comparatif-refrigerateur/"">réfrigérateur</a> pour votre famille, ce guide est une ressource incontournable en vue de faire un choix éclairé. Pour trouver le bon réfrigérateur, il ne faut rien laisser au hasard, car il s’agit d’un appareil central en cuisine, servant à conserver la nourriture et les boissons. Découvrez comment trouver l'équilibre parfait entre vos exigences, la taille de votre famille, votre budget, la capacité de stockage et les dernières innovations en matière de grand frigo !"
42115;Les meilleurs réfrigérateurs américains;https://meilleurtest.fr/comparatif-refrigerateur-americain/;Électroménager;"Les réfrigérateurs américains se reconnaissent à leurs dimensions XXL, qu'ils aident deux, trois ou quatre portes. Leur capacité, souvent au-delà de 300 L, fait qu'ils conviennent aux familles nombreuses ou aux professionnels de la restauration. Mais entre les différentes marques, la capacité de congélation, les rangements (bacs, clayettes, compartiments, etc.), le bruit, la consommation annuelle, les fonctions proposées et le prix, trouver le bon appareil n'est pas une mince affaire. Afin de vous épargner des heures de recherches, découvrez notre guide d’achat des meilleurs <a href=""https://meilleurtest.fr/comparatif-frigo-americain/"">réfrigérateurs américains</a> pour cette année."
42021;Les meilleurs lave-linges;https://meilleurtest.fr/comparatif-lave-linges/;Électroménager;"Avoir lave-linges est indispensable, surtout si vous avez des enfants. En la matière, tous les ménages cherchent sensiblement la même chose : une machine à laver fiable et capable de répondre aux besoins de toute la famille. Du coup, il ne faut pas prendre l'achat d’un <a href=""https://meilleurtest.fr/comparatif-lave-linge-rapport-qualite-prix/"">lave-linges</a> à la légère. Top, hublot, séchant, grand capacité, trouvez le lave-linges qui vous convient en découvrant notre sélection des meilleurs modèles pour cette année."
41958;Les meilleurs lave-linges 12 kg;https://meilleurtest.fr/comparatif-lave-linge-12-kg/;Électroménager;"Avec un <a href=""https://meilleurtest.fr/comparatif-lave-linges-10-kg/"">lave-linge équipé d’un tambour de grande capacité</a>, vous pouvez laver les vêtements de 4 à 5 personnes en une fois, le tout avec un maximum d’efficacité. Incontournable, cet électroménager se fait de plus en plus silencieux et prend soin de vos habits délicats afin qu'ils durent longtemps. Si vous avez une famille nombreuse et envisagez de troquer votre vieille machine à laver pour un lave-linge 12 kg, lisez ce comparatif."
41955;Les meilleures machines à expresso sans broyeur;https://meilleurtest.fr/comparatif-machine-a-expresso-sans-broyeur/;Électroménager;"Envie de jouer au barista sans avoir à moudre les grains de <a href=""https://meilleurtest.fr/comparatif-cafe/"">café </a>? Offrez-vous une <a href=""https://meilleurtest.fr/comparatif-machine-a-expresso/"">machine à expresso</a> sans broyeur. L’appareil prend en charge du café moulu, des dosettes ou des capsules. Il permet aussi de peaufiner vos connaissances en extraction de café et apprendre à faire du <em>latte</em> parfait tout en découvrant les subtilités des cafés de spécialité. À levier, à capsules, à dosettes, avec percolateur ou combiné ? Machine à expresso sans broyeur manuelle ou électrique ? Trouvez ce qui se fait de mieux en la matière en lisant notre guide d'achat."
41937;Les meilleures VMC hygroréglables basse consommation;https://meilleurtest.fr/comparatif-vmc-hygroreglable-basse-consommation/;Électroménager;"Vous appréciez l’efficacité de la <a href=""https://meilleurtest.fr/comparatif-vmc/"">VMC</a> hygroréglable ? Sachez qu'elle existe en version basse consommation, bien plus performante et moins exigeante en entretien. Alors, oui, ça coûte cher, mais l’équipement permet de réduire votre consommation électrique, évite les pertes en énergie thermique et vous rend éligible à des aides de l'État. De type A ou de type B ? À simple ou à double flux ? Trouvez la VMC hygroréglable basse consommation adaptée à vos besoins en lisant ce guide."
41924;Les meilleures hottes aspirantes silencieuses de 60 cm;https://meilleurtest.fr/comparatif-hotte-aspirante-silencieuse-de-60-cm/;Électroménager;"Au-delà de sa principale fonction, celle d’évacuer rapidement les fumées de cuisson, on attend bien plus d’une <a href=""https://meilleurtest.fr/comparatif-hotte-aspirante/"">hotte aspirante</a>. Au minimum, elle devra esthétiquement se raccorder à la déco de votre cuisine. Surtout, le côté silencieux est devenu un critère très demandé chez ce type d'équipement. Si vous êtes dans le besoin, la hotte aspirante silencieuse de 60 cm offre sans doute le meilleur rapport qualité/prix en la matière. Lisez notre guide d'achat pour en savoir plus."
41902;Les meilleures machines à expresso avec broyeur;https://meilleurtest.fr/comparatif-machine-a-expresso-avec-broyeur/;Électroménager;"Envie de préparer votre <a href=""https://meilleurtest.fr/comparatif-cafe/"">café</a> comme les vrais <a href=""https://meilleurtest.fr/comparatif-machine-a-cafe/"">baristas </a>? Offrez-vous une <a href=""https://meilleurtest.fr/comparatif-machine-a-expresso/"">machine à expresso</a> avec broyeur. Café fraîchement moulu, choix du broyage de la mouture, possibilité de préparer également des boissons lactées… l’appareil promet moult avantages. Ce n’est pourtant pas facile de choisir le modèle le plus adapté à vos besoins. Voilà pourquoi nous avons rédigé ce comparatif des meilleures machines à expresso <a href=""https://meilleurtest.fr/comparatif-machine-a-cafe-a-grain/"">avec broyeur du moment</a>."
41879;Les meilleurs meubles de machine à laver;https://meilleurtest.fr/comparatif-meuble-de-machine-a-laver/;Électroménager;"Si votre <a href=""https://meilleurtest.fr/comparatif-lave-linge/"">lave-linge</a> pêche côté design, il est tout à fait possible de le camoufler avec un meuble de machine à laver. D’ailleurs, l'appareil ne doit pas forcément être encastrable, d’autant plus que vous pouvez l’installer dans la buanderie, la cuisine, la salle de bain, voire le garage. Cherchez-vous un meuble de machine à laver sous forme d’étagère, d’<a href=""https://meilleurtest.fr/comparatif-armoire-de-salle-de-bain/"">armoire</a> ou d’un casier ? Trouvez le modèle répondant à vos besoins à travers notre guide d'achat."
41785;Les meilleurs congélateurs top;https://meilleurtest.fr/comparatif-congelateur-top/;Électroménager;"Vous avez une petite cuisine et faire entrer un grand <a href=""https://meilleurtest.fr/comparatif-congelateur-horizontal"">appareil électroménager</a> à l'intérieur vous posera problème ? Ne paniquez pas, le congélateur top peut être la solution ! Encastrable, armoire ou coffre, il se décline en plusieurs versions. Nous avons réuni dans ce guide d'achat les meilleurs congélateurs top du moment. À vous de trouver celui qui fera votre bonheur dansl la cuisine, dans le garage ou même dans le camping-car."
41606;Les meilleures bouilloires pas chères;https://meilleurtest.fr/comparatif-bouilloire-pas-chere/;Électroménager;"Aujourd’hui, la bouilloire est devenue un appareil indispensable dans la cuisine. La plupart d'entre nous ont tendance à prendre du thé ou de l'espresso par intermittence, et posséder une <a href=""https://meilleurtest.fr/comparatif-bouilloire-electrique/"">bouilloire électrique</a> simplifie forcément la vie. Avec un si grand nombre de modèles d’entrée de gamme actuellement disponibles sur le marché, il peut être difficile de trouver le modèle le plus adapté à vos besoins. Ce guide d’achat vous aidera dans vos recherches."
41466;Les meilleures VMC;https://meilleurtest.fr/comparatif-vmc/;Électroménager;"Mettez un terme à vos problèmes d’humidité et de pollution intérieures en optant pour une VMC. Appelé également ventilation mécanique contrôlée, ce système d’<a href=""https://meilleurtest.fr/comparatif-ventilation-de-salle-de-bain/"">aération</a> renouvelle constamment l’air que vous respirez dans votre logement afin de préserver votre santé et optimiser votre confort intérieur. Découvrez nos meilleures recommandations pour trouver l’extracteur d’air idéal pour vos exigences spécifiques."
41386;Les meilleurs sites pour acheter de l'électroménager en ligne;https://meilleurtest.fr/comparatif-site-pour-acheter-electromenager-en-ligne/;Électroménager;"Les <a href=""https://meilleurtest.fr/comparatif-plaque-de-cuisson/"">appareils électroménagers</a> assurent notre confort et notre bien-être au quotidien. Ces équipements sont omniprésents au sein des foyers et permettent de cuisiner, divertir, nettoyer et plus encore. Et à l’heure où les sites e-commerce supplantent les magasins physiques, trouver des appareils électroménagers de qualité et à bon prix n’aura jamais été aussi facile. Mais il faut connaître les bonnes adresses et se familiariser avec les spécificités des sites les mieux évalués. Justement, voici notre guide des meilleurs sites pour acheter de l’électroménager en ligne."
41326;Les meilleurs ventilateurs de poêle à bois;https://meilleurtest.fr/comparatif-ventilateur-de-poele-a-bois/;Électroménager;"En dépit des bonnes performances énergétiques de <a href=""https://meilleurtest.fr/comparatif-poele-a-bois/"">votre poêle</a>, il peut avoir du mal à réchauffer rapidement une grande salle. Quand ça caille autant, on aimerait doubler, voire tripler la capacité de cet équipement de chauffage. Si vous aussi vous connaissez cette galère, vous avez bien raison de vous tourner vers un ventilateur de poêle à bois. Cet appareil permet de répartir uniformément l’air chaud dans toute la pièce. Voici les <a class=""wpil_keyword_link"" title=""meilleurs ventilateurs"" href=""https://meilleurtest.fr/comparatif-ventilateur/"" data-wpil-keyword-link=""linked"">meilleurs ventilateurs</a> de poêle à bois pour cette année."
41315;Les meilleures hottes plan de travail;https://meilleurtest.fr/comparatif-hotte-plan-de-travail/;Électroménager;"Lorsqu’elles ne sont pas aspirées convenablement, les vapeurs de cuisson chargées de graisse vont se déposer un peu partout. Pour aspirer ces émanations désagréables et chasser les odeurs, l’utilisation d’un système d’extraction est de rigueur. En choisissant une <a href=""https://meilleurtest.fr/comparatif-plaque-a-induction-aspirante-avec-hotte-integree/"" target=""_blank"" rel=""noopener"">hotte plan de travail</a>, vous allez conserver l’authenticité de votre cuisine, notamment si votre table de cuisson est intégrée au plan de travail. Dans ce guide comparatif, nous livrons astuces et conseils pour réussir votre achat."
41312;Les meilleurs moules en silicone;https://meilleurtest.fr/comparatif-moule-en-silicone/;Électroménager;"Envie de vous faire plaisir avec de délicieuses gourmandises à cuire au <a href=""//meilleurtest.fr/comparatif-four-electrique/"">four</a> ? Offrez-vous un moule en silicone. Rendant plus facile le démoulage de vos gâteaux comparé aux autres <a href=""//meilleurtest.fr/comparatif-moule-a-gateau/"">moules à gâteaux</a>, ce dispositif n’a pas besoin d’être beurré et se montre indéchirable et indéformable grâce à sa souplesse et sa flexibilité. Si vous voulez compléter votre attirail de cuisine, dénichez le meilleur moule en silicone du marché et sans danger pour la santé via notre guide."
41212;Les meilleures hottes sans évacuation;https://meilleurtest.fr/comparatif-hotte-sans-evacuation/;Électroménager;"De nos jours, une cuisine fonctionnelle doit comporter certains éléments de base comme la hotte. Indispensable pour assainir l'air, la hotte participe également à embellir la cuisine. Depuis quelques années, de nombreux utilisateurs ont choisi le modèle à recyclage, également appelé hotte sans évacuation. Cette catégorie suscite l'engouement par sa praticité, son efficacité et son aspect décoratif. L'idée vous séduit mais vous voulez plus d'informations ? Consultez notre guide des meilleures <a href=""https://meilleurtest.fr/comparatif-hotte-falmec/"">hottes sans évacuation</a> pour cette année."
41153;Les meilleurs moulins à café électriques;https://meilleurtest.fr/comparatif-moulin-a-cafe-electrique/;Électroménager;"Le café vous est indispensable au quotidien et comme 94 % des français, vous l'appréciez avec les saveurs et arômes les plus authentiques ? Il faut moudre les grains par vos propres moyens. Et justement, le marché actuel vous propose un panel de choix très intéressant en matière de moulin à <a href=""https://meilleurtest.fr/liste-capsules-nespresso/"">café</a> électrique.  Choisir seul appareil peut s'avérer compliqué, les modèles de qualité ne manquant pas. Voici pourquoi, nous avons décidé d'élaborer un guide spécial consacré aux meilleurs moulins à café électriques disponibles en ce moment."
41112;Les meilleures hottes îlots;https://meilleurtest.fr/comparatif-hotte-ilot/;Électroménager;"Vous souhaitez profiter d'une <a href=""https://meilleurtest.fr/liste-gadgets-de-cuisine"" target=""_blank"" rel=""noopener"">cuisine</a> saine, pratique et fonctionnelle aménagée autour d'un îlot central ? Une hotte îlot s'impose. Conçu pour débarrasser l'air ambiant des fumées graisseuses générées par la cuisson, cet appareil électroménager est devenu essentiel pour la santé et le bien-être des utilisateurs. Et pour le plus grand bonheur des consommateurs, le choix en la matière est très vaste. Voici pourquoi, nous vous proposons de passer par notre guide consacré aux meilleures hottes îlots disponibles en ce moment."
41106;Les meilleurs congélateurs horizontaux;https://meilleurtest.fr/comparatif-congelateur-horizontal/;Électroménager;"En dépit du nombre incalculable de réfrigérateurs vendus en France, beaucoup de particuliers cherchent encore des congélateurs pour une conservation durable. Ainsi, le <a href=""https://meilleurtest.fr/comparatif-congelateur-coffre/"">modèle horizontal</a> n’est pas réservé exclusivement aux professionnels. Tout le monde peut profiter de sa grande performance. Ce guide d’achat vous propose les meilleurs congélateurs horizontaux disponibles sur le marché."
41105;Les meilleurs réfrigérateurs multi-portes;https://meilleurtest.fr/comparatif-refrigerateur-multi-portes/;Électroménager;"Vous avez une famille nombreuse ? Vous souhaitez équiper votre cuisine d’un grand réfrigérateur et d’un grand congélateur ? Achetez un modèle multi-portes, le mix parfait entre un <a href=""https://meilleurtest.fr/comparatif-frigo-americain/"">réfrigérateur américain</a> et un modèle avec congélateur en bas. En plus de sa très grande capacité, l’appareil propose différentes technologies afin de faciliter la conservation et le stockage de vos denrées alimentaires. Réfrigérateur à 2, 3 ou 4 portes ? Avec un congélateur convertible en réfrigérateur ou pas ? Encastrable ou à pose libre ? Fates votre choix parmi nos meilleurs réfrigérateurs multi-portes pour cette année."
41093;Les meilleures machines à expresso manuelles;https://meilleurtest.fr/comparatif-machine-a-expresso-manuelle/;Électroménager;"Si vous êtes à la recherche d’une machine qui vous aide à prendre le contrôle total du processus d’infusion de votre expresso, alors la <a href=""https://meilleurtest.fr/comparatif-machine-a-expresso/"">machine à expresso</a> manuelle est faite pour vous. Dans ce guide d’achat, nous allons vous fournir les informations nécessaires à savoir afin que vous puissiez acquérir la machine à expresso manuelle adaptée à vos besoins et vos finances."
41085;Les meilleurs grille-pains KitchenAid;https://meilleurtest.fr/comparatif-grille-pain-kitchenaid/;Électroménager;"Quand il s'agit d'un petit-déjeuner simple et rapide, il n’y a rien de mieux que quelques tranches de pain grillé tartinées avec du beurre, de la confiture ou du beurre de cacahuète. Pour griller du pain, l’appareil que vous devez avoir dans votre cuisine est un <a href=""https://meilleurtest.fr/comparatif-grille-pain/"" target=""_blank"" rel=""noopener"">grille-pain</a>, et les modèles fabriqués par KitchenAid sont parmi les meilleurs du marché. Ce guide a été rédigé pour vous aider à trouver le grille-pain KitchenAid qui convient le mieux à vos besoins."
40641;Les meilleures bouilloires KitchenAid;https://meilleurtest.fr/comparatif-bouilloire-kitchenaid/;Électroménager;"Près de 70% des ménages disposent d’une <a href=""https://meilleurtest.fr/comparatif-bouilloire-electrique/"" target=""_blank"" rel=""noopener"">bouilloire électrique</a>. Chez KitchenAid, le choix est si vaste que chacun peut avoir le modèle qui correspond à son mode de vie. Des appareils gages de sécurité et de performance, ils ne manquent certainement pas de style. Que vous cherchiez une <a href=""https://meilleurtest.fr/comparatif-bouilloire-verre/"" target=""_blank"" rel=""noopener"">bouilloire en verre</a>, un modèle avec un réglage de température ou un appareil électrique incontournable, vous lisez le bon article."
40544;Les meilleurs fours encastrables Siemens;https://meilleurtest.fr/comparatif-four-encastrable-siemens/;Électroménager;"Bien au-delà des fours classiques, les <a class=""wpil_keyword_link"" title=""fours encastrables"" href=""https://meilleurtest.fr/comparatif-four-encastrable/"" data-wpil-keyword-link=""linked"">fours encastrables</a> Siemens commencent à inonder le marché et notamment les cuisines françaises. Mais vous vous demandez surement la raison de cet engouement croissant auprès des consommateurs ? Afin de vous décider à choisir le modèle qu’il vous faut, n’hésitez pas à consulter notre guide comparatif des fours encastrables Siemens les plus en vogue actuellement."
40542;Les meilleurs fours Bosch;https://meilleurtest.fr/comparatif-four-bosch/;Électroménager;Votre ancien four a rendu l'âme et vous êtes à la recherche d’un modèle qui durera plusieurs années ? Les produits Bosch n'attendent que vous. Le groupe allemand propose un large éventail de modèles et il y en a pour tous les goûts. Le choix pouvant s'avérer compliqué, facilitez-vous la tâche avec ce guide spécial consacré aux meilleurs fours Bosch disponibles en ce moment.
40535;Les meilleurs congélateurs armoires Liebherr;https://meilleurtest.fr/comparatif-congelateur-armoire-liebherr/;Électroménager;Vous cherchez un congélateur moderne disposant d'une grande capacité de stockage ? C'est d'un congélateur armoire dont vous avez besoin. Et justement, Liebherr vous propose un large choix en la matière. Afin d'accélérer et d'affiner vos recherches, nous avons conçu un guide consacré spécialement à ce produit. Vous y trouverez les meilleurs modèles disponibles en ce moment.
40534;Les meilleurs lave-linge Samsung;https://meilleurtest.fr/comparatif-lave-linge-samsung/;Électroménager;"Le géant sud-coréen Samsung est connu pour la fiabilité de ses produits électroniques (<a href=""https://meilleurtest.fr/comparatif-tv-samsung/"">TV</a>, <a href=""https://meilleurtest.fr/comparatif-smartphone-samsung/"">smartphone</a>…). Mais savez-vous que la marque conçoit aussi des appareils électroménagers, notamment des lave-linge ? Ces derniers se démarquent par leur performance énergétique, leur design et leurs technologies embarquées. Classique ou séchant ? Trouvez votre prochain lave-linge Samsung grâce à notre comparatif."
40519;Les meilleurs sèche-linges Bosch;https://meilleurtest.fr/comparatif-seche-linge-bosch/;Électroménager;Votre sèche-linge ne fait plus l'affaire et vous cherchez un modèle plus récent, plus performant et qui durera plus longtemps ? Nous vous conseillons de consulter le catalogue de Bosch. La marque allemande propose un large éventail de produits et il y en a pour tous les goûts. Pour plus d'informations, nous vous invitons à consulter notre guide consacré entièrement aux sèche-linges Bosch.
40511;Les meilleures lave-linges Beko;https://meilleurtest.fr/comparatif-lave-linge-beko/;Électroménager;Marque devenue phare depuis plus d'une décennie, Beko est désormais connue de tous les foyers. Si vous êtes à la recherche d'un lave-linge accessible et hautement performant, les appareils griffés Beko feront votre bonheur. Compact, séchant, hublot, il se décline en plusieurs modèles. Nous vous présentons à travers ce guide les meilleures machines à laver Beko du moment.
40510;Les meilleurs réfrigérateurs Sharp;https://meilleurtest.fr/comparatif-refrigerateur-sharp/;Électroménager;Durables et fonctionnelles sont les deux expressions qui décrivent le mieux les réfrigérateurs Sharp. Les petits et gros électroménagers manufacturés par l’enseigne japonaise sont tellement avancés technologiquement, que les vrais connaisseurs ne jurent plus que par eux. Si vous envisagez d’acheter un réfrigérateur au meilleur rapport qualité/prix, Sharp est une marque qui mérite toute votre attention, d’autant que ce guide d’achat est consacré à ses 4 best-sellers.
40502;Les meilleures hottes Falmec;https://meilleurtest.fr/comparatif-hotte-falmec/;Électroménager;"Vous êtes à la recherche d'une <a href=""https://meilleurtest.fr/comparatif-hotte-aspirante-60-cm/"">hotte pour votre cuisine</a> ? Un modèle à la fois performant et design ? Orientez vos recherches vers les produits de la marque italienne Falmec. Ces derniers temps, les hottes Falmec ont intégré les meilleures cuisines du monde, apportant avec elles une ambiance fascinante et positive. Vous souhaitez en savoir plus sur le sujet, notre comparatif vous dit tout."
40497;Les meilleurs lave-vaisselles Beko;https://meilleurtest.fr/comparatif-lave-vaisselle-beko/;Électroménager;Faire la vaisselle est une corvée dont on aimerait tout se passer, et le lave-vaisselle reste la meilleure solution pour nettoyer efficacement les assiettes. Mais entre un modèle pose libre ou intégrable, lequel faut-il choisir ? Nous avons compilé les meilleurs appareils du moment pour vous aider à choisir le modèle parfait pour vous. Suivez la suite pour en savoir plus !
40490;Les meilleurs lave-linges Bosch;https://meilleurtest.fr/comparatif-lave-linges-bosch/;Électroménager;Bosch a toujours été très appréciée pour la qualité et la fiabilité de ses produits, à tel point que ses lave-linges s’arrachent comme des petits pains. Hublot, encastrable, séchant, connecté... la firme allemande touche-à-tout en propose une gamme variée. Mais que valent réellement ses appareils face à ceux de ses concurrentes ? Quels sont les modèles disponibles sur le marché ? Découvrez les réponses à ces questions dans notre guide consacré aux meilleurs lave-linges de marque Bosch.
40422;Les meilleures bouilloires sifflantes;https://meilleurtest.fr/comparatif-bouilloire-sifflante/;Électroménager;"Vous avez besoin d'un <a href=""https://meilleurtest.fr/comparatif-bouilloire-a-temperature-reglable"">système de chauffage d'eau</a> à la fois facile à utiliser et design ? Les bouilloires sifflantes sont les plus indiquées. Ustensile de cuisine au look rustique, mais élégant, ce type de bouilloire se décline en plusieurs modèles. Classique, à filtre ou théière vous avez l'embarras du choix ! Nous vous présentons dans ce guide les meilleures bouilloires sifflantes du moment."
40408;Les meilleurs ventilateurs PS4;https://meilleurtest.fr/comparatif-ventilateur-ps4/;Électroménager;"Lors des longues séances de jeu, vous ne le remarquerez peut-être pas, mais votre <a href=""https://meilleurtest.fr/liste-jeux-ps4/"">console PS4</a> pourrait surchauffer. Ainsi, vous aurez besoin d’un ventilateur PS4 pour éviter que votre carte mère ou une autre pièce indispensable ne cède. Or, une infinité de variantes existe sur le marché. Afin de vous aider à faire un choix judicieux, nous vous proposons la liste des meilleurs produits."
40407;Les meilleures friteuses sans odeur;https://meilleurtest.fr/comparatif-friteuse-sans-odeur/;Électroménager;"Les aliments frits sont rapides à préparer. Pourtant, l’odeur typique de friture n’enchante pas toujours tout le monde. Elle se colle aux cheveux et aux vêtements jusqu’à investir toute la cuisine. Comment s’en défaire sans faire l’impasse sur le croustillant de ses frites ? En utilisant une <a href=""https://meilleurtest.fr/comparatif-friteuse-electrique/"">friteuse</a> sans odeur bien sûr. Et justement, nous avons sélectionné les modèles les plus en vue spécialement pour vous."
40385;Les meilleurs fours encastrables avec tournebroche;https://meilleurtest.fr/comparatif-four-encastrable-avec-tournebroche/;Électroménager;"Selon Brillat-Savarin, « on naît rôtisseur ». Cela signifie que tout le monde peut cuire des aliments à la broche sans avoir à maîtriser l’art du feu, mais le processus nécessite l’usage d’un four avec tournebroche. Et il vous le faut <a href=""https://meilleurtest.fr/comparatif-four-encastrable/"">encastrable</a> pour gagner de la place dans votre cuisine. Classique, combiné ou connecté ? Trouvez le four encastrable avec tournebroche idéal grâce à notre comparatif."
40359;Les meilleurs fours électriques;https://meilleurtest.fr/comparatif-four-electrique/;Électroménager;"Vous êtes en quête d'un nouveau four électrique mais vos premières recherches ont résulté sur une myriade d'appareils, compliquant ainsi votre prise de décision ? Effectivement, le marché propose une offre pléthorique en la matière. C'est pour vous aider à y voir plus clair et affiner les recherches que nous avons fait le tri et sélectionné les meilleurs <a href=""https://meilleurtest.fr/comparatif-mini-four-electrique"">fours</a> électriques disponibles en ce moment."
40310;Les meilleurs fours encastrables à pyrolyse;https://meilleurtest.fr/comparatif-four-encastrable-a-pyrolyse/;Électroménager;"Dans la catégorie des <a href=""https://meilleurtest.fr/comparatif-four-encastrable/"" target=""_blank"" rel=""noopener"">fours encastrables</a>, le modèle offrant un nettoyage automatique par pyrolyse se fait remarquer pour sa puissance. Grâce à une installation encastrable et une alimentation électrique, il se place dans n’importe quel foyer qui désire s’offrir son service. En outre, un four de ce genre répond à tous vos besoins culinaires. Retrouvez dans ce guide d’achat notre sélection des meilleurs fours encastrables à pyrolyse et nos conseils pour bien choisir."
40306;Les meilleurs sèche-linges à ouverture dessus;https://meilleurtest.fr/comparatif-seche-linge-a-ouverture-dessus/;Électroménager;"Les sèche-linge à ouverture dessus ne sont pas aussi tape-à-l'œil que les <a href=""https://meilleurtest.fr/comparatif-lave-linge-top/"">lave-linges top</a>. Pourtant, la tâche qu'ils accomplissent est tout aussi vitale pour vivre confortablement à la maison. Tous les sèche-linge à ouverture dessus fonctionnent en soufflant de l'air chaud à travers vos vêtements pour éliminer l'humidité. Cependant, il existe plusieurs modèles disponibles sur le marché avec différentes caractéristiques et technologies. Ce guide d’achat va vous aider à y voir plus clair."
40272;Les meilleurs congélateurs verticaux;https://meilleurtest.fr/comparatif-congelateur-vertical/;Électroménager;"Si vous cherchez un équipement de cuisine efficace pour garder la nourriture au frais, le congélateur vertical est tout indiqué pour garantir la bonne conservation de vos victuailles. Figurant dans la catégorie des <a href=""//meilleurtest.fr/comparatif-congelateur-armoire/"">congélateurs armoires</a> de 60 cm de largeur environ, il n’aura aucun mal à trouver sa place dans votre cuisine qu’il y ait assez d’espace ou non. À froid ventilé, à froid brassé ou no frost ? Pour tout savoir sur les congélateurs verticaux, lisez notre guide d'achat."
40221;Les meilleures friteuses professionnelles;https://meilleurtest.fr/comparatif-friteuse-professionnelle/;Électroménager;"Incontournable au sein des restaurants et notamment les fast-foods, la <a href=""https://meilleurtest.fr/comparatif-friteuse-electrique/"">friteuse</a> professionnelle peut également être très utile, voire indispensable auprès des particuliers amateurs de bons plats frits. Vous êtes justement en quête d'un bon modèle ? Cela tombe bien, vous avez l'embarras du choix. Pour vous faciliter les recherches, voici une sélection des meilleures friteuses professionnelles disponibles en ce moment."
40206;Les meilleures machines à écrire;https://meilleurtest.fr/comparatif-machine-a-ecrire/;Électroménager;"Malgré les avancées technologiques, la machine à écrire reste d’actualité, surtout dans le secteur tertiaire. Plus durable et résistante que les <a href=""//meilleurtest.fr/comparatif-ordinateur-portable/"">laptops</a> et les ordinateurs de bureau, on la retrouve encore dans de nombreux bureaux. Si vous aussi êtes intéressé par cet équipement de dactylographie, dénichez le modèle qui répondra à vos besoins via notre guide d’achat afin d’éviter de faire un mauvais choix."
40192;Les meilleures machines à churros;https://meilleurtest.fr/comparatif-machine-a-churros/;Électroménager;"Quand on évoque le terme « churros », on pense immédiatement à ces beignets aux formes particulières et typiques des fêtes foraines, au même titre que les <a href=""https://meilleurtest.fr/comparatif-machine-a-donuts/"">donuts</a>. Vous voulez en préparer à tout moment pour vos enfants ou pour épater vos convives ? Équipez-vous dans ce cas d’une bonne machine à churros. Pour dénicher le meilleur modèle, laissez-vous guider par ce comparatif complet."
40187;Les meilleurs moulins à graines;https://meilleurtest.fr/comparatif-moulin-a-graines/;Électroménager;"Au lieu de vous fier à des outils rudimentaires, <a href=""https://meilleurtest.fr/comparatif-moulin-a-cafe/"">broyez vos graines</a> plus facilement avec des <a href=""https://meilleurtest.fr/comparatif-moulin-a-epices/"">moulins</a> spécialisés. Ils assurent, en plus de leur simplicité, un travail quasiment parfait. Toutefois, avec l’avancée technologique, les modèles commencent à affluer. Voilà pourquoi nous allons vous orienter grâce à ce guide qui contiendra la liste des meilleurs produits que le marché puisse proposer."
40118;Les meilleurs lave-vaisselles 6 couverts;https://meilleurtest.fr/comparatif-lave-vaisselle-6-couverts/;Électroménager;"Vous vivez seul ou en couple ? Vous manquez de place dans votre cuisine et n’avez pas le temps de faire la vaisselle à la main ? Pour toutes ces raisons, la meilleure option reste le <a href=""https://meilleurtest.fr/comparatif-mini-lave-vaisselle/"">mini lave-vaisselle</a>. Et en la matière, la version 6 couverts est compacte, peu encombrante, mais tout aussi efficace qu’un grand modèle. Encastrable ou autonome ? Trouvez votre bonheur en parcourant notre comparatif des meilleurs lave-vaisselle 6 couverts."
40085;Les meilleurs mini fours haut de gamme;https://meilleurtest.fr/comparatif-mini-four-haut-de-gamme/;Électroménager;"Si vous êtes de ceux qui n’ont pas le temps de traîner en cuisine pour vous concocter de délicieux plats faits maison, il vous faut sans doute un équipement comme le<a href=""//meilleurtest.fr/comparatif-mini-four-electrique/""> mini four</a>. Et quoi de mieux qu’un modèle haut de gamme pour chauffer les aliments précuits conservés dans votre frigo tout en ménageant votre petit espace ? Les mini fours haut de gamme étant légion sur le marché, trouvez le modèle qu’il vous faut via ce guide d’achat."
40076;Les meilleures hottes aspirantes 60 cm;https://meilleurtest.fr/comparatif-hotte-aspirante-60-cm/;Électroménager;"Équipement indispensable en cuisine, la hotte aspirante est un appareil servant à évacuer les fumées et les odeurs qui envahissent la pièce. Utilisée en complémentarité avec un<a href=""//meilleurtest.fr/comparatif-desodorisant-maison/"" target=""_blank"" rel=""noopener""> désodorisant maison</a>, elle apporte une ambiance zen et débarrassée de toute odeur de moisi, de renfermé et de toute autre émanation dans votre cuisine. Si vous avez une <a href=""https://meilleurtest.fr/comparatif-plaque-de-cuisson/"" target=""_blank"" rel=""noopener"">plaque de cuisson</a> de 60 cm, une hotte aspirante 60 cm sera un excellent choix pour plus d’harmonie. Voici donc, méticuleusement choisies pour vous, les meilleures hottes aspirantes 60 cm du moment."
40070;Les meilleurs moulins à épices;https://meilleurtest.fr/comparatif-moulin-a-epices/;Électroménager;"Les épices sont des condiments indispensables pour donner du goût et apporter plus de saveur aux préparations culinaires. Certains ne s’utilisant pas tels quels, il faut donc les broyer ou les réduire en poudre à l’aide d’un moulin spécifique (autre que le <a href=""https://meilleurtest.fr/comparatif-moulin-a-cafe/"">moulin à café</a> ou à poivre) avant de s’en servir. Manuel ou électrique ? Pour un choix judicieux, faites confiance à notre comparatif."
40035;Les meilleurs moulins à légumes;https://meilleurtest.fr/comparatif-moulin-a-legumes/;Électroménager;"Envie de préparer des coulis de fruits, de la purée ou de la soupe moulinée ? Concoctez vos plats dans la simplicité en utilisant un moulin à légumes ou passe-vite. Plus écologique et préservant tous les nutriments essentiels des ingrédients, l’ustensile de cuisine se montre très pratique et peu encombrant qu’un <a href=""https://meilleurtest.fr/comparatif-mixeur/"">mixeur</a>. Manuel ou électrique ? Lisez ce guide pour trouver votre moulin à légumes."
39949;Les meilleures ventilations de salle de bain;https://meilleurtest.fr/comparatif-ventilation-de-salle-de-bain/;Électroménager;"Une bonne <a href=""https://meilleurtest.fr/comparatif-aerateur-de-salle-de-bain-silencieux/"" target=""_blank"" rel=""noopener"">ventilation de salle de bain</a> est essentielle pour la santé et le bien-être des utilisateurs, mais également pour prolonger la durée de vie des matériaux. Plus abordable que le <a href=""https://meilleurtest.fr/comparatif-climatiseur-monobloc-mural/"" target=""_blank"" rel=""noopener"">climatiseur</a>, ce dispositif produit néanmoins des résultats impressionnants. Le concept vous séduit, mais quelques informations supplémentaires s'imposent afin de trouver le modèle idéal ? Notre comparatif est fait pour vous."
39904;Les meilleurs grille-pains 2 tranches;https://meilleurtest.fr/comparatif-grille-pain-2-tranches/;Électroménager;"Petit-déjeuner rime souvent avec toasts et tartines grillés. Mais pour obtenir un beau brunissage et un croustillant parfait, vous aurez sûrement besoin d’un <a href=""https://meilleurtest.fr/comparatif-grille-pain/"" target=""_blank"" rel=""noopener"">grille-pain</a> 2 tranches. Certains modèles prennent en charge des baguettes et/ou des viennoiseries. D’autres proposent des fonctions de décongélation ou de réchauffage. Vous avez des difficultés à choisir ? Laissez-vous tenter par l’un des grille-pains 2 tranches de notre comparatif."
39903;Les meilleurs séchoirs à chaussures;https://meilleurtest.fr/comparatif-sechoir-a-chaussures/;Électroménager;"Les <a href=""https://meilleurtest.fr/comparatif-seche-chaussures/"" target=""_blank"" rel=""noopener"">séchoirs à chaussures</a> permettent de réduire le temps de séchage de vos souliers. Rappelons que pendant cette période, ces derniers constituent des milieux favorables à la prolifération des bactéries. Plusieurs modèles sont disponibles en fonction de l’usage qui leur est destiné. Nous allons donc vous orienter en vous proposant la liste des meilleurs séchoirs à chaussures actuellement en vente."
39874;Les meilleures petites friteuses;https://meilleurtest.fr/comparatif-petite-friteuse/;Électroménager;De belles frites croustillantes, qui viennent juste de sortir d’une friteuse, accompagnées de sauces gourmandes… Qui n’en a pas envie ? Eh bien, vous pouvez servir des frites à point, avec peu d’huile et pour pas cher, avec une petite friteuse. Pour vous aider à faire le bon choix, nous avons élaboré un guide des meilleures petites friteuses en 2022.
39863;Les meilleures friteuses à cuve amovible;https://meilleurtest.fr/comparatif-friteuse-a-cuve-amovible/;Électroménager;Les friteuses à cuve amovible représentent des versions plus pratiques de ces appareils ménagers. Vous pouvez les entretenir plus facilement, surtout lorsque vient le temps du nettoyage. Néanmoins, ce critère est devenu courant chez les modèles récents et tend à corser le choix. Pour que vous puissiez vous y retrouver, nous vous avons sélectionné le top des friteuses à cuve amovible.
39850;Les meilleurs lave-linges portables;https://meilleurtest.fr/comparatif-lave-linge-portable/;Électroménager;"Pour les vacances ou en déplacement professionnel, le lave-linge portable pourrait vous être utile. Cet appareil facilitera la gestion de votre linge sale : plus besoin d’emporter toute votre garde-robe avec vous puisque vous aurez un <a href=""https://meilleurtest.fr/comparatif-lave-linge/?wordpress_logged_in=true"">lave-linge</a> portable et compact à disposition. Vous êtes intéressé par ce concept ? Trouvez l’appareil qui vous convient parmi les meilleurs lave-linges portables que nous avons sélectionnés dans ce comparatif."
39848;Les meilleurs lave-vaisselles noirs;https://meilleurtest.fr/comparatif-lave-vaisselle-noir/;Électroménager;"Le bon <a href=""https://meilleurtest.fr/comparatif-lave-vaisselle/"">lave-vaisselle</a> pour vous dépendra bien sûr de vos besoins ; une grande famille aura besoin d’une grande capacité, tandis que quelqu’un qui veut la dernière technologie voudra probablement une machine avec une connectivité Wi-Fi. Et si vous attachez beaucoup d’importance <a href=""https://meilleurtest.fr/comparatif-cuisiniste/"">au design de votre cuisine</a>, et que vous aimez le design moderne, un lave-vaisselle noir pourrait bien vous intéresser. Pour en savoir plus sur les lave-vaisselles noirs, lisez notre guide, on vous y explique tout."
39825;Les meilleurs sèche-linges rapport qualité/prix;https://meilleurtest.fr/comparatif-seche-linges-rapport-qualite-prix/;Électroménager;"Le <a href=""https://meilleurtest.fr/comparatif-seche-linge/"">sèche-linge</a> est devenu incontournable dans les foyers modernes où le temps est une denrée rare. Ce gros électroménager permet principalement de faire la lessive beaucoup plus rapidement et plus facilement. Si vous prévoyez d’acheter un nouveau sèche-linge, ce guide des meilleurs sèche-linges rapport qualité/prix vous permettra de trouver le modèle le plus adapté à vos besoins et à votre budget."
39768;Les meilleures hottes aspirantes inclinées;https://meilleurtest.fr/comparatif-hotte-aspirante-inclinee/;Électroménager;Les hottes aspirantes sont utilisées pour faire recirculer l’air dans la pièce et filtrer la fumée ou les vapeurs créées par la cuisson sur la table de cuisson. Si vous êtes à la recherche d'une hotte aspirante avec un style de conception moderne, une hotte aspirante inclinée serait un excellent choix. L’avantage des hottes aspirantes inclinées est qu’elles présentent un design contemporain qui reste très polyvalent. Leur conception inclinée ajoute une dynamique contrastée à votre cuisine et laisse suffisamment d’espace pour que votre cuisine ne soit pas encombrée. Les détails dans ce guide.
39691;Les meilleures machines à bruit blanc;https://meilleurtest.fr/comparatif-machine-a-bruit-blanc/;Électroménager;"Si vous souffrez particulièrement d’acouphène ou d'insomnie, le recours à un appareil de bruit blanc vous est tout indiqué. En plus de vous aider à vous endormir plus vite, il invite également à la relaxation et à la détente, au même titre qu’un<a href=""//meilleurtest.fr/comparatif-appareil-de-sommeil-et-de-therapie-sonore/""> appareil de sommeil et de thérapie sonore</a>. Envie de profiter de cet appareil révolutionnaire ? Trouvez les détails via ce guide d’achat."
39669;Les meilleurs fours posables grande capacité;https://meilleurtest.fr/comparatif-four-posable-grande-capacite/;Électroménager;Le four posable est un appareil ergonomique apprécié pour sa praticité. Il offre les mêmes fonctionnalités que les fours traditionnels, et lui trouver un emplacement est chose facile. Le marché actuel présente essentiellement des fours posables petite capacité. Les modèles grande capacité sont rares, mais il y en a. Si vous en cherchez un, notre guide des meilleurs fours posables grande capacité vous plaira.
39667;Les meilleurs réfrigérateurs side-by-side;https://meilleurtest.fr/comparatif-refrigerateur-side-by-side/;Électroménager;"Près de 98 % des ménages français possèdent un <a href=""https://meilleurtest.fr/comparatif-frigo/"" target=""_blank"" rel=""noopener"">réfrigérateur</a>, incluant les modèles side-by-side. Derrière cette appellation barbare se cache en réalité un frigo au design commun qui se distingue par ses portes placées verticalement et côte à côte. Vous avez une cuisine spacieuse et souhaitez en faire l’acquisition ? Découvrez sans plus attendre notre top sélection des meilleurs réfrigérateurs side-by-side de l’année."
39625;Les meilleurs mini fours à chaleur tournante;https://meilleurtest.fr/comparatif-mini-four-a-chaleur-tournante/;Électroménager;"Il est difficile d'imaginer une cuisine moderne sans un appareil pour la cuisson des aliments. Aujourd'hui, lors de l'aménagement de l'espace de travail, les femmes et hommes au foyer essaient d'économiser chaque centimètre carré. Les <a class=""wpil_keyword_link"" href=""https://meilleurtest.fr/comparatif-mini-four-electrique/""   title=""mini fours"" data-wpil-keyword-link=""linked"">mini fours</a> à convection sont donc très populaires. Comment les choisir ? Lisez notre guide d’achat et vous trouverez les critères de choix nécessaires, sans oublier les astuces d’entretien et les raisons pourquoi il faut absolument en avoir un."
39570;Les meilleurs fours électriques à chaleur tournante;https://meilleurtest.fr/comparatif-four-electrique-chaleur-tournante/;Électroménager;Il est difficile de concevoir une cuisine équipée digne de ce nom sans évoquer l’élément incontournable qu’est le four électrique. Viandes, pâtisseries ou plats cuisinés, tout y passe et un mode de cuisson en particulier revient constamment sur le devant : la chaleur tournante. Mais comment s’y retrouver dans cette multitude de marques et de modèles ? Découvrez notre guide des meilleurs fours électriques à chaleur tournante du moment.
39501;Les meilleures machines à glaces;https://meilleurtest.fr/comparatif-machine-a-glaces/;Électroménager;"Rien ne vaut une bonne glace faite maison, mais encore faut-il avoir l'appareil adéquat pour la réussir. La machine à glace vous permet de préparer des desserts onctueux en un rien de temps. Turbine à glace ou <a href=""https://meilleurtest.fr/comparatif-sorbetiere/"">sorbetière</a>, le choix est vaste selon vos besoins et le résultat attendu. Pour vous aider à trouver le modèle idéal, nous vous avons concocté ce guide de présentation des meilleures machines à glaces du moment."
39496;Les meilleurs grille-pain toast;https://meilleurtest.fr/comparatif-grille-pain-toast/;Électroménager;Un grille-pain toast est une machine destinée à roussir les pains de mie pour obtenir des toasts cuits à point. Impossible de s’en passer, surtout pour les petits déjeuners rapides. Seulement, se tromper sur le modèle de grille-pain est monnaie courante. C’est pour vous éviter cela que nous allons vous proposer les meilleurs grille-pain pour toast disponibles dans les rayons.
39411;Les meilleurs lave-linges et sèche-linges superposables;https://meilleurtest.fr/comparatif-lave-linge-seche-linge-superposables/;Électroménager;"Un lave-linge est un appareil essentiel pour nettoyer efficacement ses vêtements et se débarrasser des saletés. Il vous assure une excellente propreté. Cependant, trouver un appareil de lavage qui soit à la fois performant, pratique et économique n’est pas toujours facile. Pour vous aider dans vos recherches, voici les meilleurs lave-linges superposables avec un <a href=""https://meilleurtest.fr/comparatif-seche-linge/"">sèche-linge</a> du moment."
39361;Les meilleurs fours combinés vapeur;https://meilleurtest.fr/comparatif-four-combine-vapeur/;Électroménager;Nourritures saines, vitamines conservées et couleurs préservées sont les premiers atouts lorsque vous utilisez un four combiné vapeur. Cet appareil peut également réchauffer des aliments et stériliser des biberons et des ustensiles. Divers modèles proposent aussi de nombreuses fonctions. Mais, comment choisir le bon modèle ? Nous vous proposons dans ce guide les meilleurs fours combinés vapeur pour vous donner quelques idées.
39283;Les meilleurs mixeurs;https://meilleurtest.fr/comparatif-mixeur/;Électroménager;Envie d’un appareil polyvalent pour vous aider dans vos préparations culinaires ? Le marché propose de nombreux choix de robots de cuisine. Parmi eux, le mixeur fait partie des plus prisés. Du fait de ses nombreux avantages, cet outil est un partenaire incontournable pour faire des compotes, de la soupe, des smoothies et des recettes variées. Trouvez le modèle le plus adapté à vos habitudes de vie en suivant le guide !
39265;Les meilleurs fours grille-pain;https://meilleurtest.fr/comparatif-four-grille-pain/;Électroménager;Pour pouvoir se préparer des plats pressés, réchauffer une pizza, griller des rôties ou encore cuire des biscuits dans sa kitchenette, rien de mieux que d’investir dans un four grille-pain. Compact, polyvalent et moins vorace en électricité qu’un four conventionnel, il permet une cuisson parfaite. Mais que choisir ? Trouvez donc le four grille-pain adapté à vos besoins et vos attentes via notre sélection du moment.
39245;Les meilleurs lave-vaisselle autonomes;https://meilleurtest.fr/comparatif-lave-vaisselle-autonome/;Électroménager;Le lave-vaisselle n'a pas besoin d'une conduite qui laisse l'eau entrer. Au lieu de ça, l'appareil a un réservoir pour stocker l'eau nécessaire à un cycle de lavage. L'avantage, c'est que ce procédé évite de gaspiller une ressource aussi rare que l'eau et économiser de l'énergie. Vous souhaitez contribuer à la préservation de l’environnement en utilisant un lave-vaisselle autonome, mais vous ne savez pas quel modèle choisir ? Plusieurs critères de choix entrent en jeu pour acheter ce dont vous avez réellement besoin. Alors, si vous ne faites pas encore partie des 60% de français qui ont un lave-vaisselle, consultez notre sélection des meilleurs lave-vaisselle autonomes pour cette année.
39226;Les meilleurs lave-linges frontaux petite largeur;https://meilleurtest.fr/comparatif-lave-linge-frontal-petite-largeur/;Électroménager;Le lave-linge fait partie des électroménagers les plus courants au sein des foyers français. En effet, plus de 95 % des ménages en ont un. Afin de répondre aux contraintes d’espace de milliers de familles, des fabricants ont eu la bonne idée de créer des lave-linges frontaux de petite largeur. Si cet électroménager vous intéresse, ce guide d’achat est entièrement consacré à cette machine qui est aussi pratique qu’indispensable.
39224;Les meilleures machines à donuts;https://meilleurtest.fr/comparatif-machine-a-donuts/;Électroménager;Une machine à donuts est faite pour vous si vous aimez les donuts “fait-maison”. Simple, pratique et facile à entretenir, ce type de machine fait partie des petits électroménagers domestiques les plus appréciés par les familles nombreuses. Les donuts sont de délicieux en-cas pour petit-déjeuner et goûter pour vos enfants. Aujourd’hui, vous trouverez de nombreux modèles de machine à donuts sur le marché. Ce guide a été conçu pour vous aider à faire le bon choix.
39209;Les meilleurs réfrigérateurs armoires;https://meilleurtest.fr/comparatif-refrigerateur-armoire/;Électroménager;Vous êtes à la recherche d’un équipement de cuisine efficace et moderne ? Le réfrigérateur armoire est la solution parfaite pour la conservation de vos aliments : accessible et facile à installer, il s’adapte à tous les milieux. Découvrez ce qu’il faut savoir sur le réfrigérateur armoire dans notre guide pour vous aider à choisir votre futur réfrigérateur armoire.
39202;Les meilleurs lave-vaisselles portables;https://meilleurtest.fr/comparatif-lave-vaisselle-portable/;Électroménager;"Face au manque de place dans la cuisine, impossible d’avoir de gros électroménagers ! C’est là qu’interviennent les <a class=""wpil_keyword_link"" href=""https://meilleurtest.fr/comparatif-lave-vaisselle/""   title=""lave-vaisselles"" data-wpil-keyword-link=""linked"">lave-vaisselles</a> portables, ces appareils compacts que l’on peut placer près de l’évier pour être rangés dans un placard quand ils ne sont pas utilisés. Vous pourrez même apporter votre lave-vaisselle portable avec vous en vacances ou en weekend. Mais comment trouver le bon lave-vaisselle pour vos besoins ? Lisez notre guide pour en savoir plus."
39116;Les meilleurs mini hachoirs;https://meilleurtest.fr/comparatif-mini-hachoir/;Électroménager;Si auparavant, nous hachons nous viandes et d’autres aliments d’une manière plus traditionnelle, cette tâche est désormais facilitée par diverses inventions. Un des appareils les plus utilisés en cuisine étant le mini hachoir. Il se décline en plusieurs modèles : manuel ou électrique, de grande ou moyenne contenance, etc. Nous vous aidons à trouver le modèle de mini hachoir qui vous aidera à varier et à parfaire vos préparations.
39115;Les meilleures bouilloire en verre;https://meilleurtest.fr/comparatif-bouilloire-verre/;Électroménager;La bouilloire fait partie des appareils indispensables dans la cuisine. Si vous prévoyez d’en faire l’acquisition, vous trouverez sur le marché un grand nombre de modèle, néanmoins, sachez que la bouilloire en verre est désormais devenue la tendance. Son utilisation vous épargne tout risque de brûlure, de plus, elle est très solide et intègre un design à la fois épuré et élégant. Cet article vous guidera dans votre achat de bouilloire en verre.
38978;Les meilleurs moules à gâteaux;https://meilleurtest.fr/comparatif-moule-a-gateau/;Électroménager;"Faire de la pâtisserie est pour certaine personne un système pour évacuer le stress et il est très efficace. Cependant, il faut choisir les bons <a href=""//meilleurtest.fr/comparatif-ustensile-de-cuisine-inox/?wordpress_logged_in=true"">ustensiles</a> comme le moule à gâteaux pour que l'antistress ne devient pas une autre source de frustration. Pour vous aider à vous orienter donc, ce guide d'achat vous offre toutes les informations nécessaires et utiles."
38933;Les meilleurs congélateurs armoires à froid ventilé;https://meilleurtest.fr/comparatif-congelateur-armoire-a-froid-ventile/;Électroménager;Avoir un congélateur armoire à la maison est indispensable qu’il soit utilisé seul ou en complément d’un réfrigérateur pour conserver une quantité importante d’aliments sur le long terme. Et quoi de mieux qu’un modèle à froid ventilé ou « no frost » pour s’épargner des corvées de dégivrage et profiter d’une grande autonomie en cas de coupure de courant et d’une bonne capacité de congélation. Les congélateurs armoires à froid ventilé étant légion, lequel choisir ? Lisez ce guide.
38889;Les meilleurs fours vapeur;https://meilleurtest.fr/comparatif-four-vapeur/;Électroménager;Superstar des cuisines modernes, le four vapeur permet de cuire toutes sortes d’aliments en préservant toutes leurs richesses nutritives. On peut également s’en servir pour réchauffer des plats cuisinés, stériliser des ustensiles, décongeler des produits surgelés ou blanchir des légumes. Si cet électroménager vous intéresse, ce guide d’achat vous livre toutes les informations dont vous avez besoin pour réussir votre achat et profiter au mieux de votre four vapeur.
38871;Les meilleures machines à panini;https://meilleurtest.fr/comparatif-machine-a-panini/;Électroménager;Le panini, ce délicieux sandwich d’origine italienne, est devenu très populaire en France depuis quelques années. Son succès a également conduit de nombreuses marques à développer des machines à panini. Pour un usage domestique ou professionnel, ces appareils se déclinent sous différentes tailles, avec des fonctionnalités variées. Pour trouver le modèle correspondant à vos besoins, suivez notre guide-comparatif sur les meilleures machines à panini.
38870;Les meilleures bouilloires pour la santé;https://meilleurtest.fr/comparatif-bouilloire-pour-sante/;Électroménager;"Une bouilloire est un must pour profiter tranquillement de vos boissons chaudes (<a href=""//meilleurtest.fr/comparatif-the/"">thés</a>, <a href=""//meilleurtest.fr/comparatif-cafe"">cafés</a>, etc.). Comme les matériaux qui la composent sont déterminants, tout autant que la qualité de la boisson que vous allez boire, opter pour un modèle qui ne pas à votre santé devient une priorité. Trouvez les meilleures bouilloires pour la santé du moment à travers notre guide d’achat."
38853;Les meilleures hottes casquettes;https://meilleurtest.fr/comparatif-hotte-casquette/;Électroménager;Considérée comme un modèle basique, la hotte casquette ou hotte visière représente sans doute le type le plus répandu de sa catégorie. Elle tient son nom de la partie en verre inclinable à l'avant qui permet d'augmenter la surface d'aspiration tout en lui conférant un style à part. Mais si les hottes casquettes inondent le marché, ce n'est pas pour autant une raison de jeter votre dévolu sur le premier modèle que vous rencontrez. Faites le bon choix en vous fiant à notre guide d'achat.
38844;Les meilleures hottes décoratives;https://meilleurtest.fr/comparatif-hotte-decorative/;Électroménager;À la recherche d’une hotte ? En effet, c'est un outil indispensable pour évacuer les fumées et odeurs de la cuisine ! Orientez votre choix vers celles qui ont plus de design. Toutes les pièces de la maison méritent d’être décorées comme il se doit. Avec les hottes décoratives, vous avez la chance de donner un souffle nouveau à votre cuisine, pour garder le sourire aux lèvres tout en cuisinant.
38820;Les meilleurs lave-vaisselles 45 cm;https://meilleurtest.fr/comparatif-lave-vaisselle-45-cm/;Électroménager;"Faire la vaisselle, c'est une corvée dont on se passera volontiers. D'ailleurs, la situation se complique quand la cuisine est peu spacieuse. Dans ce cas, il vous faut un lave-vaisselle 45 cm : avec une telle largeur et une profondeur comprise entre 50 et 60 cm, cet appareil électroménager occupe peu d’espace au sol. Ceci dit, dimensions compactes ne signifient pas performances moindres. Ce guide d’achat présente justement les meilleurs <a href=""https://meilleurtest.fr/comparatif-lave-vaisselle-encastrable/"">lave-vaisselles</a> 45 cm du moment."
38795;Les meilleurs grille-pains 4 tranches;https://meilleurtest.fr/comparatif-grille-pain-4-tranches/;Électroménager;"Selon les statistiques, les Français déclarent consommer une moyenne de 120 g de pain par jour. Vous en faites partie ? Alors, vous aurez absolument besoin d’un <a href=""https://meilleurtest.fr/comparatif-grille-pain/"">grille-pain</a>. Mais pas n’importe lequel ! Star de la cuisine moderne, ce petit électroménager est aussi disponible dans une version à 2 fentes larges, à 4 fentes ou à fentes longues. Afin de vous aider à dénicher le meilleur grille-pain 4 tranches, jetez un œil à notre sélection."
38755;Les meilleurs réfrigérateurs silencieux;https://meilleurtest.fr/comparatif-refrigerateur-silencieux/;Électroménager;Le réfrigérateur est un gros électroménager dont on ne peut se passer pour conserver les denrées alimentaires au frais. Toutefois, comme il fonctionne 24 h/24, le ronronnement qu’il génère peut rapidement devenir agaçant, surtout si l’on est particulièrement sensible aux bruits. À cet effet, mieux vaut choisir un réfrigérateur silencieux, autrement dit un appareil dont le niveau de bruit ne dépasse pas 38 dB à puissance maximale. Réfrigérateur silencieux combiné, encastrable, deux portes ou américain ? Lisez ce guide d'achat pour trouver ce qu'il vous faut.
38689;Les meilleurs lave-vaisselle silencieux;https://meilleurtest.fr/comparatif-lave-vaisselle-silencieux/;Électroménager;"Les fabricants d’aujourd’hui rivalisent de génie pour produire des <a href=""https://meilleurtest.fr/comparatif-lave-vaisselle/"">lave-vaisselle</a> de plus en plus silencieux. Ces derniers dépassent rarement les 46 dB grâce à l’utilisation de matériaux optimisant l’isolation acoustique et d’un moteur à induction. Vous voulez profiter de l’efficacité et de la discrétion d’un tel équipement ? Faisons un tour d’horizon des meilleurs lave-vaisselle silencieux du moment."
38626;Les meilleures machines à cappuccino;https://meilleurtest.fr/comparatif-machine-a-cappuccino/;Électroménager;Le cappuccino est une boisson à base d’expresso habillée d’une touche sublime de latte art. L'achat d'une machine à cappuccino vous permettra d'avoir cette saveur caramélisée des grains de café, si typique et riche en arômes, chaque matin. Semi-automatique, automatique ou super automatique ? Faites votre choix parmi notre sélection des meilleures machines à cappuccino !
38596;Les meilleurs lave-linge rapport qualité/prix;https://meilleurtest.fr/comparatif-lave-linge-rapport-qualite-prix/;Électroménager;"Pas le temps ni l'envie de faire la lessive à la main ? La <a href=""https://meilleurtest.fr/comparatif-lave-linge/"">machine à laver</a> vous a lâché en quelques semaines alors que vous l’avez payée rubis sur ongles ? Investissez dans un lave-linge rapport qualité/prix. Compatible avec votre budget et capable de prendre en charge une grosse quantité de linge, ce gros électroménager vous sera profitable plusieurs années. Focus sur les meilleurs lave-linge rapport qualité/prix du moment."
38550;Les meilleures machines à tuber électriques;https://meilleurtest.fr/comparatif-machine-a-tuber-electrique/;Électroménager;La machine à tuber fait florès depuis la hausse de prix fulgurante des cigarettes. On choisit dès lors une machine à tuber électrique pour se faciliter la vie ou tout simplement pour profiter de suffisamment de réserve de clopes sans se ruiner. Afin de bien tuber votre tabac, on vous présente notre guide comparatif des meilleures machines à tuber électriques.
38541;Les meilleurs lave-linges 10 kg;https://meilleurtest.fr/comparatif-lave-linges-10-kg/;Électroménager;"Pour faire la lessive en une seule fois tout en économisant du temps, de l’eau et de l’énergie, rien ne vaut <a href=""https://meilleurtest.fr/comparatif-lave-linge/"">un lave-linge</a> 10 kg. La grande capacité de son tambour convient à une famille et à ceux qui doivent laver des articles volumineux comme les couettes et les doudounes. L’appareil propose d’autant plus des options variées : contrôle à distance, système de réduction de la nuisance sonore, programme Eco... Encore faut-il trouver le bon appareil et au juste prix. Pour vous aider dans vos recherches, découvrez notre sélection des meilleurs lave-linges 10 kg pour cette année."
38502;Les meilleures cuves pour Cookeo;https://meilleurtest.fr/comparatif-cuve-pour-cookeo/;Électroménager;Le multicuiseur Cookeo est déjà livré avec une cuve en acier inoxydable ou en aluminium pourvue d’un revêtement en céramique ou en téflon. Solide, performante et fiable, la cuve pour Cookeo peut cependant devenir collante au fil du temps et des cuissons. Heureusement, il existe des cuves de rechange pour Cookeo disponibles sur le marché pour vous sortir de ce mauvais pas. Lisez notre comparatif pour trouver la bonne cuve de rechange pour votre Cookeo.
38488;Les meilleurs réfrigérateurs 1 porte;https://meilleurtest.fr/comparatif-refrigerateur-1-porte/;Électroménager;"Utile au quotidien, le <a href=""https://meilleurtest.fr/comparatif-frigo/"">réfrigérateur</a> 1 porte, également appelé réfrigérateur armoire, est sans aucun doute le plus connu de tous pour conserver au frais vos denrées les plus fragiles. Disponible dans un large éventail de designs et facile à placer, il s’adapte à toutes les cuisines et est peu énergivore. Mais lequel choisir ? Lisez ce guide pour choisir au mieux votre nouveau réfrigérateur 1 porte."
38481;Les meilleurs multicuiseurs;https://meilleurtest.fr/comparatif-multicuiseur/;Électroménager;De manière générale, les multicuiseurs s'accompagnent d'une promesse implicite que vous pouvez préparer le dîner en moins de temps et avec moins d'efforts qu'il n'en faut pour préparer un repas sur une cuisinière ou au four. Pour les meilleurs d’entre eux, c’est bien le cas ! Pour les autres, ce ne sont que des grandes mijoteuses. Pour réussir à trouver le bon modèle de multicuiseur, nous vous avons concocté un guide d’achat complet.
38472;Les meilleures ampoules G9 LED;https://meilleurtest.fr/comparatif-ampoule-g9-led/;Électroménager;Vous cherchez une alternative aux anciennes ampoules halogènes domestiques ? La technologie moderne met à votre disposition de nouvelles ampoules G9 LED. Elles réduisent la consommation d’électricité de 10 fois et leur luminosité peut être ajustée à votre convenance, selon les modèles. Si vous êtes prêt à passer aux ampoules G9 LED et vous voulez en savoir plus ? Jetez ensuite un œil à notre guide d'achat des meilleures ampoules G9 LED.
38430;Les meilleurs réfrigérateurs vintage;https://meilleurtest.fr/comparatif-frigo-vintage/;Électroménager;Le frigo vintage démontre que les tendances ne sont qu'éternel recommencement. Après avoir fait la gloire des cuisines au milieu du siècle dernier, ce type de réfrigérateur revient en force depuis quelques années. La clé du succès ? Ils n'ont de vintage que l'apparence : toutes les fonctions embarquées sont dernier cri ! Vous voulez rajouter une touche à votre cuisine ? Découvrez notre guide des meilleurs frigos vintage.
38380;Les meilleurs minis congélateurs;https://meilleurtest.fr/comparatif-mini-congelateur/;Électroménager;Avez-vous du mal à trouver de la place pour un congélateur classique dans votre cuisine ou studio ? La solution sera d'acheter un mini congélateur qui vous permettra de stocker une bonne quantité d’aliments efficacement tout en sauvant de l'espace. Coffre ou armoire, ces petits congélateurs se déclinent en plusieurs modèles. Pour vous aider, voici notre guide d'achat complet.
38338;Les meilleures gazinières;https://meilleurtest.fr/comparatif-gaziniere/;Électroménager;Êtes-vous à la recherche d’un système de cuisson rapide, que vous pouvez parfaitement contrôler ? Équipement incontournable en cuisine, une gazinière est l’appareil qui répond mieux à vos attentes. Piano de cuisine ou gazinière basique ? Avec combien de foyers ? Nettoyage catalyse ou manuel ? Ce guide vous permettra de trouver rapidement votre future gazinière
38135;Les meilleurs fours à vapeur encastrables;https://meilleurtest.fr/comparatif-four-a-vapeur-encastrable/;Électroménager;Pour des repas sains au quotidien, tournez-vous vers le mode de cuisson à la vapeur. Pour cela, rien de tel qu'un four à vapeur encastrable. Pratique et efficace, il apporte à votre cuisine une allure sophistiquée tout en vous fournissant des aliments avec des nutriments bien préservés. Afin de vous orienter, voici une sélection des meilleurs fours à vapeur encastrables du moment.
38112;Les meilleures bouilloires à température réglable;https://meilleurtest.fr/comparatif-bouilloire-a-temperature-reglable/;Électroménager;La bouilloire a toujours été un des équipements indispensables en cuisine pour chauffer l’eau nécessaire à la préparation des boissons chaudes ou autres. Le plus pratique aujourd’hui est d’opter pour la bouilloire à température réglable afin d’adapter la température parfaite de l’eau à nos préparations. Pour en savoir plus, suivez ce guide d’achat.
38101;Les meilleurs lave-vaisselles Bosch;https://meilleurtest.fr/comparatif-lave-vaisselle-bosch/;Électroménager;"Faire la vaisselle vous semble trop harassant ? Vous avez mal au dos à cause de la hauteur de votre évier ? N'attendez plus, achetez un lave-vaisselle Bosch. Connus pour leur capacité, leur robustesse et leurs performances pour nettoyer la vaisselle sale, les appareils de cette marque vous feront économiser sur votre facture d’eau et d’électricité. À poser ou encastrable, voici notre tour d'horizon des <a class=""wpil_keyword_link"" title=""meilleurs lave-vaisselles"" href=""https://meilleurtest.fr/comparatif-lave-vaisselle/"" data-wpil-keyword-link=""linked"">meilleurs lave-vaisselles</a> Bosch."
38091;Les meilleurs ventilateurs industriels;https://meilleurtest.fr/comparatif-ventilateur-industriel/;Électroménager;Les ventilateurs industriels sont essentiels pour aérer, purifier et rafraîchir les grands espaces de travail, où il y a un besoin accru d’air frais. Ils jouent notamment un rôle important dans le confort et la santé du personnel dans de tels espaces et améliorent la productivité de celui-ci. Axial, tangentiel, centrifuge : lequel choisir ? Lisez ce guide pour le savoir.
38085;Les meilleurs sèche-linges à évacuation;https://meilleurtest.fr/comparatif-seche-linge-a-evacuation/;Électroménager;"Le <a href=""https://meilleurtest.fr/comparatif-seche-linge/"">sèche-linge</a> à évacuation a la réputation d’un appareil énergivore, dont l’installation est contraignante. Certes, il consomme plus que le sèche-linge à condensation ou à pompe à chaleur. Il faut aussi l'installer près d’une fenêtre pour assurer l’évacuation. Toutefois, les rendements énergétiques des modèles récents ont connu une nette amélioration. De plus, le sèche-linge à évacuation est toujours aussi accessible financièrement : il est plus que jamais temps de vous en offrir un ! Trouvez le bon appareil en suivant nos conseils et en découvrant notre sélection à travers ce guide d’achat."
38046;Les meilleurs fours à catalyse;https://meilleurtest.fr/comparatif-four-a-catalyse/;Électroménager;Déguster un plat fraichement sorti du four, voilà un moment riche en sensations entraînant les plaisirs des plus agréables. Mais la bonne ambiance s’estompe quand vient le moment de nettoyer. Voici pourquoi, il faut opter pour un four à catalyse, une fonction assurant l’auto-nettoyage de l’appareil. L’idée vous intéresse, lisez notre guide des fours à catalyse pour en savoir plus.
37959;Les meilleurs mini blenders;https://meilleurtest.fr/comparatif-mini-blender/;Électroménager;Le mini blender devient un must have pour toutes les cuisines. Sa compacité et sa rapidité de fonctionnement en font un équipement de choix à destination de ceux qui souhaitent préparer des smoothies et des jus de fruits en portions individuelles. Voulez-vous en avoir un à portée de main ? Faites le bon choix du meilleur mini blender grâce à notre guide.
37919;Les meilleurs mousseurs à lait;https://meilleurtest.fr/comparatif-mousseur-a-lait/;Électroménager;Ceux qui adorent avoir une belle mousse crémeuse sur leur café lacté devraient s'offrir un mousseur à lait. Cet appareil de cuisine vous donnera des résultats dignes d'un chef. Le succès aidant, de nombreux modèles ont depuis peu envahi le marché. Mais pour faire le bon choix, il importe de bien lire ce guide comparatif des meilleurs mousseurs à lait.
37907;Les meilleures ampoules basse consommation;https://meilleurtest.fr/comparatif-ampoule-basse-consommation/;Électroménager;L’utilisation d’une ampoule basse consommation, contribue à la protection de l’environnement. Elle réduit également 10 fois moins la consommation et permet de faire une économie de 20 % sur les factures d’électricité. Mais avec plusieurs modèles disponibles sur le marché, il est difficile d’en choisir une. Ce guide va vous aider à trouver le modèle qui vous convient au mieux.
37899;Les meilleurs mixeurs plongeants;https://meilleurtest.fr/comparatif-mixeur-plongeant/;Électroménager;Plus compact, plus léger et plus mobile tout en restant peu encombrant, le mixeur plongeant s’invite de plus en plus en cuisine. On s'en sert aussi bien chez les particuliers qu'auprès de chefs étoilés. Et son utilité va bien au-delà de ce que réalisent les mixeurs classiques. Avec ou sans fil ? Notre guide va vous orienter vers le meilleur mixeur plongeant du moment, tout simplement celui qui convient à vos besoins.
37888;Les meilleures bouilloires électriques;https://meilleurtest.fr/comparatif-bouilloire-electrique/;Électroménager;Adepte de thé, de café ou d'infusion, il vous faut de l'eau chaude à disposition tous les jours ? Plutôt que de prendre une casserole pour en faire bouillir, misez sur la rapidité d'une bouilloire électrique ! Incontournable dans toutes les cuisines, elle permet aussi de cuire rapidement une diversité d'aliments grâce à un peu d'eau bouillante. À la recherche d'une nouvelle bouilloire électrique ? Découvrez nos conseils !
37886;Les meilleures bouilloires à thé;https://meilleurtest.fr/comparatif-bouilloire-a-the/;Électroménager;Le thé figure parmi les boissons les plus anciennes et les plus prisées du monde, après la bière et l’eau ! Se dégustant aussi bien chaud que froid, elle doit cependant être réalisée dans les règles de l’art pour faire ressortir le goût et les arômes. Au lieu de risquer une mauvaise infusion via la méthode classique, quoi de mieux qu’une bouilloire à thé ? Plus adaptée au mode de vie actuel, voici les 4 meilleurs bouilloires à thé du moment.
37811;Les meilleures machines à pâtes;https://meilleurtest.fr/comparatif-machine-a-pates/;Électroménager;Une machine à pâtes est un incontournable pour la réalisation de tagliatelles, fettucine, spaghetti, penne, macaroni, linguine, ravioli… dans les règles de l’art. Manuelle, électrique ou automatique, elle vous déleste principalement de l’éternel pétrissage à la main. Certaines prennent même en charge tout le processus jusqu’à l’extrusion. Afin de trouver le modèle qui vous sied, découvrez les meilleures machines à pâtes de cette année.
37789;Les meilleures ampoules LED;https://meilleurtest.fr/comparatif-ampoule-led/;Électroménager;L'ampoule LED s'est démocratisé dans les foyers français. Il faut dire qu'elle beaucoup consomme moins qu’une ampoule à filament. Néanmoins, elle a longtemps souffert du manque de couleurs. Désormais, c'est de l'histoire ancienne puisqu'il existe des ampoules LED RGB, proposant des millions de couleurs. À douille, à vis, connectée, de couleur blanc chaud ou proposant 16 millions de couleurs, le choix n'est pas simple. Pour trouver la perle rare, fiez-vous à notre guide des meilleures ampoules LED du moment.
37779;Les meilleurs kits de détartrage Senseo;https://meilleurtest.fr/comparatif-kit-de-detartrage-senseo/;Électroménager;"La performance de votre <a class=""wpil_keyword_link"" title=""machine à café"" href=""https://meilleurtest.fr/comparatif-machine-a-cafe/"" data-wpil-keyword-link=""linked"">machine à café</a> Senseo a considérablement diminué ces derniers temps ? Avec le concours de Philips, la marque Senseo a mis au point un processus de détartrage à la fois rapide et simple. Détartrant universel ou détartrant spécifique, sous forme de poudre ou de liquide, réduisez vos champs de recherche en vous fiant à notre sélection des meilleurs kits de détartrage Senseo."
37751;Les meilleurs lave-linges top;https://meilleurtest.fr/comparatif-lave-linge-top/;Électroménager;Si vous êtes à la recherche d’une nouvelle machine à laver, faites comme 34 % des Français et optez pour un lave-linge top. Deux choses les différencient d’une machine à hublot traditionnelle : ils sont compacts et faciles à utiliser. Avec un lave-linge top, vous ne vous plierez plus en deux pour remplir la machine ! Pour davantage d’informations, consultez ce guide d’achat complet.
37727;Les meilleurs congélateurs armoires;https://meilleurtest.fr/comparatif-congelateur-armoire/;Électroménager;Selon les sondages, 1 Français sur 5 considère les courses comme une corvée. Si tel est aussi votre cas, pourquoi ne pas investir dans un appareil à grande capacité de stockage comme un congélateur armoire ? Très pratique surtout pour les familles nombreuses, il peut conserver une quantité importante d'aliments sur le long terme. Confort (silencieux, spacieux, facile d'accès, etc.) et performance (grande autonomie, bonne capacité de congélation,etc.) seront au rendez-vous. Fiez-vous donc à notre guide pour un choix réussi.
37688;Les meilleurs lave-linge séchants;https://meilleurtest.fr/comparatif-lave-linge-sechant/;Électroménager;D'une capacité de chargement variant généralement entre 6 et 9 kg, le lave-linge séchant se démarque par sa double fonction. En effet, cet appareil permet non seulement de laver le linge, mais aussi de le sécher en le chauffant et en le tournoyant dans le tambour. Pour ne pas vous tromper dans le choix de votre futur lave-linge séchant, lisez ce guide d'achat.
37652;Les meilleurs lave-linge pas chers;https://meilleurtest.fr/comparatif-lave-linge-pas-cher/;Électroménager;"Dans l’Hexagone, on enregistre chaque année plus de 2,5 millions de vente de <a href=""https://meilleurtest.fr/comparatif-lave-linge/"">lave-linge</a> (tous les modèles confondus : <a href=""https://meilleurtest.fr/comparatif-lave-linge-top/"">lave-linge top</a>, <a href=""https://meilleurtest.fr/comparatif-lave-linge-hublot/"">lave-linge hublot</a>, lave-linge encastrable et <a href=""https://meilleurtest.fr/comparatif-lave-linge-sechant/"">séchant</a>). Et ce n’est pas prêt de s’arrêter puisqu’actuellement, plus de 96 % des foyers français déclarent en être équipés. Vous en avez assez de faire votre lessive à la main, d’aller et venir à la blanchisserie ou de ne trouver que des machines à laver onéreuses ? Dénichez un lave-linge pas cher à la fois fiable et pratique parmi notre sélection."
37611;Les meilleurs fours encastrables;https://meilleurtest.fr/comparatif-four-encastrable/;Électroménager;Dans le quotidien, la réalisation d’une bonne recette requiert l’utilisation de matériels fiables et efficaces comme le four. Encastré au mur, un four peut offrir tout ce qu’il y a de meilleur pour réveiller la passion de la cuisine en chacun. Pour vous accompagner dans vos choix, découvrez ci-après le guide des meilleurs fours encastrables qui sont les plus prisés sur le marché.
37593;Les meilleurs lave-linges Miele;https://meilleurtest.fr/comparatif-lave-linge-miele/;Électroménager;"En moyenne, les Français font 7,3 milliards de <a href=""https://meilleurtest.fr/comparatif-lave-linge/"">lessives</a> par an. Vous faites partie de ceux qui sont souvent pressés ou qui ne lavent qu’un nombre limité de vêtements ? Dans ce cas, investissez dans un lave-linge Miele. Avantageux dans bien des domaines, ce gros électroménager vous propose différents programmes adaptés à chacun de vos besoins. Que vous cherchiez un modèle à chargement frontal (<a href=""https://meilleurtest.fr/comparatif-lave-linge-hublot/"">hublot</a>), <a href=""https://meilleurtest.fr/comparatif-lave-linge-top/"">top</a> ou <a href=""https://meilleurtest.fr/comparatif-lave-linge-sechant/"">séchant</a>, découvrez ce qui se fait de mieux en matière de lave-linge Miele dans ce comparatif."
37584;Les meilleurs lave-linge;https://meilleurtest.fr/comparatif-lave-linge/;Électroménager;"Grâce à <a href=""https://meilleurtest.fr/comparatif-lave-linge-rapport-qualite-prix/"">un bon lave-linge</a>, vous pouvez dire au revoir aux corvées de lessive harassantes. De plus, sur le marché actuel, il existe une pléthore de marques présentant de nombreux modèles de qualité. Toutefois, cette grande diversité de choix peut poser problème durant les recherches. Afin de vous aider à trouver l'appareil idéal, nous avons élaboré un guide consacré aux meilleurs lave-linge disponibles en ce moment."
37579;Les meilleures VMC simple flux;https://meilleurtest.fr/comparatif-vmc-simple-flux/;Électroménager;Avez-vous déjà entendu parler de la VMC simple flux ou ventilation mécanique contrôlée? Les VMC simple flux assurent le renouvellement permanent de l’air intérieur à travers des gaines dans toutes les pièces de votre logement. Pour vous aider à y voir plus clair, lisez notre guide d’achat sur les VMC simple flux, nous y présentons une sélection des meilleurs produits disponibles sur le marché actuellement.
37578;Les meilleurs sèche-linges;https://meilleurtest.fr/comparatif-seche-linge/;Électroménager;"Le sèche-linge est complémentaire du <a href=""https://meilleurtest.fr/comparatif-lave-linge/"">lave-linge</a> (excepté le <a href=""https://meilleurtest.fr/comparatif-lave-linge-sechant/"">lave-linge séchant</a>). Ensemble, ces appareils électroménagers sont garants de la propreté de vos vêtements et linge de maison sans que vous n’ayez à les étendre au soleil ou à l’air libre. À condensation, à évacuation ou avec pompe à chaleur, dénichez le meilleur sèche-linge en vous fiant à ce comparatif."
37571;Les meilleurs sèche-chaussures;https://meilleurtest.fr/comparatif-seche-chaussures/;Électroménager;"Simple et pratique, le sèche-<a href=""//meilleurtest.fr/liste-chaussures-pour-homme/"">chaussures</a> est un accessoire indispensable pour faire face à la saison de pluie et en hiver, il peut également éliminer les odeurs désagréables dues à la transpiration. Mais il peut être difficile de s’y retrouver avec les nombreux modèles disponibles. Pour vous aider à acquérir ce qui se fait de mieux sur le marché, lisez notre comparatif des meilleurs sèche-chaussures."
37569;Les meilleurs sèche-linges avec pompe à chaleur;https://meilleurtest.fr/comparatif-seche-linge-avec-pompe-a-chaleur/;Électroménager;"Le sèche-linge est un appareil électroménager très pratique pour gagner du temps ou sécher des tissus délicats. Dernier-né de la famille, <a href=""https://meilleurtest.fr/comparatif-seche-linge/"">le sèche-linge</a> avec pompe à chaleur suscite l’engouement des ménages par sa consommation d’énergie réduite, son efficacité et sa qualité de séchage impeccable. Découvrez à travers ce guide toutes les informations utiles qui vous aideront à choisir le sèche-linge avec pompe à chaleur adapté à vos besoins et notre sélection des meilleurs modèles pour cette année."
37566;Les meilleurs mini fours électriques;https://meilleurtest.fr/comparatif-mini-four-electrique/;Électroménager;Comment concilier la nécessité d’avoir un four à la maison et le manque d’espace dans la cuisine ? La solution : des mini fours électriques, ces électroménagers ingénieux qui offrent les mêmes fonctionnalités que les fours classiques tout en affichant des dimensions compactes. Quels sont les meilleurs mini fours électriques ? Peut-on quand même avoir une rôtissoire ? On fait le point dans ce guide.
37561;Les meilleurs sèche-linges à condensation;https://meilleurtest.fr/comparatif-seche-linge-a-condensation/;Électroménager;Difficile de compter sur la météo pour sécher son linge, c'est pourquoi l'utilisation d'un sèche-linge s'impose ! Faciles à installer et ultrarapides, les modèles à condensation sont de plus en plus prisés dans les foyers modernes. Vous souhaitez en acheter un, sans parvenir à choisir parmi les multiples références qui existent sur le marché ? Notre guide fait le point sur la question.
37488;Les meilleurs lave-linges hublot;https://meilleurtest.fr/comparatif-lave-linge-hublot/;Électroménager;"Toujours indétrônable dans l’univers des machines à laver, <a href=""https://meilleurtest.fr/comparatif-lave-linge/"">le lave-linge</a> hublot se reconnaît à son ouverture sur la façade principale. Big size, slim ou standard, les formats se plient aux besoins des foyers et de l’espace disponible. Par ailleurs, les lave-linges hublots récents se prêtent au jeu du relooking. Les tons métallisés ont pris le pas sur les sempiternelles robes blanches, et le verre fumé teint le hublot pour un fini plus élégant. Mais comment se retrouver dans la pléthore d’offres de lave-linges frontaux ? Faisons le point à travers ce guide d'achat."
37316;Les meilleurs fours à pyrolyse;https://meilleurtest.fr/comparatif-four-a-pyrolyse/;Électroménager;Déguster un plat fraîchement sorti du four n’a pas son égal en matière de sensations. En revanche, c’est moins plaisant quand vient le moment de nettoyer. Heureusement que les fours à pyrolyses ont été inventés. Ces appareils dispensent de la corvée de raclage grâce à sa fonction autonettoyante. Vous êtes intéressés, ça tombe bien. Voici un guide consacré aux meilleurs fours à pyrolyses disponibles actuellement.
37269;Les meilleures friteuses sans huile;https://meilleurtest.fr/comparatif-friteuse-sans-huile/;Électroménager;Les graisses en veulent à votre silhouette et à votre santé ? Vous pouvez changer ça mais il va falloir ralentir avec les aliments riches en graisse, responsables de nombreuses maladies. Du coup, pourquoi ne pas succomber à vos envies de fritures sans tracas en optant pour une friteuse sans huile ? Notre guide vous propose les meilleurs pour faire des frites saines.
37251;Les meilleures hottes aspirantes silencieuses;https://meilleurtest.fr/comparatif-hotte-aspirante-silencieuse/;Électroménager;La hotte aspirante sert à évacuer les fumées et les odeurs en cuisine. Indispensable, elle s’installe au-dessus de la plaque de cuisson ou la cuisinière. Décorative, encastrable ou design, on trouve différentes déclinaisons sur le marché. Zoom sur les meilleures hottes aspirantes du moment.
37195;Les meilleurs lave-vaisselles;https://meilleurtest.fr/comparatif-lave-vaisselle/;Électroménager;"Le lave-vaisselle figure sans nul doute parmi les inventions majeures du XIXe siècle. Nous sommes d’ailleurs beaucoup à remercier ceux qui sont à l’origine de cet appareil qui permet de passer outre une corvée que nous trouvons pénible. <a href=""https://meilleurtest.fr/comparatif-lave-vaisselle/"">Le lave-vaisselle</a> coûte plutôt cher, on le conçoit. Mais il représente tout de même un très bon investissement si on le choisit bien. Encastrable, à pose libre ou tout intégré, quel lave-vaiselle répondra à vos besoins ? Vous en saurez plus en lisant ce guide d’achat."
37181;Les meilleurs réfrigérateurs congélateurs;https://meilleurtest.fr/comparatif-refrigerateur-congelateur/;Électroménager;"Le réfrigérateur congélateur est un <a href=""https://meilleurtest.fr/comparatif-frigo/"">appareil frigorifique</a> qui dispose de deux compartiments. La première partie du réfrigérateur combiné propose une température comprise entre 2 et 8 °C et permet de conserver efficacement des légumes ainsi que des conserves. Par ailleurs, dans le second compartiment, la température peut descendre en dessous des -10 °C et convient parfaitement à la conservation de viandes. Poursuivez votre lecture pour découvrir le top des réfrigérateurs congélateurs à adopter en 2023."
38135;Les meilleurs fours à vapeur encastrables;https://meilleurtest.fr/comparatif-four-a-vapeur-encastrable/;Électroménager;Pour des repas sains au quotidien, tournez-vous vers le mode de cuisson à la vapeur. Pour cela, rien de tel qu'un four à vapeur encastrable. Pratique et efficace, il apporte à votre cuisine une allure sophistiquée tout en vous fournissant des aliments avec des nutriments bien préservés. Afin de vous orienter, voici une sélection des meilleurs fours à vapeur encastrables du moment.
38112;Les meilleures bouilloires à température réglable;https://meilleurtest.fr/comparatif-bouilloire-a-temperature-reglable/;Électroménager;La bouilloire a toujours été un des équipements indispensables en cuisine pour chauffer l’eau nécessaire à la préparation des boissons chaudes ou autres. Le plus pratique aujourd’hui est d’opter pour la bouilloire à température réglable afin d’adapter la température parfaite de l’eau à nos préparations. Pour en savoir plus, suivez ce guide d’achat.
38101;Les meilleurs lave-vaisselles Bosch;https://meilleurtest.fr/comparatif-lave-vaisselle-bosch/;Électroménager;"Faire la vaisselle vous semble trop harassant ? Vous avez mal au dos à cause de la hauteur de votre évier ? N'attendez plus, achetez un lave-vaisselle Bosch. Connus pour leur capacité, leur robustesse et leurs performances pour nettoyer la vaisselle sale, les appareils de cette marque vous feront économiser sur votre facture d’eau et d’électricité. À poser ou encastrable, voici notre tour d'horizon des <a class=""wpil_keyword_link"" title=""meilleurs lave-vaisselles"" href=""https://meilleurtest.fr/comparatif-lave-vaisselle/"" data-wpil-keyword-link=""linked"">meilleurs lave-vaisselles</a> Bosch."
38091;Les meilleurs ventilateurs industriels;https://meilleurtest.fr/comparatif-ventilateur-industriel/;Électroménager;Les ventilateurs industriels sont essentiels pour aérer, purifier et rafraîchir les grands espaces de travail, où il y a un besoin accru d’air frais. Ils jouent notamment un rôle important dans le confort et la santé du personnel dans de tels espaces et améliorent la productivité de celui-ci. Axial, tangentiel, centrifuge : lequel choisir ? Lisez ce guide pour le savoir.
38085;Les meilleurs sèche-linges à évacuation;https://meilleurtest.fr/comparatif-seche-linge-a-evacuation/;Électroménager;"Le <a href=""https://meilleurtest.fr/comparatif-seche-linge/"">sèche-linge</a> à évacuation a la réputation d’un appareil énergivore, dont l’installation est contraignante. Certes, il consomme plus que le sèche-linge à condensation ou à pompe à chaleur. Il faut aussi l'installer près d’une fenêtre pour assurer l’évacuation. Toutefois, les rendements énergétiques des modèles récents ont connu une nette amélioration. De plus, le sèche-linge à évacuation est toujours aussi accessible financièrement : il est plus que jamais temps de vous en offrir un ! Trouvez le bon appareil en suivant nos conseils et en découvrant notre sélection à travers ce guide d’achat."
38046;Les meilleurs fours à catalyse;https://meilleurtest.fr/comparatif-four-a-catalyse/;Électroménager;Déguster un plat fraichement sorti du four, voilà un moment riche en sensations entraînant les plaisirs des plus agréables. Mais la bonne ambiance s’estompe quand vient le moment de nettoyer. Voici pourquoi, il faut opter pour un four à catalyse, une fonction assurant l’auto-nettoyage de l’appareil. L’idée vous intéresse, lisez notre guide des fours à catalyse pour en savoir plus.
37959;Les meilleurs mini blenders;https://meilleurtest.fr/comparatif-mini-blender/;Électroménager;Le mini blender devient un must have pour toutes les cuisines. Sa compacité et sa rapidité de fonctionnement en font un équipement de choix à destination de ceux qui souhaitent préparer des smoothies et des jus de fruits en portions individuelles. Voulez-vous en avoir un à portée de main ? Faites le bon choix du meilleur mini blender grâce à notre guide.
37919;Les meilleurs mousseurs à lait;https://meilleurtest.fr/comparatif-mousseur-a-lait/;Électroménager;Ceux qui adorent avoir une belle mousse crémeuse sur leur café lacté devraient s'offrir un mousseur à lait. Cet appareil de cuisine vous donnera des résultats dignes d'un chef. Le succès aidant, de nombreux modèles ont depuis peu envahi le marché. Mais pour faire le bon choix, il importe de bien lire ce guide comparatif des meilleurs mousseurs à lait.
37907;Les meilleures ampoules basse consommation;https://meilleurtest.fr/comparatif-ampoule-basse-consommation/;Électroménager;L’utilisation d’une ampoule basse consommation, contribue à la protection de l’environnement. Elle réduit également 10 fois moins la consommation et permet de faire une économie de 20 % sur les factures d’électricité. Mais avec plusieurs modèles disponibles sur le marché, il est difficile d’en choisir une. Ce guide va vous aider à trouver le modèle qui vous convient au mieux.
37899;Les meilleurs mixeurs plongeants;https://meilleurtest.fr/comparatif-mixeur-plongeant/;Électroménager;Plus compact, plus léger et plus mobile tout en restant peu encombrant, le mixeur plongeant s’invite de plus en plus en cuisine. On s'en sert aussi bien chez les particuliers qu'auprès de chefs étoilés. Et son utilité va bien au-delà de ce que réalisent les mixeurs classiques. Avec ou sans fil ? Notre guide va vous orienter vers le meilleur mixeur plongeant du moment, tout simplement celui qui convient à vos besoins.
37888;Les meilleures bouilloires électriques;https://meilleurtest.fr/comparatif-bouilloire-electrique/;Électroménager;Adepte de thé, de café ou d'infusion, il vous faut de l'eau chaude à disposition tous les jours ? Plutôt que de prendre une casserole pour en faire bouillir, misez sur la rapidité d'une bouilloire électrique ! Incontournable dans toutes les cuisines, elle permet aussi de cuire rapidement une diversité d'aliments grâce à un peu d'eau bouillante. À la recherche d'une nouvelle bouilloire électrique ? Découvrez nos conseils !
37886;Les meilleures bouilloires à thé;https://meilleurtest.fr/comparatif-bouilloire-a-the/;Électroménager;Le thé figure parmi les boissons les plus anciennes et les plus prisées du monde, après la bière et l’eau ! Se dégustant aussi bien chaud que froid, elle doit cependant être réalisée dans les règles de l’art pour faire ressortir le goût et les arômes. Au lieu de risquer une mauvaise infusion via la méthode classique, quoi de mieux qu’une bouilloire à thé ? Plus adaptée au mode de vie actuel, voici les 4 meilleurs bouilloires à thé du moment.
37811;Les meilleures machines à pâtes;https://meilleurtest.fr/comparatif-machine-a-pates/;Électroménager;Une machine à pâtes est un incontournable pour la réalisation de tagliatelles, fettucine, spaghetti, penne, macaroni, linguine, ravioli… dans les règles de l’art. Manuelle, électrique ou automatique, elle vous déleste principalement de l’éternel pétrissage à la main. Certaines prennent même en charge tout le processus jusqu’à l’extrusion. Afin de trouver le modèle qui vous sied, découvrez les meilleures machines à pâtes de cette année.
37789;Les meilleures ampoules LED;https://meilleurtest.fr/comparatif-ampoule-led/;Électroménager;L'ampoule LED s'est démocratisé dans les foyers français. Il faut dire qu'elle beaucoup consomme moins qu’une ampoule à filament. Néanmoins, elle a longtemps souffert du manque de couleurs. Désormais, c'est de l'histoire ancienne puisqu'il existe des ampoules LED RGB, proposant des millions de couleurs. À douille, à vis, connectée, de couleur blanc chaud ou proposant 16 millions de couleurs, le choix n'est pas simple. Pour trouver la perle rare, fiez-vous à notre guide des meilleures ampoules LED du moment.
37779;Les meilleurs kits de détartrage Senseo;https://meilleurtest.fr/comparatif-kit-de-detartrage-senseo/;Électroménager;"La performance de votre <a class=""wpil_keyword_link"" title=""machine à café"" href=""https://meilleurtest.fr/comparatif-machine-a-cafe/"" data-wpil-keyword-link=""linked"">machine à café</a> Senseo a considérablement diminué ces derniers temps ? Avec le concours de Philips, la marque Senseo a mis au point un processus de détartrage à la fois rapide et simple. Détartrant universel ou détartrant spécifique, sous forme de poudre ou de liquide, réduisez vos champs de recherche en vous fiant à notre sélection des meilleurs kits de détartrage Senseo."
37751;Les meilleurs lave-linges top;https://meilleurtest.fr/comparatif-lave-linge-top/;Électroménager;Si vous êtes à la recherche d’une nouvelle machine à laver, faites comme 34 % des Français et optez pour un lave-linge top. Deux choses les différencient d’une machine à hublot traditionnelle : ils sont compacts et faciles à utiliser. Avec un lave-linge top, vous ne vous plierez plus en deux pour remplir la machine ! Pour davantage d’informations, consultez ce guide d’achat complet.
37727;Les meilleurs congélateurs armoires;https://meilleurtest.fr/comparatif-congelateur-armoire/;Électroménager;Selon les sondages, 1 Français sur 5 considère les courses comme une corvée. Si tel est aussi votre cas, pourquoi ne pas investir dans un appareil à grande capacité de stockage comme un congélateur armoire ? Très pratique surtout pour les familles nombreuses, il peut conserver une quantité importante d'aliments sur le long terme. Confort (silencieux, spacieux, facile d'accès, etc.) et performance (grande autonomie, bonne capacité de congélation,etc.) seront au rendez-vous. Fiez-vous donc à notre guide pour un choix réussi.
37688;Les meilleurs lave-linge séchants;https://meilleurtest.fr/comparatif-lave-linge-sechant/;Électroménager;D'une capacité de chargement variant généralement entre 6 et 9 kg, le lave-linge séchant se démarque par sa double fonction. En effet, cet appareil permet non seulement de laver le linge, mais aussi de le sécher en le chauffant et en le tournoyant dans le tambour. Pour ne pas vous tromper dans le choix de votre futur lave-linge séchant, lisez ce guide d'achat.
37652;Les meilleurs lave-linge pas chers;https://meilleurtest.fr/comparatif-lave-linge-pas-cher/;Électroménager;"Dans l’Hexagone, on enregistre chaque année plus de 2,5 millions de vente de <a href=""https://meilleurtest.fr/comparatif-lave-linge/"">lave-linge</a> (tous les modèles confondus : <a href=""https://meilleurtest.fr/comparatif-lave-linge-top/"">lave-linge top</a>, <a href=""https://meilleurtest.fr/comparatif-lave-linge-hublot/"">lave-linge hublot</a>, lave-linge encastrable et <a href=""https://meilleurtest.fr/comparatif-lave-linge-sechant/"">séchant</a>). Et ce n’est pas prêt de s’arrêter puisqu’actuellement, plus de 96 % des foyers français déclarent en être équipés. Vous en avez assez de faire votre lessive à la main, d’aller et venir à la blanchisserie ou de ne trouver que des machines à laver onéreuses ? Dénichez un lave-linge pas cher à la fois fiable et pratique parmi notre sélection."
37611;Les meilleurs fours encastrables;https://meilleurtest.fr/comparatif-four-encastrable/;Électroménager;Dans le quotidien, la réalisation d’une bonne recette requiert l’utilisation de matériels fiables et efficaces comme le four. Encastré au mur, un four peut offrir tout ce qu’il y a de meilleur pour réveiller la passion de la cuisine en chacun. Pour vous accompagner dans vos choix, découvrez ci-après le guide des meilleurs fours encastrables qui sont les plus prisés sur le marché.
37593;Les meilleurs lave-linges Miele;https://meilleurtest.fr/comparatif-lave-linge-miele/;Électroménager;"En moyenne, les Français font 7,3 milliards de <a href=""https://meilleurtest.fr/comparatif-lave-linge/"">lessives</a> par an. Vous faites partie de ceux qui sont souvent pressés ou qui ne lavent qu’un nombre limité de vêtements ? Dans ce cas, investissez dans un lave-linge Miele. Avantageux dans bien des domaines, ce gros électroménager vous propose différents programmes adaptés à chacun de vos besoins. Que vous cherchiez un modèle à chargement frontal (<a href=""https://meilleurtest.fr/comparatif-lave-linge-hublot/"">hublot</a>), <a href=""https://meilleurtest.fr/comparatif-lave-linge-top/"">top</a> ou <a href=""https://meilleurtest.fr/comparatif-lave-linge-sechant/"">séchant</a>, découvrez ce qui se fait de mieux en matière de lave-linge Miele dans ce comparatif."
37584;Les meilleurs lave-linge;https://meilleurtest.fr/comparatif-lave-linge/;Électroménager;"Grâce à <a href=""https://meilleurtest.fr/comparatif-lave-linge-rapport-qualite-prix/"">un bon lave-linge</a>, vous pouvez dire au revoir aux corvées de lessive harassantes. De plus, sur le marché actuel, il existe une pléthore de marques présentant de nombreux modèles de qualité. Toutefois, cette grande diversité de choix peut poser problème durant les recherches. Afin de vous aider à trouver l'appareil idéal, nous avons élaboré un guide consacré aux meilleurs lave-linge disponibles en ce moment."
37579;Les meilleures VMC simple flux;https://meilleurtest.fr/comparatif-vmc-simple-flux/;Électroménager;Avez-vous déjà entendu parler de la VMC simple flux ou ventilation mécanique contrôlée? Les VMC simple flux assurent le renouvellement permanent de l’air intérieur à travers des gaines dans toutes les pièces de votre logement. Pour vous aider à y voir plus clair, lisez notre guide d’achat sur les VMC simple flux, nous y présentons une sélection des meilleurs produits disponibles sur le marché actuellement.
37578;Les meilleurs sèche-linges;https://meilleurtest.fr/comparatif-seche-linge/;Électroménager;"Le sèche-linge est complémentaire du <a href=""https://meilleurtest.fr/comparatif-lave-linge/"">lave-linge</a> (excepté le <a href=""https://meilleurtest.fr/comparatif-lave-linge-sechant/"">lave-linge séchant</a>). Ensemble, ces appareils électroménagers sont garants de la propreté de vos vêtements et linge de maison sans que vous n’ayez à les étendre au soleil ou à l’air libre. À condensation, à évacuation ou avec pompe à chaleur, dénichez le meilleur sèche-linge en vous fiant à ce comparatif."
37571;Les meilleurs sèche-chaussures;https://meilleurtest.fr/comparatif-seche-chaussures/;Électroménager;"Simple et pratique, le sèche-<a href=""//meilleurtest.fr/liste-chaussures-pour-homme/"">chaussures</a> est un accessoire indispensable pour faire face à la saison de pluie et en hiver, il peut également éliminer les odeurs désagréables dues à la transpiration. Mais il peut être difficile de s’y retrouver avec les nombreux modèles disponibles. Pour vous aider à acquérir ce qui se fait de mieux sur le marché, lisez notre comparatif des meilleurs sèche-chaussures."
37569;Les meilleurs sèche-linges avec pompe à chaleur;https://meilleurtest.fr/comparatif-seche-linge-avec-pompe-a-chaleur/;Électroménager;"Le sèche-linge est un appareil électroménager très pratique pour gagner du temps ou sécher des tissus délicats. Dernier-né de la famille, <a href=""https://meilleurtest.fr/comparatif-seche-linge/"">le sèche-linge</a> avec pompe à chaleur suscite l’engouement des ménages par sa consommation d’énergie réduite, son efficacité et sa qualité de séchage impeccable. Découvrez à travers ce guide toutes les informations utiles qui vous aideront à choisir le sèche-linge avec pompe à chaleur adapté à vos besoins et notre sélection des meilleurs modèles pour cette année."
37566;Les meilleurs mini fours électriques;https://meilleurtest.fr/comparatif-mini-four-electrique/;Électroménager;Comment concilier la nécessité d’avoir un four à la maison et le manque d’espace dans la cuisine ? La solution : des mini fours électriques, ces électroménagers ingénieux qui offrent les mêmes fonctionnalités que les fours classiques tout en affichant des dimensions compactes. Quels sont les meilleurs mini fours électriques ? Peut-on quand même avoir une rôtissoire ? On fait le point dans ce guide.
37561;Les meilleurs sèche-linges à condensation;https://meilleurtest.fr/comparatif-seche-linge-a-condensation/;Électroménager;Difficile de compter sur la météo pour sécher son linge, c'est pourquoi l'utilisation d'un sèche-linge s'impose ! Faciles à installer et ultrarapides, les modèles à condensation sont de plus en plus prisés dans les foyers modernes. Vous souhaitez en acheter un, sans parvenir à choisir parmi les multiples références qui existent sur le marché ? Notre guide fait le point sur la question.
37488;Les meilleurs lave-linges hublot;https://meilleurtest.fr/comparatif-lave-linge-hublot/;Électroménager;"Toujours indétrônable dans l’univers des machines à laver, <a href=""https://meilleurtest.fr/comparatif-lave-linge/"">le lave-linge</a> hublot se reconnaît à son ouverture sur la façade principale. Big size, slim ou standard, les formats se plient aux besoins des foyers et de l’espace disponible. Par ailleurs, les lave-linges hublots récents se prêtent au jeu du relooking. Les tons métallisés ont pris le pas sur les sempiternelles robes blanches, et le verre fumé teint le hublot pour un fini plus élégant. Mais comment se retrouver dans la pléthore d’offres de lave-linges frontaux ? Faisons le point à travers ce guide d'achat."
37316;Les meilleurs fours à pyrolyse;https://meilleurtest.fr/comparatif-four-a-pyrolyse/;Électroménager;Déguster un plat fraîchement sorti du four n’a pas son égal en matière de sensations. En revanche, c’est moins plaisant quand vient le moment de nettoyer. Heureusement que les fours à pyrolyses ont été inventés. Ces appareils dispensent de la corvée de raclage grâce à sa fonction autonettoyante. Vous êtes intéressés, ça tombe bien. Voici un guide consacré aux meilleurs fours à pyrolyses disponibles actuellement.
37269;Les meilleures friteuses sans huile;https://meilleurtest.fr/comparatif-friteuse-sans-huile/;Électroménager;Les graisses en veulent à votre silhouette et à votre santé ? Vous pouvez changer ça mais il va falloir ralentir avec les aliments riches en graisse, responsables de nombreuses maladies. Du coup, pourquoi ne pas succomber à vos envies de fritures sans tracas en optant pour une friteuse sans huile ? Notre guide vous propose les meilleurs pour faire des frites saines.
37251;Les meilleures hottes aspirantes silencieuses;https://meilleurtest.fr/comparatif-hotte-aspirante-silencieuse/;Électroménager;La hotte aspirante sert à évacuer les fumées et les odeurs en cuisine. Indispensable, elle s’installe au-dessus de la plaque de cuisson ou la cuisinière. Décorative, encastrable ou design, on trouve différentes déclinaisons sur le marché. Zoom sur les meilleures hottes aspirantes du moment.
37195;Les meilleurs lave-vaisselles;https://meilleurtest.fr/comparatif-lave-vaisselle/;Électroménager;"Le lave-vaisselle figure sans nul doute parmi les inventions majeures du XIXe siècle. Nous sommes d’ailleurs beaucoup à remercier ceux qui sont à l’origine de cet appareil qui permet de passer outre une corvée que nous trouvons pénible. <a href=""https://meilleurtest.fr/comparatif-lave-vaisselle/"">Le lave-vaisselle</a> coûte plutôt cher, on le conçoit. Mais il représente tout de même un très bon investissement si on le choisit bien. Encastrable, à pose libre ou tout intégré, quel lave-vaiselle répondra à vos besoins ? Vous en saurez plus en lisant ce guide d’achat."
37181;Les meilleurs réfrigérateurs congélateurs;https://meilleurtest.fr/comparatif-refrigerateur-congelateur/;Électroménager;"Le réfrigérateur congélateur est un <a href=""https://meilleurtest.fr/comparatif-frigo/"">appareil frigorifique</a> qui dispose de deux compartiments. La première partie du réfrigérateur combiné propose une température comprise entre 2 et 8 °C et permet de conserver efficacement des légumes ainsi que des conserves. Par ailleurs, dans le second compartiment, la température peut descendre en dessous des -10 °C et convient parfaitement à la conservation de viandes. Poursuivez votre lecture pour découvrir le top des réfrigérateurs congélateurs à adopter en 2023."
