"ID";"post_title";"_post_permalink";"category";"mltv5_introduction";"mltv5_new_intro"
"42630";"Les meilleurs sécateurs électriques professionnels";"https://meilleurtest.fr/comparatif-secateur-electrique-professionnel/";"Jardinage";"Tailler régulièrement des rosiers ou des haies à la force du poignet n'est pas à la portée de tous, tant cette tâche est physique. Pour y parvenir sans que vos mains finissent en compote, offrez-vous un sécateur électrique professionnel. Efficace, précis, rapide et facile à utiliser, cet outil d’entretien pour le jardin élimine la pénibilité des coupes répétées et optimise le rendement. Filaire ou à batterie ? Avec ou sans perche ? Quel diamètre de coupe ? Faites le bon choix et trouvez les réponses à ces questions en lisant ce <a href=""https://meilleurtest.fr/comparatif-secateur/"">guide des meilleurs sécateurs</a> électriques professionnels pour cette année."
"42613";"Les meilleurs scarificateurs";"https://meilleurtest.fr/comparatif-scarificateur/";"Jardinage";"Votre gazon fait grise mine ou ressemble à un paillasson ? Équipez-vous d’un scarificateur et offrez à votre espace vert un nettoyage en profondeur et une bonne cure d’oxygène. Cet outil d’entretien pour le jardin retire la mousse, aère le sol et élimine le feutre végétal en vue de garantir la croissance saine du gazon. L’herbe devient alors plus verte, plus dense et plus belle. <a href=""https://meilleurtest.fr/comparatif-scarificateur-manuel/"">Vous cherchez un scarificateur manuel</a>, électrique filaire, électrique sans fil ou thermique ? Redonnez vie à votre pelouse et choisissez parmi notre sélection des meilleurs scarificateurs pour cette année. Découvrez également nos conseils pour faire le bon choix et acheter malin."
"42610";"Les meilleurs enrouleurs de tuyau d'arrosage";"https://meilleurtest.fr/comparatif-enrouleur-de-tuyau-d-arrosage/";"Jardinage";"Votre tuyau d’arrosage s’entortille comme un spaghetti, traîne inutilement au sol, s’emmêle souvent ou se déchire trop vite ? Au lieu de changer régulièrement de tuyau, achetez un enrouleur. Cet accessoire mécanique, manuel ou motorisé facilite le déroulement et le rangement du tuyau après son utilisation. Vous cherchez un modèle à enroulement manuel ou automatique ? <a href=""https://meilleurtest.fr/les-meilleurs-devidoirs-muraux/"">À fixation murale</a>, à poser ou sur roues ? Trouvez l’enrouleur de tuyau d’arrosage répondant à vos besoins en parcourant notre guide d'achat."
"42583";"Les meilleures pompes pour bassin d'extérieur";"https://meilleurtest.fr/comparatif-pompes-pour-bassin-dexterieur/";"Jardinage";"Un bassin mal oxygéné, une pompe qui s’essouffle ou rend l’âme en pleine saison : voilà le genre de galères qu’aucun passionné n’a envie de revivre. Derrière les belles promesses, trop de modèles peinent à tenir le rythme au bout d’un an ou deux. C’est pourtant dans la durée que se révèle la vraie qualité d’une pompe. Certaines tournent jour et nuit, été comme hiver, sans broncher. Et ce sont celles-là qu’il faut retenir."
"42275";"Les meilleures jardinières";"https://meilleurtest.fr/comparatif-jardinieres/";"Jardinage";"Vous rêvez d’apporter une touche de verdure à votre habitation, mais manquez de place pour <a href=""https://meilleurtest.fr/comparatif-serre-de-jardin/"">aménager un jardin</a> ? Envisagez d'utiliser une jardinière. Installée sur le balcon, sur la terrasse, sur le toit ou dans le jardin, cette dernière permet de cultiver une grande variété de plantes, de fleurs et même de faire un potager. Vous envisagez d’acheter une jardinière ? Dans ce guide d'achat, nous avons sélectionné les meilleurs modèles pour cette année et prodiguons nos conseils pour trouver celle qui correspond à vos besoins."
"42270";"Les meilleures jardinières hautes";"https://meilleurtest.fr/comparatif-jardiniere-haute/";"Jardinage";"Face aux défis du jardinage urbain, où l'espace manque et le confort de culture devient une nécessité, les jardinières hautes s'imposent comme la solution parfaite. Elles offrent non seulement une réponse esthétique et pratique à la limitation d'espace, mais pallient également aux contraintes physiques en rendant le jardinage accessible à tous. Qui n'a jamais rêvé d'un jardin luxuriant sans pour autant se courber en deux ? Explorez avec nous les critères qui définissent les meilleures jardinières hautes. Préparez-vous à transformer votre espace en une oasis de verdure et de bien-être."
"42253";"Les meilleurs grillages rigides";"https://meilleurtest.fr/comparatif-grillage-rigide/";"Jardinage";"Le grillage rigide offre la promesse d'un espace sécurisé et à l'abri des regards, où la liberté de vos enfants et de vos animaux sera préservée. Plus qu'une clôture, elle a une robustesse exemplaire qui promet de repousser les intrusions, tandis que son allure chic et moderne s'intègre à l'environnement naturel et à toutes les configurations de terrains. Facile à installer et adaptable à tous les terrains, le grillage rigide offre la tranquillité d'esprit sans compromis. Découvrez notre guide d'achat pour en apprendre plus à ce sujet."
"42243";"Les meilleurs grands pots de fleur extérieurs";"https://meilleurtest.fr/comparatif-grand-pot-de-fleur-exterieur/";"Jardinage";"Dans l'univers du jardinage et de l'aménagement extérieur, trouver le bon grand pot de fleur n'est pas une mince affaire. Face aux intempéries, à l'épreuve du temps et des saisons, comment garantir la durabilité et l'esthétique de ces pots ? L'enjeu est de taille : un pot adapté peut transformer un espace extérieur banal en un véritable oasis de verdure. Pourquoi vous contenter de solutions médiocres quand vous pouvez bénéficier de conseils avisés pour sélectionner le pot idéal, alliant fonctionnalité et design ? Découvrez, à travers ce guide, les critères incontournables pour faire le choix judicieux qui métamorphosera votre jardin."
"42063";"Les meilleurs coupe-bordures électriques";"https://meilleurtest.fr/comparatif-coupe-bordure-electrique/";"Jardinage";"Si vous faites partie des 7 Français sur 10 qui possèdent un jardin, vous devez sans doute avoir une pelouse verdoyante. Outre l’incontournable <a href=""https://meilleurtest.fr/comparatif-tondeuse-a-gazon/"">tondeuse à gazon</a>, d’autres outils comme le taille-haie, l’élagueuse et le coupe-bordure sont indispensables à un jardin bien entretenu. Justement, en parlant de coupe-bordure, le modèle électrique est sans doute un meilleur choix que son cousin thermique : plus léger, moins bruyant, moins contraignant et tout aussi efficace. Cherchez-vous un coupe-bordure électrique filaire ou à batterie ? Pour le savoir, fiez-vous à notre guide d’achat."
"42006";"Les meilleurs coupe-bordures électriques à batterie";"https://meilleurtest.fr/comparatif-coupe-bordure-electrique-a-batterie/";"Jardinage";"Pour les petits travaux d’entretien du jardin, notamment la coupe de l’herbe au pied des arbustes et dans les allées, le long des haies, des massifs de fleurs ou encore des grillages, il n’y a rien de mieux qu’un <a href=""https://meilleurtest.fr/comparatif-coupe-bordure/"">coupe-bordure</a> électrique à batterie. Sa particularité ? En plus de peser moins de 5 kg, il a une autonomie de 30 à 60 min. Sa nuisance sonore reste acceptable par rapport à celle d’un modèle thermique. De plus, les deux fonctionnent sans raccordement filaire et offrent la même liberté de mouvement. À fil ou à lame, trouvez le coupe-bordure électrique à batterie adapté à vos besoins en lisant ce guide."
"41999";"Les meilleures tondeuses électriques sans fil";"https://meilleurtest.fr/comparatif-tondeuse-electrique-sans-fil/";"Jardinage";"Plus mobile qu’une <a href=""https://meilleurtest.fr/comparatif-tondeuse-electrique/"">tondeuse à gazon filaire</a>, la <a href=""https://meilleurtest.fr/comparatif-tondeuse-a-gazon/"">tondeuse</a> électrique sans fil se décline dans des puissances, des largeurs de coupe et des types différents afin de s’adapter à tous les besoins pour l’entretien d’espaces verts. Les plus compactes sont des tondeuses d’appoint tandis que les plus puissantes peuvent offrir des performances similaires à celles des grosses <a href=""https://meilleurtest.fr/comparatif-tondeuse-thermique/"">tondeuses thermiques</a>. Robot tondeuse, tracteur tondeuse ou tondeuse poussée, trouvez votre tondeuse électrique sans fil en lisant notre comparatif."
"41931";"Les meilleurs robots tondeuses pour 500m²";"https://meilleurtest.fr/comparatif-robot-tondeuse-pour-500m%c2%b2/";"Jardinage";"Grâce à leur technologie de pointe, les <a href=""https://meilleurtest.fr/comparatif-robot-tondeuse/"">robots tondeuses</a> prennent soin de la pelouse aussi bien que les jardiniers aguerris. Connectés et autonomes, ces équipements de jardinage peuvent se contrôler à distance et sont programmables au gré de vos besoins depuis une application dédiée. Sur le marché, les robots tondeuses pour 500m² se comptent par dizaines : lequel choisir ? Trouver celui qui répondra le mieux à vos habitudes de vie et de jardinage à travers ce guide comparatif.";"Un jardin de 500 m² ne demande pas la même autonomie ni la même puissance qu'un terrain de 5000 m². Les robots tondeuses pour petites surfaces misent sur la compacité et le passage fréquent. Nous comparerons les robots adaptés à 500 m², face aux <a href=""https://meilleurtest.fr/comparatif-robot-tondeuse/"">robots tondeuses classiques</a>, aux <a href=""https://meilleurtest.fr/comparatif-robot-tondeuse-sans-fil-peripherique/"">robots sans fil périphérique</a> et aux <a href=""https://meilleurtest.fr/comparatif-tondeuse-electrique-sans-fil/"">tondeuses électriques sans fil</a>."
"41927";"Les meilleurs robots tondeuses pour 5000m²";"https://meilleurtest.fr/comparatif-robot-tondeuse-pour-5000-m%c2%b2/";"Jardinage";"Une pelouse de 5000 m² représente un vrai défi à tondre. D’habitude, on achète un <a href=""https://meilleurtest.fr/comparatif-tracteur-tondeuse/"">tracteur tondeuse</a> ou une tondeuse débroussailleuse thermique pour une si grande surface. Cependant, ceux qui ne veulent pas passer des heures à tondre peuvent miser sur le <a href=""https://meilleurtest.fr/comparatif-robot-tondeuse/"">robot tondeuse</a> pour 5000m². Cet équipement, en plus d’être léger et pilotable à distance, peut faire la tonte en votre absence. Modèle à batterie ou thermique ? Faites votre choix parmi les meilleurs robots tondeuses pour 5000m² du moment.";"Tondre 5000 m² sans intervention, c'est la promesse des robots tondeuses grande surface. Autonomie, navigation et capacité de pente conditionnent le résultat. Ce guide mettra en lumière les robots adaptés aux grands terrains, face aux <a href=""https://meilleurtest.fr/comparatif-robot-tondeuse/"">robots tondeuses classiques</a>, aux <a href=""https://meilleurtest.fr/comparatif-robot-tondeuse-sans-fil-peripherique/"">robots sans fil périphérique</a> et aux <a href=""https://meilleurtest.fr/comparatif-tondeuse-a-gazon/"">tondeuses à gazon</a>."
"41918";"Les meilleures tondeuses thermiques professionnelles";"https://meilleurtest.fr/comparatif-tondeuse-thermique-professionnelle/";"Jardinage";"Vous avez une pelouse de 1500 à 10 000 m² ? Vous êtes jardinier paysagiste ? Vous cherchez une tondeuse suffisamment puissante et robuste pour supporter une utilisation intensive ? Pour toutes ces raisons, il vous faut une <a href=""https://meilleurtest.fr/comparatif-tondeuse-a-gazon/"">tondeuse</a> thermique professionnelle. Les avantages offerts par ce genre d'outil de tonte sont nombreux : moins d'efforts à déployer, moins de temps passé à tondre, moins de risque d'usure des lames, etc. Mais choisir la bonne tondeuse thermique professionnelle n’est pas simple. Tracteur tondeuse, tondeuse débroussailleuse thermique, tondeuse thermique autotractée, trouvez la version pro adaptée à vos besoins en lisant ce guide.";"Conçues pour les grandes surfaces et un usage quotidien, les tondeuses thermiques professionnelles misent sur la robustesse et la largeur de coupe. Transmission, moteur et ergonomie justifient leur prix. Ce guide détaillera les tondeuses professionnelles du marché, en les replaçant face aux <a href=""https://meilleurtest.fr/comparatif-tondeuse-a-gazon/"">tondeuses à gazon classiques</a>, aux <a href=""https://meilleurtest.fr/comparatif-tracteur-tondeuse/"">tracteurs tondeuses</a> et aux <a href=""https://meilleurtest.fr/comparatif-tondeuse-honda/"">tondeuses Honda</a>."
"41858";"Les meilleurs désherbants au glyphosate";"https://meilleurtest.fr/comparatif-desherbant-au-glyphosate/";"Jardinage";"Parmi les ingrédients des désherbants les plus efficaces, le glyphosate est sans doute le plus connu, que ce soit en bien ou en mal. <a href=""https://meilleurtest.fr/comparatif-desherbant-total-efficace/"">Avec une action totale</a> et non sélective, il est parfait pour une utilisation massive et rapide. C’est pourquoi bien des professionnels font appel à ce composant. Mais au vu de sa complexité, le choix de l’herbicide n’est certainement pas à prendre à la légère. Lisez notre guide pour en savoir plus."
"41756";"Les meilleurs coffres de jardin";"https://meilleurtest.fr/comparatif-coffre-de-jardin/";"Jardinage";"Si vous n'avez pas beaucoup d'espace libre dans votre jardin ou si vous souhaitez simplement accéder rapidement et facilement à vos <a href=""https://meilleurtest.fr/liste-outils-de-jardinage-essentiels/"">articles de jardinage quotidiens</a>, un coffre de jardin est la solution idéale. Il existe de nombreux styles parmi lesquels choisir, les fabricants utilisent des matériaux différents dans leur fabrication, mais tous gardent vos affaires au sec, rangées en toute sécurité et prêtes à l'emploi. Comment trouver le bon coffre ? Trouvez dans ce guide d’achat les informations essentielles."
"41743";"Les meilleurs brise-vues en bois";"https://meilleurtest.fr/comparatif-brise-vue-en-bois/";"Jardinage";"Besoin d’intimité dans le jardin ou sur la terrasse ? Dans ce cas, pourquoi ne pas installer un brise-vue en bois ? Il s’agit d'une excellente barrière occultante pour éviter les regards indiscrets et gênants du voisinage. Un choix varié de <a href=""https://meilleurtest.fr/comparatif-brise-vue-de-balcon/"">brise-vues de balcon</a> ou de jardin est disponible sur le marché. Panneau droit en bois, canisse ou brise-vue en rouleau, treillis… lequel choisir ? Trouvez les réponses à cette question en lisant notre guide d’achat sur les meilleurs brise-vues en bois."
"41728";"Les meilleures chaises de jardin en plastique";"https://meilleurtest.fr/comparatif-chaise-de-jardin-en-plastique/";"Jardinage";"C’est indéniable ! La chaise de jardin en plastique allie l’utile à l’agréable. Elle vous permet de vous détendre tout en vous laissant profiter des beaux jours dans votre <a href=""https://meilleurtest.fr/comparatif-salon-de-jardin-bois/"">espace vert</a>. Et peu importe son design et ses coloris, la chaise saura embellir votre jardin à la perfection. Alors, pliable ou empilable ? Pour faire le bon choix, laissez-vous tenter par l’un des modèles de notre comparatif."
"41628";"Les meilleures cabanes en bois";"https://meilleurtest.fr/comparatif-cabanes-en-bois/";"Jardinage";"Si vous êtes à la recherche d’un abri confortable, écologique et esthétique pour votre jardin, alors la cabane en bois est un choix idéal. Avec leur charme rustique et leur durabilité naturelle, les <a href=""https://meilleurtest.fr/comparatif-abri-de-jardin-en-bois/"">cabanes en bois</a> sont une excellente option pour ajouter une touche de charme à votre extérieur tout en offrant un espace supplémentaire pour se détendre, jouer ou travailler. Pour en savoir plus, lisez la suite !"
"41599";"Les meilleurs brise-vues de jardin";"https://meilleurtest.fr/comparatif-brise-vue-de-jardin/";"Jardinage";"Afin de protéger votre jardin des regards indiscrets, pensez à installer un <a href=""https://meilleurtest.fr/comparatif-brise-vue/"">brise-vue</a>. Cette partie de votre propriété deviendra ainsi un petit coin de paradis où vous pourrez préserver votre intimité. Notez toutefois que trouver un bon équipement du genre peut s’avérer difficile. Nous allons de ce fait vous aider à choisir en vous proposant les meilleurs brise-vues de jardin."
"41595";"Les meilleurs brise-vues de balcon";"https://meilleurtest.fr/comparatif-brise-vue-de-balcon/";"Jardinage";"Durant les beaux jours, l’extérieur est le parfait endroit pour se détendre. Parfois, vous voulez juste profiter de la belle vue de votre balcon en sirotant votre <a href=""https://meilleurtest.fr/comparatif-vin-rouge/"">apéritif</a>, mais les regards environnants vous gênent. Désormais, il y a bien un moyen d’être tranquille : le brise-vue de balcon vous met à l’abri des curieux voisins, mais aussi du vent. Si vous avez décidé de préserver votre intimité, notre guide d’achat vous aide à choisir le brise-vue de balcon idéal."
"41573";"Les meilleures souffleuses à neige électriques";"https://meilleurtest.fr/comparatif-souffleuse-a-neige-electrique/";"Jardinage";"Pour éviter que la neige s’accumule dans sa cour, sur sa terrasse ou devant sa porte, il faut déblayer les lieux. Quoi de mieux pour vous faciliter cette tâche que la <a href=""https://meilleurtest.fr/comparatif-souffleuse-a-neige/"">meilleure souffleuse à neige</a> ? Aujourd’hui, vous retrouverez plusieurs types, allant des modèles fonctionnant à l’électricité aux déneigeuses à batterie. Comment choisir la meilleure souffleuse à neige électrique ? Lisez notre guide pour tout savoir."
"41525";"Les meilleurs abris de jardin en bois";"https://meilleurtest.fr/comparatif-abri-de-jardin-en-bois/";"Jardinage";"Tout le monde apprécie le fait que <a href=""//meilleurtest.fr/comparatif-salon-de-jardin-pas-cher/"">les abris de jardin</a> offrent un excellent espace de rangement extérieur et un endroit pratique pour effectuer des tâches pratiques. Les abris de jardin en bois n’échappent pas à cette règle et ils deviennent même extrêmement populaires du fait de leur côté esthétique, notamment, et parce qu’ils peuvent être utilisés pour une grande variété d’applications. Découvrez dans ce guide les différentes raisons pour en avoir un chez soi. Mais avant, ne zappez surtout pas la partie comment choisir pour trouver l’abri de jardin en bois qui répondra bien à vos besoins."
"41448";"Les meilleurs ramasse feuilles";"https://meilleurtest.fr/comparatif-ramasse-feuilles/";"Jardinage";"L’achat d’un ramasse feuilles constitue un formidable moyen de maintenir votre pelouse tout en lui donnant cette touche esthétique qu’elle mérite. Appelé également collecteur de feuilles, cet <a href=""https://meilleurtest.fr/liste-outils-de-jardinage-essentiels/"">équipement de jardinage</a> transforme la corvée d’entretenir votre espace extérieur en une simple balade riche en détente et en activité physique. Poursuivez votre lecture pour découvrir notre sélection des meilleurs ramasse feuilles du moment."
"41388";"Les meilleures tondeuses Orec";"https://meilleurtest.fr/comparatif-tondeuses-orec/";"Jardinage";"Si vous envisagez d’acheter une <a href=""https://meilleurtest.fr/comparatif-tondeuse-a-gazon/"">tondeuse à gazon</a>, sachez que de nombreuses marques proposent actuellement ce genre d’appareil. La marque Orec, par exemple, elle vous propose des tondeuses haut de gamme qui garantissent un travail facile et impeccable. Mais pour pouvoir profiter de ces avantages, il est nécessaire de faire le bon choix. Pour vous aider, fiez-vous à ce guide : nous vous y proposons une sélection des meilleures tondeuses Orec disponibles en ce moment, ainsi que quelques astuces pour bien choisir et utiliser l’appareil."
"41330";"Les meilleurs pulvérisateurs de jardin";"https://meilleurtest.fr/comparatif-pulverisateur-de-jardin/";"Jardinage";"Votre jardin arbore de jolies couleurs ? De très belles récoltes s'annoncent mais de nombreux nuisibles noircissent le tableau ? Prenez immédiatement les devants et appliquez les produits nécessaires pour en venir à bout. Pour cela, vous aurez besoin d'un bon pulvérisateur de <a href=""https://meilleurtest.fr/comparatif-outil-multifonctions-pour-jardin/"">jardin</a>. Et justement, pour vous aider à trouver le modèle adéquat, nous vous proposons un guide consacré spécialement à ce sujet."
"41324";"Les meilleurs souffleurs thermiques";"https://meilleurtest.fr/comparatif-souffleur-thermique/";"Jardinage";"Plus puissant qu'un <a href=""https://meilleurtest.fr/comparatif-souffleur-de-feuille-a-batterie/"">souffleur à batterie</a> et offrant un plus grand rayon d'action et une plus grande liberté de mouvement qu'un modèle filaire, le souffleur thermique se veut parfait pour l'entretien de grands espaces verts, jusqu'à 2000 m². Le;moteur 2 temps fonctionne à l'essence et possède plusieurs fonctions intéressantes comme l'aspiration ou même le déchiquetage des feuilles mortes. Mais comment dénicher le modèle idéal ? Souffleur à feuilles thermique manuel ou à dos ? Trouvez votre bonheur en parcourant notre guide d'achat.";"Puissants et endurants, les souffleurs thermiques déplacent les feuilles les plus lourdes et les débris humides. Cylindrée, débit d'air et niveau sonore séparent les modèles. Ce guide guidera votre sélection parmi les souffleurs thermiques, face aux <a href=""https://meilleurtest.fr/comparatif-souffleur-de-feuilles/"">souffleurs de feuilles classiques</a>, aux <a href=""https://meilleurtest.fr/comparatif-souffleur-de-feuilles-electriques/"">souffleurs électriques</a> et aux <a href=""https://meilleurtest.fr/comparatif-souffleur-de-feuille-a-batterie/"">souffleurs à batterie</a>."
"41286";"Les meilleurs arroseurs de pelouse";"https://meilleurtest.fr/comparatif-arroseur-de-pelouse/";"Jardinage";"Pour avoir une pelouse verdoyante, disposer d’un <a href=""https://meilleurtest.fr/comparatif-arroseur-de-jardin/"">arroseur</a> de pelouse fait partie des conditions <em>sine qua non</em>. En effet, cet outil livré avec un programmateur a pour fonction d’assurer la croissance uniforme de votre pelouse à moindres frais et sans trop d'effort à fournir. Mais le choix est vaste et tous les modèles ne se valent pas pour une pelouse donnée. Pour vous aider à trouver le vôtre, nous vous conseillons de lire ce guide des meilleurs arroseurs de pelouse."
"41284";"Les meilleures tondeuses Honda";"https://meilleurtest.fr/comparatif-tondeuse-honda/";"Jardinage";"Vous recherchez une tondeuse à gazon efficace et facile à utiliser ? Vous avez de la chance quand on voit les nombreux choix en la matière. On retrouve notamment des modèles conçus par Honda. Les tondeuses à gazon de cette marque ont largement fait leurs preuves auprès des utilisateurs, notamment grâce à leur praticité et leur robustesse. Vous souhaitez davantage d'information sur les <a href=""https://meilleurtest.fr/comparatif-tondeuse-autoportee-rider/"">tondeuses</a> Honda avant de prendre une décision ? Ce comparatif est fait pour vous.";"Moteur endurant et coupe nette : Honda est une référence en tondeuses thermiques depuis des décennies. Traction, mulching et largeur de coupe varient selon le modèle. Ce guide révélera les tondeuses Honda les plus performantes, face aux <a href=""https://meilleurtest.fr/comparatif-tondeuse-a-gazon/"">tondeuses à gazon classiques</a>, aux <a href=""https://meilleurtest.fr/comparatif-tondeuse-husqvarna/"">tondeuses Husqvarna</a> et aux <a href=""https://meilleurtest.fr/comparatif-tondeuse-stihl/"">tondeuses Stihl</a>."
"41283";"Les meilleurs taille-haies électriques filaires";"https://meilleurtest.fr/comparatif-taille-haie-electrique-filaire/";"Jardinage";"<a href=""https://meilleurtest.fr/comparatif-taille-haie/"" target=""_blank"" rel=""noopener"">Les taille-haies</a> sont des outils électriques indispensables pour les propriétaires et les jardiniers qui souhaitent des haies bien entretenues tout au long de l’année. Les taille-haies électriques, en particulier les modèles filaires, sont très populaires en raison de leur facilité d’utilisation globale et de leur efficacité. Mais trouver le bon taille-haie électrique filaire qui répondra le mieux à vos besoins peut être difficile avec tant de modèles disponibles. Pour rendre votre prise de décision plus facile, nous avons rassemblé et examiné 4 des meilleurs taille-haies électriques filaires actuellement sur le marché."
"41269";"Les meilleurs panneaux LED horticoles";"https://meilleurtest.fr/comparatif-panneau-led-horticole/";"Jardinage";"À l’heure actuelle, l’utilisation d’un panneau <a href=""https://meilleurtest.fr/comparatif-lampe-led-de-culture-indoor/"">LED</a> horticole est de plus en plus répandue. Que ce soit dans les cultures industrielles ou dans les plantations individuelles, il a pour objectif d’offrir une excellente source lumineuse et un bon rendement. Mais pour bénéficier de ses avantages, votre choix ne doit pas se faire à la légère. Pour vous aider, fiez-vous à ce guide des meilleurs panneaux LED horticole."
"41211";"Les meilleurs désherbeurs électriques";"https://meilleurtest.fr/comparatif-desherbeur-electrique/";"Jardinage";"Les désherbeurs électriques constituent des outils écologiques, efficaces et faciles à utiliser, qui vous <a href=""https://meilleurtest.fr/comparatif-desherbant-naturel/"">débarrasseront des mauvaises herbes</a>. Ils évitent également à vos enfants et à vos animaux de compagnie de s’exposer aux substances chimiques nocives. Dans le but de vous aider dans la recherche de l’appareil idéal, nous vous avons sélectionné les meilleurs produits actuellement disponibles dans les rayons."
"41186";"Les meilleurs outils multifonctions pour jardin";"https://meilleurtest.fr/comparatif-outil-multifonctions-pour-jardin/";"Jardinage";"Saviez-vous que depuis le confinement, plusieurs personnes se sont mises au jardinage ? D’autres le réalisent à l’ancienne avec des instruments traditionnels. Et il y a ceux qui décident de mettre la main sur la modernité en tranchant pour des outils multifonctions. Parfaits pour<a href=""https://meilleurtest.fr/comparatif-tondeuse-a-gazon-poussee/""> couper ou pour désherber</a>, ces appareils seront sûrement de taille pour votre espace vert. Pour vous aider, on vous guide à travers cet article afin de piocher l’accessoire idéal pour que vous puissiez embellir votre paradis comme un pro."
"41162";"Les meilleurs engrais bio";"https://meilleurtest.fr/comparatif-engrais-bio/";"Jardinage";"Vos plantes, fleurs et <a href=""https://meilleurtest.fr/comparatif-engrais-pour-gazon/"">gazons</a> méritent les meilleurs soins possibles, et l'engrais bio est le moyen le plus efficace pour soutenir leur croissance sans affecter l'environnement. Bien que ce ne soit pas le moyen le plus abordable d’avoir d’obtenir de belles fleurs ou du gazon verdoyant, l'utilisation d'engrais bio est la méthode la plus sûre, car elle ne met pas votre santé en danger et ne pollue pas. Pour vous aider à trouver le bon engrais bio, voici tout ce que vous devez savoir."
"41101";"Les meilleures tondeuses thermiques à démarrage électrique";"https://meilleurtest.fr/comparatif-tondeuse-thermique-a-demarrage-electrique/";"Jardinage";"Pour un entretien réussi de votre espace vert et une tonte parfaite de votre pelouse, il n’y a pas mieux qu’une tondeuse thermique à démarrage électrique. Promettant un résultat parfait, cet outil de jardinage offre une mise en route sans effort pour une expérience de tonte plus agréable et pratique. Mais face à la multitude de tondeuses à gazon sur le marché, il est parfois difficile de faire le bon choix. Pour mieux vous orienter, suivez notre guide.";"Tourner une clé au lieu de tirer un lanceur : les tondeuses thermiques à démarrage électrique éliminent l'effort de lancement. Puissance, largeur de coupe et capacité du bac restent les critères de fond, que l'on regarde du côté des <a href=""https://meilleurtest.fr/comparatif-tondeuse-a-gazon/"">tondeuses classiques</a> ou des <a href=""https://meilleurtest.fr/comparatif-tondeuse-a-gazon-poussee/"">tondeuses poussées</a>. Pour les grandes surfaces, consultez plutôt notre guide sur <a href=""https://meilleurtest.fr/comparatif-tracteur-tondeuse/"">les tracteurs tondeuses</a>."
"41082";"Les meilleures bêches";"https://meilleurtest.fr/comparatif-beche/";"Jardinage";"Vous voulez un <a href=""//meilleurtest.fr/liste-outils-de-jardinage-essentiels/"" target=""_blank"" rel=""noopener"">outil</a> polyvalent dont la plupart des jardiniers ne peuvent pas se passer ? Utilisez une bêche. Bien qu'elle ait une anatomie similaire à celle de la <a href=""https://meilleurtest.fr/comparatif-pelle/"" target=""_blank"" rel=""noopener"">pelle</a>, une bêche sera beaucoup plus efficace que cette dernière pour divers travaux de jardinage. Pour connaître davantage la différence entre les deux outils et comment choisir une bêche, trouvez dans ce guide d’achat les grandes lignes, les caractéristiques et autres informations à ce sujet."
"40648";"Les meilleures tondeuses Stihl";"https://meilleurtest.fr/comparatif-tondeuse-stihl/";"Jardinage";"Dans l’univers de l’aménagement extérieur et de <a href=""https://meilleurtest.fr/comparatif-tondeuse-debroussailleuse"">l’entretien du jardin</a>, les tondeuses Stihl connaissent un franc succès auprès des professionnels et des particuliers. Du modèle tracté à l’autoporté, des versions électriques à celles robotisées, ces appareils sont plus convoités que jamais. Que vaut réellement cette marque allemande ? Pour vous, nous avons testé les meilleures tondeuses Stihl."
"40624";"Les meilleurs nettoyeurs de vitre Kärcher";"https://meilleurtest.fr/comparatif-nettoyeur-de-vitre-karcher/";"Jardinage";"Se décrivant comme le numéro 1 des solutions de nettoyage en France, Kärcher propose une gamme bien fournie de <a href=""https://meilleurtest.fr/comparatif-nettoyeur-de-vitre/"">nettoyeurs de vitre</a> qui lui a valu le titre de « Produit de l’année » en 2017. Interpellés par le succès de cette marque, nous avons décidé de tester ces produits qui ont fait sa réputation dernièrement. Que valent réellement les nettoyeurs de vitre Kärcher ? Découvrez les résultats de notre test."
"40601";"Les meilleures débroussailleuses Hyundai";"https://meilleurtest.fr/comparatif-debroussailleuse-hyundai/";"Jardinage";"L'entretien des espaces verts est essentiel mais peut représenter une pénible corvée, sauf avec les bons appareils. Voici pourquoi, des marques telles que Hyundai ont investi dans la débroussailleuse. Pratique, maniable et polyvalente, elle transforme la corvée en plaisir ? Vous en cherchez ? Notre guide consacré aux meilleures débroussailleuses Hyundai du moment devrait vous être utile."
"40581";"Les meilleures tondeuses Bestgreen";"https://meilleurtest.fr/comparatif-tondeuse-bestgreen/";"Jardinage";"En quête d’une tondeuse pas chère, mais de qualité ? Bestgreen vous propose des tondeuses performantes et efficaces avec un excellent rapport qualité/prix. Leurs modèles disposent d’un très bon indice de réparablité avec une bonne disponibilité des pièces détachées. Thermiques, manuelles ou autoportées, la marque dispose d’une large gamme de produits embarquant différentes fonctionnalités comme le Mulching. Découvrez notre sélection de meilleures tondeuses Bestgreen du moment."
"40548";"Les meilleures tondeuses Husqvarna";"https://meilleurtest.fr/comparatif-tondeuse-husqvarna/";"Jardinage";"Vous cherchez un moyen de tondre plus facilement votre pelouse ? Pourquoi ne pas adopter les tondeuses Husqvarna. Cette marque est spécialement reconnue sur le marché pour divers équipements destinés à l’entretien du jardin. Pratiques et confortables, les tondeuses Husqvarna peuvent rendre votre pelouse impeccable tout au long de l’année. Mais, quel type de tondeuse Husqvarna choisir ? Lisez notre guide d’achat pour le savoir."
"40547";"Les meilleures tondeuses Viking";"https://meilleurtest.fr/comparatif-tondeuse-viking/";"Jardinage";"Leader dans le domaine des outils de jardinage, la Viking s’est rapidement fait une place sur le marché des tondeuses à gazon grâce à des modèles robustes et performants. Elle a ensuite été rachetée par Stihl, la référence mondiale pour les tronçonneuses, et porte désormais le nom de celle-ci depuis 1992 pour agrandir davantage son influence. Les tondeuses Viking vous intéressent ? Découvrez tout ce qu’il y a à savoir à travers ce guide."
"40541";"Les meilleurs tracteurs tondeuses Stiga";"https://meilleurtest.fr/comparatif-tracteur-tondeuse-stiga/";"Jardinage";"Le tracteur tondeuse permet de couper efficacement les pelouses de jardin avec un moindre effort. L’utilisateur sera confortablement assis sur le siège de sa <a class=""wpil_keyword_link"" title=""tondeuse autoportée"" href=""https://meilleurtest.fr/comparatif-tondeuse-autoportee/"" data-wpil-keyword-link=""linked"">tondeuse autoportée</a> et bénéficiera d’un résultat impeccable, surtout pour les grandes surfaces de tontes. Mais comment choisir le modèle adapté pour soi ? C’est ce que vous allez découvrir en lisant la suite de cet article."
"40533";"Les meilleures tondeuses Stiga";"https://meilleurtest.fr/comparatif-tondeuse-stiga/";"Jardinage";"La marque Stiga est largement reconnue à travers le monde pour fabriquer des tondeuses de très haute qualité. Les tondeuses Stiga sont bien conçues et peuvent gérer n’importe quel état de pelouse avec précision, rapidité et confort. L’entretien de votre jardin sera un jeu d’enfant. Si vous êtes intéressé par l’achat d’une tondeuse Stiga, mais que vous ne savez pas quel modèle répondra le mieux à vos attentes, laissez cet article vous guider."
"40454";"Les meilleures tondeuses Toro";"https://meilleurtest.fr/comparatif-tondeuse-toro/";"Jardinage";"« Count on it » : un slogan chargé de promesse que la marque Toro adresse à ses clients : pouvoir compter sur des tondeuses Toro qui ne failliront pas à leurs missions, qui serviront pendant des années et qui ne concèderont pas la qualité. Est-ce que les tondeuses Toro sont réellement à la hauteur de la réputation de la marque ? Découvrez notre avis là-dessus."
"40432";"Les meilleures tronçonneuses Stihl";"https://meilleurtest.fr/comparatif-tronconneuse-stihl/";"Jardinage";"En matière de <a href=""https://meilleurtest.fr/comparatif-tronconneuse/"">tronçonneuse,</a> Stihl reste la référence absolue. La marque allemande, numéro 1 auprès des bûcherons, est tout aussi prisée des particuliers. En effet, les tronçonneuses Stihl permettent d’effectuer presque tous les travaux d’entretien du jardin (coupe de troncs, élagage de branches, voire taillage de haies), et ce dans des conditions optimales. Thermique, filaire ou à batterie, trouvez la tronçonneuse Stihl qu'il vous faut à travers ce guide.";"Du jardinier au bûcheron, Stihl propose des tronçonneuses à chaque niveau d'usage. Longueur de guide, cylindrée et système de tension rapide séparent les gammes. Ce guide facilitera votre choix dans la gamme Stihl, en la replaçant face aux <a href=""https://meilleurtest.fr/comparatif-tronconneuse/"">tronçonneuses tous types</a>, aux <a href=""https://meilleurtest.fr/comparatif-tronconneuse-thermique/"">tronçonneuses thermiques</a> et aux <a href=""https://meilleurtest.fr/comparatif-tronconneuse-elagueuse-thermique/"">tronçonneuses élagueuses</a>."
"40430";"Les meilleures débroussailleuses Stihl";"https://meilleurtest.fr/comparatif-debroussailleuse-stihl/";"Jardinage";"Vous aimez entretenir votre espace vert durant votre temps libres, mais vous ne savez pas comment vous y prendre correctement ? Stihl met à votre disposition une panoplie d’outils de jardin de qualité. Pour une simple tonte ou pour de gros travaux de débroussaillage, trouvez votre débrousailleuse Stihl parmi les meilleurs modèles thermiques, à batterie et filaires. Chacune des conceptions de Stihl se démarque par ses diverses fonctionnalités.";"Robustesse et endurance au programme : les débroussailleuses Stihl équipent les paysagistes comme les particuliers exigeants. Cylindrée, système anti-vibrations et compatibilité des têtes de coupe varient selon la gamme. Ce guide simplifiera le choix dans la gamme Stihl, face aux <a href=""https://meilleurtest.fr/comparatif-debroussailleuse/"">débroussailleuses tous types</a>, aux <a href=""https://meilleurtest.fr/comparatif-debroussailleuse-a-batterie/"">débroussailleuses à batterie</a> et aux <a href=""https://meilleurtest.fr/comparatif-debroussailleuse-a-dos/"">débroussailleuses à dos</a>."
"40418";"Les meilleurs fils de débroussailleuse";"https://meilleurtest.fr/comparatif-fil-de-debroussailleuse/";"Jardinage";"Au fur et à mesure que vous utilisez votre débroussailleuse, le fil de coupe va progressivement s’user, jusqu’à devenir complètement obsolète. Heureusement que ce fil flexible en nylon est facilement remplaçable. Mais comme il abonde dans les commerces, bien le choisir n’est pas chose facile. Pour vous faciliter cette tâche, lisez ce guide des meilleurs fils de <a href=""https://meilleurtest.fr/comparatif-debroussailleuse/"">débroussailleuse</a> du moment."
"40416";"Les meilleurs bacs à compost";"https://meilleurtest.fr/comparatif-bac-a-compost/";"Jardinage";"Économique, pratique et propre, tels sont les premiers bénéfices d’un bac à compost. De plus, il n’y a pas mieux qu’un bon compostage pour fertiliser le sol de son jardin ou de son <a href=""https://meilleurtest.fr/comparatif-potager-d-interieur/"" target=""_blank"" rel=""noopener"">potager d'intérieur</a>. Toutefois, le choix du meilleur composteur est une décision assez difficile. C’est pour cela que nous vous avons classé les meilleurs bacs à compost disponibles sur le marché, suivi d’un guide d’achat complet."
"40405";"Les meilleurs abris de jardin en résine";"https://meilleurtest.fr/comparatif-abri-de-jardin-en-resine/";"Jardinage";"Véritable espace de stockage annexe, l’<a href=""//meilleurtest.fr/comparatif-abri-de-jardin/"">abri de jardin</a> est la meilleures des solutions pour optimiser son espace et garder ses <a href=""//meilleurtest.fr/liste-outils-de-jardinage-essentiels/"">outils de jardinage</a> à l’abri et en sécurité. Et quoi de mieux qu’un abri de jardin en résine qui résiste très bien aux intempéries et ne nécessite aucun entretien tout en étant une sublime décoration pour le jardin ! Les meilleurs abris de jardin en résine sélectionnés pour vous dans ce guide d’achat."
"40373";"Les meilleures cisailles à gazon";"https://meilleurtest.fr/comparatif-cisaille-a-gazon/";"Jardinage";"Vous avez besoin d’un outil efficace pour parfaire la tonte de votre gazon ou donner des formes harmonieuses à vos haies et buissons ? La cisaille à gazon est peut-être la solution que vous espérez. Cet équipement de jardinage peut même venir à bout des longues herbes inaccessibles à une <a href=""https://meilleurtest.fr/comparatif-tondeuse-a-gazon/"">tondeuse</a>. Manuel ou électrique, une cisaille à gazon se décline en des modèles variés. Pour trouver l’outil qu’il vous faut, suivez les conseils du guide !"
"40372";"Les meilleurs robots tondeuses sans fil périphérique";"https://meilleurtest.fr/comparatif-robot-tondeuse-sans-fil-peripherique/";"Jardinage";"Longtemps réservé aux professionnels, le<a href=""https://meilleurtest.fr/comparatif-robot-tondeuse/""> robot tondeuse</a>, également appelé robot de tonte, est de nos jours accessibles à une personne lambda. Si vous voulez une pelouse bien tondue, sans ramassage, sans même sortir de chez vous ; et si en plus vous adorez la technologie, le robot tondeuse sans fil périphérique est fait pour vous. Lisez ce guide pour en savoir plus.";"Plus de fil périphérique à enterrer : les robots tondeuses sans câble délimitent leur zone de tonte par GPS ou capteurs visuels. Précision du contour, autonomie et surface couverte varient d'un modèle à l'autre. Ce guide éclairera votre choix parmi ces robots, face aux <a href=""https://meilleurtest.fr/comparatif-robot-tondeuse/"">robots tondeuses classiques</a>, aux <a href=""https://meilleurtest.fr/comparatif-tondeuse-electrique-sans-fil/"">tondeuses électriques sans fil</a> et aux <a href=""https://meilleurtest.fr/comparatif-tondeuse-a-gazon/"">tondeuses à gazon</a>."
"40346";"Les meilleurs chariots de jardin";"https://meilleurtest.fr/comparatif-chariot-de-jardin/";"Jardinage";"Avoir un joli jardin nécessite l’utilisation de <a href=""https://meilleurtest.fr/liste-outils-de-jardinage-essentiels/"">divers équipements</a>, et le chariot fait partie des indispensables. Multifonction, il peut également vous aider à transporter vos outils. À benne, pliables ou à plateaux, de nombreux modèles sont disponibles sur le marché. Ce guide vous présente les meilleurs chariots de jardin du moment qui vous aideront à entretenir votre petit coin de paradis."
"40342";"Les meilleurs coupe-branches à crémaillère";"https://meilleurtest.fr/comparatif-coupe-branches-a-cremaillere/";"Jardinage";"Le coupe branches à crémaillère est un équipement indispensable pour tout passionné de jardinage souhaitant s’adonner à cette activité de manière plus agréable. Tout aussi utile et efficace qu’un<a href=""//meilleurtest.fr/comparatif-taille-haie/""> taille-haie</a> ou encore une <a href=""//meilleurtest.fr/comparatif-tondeuse-a-gazon/"">tondeuse à gazon</a>, cet outil permet d’avoir un bel espace vert chez soi et donner de belles formes à ses plantes tout en facilitant l’ébranchage et l’élagage. Trouvez donc le modèle adapté à vos besoins via notre guide d’achat."
"40338";"Les meilleurs terreaux";"https://meilleurtest.fr/comparatif-terreau/";"Jardinage";"Les terreaux ont été développés pour les plantes cultivées en pot et les <a href=""https://meilleurtest.fr/liste-plante-dinterieur/"">plantes d’intérieur</a>, qui ont des besoins différents de ceux en pleine terre, dans le jardin. Différents terreaux répondent à différents besoins. Savoir ce qu'il y a dans votre terreau vous permettra de donner à vos plantes ce dont elles ont besoin pour croître et être en bonne santé. Ce guide vous permettra de faire un choix éclairé."
"40315";"Les meilleurs framboisiers";"https://meilleurtest.fr/comparatif-framboisier/";"Jardinage";"Pour profiter des bienfaits de la framboise en été comme en automne, initiez-vous à la<a href=""https://meilleurtest.fr/comparatif-potager-d-interieur/""> plantation d’intérieur</a>. Le framboisier se cultive facilement dans le jardin, sur le balcon ou la terrasse et offre une récolte abondante et bien charnue. Mais pour un rendu à la hauteur de vos attentes, encore faut-il trouver le meilleur framboisier. Découvrez ici notre sélection des meilleurs framboisiers en 2022."
"40276";"Les meilleurs systèmes d'arrosage goutte à goutte";"https://meilleurtest.fr/comparatif-systeme-darrosage-goutte-a-goutte/";"Jardinage";"Entre les nombreux systèmes d’arrosage existants dont les <a href=""https://meilleurtest.fr/comparatif-arroseur-de-jardin-automatique/"">arroseurs automatiques</a>, la technique du goutte à goutte séduit un grand nombre d’agriculteurs de tout genre. En cause, les plantes profitent de tous les nutriments dont elles ont besoin, et cela augmente le rendement. Ce système permet également une économie d’eau évidente. Grâce à ce guide d’achat, nous vous orientons dans votre décision et aussi pour son utilisation."
"40248";"Les meilleurs brise-vues pas chers";"https://meilleurtest.fr/comparatif-brise-vue-pas-cher/";"Jardinage";"Envie de garder votre intimité durant vos moments jugés privés ? Tenez-vous loin des regards indiscrets du voisinage en utilisant un <a href=""//meilleurtest.fr/comparatif-brise-vue/"">brise-vue</a>. En plus d’être très esthétique, ce dispositif est à la fois facile à entretenir et à mettre en place. L’univers des brise-vues étant vaste, il est difficile de s’y retrouver. Trouvez donc les meilleurs brise-vues pas chers du moment via notre guide d’achat."
"40203";"Les meilleurs potagers connectés";"https://meilleurtest.fr/comparatif-potager-connecte/";"Jardinage";"Avec l’innovation, la nature et la technologie peuvent fusionner et proposer une décoration verte de nouvelle génération. Avec les potagers connectés, contrôlez l’évolution de la plante, ajustez la luminosité et le type d’éclairage et suivez la gestion de l’irrigation avec une application mobile qui vous accompagne n’importe où. Trouvez le meilleur <a href=""https://meilleurtest.fr/comparatif-potager-d-interieur/"">potager</a> connecté dans ce guide d’achat dédié."
"40195";"Les meilleurs bambous non traçants";"https://meilleurtest.fr/comparatif-bambou-non-tracant/";"Jardinage";"Vous souhaitez planter un bambou dans votre jardin ou à l’intérieur de votre maison mais son caractère envahissant vous inquiète ? Le bambou non traçant ou cespiteux est la solution qu’il vous faut. Non invasif et adapté aux espaces restreints, il peut servir de plante décorative ou en tant que <a href=""https://meilleurtest.fr/comparatif-cloture-de-jardin/"">clôture</a> pour votre habitation. Retrouvez dans ce guide la meilleure variété qui saura répondre à vos besoins."
"40149";"Les meilleurs motoculteurs";"https://meilleurtest.fr/comparatif-motoculteur/";"Jardinage";"Pour planter une pelouse, vous aurez besoin de travailler la terre en vue de l’ameublir. Le sarclage et le fraisage seront toutefois harassants sans l’aide d’un bon outil de jardinage tel que le motoculteur. Plus puissant et efficace qu’une <a href=""https://meilleurtest.fr/comparatif-motobineuse-electrique/"">motobineuse</a>, l’appareil est capable de venir à bout d’un terrain jusqu’à 3000 m². Électrique ou thermique ? Dénichez le meilleur motoculteur grâce à ce comparatif."
"40143";"Les meilleures ruches à abeilles";"https://meilleurtest.fr/comparatif-ruche-a-abeilles/";"Jardinage";"La ruche est une petite usine naturelle dont les bienfaits ne se dénombrent pas. Le <a href=""https://meilleurtest.fr/comparatif-miel/"">miel</a>, la gelée royale, la cire… sont des remèdes miracles naturels qui peuvent espacer largement les rendez-vous chez un docteur. D’un autre côté, l’apiculture est une activité qui rapporte très bien du fait que tout le monde en a besoin. Voulez-vous savoir et profiter des bienfaits liés à l’installation d’une ruche à abeille dans votre jardin ? Lisez notre article."
"40100";"Les meilleures tronçonneuses élagueuses thermiques";"https://meilleurtest.fr/comparatif-tronconneuse-elagueuse-thermique/";"Jardinage";"Vous avez besoin d'un outil pouvant à la fois couper et élaguer pour entretenir l'espace extérieur de votre propriété ? La <a href=""https://meilleurtest.fr/comparatif-tronconneuse/"">tronçonneuse</a> élagueuse thermique est votre meilleure alliée. Mais dénicher le bon matériel n'est pas une mince affaire. <a href=""https://meilleurtest.fr/comparatif-perche-elagueuse/"">Sur perche</a> ou classique, de nombreux modèles existent sur le marché. Retrouvez dans notre guide les meilleures tronçonneuses élagueuses thermiques performantes du moment."
"40053";"Les meilleurs souffleurs de feuilles";"https://meilleurtest.fr/comparatif-souffleur-de-feuilles/";"Jardinage";"Les feuilles mortes envahissent régulièrement votre jardin, votre allée ou votre toiture et presque tout votre temps libre est consacré à leur enlèvement ? Avec un <a href=""https://meilleurtest.fr/comparatif-aspirateur-souffleur-broyeur/"">souffleur de feuille</a>, thermique ou électrique, ça ira beaucoup plus vite. En effet, cet appareil vous permettra de transformer cette corvée en jeu d'enfant. Dans le comparatif suivant, nous vous proposons une sélection des meilleurs souffleurs de feuilles disponibles en ce moment.";"Feuilles mortes, résidus de taille, débris de pelouse : le souffleur de feuilles dégage un jardin en quelques minutes. Thermique, électrique ou à batterie, chaque énergie offre un équilibre différent entre puissance et praticité. Ce guide accompagnera votre choix parmi les souffleurs, des <a href=""https://meilleurtest.fr/comparatif-souffleur-thermique/"">modèles thermiques</a> aux <a href=""https://meilleurtest.fr/comparatif-souffleur-de-feuilles-electriques/"">souffleurs électriques</a>, en passant par les <a href=""https://meilleurtest.fr/comparatif-souffleur-de-feuille-a-batterie/"">souffleurs à batterie</a>."
"39819";"Les meilleures lampes LED de culture indoor";"https://meilleurtest.fr/comparatif-lampe-led-de-culture-indoor/";"Jardinage";"Une lampe LED de culture indoor sert à simuler les rayons du soleil pour les plantes entretenues en intérieur. Certaines espèces requièrent en effet une lumière bien particulière afin de s'épanouir plus sainement. Toutefois, une radiation inadaptée risquerait de nuire à vos plantations ou de les fragiliser. C’est pourquoi nous vous avons sélectionné les meilleures lampes LED de culture indoor."
"39795";"Les meilleures tondeuses zero turn";"https://meilleurtest.fr/comparatif-tondeuse-zero-turn/";"Jardinage";"La tondeuse zero turn ou à rayon de braquage zéro se démarque par son mode de fonctionnement. Tournant sur son propre axe, l’appareil est très à l’aise sur les grands terrains. Il est d’autant plus pratique par rapport à la tondeuse manuelle puisque facilement manœuvrable, même autour d’un obstacle. Tondeuse zero turn thermique ou électrique ? On vous explique tout dans ce comparatif."
"39753";"Les meilleures brouettes";"https://meilleurtest.fr/comparatif-brouette/";"Jardinage";"Vous en avez assez de transporter de gros volumes de terre, de gravats, de végétaux ou même vos outils de jardinage/de bricolage à la main ? Avec une brouette, le déplacement de ces objets devient moins pénible. Il y a pourtant autant de modèles que d’utilisations rendant le choix difficile. Brouette cantine, agricole, de jardin ou motorisée ? Voici notre sélection des meilleures brouettes."
"39740";"Les meilleures tondeuses débroussailleuses";"https://meilleurtest.fr/comparatif-tondeuse-debroussailleuse/";"Jardinage";"Lorsque vous devez vous débarrasser de la croissance dense des plantes et que votre taille-bordure n’est pas assez puissant pour le travail, il est temps d’investir dans une tondeuse débroussailleuse. La lame métallique d’une tondeuse débroussailleuse est suffisamment solide pour couper à travers une végétation dense. Pour vous aider à en choisir une, lisez notre guide d’achat ? Vous y trouverez une sélection des meilleures tondeuses débroussailleuses du moment, ainsi que des astuces d’utilisation, et des critères sur lesquels baser votre choix.";"Mi-tondeuse, mi-débroussailleuse : ces appareils hybrides fauchent les herbes hautes là où une tondeuse classique cale. Roues renforcées et lame adaptée aux terrains difficiles les distinguent des modèles standards. Ce guide présentera les tondeuses débroussailleuses les plus robustes, en les comparant aux <a href=""https://meilleurtest.fr/comparatif-tondeuse-a-gazon/"">tondeuses à gazon classiques</a>, aux <a href=""https://meilleurtest.fr/comparatif-debroussailleuse/"">débroussailleuses</a> et aux <a href=""https://meilleurtest.fr/comparatif-tondeuse-a-gazon-poussee/"">tondeuses poussées</a>."
"39725";"Les meilleures motofaucheuses";"https://meilleurtest.fr/comparatif-motofaucheuse/";"Jardinage";"Vous êtes agriculteur ou avez un grand terrain ? Chaque saison, la tâche fastidieuse de faucher vos champs vous semble interminable ? Les motofaucheuses se positionnent comme la réponse idéale pour s’occuper des herbes hautes en toute sécurité. De plus, une faucheuse automotrice a l’avantage d’être très facile à utiliser. Prêt à révolutionner votre méthode de travail pour aller plus vite ? Lisez notre guide d'achat pour trouver la motofaucheuse idéale."
"39612";"Les meilleures tondeuses à gazon poussées";"https://meilleurtest.fr/comparatif-tondeuse-a-gazon-poussee/";"Jardinage";"Saviez-vous que 7 Français sur 10 ont un jardin et près de 80% de ces jardins ont une pelouse ? Encore faut-il l’entretenir ! Pour cela, inutile de faire appel à un professionnel. Avec une tondeuse à gazon poussée, vous économiserez de l’argent et aurez des résultats à la hauteur de vos attentes. Thermiques, à batterie ou filaires, quel type de tondeuse à gazon poussée vous faut-il ? Jetez un coup d’œil à notre guide pour le savoir.";"Fiables et sans batterie à recharger, les tondeuses à gazon poussées conviennent aux terrains de taille moyenne. Largeur de coupe, hauteur réglable et bac de ramassage varient d'un modèle à l'autre. Nous avons rassemblé les tondeuses poussées les plus convaincantes, parmi les <a href=""https://meilleurtest.fr/comparatif-tondeuse-electrique/"">tondeuses électriques</a>, les <a href=""https://meilleurtest.fr/comparatif-tondeuse-electrique-sans-fil/"">tondeuses sans fil</a> et les <a href=""https://meilleurtest.fr/comparatif-tondeuse-a-gazon/"">tondeuses à gazon</a>."
"39569";"Les meilleurs souffleurs de feuilles électriques";"https://meilleurtest.fr/comparatif-souffleur-de-feuilles-electriques/";"Jardinage";"L’automne a beau être une saison agréable, lorsque les arbres perdent leurs feuilles, cela vous fera une corvée de plus à ajouter à la liste : vous devrez nettoyer votre pelouse, vos gouttières et vos allées de jardin afin d’éviter que les feuilles ne viennent s’incruster et causer des dégâts. Pour cela, vous devrez peut-être acquérir un souffleur de feuilles électrique. Ils sont efficaces, écologiques et faciles à utiliser. Vous trouverez de nombreux modèles sur le marché. Ce guide est là pour vous aider à faire le tri et à trouver le souffleur de feuilles électrique adapté à vos besoins.";"Branchés sur secteur, les souffleurs de feuilles électriques offrent une puissance constante sans souci d'autonomie. Légers et abordables, ils conviennent aux jardins de taille moyenne. Nous avons compilé les souffleurs électriques les plus efficaces, en les replaçant face aux <a href=""https://meilleurtest.fr/comparatif-souffleur-de-feuilles/"">souffleurs de feuilles classiques</a>, aux <a href=""https://meilleurtest.fr/comparatif-souffleur-de-feuille-a-batterie/"">souffleurs à batterie</a> et aux <a href=""https://meilleurtest.fr/comparatif-souffleur-thermique/"">souffleurs thermiques</a>."
"39552";"Les meilleurs jardins d'intérieur pour plantes aromatiques";"https://meilleurtest.fr/comparatif-jardin-dinterieur-pour-plantes-aromatiques/";"Jardinage";"Pas la peine d’être un expert du jardinage pour profiter d’herbes fraîches à volonté à domicile, et ce en toute saison. Le jardin d’intérieur pour plantes aromatiques est la meilleure alternative, alliant esthétique et grande utilité. Êtes-vous intéressé par cette pratique révolue et moderne ? Nous avons encore tant à vous dire, suivez notre guide d’achat pour en savoir plus et faire votre choix parmi notre sélection."
"39504";"Les meilleurs tracteurs tondeuses pas chers";"https://meilleurtest.fr/comparatif-tracteur-tondeuse-pas-cher/";"Jardinage";"Si vous avez une grande pelouse et que vous n’avez pas envie de déplacer une tondeuse lourde pour l’entretenir au quotidien, un tracteur tondeuse pourrait être une option judicieuse. Comme son nom l’indique clairement, ce type de tondeuse dispose d’un siège, d’un volant, et se conduit à peu près comme une voiture. Vous cherchez à acheter un modèle pas cher, mais vous ne savez pas par où commencer ? Dans cet article, nous avons pris soin de vous trouver les meilleurs tracteurs tondeuses pas chers disponibles actuellement sur le marché."
"39474";"Les meilleurs récupérateurs d'eau de pluie";"https://meilleurtest.fr/comparatif-recuperateur-eau-de-pluie/";"Jardinage";"L’eau de pluie est une ressource durable et gratuite. En mettant en place un moyen permettant de la collecter, vous réduisez également votre empreinte carbone globale et disposez d'eau en plus pour cuisiner, arroser vos plantes, laver votre voiture, etc. De plus, dans les zones où l’eau devient une denrée rare à certaines périodes de l'année, posséder un récupérateur d'eau de pluie peut faire une grande différence tout en évitant le gaspillage. Pour trouver le récupérateur d’eau de pluie qu'il vous faut, consultez notre guide."
"39394";"Les meilleures binettes";"https://meilleurtest.fr/comparatif-binette/";"Jardinage";"Une binette de jardin peut être un outil relativement simple, mais elle est idéale pour contrôler les mauvaises herbes indésirables, sans déranger ce qui se trouve en dessous. Un binage régulier peut vous aider à bannir les mauvaises herbes, à éliminer les feuilles là où les outils plus gros (comme un râteau) ne sont pas adaptés et à nettoyer vos plates-bandes et vos bordures facilement. Mais comment choisir la binette qui répondra à vos besoins ? Lisez notre guide pour en savoir plus."
"39231";"Les meilleures pompes d'arrosage";"https://meilleurtest.fr/comparatif-pompe-darrosage/";"Jardinage";"Un jardin ou un potager exige une bonne irrigation d’une manière régulière. Cependant, transporter de l’eau par le biais d’un arrosoir engendre énormément de va-et-vient. Aussi, pour faciliter l’arrosage, garantir une distribution équilibrée et une meilleure irrigation du jardin, équipez-vous d’une pompe d’arrosage. Pour vous aider lors de son achat, découvrez dans ce guide les meilleures pompes d’arrosage."
"39185";"Les meilleures bottes de jardinage";"https://meilleurtest.fr/comparatif-botte-de-jardinage/";"Jardinage";"<p class=""body-text"" style=""background: white;"">Bonne nouvelle pour les 90% de Français qui vivent en ville et qui ont un penchant marqué pour le jardinage ! Le printemps est bien là et c’est le moment de vous remettre à vos pétunias. Pourtant, pour ne pas gâcher tout le plaisir de votre activité favorite, pensez à vous équiper correctement et à vous offrir une bonne paire de bottes jardinage, mais pas n’importe laquelle. Lisez notre guide pour un achat sûr et sans regret.</p>"
"39184";"Les meilleurs gants de jardinage";"https://meilleurtest.fr/comparatif-gants-de-jardinage/";"Jardinage";"Si vous faites partie des 17 millions de français qui aiment jardiner, vous êtes sûrement sans savoir que tailler, semer, planter et bêcher ne peut se faire à main nue au risque de se blesser ou d’avoir des ampoules. A cet effet, une bonne paires de gants de jardinage peut s’avérer utile au jardin afin d’éviter les vilaines coupures. Mais quel modèle choisir ? Lisez notre guide pour en savoir plus."
"39180";"Les meilleures débroussailleuses à batterie";"https://meilleurtest.fr/comparatif-debroussailleuse-a-batterie/";"Jardinage";"Outil indispensable pour l’entretien des pelouses et des jardins peu spacieux, la débroussailleuse à batterie, aussi appelée rotofil, permet de désherber et de rafraîchir vos gazons. Grâce à son fonctionnement autonome, il ne vous encombre pas avec des câbles ; vous pouvez ainsi travailler sereinement. Quels critères permettent de déterminer les meilleures débroussailleuses à batterie ?";"Silencieuses et sans entretien moteur, les débroussailleuses à batterie séduisent les jardiniers qui veulent éviter l'essence et le câble. Tension, autonomie et compatibilité avec d'autres outils de la gamme comptent au moment du choix. Nous avons comparé les plus performantes, face aux <a href=""https://meilleurtest.fr/comparatif-debroussailleuse/"">débroussailleuses classiques</a>, aux <a href=""https://meilleurtest.fr/comparatif-debroussailleuse-a-dos/"">débroussailleuses à dos</a> et aux <a href=""https://meilleurtest.fr/comparatif-coupe-bordure-electrique-a-batterie/"">coupe-bordures à batterie</a>."
"39159";"Les meilleurs testeurs de terre";"https://meilleurtest.fr/comparatif-testeur-de-terre/";"Jardinage";"Pour avoir une installation efficace et sans risque, il faut vérifier continuellement sa mise à la terre. C’est pour cela qu’on vous recommande d’utiliser un testeur de terre ou un mesureur de terre. Sont-ils efficaces ? Oui, ils sont efficaces et faciles à manier. Ainsi, on vous présente ci-après les meilleurs testeurs de terre mis en vente actuellement, avec une guide d’achat complet."
"39114";"Les meilleurs scarificateurs thermiques";"https://meilleurtest.fr/comparatif-scarificateur-thermique/";"Jardinage";"Pour avoir une jolie pelouse verdoyante, tondre le gazon ne suffit pas : il faut retirer la mousse et le feutrage qui empêche l’air, l’eau et la lumière d’atteindre les racines du gazon. Pour ce faire, il vous faut un scarificateur thermique, un outil ingénieux et sans fil qui garantira l’épanouissement de vos gazons. Quels sont les meilleurs scarificateurs thermiques et où en trouver ?"
"39100";"Les meilleurs nettoyeurs haute-pression thermiques";"https://meilleurtest.fr/comparatif-nettoyeur-haute-pression-thermique/";"Jardinage";"Faire du nettoyage prend du temps et fatigue rapidement, surtout quand les tâches et les crasses se sont incrustées profondément. Le nettoyeur à haute pression thermique vient faire tout le boulot à votre place. Nombreuses sont les marques qui en proposent dans différentes formes, puissances et design. Dans ce comparatif, trouvez le bon appareil qui saura satisfaire vos besoins les plus exigeants en matière de « propreté »."
"39077";"Les meilleures pelles pliantes";"https://meilleurtest.fr/comparatif-pelle-pliante/";"Jardinage";"Compacte, pratique, légère et souvent multifonction, la <a href=""https://meilleurtest.fr/comparatif-pelle/"">pelle</a> pliante peut vous sauver la vie à bien des égards. Vous en aurez besoin pour travailler votre potager, scier du bois, ouvrir une bouteille, couper des légumes, mais également niveler le sol en vue d’y installer une tente de camping. Pour découvrir les modèles à privilégier, faisons un tour d’horizon en 4 temps des meilleures pelles pliantes du moment."
"39073";"Les meilleures clôtures de jardin";"https://meilleurtest.fr/comparatif-cloture-de-jardin/";"Jardinage";"Vous voulez sécuriser votre propriété et la protéger des éventuelles intrusions ? L'achat d'une clôture de jardin fait partie des moyens les plus efficaces. C'est aussi un objet déco d'extérieur à la fois tendance et utile. En métal, en bois ou en PVC, elle est relativement polyvalente et s'adapte à tous les jardins. Dans ce guide, nous vous emmenons à la découverte des meilleures clôtures de jardin qui embelliront votre espace de vie."
"39059";"Les meilleurs tracteurs tondeuses professionnels";"https://meilleurtest.fr/comparatif-tracteur-tondeuse-professionnel/";"Jardinage";"Posséder un grand jardin de 2000 m² et plus, c’est bien. Pouvoir entretenir la pelouse dans les règles de l’art et avec le bon outil, c’est encore mieux. Justement, le <a href=""https://meilleurtest.fr/comparatif-tracteur-tondeuse-rapport-qualite-prix/"">tracteur tondeuse</a> professionnel se prête parfaitement à cette utilisation. Largeur de coupe minimum de 84 cm, moteur thermique ou électrique ultra performant, vitesses illimitées, démarrage électrique…, il a de quoi faire rêver. Si vous ne savez pas vers quel modèle vous tourner, suivez notre guide des meilleurs tracteurs tondeuses professionnels."
"39058";"Les meilleures petites tondeuses électriques";"https://meilleurtest.fr/comparatif-petite-tondeuse-electrique/";"Jardinage";"Les tondeuses électriques, filaires ou alimentées par batterie, deviennent de plus en plus populaires en raison de leur facilité d'utilisation et d'entretien par rapport aux modèles à essence. Ces outils de tonte sont également disponibles dans une variété de styles ; les modèles compacts étant largement répandus et conviendront aux pelouses de petite et moyenne taille. Dans ce guide, nous allons vous aider à trouver la petite tondeuse électrique qui répondra le mieux à vos besoins.";"Un petit jardin ou une cour urbaine n'exige pas un tracteur tondeuse. Les petites tondeuses électriques, légères et maniables, passent dans les espaces réduits. Nous avons retenu les modèles les plus adaptés aux petites surfaces, parmi les <a href=""https://meilleurtest.fr/comparatif-tondeuse-electrique/"">tondeuses électriques</a>, les <a href=""https://meilleurtest.fr/comparatif-tondeuse-electrique-sans-fil/"">tondeuses électriques sans fil</a> et les <a href=""https://meilleurtest.fr/comparatif-tondeuse-a-gazon-poussee/"">tondeuses à gazon poussées</a>."
"39037";"Les meilleurs nettoyeurs haute-pression à eau chaude";"https://meilleurtest.fr/comparatif-nettoyeur-haute-pression-a-eau-chaude/";"Jardinage";"Besoin de nettoyer en profondeur des surfaces encrassées ? Le nettoyeur haute-pression à eau chaude vous permet d’économiser du temps et du détergent tout en nettoyant plus efficacement qu’un modèle à eau froide. Mais face à l’offre étendue de ce produit et les différents prix, choisir le bon modèle peut devenir compliqué. Pour vous aider dans votre réflexion d’achat, découvrez notre comparatif des meilleurs <a class=""wpil_keyword_link"" href=""https://meilleurtest.fr/comparatif-nettoyeur-haute-pression/""   title=""nettoyeurs haute-pression"" data-wpil-keyword-link=""linked"">nettoyeurs haute-pression</a> à eau chaude."
"39027";"Les meilleurs scarificateurs manuels";"https://meilleurtest.fr/comparatif-scarificateur-manuel/";"Jardinage";"Afin de rendre son extérieur agréable et accueillant, il est indispensable de bien entretenir sa pelouse. En effet, l’état de celle-ci se dégrade très vite à cause des piétinements et du mauvais temps. Pour lui redonner à nouveau son éclat, il faut penser à scarifier le sol au moins 2 fois par an. Vous avez l’intention d’acheter un scarificateur ? Optez pour un modèle manuel qui, étant à la fois efficace, ne nécessite pas d’investissement important. Notre guide va vous aider à choisir l’outil qui convient le mieux à vos besoins. Nous vous y proposons également les meilleurs scarificateurs manuels du marché."
"39023";"Les meilleures motobineuses électriques";"https://meilleurtest.fr/comparatif-motobineuse-electrique/";"Jardinage";"Vous disposez d’un terrain d’une surface comprise entre 100 et 1000 m² ? Vous souhaitez le travailler sans trop d’effort et sans avoir à le faire manuellement ? Optez pour une motobineuse électrique, un outil de jardinage à la fois discret, écologique, pratique. Pas facile pourtant de choisir le bon modèle. Pour vous aider à y voir plus clair, consultez notre guide des meilleures motobineuses électriques."
"38991";"Les meilleurs taille-haies à batterie";"https://meilleurtest.fr/comparatif-taille-haies-a-batterie/";"Jardinage";"Tailler les arbustes et les haies fait partie de l’entretien d’un espace vert. De ce fait, disposer d’un <a href=""//meilleurtest.fr/comparatif-taille-haie"">taille-haie</a> adapté est essentiel pour des résultats rapides et efficaces. Et quoi de mieux que la version à batterie pour cela ? Plus maniable que la version filaire, aussi puissant qu’un modèle thermique, il offre une grande liberté de mouvement et une très bonne autonomie. Découvrez dans ce guide les meilleurs taille-haies à batterie du moment.";"Légers et sans fil, les taille-haies à batterie offrent une mobilité totale pour les haies éloignées de toute prise. Autonomie, puissance de coupe et compatibilité de batterie varient d'une gamme à l'autre. Nous avons vérifié leur efficacité parmi les <a href=""https://meilleurtest.fr/comparatif-taille-haie/"">taille-haies classiques</a>, les <a href=""https://meilleurtest.fr/comparatif-taille-haie-electrique/"">taille-haies électriques</a> et les <a href=""https://meilleurtest.fr/comparatif-taille-haie-telescopique/"">taille-haies télescopiques</a>."
"38966";"Les meilleures motobineuses thermiques";"https://meilleurtest.fr/comparatif-motobineuse-thermique/";"Jardinage";"Travailler et préparer la terre avant de semer ou pour désherber nécessite l’utilisation d’un outil adéquat et efficace. Polyvalente et puissante, une motobineuse thermique est la meilleure option pour biner la terre de votre jardin ainsi que du potager de manière rapide et optimisée. Si vous êtes à la recherche d’une motobineuse thermique de qualité et performante, voici un guide pour mieux vous orienter."
"38940";"Les meilleurs tuyaux d'arrosage extensibles";"https://meilleurtest.fr/comparatif-tuyau-darrosage-extensible/";"Jardinage";"Voulez-vous amoindrir vos travaux de jardinerie, de bricolage ou de nettoyage ? Utilisez un tuyau d’arrosage extensible. Il est à la fois accessible et pratique. On peut faire jusqu’à nettoyer la terrasse avec la forte pression d’eau qu’il génère. Comme une panoplie de modèle existe sur le marché, nous avons pris soin de vous dénicher les meilleurs. Lisez notre guide pour les découvrir…"
"38934";"Les meilleures pompes de surface";"https://meilleurtest.fr/comparatif-pompe-de-surface/";"Jardinage";"Pompe de surface ou station de pompage, ces deux appellations renvoient à un même appareil qui aspire l’eau depuis une source située à moins de 8 m de profondeur. Polyvalente, elle permet à la fois d’alimenter l’installation hydraulique d’une maison, d’arroser un jardin ou un espace cultivé, de vider une piscine, etc. Quelle pompe de surface choisir ? Faisons le point dans ce comparatif."
"38925";"Les meilleures serres tunnels";"https://meilleurtest.fr/comparatif-serre-tunnel/";"Jardinage";"Envie de cultiver vos propres légumes et fruits chez vous sous des conditions spécifiques ? Installez une serre dans votre jardin. Et quoi de mieux qu’une serre tunnel pour obtenir d’excellents rendements pour pas cher plutôt que d’investir dans un autre type de serre plus coûteux ! La serre tunnel assure une bonne aération et une excellente isolation de vos cultures au fil des saisons. Les détails dans ce guide."
"38860";"Les meilleurs abris de jardin 5m²";"https://meilleurtest.fr/comparatif-abri-de-jardin-5m%c2%b2/";"Jardinage";"Vous avez des outils qui trainent partout sur votre cour extérieure et vous ne savez pas où les ranger vu que vous n’avez pas beaucoup d’espace ? Installer un <a href=""https://meilleurtest.fr/comparatif-abri-de-jardin/"">abri de jardin</a> 5m² est la solution la plus accessible. Compact, pratique et peu onéreux, il se décline en plusieurs versions : en métal ou en bois ; avec ou sans plancher. Ce guide vous aidera à dénicher le meilleur abri de jardin 5m² qui servira à stocker vos matériels et équipements encombrants."
"38837";"Les meilleurs engrais pour gazon";"https://meilleurtest.fr/comparatif-engrais-pour-gazon/";"Jardinage";"Si vous voulez que votre pelouse soit épaisse et saine tout l’été, vous devez appliquer le meilleur engrais à gazon pour le printemps. Cela lui donnera l’apport de nutriments dont il a besoin pour faire pousser des racines et des lames solides et résistantes aux maladies. Avec autant de produits d’engrais différents sur le marché, il peut être difficile de choisir le bon. Dans ce guide, nous vous expliquons les critères à prendre en compte pour bien choisir votre engrais pour gazon. Nous vous proposons également une liste des meilleurs engrais du moment."
"38833";"Les meilleurs motoculteurs professionnels";"https://meilleurtest.fr/comparatif-motoculteur-professionnel/";"Jardinage";"Vous êtes agriculteur, jardinier paysagiste ou travaillez la terre régulièrement ? Vous cherchez un moyen pas cher pour labourer ? Offrez-vous un motoculteur professionnel. Manipulable à souhait et bien plus performant comparé à d'autres outils de labour, il se décline en modèles à moteur essence ou diesel. Pour vous aider à choisir, nous avons dressé ce guide des meilleurs motoculteurs professionnels"
"38832";"Les meilleures débroussailleuses 4-en-1";"https://meilleurtest.fr/comparatif-debroussailleuse-4-1/";"Jardinage";"Gagner du temps représente un défi auquel de nombreux jardiniers ont été confrontés, notamment sur les grandes surfaces envahies par les mauvaises herbes, les arbustes et les buissons. Pour travailler plus vite, un outil polyvalent comme la débroussailleuse 4-en-1 devient indispensable. Il s'agit en même temps d'un <a href=""https://meilleurtest.fr/comparatif-taille-haie/"">taille-haie</a>, d'une élagueuse, d'un <a href=""https://meilleurtest.fr/comparatif-coupe-bordure/"">coupe-bordure</a> et d'une débroussailleuse. Électrique ou thermique, quelle débroussailleuse 4-en-1 choisir ? Pour le savoir, découvrez notre sélection et nos conseils pour bien choisir.";"Un seul moteur, quatre outils : les débroussailleuses 4-en-1 combinent tête fil, taille-haie, scie élagueuse et souffleur en un format modulaire. La qualité des raccords et la puissance du bloc moteur font la différence. Nous avons étudié les 4-en-1 les plus polyvalentes, parmi les <a href=""https://meilleurtest.fr/comparatif-debroussailleuse/"">débroussailleuses classiques</a>, les <a href=""https://meilleurtest.fr/comparatif-debroussailleuse-a-batterie/"">modèles à batterie</a> et les <a href=""https://meilleurtest.fr/comparatif-outil-multifonctions-pour-jardin/"">outils multifonctions pour jardin</a>."
"38811";"Les meilleurs site de vente de plantes en ligne";"https://meilleurtest.fr/comparatif-site-de-vente-de-plantes-ligne/";"Jardinage";"Les plantes sont connues pour leur vertu thérapeutique de relaxation et antistress. En banlieue ou en ville, il est maintenant possible pour vous de décorer votre maison avec des fleurs naturelles et de les entretenir en même temps. Pas besoin d’avoir la main verte pour pouvoir s’occuper des plantes : certains sites de vente en ligne vous fourniront tout ce qu’il faut. Nous avons sélectionné pour vous les meilleurs sites de vente de plante en ligne."
"38745";"Les meilleurs souffleurs de feuilles à batterie";"https://meilleurtest.fr/comparatif-souffleur-de-feuille-a-batterie/";"Jardinage";"Les feuilles mortes envahissent votre espace vert ? Armez-vous d’un souffleur de feuilles et débarrassez-vous-en en un rien de temps. Et puisque les modèles filaires limitent vos mouvements, il existe désormais des versions à batterie, aussi légères que maniables, vous permettant de parcourir votre jardin sans aucune contrainte. Mais difficile de trouver le souffleur de feuilles à batterie idéal. Voilà pourquoi nous avons élaboré ce guide complet.";"Silencieux et sans émission, les souffleurs de feuilles à batterie conviennent aux jardins résidentiels où le bruit et les fumées posent problème. Puissance de souffle, autonomie et temps de charge varient beaucoup. Nous avons examiné les plus efficaces, face aux <a href=""https://meilleurtest.fr/comparatif-souffleur-de-feuilles/"">souffleurs de feuilles classiques</a>, aux <a href=""https://meilleurtest.fr/comparatif-souffleur-de-feuilles-electriques/"">souffleurs électriques filaires</a> et aux <a href=""https://meilleurtest.fr/comparatif-souffleur-thermique/"">souffleurs thermiques</a>."
"38642";"Les meilleurs nettoyeurs de vitres";"https://meilleurtest.fr/comparatif-nettoyeur-de-vitre/";"Jardinage";"Le nettoyage de vitres est une tâche ménagère très chronophage qui peut vite devenir pénible à la longue... sauf si vous utilisez les bons outils. À cet effet, l’usage d’un nettoyeur de vitres est incontournable. Doté d’une raclette, d’un manche, d’un réservoir d’eau sale amovible ainsi que d’une batterie, cet appareil a tout pour garder vos surfaces vitrées propres et sans traces en toute circonstance. Quel modèle choisir ? Lisez ce guide pour le savoir."
"38620";"Les meilleures souffleuses à neige";"https://meilleurtest.fr/comparatif-souffleuse-a-neige/";"Jardinage";"En déblayant rapidement la neige des allées, des trottoirs et d’autres surfaces extérieures, les <a href=""https://meilleurtest.fr/comparatif-souffleuse-a-neige-electrique/"">souffleuses à neige</a> sont indispensables pour affronter les rigueurs de l'hiver. Ces déneigeuses se déclinent en différentes catégories. Entre les modèles électriques pour les petites surfaces et les modèles à essence, mieux adaptés à une utilisation intensive, opérer un choix éclairé peut s’avérer compliqué. Mais qu’à cela ne tienne ! Ce guide d'achat livre les informations cruciales et les conseils nécessaires pour vous aider à sélectionner la souffleuse à neige la mieux appropriée à vos besoins."
"38615";"Les meilleures débroussailleuses à dos";"https://meilleurtest.fr/comparatif-debroussailleuse-a-dos/";"Jardinage";"La <a href=""https://meilleurtest.fr/comparatif-debroussailleuse/"">débroussailleuse</a> à dos est un outil de jardin révolutionnaire vous permettant de venir à bout des mauvaises herbes sans vous fatiguer. Pratique, efficace et fonctionnelle, elle convient à tous les terrains (pentus ou accidentés) s’étendant au maximum jusqu’à 5000 m². Si vous voulez tirer profit de la puissance d’un moteur thermique à 2 ou 4 temps, jetez un œil à notre sélection des meilleures débroussailleuses à dos.";"Portées sur le dos grâce à un harnais dorsal, les débroussailleuses à dos répartissent le poids et soulagent les bras sur les longues sessions. Confort du harnais, cylindrée et maniabilité font la différence. Nous avons analysé les débroussailleuses à dos les plus endurantes, parmi les <a href=""https://meilleurtest.fr/comparatif-debroussailleuse/"">débroussailleuses classiques</a>, les <a href=""https://meilleurtest.fr/comparatif-debroussailleuse-stihl/"">débroussailleuses Stihl</a> et les <a href=""https://meilleurtest.fr/comparatif-debroussailleuse-4-1/"">modèles 4-en-1</a>."
"38602";"Les meilleurs tracteurs tondeuses rapport qualité/prix";"https://meilleurtest.fr/comparatif-tracteurs-tondeuses-rapport-qualite-prix/";"Jardinage";"Une simple <a href=""https://meilleurtest.fr/comparatif-tondeuse-a-gazon/"">tondeuse à gazon</a> ne suffit pas pour l’entretien d’un jardin de plus de 1000 m². Elle se révèle en effet peu pratique et, à la longue, harassante. Pour vous faire gagner du temps, maîtriser votre budget et préserver le charme de votre espace vert, orientez-vous vers un tracteur tondeuse rapport qualité/prix. Si cela vous intéresse, nous avons trouvé pour vous 4 tracteurs tondeuses au meilleur rapport qualité/prix."
"38601";"Les meilleurs broyeurs de végétaux thermiques professionnels";"https://meilleurtest.fr/comparatif-broyeur-de-vegetaux-thermique-professionnel/";"Jardinage";"Vous songez à faire l'acquisition d'un broyeur, mais pas n'importe lequel, vu que vous avez une grande surface à traiter. Le broyeur thermique de végétaux professionnel est la solution la plus adaptée pour ce type de travaux. Écologique et performant, ce type d'appareil se différencie par son système de coupe qui peut être à couteaux ou à fléaux, ou par le mode d'évacuation des végétaux déchiquetés. Consultez ce comparatif pour en savoir plus."
"38589";"Les meilleures tondeuses autoportées rider";"https://meilleurtest.fr/comparatif-tondeuse-autoportee-rider/";"Jardinage";"Cherchez-vous une solution performante pour l'entretien de vastes jardins ? Les <a href=""https://meilleurtest.fr/comparatif-tondeuse-autoportee/"">tondeuses autoportées</a> rider sont la réponse idéale. Spécialement conçues pour maximiser confort et efficacité, elles transforment la tonte des grands espaces en une expérience plaisante et sans effort. Elles allient puissance, précision et maniabilité, rendant la coupe sur des terrains étendus et inégaux étonnamment aisée. Leur design ergonomique réduit aussi significativement la fatigue de l'utilisateur. Lisez ce guide pour découvrir comment ces tondeuses révolutionnent l'entretien des espaces verts."
"38565";"Les meilleures portes automatiques pour poulailler";"https://meilleurtest.fr/comparatif-porte-automatique-pour-poulailler/";"Jardinage";"Disposer d’un poulailler dans son jardin est sans doute une très bonne idée en termes d’investissement et de passion. Néanmoins, les poules exigent entretien et attention afin qu’elles soient à l’abri des prédateurs. C’est ainsi qu’équiper le poulailler d’une porte automatique demeure indispensable. Mais quel modèle choisir ? Ce guide vous aide à repérer efficacement la porte automatique pour poulailler qui vous convient."
"38497";"Les meilleures brouettes électriques";"https://meilleurtest.fr/comparatif-brouette-electrique/";"Jardinage";"Plus performante et moins fatigante que la <a href=""https://meilleurtest.fr/comparatif-brouette-2-roues/"">brouette classique</a>, très silencieuse par rapport à une brouette thermique à chenille, la brouette électrique vous permet de réaliser des travaux de jardinage ou de bricolage de grande envergure et de transporter des charges lourdes sans effort. À 3 ou à 4 roues ? Voici nos conseils pour bien choisir votre brouette électrique."
"38456";"Les meilleures tronçonneuses thermiques";"https://meilleurtest.fr/comparatif-tronconneuse-thermique/";"Jardinage";"La tronçonneuse thermique est la meilleure option pour élaguer, ébrancher, débiter ou abattre des arbres et de grosses branches. Se présentant comme un outil polyvalent et puissant, elle se décline en différentes marques et se distingue des autres tronçonneuses par un guide-chaîne nettement plus long. Tronçonneuse thermique Stihl, McCulloch, Husqvarna, laquelle choisir et à quel prix ? Pour répondre à ces questions, nous vous invitons à lire ce guide.";"Autonomes et puissantes, les tronçonneuses thermiques dominent sur les gros diamètres et les chantiers éloignés de toute prise. Cylindrée, longueur de guide et système anti-vibrations séparent les modèles. Nous avons testé les tronçonneuses thermiques les plus fiables, face aux <a href=""https://meilleurtest.fr/comparatif-tronconneuse/"">tronçonneuses tous types</a>, aux <a href=""https://meilleurtest.fr/comparatif-tronconneuse-stihl/"">tronçonneuses Stihl</a> et aux <a href=""https://meilleurtest.fr/comparatif-tronconneuse-elagueuse-thermique/"">tronçonneuses élagueuses</a>."
"38445";"Les meilleures tonnelles pliantes";"https://meilleurtest.fr/comparatif-tonnelle-pliante/";"Jardinage";"Il peut s'avérer difficile de choisir la tonnelle pliante idéale pour son jardin, surtout quand on voit combien de modèles existent sur le marché. Vous ne savez pas lequel choisir ni à quelles caractéristiques se fier pour ne pas acheter quelque chose qui risque de ne pas convenir ? Lisez notre guide des meilleures tonnelles pliantes pour faciliter votre prise de décision."
"38441";"Les meilleures toiles de paillage";"https://meilleurtest.fr/comparatif-toile-de-paillage/";"Jardinage";"La toile de paillage reste un des meilleurs alliés du jardinier pour prendre soin de ses plantes. Elle protège le potager, éloigne les mauvaises herbes, préserve l’humidité des plantations. Son importance dans le monde du jardinage fait que vous devrez la choisir avec soin. Et ce guide détaillé va vous aider à trouver la meilleure toile de paillage pour votre jardin ou potager."
"38390";"Les meilleurs rouleaux à gazon";"https://meilleurtest.fr/comparatif-rouleau-a-gazon/";"Jardinage";"Difficile d’avoir une pelouse impeccable sur toute la surface sans utiliser un rouleau à gazon. Cet outil est indispensable pour compacter le sol, améliorer la croissance des graines et éliminer les bosses, offrant une pelouse parfaitement plane afin de parfaire le jardin. Manuel ou motorisé, poussé ou tracté, à remplir d'eau ou de sable, le rouleau à gazon devra correspondre à vos besoins et à la surface sur laquelle vous allez travailler. Si cela vous intéresse, découvrez notre sélection des meilleurs modèles pour cette année."
"38353";"Les meilleures tondeuses à batterie lithium";"https://meilleurtest.fr/comparatif-tondeuse-a-batterie-lithium/";"Jardinage";"La tonte du gazon est un réel plaisir qui peut se transformer en véritable corvée, sauf si on dispose de l'équipement adéquat. Ceci explique le boom des tondeuses à batterie lithium, une solution efficace, économique et facile à utiliser pour prendre soin de la pelouse. Vous souhaitez en acquérir une ? Notre guide des meilleures tondeuses à batterie lithium devrait vous intéresser."
"38327";"Les meilleures pelles";"https://meilleurtest.fr/comparatif-pelle/";"Jardinage";"La pelle est indispensable pour différentes sortes de tâches. Cet outil vous permet de déplacer de la terre, de ramasser des feuilles mortes, de remplir un trou, et même d'effectuer divers travaux en dehors du jardinage. Cependant, il est difficile de choisir la pelle parfaite parmi les nombreux modèles sur le marché. C’est pourquoi nous allons vous exposer les meilleures pelles du moment."
"38217";"Les meilleurs abris de jardin";"https://meilleurtest.fr/comparatif-abri-de-jardin/";"Jardinage";"L’abri de jardin sert d’espace de rangement aux outils de jardinage, à divers équipements ainsi qu'aux meubles de jardin. Il embellit également votre espace extérieur au-delà du côté pratique certain. À défaut de pouvoir construire votre propre abri de jardin, tâche qui demande du temps et certaines connaissances, vous pouvez en acheter un. Encore faut-il trouver le bon modèle ! En consultant notre guide, vous n'aurez aucun mal à trouver le meilleur abri de jardin selon vos moyens et vos besoins."
"38025";"Les meilleurs pluviomètres";"https://meilleurtest.fr/comparatif-pluviometre/";"Jardinage";"Instrument indispensable à l’agriculteur, au jardinier ou au météorologue, le pluviomètre sert à mesurer et contrôler la quantité de précipitations. Avec cet instrument, vous saurez à quel moment irriguer un jardin ou une pelouse ou quel modèle agricole adopter tout en ayant la possibilité d’économiser sur la facture d’eau. Pluviomètre automatique, <a class=""wpil_keyword_link"" title=""station météo"" href=""https://meilleurtest.fr/comparatif-station-meteo/"" data-wpil-keyword-link=""linked"">station météo</a> ou manuel, lequel choisir ? Ne perdez pas de temps à chercher, lisez ce comparatif des meilleurs modèles  du moment !"
"38010";"Les meilleures brouettes 2 roues";"https://meilleurtest.fr/comparatif-brouette-2-roues/";"Jardinage";"La brouette 2 roues présente des avantages indéniables. Ses 2 pneus procurent plus de stabilité et un confort d’usage exceptionnel. Servant au transport de charges plus lourdes et que celles des brouettes conventionnelles, elles sont visible sur les chantiers ou dans les jardins, et se déclinent en 2 versions : à roues pleines ou à roues gonflables. On vous laisse découvrir les meilleures brouettes 2 roues du moment à travers notre comparatif !"
"38003";"Les meilleurs désherbeurs thermiques";"https://meilleurtest.fr/comparatif-desherbeur-thermique/";"Jardinage";"Le désherbage est un travail de longue haleine et épuisant. Il n’est pas étonnant que les professionnels du secteur se tournent vers le désherbeur thermique. Ce dernier permet d’éliminer en profondeur les mauvaises herbes de manière saine et écologique. En effet, ce procédé n’utilise pas de pesticides. Mais, comment choisir le bon matériel ? Pour vous aider dans votre recherche, lisez notre comparatif."
"37986";"Les meilleurs cabanons de jardin";"https://meilleurtest.fr/comparatif-cabanon-de-jardin/";"Jardinage";"Cabanon de jardin, abri de jardin, cabane de stockage… Quelle que soit son appellation, il permettra de ranger vos outils de bricolage et de jardinage ainsi que vos mobiliers de jardin à l'abri des intempéries. Le cabanon de jardin se présente sous la forme d’une petite maisonnette en bois, en plastique, en métal ou en résine. Vous avez du mal à choisir ? Découvrez les meilleurs cabanons de jardin à travers ce comparatif."
"37963";"Les meilleures serres de jardin";"https://meilleurtest.fr/comparatif-serre-de-jardin/";"Jardinage";"Avoir une serre de jardin, c’est avant tout s’offrir la possibilité de cultiver des fruits et légumes toute l’année. Elle se décline sous diverses tailles ; les plus petits se destinent uniquement à la culture tandis que les grands modèles offrent davantage de polyvalence et peuvent servir d’agréable espace détente. Serre tunnel, bac à semis ou serre en verre, lequel choisir ? Pour le savoir, découvrez les meilleures serres de jardin du moment !"
"37909";"Les meilleures débroussailleuses";"https://meilleurtest.fr/comparatif-debroussailleuse/";"Jardinage";"Que vous soyez un amateur ou un professionnel <a href=""https://meilleurtest.fr/liste-outils-de-jardinage-essentiels/"">qui aime le jardinage et l'aménagement paysager</a>, obtenir les bons outils devient souvent un défi. Les débroussailleuses sont des outils polyvalents pour couper la pelouse, et tailler les arbustes et les mauvaises herbes. De nos jours, en tant qu'acheteur, on peut être submergé par la grande variété d'options disponibles en ligne. Grâce à ce guide d’achat des meilleures débroussailleuses, votre choix sera plus facile.";"Herbes hautes, broussailles, terrains en pente : la débroussailleuse va là où la tondeuse ne passe pas. Tête fil, lame ou disque, chaque outil de coupe cible un type de végétation. Nous avons sélectionné les débroussailleuses les plus polyvalentes, parmi les <a href=""https://meilleurtest.fr/comparatif-debroussailleuse-a-batterie/"">modèles à batterie</a>, les <a href=""https://meilleurtest.fr/comparatif-debroussailleuse-a-dos/"">débroussailleuses à dos</a> et les <a href=""https://meilleurtest.fr/comparatif-debroussailleuse-4-1/"">débroussailleuses 4-en-1</a>."
"37908";"Les meilleurs sécateurs";"https://meilleurtest.fr/comparatif-secateur/";"Jardinage";"Le sécateur est un outil indispensable pour tous les amoureux du jardinage. Cet accessoire rend l’entretien du jardin et des espaces verts moins éreintant et beaucoup plus confortable. Votre présence sur cette page n’est pas le fruit du hasard. Si vous êtes à la recherche d’un article qui vous permet de « mâcher » votre travail, nous vous invitons à parcourir ce guide des meilleurs sécateurs de 2021."
"37892";"Les meilleurs arroseurs automatiques";"https://meilleurtest.fr/comparatif-arroseur-de-jardin-automatique/";"Jardinage";"On estime que <a href=""https://blog.oleomac.fr/les-rapports-des-francais-avec-le-jardin/"">7 français sur 10</a> entretiennent régulièrement leur jardin en l’arrosant. Pourtant, saviez-vous que grâce à un arroseur automatique, cela peut se faire (presque) tout seul ? En effet, avec un minimum d’efforts, vous aurez une pelouse verdoyante. Alors, si vous aussi, vous souhaitez avoir un magnifique extérieur de maison, consultez notre comparatif des meilleurs dispositifs d’irrigation de jardin du moment pour en savoir plus."
"37878";"Les meilleures tondeuses électriques";"https://meilleurtest.fr/comparatif-tondeuse-electrique/";"Jardinage";"Quoi de plus pratique qu’une tondeuse électrique pour entretenir un jardin de taille raisonable et avoir une magnifique pelouse verte à hauteur régulière ? En plus de <a href=""https://meilleurtest.fr/comparatif-tondeuse-a-gazon/"">vous débarrasser des mauvaises herbes</a> efficacement, cet outil de jardinage coupe le gazon à une hauteur uniforme en faisant moins de bruit que la tondeuse thermique ou la tondeuse autotractée. À brancher sur secteur ou fonctionnant sur batterie, quelle tondeuse électrique choisir ? Pour le savoir, nous vous invitons à lire ce guide d'achat."
"37872";"Les meilleurs sécateurs électriques";"https://meilleurtest.fr/comparatif-secateur-electrique/";"Jardinage";"Besoin d'entretenir votre haie ou vos rosiers dans les meilleures conditions ? Le sécateur électrique coupe de façon précise les plantes et sans le moindre effort. Face à l'afflux des modèles sur le marché, trouver celui qui répond à vos besoins n'est jamais facile. Pour trouver les meilleurs sécateurs électriques du moment, fiez-vous à notre guide."
"37867";"Les meilleurs taille-haies électriques";"https://meilleurtest.fr/comparatif-taille-haie-electrique/";"Jardinage";"Pour une utilisation à domicile et occasionnelle, le taille-haie électrique constitue un meilleur choix que le taille-haie thermique. Filaire ou sans fil, on en trouve de toutes les marques (Bosch, Makita, Black + Decker...) et à tous les prix. Face à cette profusion de choix, voici notre guide des meilleurs taille-haies électriques pour cette année. Vous y trouverez sûrement ce qu'il faut.";"Légers et faciles à démarrer, les taille-haies électriques conviennent aux haies de taille moyenne sans l'entretien d'un moteur thermique. La puissance, la longueur de lame et le niveau sonore varient d'un modèle à l'autre. Nous décrirons les plus performants, en les replaçant face aux <a href=""https://meilleurtest.fr/comparatif-taille-haie/"">taille-haies classiques</a>, aux <a href=""https://meilleurtest.fr/comparatif-taille-haie-electrique-filaire/"">modèles filaires</a> et aux <a href=""https://meilleurtest.fr/comparatif-taille-haies-a-batterie/"">taille-haies à batterie</a>."
"37826";"Les meilleurs brise-vues rétractables";"https://meilleurtest.fr/comparatif-brise-vue-retractable/";"Jardinage";"Sur la terrasse, le balcon, dans le jardin ou encore au bord de la piscine, opter pour un brise-vue rétractable vous permettra de créer un espace confortable et privé à l’abri des regards curieux. Mais face aux nombreuses offres, trouver le modèle parfait à ses besoins et à ses exigences peut devenir un casse-tête. Voici alors un guide d’achat pour vous aider à choisir le meilleur brise-vue."
"37800";"Les meilleurs rotofils";"https://meilleurtest.fr/comparatif-rotofil/";"Jardinage";"Le rotofil est une débroussailleuse à fil permettant de faucher et d’élaguer les herbes et les petites plantes indésirables du jardin. Il a fait ses preuves et dispose de fonctions plus bien supérieures à celles des outils classiques. Cependant, compte tenu de la grande diversité des offres qui existent sur le marché, il n'est pas facile de choisir un rotofil. Pas de panique, ce guide a pour objectif de vous aider à trouver le bon modèle."
"37792";"Les meilleures tondeuses à gazon";"https://meilleurtest.fr/comparatif-tondeuse-a-gazon/";"Jardinage";"Comme 700 000 Français chaque année, vous avez décidé d’acheter une nouvelle tondeuse pour gagner en sécurité et en confort d’utilisation ? Vous avez raison ! En effet, à raison de 1h30, 30 fois par an, vous allez passer en moyenne 45 heures à tondre votre pelouse. Autant rendre ce moment aussi agréable que possible. Suivez le guide pour découvrir les meilleurs modèles et comment bien choisir votre tondeuse !"
"37767";"Les meilleurs robots tondeuses";"https://meilleurtest.fr/comparatif-robot-tondeuse/";"Jardinage";"Si vous trouvez fastidieux l'entretien d'une pelouse, facilitez-vous la vie en achetant un robot tondeuse. Plus moderne, moins bruyant et plus performant, le robot tondeuse offre une tonte parfaite et il peut être programmé. En effet, vous pourrez le jumeler à votre smartphone ou tablette. Lequel choisir parmi les nombreux modèles ? Suivez ce guide pour découvrir les meilleurs robots tondeuses."
"37760";"Les meilleures lampes horticoles";"https://meilleurtest.fr/comparatif-lampe-horticole/";"Jardinage";"Pour continuer à planter des fruits et légumes en dehors des saisons de production ou pour booster la croissance en hiver, les 17 millions de jardiniers en France peuvent recourir à la lampe horticole. Ce dispositif offre aux plantes la luminosité et la chaleur dont elles ont besoin. Mais parmi le florilège d’offres sur le marché, laquelle choisir ? Gagnez du temps dans vos recherches en vous fiant à notre guide."
"37756";"Les meilleurs taille-haies";"https://meilleurtest.fr/comparatif-taille-haie/";"Jardinage";"Tailler les haies et les arbustes permet de donner un aspect esthétique et chaleureux à votre environnement. Voilà pourquoi l’utilité d’opter pour un taille-haie parfait et adapté aux exigences de votre jardin. Mais vue la multiplicité de modèles, ce n’est pas une tâche à la va-vite. Alors pour vous aider à choisir le meilleur taille-haie du moment, lisez ce guide.";"Thuyas, lauriers ou buis : un bon taille-haie doit trancher net sans arracher la branche. Longueur de lame, écartement des dents et motorisation varient selon l'épaisseur de la haie. Nous classerons les taille-haies les plus efficaces, des <a href=""https://meilleurtest.fr/comparatif-taille-haie-electrique/"">modèles électriques</a> aux <a href=""https://meilleurtest.fr/comparatif-taille-haies-a-batterie/"">versions à batterie</a>, en passant par les <a href=""https://meilleurtest.fr/comparatif-taille-haie-telescopique/"">taille-haies télescopiques</a>."
"37618";"Les meilleurs taille-haies télescopiques";"https://meilleurtest.fr/comparatif-taille-haie-telescopique/";"Jardinage";"Pratique et simple d’utilisation, le taille-haie télescopique offre de multiples avantages pour tailler les haies denses, larges ou difficiles d'accès. Ainsi, il permet d’entretenir régulièrement votre jardin afin de vivre dans un environnement à la fois sain et esthétique, à condition d'utiliser le modèle adapté. Cet outil vous séduit, mais vous souhaitez en savoir plus avant d'en acheter ? Notre guide consacré aux meilleurs taille-haies télescopiques est à votre disposition.";"Haies hautes sans escabeau : les taille-haies télescopiques ajoutent un bras articulé pour atteindre les sommets en restant au sol. Poids, longueur déployée et angle de coupe conditionnent le confort. Nous présenterons les taille-haies télescopiques les plus maniables, face aux <a href=""https://meilleurtest.fr/comparatif-taille-haie/"">taille-haies classiques</a>, aux <a href=""https://meilleurtest.fr/comparatif-taille-haie-electrique/"">taille-haies électriques</a> et aux <a href=""https://meilleurtest.fr/comparatif-taille-haies-a-batterie/"">taille-haies à batterie</a>."
"37595";"Les meilleures tondeuses hélicoïdales";"https://meilleurtest.fr/comparatif-tondeuse-helicoidale/";"Jardinage";"Ecologiques, économiques et peu bruyantes, les tondeuses hélicoïdales permettront d’embellir la pelouse de votre jardin. Opter pour un tel équipement vous offrira un partenaire idéal pour une tonte de pelouse uniforme et nette. La grande variété de modèles sur le commerce offre un choix cornélien. Voilà pourquoi nous avons rédigé ce guide d’achat afin que vous trouviez le modèle adéquat et disponible."
"37548";"Les meilleurs coupe-branches télescopiques";"https://meilleurtest.fr/comparatif-coupe-branche-telescopique/";"Jardinage";"Le coupe-branches télescopique figure parmi les outils indispensables à tout bon jardinier. Il se révèle pratique pour l’ébranchage ainsi que l’élagage. Si vous avez besoin d’entretenir vos fruitiers ou préserver la forme de vos arbres, découvrez notre sélection des meilleurs coupe-branches télescopiques et lisez notre guide pour choisir le modèle le mieux adapté à vos besoins."
"37547";"Les meilleurs broyeurs de végétaux";"https://meilleurtest.fr/comparatif-broyeur-de-vegetaux/";"Jardinage";"Le broyeur de végétaux sert principalement au traitement des déchets verts produits pendant l'entretien d'un jardin. Il évite également les fréquents allers-retours à la déchetterie après le débroussaillage. Électrique ou <a href=""https://meilleurtest.fr/comparatif-broyeur-de-vegetaux-thermique/"">thermique</a>, la puissance du moteur varie d'un modèle à un autre. Pour dénicher le meilleur broyeur de végétaux, nous vous invitons à vous référer à notre comparatif."
"37536";"Les meilleures tonnelles";"https://meilleurtest.fr/comparatif-tonnelle/";"Jardinage";"La tonnelle offre une solution pratique pour rester à l'ombre sur la terrasse, dans un jardin ou lors de vos escapades en pleine nature. Facile à installer et à ranger, et équipement attire également par son prix. En effet, les kiosques de jardin et autres chapiteaux ne sont pas à la portée de tous !  Pour faire le bon choix, nous vous invitons à découvrir notre guide des meilleures tonnelles pour cette année."
"37493";"Les meilleurs brise-vues";"https://meilleurtest.fr/comparatif-brise-vue/";"Jardinage";"Marre des regards indiscrets du voisinage ? Vous souhaitez profiter de votre jardin en toute sérénité ? Offrez-vous un brise-vue. Très esthétique, naturelle ou synthétique, cette solution préserve votre intimité. S’il est facile à installer et à entretenir, faire le choix du brise-vue adapté peut s'apparenter à un casse-tête. Découvrez les meilleurs brise-vues du marché selon les critères de choix les plus pertinents."
"37437";"Les meilleurs potagers d'intérieur";"https://meilleurtest.fr/comparatif-potager-d-interieur/";"Jardinage";"Vous manquez de place et/ou de temps pour entretenir un jardin. Toutefois, vous aimeriez profiter de légumes frais toute l’année ? Les potagers d’intérieur répondent à ce besoin, éliminant les contraintes liées aux aléas de la météo et au manque d’espace extérieur. Grâce à des systèmes automatisés d’irrigation et d’éclairage, cultiver des plantes devient aussi simple qu’utiliser un appareil électroménager. Plus d’inquiétude à avoir concernant l’arrosage ou la luminosité. Vous voulez savoir comment cela pourrait changer votre quotidien ? Découvrez notre sélection des meilleurs potagers d’intérieur pour cette année."
"37434";"Les meilleures tronçonneuses";"https://meilleurtest.fr/comparatif-tronconneuse/";"Jardinage";"Le bois est le combustible le moins cher pour se chauffer. Chaque année, les <a href=""http://www.bois-de-chauffage.net/faq.php"" target=""_blank"" rel=""noopener"">Français brûlent 51 millions de stères de bois, et ce chiffre tend à monter</a>. Quoi de mieux qu’une tronçonneuse pour couper les bûches tout en entretenant le jardin ? Thermique ou électrique, chaque tronçonneuse a ses avantages et ses défauts. Et pour les différencier, il faudra parler des critères de choix (puissance, longueur de coupe, type de chaîne…) à prendre en compte. Alors, quelle tronçonneuse choisir ? Découvrez notre sélection pour le savoir.";"Abattage, élagage, débit de bûches : la tronçonneuse est un outil polyvalent dont le choix dépend du diamètre de coupe et de la fréquence d'utilisation. Thermique, électrique ou à batterie, chaque motorisation a ses atouts. Nous montrerons les tronçonneuses les plus convaincantes, parmi les <a href=""https://meilleurtest.fr/comparatif-tronconneuse-thermique/"">modèles thermiques</a>, les <a href=""https://meilleurtest.fr/comparatif-tronconneuse-elagueuse-thermique/"">tronçonneuses élagueuses</a> et les <a href=""https://meilleurtest.fr/comparatif-tronconneuse-stihl/"">tronçonneuses Stihl</a>."
"37424";"Les meilleurs pulvérisateurs électriques";"https://meilleurtest.fr/comparatif-pulverisateur-electrique/";"Jardinage";"Pour venir à bout des poussières, des algues, champignons et moisissures sur le toit ou la façade, utilisez un pulvérisateur électrique. Cet outil permet aussi d’éliminer les mauvaises herbes dans le jardin. En effet, il importe d’entretenir votre extérieur et ne pas laisser ces dégradations et usures s’installer. Lisez notre guide des meilleurs pulvérisateurs électriques pour vous aider à faire le bon choix."
"37406";"Les meilleurs tracteurs tondeuses";"https://meilleurtest.fr/comparatif-tracteur-tondeuse/";"Jardinage";"Pour que votre gazon garde toute sa beauté, il est essentiel de le tondre régulièrement. Une <a href=""https://meilleurtest.fr/comparatif-tondeuse-a-gazon/"">tondeuse de gazon</a> pourrait suffire, mais si votre pelouse s’étend sur plus de 1500 m², vous devriez investir dans l’achat d’un tracteur tondeuse de qualité. Découvrez dans ce top 4 les modèles les plus prisés du moment ainsi que les critères à considérer pour bien choisir votre futur tracteur tondeuse."
"37321";"Les meilleurs bains de soleil";"https://meilleurtest.fr/comparatif-bain-de-soleil/";"Jardinage";"Pour se prélasser au bord de la piscine et profiter des journées ensoleillées, rien de tel qu’un bain de soleil. Pliable, déplaçable, rigide, en métal, en plastique ou en bois, les fabricants rivalisent d’idées et de design pour attirer les acheteurs. Encore faut-il savoir éviter certains pièges ! À travers ce guide, nous vous proposons les meilleurs bains de soleil du moment et quelques conseils pratiques."
"37308";"Les meilleurs dévidoirs muraux";"https://meilleurtest.fr/comparatif-devidoirs-muraux/";"Jardinage";"Les jardins et les espaces verts sont souvent équipés d’un dévidoir mural. Cet équipement, loin d'être anodin, a de nombreux avantages notables comme l’enroulement sans effort du tuyau d’arrosage. Il faut cependant choisir un modèle adapté à vos habitudes d’usage et la longueur de votre tuyau pour profiter pleinement de ces avantages. Suivez les conseils de ce guide d’achat pour choisir le dévidoir mural qui équipera votre jardin pour les prochaines années."
"37169";"Les meilleures pompes pour puits";"https://meilleurtest.fr/comparatif-pompe-pour-puits/";"Jardinage";"Assurément, les puits représentent une solution pratique et naturelle pour l’approvisionnement en eau potable. Afin d’extraire l’eau rapidement, l’achat d’une pompe pour puits reste la meilleure alternative. Par contre, il faut identifier le modèle adapté à votre puits : puissance, débit, profondeur d’immersion, etc. Découvrez dans notre guide une sélection des meilleures pompes pour puits et les critères à prendre en compte."
"38025";"Les meilleurs pluviomètres";"https://meilleurtest.fr/comparatif-pluviometre/";"Jardinage";"Instrument indispensable à l’agriculteur, au jardinier ou au météorologue, le pluviomètre sert à mesurer et contrôler la quantité de précipitations. Avec cet instrument, vous saurez à quel moment irriguer un jardin ou une pelouse ou quel modèle agricole adopter tout en ayant la possibilité d’économiser sur la facture d’eau. Pluviomètre automatique, <a class=""wpil_keyword_link"" title=""station météo"" href=""https://meilleurtest.fr/comparatif-station-meteo/"" data-wpil-keyword-link=""linked"">station météo</a> ou manuel, lequel choisir ? Ne perdez pas de temps à chercher, lisez ce comparatif des meilleurs modèles  du moment !"
"38010";"Les meilleures brouettes 2 roues";"https://meilleurtest.fr/comparatif-brouette-2-roues/";"Jardinage";"La brouette 2 roues présente des avantages indéniables. Ses 2 pneus procurent plus de stabilité et un confort d’usage exceptionnel. Servant au transport de charges plus lourdes et que celles des brouettes conventionnelles, elles sont visible sur les chantiers ou dans les jardins, et se déclinent en 2 versions : à roues pleines ou à roues gonflables. On vous laisse découvrir les meilleures brouettes 2 roues du moment à travers notre comparatif !"
"38003";"Les meilleurs désherbeurs thermiques";"https://meilleurtest.fr/comparatif-desherbeur-thermique/";"Jardinage";"Le désherbage est un travail de longue haleine et épuisant. Il n’est pas étonnant que les professionnels du secteur se tournent vers le désherbeur thermique. Ce dernier permet d’éliminer en profondeur les mauvaises herbes de manière saine et écologique. En effet, ce procédé n’utilise pas de pesticides. Mais, comment choisir le bon matériel ? Pour vous aider dans votre recherche, lisez notre comparatif."
"37986";"Les meilleurs cabanons de jardin";"https://meilleurtest.fr/comparatif-cabanon-de-jardin/";"Jardinage";"Cabanon de jardin, abri de jardin, cabane de stockage… Quelle que soit son appellation, il permettra de ranger vos outils de bricolage et de jardinage ainsi que vos mobiliers de jardin à l'abri des intempéries. Le cabanon de jardin se présente sous la forme d’une petite maisonnette en bois, en plastique, en métal ou en résine. Vous avez du mal à choisir ? Découvrez les meilleurs cabanons de jardin à travers ce comparatif."
"37963";"Les meilleures serres de jardin";"https://meilleurtest.fr/comparatif-serre-de-jardin/";"Jardinage";"Avoir une serre de jardin, c’est avant tout s’offrir la possibilité de cultiver des fruits et légumes toute l’année. Elle se décline sous diverses tailles ; les plus petits se destinent uniquement à la culture tandis que les grands modèles offrent davantage de polyvalence et peuvent servir d’agréable espace détente. Serre tunnel, bac à semis ou serre en verre, lequel choisir ? Pour le savoir, découvrez les meilleures serres de jardin du moment !"
"37909";"Les meilleures débroussailleuses";"https://meilleurtest.fr/comparatif-debroussailleuse/";"Jardinage";"Que vous soyez un amateur ou un professionnel <a href=""https://meilleurtest.fr/liste-outils-de-jardinage-essentiels/"">qui aime le jardinage et l'aménagement paysager</a>, obtenir les bons outils devient souvent un défi. Les débroussailleuses sont des outils polyvalents pour couper la pelouse, et tailler les arbustes et les mauvaises herbes. De nos jours, en tant qu'acheteur, on peut être submergé par la grande variété d'options disponibles en ligne. Grâce à ce guide d’achat des meilleures débroussailleuses, votre choix sera plus facile.";"Herbes hautes, broussailles, terrains en pente : la débroussailleuse va là où la tondeuse ne passe pas. Tête fil, lame ou disque, chaque outil de coupe cible un type de végétation. Nous avons sélectionné les débroussailleuses les plus polyvalentes, parmi les <a href=""https://meilleurtest.fr/comparatif-debroussailleuse-a-batterie/"">modèles à batterie</a>, les <a href=""https://meilleurtest.fr/comparatif-debroussailleuse-a-dos/"">débroussailleuses à dos</a> et les <a href=""https://meilleurtest.fr/comparatif-debroussailleuse-4-1/"">débroussailleuses 4-en-1</a>."
"37908";"Les meilleurs sécateurs";"https://meilleurtest.fr/comparatif-secateur/";"Jardinage";"Le sécateur est un outil indispensable pour tous les amoureux du jardinage. Cet accessoire rend l’entretien du jardin et des espaces verts moins éreintant et beaucoup plus confortable. Votre présence sur cette page n’est pas le fruit du hasard. Si vous êtes à la recherche d’un article qui vous permet de « mâcher » votre travail, nous vous invitons à parcourir ce guide des meilleurs sécateurs de 2021."
"37892";"Les meilleurs arroseurs automatiques";"https://meilleurtest.fr/comparatif-arroseur-de-jardin-automatique/";"Jardinage";"On estime que <a href=""https://blog.oleomac.fr/les-rapports-des-francais-avec-le-jardin/"">7 français sur 10</a> entretiennent régulièrement leur jardin en l’arrosant. Pourtant, saviez-vous que grâce à un arroseur automatique, cela peut se faire (presque) tout seul ? En effet, avec un minimum d’efforts, vous aurez une pelouse verdoyante. Alors, si vous aussi, vous souhaitez avoir un magnifique extérieur de maison, consultez notre comparatif des meilleurs dispositifs d’irrigation de jardin du moment pour en savoir plus."
"37878";"Les meilleures tondeuses électriques";"https://meilleurtest.fr/comparatif-tondeuse-electrique/";"Jardinage";"Quoi de plus pratique qu’une tondeuse électrique pour entretenir un jardin de taille raisonable et avoir une magnifique pelouse verte à hauteur régulière ? En plus de <a href=""https://meilleurtest.fr/comparatif-tondeuse-a-gazon/"">vous débarrasser des mauvaises herbes</a> efficacement, cet outil de jardinage coupe le gazon à une hauteur uniforme en faisant moins de bruit que la tondeuse thermique ou la tondeuse autotractée. À brancher sur secteur ou fonctionnant sur batterie, quelle tondeuse électrique choisir ? Pour le savoir, nous vous invitons à lire ce guide d'achat."
"37872";"Les meilleurs sécateurs électriques";"https://meilleurtest.fr/comparatif-secateur-electrique/";"Jardinage";"Besoin d'entretenir votre haie ou vos rosiers dans les meilleures conditions ? Le sécateur électrique coupe de façon précise les plantes et sans le moindre effort. Face à l'afflux des modèles sur le marché, trouver celui qui répond à vos besoins n'est jamais facile. Pour trouver les meilleurs sécateurs électriques du moment, fiez-vous à notre guide."
"37867";"Les meilleurs taille-haies électriques";"https://meilleurtest.fr/comparatif-taille-haie-electrique/";"Jardinage";"Pour une utilisation à domicile et occasionnelle, le taille-haie électrique constitue un meilleur choix que le taille-haie thermique. Filaire ou sans fil, on en trouve de toutes les marques (Bosch, Makita, Black + Decker...) et à tous les prix. Face à cette profusion de choix, voici notre guide des meilleurs taille-haies électriques pour cette année. Vous y trouverez sûrement ce qu'il faut.";"Légers et faciles à démarrer, les taille-haies électriques conviennent aux haies de taille moyenne sans l'entretien d'un moteur thermique. La puissance, la longueur de lame et le niveau sonore varient d'un modèle à l'autre. Nous décrirons les plus performants, en les replaçant face aux <a href=""https://meilleurtest.fr/comparatif-taille-haie/"">taille-haies classiques</a>, aux <a href=""https://meilleurtest.fr/comparatif-taille-haie-electrique-filaire/"">modèles filaires</a> et aux <a href=""https://meilleurtest.fr/comparatif-taille-haies-a-batterie/"">taille-haies à batterie</a>."
"37826";"Les meilleurs brise-vues rétractables";"https://meilleurtest.fr/comparatif-brise-vue-retractable/";"Jardinage";"Sur la terrasse, le balcon, dans le jardin ou encore au bord de la piscine, opter pour un brise-vue rétractable vous permettra de créer un espace confortable et privé à l’abri des regards curieux. Mais face aux nombreuses offres, trouver le modèle parfait à ses besoins et à ses exigences peut devenir un casse-tête. Voici alors un guide d’achat pour vous aider à choisir le meilleur brise-vue."
"37800";"Les meilleurs rotofils";"https://meilleurtest.fr/comparatif-rotofil/";"Jardinage";"Le rotofil est une débroussailleuse à fil permettant de faucher et d’élaguer les herbes et les petites plantes indésirables du jardin. Il a fait ses preuves et dispose de fonctions plus bien supérieures à celles des outils classiques. Cependant, compte tenu de la grande diversité des offres qui existent sur le marché, il n'est pas facile de choisir un rotofil. Pas de panique, ce guide a pour objectif de vous aider à trouver le bon modèle."
"37792";"Les meilleures tondeuses à gazon";"https://meilleurtest.fr/comparatif-tondeuse-a-gazon/";"Jardinage";"Comme 700 000 Français chaque année, vous avez décidé d’acheter une nouvelle tondeuse pour gagner en sécurité et en confort d’utilisation ? Vous avez raison ! En effet, à raison de 1h30, 30 fois par an, vous allez passer en moyenne 45 heures à tondre votre pelouse. Autant rendre ce moment aussi agréable que possible. Suivez le guide pour découvrir les meilleurs modèles et comment bien choisir votre tondeuse !"
"37767";"Les meilleurs robots tondeuses";"https://meilleurtest.fr/comparatif-robot-tondeuse/";"Jardinage";"Si vous trouvez fastidieux l'entretien d'une pelouse, facilitez-vous la vie en achetant un robot tondeuse. Plus moderne, moins bruyant et plus performant, le robot tondeuse offre une tonte parfaite et il peut être programmé. En effet, vous pourrez le jumeler à votre smartphone ou tablette. Lequel choisir parmi les nombreux modèles ? Suivez ce guide pour découvrir les meilleurs robots tondeuses."
"37760";"Les meilleures lampes horticoles";"https://meilleurtest.fr/comparatif-lampe-horticole/";"Jardinage";"Pour continuer à planter des fruits et légumes en dehors des saisons de production ou pour booster la croissance en hiver, les 17 millions de jardiniers en France peuvent recourir à la lampe horticole. Ce dispositif offre aux plantes la luminosité et la chaleur dont elles ont besoin. Mais parmi le florilège d’offres sur le marché, laquelle choisir ? Gagnez du temps dans vos recherches en vous fiant à notre guide."
"37756";"Les meilleurs taille-haies";"https://meilleurtest.fr/comparatif-taille-haie/";"Jardinage";"Tailler les haies et les arbustes permet de donner un aspect esthétique et chaleureux à votre environnement. Voilà pourquoi l’utilité d’opter pour un taille-haie parfait et adapté aux exigences de votre jardin. Mais vue la multiplicité de modèles, ce n’est pas une tâche à la va-vite. Alors pour vous aider à choisir le meilleur taille-haie du moment, lisez ce guide.";"Thuyas, lauriers ou buis : un bon taille-haie doit trancher net sans arracher la branche. Longueur de lame, écartement des dents et motorisation varient selon l'épaisseur de la haie. Nous classerons les taille-haies les plus efficaces, des <a href=""https://meilleurtest.fr/comparatif-taille-haie-electrique/"">modèles électriques</a> aux <a href=""https://meilleurtest.fr/comparatif-taille-haies-a-batterie/"">versions à batterie</a>, en passant par les <a href=""https://meilleurtest.fr/comparatif-taille-haie-telescopique/"">taille-haies télescopiques</a>."
"37618";"Les meilleurs taille-haies télescopiques";"https://meilleurtest.fr/comparatif-taille-haie-telescopique/";"Jardinage";"Pratique et simple d’utilisation, le taille-haie télescopique offre de multiples avantages pour tailler les haies denses, larges ou difficiles d'accès. Ainsi, il permet d’entretenir régulièrement votre jardin afin de vivre dans un environnement à la fois sain et esthétique, à condition d'utiliser le modèle adapté. Cet outil vous séduit, mais vous souhaitez en savoir plus avant d'en acheter ? Notre guide consacré aux meilleurs taille-haies télescopiques est à votre disposition.";"Haies hautes sans escabeau : les taille-haies télescopiques ajoutent un bras articulé pour atteindre les sommets en restant au sol. Poids, longueur déployée et angle de coupe conditionnent le confort. Nous présenterons les taille-haies télescopiques les plus maniables, face aux <a href=""https://meilleurtest.fr/comparatif-taille-haie/"">taille-haies classiques</a>, aux <a href=""https://meilleurtest.fr/comparatif-taille-haie-electrique/"">taille-haies électriques</a> et aux <a href=""https://meilleurtest.fr/comparatif-taille-haies-a-batterie/"">taille-haies à batterie</a>."
"37595";"Les meilleures tondeuses hélicoïdales";"https://meilleurtest.fr/comparatif-tondeuse-helicoidale/";"Jardinage";"Ecologiques, économiques et peu bruyantes, les tondeuses hélicoïdales permettront d’embellir la pelouse de votre jardin. Opter pour un tel équipement vous offrira un partenaire idéal pour une tonte de pelouse uniforme et nette. La grande variété de modèles sur le commerce offre un choix cornélien. Voilà pourquoi nous avons rédigé ce guide d’achat afin que vous trouviez le modèle adéquat et disponible."
"37548";"Les meilleurs coupe-branches télescopiques";"https://meilleurtest.fr/comparatif-coupe-branche-telescopique/";"Jardinage";"Le coupe-branches télescopique figure parmi les outils indispensables à tout bon jardinier. Il se révèle pratique pour l’ébranchage ainsi que l’élagage. Si vous avez besoin d’entretenir vos fruitiers ou préserver la forme de vos arbres, découvrez notre sélection des meilleurs coupe-branches télescopiques et lisez notre guide pour choisir le modèle le mieux adapté à vos besoins."
"37547";"Les meilleurs broyeurs de végétaux";"https://meilleurtest.fr/comparatif-broyeur-de-vegetaux/";"Jardinage";"Le broyeur de végétaux sert principalement au traitement des déchets verts produits pendant l'entretien d'un jardin. Il évite également les fréquents allers-retours à la déchetterie après le débroussaillage. Électrique ou <a href=""https://meilleurtest.fr/comparatif-broyeur-de-vegetaux-thermique/"">thermique</a>, la puissance du moteur varie d'un modèle à un autre. Pour dénicher le meilleur broyeur de végétaux, nous vous invitons à vous référer à notre comparatif."
"37536";"Les meilleures tonnelles";"https://meilleurtest.fr/comparatif-tonnelle/";"Jardinage";"La tonnelle offre une solution pratique pour rester à l'ombre sur la terrasse, dans un jardin ou lors de vos escapades en pleine nature. Facile à installer et à ranger, et équipement attire également par son prix. En effet, les kiosques de jardin et autres chapiteaux ne sont pas à la portée de tous !  Pour faire le bon choix, nous vous invitons à découvrir notre guide des meilleures tonnelles pour cette année."
"37493";"Les meilleurs brise-vues";"https://meilleurtest.fr/comparatif-brise-vue/";"Jardinage";"Marre des regards indiscrets du voisinage ? Vous souhaitez profiter de votre jardin en toute sérénité ? Offrez-vous un brise-vue. Très esthétique, naturelle ou synthétique, cette solution préserve votre intimité. S’il est facile à installer et à entretenir, faire le choix du brise-vue adapté peut s'apparenter à un casse-tête. Découvrez les meilleurs brise-vues du marché selon les critères de choix les plus pertinents."
"37437";"Les meilleurs potagers d'intérieur";"https://meilleurtest.fr/comparatif-potager-d-interieur/";"Jardinage";"Vous manquez de place et/ou de temps pour entretenir un jardin. Toutefois, vous aimeriez profiter de légumes frais toute l’année ? Les potagers d’intérieur répondent à ce besoin, éliminant les contraintes liées aux aléas de la météo et au manque d’espace extérieur. Grâce à des systèmes automatisés d’irrigation et d’éclairage, cultiver des plantes devient aussi simple qu’utiliser un appareil électroménager. Plus d’inquiétude à avoir concernant l’arrosage ou la luminosité. Vous voulez savoir comment cela pourrait changer votre quotidien ? Découvrez notre sélection des meilleurs potagers d’intérieur pour cette année."
"37434";"Les meilleures tronçonneuses";"https://meilleurtest.fr/comparatif-tronconneuse/";"Jardinage";"Le bois est le combustible le moins cher pour se chauffer. Chaque année, les <a href=""http://www.bois-de-chauffage.net/faq.php"" target=""_blank"" rel=""noopener"">Français brûlent 51 millions de stères de bois, et ce chiffre tend à monter</a>. Quoi de mieux qu’une tronçonneuse pour couper les bûches tout en entretenant le jardin ? Thermique ou électrique, chaque tronçonneuse a ses avantages et ses défauts. Et pour les différencier, il faudra parler des critères de choix (puissance, longueur de coupe, type de chaîne…) à prendre en compte. Alors, quelle tronçonneuse choisir ? Découvrez notre sélection pour le savoir.";"Abattage, élagage, débit de bûches : la tronçonneuse est un outil polyvalent dont le choix dépend du diamètre de coupe et de la fréquence d'utilisation. Thermique, électrique ou à batterie, chaque motorisation a ses atouts. Nous montrerons les tronçonneuses les plus convaincantes, parmi les <a href=""https://meilleurtest.fr/comparatif-tronconneuse-thermique/"">modèles thermiques</a>, les <a href=""https://meilleurtest.fr/comparatif-tronconneuse-elagueuse-thermique/"">tronçonneuses élagueuses</a> et les <a href=""https://meilleurtest.fr/comparatif-tronconneuse-stihl/"">tronçonneuses Stihl</a>."
"37424";"Les meilleurs pulvérisateurs électriques";"https://meilleurtest.fr/comparatif-pulverisateur-electrique/";"Jardinage";"Pour venir à bout des poussières, des algues, champignons et moisissures sur le toit ou la façade, utilisez un pulvérisateur électrique. Cet outil permet aussi d’éliminer les mauvaises herbes dans le jardin. En effet, il importe d’entretenir votre extérieur et ne pas laisser ces dégradations et usures s’installer. Lisez notre guide des meilleurs pulvérisateurs électriques pour vous aider à faire le bon choix."
"37406";"Les meilleurs tracteurs tondeuses";"https://meilleurtest.fr/comparatif-tracteur-tondeuse/";"Jardinage";"Pour que votre gazon garde toute sa beauté, il est essentiel de le tondre régulièrement. Une <a href=""https://meilleurtest.fr/comparatif-tondeuse-a-gazon/"">tondeuse de gazon</a> pourrait suffire, mais si votre pelouse s’étend sur plus de 1500 m², vous devriez investir dans l’achat d’un tracteur tondeuse de qualité. Découvrez dans ce top 4 les modèles les plus prisés du moment ainsi que les critères à considérer pour bien choisir votre futur tracteur tondeuse."
"37321";"Les meilleurs bains de soleil";"https://meilleurtest.fr/comparatif-bain-de-soleil/";"Jardinage";"Pour se prélasser au bord de la piscine et profiter des journées ensoleillées, rien de tel qu’un bain de soleil. Pliable, déplaçable, rigide, en métal, en plastique ou en bois, les fabricants rivalisent d’idées et de design pour attirer les acheteurs. Encore faut-il savoir éviter certains pièges ! À travers ce guide, nous vous proposons les meilleurs bains de soleil du moment et quelques conseils pratiques."
"37308";"Les meilleurs dévidoirs muraux";"https://meilleurtest.fr/comparatif-devidoirs-muraux/";"Jardinage";"Les jardins et les espaces verts sont souvent équipés d’un dévidoir mural. Cet équipement, loin d'être anodin, a de nombreux avantages notables comme l’enroulement sans effort du tuyau d’arrosage. Il faut cependant choisir un modèle adapté à vos habitudes d’usage et la longueur de votre tuyau pour profiter pleinement de ces avantages. Suivez les conseils de ce guide d’achat pour choisir le dévidoir mural qui équipera votre jardin pour les prochaines années."
"37169";"Les meilleures pompes pour puits";"https://meilleurtest.fr/comparatif-pompe-pour-puits/";"Jardinage";"Assurément, les puits représentent une solution pratique et naturelle pour l’approvisionnement en eau potable. Afin d’extraire l’eau rapidement, l’achat d’une pompe pour puits reste la meilleure alternative. Par contre, il faut identifier le modèle adapté à votre puits : puissance, débit, profondeur d’immersion, etc. Découvrez dans notre guide une sélection des meilleures pompes pour puits et les critères à prendre en compte."
