ID;post_title;_post_permalink;category;mltv5_introduction
42604;Les meilleurs canapés lits pour couchage quotidien;https://meilleurtest.fr/comparatif-canape-lit-pour-couchage-quotidien/;Meubles;"Pratique en tous points, le canapé lit pour couchage quotidien conjugue le confort d’un véritable lit avec <a href=""https://meilleurtest.fr/comparatif-canape-convertible-avec-matelas/"">la modularité d’un meuble</a> capable de se transformer en canapé droit ou en canapé d'angle à ses heures perdues. Cette facette 2-en-1 représente naturellement une solution gain de place que vous pouvez privilégier quand l’espace manque à la maison. Quels sont les meilleurs canapés lits pour couchage quotidien et comment les choisir ? On fait le point à travers ce guide d'achat."
42447;Les meilleurs fauteuils d'allaitement;https://meilleurtest.fr/comparatif-fauteuil-allaitement/;Meubles;Les tétées nocturnes à répétition, les douleurs lombaires et les positions inconfortables peuvent rapidement transformer l’allaitement en calvaire. Avoir un bon fauteuil permet de soulager la nuque, soutenir le dos et faciliter l’installation, même après plusieurs heures sans dormir. De nombreux modèles proposent un système de bascule silencieux ou des accoudoirs élargis pour améliorer chaque geste. Et il n'est pas rare de trouver un repose-pied sur un fauteuil d’allaitement. Choisir le modèle qui change tout, depuis votre confort jusqu'à celui de votre bébé, n'est pas une mince affaire. Lisez ce guide si vous n'avez pas de temps à perdre en recherches.
42372;Les meilleurs lits avec chevet intégré;https://meilleurtest.fr/comparatif-lit-avec-chevet-integre/;Meubles;"Les meilleurs lits <a href=""https://meilleurtest.fr/comparatif-table-de-chevet/"">avec chevet</a> intégré offrent une solution élégante et pratique pour optimiser l'espace de votre chambre à coucher. Avec des rangements astucieux et un accès facilité aux objets de nuit, ces lits répondent aux besoins des personnes cherchant à combiner confort et fonctionnalité. Saviez-vous que ces lits peuvent augmenter l'espace de rangement de 30 % ? Découvrez à travers ce guide comment transformer votre espace de couchage en un havre de paix sans sacrifier le style."
42344;Les meilleurs mange debout;https://meilleurtest.fr/comparatif-mange-debout/;Meubles;"Nettement plus haut et plus compact que <a href=""https://meilleurtest.fr/comparatif-table-a-manger/"">les tables à manger traditionnelles</a>, le mange debout permet de prendre rapidement un repas préparé sur le fil. Ce mobilier agréablement pratique peut par ailleurs servir de table d’appoint, de plan de travail et même de bureau. En raison de la variété des modèles disponibles sur le marché, trouver celui qui correspond à vos exigences va s'avérer compliqué. Dans ce guide d'achat, vous trouverez notre sélection et toutes les astuces pour choisir le <a href=""https://meilleurtest.fr/comparatif-comptoir-de-cuisine/"">mange debout parfait</a>."
42342;Les meilleurs lits scandinaves;https://meilleurtest.fr/comparatif-lit-scandinave/;Meubles;"Si vous cherchez un nouveau lit et que vous ne voulez pas d'un <a href=""https://meilleurtest.fr/comparatif-lit-contemporain/"">modèle classique</a> pour votre chambre à coucher, vous aimerez sans doute le lit scandinave. Ce type de lit se concentre sur la simplicité et la fonctionnalité en utilisant des matériaux en bois et une palette de couleurs neutres. De nos jours, le marché est inondé par des lits scandinaves et diverses déclinaisons, au point qu'il devient difficile de choisir celui qui va rehausser la déco de votre chambre. Pour vous faire gagner du temps, découvrez notre sélection des meilleurs lits scandinaves pour cette année."
42341;Les meilleurs lits contemporains;https://meilleurtest.fr/comparatif-lit-contemporain/;Meubles;"Parfois imposant, souvent gain de place, mais toujours esthétique, le lit contemporain s’inspire des dernières tendances en ce qui concerne la décoration d’intérieur. Les designs classiques rivalisent avec les touches d’originalité, le métal et <a href=""https://meilleurtest.fr/comparatif-lit-bois/"">le bois</a> concurrencent les revêtements en tissu, mais le mot d’ordre ne change pas : minimalisme. Comment dénicher les meilleurs lits contemporains ? Avez-vous besoin d'un lit contemporain une ou deux places ? Faisons le point dans cet article."
42336;Les meilleurs lits 2 places;https://meilleurtest.fr/comparatif-lit-2-places/;Meubles;"On n’en a pas vraiment conscience, mais nous passons approximativement un tiers de notre vie à dormir. C’est la raison pour laquelle il faut bien prendre son temps avant de choisir un <a href=""https://meilleurtest.fr/comparatif-lit-1-place/"">lit de qualité</a>. Que vous viviez seul ou en couple, un lit 2 places offre un confort de couchage dont le rôle sera déterminant pour votre bien-être. Comment trouver le lit duo qui procure le soutien nécessaire pour bien dormir et soulager le mal de dos ? Pour en apprendre davantage, lisez ce guide d'achat consacré aux meilleurs lits 2 places du moment."
42335;Les meilleurs lits 180x200 avec sommier et matelas;https://meilleurtest.fr/comparatif-lit-180x200-avec-sommier-et-matelas/;Meubles;"Chaque profil de dormeur a des attentes différentes concernant le confort de couchage. Au-delà des dimensions standards des lits 2 places, <a href=""https://meilleurtest.fr/comparatif-lit-180x200/"">la taille king size ou 180x200 cm</a> offre un espace de couchage dit « royal » pour un couple, voire une personne qui a besoin de place. En vue d’assurer la compatibilité entre chaque élément de la literie (cadre, matelas, sommier), la meilleure option serait d'investir dans un ensemble lit 180x200 avec sommier et matelas. Vous verrez, cela revient moins cher qu'acheter chaque élément séparément et vous n'aurez aucun problème de compatibilité. Lisez le guide pour en savoir plus."
42330;Les meilleurs lits 160x200 avec chevet suspendu;https://meilleurtest.fr/comparatif-lit-160x200-avec-chevet-suspendu/;Meubles;Dans nos habitations modernes où l'espace est devenu un luxe, les lits 160x200 avec chevet suspendu représentent une solution intéressante, combinant esthétique et fonctionnalité. Ces mobiliers de couchage permettent d'optimiser l'espace sans sacrifier le confort ni le style. Savez-vous que l'intégration de meubles suspendus peut augmenter la perception d'espace d'une chambre de près de 20 % ? Pour ceux qui cherchent à transformer leur cocon en un havre de paix mieux organisé, ces lits offrent un avantage indéniable. Découvrez comment ces chefs-d'œuvre de design peuvent modifier votre déco et pourquoi notre sélection mérite votre attention. Restez avec nous, car nous allons vous révéler les lits 160x200 avec chevet suspendu à ne pas rater pour cette année.
42326;Les meilleurs lits design;https://meilleurtest.fr/comparatif-lit-design/;Meubles;"Au-delà de la simple fonction de couchage, le lit participe à la décoration d’une chambre. Il en est même l'élément central. Pour donner un sérieux coup de jeune à la chambre, la tendance se tourne vers le lit design. Le style, les dimensions et les rangements éventuels seront des critères décisifs, sans toutefois faire une croix sur confort de couchage. Lit LED, <a href=""https://meilleurtest.fr/comparatif-lit-avec-rangement/"">lit avec rangement</a> ou lit tiroir, lequel choisir ? Pour vous épargner des heures de recherches, nous avons sélectionné les meilleurs lits design pour cette année. Lisez le guide pour en savoir plus."
42325;Les meilleurs lits tiroirs;https://meilleurtest.fr/comparatif-lits-tiroirs/;Meubles;"Souhaitez-vous aménager votre chambre à coucher de manière à associer la <a href=""https://meilleurtest.fr/comparatif-lit-avec-rangement/"">fonctionnalité</a>, le confort et la discrétion ? Rajoutez-y un lit tiroir. Plus qu’un couchage ordinaire, le lit tiroir vous offre des espaces de rangement supplémentaires. Mais pour l’intégrer harmonieusement dans votre havre de paix, encore faut-il bien le choisir. Justement, notre guide d’achat vous aide à trouver le meilleur lit tiroir du moment."
42322;Les meilleurs lits pas chers 160x200;https://meilleurtest.fr/comparatif-lit-pas-cher-160x200/;Meubles;Trouver un bon lit pour pas cher relève du parcours du combattant, surtout lorsqu'on cherche un modèle 160x200 sans faire une croix sur le confort ou la robustesse. Avec un marché saturé de lits plus chers les uns que les autres, il existe des alternatives à moins de 200 euros si vous prenez le temps de bien chercher. Découvrez notre sélection des meilleurs lits 160x200 pas chers pour cette année et nos conseils pour acheter malin afin d'améliorer la qualité de votre sommeil de façon significative sans vous ruiner.
42318;Les meilleurs lots de 4 chaises;https://meilleurtest.fr/comparatif-lot-de-4-chaises/;Meubles;"Le lot de 4 chaises, c'est très pratique pour équiper une table à manger, compléter la déco du salon ou meubler la cuisine et <a href=""https://meilleurtest.fr/comparatif-salon-de-jardin-bois/"">les espaces extérieurs</a>. Ces chaises assorties se déclinent dans toutes sortes de formes, de matériaux (métal, bois, plastique). Certaines offrent même une assise et un dossier rembourrés, voire des accoudoirs. Chaises hautes, chaises pliantes, chaises de jardin, chaises de bureau, chaises de salle à manger, que recherchez-vous précisément ? Trouvez votre bonheur en parcourant notre guide d'achat."
42315;Les meilleurs lits métal;https://meilleurtest.fr/comparatif-lit-metal/;Meubles;"Une <a href=""https://meilleurtest.fr/comparatif-chambre-a-coucher-complete/"">chambre à coucher</a> n’en serait pas une sans un lit. Bien que le lit en bois soit très apprécié pour sa robustesse et son charme, le lit en métal ne manque pas d'arguments pour convaincre. Il permet d’explorer d’autres tendances déco, allant du style industriel au style romantique. Véritable classique indémodable, le lit métal se démarque par sa solidité et son élégance. Classique, pliant ou mezzanine ? En aluminium, en fer forgé ou en acier inoxydable ? Trouvez votre bonheur en parcourant ce guide des meilleurs lits en métal."
42313;Les meilleurs lits 140x190 avec rangement;https://meilleurtest.fr/comparatif-lit-140x190-avec-rangement/;Meubles;"La notion de lit avec rangement englobe différents types de lits, mais tous ont pour point commun de vous faire gagner de la place dans les chambres exiguës. Le peut notamment être équipé d'un <a href=""https://meilleurtest.fr/comparatif-lit-coffre/"">coffre de rangement</a>, d'une armoire, d'une étagère ou de tiroirs. Ces rangements se trouvent généralement sous le sommier sur la tête de lit, toujours en évitant d'altérer le design et la déco de la pièce. Vous manquez d'espace dans une chambre et vous avez décidé d'acheter un lit 2 places avec rangement ? Justement, nous avons sélectionné les meilleurs lits 140x190 avec rangement."
42312;Les meilleurs lits 1 place;https://meilleurtest.fr/comparatif-lit-1-place/;Meubles;"Vous voulez aménager un petit espace ou équiper une chambre d’ami ? Le lit 1 place est la meilleure solution. Il encombre moins par rapport au <a href=""https://meilleurtest.fr/comparatif-cadre-de-lit-140x190-cm/"">lit 2 places</a> tout en restant fonctionnel et pratique. Comme il en existe des milliers de modèles sur le marché, le choix n’est pas toujours simple. À travers ce guide, vous trouverez des conseils pour trouver le meilleur lit 1 place ainsi qu’une sélection des meilleurs modèles pour cette année."
42311;Les meilleurs lits de voyage bébé;https://meilleurtest.fr/comparatif-lit-de-voyage-bebe/;Meubles;"Vous voyagez souvent ou rendez visite régulièrement à des amis et/ou de la famille en compagnie de votre bout de chou ? Dans l’un ou l’autre cas, un lit de voyage bébé sera indispensable. Également appelé lit pliant ou <a href=""https://meilleurtest.fr/comparatif-lit-appoint-pliant/"">lit d’appoint</a>, ce mobilier portable permet à bébé de dormir paisiblement malgré les secousses et les bruits environnants. Le lit se plie et se déplie en un tour de main, et occupe très peu de place dans le coffre de la voiture. <a href=""https://meilleurtest.fr/comparatif-couffin-bebe/"">Couffin nomade</a> ou <a href=""https://meilleurtest.fr/comparatif-lit-parapluie/"">lit parapluie </a>? Avec ou sans roulettes ? Gonflable, avec une structure en métal ou en tissu ? Découvrez les meilleurs lits de voyage bébé pour cette année."
42308;Les meilleurs lits 160x200 avec rangement;https://meilleurtest.fr/comparatif-lit-160x200-avec-rangement/;Meubles;Également appelée queen size, la taille 16 x200 cm est très demandée en matière de literie. Même ceux qui cherchent à meubler une chambre peu spacieuse préfèrent ce genre de lit, mais dans sa variante avec rangement. Lit coffre, lit mezzanine, lit pont ou lit à tiroirs, acheter un lit 160x200 avec rangement évite de rajouter d'autres meubles de rangement dans la chambre. Mais entre les rangements proposés et les matériaux de fabrication, comment faire le bon choix ? Pas de panique, découvrez notre guide des meilleurs lits 160x200 avec rangement pour cette année.
42305;Les meilleurs lits combinés évolutifs;https://meilleurtest.fr/comparatif-lit-combine-evolutif/;Meubles;"Vous cherchez une solution de coucge durable et pratique pour accompagner la croissance de l'enfant ? Les <a href=""https://meilleurtest.fr/comparatif-lit-bebe-evolutif/"">lits combinés évolutifs</a> permettent de suivre les étapes clés de son développement, de la petite enfance jusqu’à l’adolescence. Grâce à leur conception modulable, ces lits s'adaptent non seulement aux besoins changeants de l'enfant, et optimisent l'espace dans sa chambre. Saviez-vous que certains modèles peuvent se transformer en bureau ou en espace de rangement ? Comment choisir le lit combiné évolutif qui s'ajustera à la chambre de votre enfant et à vos attentes ? Restez avec nous pour découvrir notre sélection qui combine fonctionnalité, sécurité et élégance."
42303;Les meilleurs lits 160x200 en bois;https://meilleurtest.fr/comparatif-lit-160x200-en-bois/;Meubles;"Également appelé <a href=""https://meilleurtest.fr/comparatif-lit-queen-size/"" target=""_blank"" rel=""noopener"">lit queen size</a>, le lit 160x200 est un standard apprécié pour les chambres d’adultes. Il offre suffisamment d'espace pour les couples tout en se révélant fonctionnel. Si vous avez jeté votre dévolu sur un lit 160x200 en bois, sachez qu’il se décline dans différentes versions, que ce soit pour le type de bois, les dimensions, le sommier ou même le style déco. Lit coffre, à baldaquin, contemporain ou minimaliste… il y en a pour tous les goûts ! Ce guide propose une sélection des meilleurs <a href=""https://meilleurtest.fr/comparatif-lit-160x200/"" target=""_blank"" rel=""noopener"">lits 160x200</a> en bois et des conseils qui vous aideront justement à faire le meilleur choix pour votre chambre à coucher."
42302;Les meilleurs lits 140x190 avec sommier;https://meilleurtest.fr/comparatif-lit-140x190-avec-sommier/;Meubles;"Saviez-vous que les humains passent près d’un tiers de leur vie à dormir ? Voilà pourquoi choisir la bonne literie est primordial. Un <a href=""https://meilleurtest.fr/comparatif-lit-140x190/"">lit 140x190</a> avec sommier, le couchage par excellence si vous êtes en couple, représente un choix malin. C’est également très pratique pour un adolescent ou un célibataire souhaitant disposer d’un lit plus grand et plus confortable pour dormir. Classique, avec rangement ou électrique ? Avec ou sans tête de lit ? Trouvez votre lit 140x190 avec sommier en lisant notre guide complet."
42269;Les meilleures housses BZ;https://meilleurtest.fr/comparatif-housse-bz/;Meubles;"Le canapé BZ a l'avantage de pouvoir accueillir les invités ou permettre de regarder la télé. On peut aussi l'utiliser comme lit d'appoint lorsque quelqu'un reste dormir à la maison et qu'il n'y a plus de lit disponible. Mais le <a href=""https://meilleurtest.fr/comparatif-canape-bz/"">problème du canapé BZ</a>, c'est son revêtement fragile. Saletés, décoloration, déchirures, les risques sont nombreuses. Pour y remédier, offrez-vous une housse BZ. Matelassée ou simple, avec couleur unie ou à motifs, le choix est vaste. Pour vous faire gagner du temps, découvrez notre sélection des meilleures housses BZ pour cette année."
42264;Les meilleures housses de canapé d'angle;https://meilleurtest.fr/comparatif-housse-de-canape-dangle/;Meubles;"Vous cherchez une solution pour protéger les coussins de votre canapé d’angle des saletés et des poils d’animaux tout en mettant en avant son esthétique ? Privilégiez les <a href=""https://meilleurtest.fr/comparatif-housse-de-canape/#toc-item-7"">housses de canapé</a> d’angle. Certes, avec les différents types de matériaux, de coupes, de coloris disponibles, vous aurez du mal à choisir la housse idéale. C’est dans cette perspective que nous avons pris le temps de sélectionner à votre place les housses de canapés d’angle les plus susceptibles de convenir à votre mobilier."
42260;Les meilleures housses de clic-clac;https://meilleurtest.fr/comparatif-housse-de-clic-clac/;Meubles;"Ayant une double fonction protectrice et esthétique, la housse de clic-clac est aussi incontournable qu'un drap ou <a href=""https://meilleurtest.fr/comparatif-housse-de-canape-dangle/"">une housse de canapé</a>. En effet, elle rend le mobilier plus polyvalent et permet de préserver son revêtement d'origine. Entre la taille, les housses classiques, les housses matelassées, celles à fermeture zippée, celles qui ont de petites cordelettes pour éviter tout mouvement du revêtement, les différents textiles possibles, comment faire le bon choix ? Pour vous aider, découvrez notre sélection des meilleures housses de clic-clac pour cette année."
41913;Les meilleurs canapés lits confortables;https://meilleurtest.fr/comparatif-canape-lit-confortable/;Meubles;"Vous avez un invité de dernière minute qui reste dormir pour la nuit ? Vous manquez de place pour un deuxième lit dans votre studio ? Sachez que vous pouvez en même temps avoir un lit en un canapé en achetant <a href=""https://meilleurtest.fr/comparatif-canape-lit/"">un canapé lit</a>, et c'est encore mieux s'il est confortable. Ce type de canapés convertibles est plus douillet que ses semblables, ce qui en fait un excellent mobilier pour une sieste, comme couchage d'appoint ou pour accueillir des invités dans le salon. Cela vous intéresse ? Lisez notre guide des meilleurs canapés lits confortables pour cette année."
41878;Les meilleurs meubles de salle de bain 140 cm;https://meilleurtest.fr/comparatif-meuble-de-salle-de-bain-140-cm/;Meubles;"Élément central de la pièce d’eau, le<a href=""https://meilleurtest.fr/comparatif-ensemble-de-salle-de-bain/""> meuble de salle de bain</a> offre un espace de rangement fonctionnel pour votre nécessaire de toilette. Placé sous le lavabo ou intégrant directement des vasques, ce mobilier se veut très décoratif et donne le ton à l’ambiance générale de la pièce. Les modèles mesurant 140 cm de large connaissent actuellement un immense succès, pour la simple raison qu’ils s’adaptent à quasiment tous les espaces. Pour réussir l’aménagement de votre salle de bain, lisez ce guide d’achat."
41872;Les meilleurs meubles de cuisine;https://meilleurtest.fr/comparatif-meuble-de-cuisine/;Meubles;"Vous envisagez de meubler entièrement la <a href=""https://meilleurtest.fr/comparatif-cuisine/"">cuisine</a> ou vous souhaitez y apporter de petites retouches ? Pour mener à bien votre projet, il vous faudra des meubles de cuisine. Mais le choix n’est jamais simple. Table à manger, colonne ou armoire de cuisine, buffet, vaisselier, meuble haut/bas, desserte… pour dénicher le bon modèle, nous vous invitons à découvrir notre comparatif des meilleurs meubles de cuisine."
41871;Les meilleurs fauteuils scandinaves;https://meilleurtest.fr/comparatif-fauteuil-scandinave/;Meubles;"Reconnaissable entre mille par sa forme iconique, le fauteuil scandinave arbore fièrement ses pieds compas, fins et évasés. Remis au goût du jour au cours de cette décennie, ce <a href=""https://meilleurtest.fr/comparatif-chaise-scandinave/"">mobilier qui renoue avec un côté naturel</a> et minimaliste illumine les foyers modernes avec le rendu de ses pieds en bois et de son revêtement en tissu. Comment choisir et où trouver un bon fauteuil scandinave ? Les réponses sont dans cet article."
41870;Les meilleurs meubles de chambre;https://meilleurtest.fr/comparatif-meuble-de-chambre/;Meubles;"Le meuble de <a href=""https://meilleurtest.fr/comparatif-chambre-a-coucher-complete/"">chambre</a> ne participe pas seulement à la création d’une ambiance plus chaleureuse et propice à la détente, il est également capable de répondre à vos besoins de confort et de rangement. Et peu importe la taille de votre chambre, il existe sûrement des <a href=""https://meilleurtest.fr/comparatif-lit/"">lits</a>, des canapés, des armoires ou des commodes qui s’y adapteront. Focus sur les meilleurs meubles de chambre du moment !"
41868;Les meilleurs fauteuils relax;https://meilleurtest.fr/comparatif-fauteuil-relax/;Meubles;"Détente, soulagement des muscles et des os endoloris, <a href=""https://meilleurtest.fr/comparatif-lit-electrique/"">amélioration de la circulation du sang</a> ; ce sont là les principaux arguments des fauteuils relax, ces mobiliers qui ont réussi à sortir du cercle du troisième âge pour conquérir une jeunesse de plus en plus encline à les utiliser. Comment choisir un fauteuil de relaxation ? Quel budget doit-on y consacrer et où trouver les meilleurs modèles ? Faisons le tour dans ce guide d’achat."
41865;Les meilleurs fauteuils enfant;https://meilleurtest.fr/comparatif-fauteuil-enfant/;Meubles;"Dès que votre loulou atteint l’âge de 18 mois, il est temps d’équiper sa chambre d’un bon fauteuil enfant. Au-delà de la recherche d’autonomie et l’envie de faire « comme les grands », ce mobilier lui permettra surtout de bénéficier d'une assise confortable qui lui sera propre. Comment choisir ce <a href=""https://meilleurtest.fr/comparatif-canape-pour-enfant/"">mobilier pour enfant</a> et où en trouver ? Découvrons tout sur les meilleurs fauteuils enfant dans ce guide d’achat."
41863;Les meilleures chauffeuses convertibles;https://meilleurtest.fr/comparatif-chauffeuse-convertible/;Meubles;"Besoin d’un meuble transformable en lit d’appoint, en fauteuil ou en chaise longue ? La chauffeuse convertible devrait vous donner satisfaction. Avec ou sans pied, on trouve plusieurs modèles sur le marché en ce moment. Les <a href=""https://meilleurtest.fr/comparatif-chauffeuse-2-places/"">chauffeuses 2 places</a>, les modèles 1 place, les modèles avec revêtement en cuir, en tissu synthétique, en coton… Quelle chauffeuse convertible choisir ? Découvrez nos conseils pour ne pas dépenser inutilement votre argent."
41859;Les meilleurs fauteuils en rotin;https://meilleurtest.fr/comparatif-fauteuil-en-rotin/;Meubles;"Le charme d’un <a href=""https://meilleurtest.fr/comparatif-chaise-en-rotin/"">mobilier naturel et lumineux</a>, la capacité à s’harmoniser avec la plupart des styles de décoration, la résistance aux temps et la facilité d’entretien ; voilà l’exploit qui a permis au fauteuil en rotin de se hisser au top du classement des mobiliers préférés des décorateurs. Se déclinant sous un large panel de designs, il trouvera sa place dans tous les foyers. Découvrons l’univers des fauteuils en rotin dans cet article."
41857;Les meilleurs meubles d'angle;https://meilleurtest.fr/comparatif-meuble-d-angle/;Meubles;"Le <a href=""https://meilleurtest.fr/comparatif-bureau-dangle/"">meuble</a> <a href=""https://meilleurtest.fr/comparatif-bureau-dangle/"">d’angle</a>, tout aussi esthétique que fonctionnel, n’a pas fini de nous surprendre. Capable de s’intégrer dans n’importe quel coin de la pièce, ce mobilier vous permettra d’exploiter les coins et les recoins tout en optimisant l’espace dans les meilleures conditions. Alors, à poser ou suspendu ? Découvrez les meilleurs meubles d’angle du moment à travers notre guide d'achat."
41856;Les meilleurs fauteuils en bois;https://meilleurtest.fr/comparatif-fauteuil-en-bois/;Meubles;"Les <a href=""https://meilleurtest.fr/comparatif-fauteuil/"">fauteuils</a> en bois sont particulièrement appréciés chez les amateurs de meubles classiques et magnifiquement ouvragés. Ils apportent une touche chaleureuse et naturelle à la déco, aussi bien à l'intérieur que dans le jardin. Toutefois, en raison de l'offre très diversifiée, il n'est pas facile d'identifier ce qu'il vous faut vraiment en matière de fauteuil en bois. Pour vous aider à prendre la bonne décision, nous vous invitons à lire ce guide d'achat."
41855;Les meilleurs fauteuils contemporains;https://meilleurtest.fr/comparatif-fauteuil-contemporain/;Meubles;"Plus compact que le canapé, le <a href=""https://meilleurtest.fr/comparatif-fauteuil-confortable/"">fauteuil</a> est le mobilier star du séjour, du bureau ou de la bibliothèque. Disponible sous différentes formes et différents styles, la version contemporaine du fauteuil est la grande tendance du moment. Arborant un design épuré sans pour autant renier l'élégance, il contribue à la décoration. Mais quel fauteuil contemporain choisir ? Pour le savoir, lisez notre guide d'achat."
41853;Les meilleurs meubles cubes;https://meilleurtest.fr/comparatif-meuble-cube/;Meubles;"Vous vivez dans un petit appartement et vos options ne sont pas des masses en ce qui concerne le rangement de vos vêtements, <a href=""https://meilleurtest.fr/comparatif-rangement-a-chaussures/"">chaussures</a> ou objets déco ? Pour gagner un peu de place sur l'espace déjà occupé, misez sur un meuble cube, un mobilier pratique qui se veut plutôt élégant. À montage mural ou à montage au sol ? En métal, en plastique ou en bois ? Trouvez ce qu'il vous faut en lisant ce guide des meilleurs meubles cubes."
41852;Les meilleures étagères design;https://meilleurtest.fr/comparatif-etagere-design/;Meubles;"Meuble de rangement qu’on retrouve dans la plupart des maisons, l’étagère permet non seulement de gagner de l’espace, mais aussi d’apporter une touche d'élégance à votre intérieur <a href=""https://meilleurtest.fr/comparatif-etagere-murale/"">en habillant les murs.</a> On trouve des formes très diversifiées dans des configurations aussi classiques que sophistiquées et colorées pour ranger vos affaires. Justement, l'étagère design fait partie des plus recherchées en ce moment. Suivez le guide pour dénicher celle qu'il vous faut."
41845;Les meilleures étagères industrielles;https://meilleurtest.fr/comparatif-etagere-industrielle/;Meubles;"L’étagère est une pièce indispensable dans la décoration d’intérieur. Dans sa variante industrielle, on l'utilise aussi bien à des fins décoratives qu'à des fins professionnelles, notamment pour faciliter le rangement des équipements et des marchandises. <a href=""https://meilleurtest.fr/comparatif-etagere-murale/"">L'étagère</a> industrielle diffère des étagères ordinaires par sa capacité à supporter de lourdes charges et son aspect rustique. Cependant, il s'agit d'un meuble intemporel ; vous pouvez l'installer aussi bien dans le séjour que dans un atelier. Pour en savoir plus sur les étagères industrielles, lisez ce guide."
41844;Les meilleurs canapés pour chien;https://meilleurtest.fr/comparatif-canape-pour-chien/;Meubles;"Alternative plus douillette <a href=""https://meilleurtest.fr/comparatif-panier-pour-chien/"">aux couchages classiques de nos compagnons à 4 pattes</a>, le canapé pour chien leur offre un espace personnel de détente et de repos. Pour les propriétaires, c’est surtout un bon moyen de détourner l’attention des canidés des beaux canapés du salon. Tout le monde y trouve son compte ! Alors, quel canapé pour chien choisir ? Où en trouver et quel montant doit-on y consacrer ? Les réponses à travers notre guide d'achat."
41843;Les meilleurs fauteuils crapaud;https://meilleurtest.fr/comparatif-fauteuil-crapaud/;Meubles;"Pièce phare de la déco moderne, le fauteuil crapaud fait partie des meubles indémodables, toujours en vogue malgré le temps qui passe. En plus de mettre en avant l'harmonie de la pièce, ce mobilier dit « new age » aidera à instaurer un petit espace cosy ou un coin lecture près du <a href=""//meilleurtest.fr/comparatif-buffet-design/"">buffet</a> ou de la <a href=""//meilleurtest.fr/comparatif-bibliotheque/"">bibliothèque</a>. L'idée d'investir dans un fauteuil crapaud vous tente ? Lisez ce guide d’achat pour en apprendre plus sur le sujet."
41841;Les meilleurs fauteuils en cuir;https://meilleurtest.fr/comparatif-fauteuil-en-cuir/;Meubles;"Plus qu’un simple mobilier pour s'asseoir, le fauteuil en cuir est gage de raffinement, de classe, de sophisication... Bref, de haut standing. Cuir pleine fleur, simili cuir, cuir PU, le <a href=""https://meilleurtest.fr/comparatif-fauteuil-design/"">prix du fauteuil</a> va dépendre de la qualité du revêtement utilisé et du style du fauteuil. Le confort, lui, sera assuré par le dossier et l'assise très bien rembourrés dans la plupart des cas. Quel fauteuil en cuir choisir ? Quelles sont les marques françaises à suivre ? Pour avoir les réponses à ces questions, lisez notre guide des meilleurs fauteuils en cuir."
41840;Les meilleurs fauteuils de bureau noirs;https://meilleurtest.fr/comparatif-fauteuil-de-bureau-noir/;Meubles;"Que vous travailliez à domicile ou au bureau, il y a de fortes chances que vous passiez de longues heures assis devant un ordinateur. Il est donc nécessaire d'utiliser le bon <a href=""https://meilleurtest.fr/comparatif-fauteuil-de-bureau/"">fauteuil de bureau</a> pour bénéficier d’un confort optimal et adopter la bonne posture, cela afin de rester en bonne santé et productif. L'objectif de ce guide des meilleurs fauteuils de bureau noirs est de vous aider à affiner vos options et ce qui vous convient le mieux dans cette nuance."
41839;Les meilleures chaises avec accoudoirs;https://meilleurtest.fr/comparatif-chaise-avec-accoudoirs/;Meubles;"Profitez de la chaise avec accoudoirs pour lire un livre, regarder la télé, travailler ou tout simplement pour manger et discuter. Tout comme les <a href=""//meilleurtest.fr/comparatif-fauteuil-de-bureau/"">fauteuils avec accoudoirs</a>, les chaises avec accoudoirs s’arrachent sur le marché des meubles. La raison de ce plébiscite&nbsp;? Le confort offert. Pour vous, nous avons cherché les meilleures chaises avec accoudoirs en nous basant sur la qualité de fabrication, le confort, le design et le prix. Lisez ce guide pour en savoir plus."
41838;Les meilleurs ensembles table et chaise;https://meilleurtest.fr/comparatif-ensemble-table-et-chaise/;Meubles;"En vue de bien organiser votre espace intérieur, ou <a href=""https://meilleurtest.fr/comparatif-salon-de-jardin/"">extérieur</a>, impossible de se passer des meubles indispensables d’<a href=""https://meilleurtest.fr/comparatif-canape-panoramique/"">accueil</a> ou de <a href=""https://meilleurtest.fr/comparatif-dressing/"">rangement</a>. Élément décoratif clé et instaurateur de convivialité, l’ensemble table et chaise constitue aussi un fondamental de l’aménagement. Raison pour laquelle nous avons rédigé pour vous ce guide d’achat des ensembles table et chaise à ne pas rater pour cette année."
41837;Les meilleurs canapés déhoussables;https://meilleurtest.fr/comparatif-canape-dehoussable/;Meubles;"Voulez-vous réorganiser l’agencement de votre salon en y rajoutant un <a href=""https://meilleurtest.fr/comparatif-canape-scandinave/"">canapé</a> facile à entretenir ? Dans ce cas, le canapé déhoussable répondra à vos attentes. Mais la myriade de modèles disponibles sur le marché représente un véritable casse-tête pour arrêter le choix sur un mobilier en particulier. Canapé droit, canapé d'angle ou canapé scandinave, nous vous invitons à parcourir ce guide des meilleurs canapés déhoussables pour trouver ce qu'il faut."
41836;Les meilleurs fauteuils design;https://meilleurtest.fr/comparatif-fauteuil-design/;Meubles;"Envie d'apporter du neuf, du confortable et de l'esthétique à votre décoration intérieure ? Vous avez le choisx entre faire table rase et tout changer en une seule fois ou y aller doucement en procédant par petites touches. Dans le second cas, l'ajout d'un fauteuil peut faire la différence, à condition de trouver le modèle adéquat. Justement, nous vous présentons dans les lignes suivantes un guide des meilleurs <a href=""https://meilleurtest.fr/comparatif-fauteuil/"">fauteuils</a> design pour cette année."
41833;Les meilleurs fauteuils à roulettes;https://meilleurtest.fr/comparatif-fauteuil-a-roulettes/;Meubles;"Sachant que notre quotidien, surtout le travail, nous oblige à passer plus de temps en position assise que debout, il est impératif de s’offrir un <a href=""//meilleurtest.fr/comparatif-fauteuil-de-bureau-ergonomique/"">fauteuil confortable et ergonomique</a>. En plus de préserver vos articulations, il vous force à adopter la bonne posture. Et quoi de mieux qu’un fauteuil à roulettes pour cela ? Facile à déplacer et pratique, c’est un excellent <a href=""//meilleurtest.fr/comparatif-fauteuil-de-bureau-pour-dos/"">fauteuil de bureau pour le dos</a>. Trouvez les meilleurs modèles du moment en lisant notre guide d'achat."
41832;Les meilleures étagères escalier;https://meilleurtest.fr/comparatif-etagere-escalier/;Meubles;"Envie d’apporter un plus de fantaisie à votre déco d’intérieur tout en optimisant votre espace ? Optez pour des étagères escalier. En plus de faire office de <a href=""//meilleurtest.fr/comparatif-bibliotheque-enfant/"">bibliothèque (enfant)</a>, ce produit d’ameublement vous permet également d’exposer vos bibelots et pourquoi pas… votre belle vaisselle. Ce meuble design vous intéresse ? Lisez ce guide d’achat des meilleures étagères escalier du moment."
41830;Les meilleures étagères d'angle;https://meilleurtest.fr/comparatif-etagere-dangle/;Meubles;"À la fois pratique et discrète, l'étagère d’angle est un meuble qui se place à l'intersection de 2 murs. Comme l'<a href=""https://meilleurtest.fr/comparatif-etagere-murale/"">étagère murale</a>, elle sert avant tout à ranger les objets du quotidien et les objets décoratifs. Outre le fait qu'elle en facilite l’accès, l'étagère d’angle met elle-même en valeur la pièce si elle est décorative. Laquelle choisir ? Quel modèle pour quel style décoratif ? Trouvez les réponses à ces questions en lisant notre guide des meilleures étagères d’angle."
41828;Les meilleures étagères cubes;https://meilleurtest.fr/comparatif-etagere-cube/;Meubles;"Pour ranger vos petites affaires ou tout simplement pour apporter une touche particulière à votre décoration d’intérieur, l’étagère cube est une alternative à essayer. De forme fixe ou modulable, pour <a href=""https://meilleurtest.fr/comparatif-etagere-murale/"">une installation murale</a> ou sur pieds, nous vous orientons vers les meilleures étagères cubes du marché à travers ce guide d’achat. Retrouvez nos conseils et recommandations pratiques pour ne pas regretter votre choix."
41826;Les meilleurs ensembles table et chaise de jardin;https://meilleurtest.fr/comparatif-ensemble-table-et-chaise-de-jardin/;Meubles;"Le jardin est l'endroit rêvé pour se détendre et profiter du beau temps en bonne compagnie. Si vous envisagez d'<a href=""https://meilleurtest.fr/comparatif-salon-de-jardin-bois/"">aménager votre jardin</a> et que vous envisagez d'y acheter des meubles, un ensemble table et chaise de jardin sera parfait. Comment trouver le bon ensemble et comment l’entretenir ? Trouvez dans ce guide d’achat les informations essentielles à savoir."
41803;Les meilleures commodes design;https://meilleurtest.fr/comparatif-commode-design/;Meubles;"La commode a traversé les siècles sans jamais prendre une ride. Résolument intemporel et souvent revisité, ce meuble de rangement est aujourd’hui proposé dans une large palette de style, dont le plus apprécié est le design. Véritable valeur sûre dans la décoration d’intérieur, la<a href=""https://meilleurtest.fr/comparatif-commode-6-tiroirs/""> commode design</a> a sa place tout acquise dans la chambre à coucher et les autres pièces de la maison. Pour trouver celle qui va parfaitement cadrer avec votre intérieur, lisez ce comparatif."
41792;Les meilleures colonnes de cuisine;https://meilleurtest.fr/comparatif-colonne-de-cuisine/;Meubles;"Élégante, pratique et peu encombrante, la colonne de cuisine reste un meuble indispensable dans la <a href=""https://meilleurtest.fr/comparatif-cuisine/"" target=""_blank"" rel=""noopener"">cuisine</a>. Arborant un design intemporel, elle s’associe facilement avec le reste des éléments. Mettant à disposition plusieurs compartiments, elle permet d’optimiser l’espace et d’organiser au mieux les divers objets de la cuisine. Notez également que certains modèles dotés de portes protègent les objets contre la poussière et les bactéries. Si l’achat d’une colonne de cuisine vous tente, fiez-vous à notre guide d’achat pour trouver un modèle de qualité."
41784;Les meilleures chaises noires et bois;https://meilleurtest.fr/comparatif-chaise-noire-et-bois/;Meubles;"Vous souhaitez de nouvelles chaises pour embellir votre intérieur ou pour accompagner votre table à manger ? Les <a href=""https://meilleurtest.fr/comparatif-chaise-noire-design/"">chaises noires</a> et bois constituent de belles options pour les avantages qu’elles offrent. Stylées, classiques et design, elles apportent une touche de charme à votre salle à manger. Pour vous aider à dénicher le meilleur modèle de chaise noire et bois, consultez ce guide comparatif avant de faire votre choix."
41782;Les meilleures commodes en rotin;https://meilleurtest.fr/comparatif-commode-en-rotin/;Meubles;"Après le bois, le rotin est l’une des matières les plus utilisées dans le monde <a href=""//meilleurtest.fr/liste-meubles-pour-chaine-hifi/"">des meubles</a>. Vous pouvez voir des chaises, des <a href=""https://meilleurtest.fr/comparatif-tete-de-lit/"">têtes de lit</a> décoratives, des portes d’armoires attrayantes et bien d’autres encore. Actuellement, la nouvelle tendance se tourne vers les commodes en rotin, résistantes et très esthétiques comme meuble d’intérieur, trouvez dans ce guide les diverses informations concernant ce meuble."
41778;Les meilleures commodes 6 tiroirs;https://meilleurtest.fr/comparatif-commode-6-tiroirs/;Meubles;"Une commode 6 tiroirs sert à réduire l’encombrement dans vos chambres en stockant vos objets personnels. Elle améliorera également le <a href=""https://meilleurtest.fr/comparatif-boite-de-rangement/"" target=""_blank"" rel=""noopener"">rangement</a>. Cette dernière constitue aussi un outil indispensable pour la personnalisation de votre décoration intérieure. Cependant, il est important de bien choisir ses caractéristiques pour qu’elle puisse s’adapter à son environnement. Nous allons ainsi vous proposer les meilleures commodes 6 tiroirs."
41777;Les meilleures coiffeuses avec miroir LED;https://meilleurtest.fr/comparatif-coiffeuse-avec-miroir-led/;Meubles;"Une femme coquette est une femme heureuse ! Mythe ou réalité, on ne saurait le dire. Mais ce dont nous sommes certains, c’est que toutes les femmes ont besoin d’une <a href=""https://meilleurtest.fr/comparatif-coiffeuse/"" target=""_blank"" rel=""noopener"">coiffeuse</a>. Équipé d’un miroir LED, ce mobilier leur sera d’une grande aide pour se faire belles, pour elles d’abord et pour leurs Jules ensuite. Comment choisir ce meuble devenu indispensable pour la gent féminine ? On vous livre tout dans ce comparatif."
41774;Les meilleurs chiffonniers;https://meilleurtest.fr/comparatif-chiffonnier/;Meubles;"Équipé de 3 à 6 tiroirs, le <a href=""https://meilleurtest.fr/homcom-table-de-chevet-chiffonnier/"">chiffonnier</a> est un meuble de rangement idéal pour stocker le linge de maison et les accessoires vestimentaires. Indispensable dans une chambre à coucher, ce mobilier a également sa place dans la salle à manger ou dans le salon. Vous vous apprêtez à vous procurer un chiffonnier ? Découvrez dans cet article notre sélection des meilleurs chiffonniers suivie d’un guide d’achat bien détaillé pour que vous vous retrouviez avec un meuble qui convient parfaitement à vos besoins."
41771;Les meilleures colonnes de salle de bain;https://meilleurtest.fr/comparatif-colonne-de-salle-de-bain/;Meubles;"Vous remarquez que votre salle de bain est constamment en désordre et cherchez un <a href=""https://meilleurtest.fr/comparatif-meuble-de-salle-de-bain"">meuble de rangement</a> à la fois pratique, peu encombrant et décoratif ? Pourquoi ne pas opter pour une colonne de salle de bain ? Suspendues, à poser ou demi-colonnes, les déclinaisons n'en manquent pas sur le marché. Vous choisirez mieux grâce à notre guide des meilleures colonnes de salle de bain."
41767;Les meilleures cloisons amovibles;https://meilleurtest.fr/comparatif-cloison-amovible/;Meubles;"Si vous êtes intéressé par l’idée d’un appartement ou d’une maison à concept ouvert, vous aurez sans doute besoin de cloisons ou de séparateur de pièce pour cloisonner de manière intelligente et esthétique les différents espaces que vous allez aménager dans la maison : pour séparer <a href=""https://meilleurtest.fr/comparatif-salle-a-manger/"">la salle à manger</a> du salon, par exemple. Ou encore pour séparer la salle à manger de <a href=""https://meilleurtest.fr/comparatif-cuisine/"">la cuisine</a>, etc.. Une cloison amovible ferait un excellent séparateur : elle aidera à bien diviser un espace, tout en créant des lignes épurées et rehausser l’esthétique de votre maison. Lisez ce guide pour en savoir plus."
41760;Les meilleures chaises gris anthracite;https://meilleurtest.fr/comparatif-chaise-gris-anthracite/;Meubles;"La tendance est indiscutablement aux chaises gris anthracite. Une teinte qui a le mérite d'être compatible avec tous styles de décoration : rétro, <a href=""https://meilleurtest.fr/comparatif-canape-convertible-vintage/"">vintage</a>, moderne, scandinave, etc. Elle révèle notamment tout son potentiel, en étant associée à un piètement en bois clair, comme en métal noir. Voici notre sélection des meilleures chaises gris anthracite du moment."
41758;Les meilleures chaises style industriel;https://meilleurtest.fr/comparatif-chaise-style-industriel/;Meubles;"Les <a href=""https://meilleurtest.fr/comparatif-chaise-vintage/"">meubles industriels</a> n’ont jamais été aussi tendance qu’aujourd’hui. Et tenez-vous bien ! Cette mode ne risque pas de dépérir, même pour les 50 prochaines années à venir. L’engouement pour les meubles de ce style ne cesse de croître, d’autant qu’ils s’intègrent parfaitement dans toutes les décorations. Quelles chaises industrielles choisir parmi les centaines proposées dans les commerces ? On vous dit tout dans ce comparatif."
41755;Les meilleurs clic-clacs design;https://meilleurtest.fr/comparatif-clic-clac-design/;Meubles;"Vous souhaitez investir dans un clic-clac et en faire une pièce maitresse pour votre décoration intérieure ? Cela tombe bien car le marché propose une offre pléthorique en matière de <a href=""https://meilleurtest.fr/comparatif-matelas-clic-clac/"">clic-clacs</a> design ? Modèles standards, électriques, en naturel ou en synthétique, il y en a pour tous les goûts et tous les besoins. Afin que vous trouviez le clic-clac design sans vous compliquer la tâche, nous avons élaboré un guide spécial consacré à ce meuble polyvalent."
41754;Les meilleures chaises en rotin;https://meilleurtest.fr/comparatif-chaise-en-rotin/;Meubles;"Le rotin a sa place aussi bien dans la décoration d’intérieur que dans le <a href=""https://meilleurtest.fr/comparatif-salon-de-jardin-bois/"">salon de jardin</a>. On peut trouver différents meubles fabriqués avec ce matériau à l’aspect exotique, dont les chaises. Que ce soit pour un bureau, pour la salle à manger ou pour la véranda, elles sont splendides avec leur couleur naturelle ou teintée. On vous aide à choisir les vôtres dans ce guide d’achat."
41747;Les meilleures chaises blanches;https://meilleurtest.fr/comparatif-chaise-blanche/;Meubles;"La chaise blanche apporte la touche finale à votre <a href=""https://meilleurtest.fr/comparatif-salon-de-jardin/"">salon</a>, à votre salle à manger, à votre jardin, à votre cuisine et à votre bureau. Avec un style intemporel et élégant, la chaise blanche existe en nombreuses déclinaisons tout en allégeant la décoration et en agrandissant la pièce où elle se trouve. Pour vous aider à choisir le modèle parfait correspondant à vos attentes et à vos besoins, découvrez les meilleures chaises blanches suivies d’un guide d’achat."
41745;Les meilleures chauffeuses 1 place;https://meilleurtest.fr/comparatif-chauffeuse-1-place/;Meubles;"La <a href=""//meilleurtest.fr/comparatif-chauffeuse/"">chauffeuse</a> est une chaise d’appoint sur laquelle on peut se blottir pour profiter d’un moment cocooning près de la cheminée en hiver, ou tout simplement pour se détendre bien au chaud. Tout aussi confortable qu’un <a href=""//meilleurtest.fr/comparatif-canape/"">canapé</a> ou un <a href=""//meilleurtest.fr/comparatif-fauteuil/"">fauteuil</a>, ce produit d’ameublement peut également faire office de lit d’appoint pour davantage de praticité. Et quoi de mieux qu’un modèle 1 place pour s’envelopper dans un cocon de bien-être optimal ! Envie d’acquérir une chauffeuse 1 place ? Lisez ce guide d’achat."
41742;Les meilleures chambres à coucher complètes;https://meilleurtest.fr/comparatif-chambre-a-coucher-complete/;Meubles;"La <a href=""https://meilleurtest.fr/comparatif-chambre-complete-adulte/"">chambre à coucher</a> invite à la détente et vous permet de vous reposer dans le plus grand confort. Au lieu d’acheter le lit séparément de l’armoire et des chevets, autant faire d’une pierre deux coups en vous procurant directement une <a href=""https://meilleurtest.fr/comparatif-chambre-complete-pour-adulte/"">chambre complète</a>. Mais difficile de faire le bon choix face à la pléthore d’offres disponibles actuellement. Pour vous guider, fiez-vous à notre comparatif."
41741;Les meilleures chaises vintage;https://meilleurtest.fr/comparatif-chaise-vintage/;Meubles;"Un peu nostalgique ou bien juste envie de revenir quelques années en arrière ? Avec une <a href=""https://meilleurtest.fr/comparatif-chaise-de-bureau-scandinave/"">chaise vintage</a>, votre intérieur passe de l’époque contemporaine au millénaire précédent en un claquement de doigts. Malgré son style, ce siège n’en reste pas moins robuste et durable. Parmi la gamme grandissante de ce type d’article, nous vous proposons les meilleures chaises vintages du marché."
41738;Les meilleures chaises de bar transparentes;https://meilleurtest.fr/comparatif-chaise-de-bar-transparente/;Meubles;"Toutes les <a href=""//meilleurtest.fr/comparatif-chaise-de-bar/"">chaises de bar</a> transparentes ne sont pas créées de la même façon. Il y a la hauteur, le dossier, le design et bien plus encore. Lorsque vous optez pour la meilleure chaise de bar transparente pour votre maison, il est important de définir vos préférences personnelles ainsi que les facteurs non négociables, des dimensions au style en passant par tout le reste. Pour trouver la meilleure chaise de bar transparente, suivez notre guide."
41737;Les meilleures chaises de cuisine;https://meilleurtest.fr/comparatif-chaise-de-cuisine/;Meubles;"La cuisine est l’endroit le plus fréquenté de la maison. C’est là que nous cuisinons, prenons nos repas et recevons nos amis et nos proches. Pour que cette pièce soit tout à la fois conviviale, pratique et confortable, il faudra la meubler avec de <a href=""https://meilleurtest.fr/comparatif-chaise-de-salle-a-manger/"" target=""_blank"" rel=""noopener"">belles chaises</a>, mais pas n’importe lesquelles. En effet, ces mobiliers doivent cadrer avec l’esprit même de la cuisine. Dans ce comparatif, découvrez comment bien les choisir et les agencer."
41735;Les meilleures chaises en métal noires;https://meilleurtest.fr/comparatif-chaise-en-metal-noire/;Meubles;"Que ce soit pour accompagner <a href=""https://meilleurtest.fr/comparatif-table-a-manger/"">une table à manger</a>, une <a href=""https://meilleurtest.fr/comparatif-table-de-jardin/"">table de jardin</a>, un comptoir de bar ou un <a href=""https://meilleurtest.fr/comparatif-comptoir-de-cuisine/"">comptoir de cuisine</a>, la chaise en métal noire apporte une élégance rare à l'ensemble. En fer forgé, en acier, en fonte, avec ou sans dossier, avec ou sans assise rembourrée, avec ou sans accoudoirs, le choix est particulièrement vaste. Dans ce guide d'achat, nous vous proposons un comparatif des meilleures chaises en métal noires vendues en ligne et nos conseils pratiques pour bien choisir."
41734;Les meilleures chaises en bois;https://meilleurtest.fr/comparatif-chaise-en-bois/;Meubles;"Dans l’univers du mobilier, le bois demeure le roi traditionnel de l’esthétique et de la durabilité. Son principal avantage comparé aux autres matériaux : il mêle la fraîcheur du style rustique à l’élégance du style moderne, faisant de votre intérieur une véritable oasis de confort. Alors, pour équiper votre <a href=""https://meilleurtest.fr/comparatif-chaise-de-bureau"">bureau</a> ou votre coin cuisine, n’hésitez pas à miser sur la chaise en bois. À ce propos, notre guide d’achat vous aide à faire le bon choix."
41733;Les meilleures chaises noires design;https://meilleurtest.fr/comparatif-chaise-noire-design/;Meubles;"<a href=""https://meilleurtest.fr/comparatif-chaise-de-bureau-design/"">Une chaise design</a> est une chaise classique dont les caractéristiques ont été expressément modifiées pour correspondre à certaines utilisations. Ainsi, vous sentirez tout de suite qu’il n’y a pas plus adapté. La couleur noire, dite neutre, vient ajouter de la polyvalence. Dans le but de vous mener vers le siège idéal, nous allons vous proposer les meilleures chaises noires design."
41729;Les meilleures chaises en tissu;https://meilleurtest.fr/comparatif-chaise-en-tissu/;Meubles;"Les revêtements en tissu sont souvent prisés sur les chaises grâce à leur douceur et leur confort. Ils offrent également de bons designs et plus de liberté dans la personnalisation. Le marché propose actuellement une infinité de gammes. Ainsi, pour vous aider à trouver facilement le siège qui répondra à vos besoins, découvrons la liste des meilleures <a href=""https://meilleurtest.fr/comparatif-chaise-bois-et-tissu/"">chaises en tissu</a>."
41727;Les meilleures chaises bois et métal;https://meilleurtest.fr/comparatif-chaise-bois-et-metal/;Meubles;"À la recherche d’une <a href=""https://meilleurtest.fr/woltu-deux-chaises-multicolores/?wordpress_logged_in=true"">chaise</a> à la fois robuste et esthétique ? Les chaises en bois et métal pourraient être un choix idéal. Avec leur allure industrielle et leur durabilité, ces chaises sont parfaites pour ajouter une touche de caractère à n’importe quelle pièce de votre maison. Dans ce guide d’achat, nous vous donnerons toutes les informations dont vous avez besoin pour trouver la chaise en bois et métal qui répondra à vos besoins et à votre style."
41722;Les meilleures chaises de bar scandinaves;https://meilleurtest.fr/comparatif-chaises-de-bar-scandinave/;Meubles;"Le <a href=""https://meilleurtest.fr/comparatif-canape-scandinave/"">design scandinave</a> ou nordique s'invite depuis longtemps dans la décoration d'intérieur. Il s'adresse à ceux qui veulent du style et de l'élégance. Plus particulièrement, la <a href=""https://meilleurtest.fr/comparatif-chaise-de-bar/"">chaise de bar</a> scandinave est devenue un must have pour prendre un verre au comptoir, pour des repas en petits groupes ou tout simplement pour égayer une chambre. Mais elle ne se choisit pas n'importe comment. Lisez notre guide pour un achat sûr et pour éviter les fausses notes dans votre déco."
41720;Les meilleurs canapés d'angle 5 places;https://meilleurtest.fr/comparatif-canape-dangle-5-places/;Meubles;"Vous souhaitez refaire la décoration de votre salon ? Si un changement de meubles fait partie de votre projet, pensez à investir dans un <a href=""https://meilleurtest.fr/comparatif-canape-dangle/"">canapé d’angle</a> 5 places. Ce type de produit vous permet de profiter d’un grand confort tout en apportant une touche esthétique favorisant la convivialité. Il se caractérise par sa forme en L et fournit plus de places qu’un canapé classique. Trouvez le meilleur canapé 5 places en suivant les conseils du guide !"
41718;Les meilleures chaises bois et tissu;https://meilleurtest.fr/comparatif-chaise-bois-et-tissu/;Meubles;"Si vous cherchez une chaise légère et confortable, vous allez sûrement adorer la <a href=""https://meilleurtest.fr/comparatif-chaise-de-bureau-design/"">chaise</a> bois et tissu. Elle est facile à déplacer et ne risque pas d’abimer votre carrelage. Elle peut aussi intégrer plusieurs styles d’intérieurs. Afin de vous aider à trouver le meuble de vos rêves, nous avons dressé la liste des meilleures chaises bois et tissu du marché."
41713;Les meilleurs canapés terracotta;https://meilleurtest.fr/comparatif-canape-terracotta/;Meubles;"Vous aimez la déco bohème ? Suivez la tendance du moment en intégrant des meubles de couleur terracotta chez vous. Et quoi de mieux qu'un canapé terracotta pour réchauffer l’atmosphère et plonger la pièce dans une ambiance de détente et d'évasion ? Tout comme les<a href=""//meilleurtest.fr/comparatif-canape-dangle-gris/"" target=""_blank"" rel=""noopener""> canapés gris</a>, les versions terracotta se marient avec n'importe quel style de déco, avec élégance. Si les canapés terracotta vous intéressent, lisez ce guide d'achat."
41711;Les meilleurs canapés scandinaves;https://meilleurtest.fr/comparatif-canape-scandinave/;Meubles;"Depuis plusieurs années, le style scandinave reste une tendance forte en matière de décoration intérieure. En effet, il permet d’apporter de la chaleur dans une pièce. Dans une salle de séjour, la présence d’un <a href=""https://meilleurtest.fr/comparatif-canape/"" target=""_blank"" rel=""noopener"">canapé</a> scandinave est une excellente idée pour y créer un total look nordique. Dans ce guide, nous vous proposons les 4 meilleurs canapés scandinaves en ce moment."
41709;Les meilleurs canapés modulables velours;https://meilleurtest.fr/comparatif-canape-modulable-velours/;Meubles;"Un véritable meuble caméléon, <a href=""https://meilleurtest.fr/comparatif-canape-design/"">le canapé</a> modulable a sa place aussi bien dans les petits appartements que dans les salles de séjour spacieuses. Il se décline sous plusieurs configurations et arbore des styles variés. Avec son revêtement en velours, ce canapé se veut très classe. En tout cas, il y a tant de façons de l’adopter. Découvrez notre sélection des meilleurs canapés modulables velours dans ce guide d’achat."
41708;Les meilleurs canapés d'angle taupe;https://meilleurtest.fr/comparatif-canape-dangle-taupe/;Meubles;"Le <a href=""https://meilleurtest.fr/comparatif-canape-dangle-jaune"">canapé d'angle</a> taupe est un choix de mobilier intemporel et élégant pour votre salon. Avec sa couleur taupe discrète et polyvalente, il s'intégrera facilement à tous les styles de décoration. Si vous êtes en train de chercher un canapé d'angle taupe, ce guide d'achat est fait pour vous. Nous vous aiderons à découvrir les différentes options disponibles sur le marché et à trouver le canapé d'angle taupe qui répondra le mieux à vos besoins et à votre budget."
41706;Les meilleurs canapés en cuir convertibles;https://meilleurtest.fr/comparatif-canape-en-cuir-convertible/;Meubles;"Angle ou droit, le canapé en cuir <a href=""https://meilleurtest.fr/comparatif-canape-convertible-avec-coffre/"">convertible</a> attise davantage l’engouement des consommateurs depuis quelques années. Un mobilier tendance, il ne cesse d’évoluer pour répondre aux besoins de tous les profils d’utilisateurs. Si vous êtes confus face à la pluralité de choix, voici notre sélection des <a href=""https://meilleurtest.fr/comparatif-canape-en-simili-cuir/"" target=""_blank"" rel=""noopener"">meilleurs canapés en cuir</a> convertible du moment."
41703;Les meilleurs canapés moelleux et profonds;https://meilleurtest.fr/comparatif-canape-moelleux-et-profond/;Meubles;"Le canapé moelleux et profond est aussi bien apprécié pour son esthétique que pour sa douceur. À l’instar du canapé ferme, ce type de canapé enveloppe le corps afin d’offrir un maximum de confort. Ce dernier existe également en versions <a href=""https://meilleurtest.fr/les-meilleurs-canapes-droits/"">droit</a> ou <a href=""https://meilleurtest.fr/comparatif-canape-dangle/"">angulaire,</a> et s’adapte à toutes les pièces et tous les styles décoratifs. En raison de ces nombreux avantages, il a convaincu bon nombre de personnes. Si comme elles vous souhaitez intégrer un canapé moelleux et profond dans votre intérieur, fiez-vous à notre sélection pour trouver le modèle adéquat."
41702;Les meilleurs canapés roses poudrés;https://meilleurtest.fr/comparatif-canape-rose-poudre/;Meubles;"Le rose poudré étant un subtil mélange de rose, de beige et de blanc, un canapé qui arbore cette couleur inspire l’élégance et la poésie. <a href=""https://meilleurtest.fr/comparatif-canape-contemporain/"">Les canapés</a> de cette couleur insufflent aussi plus de vie à votre maison. Cependant, cette teinte s’avère assez difficile à utiliser en décoration, ce qui rend le choix compliqué. Ainsi, nous allons vous proposer les meilleurs canapés rose poudré."
41701;Les meilleurs canapés d'angle extérieur;https://meilleurtest.fr/comparatif-canape-angle-exterieur/;Meubles;"Pièce maîtresse du salon de jardin, le <a href=""https://meilleurtest.fr/comparatif-canape-convertible-velours-cotele/"">canapé d’angle</a> extérieur est une invitation à la détente, au partage et au farniente. Facilement reconnaissable à son design, ce mobilier doit être fonctionnel, mais surtout très résistant. En effet, ne l’oubliez pas, le canapé d’angle extérieur est avant tout destiné à un usage extérieur. Comment choisir un canapé d’angle qui matche parfaitement avec le coin détente du jardin ? On vous explique à travers ce guide d'achat."
41700;Les meilleurs canapés pieds métal;https://meilleurtest.fr/comparatif-canape-pieds-metal/;Meubles;"Un <a href=""https://meilleurtest.fr/comparatif-canape/"">canapé</a> pieds métal se veut solide, robuste et résistant qu’un modèle à piètement en bois. Il vous permet d’adopter un style de déco industriel en plus de rendre votre espace de vie plus accueillant. Fixe ou convertible ? Droit ou <a href=""https://meilleurtest.fr/comparatif-canape-dangle/"">d’angle </a>? En tissu ou en cuir ? Pour dénicher le canapé pieds métal qui vous sied au mieux, lisez notre comparatif dans son intégralité."
41699;Les meilleurs canapés pouf;https://meilleurtest.fr/comparatif-canape-pouf/;Meubles;"Le confort d’intérieur est toujours une priorité à vos yeux ? Offrez-vous le plaisir d’aménager votre séjour ou votre chambre à coucher de manière <a href=""https://meilleurtest.fr/comparatif-canape-design-pas-cher"">efficace</a>. Entre un simple mobilier d’accueil et des fonctionnalités d’appoint, le choix est vaste. Mais afin d’instaurer un rendu cocooning, voici le secret : misez sur un meuble fonctionnel et décoratif comme le canapé pouf. Ne cherchez plus loin, notre guide d’achat vous révèle tous les détails concernant cet équipement au goût du jour."
41698;Les meilleurs canapés cocooning;https://meilleurtest.fr/comparatif-canape-cocooning/;Meubles;"Un <a href=""https://meilleurtest.fr/comparatif-canape-confortable/"" target=""_blank"" rel=""noopener"">canapé</a> cocooning révèle toute son utilité en plein hiver. De par ses lignes et courbes envelopantes, il se voit comme LE nid douillet par excellence. Reste à l'agrémenter de plaid ou de coussins. Ce <a href=""https://meilleurtest.fr/comparatif-buffet-design/"" target=""_blank"" rel=""noopener"">meuble design</a> a aussi le mérite de donner du cachet à une pièce. Certains modèles se plient d'ailleurs à tous les goûts et envies, en étant modulables et/ou convertibles."
41697;Les meilleurs canapés familiaux;https://meilleurtest.fr/comparatif-canape-familial/;Meubles;"Pour un canapé familial, il faudra au minimum un modèle à 4 places. De cette manière, toute la famille pourra partager un moment unique et chaleureux. <a href=""https://meilleurtest.fr/comparatif-canape-7-places/"">Ce type de meuble</a> s’adapte aussi à plusieurs types d’usages. Cependant, choisir parmi ceux proposés sur le marché s’avère souvent difficile. Voilà pourquoi nous vous avons dressé la liste des meilleurs canapés familiaux."
41696;Les meilleurs canapés modulables;https://meilleurtest.fr/comparatif-canape-modulable/;Meubles;"Parmi les produits d’ameublement les plus appréciés du moment, le canapé modulable, au même titre que les <a href=""//meilleurtest.fr/comparatif-bureau-modulable/"">bureaux modulables</a> ou encore les <a href=""//meilleurtest.fr/comparatif-canape-bord-de-mer/"">canapés bord de mer</a>, fait fureur auprès des mordus de déco intérieure. Grâce à son élégance et son assise confortable, le canapé modulable se plie à tous vos besoins d’aménagement et apporte une ambiance cosy et conviviale à la pièce. La recherche du canapé modulable idéal n’est toutefois pas une tâche facile. Ainsi, trouvez le modèle que vous convoitez via notre sélection du moment."
41695;Les meilleurs canapés panoramiques;https://meilleurtest.fr/comparatif-canape-panoramique/;Meubles;"Vous souhaitez moderniser la salle de séjour et y apporter élégance, confort et chaleur par la même occasion ? Avez-vous envisagé un canapé panoramique ? En effet, grâce à ce meuble, vous ferez d’une pierre plusieurs coups. En ce moment, le marché vous propose un choix extrêmement large et l’embarras du choix ne facilite pas toujours les choses. Pour vous aider dans les recherches, nous avons rédigé ce comparatif consacré aux meilleurs <a href=""https://meilleurtest.fr/comparatif-canape-en-simili-cuir/"">canapés</a> panoramiques disponibles en ce moment."
41693;Les meilleurs canapés industriels;https://meilleurtest.fr/comparatif-canape-industriel/;Meubles;"En termes de <a href=""https://meilleurtest.fr/comparatif-canape-dangle-convertible/"">décoration d’intérieur</a>, le style industriel reste une valeur sûre. C’est un style décoratif qui mélange le vintage et le moderne. Il va sans dire que pour retrouver cette ambiance si chère aux décorateurs, il faut disposer, entre autres choses, des meubles qui vont avec, en particulier le salon. Justement, notre guide d'achat se propose de vous aider à dénicher les meilleurs canapés industriels pour cette année."
41692;Les meilleurs canapés d'angle 12 places;https://meilleurtest.fr/comparatif-canape-dangle-12-places/;Meubles;"Pratique et luxueux, le canapé d’angle XXL s’impose dans les grands salons. Quand on est une grande famille ou reçoit fréquemment beaucoup d’invités, un modèle 12 places prend tout son sens. Or, à moins de faire appel aux fabricants de canapés sur mesure, c’est très difficile d’en trouver sur la toile. C’est pourquoi nous avons investi beaucoup d’heures et de recherches afin de dénicher pour vous <a href=""https://meilleurtest.fr/comparatif-canape-dangle/"">les meilleurs canapés d’angle</a> répondant à ce besoin."
41691;Les meilleurs canapés en tissu;https://meilleurtest.fr/comparatif-canape-en-tissu/;Meubles;"Devenu l’apanage des architectes et décorateurs d’intérieur, le canapé en tissu s’invite beaucoup dans les séjours modernes, <a href=""https://meilleurtest.fr/comparatif-chambre-complete-pour-adulte/"">les chambres à coucher spacieux</a> et les coins repos. S’asseoir, se détendre, s’allonger ; on peut tout faire sur ces mobiliers au toucher doux et au charme si lumineux, si naturel ! Quel canapé en tissu choisir ? Que faut-il savoir avant d’en acheter ? Parlons-en dans ce guide d’achat."
41690;Les meilleurs canapés droits convertibles;https://meilleurtest.fr/comparatif-canape-droit-convertible/;Meubles;"Le canapé droit convertible est apprécié pour sa simplicité et sa praticité, faisant office de couchage d’appoint ou de couchage principal. Grâce à sa conception tout en longueur, ce canapé favorise un gain de place à l’instar du <a href=""https://meilleurtest.fr/comparatif-canape-dangle/"">canapé d’angle</a>. Dans ce contexte, il est particulièrement pratique dans une petite pièce, mais peut également se placer dans un grand espace. Si comme bon nombre de personnes vous souhaitez vous procurer un canapé droit convertible, fiez-vous à notre guide d’achat pour trouver un modèle de qualité."
41689;Les meilleurs canapés d'extérieur;https://meilleurtest.fr/comparatif-canape-d-exterieur/;Meubles;"Quoi de plus relaxant que de <a href=""https://meilleurtest.fr/comparatif-salon-de-jardin/"">profiter des beaux jours dans son jardin</a> ou sur le toit comme si vous étiez dans le salon ? Mais, pour cela, vous aurez grand besoin d’un canapé d'extérieur. Tout comme le salon de jardin, ce canapé outdoor est un mobilier servant à embellir l'espace extérieur tout en faisant profiter d’un excellent confort à vous ainsi qu'à vos invités. Retrouvez les meilleurs canapés d’extérieurs du moment et nos conseils pratiques en lisant ce guide d'achat."
41688;Les meilleurs canapés fixes;https://meilleurtest.fr/comparatif-canape-fixe/;Meubles;"Parmi les mobiliers indispensables dans une salle de séjour et même au bureau, le <a href=""https://meilleurtest.fr/les-meilleurs-canapes-droits/"">canapé droit</a> fixe est un classique. Avec différents designs et des finitions qui épousent toute sorte de décoration d’intérieur, le canapé fixe possède un charme unique dans son genre. Désireux d’acquérir un canapé fixe ? Ce guide d’achat vous présente quelques-uns des meilleurs modèles du marché avec des conseils à l’appui."
41687;Les meilleurs canapés en bois;https://meilleurtest.fr/comparatif-canape-en-bois/;Meubles;"L’un des meilleurs moments passés à la maison est lorsque vous vous pelotonnez sur votre joli canapé tout en profitant de votre <a href=""//meilleurtest.fr/liste-serie-netflix/"">série TV préférée</a> avec vos proches. Pourquoi ne pas ajouter une touche naturelle en optant pour un canapé en bois ? Vous avez de nombreux modèles aussi esthétiques que durables sur le marché actuellement. Pour participer à l’effort de préservation de l’environnement, pensez à choisir un meuble provenant d’arbres qui poussent naturellement suivant les normes forestières modernes pour la durabilité. Pour choisir le meilleur canapé en bois, lisez notre guide."
41686;Les meilleurs canapés design pas chers;https://meilleurtest.fr/comparatif-canape-design-pas-cher/;Meubles;"Jouant un rôle crucial pour la décoration et le confort, le <a href=""https://meilleurtest.fr/comparatif-canape/"">canapé</a> est l’un des meubles indispensables dans la pièce de vie. Face aux nombreux modèles disponibles sur le marché, il n'est pas rare de rencontrer des difficultés à trouver le modèle adapté à vos besoins. Le choix devient d'autant plus compliqué si vous avez un budget serré. Qu'à cela ne tienne, Meilleurtest.fr se propose de vous aider avec ce guide des meilleurs <a href=""https://meilleurtest.fr/comparatif-canape-design/"">canapés design</a> pas chers pour cette année. Vous y trouverez un comparatif et nos conseils pratiques pour bien choisir."
41685;Les meilleurs canapés droits;https://meilleurtest.fr/comparatif-canapes-droits/;Meubles;"Un canapé droit est une version classique de <a href=""https://meilleurtest.fr/comparatif-canape-bleu-canard/"">canapé</a> composée d’un seul côté et d’un nombre limité de places. En plus d’occuper moins d’espace, il fait face à une direction unique. Vous en trouverez d’ailleurs une très grande variété sur le marché. Afin de vous aider dans votre quête du canapé droit idéal, nous allons vous proposer une sélection des meilleurs produits disponibles sur le marché en ce moment."
41684;Les meilleurs canapés fabriqués en france;https://meilleurtest.fr/comparatif-canape-fabrique-en-france/;Meubles;"Si vous tombez sur cet article, vous avez sûrement pris la décision d’acheter un canapé pour votre salon ou le jardin, mais pas seulement ! Vous souhaitez également vous tourner vers un produit fabriqué en France afin de valoriser le savoir-faire français et soutenir les artisans qui oeuvrent dans l’Hexagone. Découvrez à travers ce guide <a href=""https://meilleurtest.fr/comparatif-canape/"">tout ce qu’il y a à savoir sur les canapés</a> fabriqués en France."
41683;Les meilleurs canapés d'angle noirs;https://meilleurtest.fr/comparatif-canape-angle-noir/;Meubles;"Vous souhaitez rehausser la déco de votre séjour en y ajoutant un <a href=""https://meilleurtest.fr/comparatif-canape-dangle-12-places"">canapé d'angle ?</a> Excellente idée ! Mais avec tous les styles, formes et coloris existants, vous aurez sans doute du mal à vous décider. Tendance et indémodable, le canapé d'angle noir reste une valeur sûre pour décorer un grand salon. Dans ce guide, nous avons sélectionné les meilleurs canapés d'angle noirs du marché afin de vous aider à mieux choisir."
41682;Les meilleurs canapés en velours cotelé;https://meilleurtest.fr/comparatif-canape-en-velours-cotele/;Meubles;"Avec sa texture douce et son aspect luxueux, un <a href=""https://meilleurtest.fr/comparatif-canape-convertible-avec-coffre/?wordpress_logged_in=true"">canapé</a> en velours cotelé peut ajouter une touche de sophistication à n’importe quel espace. Cependant, il est important de bien choisir votre canapé en velours cotelé pour vous assurer d’obtenir un produit de qualité qui répondra à vos besoins et à vos préférences. Dans ce guide d’achat, nous vous donnerons toutes les informations dont vous avez besoin pour faire le meilleur choix pour votre salon."
41681;Les meilleurs canapés en simili cuir;https://meilleurtest.fr/comparatif-canape-en-simili-cuir/;Meubles;"Vous vous êtes laissé séduire par les canapés en cuir, mais les prix affichés vous gâchent le plaisir ? Vous n’êtes pas les seuls. Heureusement, à défaut de s’offrir les modèles en cuir véritable, il existe une autre alternative viable : le simili. À quelques détails près, cette matière abordable peut remplacer le cuir. Le concept vous plaît, mais davantage d’informations ne seraient pas de trop ? Notre guide consacré aux meilleurs <a href=""https://meilleurtest.fr/comparatif-canape-convertible-scandinave/"">canapés</a> en simili cuir disponibles en ce moment devrait vous plaire."
41679;Les meilleurs cadres de lit 140x190 cm;https://meilleurtest.fr/comparatif-cadre-de-lit-140x190-cm/;Meubles;"Un cadre de lit 140×190 cm est essentiel pour maintenir<a href=""https://meilleurtest.fr/comparatif-matelas/""> le matelas</a> en place. Il se veut aussi robuste qu’esthétique et convient parfaitement pour un matelas 2 places, un lit double. Fabriqué en divers matériaux et existant en différentes couleurs, il est aussi décoratif surtout lorsqu’il est combiné avec une tête de lit ou avec des rangements très pratiques. Pour vous aider à choisir, découvrez dans cet article les meilleurs cadres de lits 140×190 cm."
41678;Les meilleurs canapés convertibles vintages;https://meilleurtest.fr/comparatif-canape-convertible-vintage/;Meubles;Utilisé comme mobilier d’assise dans le séjour ou comme couchage d’appoint si un invité surprise reste dormir, le canapé convertible se décline dans différents styles : scandinave, droit, d’angle. On en trouve de toutes les tailles, allant du classique canapé 2 places pour les studios aux modèles offrant plus de 6 places si vous avez une grande pièce à meubler. De plus, le couchage offert peut généralement accueillir deux personnes. Valeur sûre en matière de design, la version rétro du canapé convertible lui donne un aspect vieilli, très prisé dans une décoration industrielle. En cuir, ou en microfibre imitation cuir ou en tissu classique, découvrez notre guide pour trouver le canapé convertible vintage adapté répondant à vos attentes.
41677;Les meilleurs canapés bouclettes;https://meilleurtest.fr/comparatif-canape-bouclette/;Meubles;"Ayant intégré le marché depuis les années 50, le canapé bouclette reste une pièce tendance jusqu’à ce jour. Apprécié pour ses lignes épurées et minimalistes, ce dernier est à privilégier pour conférer une ambiance chaleureuse et cocooning à son intérieur. Comme bon nombre de <a href=""https://meilleurtest.fr/comparatif-canape/"">canapés</a>, ce modèle se décline en plusieurs modèles. Afin de vous aider à trouver celui qui répond à vos attentes, fiez-vous à notre guide d’achat."
41676;Les meilleurs canapés d'angle jaunes;https://meilleurtest.fr/comparatif-canape-dangle-jaune/;Meubles;"Vous cherchez le canapé d'angle parfait pour ajouter une touche de couleur et de style à votre salon ? Le <a href=""https://meilleurtest.fr/mia-canape-dangle-convertible/?wordpress_logged_in=true"">canapé d'angle</a> jaune est la solution idéale ! Avec son design accrocheur et sa teinte éclatante, ce canapé apportera une touche d'originalité à votre espace de vie. Faites le choix de la qualité et de l'élégance en optant pour un canapé d'angle jaune. Vous ne serez pas déçu !"
41675;Les meilleurs canapés d'angle velours cotelé;https://meilleurtest.fr/comparatif-canape-dangle-velours-cotele/;Meubles;"Un canapé d’angle velours cotelé apporte un style cosy, chaleureux et confortable à votre maison. En plus d’être polyvalent, il peut aussi s’avérer convertible. Le choix du meuble est d’ailleurs crucial, car il déterminera votre nouveau style d’intérieur. Afin de vous éviter bien des déboires dans cette quête, nous vous avons préparé une liste des <a href=""https://meilleurtest.fr/comparatif-canape-dangle/"" target=""_blank"" rel=""noopener"">meilleurs canapés d’angle</a> velours cotelé."
41674;Les meilleurs canapés d'angle convertible;https://meilleurtest.fr/comparatif-canape-dangle-convertible/;Meubles;"Les canapés-lits d'angle ne servent pas exclusivement d’assise ou de <a href=""https://meilleurtest.fr/comparatif-canape-convertible-avec-coffre/"">couchage</a>. La plupart arborent des options très intéressantes, des matériaux de qualité, des designs surprenants, mais aussi la facilité de transformation. Le confort, lorsqu’on y dort, est remarquablement relaxant. Jouer de la couleur avec ce meuble est aussi un bon moyen de rendre votre pièce de séjour encore plus radieuse. Pour plus de fonctionnalités, pourquoi ne pas choisir l’un des canapés d’angle convertibles de notre sélection ?"
41673;Les meilleurs canapés d'angle fixes;https://meilleurtest.fr/comparatif-canape-dangle-fixe/;Meubles;"Il est très important de savoir gérer l’espace dans <a href=""//meilleurtest.fr/comparatif-alarme-maison-sans-abonnement/"">une maison</a>, surtout si cette dernière n’est pas assez grande pour accueillir vos différents meubles. Parce que tout intérieur non planifié créera sûrement beaucoup d'inconfort, il faut que vous optiez pour des meubles, comme les canapés d’angle fixes, qui sont capables d’harmoniser la décoration intérieure sans être encombrants. Comment choisir le bon ? Trouvez dans ce guide quelques critères importants à considérer."
41672;Les meilleurs canapés d'angle beige;https://meilleurtest.fr/comparatif-canape-dangle-beige/;Meubles;"<a href=""https://meilleurtest.fr/comparatif-canape-dangle/"">Un canapé d’angle</a> beige est un meuble très pratique qui prend moins de place qu’il ne devrait. Il offre également à votre intérieur une touche d’élégance et de légèreté. Sa couleur, elle, permet de mettre en valeur son entourage. Afin de vous aider à créer une déco unique, nous allons vous proposer la liste des meilleurs canapés d’angle beige disponibles."
41671;Les meilleurs canapés 8 places;https://meilleurtest.fr/comparatif-canape-8-places/;Meubles;"Faisant partie de la catégorie des canapés XXL, le canapé 8 places s’impose comme la pièce maitresse des grandes salles de séjour. Assise confortable et spacieuse, des convives plus proches pour nourrir les discussions, mobilier se transformant <a href=""https://meilleurtest.fr/comparatif-lit-appoint/"">en lit improvisé</a> ; les avantages ne manquent certainement pas. Quel canapé 8 places choisir ? Découvrons cette nouvelle star de la décoration d’intérieur dans cet article."
41668;Les meilleurs canapés d'angle gris;https://meilleurtest.fr/comparatif-canape-dangle-gris/;Meubles;"Envie d’égayer votre salon ? Intégrez à la déco des meubles en vogue comme le canapé d’angle. Et quoi de mieux qu’un canapé d'angle gris ? En plus d’embellir la pièce, cette couleur intemporelle va sublimer n’importe quel intérieur. Il pourra même faire office de canapé bord de mer pour plonger la pièce dans une ambiance au thème de l’océan, une fois complété avec une jolie <a href=""//meilleurtest.fr/comparatif-suspension-rotin/"">suspension en rotin</a> comme <a href=""//meilleurtest.fr/liste-luminaire/"">luminaire</a> et d’autres objets de déco en matière naturelle. Trouvez le canapé d’angle gris de vos rêves en consultant notre guide comparatif."
41665;Les meilleurs canapés contemporains;https://meilleurtest.fr/comparatif-canape-contemporain/;Meubles;"À la recherche d’un meuble confortable, ordonné et des plus chaleureux pour votre salon ? Les lignes épurées et le design esthétiquement propre du canapé contemporain répondent parfaitement à de telles exigences. Ce <a href=""https://meilleurtest.fr/comparatif-canape/"" target=""_blank"" rel=""noopener"">sofa</a> du temps présent est hautement fonctionnel notamment avec des modèles convertibles et est très élégant avec des couleurs neutres. Poursuivez la lecture de ce guide d’achat afin de sélectionner le canapé contemporain idéal pour votre décoration intérieure."
41663;Les meilleurs canapés convertibles velours côtelé;https://meilleurtest.fr/comparatif-canape-convertible-velours-cotele/;Meubles;"<a href=""https://meilleurtest.fr/comparatif-canape-2-places/?"">En quête d’un canapé confortable</a>, résistant, chaleureux et pratique ? N’en dites pas plus ! Le canapé convertible en velours côtelé est ce qu’il vous faut. En plus de constituer un meuble deux en un, il vous permettra d’économiser plus d’espace. Cependant, dénicher un modèle qui correspondra à vos besoins demeure assez compliqué. Par conséquent, découvrons ensemble les meilleurs <a class=""wpil_keyword_link"" href=""https://meilleurtest.fr/liste-canapes-convertibles-confortables/""   title=""canapés convertibles"" data-wpil-keyword-link=""linked"">canapés convertibles</a> velours côtelé."
41662;Les meilleurs canapés bord de mer;https://meilleurtest.fr/comparatif-canape-bord-de-mer/;Meubles;"Faisant partie des <a href=""//meilleurtest.fr/comparatif-magasin-de-meuble-ligne/"">meubles</a> les plus tendance du moment, le canapé bord de mer est le must have à installer dans son foyer pour y apporter davantage de confort et de bien-être. En plus d’apporter plus de convivialité chez soi, cette pièce atypique permet aussi de créer une superbe déco de bord de mer propice à la détente et à l’évasion. Les marques d’ameublement qui proposent des canapés bord de mer étant légion, fiez-vous à notre sélection pour mieux choisir."
41661;Les meilleurs canapés convertibles avec coffre;https://meilleurtest.fr/comparatif-canape-convertible-avec-coffre/;Meubles;"Si vous êtes à la recherche d'un <a href=""https://meilleurtest.fr/comment-choisir-canape-dangle/?wordpress_logged_in=true"">canapé confortable</a> et pratique, le canapé convertible avec coffre est une excellente option. Avec son design élégant et sa fonctionnalité de rangement intégrée, ce canapé est parfait pour les petits espaces tout en offrant un confort optimal pour vos soirées détente. Découvrez notre guide d'achat pour en savoir plus sur les différents modèles disponibles sur le marché."
41660;Les meilleurs canapés convertibles beiges;https://meilleurtest.fr/comparatif-canape-convertible-beige/;Meubles;"Vous vivez dans un petit appartement ou un studio et avez du mal à apporter plus de lumière pour créer une ambiance chaleureuse et accueillante ? Misez sur un <a href=""https://meilleurtest.fr/comparatif-canape-convertible/"">canapé convertible</a> beige. L’atout des espaces restreints, ce mobilier allie l’utile et l’agréable en se transformant en lit en un simple geste. Droit ou d’angle ? Trouvez votre bonheur en lisant notre comparatif dans son intégralité."
41659;Les meilleurs buffets bas;https://meilleurtest.fr/comparatif-buffet-bas/;Meubles;"Meuble de rangement indispensable pour la maison, le <a href=""https://meilleurtest.fr/comparatif-buffet-de-cuisine/"" target=""_blank"" rel=""noopener"">buffet</a> bas est un must dans 99% des foyers français. Pouvant disposer de portes coulissantes ou encore de tiroirs, choisir entre les différents modèles disponibles peut s’avérer difficile. C’est pourquoi, à travers ce comparatif détaillé, nous avons sélectionné les meilleurs produits actuels qui vous plairont sûrement, afin de vous aider dans vos recherches."
41658;Les meilleurs bureaux connectés;https://meilleurtest.fr/comparatif-bureau-connecte/;Meubles;"Qu’on travaille chez soi ou au sein d’une entreprise, un bon cadre s’impose pour une bonne productivité et une motivation sans faille. Ne faites plus partie des 80% des travailleurs qui n’aiment pas leur <a href=""https://meilleurtest.fr/comparatif-bureau-pour-teletravail/"" target=""_blank"" rel=""noopener"">espace de travail</a>. Troquez le vôtre contre un bureau connecté qui prend soin de vous et de vos appareils mobiles grâce à des fonctionnalités avancées, ce, sans sacrifier le design."
41657;Les meilleurs canapés bleu canard;https://meilleurtest.fr/comparatif-canape-bleu-canard/;Meubles;"En plus d’être une couleur intemporelle, <a href=""#section-titre-tableau-comparatif"">le bleu canard</a> se marie parfaitement aux teintes les plus courantes. De plus, au soleil, il renvoie une merveilleuse nuance de bleu qui redonne vie à votre intérieur. Ainsi, y a-t-il un moyen plus adéquat pour s’en servir que sur un canapé ? Découvrons ensemble une sélection des meilleurs canapés bleu canard dans ce guide."
41656;Les meilleurs canapés anthracite;https://meilleurtest.fr/comparatif-canape-anthracite/;Meubles;"Vous êtes à la recherche d'un canapé anthracite pour compléter votre décor intérieur ? Vous avez bien raison : cette couleur sobre et élégante s'adapte à toutes les décorations, et apporte une touche distinguée et soignée à votre salon. Mais comment choisir le bon meilleur canapé anthracite ? Dans ce guide, nous vous aiderons à trouver le canapé anthracite qui répondra le mieux à vos besoins en termes de style, de confort et de <a href=""https://meilleurtest.fr/comparatif-canape-rapport-qualite-prix/"">rapport qualité/prix</a>."
41655;Les meilleurs canapés 3 places convertibles;https://meilleurtest.fr/comparatif-canape-3-places-convertible/;Meubles;"Assise confortable le jour et couchage la nuit, le canapé 3 places convertible s'intègre parfaitement dans les petits espaces, tout en gardant son élégance. Scandinave, <a href=""https://meilleurtest.fr/comparatif-canape-dangle"">canapé d’angle</a> ou gigogne, de nombreux modèles sont disponibles sur le marché. Dans ce guide, nous vous présentons les meilleurs canapés 3 places convertibles qui orneront merveilleusement bien votre intérieur."
41654;Les meilleurs canapés convertibles scandinaves;https://meilleurtest.fr/comparatif-canape-convertible-scandinave/;Meubles;"Vous cherchez un nouveau canapé et celui-ci doit être convertible et élégant en même temps ? Avez-vous déjà pensé aux modèles scandinaves ? Chaleureux, pratiques et d'une esthétique rare, cette catégorie de canapés suscite un engouement sans précédent depuis quelques années déjà. De plus, le marché vous offre une pléthore de possibilités. L'idée vous séduit, mais plus d'informations ne seraient pas de trop pour trouver le modèle idéal ? Notre guide consacré aux meilleurs <a href=""https://meilleurtest.fr/les-meilleures-marques-de-canape-convertible/"" target=""_blank"" rel=""noopener"">canapés convertibles</a> scandinaves du moment devrait vous plaire."
41653;Les meilleurs canapés convertibles avec matelas;https://meilleurtest.fr/comparatif-canape-convertible-avec-matelas/;Meubles;"Les meilleurs canapés convertibles avec matelas peuvent ressembler à des <a href=""https://meilleurtest.fr/comparatif-canape-en-bois/"">canapés ordinaires</a> le jour, mais ces métamorphes se transforment facilement en lits confortables la nuit. Polyvalents, confortables et souvent très esthétiques aussi, les canapés convertibles avec matelas sont de véritables incontournables pour la plupart des propriétaires qui manquent d'espace, mais qui aiment accueillir des invités pour la nuit. Si vous aussi vous cherchez un bon canapé convertible avec matelas, lisez ce guide, nous vous y proposons une sélection des meilleurs modèles du moment."
41652;Les meilleurs canapés 2 places;https://meilleurtest.fr/comparatif-canape-2-places/;Meubles;"Le canapé deux places offre le même niveau de confort que les autres modèles de canapé sans être encombrant. Grâce à ses dimensions restreintes, ce dernier favorise effectivement une meilleure circulation dans la pièce. Ce dernier se décline en plusieurs modèles, certains présentant une structure fixe alors que d’autres sont <a href=""https://meilleurtest.fr/comparatif-canape-convertible/"">convertibles</a>. Si vous avez pour projet d’acheter un canapé à deux places, fiez-vous à notre guide d’achat pour trouver un modèle de qualité."
41650;Les meilleures armoires à portes coulissantes;https://meilleurtest.fr/comparatif-armoire-a-portes-coulissantes/;Meubles;
41648;Les meilleurs canapés 7 places;https://meilleurtest.fr/comparatif-canape-7-places/;Meubles;"Un canapé 7 places est un meuble qui permet à plusieurs personnes de s’assoir côte à côte. En plus de créer une atmosphère conviviale, vous offrirez un nouveau style à votre intérieur. Faites toutefois attention, car un même modèle peut ne pas convenir à tous les salons. Nous allons par conséquent vous proposer les meilleurs <a href=""https://meilleurtest.fr/comparatif-canape-rapport-qualite-prix/"">canapés</a> 7 places du marché."
41645;Les meilleurs canapés 4 places;https://meilleurtest.fr/comparatif-canape-4-places/;Meubles;"La pièce maîtresse de la maison doit offrir un cadre confortable et chaleureux. Elle comporte essentiellement des <a href=""https://meilleurtest.fr/comparatif-canape/"">canapés</a> pour accueillir les invités et d’autres meubles à titre décoratif. Justement si vous devez aménager une salle de séjour large, vous ne pouvez pas vous passer du canapé 4 places. Convertible ou classique, droit ou d’angle, les modèles fusent. Pour ne pas vous perdre dans une offre pléthorique, affinez votre choix en suivant notre guide d’achat."
41644;Les meilleurs canapés 6 places;https://meilleurtest.fr/comparatif-canape-6-places/;Meubles;"Le canapé est l'un des investissements les plus importants que vous êtes susceptible de faire pour votre maison. Dans le salon, c'est un meuble pour se prélasser, lire, manger, se divertir, regarder la télévision et même faire la sieste. Il est donc logique que vous preniez le temps d'investir dans une pièce qui durera des années. Que ce soit les dimensions, le style, le choix du cadre ou du revêtement, trouvez dans ce guide les points que vous devriez considérer comme essentiels avant d'acheter votre nouveau <a href=""https://meilleurtest.fr/comparatif-canape/"" target=""_blank"" rel=""noopener"">canapé</a> 6 places."
41643;Les meilleurs canapés 2 places scandinaves;https://meilleurtest.fr/comparatif-canape-2-places-scandinave/;Meubles;"Pour un salon exigu ou des pièces de petite taille, trouver le <a href=""https://meilleurtest.fr/comparatif-canape/"">meilleur canapé</a> n’est pas toujours une mission sans risque. Avec les canapés scandinaves 2 places, ce problème est vite résolu et vous avez en plus un large choix à faire entre les pléthores de modèles qui existent sur le marché. Dans ce guide d’achat dédié, retrouvez les canapés scandinaves 2 places les plus prisés du moment."
41641;Les meilleurs canapés 3 places;https://meilleurtest.fr/comparatif-canape-3-places/;Meubles;"Tout le monde aime avoir <a href=""https://meilleurtest.fr/comparatif-canape/"">un bon canapé</a>. C’est la pièce maîtresse du salon. Maintenant que vous avez fait le plus dur et opté pour un canapé 3 places plutôt qu’un <a href=""https://meilleurtest.fr/comparatif-canape-2-places/"">canapé 2 places</a> ou <a href=""https://meilleurtest.fr/comparatif-canape-4-places"">4 places</a>, il va falloir trouver le bon modèle. Que vous souhaitiez avoir un canapé élégant et contemporain ou un modèle classique et traditionnel, voici une sélection des meilleurs canapés 3 places disponibles actuellement sur le marché."
41638;Les meilleurs bureaux pour enfant;https://meilleurtest.fr/comparatif-bureau-pour-enfant/;Meubles;"Le bureau n’est pas uniquement destiné aux adultes, il s’agit également d’un espace d’apprentissage pour les enfants. Ce dernier lui permet effectivement d’élargir ses compétences, de bénéficier de plus d’autonomie et de donner libre cours à son imagination. Toutefois, le <a href=""https://meilleurtest.fr/comparatif-bureau-pour-teletravail/"" target=""_blank"" rel=""noopener"">bureau standard</a> n’est pas adapté à sa taille, c’est pourquoi il est conseillé d’acheter un bureau pour enfant. Le concept vous tente ? Choisissez un modèle parmi notre sélection des meilleurs bureaux pour enfant du moment."
41636;Les meilleurs caissons de bureau;https://meilleurtest.fr/comparatif-caisson-de-bureau/;Meubles;"Vous en avez assez de voir vos paperasses éparpiller au-dessus <a href=""https://meilleurtest.fr/comparatif-bureau/"">de votre table de travai</a>l ? Procurez-vous un caisson de bureau. Il servira à stocker convenablement vos documents pour que vous puissiez les retrouver au moment opportun. Il doit être chic ainsi que spacieux afin d’éviter que les dossiers ne se froissent davantage. Pour une belle harmonie dans votre bureau, jetez un petit coup d’œil à notre classement."
41632;Les meilleurs bureaux en chêne massif;https://meilleurtest.fr/comparatif-bureau-en-chene-massif/;Meubles;"Si vous souhaitez rafraîchir la décoration de votre espace de travail, remplacer votre <a href=""https://meilleurtest.fr/comparatif-bureau-pour-teletravail/"" target=""_blank"" rel=""noopener"">bureau pour le télétravail</a> par un bureau en chêne massif est certainement une alternative crédible. Ces meubles sont durables, résistants à l’épreuve du temps et très polyvalents. Ce guide des meilleurs bureaux en chêne massif vous aidera à trouver le modèle qui vous convient le mieux."
41631;Les meilleurs bureaux modulables;https://meilleurtest.fr/comparatif-bureau-modulable/;Meubles;"Faisant partie des meubles les plus atypiques et tendance du moment avec l’arrivée des <a href=""//meilleurtest.fr/comparatif-bureau-assis-debout/"">bureaux assis-debout</a>, les <a href=""//meilleurtest.fr/comparatif-bureau-informatique/"">bureaux informatiques</a> et les <a href=""//meilleurtest.fr/comparatif-bureau-pour-teletravail/"">bureaux pour télétravail</a>, les bureaux modulables apportent un rendu à la fois moderne et raffiné pour inventer et réinventer les espaces de travail au gré du temps et des saisons. Si vous tenez à acquérir ce genre de meuble, lisez ce guide d’achat."
41630;Les meilleurs bureaux scandinaves;https://meilleurtest.fr/comparatif-bureau-scandinave/;Meubles;"Suivez la tendance et adoptez un meuble qui sait se fondre parfaitement dans n’importe quel décor : le <a href=""https://meilleurtest.fr/comparatif-bureau-informatique/"">bureau</a> scandinave. Ce mobilier au look singulier accumule les points positifs pour ne citer que sa simplicité, son aspect minimaliste, ses lignes épurées et ses couleurs claires. Vous avez du mal à faire le bon choix ? Trouvez votre bonheur en lisant notre comparatif des meilleurs bureaux scandinaves dans son intégralité."
41627;Les meilleures bibliothèques en bois;https://meilleurtest.fr/comparatif-bibliotheque-en-bois/;Meubles;"Saviez-vous pourquoi 80 % des Français préfèrent aujourd’hui la bibliothèque en bois à une <a href=""https://meilleurtest.fr/comparatif-etagere-balancoire/"" target=""_blank"" rel=""noopener"">simple étagère de rangement</a> ? Aussi esthétique que pratique pour l’agencement des livres et des autres objets décoratifs, elle s’intègre facilement dans toutes les pièces de la maison, allant de la salle de séjour à la chambre à coucher. Modulable ou murale, laquelle vous convient ? Trouvez la réponse dans notre guide des meilleures <a href=""https://meilleurtest.fr/comparatif-bibliotheque/"" target=""_blank"" rel=""noopener"">bibliothèques</a> en bois pour cette année."
41626;Les meilleurs bureaux;https://meilleurtest.fr/comparatif-bureau/;Meubles;"Pour travailler, jouer, étudier ou encore regarder un film, un <a href=""https://meilleurtest.fr/comparatif-bureau-pour-teletravail/"">bureau</a> est un meuble polyvalent indispensable dans toutes les chambres. En plus d’un confort inégalable, vous gagnerez en rendement. Vous devrez toutefois prendre en compte trop de paramètres pour que le choix soit simple. Nous allons donc vous guider en vous proposant la liste des meilleurs bureaux du marché."
41625;Les meilleurs bureaux avec tiroirs;https://meilleurtest.fr/comparatif-bureau-avec-tiroir/;Meubles;"Pour pouvoir travailler avec le plus grand confort possible, il est important d’avoir un espace de travail bien spacieux et des <a href=""https://meilleurtest.fr/comparatif-boite-de-rangement/"">rangements pratiques</a>. Grâce à un bureau avec tiroir, vous disposez à la fois d’un grand plateau de travail et des espaces de rangement supplémentaires pour vos dossiers et documents en tout genre. Dans ce guide d’achat dédié, nous vous présentons quelques-uns des meilleurs bureaux avec tiroir du marché."
41624;Les meilleurs buffets industriels;https://meilleurtest.fr/comparatif-buffet-industriel/;Meubles;"Les buffets industriels n’ont pas perdu leurs charmes malgré les différents buffets contemporains et <a href=""https://meilleurtest.fr/liste-buffet-scandinave/"">buffets scandinaves</a> qui séduisent plus d’un aujourd’hui. Si vous aussi, vous êtes fan de la simplicité et l’unicité du buffet industriel, vous êtes au bon endroit. Dans ce guide, nous vous présenterons les différents types de buffets de style industriel disponibles sur le marché, ainsi que les critères importants à prendre en compte lors de l’achat de celui-ci."
41623;Les meilleurs bureaux muraux rabattables;https://meilleurtest.fr/comparatif-bureau-mural-rabattable/;Meubles;"À la recherche d’une solution d’aménagement abordable et compacte pour pouvoir travailler dans un espace plutôt restreint ? Pourquoi ne pas opter pour un bureau mural rabattable ? Grâce à un mécanisme de pliage et d’un système de rangement flexible, un <a href=""https://meilleurtest.fr/comparatif-bureau/"">bureau</a> suspendu escamotable est un must pour les amateurs de minimalisme. Parcourez notre guide d’achat et notre sélection des meilleurs bureaux muraux rabattables du moment."
41622;Les meilleurs buffets 140 cm;https://meilleurtest.fr/comparatif-buffet-140-cm/;Meubles;"Le buffet 140 cm est pratique car on a un juste milieu côté dimensions. Adapté à tous types de pièces, ce meuble offre un bon espace de rangement car il comporte des tiroirs et des portes de bonnes dimensions. Vous pourrez y stocker vaisselles, linges de table, tire-bouchon et même y entreposer vos factures. Pour vous aider à trouver <a href=""https://meilleurtest.fr/comparatif-magasin-de-meuble-ligne/"">le bon meuble</a>, voici notre guide qui comprend une sélection des meilleurs buffets 140 cm du moment."
41621;Les meilleurs bureaux blancs laqués;https://meilleurtest.fr/comparatif-bureau-blanc-laque/;Meubles;"Le blanc est une couleur qui apaise et apporte une ambiance propice au feng shui. Ainsi, quoi de mieux que d’installer des meubles blancs dans sa maison ou au bureau pour rester zen tout au long de la journée ! Tout aussi apaisant que de taper dans un <a href=""//meilleurtest.fr/comparatif-punching-ball/"">punching-ball</a>, un bureau blanc laqué va rehausser la déco de votre intérieur et y apporter une touche d’élégance et de modernité. Vous peinez à choisir ? Lisez ce guide d’achat."
41620;Les meilleurs bureaux d'angle;https://meilleurtest.fr/comparatif-bureau-dangle/;Meubles;"Parmi une énorme variété de <a href=""https://meilleurtest.fr/comparatif-bureau-informatique"">bureaux</a> sur le marché, le bureau d’angle se distingue par une conception minimaliste, souvent en forme de L, favorable aux petites surfaces. Néanmoins, ce meuble accessible et fonctionnel trouve sa place dans toutes les pièces et suggère des compartiments pratiques pour le rangement. Si l’envie d’acheter un bureau d’angle vous anime, vous êtes à la bonne adresse : notre guide d’achat vous renseigne amplement."
41619;Les meilleurs buffets blancs;https://meilleurtest.fr/comparatif-buffet-blanc/;Meubles;"Pièce maîtresse d’une décoration moderne, <a href=""https://meilleurtest.fr/liste-buffet-scandinave/"" target=""_blank"" rel=""noopener"">le buffet</a> blanc s’impose dans toutes les maisons. Il se décline sous plusieurs styles et convient alors à tous les goûts. Que vous le préférez avec portes, ouvert ou à éclairage LED, nous vous aidons à mieux cerner ce meuble pour tirer profit de son aspect fonctionnel et décoratif."
41618;Les meilleurs bureaux blancs et bois;https://meilleurtest.fr/comparatif-bureau-blanc-et-bois/;Meubles;"Avoir un nouveau bureau vous ferait le plus grand bien ? Ce sera encore mieux avec un modèle élégant et parfaitement fonctionnel. Heureusement, le marché actuel propose une offre très riche en la matière. Mais cette richesse peut aussi vous compliquer la vie pendant vos recherches. C’est pour cela que nous avons conçu un guide spécial consacré aux meilleurs <a href=""https://meilleurtest.fr/comparatif-chaise-de-bureau/"">bureaux</a> blancs et bois disponibles en ce moment."
41617;Les meilleurs bureaux avec rangement;https://meilleurtest.fr/comparatif-bureau-avec-rangement/;Meubles;"Si vous cherchez à améliorer l'organisation de votre bureau, l'achat d'un mobilier de rangement peut être la solution idéale. En effet, un <a href=""https://meilleurtest.fr/comparatif-chaise-de-bureau-sur-amazon/?wordpress_logged_in=true"">bureau</a> bien organisé peut vous permettre de travailler plus efficacement, en évitant l'accumulation de dossiers et d'objets encombrants. Découvrez dans ce guide d'achat les différents types de bureaux avec rangement disponibles sur le marché, ainsi que les critères à prendre en compte pour faire un choix adapté à vos besoins."
41616;Les meilleurs bureaux blancs;https://meilleurtest.fr/comparatif-bureau-blanc/;Meubles;"Envie de donner un aspect à la fois chic et professionnel à votre espace de travail ? Un bureau blanc constitue un excellent choix esthétique. En plus de se marier à un grand nombre de couleurs, un <a href=""https://meilleurtest.fr/comparatif-bureau-informatique/"">bureau</a> de teinte blanche apporte une sensation de calme dans votre milieu de travail. Inspirez-vous de notre sélection des meilleurs bureaux blancs pour réduire votre niveau de stress et booster votre productivité."
41613;Les meilleurs buffets bois;https://meilleurtest.fr/comparatif-buffet-bois/;Meubles;"Faisant partie des éléments incontournables pour ajouter du rangement dans la cuisine ou la salle à manger, le <a href=""//meilleurtest.fr/liste-buffet-scandinave/"">buffet</a> apporte élégance et praticité dans la pièce. Quoi de mieux qu’un modèle en bois pour sublimer n’importe quel style de déco ? Haut ou bas, le buffet se plie à toutes vos envies de déco aux côtés de vos meubles de cuisine et autres mobiliers. Lisez ce guide d’achat pour trouver le modèle qu’il vous faut."
41612;Les meilleurs buffets de cuisine;https://meilleurtest.fr/comparatif-buffet-de-cuisine/;Meubles;"Un buffet de cuisine est un meuble qui intègre des compartiments de rangement et une table. C’est un équipement polyvalent parfait pour économiser de l’espace. Actuellement, le marché en propose <a href=""https://meilleurtest.fr/comparatif-buffet-a-portes-coulissantes/"">une grande variété de types et de styles</a>. Par conséquent, afin de vous aider à trouver le meuble adéquat, nous allons vous fournir la liste des meilleurs buffets de cuisine."
41611;Les meilleurs buffets design;https://meilleurtest.fr/comparatif-buffet-design/;Meubles;"Le <a href=""https://meilleurtest.fr/liste-buffet-scandinave/"" target=""_blank"" rel=""noopener"">buffet</a> design a de plus en plus la côte. Simple, mais élégant, il permet d’apporter plus de modernité dans n’importe quel style de décoration. Et au-delà de son aspect esthétique, il constitue également LE meuble de rangement par excellence. Vous cherchez justement un buffet design pour embellir votre intérieur ? Dans ce cas, laissez-vous tenter par l’un des modèles de notre comparatif."
41610;Les meilleurs buffets à portes coulissantes;https://meilleurtest.fr/comparatif-buffet-a-portes-coulissantes/;Meubles;"Les buffets à portes coulissantes sont un excellent moyen d'ajouter de l'espace de rangement et de style à votre maison. Ils offrent un espace de rangement discret et pratique pour vos différents accessoires de maison. Cependant, avec tant de choix disponibles sur le marché, allant des <a href=""https://meilleurtest.fr/liste-buffet-scandinave/"">buffets scandinaves</a> aux buffets traditionnels, il peut être difficile de trouver le buffet à portes coulissantes idéal pour votre maison. C'est pourquoi nous avons créé ce guide d'achat."
41609;Les meilleurs buffets blancs laqués;https://meilleurtest.fr/comparatif-buffet-blanc-laque/;Meubles;"Le buffet laqué blanc est un élément de décoration intemporel et élégant pour votre maison. Avec son design minimaliste et sa finition brillante, il peut s'intégrer facilement dans n'importe quel intérieur. Si vous êtes à la recherche d'un <a href=""https://meilleurtest.fr/comparatif-banc-de-rangement-a-chaussures/?wordpress_logged_in=true"">meuble de rangement</a> pratique et esthétique, le buffet laqué blanc est un excellent choix. Dans ce guide d'achat, nous vous présenterons les différents aspects à prendre en compte lors de l'achat d'un buffet laqué blanc, afin que vous puissiez faire le meilleur choix pour votre maison."
41608;Les meilleurs buffets blancs et bois;https://meilleurtest.fr/comparatif-buffet-blanc-et-bois/;Meubles;"Le <a href=""https://meilleurtest.fr/liste-buffet-scandinave/"">buffet</a> blanc et bois reste la star de la maison moderne. Grâce à ses tons sobres, il s’invite aussi bien dans un salon que dans une cuisine ou une chambre à coucher. Toujours pratique, le meuble se veut désormais plus esthétique en perdant son côté massif d’antan. Bas ou haut ? Scandinave ou plutôt industriel ? Voici ce qui se fait de mieux en matière de buffets blancs et bois."
41607;Les meilleures armoires de jardin;https://meilleurtest.fr/comparatif-armoire-de-jardin/;Meubles;"À la recherche d’un rangement astucieux pour votre extérieur ? N’hésitez pas à tourner votre choix vers une armoire de jardin. On peut y ranger tous les outillages et matériels afin de les protéger et éviter qu’ils s’éparpillent partout. L’<a href=""https://meilleurtest.fr/comparatif-abri-de-jardin/"" target=""_blank"" rel=""noopener"">abri de jardin</a> ou l'armoire de jardin est un meuble pratique pour organiser l’extérieur, mais il faut aussi savoir choisir celui qui correspond à cela. Nous vous invitons donc à voir les meilleures offres d'armoires de jardin scrupuleusement choisies avec un guide complet."
41603;Les meilleurs bouts de lit;https://meilleurtest.fr/comparatif-bout-de-lit/;Meubles;"Votre lit n’est pas assez grand ? Votre partenaire monopolise toute la surface de couchage ? Offrez-vous un bout de lit et remédiez au problème. Aussi esthétique que fonctionnel, ce meuble multiusage vous offrira une surface de couchage en plus pour vous prélasser ainsi qu'un espace de rangement pour accueillir certaines affaires. Au même titre que les <a href=""//meilleurtest.fr/comparatif-pouf-coffre/"">poufs coffres</a>, les <a href=""//meilleurtest.fr/comparatif-banc-coffre/"">bancs coffres</a> et les<a href=""//meilleurtest.fr/comparatif-malle-de-rangement/""> malles de rangement</a>, le bout de lit est un must have qui gardera votre chambre à coucher organisée et bien rangée. Les détails dans cet article."
41597;Les meilleurs bouts de canapé;https://meilleurtest.fr/comparatif-bout-de-canape/;Meubles;"Ce n'est pas à tort si le bout de <a href=""https://meilleurtest.fr/comparatif-canape/"">canapé</a> est considéré comme LA table d’appoint par excellence. Compact, pratique et d’un design élégant, il n’a aucun mal à trouver une place de choix dans n’importe quelle pièce de la maison. En bois ou en métal ? Rond, carré ou hexagonal ? Laissez-vous séduire par notre sélection des meilleurs bouts de canapé du moment."
41593;Les meilleurs bancs d'entrées industriels;https://meilleurtest.fr/comparatif-banc-dentree-industriel/;Meubles;"Le banc d’entrée industriel est un meuble supplémentaire et un <a href=""https://meilleurtest.fr/comparatif-banc-a-chaussures/"">accessoire</a> aussi utile qu’esthétique pour la maison. Très pratique, il permet de créer votre propre style industriel de décoration tout en vous procurant un nouvel espace de rangement qui n’encombre pas. Pour vous aider à choisir le vôtre, découvrez dans cet article les meilleurs bancs d’entrée industriels suivis d’un guide d’achat qui vous aidera à faire votre choix entre les différents types de ce meuble actuellement très tendance et très prisé."
41590;Les meilleurs bancs à chaussures;https://meilleurtest.fr/comparatif-banc-a-chaussures/;Meubles;"Pouvoir vous asseoir lorsque vous enfilez ou retirez vos chaussures, qui n'en rêve pas ? Et pour répondre à ce besoin, que diriez-vous d'acheter un banc à chaussures ? En effet, en plus de servir d’espace de <a href=""https://meilleurtest.fr/comparatif-rangement-a-chaussures/"">rangement pour les chaussures en tous genres</a>, ce mobilier permettra de vous asseoir confortablement et prendre votre temps pour mettre vos chaussures ou défaire vos lacets. Afin de vous aider à trouver le bon modèle, voici notre guide complet des meilleurs bancs à chaussures pour cette année."
41589;Les meilleures bibliothèques d'angle;https://meilleurtest.fr/comparatif-bibliotheque-dangle/;Meubles;"Que sa collection soit riche ou modeste, avoir une <a href=""https://meilleurtest.fr/comparatif-bibliotheque/"">belle bibliothèque</a> pour ranger ses livres est le plus grand rêve d’un amoureux de la lecture. Les bibliothèques linéaires n’ont pas toujours leur place dans toutes les maisons notamment quand les pièces sont exigües. Dès lors, la bibliothèque d’angle s’impose d’elle-même. Difficile d’en trouver sur la toile, alors, nous avons fait une sélection des meilleurs modèles pour vous."
41583;Les meilleures bibliothèques en métal;https://meilleurtest.fr/comparatif-bibliotheque-en-metal/;Meubles;"Une <a href=""https://meilleurtest.fr/comparatif-bibliotheque/"">bibliothèque</a> en métal est un meuble généralement sans fermeture qui sert à ranger les objets tout en assurant un accès rapide à ces derniers. Elle s’avère plus robuste et plus facile à démonter en cas de besoin. Parmi la large gamme de produits disponibles sur le marché, nous allons vous proposer les meilleures bibliothèques en métal actuellement en vogue."
41574;Les meilleures bibliothèques basses;https://meilleurtest.fr/comparatif-bibliotheque-basse/;Meubles;"Malgré <a href=""https://meilleurtest.fr/comparatif-liseuse/"">la présence des liseuses</a>, beaucoup sont encore intéressés par l’acquisition d’une bibliothèque chez soi. En effet, ce meuble détient également un rôle capital dans la décoration de l’intérieur. Si vous préférez les styles minimalistes, une bibliothèque basse fait l’affaire : celle-ci trouvera facilement sa place quelle que soit la pièce dédiée. Justement, notre guide d’achat vous en dit plus sur la bibliothèque basse : qui sait, vous serez peut-être même tenté d’en acheter une."
41571;Les meilleures banquettes convertibles;https://meilleurtest.fr/comparatif-banquette-convertible/;Meubles;"Les banquettes convertibles sont une <a href=""https://meilleurtest.fr/les-meilleures-marques-de-canape-convertible"">excellente solution de couchage</a> pour les petites pièces et pour les budgets limités. Elles offrent une solution polyvalente et pratique pour un confort optimal et une économie d'espace. Si vous recherchez une banquette convertible abordable et durable, vous êtes certain de trouver le modèle parfait pour votre intérieur. Dans ce guide, nous avons regroupé les informations utiles pour le choix de la meilleure banquette convertible."
41563;Les meilleurs tabourets de bar en rotin;https://meilleurtest.fr/comparatif-tabouret-de-bar-en-rotin/;Meubles;"Le <a href=""https://meilleurtest.fr/comparatif-tabouret-de-bar/"">tabouret de bar</a> fait partie des meubles pratiques et appropriés aux <a href=""https://meilleurtest.fr/comparatif-table-haute/?wordpress_logged_in=true"">tables hautes</a>, terrasses extérieures et <a href=""https://meilleurtest.fr/comparatif-comptoir-de-cuisine/"">comptoirs</a>. Pour avoir un design plus esthétique, il est préconisé de choisir ceux en rotin. De plus, il s’agit d’un matériau solide qui résiste aux rigueurs de l’utilisation quotidienne. Trouvez dans ce guide tous les éléments essentiels à savoir pour dénicher les meilleurs tabourets de bar en rotin."
41560;Les meilleurs bancs de jardin;https://meilleurtest.fr/comparatif-banc-de-jardin/;Meubles;"Quand les beaux jours arrivent, profiter de son espace extérieur et du soleil peut aider à se ressourcer. Mais difficile de le faire sans les <a href=""https://meilleurtest.fr/comparatif-salon-de-jardin-pas-cher"">mobiliers</a> adéquats. Pourquoi pas un banc de jardin ? En bois, métal ou PVC de nombreux modèles sont disponibles sur le marché. Afin de vous aider à mieux choisir, nous avons réuni les meilleurs bancs de jardin du moment dans ce guide."
41558;Les meilleures armoires de toilettes;https://meilleurtest.fr/comparatif-armoire-de-toilette/;Meubles;Au même titre que le meuble sous vasque, l'armoire de toilette est incontournable dans une salle de bain moderne. Bien plus qu’un mobilier de rangement, elle contribue à la décoration et l’harmonie de la salle de bain. Mais pour en profiter, il faut trouver l'armoire de toilette adaptée à vos besoins. Cela tombe bien, voici notre guide des meilleurs modèles du moment.
41554;Les meilleures armoires bébé;https://meilleurtest.fr/comparatif-armoire-bebe/;Meubles;"Sans une armoire, la chambre de bébé va devenir un véritable capharnaüm où vous aurez du mal à vous trouver. Ce mobilier essentiel pour la décoration doit répondre à vos besoins de rangement et d’organisation. Qu’elle soit choisie comme mobilier principal ou comme complément d’une commode ou d’un chiffonnier, l’<a href=""https://meilleurtest.fr/comparatif-armoire-enfant/"">armoire</a> bébé doit se montrer fonctionnelle et esthétique. Quel modèle privilégier parmi les dizaines disponibles sur le marché ? On vous explique tout dans ce comparatif."
41552;Les meilleurs bancs;https://meilleurtest.fr/comparatif-banc/;Meubles;"Encore plus tendance qu’autrefois, le banc est revenu au goût du jour et s’invite dans presque tous les foyers. Tout aussi esthétique que fonctionnel, il arbore un design qui lui permet de servir d’objet de déco, à part entière, <a href=""https://meilleurtest.fr/comparatif-magasin-de-meuble-ligne/"">de meuble</a> pour la détente ou de malle de rangement (banc coffre). Trouvez le modèle à installer à l’intérieur ou à l’extérieur de votre maison via ce guide d’achat."
41550;Les meilleurs bancs de rangement à chaussures;https://meilleurtest.fr/comparatif-banc-de-rangement-a-chaussures/;Meubles;"Vous souhaitez que vos <a href=""https://meilleurtest.fr/comparatif-chaussures-de-ville-pour-homme/"">chaussures</a> du quotidien soient toujours à portée de main ? Afin de gagner de la place tout en égayant votre intérieur, misez sur un banc de rangement à chaussures. Le marché actuel regorge pourtant de modèles différents, tant en termes de designs que de dimensions, qu’il est difficile de faire le bon choix. Pour vous aider, référez-vous à notre comparatif des meilleurs bancs de rangement à chaussures."
41548;Les meilleurs bancs de salle de bain;https://meilleurtest.fr/comparatif-banc-de-salle-de-bain/;Meubles;"Si vous êtes à la recherche d’un <a href=""https://meilleurtest.fr/comparatif-meuble-de-salle-de-bain/"">meuble pour salle de bain</a> qui vous permettrait de vous asseoir pour appliquer de la lotion sur vos jambes, pour vous raser, ou encore pour vous vernir les ongles, pourquoi ne pas choisir le banc de salle de bain ? Il s’agit d’un meuble polyvalent, à la fois utile pour déposer les effets de douche, vous soutenir durant la douche et servir comme mobilier d'assise pour vous poser et prendre le temps de réfléchir. Lisez notre guide pour en savoir plus sur les meilleurs bancs de salle de bain."
41547;Les meilleures armoires industrielles;https://meilleurtest.fr/comparatif-armoire-industrielle/;Meubles;"Une <a href=""https://meilleurtest.fr/comparatif-armoire/"">armoire</a> industrielle est un outil de rangement sécurisé, au design professionnel destiné à stocker des dossiers ou des équipements. Plus pratique et plus robuste, elle se décline désormais sous plusieurs formes, rendant ainsi le choix plus ardu. Voilà pourquoi nous allons vous aider à trouver le meuble qui vous siéra via la liste des meilleures armoires industrielles du marché."
41546;Les meilleures armoires de salle de bain;https://meilleurtest.fr/comparatif-armoire-de-salle-de-bain/;Meubles;"Parmi les <a href=""https://meilleurtest.fr/comparatif-meuble-de-salle-de-bain/"">meubles de salle de bain</a>, l’armoire est essentielle puisqu’elle assure deux rôles. Elle est aussi pratique qu’esthétique avec ou sans miroir. À part cet accessoire qui s’avère être un véritable atout, d’autres équipements peuvent accompagner ce meuble, notamment un éclairage ou encore une prise électrique. Grâce à ce guide d’achat, vous découvrirez toutes les déclinaisons et gammes de prix possibles."
41539;Les meilleures armoires enfant;https://meilleurtest.fr/comparatif-armoire-enfant/;Meubles;"Votre bébé grandit si vite et il a plus de vêtements qu’avant ? Ne paniquez pas ! Il est peut-être temps de troquer son éternelle commode par un meuble plus grand : une <a href=""https://meilleurtest.fr/comparatif-armoire/"">armoire</a> enfant. Sa capacité d’accueil étant plus important, il peut accueillir autant les pantalons que les t-shirts, les robes, les chaussures et même les manteaux longs. Mais quel modèle choisir ? Pour le découvrir, fiez-vous à notre comparatif des meilleures armoires enfant."
41538;Les meilleures armoires blanches;https://meilleurtest.fr/comparatif-armoire-blanche/;Meubles;"Les <a href=""https://meilleurtest.fr/comparatif-armoire"">armoires</a> blanches sont un moyen pratique et élégant de ranger et d’organiser votre chambre ou votre bureau. Elles sont disponibles dans une variété de tailles et de styles, ce qui en fait un excellent ajout à presque tous les décors. Ce guide vous aidera à trouver l’armoire blanche qui répondra le mieux à vos besoins et à votre budget. Nous examinerons les différentes caractéristiques des armoires blanches, ainsi que les avantages et les inconvénients de chaque option."
41537;Les meilleures armoires d'angle;https://meilleurtest.fr/comparatif-armoire-d-angle/;Meubles;"Mobiliers fonctionnels, les <a href=""https://meilleurtest.fr/comparatif-armoire/"">armoires</a> tendent à devenir des œuvres d’art. Outre le rangement, elles sont devenues de véritables pièces de décoration. Parmi les plus stylées, on trouve l'armoire d’angle. La forme, les différents matériaux de fabrication ainsi que le style de ce type d'armoire justifient son succès auprès des ménages. Sans compter que l’angle dans une armoire offre un côté baroque. Il est peut-être temps de virer votre vieille armoire et la remplacer par l'une des meilleures armoires d’angle du moment."
41536;Les meilleures armoires de chambre;https://meilleurtest.fr/comparatif-armoire-de-chambre/;Meubles;"Malgré l’arrivée du <a href=""https://meilleurtest.fr/comparatif-dressing-pas-cher"">dressing sur mesure</a>, l’armoire de chambre est restée un meuble de rangement intemporel. Afin de vous offrir une utilisation plus confortable, il est désormais possible de la personnaliser à votre guise. À portes coulissantes ou à portes battantes, quel modèle choisir ? Pour le savoir, référez-vous à notre guide des meilleures armoires de chambre pour cette année."
41530;Les meilleures tables hautes de cuisine;https://meilleurtest.fr/comparatif-table-haute-de-cuisine/;Meubles;Voulez-vous une cuisine moderne, conviviale et fonctionnelle ? Misez sur une table haute de cuisine. Son design élégant va mettre en valeur la pièce. En plus, ce meuble est de loin le plus pratique pour organiser la cuisine et optimiser l’espace à l’intérieur. Ainsi, n’attendez plus, faites votre choix parmi les 4 meilleures tables hautes de cuisine que nous avons cherchées pour vous. Qui plus est, notre guide d’achat pourra vous aider dans votre décision.
41529;Les meilleures armoires;https://meilleurtest.fr/comparatif-armoire/;Meubles;"Vous en avez assez de voir les vêtements, jouets et autres affaires trainer dans votre maison et vous avez pris la décision d'acquérir une armoire pour remédier à tout cela ? Vous avez parfaitement raison. De plus, le marché actuel vous propose un choix pléthorique en la matière. L'offre est tellement importante que l'on peut s'y perdre facilement. Voici pourquoi, afin de vous aider à trouver l'armoire de vos rêves, nous vous invitons à parcourir notre guide d'achat consacré à ce <a href=""https://meilleurtest.fr/comparatif-magasin-de-meuble-ligne/"">meuble</a> essentiel."
41520;Les meilleures tables scandinaves;https://meilleurtest.fr/comparatif-table-scandinave/;Meubles;"Aimeriez-vous apporter un look nordique à votre <a href=""https://meilleurtest.fr/comparatif-salle-a-manger/"" target=""_blank"" rel=""noopener"">salle à manger</a> ? Pour cela, vous devriez investir dans une table scandinave. En effet, ce genre de table permet de donner du caractère à votre habitation grâce à son design authentique. Mais, pour en avoir une qui correspond à vos besoins, il va falloir faire le bon choix. Pour vous aider, fiez-vous à ce guide comparatif sur les tables scandinaves."
41508;Les meilleures tables ovales extensibles;https://meilleurtest.fr/comparatif-table-ovale-extensible/;Meubles;"La table est l’un des meubles les plus utilisés dans une maison, qu’il s’agisse d’une <a href=""https://meilleurtest.fr/comparatif-table-a-manger/"">table à manger</a>, d’une <a href=""https://meilleurtest.fr/comparatif-table-de-jardin/"">table de jardin</a> ou d’une table de bureau. Il est donc important de la choisir avec soin. Aujourd’hui, la plupart des gens se concentre sur la recherche de meubles à la fois esthétiques et fonctionnels, et la table ne déroge pas à la règle. Les tables ovales extensibles font partie des meubles qui peuvent être à la fois beaux et pratiques. Voici une sélection des meilleures tables ovales extensibles disponibles actuellement sur le marché."
41505;Les meilleures tables hautes;https://meilleurtest.fr/comparatif-table-haute/;Meubles;"Située entre une table standard et un mange-debout, une table haute mesure environ 90 cm. Cette dernière améliore grandement votre design d’intérieur et occupe très peu de surface. Cependant, avec tous les critères à prendre en compte lors du choix, trouver le bon <a href=""https://meilleurtest.fr/comparatif-magasin-de-meuble-ligne"">meuble</a> s’avère difficile. Ainsi, nous allons vous proposer la liste des meilleures tables hautes actuellement en vente."
41504;Les meilleures tables rondes extensibles;https://meilleurtest.fr/comparatif-table-ronde-extensible/;Meubles;"On n'achète pas la même <a href=""https://meilleurtest.fr/comparatif-table-a-manger/"" target=""_blank"" rel=""noopener"">table de repas</a> quand on a une grande famille ou quand on est en couple. Pour que tout le monde puisse être confortablement installé une fois attablé autour d’un bon repas, les tables rondes extensibles sont d’excellentes options à la fois pratiques et conviviales. Idéales pour les petites pièces, elles sont moins encombrantes que leurs homologues rectangulaires et permettent de circuler librement tout autour sans risquer de se cogner. Vous voulez vous offrir ce meuble ? Lisez ce guide d’achat."
41503;Les meilleurs tabourets design;https://meilleurtest.fr/comparatif-tabouret-design/;Meubles;"Plus qu’un simple objet consistant à s’asseoir, le <a href=""https://meilleurtest.fr/comparatif-tabouret-de-bar/"">tabouret</a> demeure de nos jours un véritable meuble design indispensable pour la décoration intérieure. Il procure en effet à celle-ci plus de dynamisme et de modernité, en plus d’offrir un certain confort physique. Découvrez dans ce guide toutes les informations essentielles sur ce meuble qui vous permettront ensuite de faire le bon choix."
41501;Les meilleures tables 12 personnes;https://meilleurtest.fr/comparatif-table-12-personnes/;Meubles;"Vous êtes une famille nombreuse ? Vous recevez souvent du monde pendant le week-end ? Que ce soit pour l’une ou l’autre raison, posséder une table 12 personnes s’avère être une option intéressante. <a href=""https://meilleurtest.fr/comparatif-table-de-jardin/"">Table de jardin</a> ou table à manger, en bois de chêne, en plastique ou en verre, ce mobilier sera un incontournable dans votre déco. Fiez-vous à notre comparatif des meilleures tables 12 personnes pour dénicher la vôtre."
41498;Les meilleures tables gigognes en métal;https://meilleurtest.fr/comparatif-tables-gigognes-en-metal/;Meubles;"<a href=""//meilleurtest.fr/comparatif-table-de-chevet-amazon/"">Une table</a> gigogne est un petit ensemble de tables de taille graduelle qui peuvent être placées les unes sur les autres, généralement sans que les pieds ne se touchent. Ils ont une multitude d’utilisations pratiques et élégantes pour tous les styles de maisons. Bien que souvent considérées comme un choix traditionnel, les tables gigognes peuvent être élégantes, modernes et idéales pour les maisons contemporaines. En ce moment, la touche déco qui fait la différence est la table gigogne en métal. Comment en choisir et pourquoi l’acheter ? Trouvez dans ce guide tous les détails."
41496;Les meilleurs tabourets en rotin;https://meilleurtest.fr/comparatif-tabouret-en-rotin/;Meubles;"Difficile de trouver un meuble qui mélange aussi bien praticité, élégance et durabilité qu’un tabouret en rotin. Également appelé <a href=""https://meilleurtest.fr/comparatif-tabouret-de-bar"" target=""_blank"" rel=""noopener"">tabouret de bar</a> en rattan, ce siège sans bras constitue un excellent moyen d’apporter une touche insulaire à votre décoration, tant à l’intérieur qu’à l’extérieur. Prêt à adopter ce petit meuble exotique chez vous ? Inspirez-vous de notre sélection des meilleurs tabourets en rotin."
41421;Les meilleures tables de chevet sur Amazon;https://meilleurtest.fr/comparatif-table-de-chevet-amazon/;Meubles;"Pour qu’une chambre à coucher soit fonctionnelle et agréable à vivre, elle aura besoin d’être meublée avec goût. Évidemment, le lit est très important, mais le meuble qui ajoutera un véritable cachet à cet endroit intime est la table de chevet. Seule ou avec une jumelle, la <a href=""https://meilleurtest.fr/comparatif-table-de-chevet/"">table de nuit</a> se choisit méticuleusement. Pour vous éviter les fausses notes décoratives, les meilleurs fabricants du moment s’attachent à créer de véritables chefs-d’œuvre, à l’instar de Movian, une marque d’Amazon."
41175;Les meilleurs canapés rapport qualité/prix;https://meilleurtest.fr/comparatif-canapes-rapport-qualite-prix/;Meubles;"À la recherche d’un meuble qui allie confort exceptionnel, structure robuste et coût abordable ? Un canapé rapport qualité/prix est sans doute ce qu’il vous faut. Cette gamme de <a href=""https://meilleurtest.fr/comparatif-canape/"">sofas</a> est élégante, durable et adopte souvent un esprit écologique. Tenté d’accueillir un tel meuble dans votre espace de vie ? Parcourez notre sélection des meilleurs canapés rapport qualité/prix du moment."
41104;Les meilleures commodes à langer;https://meilleurtest.fr/comparatif-commode-a-langer/;Meubles;"Votre bébé arrive bientôt ? C’est le moment de penser à organiser sa chambre. Parmi les équipements de puériculture à avoir absolument, il y a le <a href=""//meilleurtest.fr/comparatif-berceau-bebe/"">berceau</a> et le meuble sur lequel vous allez changer votre bout de chou. Et quoi de mieux qu’une commode à langer pour cela ? Offrant plus de place pour bébé lors du change et plus d’espace de rangement pour les <a href=""//meilleurtest.fr/comparatif-couche-bebe/"">couches</a>, le<a href=""//meilleurtest.fr/comparatif-lait-infantile-bebe/""> lait infantile</a>, les <a href=""//meilleurtest.fr/comparatif-biberon-pour-bebe/"">biberons</a>, la <a href=""//meilleurtest.fr/comparatif-poubelle-a-couches/"">poubelle à couches</a> et autres affaires qu’une <a href=""//meilleurtest.fr/comparatif-table-a-langer-pratique-et-confortable/"">table à langer</a>, ce meuble évolutif pourra toujours servir même lorsque votre enfant grandira. Vous peinez à trouver la commode à langer qu’il vous faut ? Simplifiez-vous la vie en vous fiant à ce guide d’achat."
40290;Les meilleures housses de canapé extensibles;https://meilleurtest.fr/comparatif-housse-de-canape-extensible/;Meubles;"Vous souhaitez innover votre décoration d’intérieur et pensez à changer le style de votre canapé ? Pensez aux <a href=""https://meilleurtest.fr/comparatif-housse-de-canape/"" target=""_blank"" rel=""noopener"">housses de canapé</a> extensibles, des accessoires qui, en plus de leur avantage esthétique, permettent de prolonger la durée de vie de votre sofa. Le marché propose des gammes variées de ce type de solution de protection. Dans ce sens, il est important de connaître les quelques informations essentielles présentées dans ce guide avant de passer commande."
40258;Les meilleurs fauteuils de bureau pour le dos;https://meilleurtest.fr/comparatif-fauteuil-de-bureau-pour-dos/;Meubles;"Il a été démontré que les employés de bureau en France passent en moyenne 6 à 7 heures par jour assis. Il s’avère donc essentiel de se sentir <a href=""https://meilleurtest.fr/comparatif-fauteuil-de-bureau/"">bien à l’aise sur son siège</a> et d'avoir un bon maintien du dos pendant les heures de travail. Voici un article qui vous aidera à choisir le fauteuil de bureau pour le dos qui correspond à vos besoins."
40209;Les meilleures tables basses scandinaves;https://meilleurtest.fr/comparatif-table-basse-scandinave/;Meubles;"Vous voulez apporter une touche nordique, épurée et intemporelle à votre déco intérieure ? La <a href=""https://meilleurtest.fr/comparatif-table-basse-aquarium"">table basse</a> scandinave est faite pour vous ! Rond, vintage ou gigogne, il y en a pour tous les goûts ! Nous avons dressé ce guide pour vous aider à choisir la table basse scandinave qui vous aidera à sublimer votre salon."
40012;Les meilleurs fauteuils roulants;https://meilleurtest.fr/comparatif-fauteuil-roulant/;Meubles;"Idéalement conçus pour les personnes handicapées ou à <a href=""https://meilleurtest.fr/comparatif-stimulateur-circulatoire/"">mobilité réduite</a>, les fauteuils roulants constituent un moyen de déplacement pratique et efficace. Pour améliorer leur condition de vie, il faut investir dans un équipement qui combine le confort, la qualité et la sécurité. Seulement, choisir un fauteuil roulant de bonne qualité est un véritable calvaire face à la densité de l’offre, les différentes fonctionnalités et le design. Pas de panique, nous avons sélectionné les meilleurs fauteuils roulants pour cete année."
39917;Les meilleurs comptoirs de cuisine;https://meilleurtest.fr/comparatif-comptoir-de-cuisine/;Meubles;"Saviez-vous que les ménages français préfèrent manger sur le comptoir de cuisine que sur la <a href=""https://meilleurtest.fr/comparatif-table-a-manger/"">table à manger</a> ? Économique, en plus d’orner la pièce, il a une double fonction : faciliter la préparation des repas et participer à la cohésion familiale. Disponibles en divers matériaux, trouvez le vôtre à travers notre guide des meilleurs comptoirs de cuisine en 2022."
39908;Les meilleures bibliothèques enfant;https://meilleurtest.fr/comparatif-bibliotheque-enfant/;Meubles;"En plus de servir d'objet de déco à part entière dans la chambre de votre enfant, une bibliothèque enfant va aussi se révéler utile pour lui donner goût à la lecture. Ainsi, le choix du design de ce meuble est essentiel afin de capter l'attention de votre enfant. Tout aussi important qu'un <a href=""//meilleurtest.fr/comparatif-kit-de-bricolage-pour-enfant/"">kit de bricolage pour enfant</a>, une bibliothèque enfant gardera votre petit occupé et lui évitera de rester scotché devant la télé. Les meilleurs modèles du moment dans ce guide."
39831;Les meilleurs placards;https://meilleurtest.fr/comparatif-placard/;Meubles;Les meubles de rangement sont incontournables pour ranger les petites bricoles, le linge ou les ustensiles de cuisine. Pratique, le placard excelle dans cette tâche. Sachant joindre l’utile à l’agréable, il confère une touche de cachet à votre intérieur tout en proposant un grand espace de rangement. Pour vous en procurer, fiez-vous à nos conseils et notre sélection des meilleurs placards du moment.
39767;Les meilleurs fauteuils de bureau;https://meilleurtest.fr/comparatif-fauteuil-de-bureau/;Meubles;"Plus de 87 % de travailleurs français souffrent de TMS. Vous ne voulez pas en être victime, mais désirez aménager un espace de travail confortable et harmonieux dans votre maison ? À part le <a href=""https://meilleurtest.fr/comparatif-bureau-pour-teletravail/"" target=""_blank"" rel=""noopener"">bureau</a> et les équipements informatiques, il vous faut également acquérir un fauteuil de bureau. Fixe, mobile, <a href=""https://meilleurtest.fr/comparatif-fauteuil-de-bureau-ergonomique/"" target=""_blank"" rel=""noopener"">ergonomique</a>, basculant… voici ce qui se fait de mieux en matière de sièges de bureau."
39701;Les meilleures moustiquaires sur mesure;https://meilleurtest.fr/comparatif-moustiquaire-sur-mesure/;Meubles;La moustiquaire sur mesure est un accessoire incontournable pour se mettre à l’abri des différents insectes volants. En été comme en hiver, elle est omniprésente à l’intérieur d’un logement. Seulement, pour profiter pleinement de ses bienfaits, il faut trouver le modèle qui correspond à vos besoins et à celle de votre habitation. Pour vous simplifier la tâche, voici les meilleures moustiquaires sur mesure en 2022.
39683;Les meilleurs lits réglables;https://meilleurtest.fr/comparatif-lit-reglable/;Meubles;Passer une bonne nuit de sommeil est indispensable pour mieux affronter la journée. De ce fait, le choix d’un lit adapté à la morphologie du dormeur est nécessaire. Pour bien faire les choses, les lits réglables ont été conçus en ce sens. Afin de vous conseiller, nous vous proposons les meilleurs lits réglables actuels dans ce guide comparatif bien détaillé.
39512;Les meilleurs sites pour acheter un canapé en ligne;https://meilleurtest.fr/comparatif-site-pour-acheter-un-canape-ligne/;Meubles;Il n’y a pas meilleur endroit que la toile pour dénicher de bonnes affaires. Sauf que les sites e-commerces regorgent également de pièges et de complexités. Pour espérer trouver le bon canapé, il est déconseillé de se jeter sur le premier modèle. Nous comprenons que vous soyez un peu perdu face à toutes les variétés disponibles. Droit, d’angle ou convertible, en cuir ou en tissu, nous vous guidons pour trouver sur le web le meilleur canapé pour vous.
39476;Les meilleurs bureaux pour télétravail;https://meilleurtest.fr/comparatif-bureau-pour-teletravail/;Meubles;Ceux qui sont déjà en télétravail le savent, rien ne vaut un bon bureau pour profiter d’un maximum de confort et optimiser sa productivité. Et puisque vous êtes amené à y passer des heures au quotidien, autant choisir un modèle qui répondra parfaitement à vos attentes. En ce sens, nous vous proposons, dans ce guide, les meilleurs bureaux pour télétravail du moment.
39470;Les meilleurs lits pour chien;https://meilleurtest.fr/comparatif-lit-pour-chien/;Meubles;"En ce qui concerne les lits pour chiens, il n’y a pas de taille unique, les grands danois et les chihuahuas ont des besoins différents, tout comme les chiots et les chiens âgés. C’est pour cette raison que vous pourrez trouver sur le marché une grande multitude de modèles de lits pour chien : des lits pour petits chiens aux <a href=""https://meilleurtest.fr/comparatif-lit-orthopedique-pour-chien/"">lits orthopédiques pour chien</a>. Alors, pour faire le bon choix, nous avons établi ce guide des meilleurs lits pour chien du moment."
39299;Les meilleurs canapés lits;https://meilleurtest.fr/comparatif-canape-lit/;Meubles;Impossible d’intégrer simultanément un canapé et un lit dans son chez soi quand on habite un petit logement. De même lorsqu’on a l’habitude de recevoir des invités, mais qu’il n’y a pas assez de place pour les faire dormir. La solution ? Le canapé lit, bien sûr. Choisir le bon modèle n’est pas toujours de tout repos, voilà pourquoi nous avons élaboré ce guide des meilleurs canapé-lits.
39192;Les meilleures têtes de lit capitonnées;https://meilleurtest.fr/comparatif-tete-de-lit-capitonnee/;Meubles;"Également appelée dosseret, la tête de lit est cette partie de votre meuble influant sur votre confort au quotidien. Et quoi de plus raffiné que la version capitonnée pour mettre l’élégance à l’honneur ! Plus confortable qu'une <a href=""//meilleurtest.fr/comparatif-tete-de-lit-bois"">tête de lit en bois</a>, elle offre une surface douillette sur laquelle vous pouvez vous adosser pour bouquiner ou siroter du thé au lit. En cuir ou en tissu : que choisir ? Lisez ce guide."
39149;Les meilleurs lits à eau;https://meilleurtest.fr/comparatif-lit-a-eau/;Meubles;Vos problèmes de dos ou l’inconfort de votre matelas vous empêchent de bien dormir la nuit ? Et si la solution était d’investir dans un lit à eau ? Ce type de couchage peut vous aider à vous détendre et à dormir confortablement sans points de pression. Si vous êtes en quête d’un sommeil réparateur, voici notre sélection des meilleurs lits à eau qui peuvent améliorer la qualité de vos nuits.
39137;Les meilleures chambres complètes adulte;https://meilleurtest.fr/comparatif-chambre-complete-adulte/;Meubles;Un seul achat pour une chambre complète adulte : autant vous dire qu’en plus de gagner du temps, vous économiserez également plusieurs centaines d’euros. La cohérence et l’harmonie seront aussi au rendez-vous grâce au choix de mobiliers assortis. Quelle chambre complète adulte choisir ? Quels critères doit-on prendre en considération et où dénicher les meilleurs mobiliers ? Faisons le point.
39111;Les meilleurs lits américains;https://meilleurtest.fr/comparatif-lit-americain/;Meubles;Si vous avez déjà voyagé aux États-Unis, vous savez bien à quel point les Américains aiment faire les choses en grand. Leur lit ne déroge pas à cette règle. Conçu dans de grandes dimensions, il prône le confort et fait partie des types de lits les plus luxueux. Depuis le cadre jusqu’au matelas, on retrouve ici des matériaux de qualité, fiables et sécuritaires. Cette literie prestigieuse est à votre portée, lisez notre guide pour en savoir plus.
39098;Les meilleurs lits de luxe;https://meilleurtest.fr/comparatif-lit-de-luxe/;Meubles;Étant donné que vous devez dormir au moins 7 h par nuit pour votre santé, pourquoi ne pas vous laisser tenter par un lit luxueux comme on a l'habitude de voir dans les grands hôtels 5 étoiles et autres palaces pour optimiser votre temps de sieste ? Trouvez via ce comparatif celui qui vous assure de commencer la journée dans le dynamisme et la bonne humeur.
39088;Les meilleurs lits gigognes enfant;https://meilleurtest.fr/comparatif-lit-gigogne-enfant/;Meubles;Vous aimeriez aménager la chambre de votre petit pour qu’elle soit plus spacieuse ? Le lit gigogne pour enfant est le mobilier qu’il vous faut. Polyvalent, le lit gigogne dispose d’une partie pour le rangement et d’un second espace de couchage sous le lit. Toutefois, il est important de connaitre les bonnes caractéristiques avant de procéder à son achat. Lisez notre comparatif pour tout savoir.
39016;Les meilleures étagères de cuisine;https://meilleurtest.fr/comparatif-etageres-de-cuisine/;Meubles;La cuisine fait partie des pièces où l’on passe le plus clair de notre temps. La garder propre et organisée est donc essentiel pour avoir une maison où il fait bon vivre. Et quoi de mieux que d’y installer des étagères de rangement pour embellir la pièce et libérer de l’espace ! Mais quels modèles choisir ? Muraux, en pose libre, sous l’évier… Décorez votre cuisine avec les meilleures étagères de cuisine du moment.
39008;Les meilleurs lits d'appoint pliants;https://meilleurtest.fr/comparatif-lit-appoint-pliant/;Meubles;"Difficile d’aménager une chambre d’amis quand on manque de place. Et le problème de couchage ne va pas en s’arrangeant lorsqu’on reçoit des invités à l’improviste. Le <a href=""https://meilleurtest.fr/comparatif-lit-appoint/"">lit d’appoint</a> pliant se présente alors comme la solution la plus adéquate face à ces situations. Mais quel modèle choisir ? Pour le découvrir, laissez-nous vous guider à travers notre comparatif des meilleurs lits d’appoint pliants."
39005;Les meilleurs poufs enfant;https://meilleurtest.fr/comparatif-pouf-enfant/;Meubles;À l’intérieur comme à l’extérieur, le pouf enfant se prête à tous les environnements. Ce petit meuble peu commun invite à la détente et permet de profiter d’une assise à la fois confortable et décorative pour les tout-petits. Mais il est difficile de faire le bon choix compte tenu de la profusion de modèles sur le marché. En forme de poire, gonflable ou plutôt coffre de rangement ? On vous dit tout dans notre guide des meilleurs poufs enfant.
39002;Les meilleurs lits cododo évolutifs;https://meilleurtest.fr/comparatif-lit-cododo-evolutif/;Meubles;Un lit cododo évolutif vous permet de garder votre bébé près de vous tout en assurant sa sécurité. Au cours des 6 premiers mois, l'endroit le plus sûr pour qu'un bébé dorme est dans son propre espace de sommeil. Un lit cododo évolutif se fixe au cadre de votre lit et peut aussi servir de berceau autonome. Il existe un large éventail d'options parmi lesquelles choisir. Nous avons analysé de près le marché des lits cododo évolutifs pour vous proposer les meilleures options disponibles.
38992;Les meilleurs lits coffres 140x200;https://meilleurtest.fr/comparatif-lit-coffre-140x200/;Meubles;Aussi utile qu’agréable, le lit coffre 140x200 investit de plus en plus les chambres à coucher, et ceci, grâce au confort et à l’espace de rangement qu’il procure. Cet ingénieux mobilier se décline en différents styles pour s’adapter à tous les besoins, mais surtout à tous les styles de décorations. Autant vous dire tout de suite que le choisir ne va pas être vraiment facile, raison pour laquelle, nous vous proposons ce guide d’achat complet.
38975;Les meilleurs lits superposés pas chers;https://meilleurtest.fr/comparatif-lit-superpose-pas-cher/;Meubles;"Au même titre que le canapé convertible ou le <a href=""https://meilleurtest.fr/comparatif-lit-pliant/"">lit pliant</a>, le <a href=""https://meilleurtest.fr/comparatif-lit-superpose/"">lit superposé</a> figure parmi les couchages gain de place les plus appréciés. Il permet de gagner quelques mètres carrés supplémentaires dans un espace exigu (chambre à coucher pour enfant, chambre d’amis, caravane…). Mais pas facile de trouver un modèle pas cher quand on a un budget restreint. Afin de vous faciliter la tâche, nous avons rassemblé dans ce guide les meilleurs modèles de lits superposés pas chers du moment."
38961;Les meilleurs canapés convertibles pas chers;https://meilleurtest.fr/comparatif-canape-convertible-pas-chers/;Meubles;A la base considéré comme un mobilier d’appoint, le canapé convertible pas cher a tendance à devenir un must dans de nombreux foyers. Pratique et confortable, il est surtout apprécié pour sa propriété multifonction. Vous ne regretterez pas de tenter cette expérience, trouvez vite un canapé convertible pas cher en suivant notre guide d’achat.
38959;Les meilleurs lits superposés cabanes;https://meilleurtest.fr/comparatif-lit-superpose-cabane/;Meubles;Apporter un sommeil de qualité et réparateur à un enfant n'est pas chose aisée. Mais il existe une solution à la fois ludique et efficace pour que votre bout de chou tombe enfin dans les bras de Morphée : un lit superposé cabane. Parfaite association entre aire de jeu et espace de repos, le lit superposé cabane se décline en plusieurs dimensions et modèles. Nous faisons le point sur les meilleurs lits superposés cabanes du marché dans ce guide.
38958;Les meilleures têtes de lit en rotin;https://meilleurtest.fr/comparatif-tete-de-lit-rotin/;Meubles;Une tête de lit en rotin, c’est la classe incarnée dans une chambre à coucher. Qu’il soit en forme de rectangle, demi-lune ou carré, le chevet en fibres tressées égayera votre zone de couchage et le transformera en un endroit où vous aurez plaisir à passer du temps, de jour comme de nuit. Si les têtes de lit en rotin vous séduisent, ce comparatif vous expose les meilleurs articles adaptés aux intérieurs, sans distinction de style.
38956;Les meilleurs lits enfants pour fille;https://meilleurtest.fr/comparatif-lit-enfant-pour-fille/;Meubles;Votre fille grandit et son berceau devient assez petit pour elle ? L’heure de le changer pour un lit plus grand a sonné. Dans un lit enfant pour fille, elle pourrait disposer de son propre espace. Mais parfois, le choix d’un lit pour enfant pour un certain âge peut être difficile pour les parents. Nous vous proposons dans ce guide les meilleurs lits enfants pour filles.
38949;Les meilleurs meubles pour platines vinyles;https://meilleurtest.fr/comparatif-meuble-pour-platine-vinyle/;Meubles;Les tourne-disques et platines vinyles ont fait leur grand retour au cours des dernières années, et au fur et à mesure que vous construisez votre nouvelle collection, vous voudrez peut-être un endroit pour garder vos précieuses platines. Un meuble pour platines vinyles peut vous aider à organiser votre collection. Lisez ce guide pour trouver une sélection des meilleurs meubles pour platines vinyles du moment.
38946;Les meilleurs lits superposés enfants;https://meilleurtest.fr/comparatif-lit-superpose-enfant/;Meubles;La chambre de vos enfants paraît exiguë ? Achetez un lit superposé enfant. Avec sa verticalité et ses rangements malins, vous placez l’équivalent de 2 lits et quelques tiroirs et étagères sur l’espace qu’en temps normal un seul lit occuperait. Le gain de place est indéniable ! Nous vous proposons de parcourir ce guide des meilleurs lits superposés enfants afin de mieux choisir le modèle adapté à votre progéniture.
38932;Les meilleurs lits LED;https://meilleurtest.fr/comparatif-lit-led/;Meubles;Avec leur éclairage créant une ambiance de détente et offrant une décoration moderne, les lits LED ont eu le vent en poupe ces dernières années. Ils offrent un espace de sommeil confortable et un très beau design. Mais avec les nombreuses offres sur le marché, il ne sera peut-être pas facile de trouver le lit LED qui répondra à vos besoins. Lisez notre guide pour en savoir plus et pour vous aider dans votre choix.
38929;Les meilleurs lits mezzanine adultes;https://meilleurtest.fr/comparatif-lit-mezzanine-adulte/;Meubles;Les lits mezzanines sont un choix populaire pour les enfants, les adolescents et même les adultes, car ils vous permettent d’optimiser l’espace dans votre maison. Leur conception bien particulière vous permet d’installer un bureau, une commode ou un petit coin salon en dessous ou, même mettre un deuxième lit. Lisez notre guide pour en savoir plus.
38908;Les meilleurs lits ado;https://meilleurtest.fr/comparatif-lit-ado/;Meubles;Le lit ado se révèle être la pièce maîtresse dans la chambre d’une personne âgée de 12 à 17 ans. En effet, il s’agit du mobilier central pour créer une ambiance agréable dans son espace de vie. Cependant, faire le choix entre les différents types de lits ado n’a rien de simple compte tenu des goûts de votre enfant et du budget que vous comptez allouer à cet achat. Pour vous aider, nous avons réalisé ce guide des meilleurs lits pour ado en ce moment.
38906;Les meilleurs lits coffres 180x200;https://meilleurtest.fr/comparatif-lit-coffre-180x200/;Meubles;Nous rêvons tous d’avoir une grande chambre à coucher, de grands placards et un immense dressing. Pourtant, on doit pour la plupart se contenter de petits espaces. Un moyen efficace pour gagner de la place et ranger convenablement est l’acquisition d’un lit coffre. La taille 180x200 étant la plus plébiscitée, car spacieuse et confortable, nous vous invitons à découvrir les meilleurs lits coffres 180x200 du moment à travers ce guide.
38826;Les meilleurs fauteuils;https://meilleurtest.fr/comparatif-fauteuil/;Meubles;Désormais, le fauteuil fait partie des équipements indispensables, à la maison comme au bureau. Apparu en 1636, ce meuble fut autrefois réservé aux hôtes les plus prestigieux. Depuis, il s’est largement démocratisé et se décline aujourd’hui en de nombreux styles, couleurs et niveau de confort. Vous aussi, vous souhaitez en acquérir ? Notre comparatif des meilleurs fauteuils en 2021 devrait vous aider.
38800;Les meilleurs lits ronds;https://meilleurtest.fr/comparatif-lit-rond/;Meubles;"Figurant parmi les lits design au même titre que les lits futons et les <a href=""https://meilleurtest.fr/comparatif-lit-a-baldaquin/"">lits à baldaquin</a>, le lit rond se démarque surtout par son originalité. Il vous change du sempiternel lit rectangulaire tout en apportant plus de pep’s et de modernité à la déco de votre chambre à coucher ou de votre jardin. Ici, pas question de largeur ni de longueur, on raisonne plutôt en diamètre (entre 215 à 260 cm). Alors, prêt à sauter le pas ? Faites votre choix parmi notre sélection des meilleurs lits ronds du moment."
38759;Les meilleures chaises de salle à manger;https://meilleurtest.fr/comparatif-chaise-de-salle-a-manger/;Meubles;Modernes, classiques, vintages, colorées, sobres… les chaises apportent la touche finale à la décoration d’une salle à manger. Il est bien loin le temps où ces mobiliers étaient choisis uniquement au feeling. Aujourd’hui, vous devez leur accorder une immense attention et veiller à ce qu’elles combinent design et confort. Pour vous aider, lisez notre guide consacré aux meilleures chaises de salle à manger.
38721;Les meilleurs lits voitures;https://meilleurtest.fr/comparatif-lit-voiture/;Meubles;Chaque soir, c'est toujours le même combat : persuader votre enfant de lâcher ses jeux et de se préparer pour la nuit. Un lit en forme de voiture, c'est une formidable façon de capter son attention et de rendre l'heure du coucher beaucoup plus fun. En plus d'être jolis, ces lits ont souvent des coins arrondis et des bords surélevés pour garder votre petit en sécurité. Alors, lequel va faire pétiller les yeux de votre bout de chou ? Découvrez notre comparatif pour trouver le lit parfait qui lui fera plaisir.
38592;Les meilleurs fauteuils massants;https://meilleurtest.fr/comparatif-fauteuil-massant/;Meubles;Inventé en Asie, le fauteuil massant est depuis longtemps prisé des Occidentaux. Et pour cause, ce mobilier relaxant embarque des fonctionnalités pratiques lui conférant la capacité de reproduire les techniques de masseurs manuels professionnels (shiatsu, suédois, etc.). Comme il s'agit d'un investissement conséquent, mieux vaut éviter les choix hasardeux. Fiez-vous à notre guide pour trouver les meilleurs fauteuils massants pour cette année.
38579;Les meilleurs sites où acheter un canapé en cuir;https://meilleurtest.fr/comparatif-site-ou-acheter-un-canape-cuir/;Meubles;Vous avez envie d'acheter un canapé en cuir mais ne vous retrouvez plus parmi tous les modèles disponibles actuellement ? Rassurez-vous, vous êtes pas les seuls dans cette situation. Pour vous aider à accélérer vos investigations, nous avons établi un classement des meilleurs sites où on a le plus de choix en matière de canapé en cuir.
38562;Les meilleurs magasins de meubles en ligne;https://meilleurtest.fr/comparatif-magasin-de-meuble-ligne/;Meubles;Il est désormais possible d’acheter vos meubles sans sortir de la maison grâce aux magasins en ligne. Grands distributeurs ou magasins de meubles spécialisés, tous ont un portail sur le web, proposant un système de paiement sécurisé et des services de livraison rapide. Moins chers que dans les magasins physiques, les tarifs appliqués sur ces plateformes épargnent les frais de déplacement tout en offrant l’accès à un catalogue plus riche de mobiliers et d’accessoires décoratifs. Table, lit, canapé, fauteuil, dressing meuble de cuisine ou meuble de salle bains, voici le guide des meilleures adresses en ligne pour faire de bonnes affaires.
38534;Les meilleures tables basses aquariums;https://meilleurtest.fr/comparatif-table-basse-aquarium/;Meubles;La table basse aquarium peut se révéler comme étant un mobilier intéressant pour donner une seconde jeunesse à votre salon ou un bureau. Et si vous avez toujours rêvé d'installer un aquarium, ce mobilier permet de joindre l'utile à l'agréable. En acrylique, en métal ou en bois, découvrez ce qu’il faut savoir sur les tables aquarium à travers ce guide d’achat.
38532;Les meilleures moustiquaires de lit;https://meilleurtest.fr/comparatif-moustiquaire-de-lit/;Meubles;"Une moustiquaire de lit vous évite les nuits cauchemardesques à subir le bourdonnement agaçant et les piqûres des moustiques. Plus efficace et écologique que les <a href=""//meilleurtest.fr/comparatif-anti-moustique/"">anti-moustiques</a>, elle vous permet de dormir dans le confort, la sérénité et la sécurité. Entre modèles pop-up, ciel de lit, avec cadre, etc., quelle moustiquaire de lit choisir ? Pour ne pas regretter votre achat, lisez ce guide."
38513;Les meilleurs poufs coffres;https://meilleurtest.fr/comparatif-pouf-coffre/;Meubles;Le pouf coffre a gagné en popularité avec l’avènement du mobilier contemporain, polyvalent et minimaliste. Comme un pouf classique, il sert toujours de siège d’appoint idéal dès que vous manquez de places assises. Il garde également le caractère décoratif des poufs ordinaires, le coffre de rangement pratique en plus. Comme de nombreux foyers, vous comptez, vous aussi, adopter ce petit meuble d’appoint ? Trouvez dans ce guide tout ce qu’il faut savoir pour bien choisir votre pouf coffre.
38480;Les meilleurs lits orthopédiques pour chien;https://meilleurtest.fr/comparatif-lit-orthopedique-pour-chien/;Meubles;"Tout comme nous, les chiens sont sujets à des maladies articulaires et ont parfois du mal à trouver le sommeil. Il leur faut <a href=""https://meilleurtest.fr/comparatif-panier-pour-chien/?wordpress_logged_in=true"">un lit confortable</a> qui épouse parfaitement leur morphologie et soutient tout leur poids. Ce sont les avantages du matériau utilisé pour le rembourrage du couchage. Trouvez le lit orthopédique pour votre chien au meilleur prix."
38474;Les meilleurs lits cabanes filles;https://meilleurtest.fr/comparatif-lit-cabane-fille/;Meubles;"Après le <a href=""https://meilleurtest.fr/comparatif-berceau-bebe/"">berceau</a>, de nombreux parents choisissent un lit cabane pour leur enfant. En effet, ce type de mobilier présente de nombreux avantages. Non seulement il offre un espace de sommeil sûr et confortable, mais il stimule aussi l’imagination grâce à son design ludique. Choisir un lit cabane pour une petite fille peut sembler simple, mais plusieurs éléments doivent être pris en comptent pour faire le tri parmi les nombreux modèles disponibles. Ce guide est là pour vous aider."
38454;Les meilleurs lits palette;https://meilleurtest.fr/comparatif-lit-palette/;Meubles;Les palettes sont traditionnellement des matériaux utilisés pour le stockage, l'emballage et le transport. L'imagination des designers étant infinie, certains ont eu l'idée de fabriquer des meubles de style palette, notamment des lits. En effet, leur robustesse et le côté rustique ont tout de suite fait mouche. Dans ce guide, vous trouverez le lit palette qu'il vous faut et nos conseils pour bien choisir.
38443;Les meilleurs lits tipis;https://meilleurtest.fr/comparatif-lit-tipi/;Meubles;Transformez la chambre de votre enfant en un espace magique avec un lit tipi, une pièce qui allie aventure et confort. Inspiré des tipis traditionnels des Sioux, peuples amérindiens, ce lit bas s'inscrit dans la méthode montessori pour favoriser l'apprentissage et l'autonomie de l'enfant tout en créant un univers féérique où l’imagination peut s’épanouir. De type cabane, avec ou sans protections latérales, évolutif, etc. découvrez dans ce guide, les meilleurs lits tipis qui pourraient plaire aux enfants.
38424;Les meilleur lits toboggans;https://meilleurtest.fr/comparatif-lit-toboggan/;Meubles;Les lits pour enfants existent dans une grande variété de formes, de couleurs et de tailles. Les lits toboggans en font partie, et vous en trouverez de nombreux modèles sur le marché. Mais lequel choisir pour la chambre de votre enfant ? Lisez notre guide pour le savoir, vous y trouverez les critères à prendre en considération, nos conseils d'utilisation et surtout un comparatif des meilleurs lits toboggans pour cette année.
38405;Les meilleures malles de rangement;https://meilleurtest.fr/comparatif-malle-de-rangement/;Meubles;Votre commode, votre armoire et vos tiroirs sont pleins à craquer, mais il reste de nombreux objets à classer ? En attendant de leur trouver une place adéquate, pourquoi ne pas acheter une malle de rangement, histoire de soulager vos autres meubles ? Servant également à s'asseoir au moment de mettre les chaussures, ce mobilier ne se choisit pas seulement en fonction du look. Justement, nous vous proposons un guide des meilleures malles de rangement actuellement disponibles.
38395;Les meilleurs lits mezzanine 1 place;https://meilleurtest.fr/comparatif-lit-mezzanine-1-place/;Meubles;Le lit mezzanine 1 place offre une excellente solution pour optimiser l’espace d’une chambre d’enfant ou d’un studio. Mais quand on voit la pléthore de déclinaisons disponibles sur le marché, choisir un bon lit mezzanine 1 place peut s'avérer difficile. Rassurez-vous, dans ce guide, on vous propose nos conseils ainsi qu'un comparatif des 4 meilleurs lits mezzanine 1 place du moment.
38324;Les meilleures méridiennes;https://meilleurtest.fr/comparatif-meridienne/;Meubles;La méridienne, ce mobilier propice à la sieste, se joint au décor des salons avec sa longue assise et ses dossiers. Utilisée seule ou avec un canapé classique, elle est parfaite dans toutes les maisons. Il y a mille façons de valoriser la beauté de ce canapé : une matière noble, une structure élégante, un design bohème, contemporain ou encore baroque, une couleur qui donne vie à la pièce.
38318;Les meilleures bibliothèques murales;https://meilleurtest.fr/comparatif-bibliotheque-murale/;Meubles;Chaque maison a besoin d'au moins une bibliothèque pour exposer des livres, des photos encadrées ou divers objets décoratifs. Si vous êtes à la recherche de votre première bibliothèque domestique, ou si vous avez simplement besoin d'en ajouter une nouvelle à votre collection actuelle, vous devriez vous tourner vers une bibliothèque murale. Cependant, il y a tellement d'options sur le marché que vous aurez probablement du mal à choisir la meilleure pour votre maison. Heureusement, il y a ce guide d’achat des meilleures bibliothèques murales qui vous facilitera la tâche.
38307;Les meilleurs tabourets de bar industriels;https://meilleurtest.fr/comparatif-tabouret-de-bar-industriel/;Meubles;Le tabouret de bar est un siège haut, principalement utilisé autour de comptoirs de cuisine, des mini bars ou des comptoirs de bars. Il offre une assise avec ou sans dossier, avec ou sans rembourrage, mais toujours avec un repose-pied. Parfois ajustable en hauteur, il est généralement fabriqué en bois ou en métal. Le style industriel en particulier a toujours été prisé quand on parle de tabouret de bar. Inspiré des anciens ateliers et usines du siècle dernier, ce style se caractérise par des matériaux bruts, des couleurs sombres et un aspect rustique, avec parfois un côté vintage assumé. Trouvez les meilleurs tabourets de bar industriels du moment en lisant ce guide d'achat.
38305;Les meilleures cuvettes WC;https://meilleurtest.fr/comparatif-cuvette-wc/;Meubles;La cuvette WC est hors service alors que tout le reste de l'installation est opérationnel ? Pas de souci ! Le marché des sanitaires propose actuellement un choix très large, aussi bien en termes de design que de praticité. Cuvette WC standard ou suspendue, il y en a pour tous les goûts. Pour faire le bon choix, découvrez notre guide des meilleures cuvettes WC actuellement disponibles.
38300;Les meilleurs lits pas chers;https://meilleurtest.fr/comparatif-lit-pas-cher/;Meubles;Un bon matelas va de pair avec un bon lit. Du coup, pour pouvoir profiter de tout le confort que peut procurer un matelas bien douillet, il faut investir dans un lit correspondant aux dimensions et types de votre matelas. Cependant, si votre budget est limité, fiez-vous à ce guide pour trouver les meilleurs lits pas chers du moment que vous pourrez vous procurer à moins d'une centaine d'euros.
38272;Les meilleures chauffeuses;https://meilleurtest.fr/comparatif-chauffeuse/;Meubles;"Après une longue journée harassante, qui n’a pas envie de se détendre sur un lit ou canapé confortable ? Si tel est votre cas, rejoignez les milliers de Français qui ont opté pour l’achat d’une chauffeuse. Le marché est maintenant très développé et atteint un chiffre d’affaires de plus de <a href=""https://www.ameublement.com/article/resultats-2019-et-grandes-tendances-2020-du-marche-de-l-ameublement"">13 milliards d’euros</a>. Si vous êtes en quête de la meilleure chauffeuse (classique, BZ ou modulable), faites-vous aider par notre comparatif."
38263;Les meilleurs lits jumeaux;https://meilleurtest.fr/comparatif-lits-jumeaux/;Meubles;<strong>Dormir à deux sans faire de concession sur l’indépendance de couchage, c’est possible avec des lits jumeaux. Disponible en version berceau, pour enfant et pour adulte, ce type de lits suggère un aménagement en miroir de la chambre à coucher. Quels sont les meilleurs lits jumeaux du moment ? Découvrez la réponse dans ce comparatif.</strong>
38262;Les meilleurs lits doubles;https://meilleurtest.fr/comparatif-lit-double/;Meubles;"Grand classique de la chambre parentale, le lit double plaît aux couples désireux de partager un couchage. Les personnes seules, voulant profiter de plus d’espace, apprécient également cette taille de lit. Également appelé lit 2 places, ce mobilier se décline en différentes tailles, dont king size, <a href=""https://meilleurtest.fr/comparatif-lit-queen-size/"">queen size</a>, 140x190 et 140x200. Il en existe de toutes sortes : en bois, en métal, avec ou sans tête de lit, avec ou sans capitonnage, avec ou sans rangement, etc. Pour accélérer vos recherches, découvrez notre sélection des meilleurs lits doubles pour cette année."
38260;Les meilleurs lits mezzanine 2 places;https://meilleurtest.fr/comparatif-lit-mezzanine-2-places/;Meubles;"Comment maximiser l’espace dans une petite chambre ou un petit appartement ? En optant pour un <a href=""https://meilleurtest.fr/comparatif-lit-mezzanine/"">lit mezzanine</a> bien sûr, surtout un modèle 2 places. Semblable au lit superposé, il est surélevé du sol, offrant de la place pour un bureau, une bibliothèque ou un autre meuble en dessous. Afin de trouver le modèle qui vous convient le mieux, voici notre sélection des meilleurs lits mezzanines 2 places."
38246;Les meilleurs fauteuils inclinables;https://meilleurtest.fr/comparatif-fauteuil-inclinable/;Meubles;"Les fauteuils inclinables attirent les consommateurs en quête de confort et de <a href=""https://meilleurtest.fr/comparatif-fauteuil-relax/"" target=""_blank"" rel=""noopener"">relaxation</a>. Avec leur popularité croissante, les modèles se multiplient sur le marché et les marques rivalisent d’ingéniosité pour séduire le public. Choisir celui qui comblera votre besoin de repos peut alors s’avérer plus complexe, surtout s’il s’agit de votre premier achat. Pour vous aider dans votre quête, nous avons sélectionnez pour vous les meilleurs fauteuils inclinables du moment."
38245;Les meilleurs fauteuils club;https://meilleurtest.fr/comparatif-fauteuil-club/;Meubles;Le fauteuil club a traversé les siècles sans prendre une seule ride. Désormais incontournable dans la décoration d’intérieure, attendez-vous à passer de bons moments dans ce mobilier indémodable. Mais comment bien choisir ce meuble ? Si vous avez du mal à élire un modèle particulier, ce guide d’achat des meilleurs fauteuils club vous aidera à y voir plus clair.
38235;Les meilleurs canapés pour enfant;https://meilleurtest.fr/comparatif-canape-pour-enfant/;Meubles;Le canapé pour enfant est un lieu de détente par excellence pour les tout-petits. Ils s'y installeront confortablement pour lire, regarder leurs dessins animés préférés, jouer avec leurs amis et faire la sieste. Bien qu’il existe un large choix de modèles sur le marché, le canapé pour enfant est souvent fixe, convertible ou gonflable. Jetez donc un coup d’œil à notre liste pour dénicher le meilleur modèle.
38234;Les meilleures chaises transparentes;https://meilleurtest.fr/comparatif-chaise-transparente/;Meubles;Trop seventies ? Pas du tout ! La chaise transparente se veut esthétique, épurée et élégante d’autant plus qu’elle s’intègre facilement dans tous les styles de déco. Son allure tendance apportera un soupçon de modernité à votre intérieur, qu’elle soit en verre ou en plastique, et vous pouvez en user et en abuser à votre guise. Laissez-vous tenter par l’un des modèles de ce comparatif.
38221;Les meilleurs canapés relax;https://meilleurtest.fr/comparatif-canape-relax/;Meubles;Quoi de mieux qu'un bon canapé pour se détendre après une longue journée éreintante ou pour profiter des pauses du week-end ? Réponse : un canapé relax. Comparé aux modèles standards, ce type de canapé optimise les moments détentes grâce à quelques fonctionnalités ingénieuses. Vous en voulez un ? Notre guide consacré aux canapés relax (également appelés sofas relax) vous aidera à trouver votre bonheur.
38199;Les meilleurs lits escamotables;https://meilleurtest.fr/comparatif-lit-escamotable/;Meubles;Vous êtes en quête d’un lit, mais manquez d’espace dans votre maison ? Faites d’une pierre deux coups en adoptant une literie escamotable. Moderne, stylé et pratique, cet équipement vous facilitera la vie sur plusieurs points. Mais quel modèle choisir ? Aidez-vous de notre sélection des meilleurs lits escamotables disponibles en ce moment.
38132;Les meilleurs poufs géants;https://meilleurtest.fr/comparatif-pouf-geant/;Meubles;Avoir un pouf géant, c’est profiter des moments de détente exceptionnels. Cet accessoire déco s’affirme comme étant un meuble à part entière et trouve sa place à l’intérieur, en jardin ou en terrasse. Même s’il est capable de s’adapter à toutes les morphologies, encore faut-il savoir trouver le bon modèle. Mammouth, fauteuil, gonflable ou poire, découvrez les meilleurs poufs géants pour cette année.
38063;Les meilleurs tabourets de bar;https://meilleurtest.fr/comparatif-tabouret-de-bar/;Meubles;"Vous connaissez cette situation : une soirée entre amis autour du comptoir, sauf que vos invités se retrouvent debout ou mal assis faute de <a href=""https://meilleurtest.fr/comparatif-chaise-de-salle-a-manger/"">chaises</a> adaptées. La solution ? Des tabourets de bar, évidemment ! Avec leur design varié (rustique, industriel, contemporain…) et leur hauteur ajustée, ils transforment n'importe quelle cuisine ou salon en un espace convivial. Découvrez notre guide comparatif pour trouver le tabouret parfait et faire de vos soirées un véritable succès."
38047;Les meilleurs meubles TV suspendus;https://meilleurtest.fr/comparatif-meuble-tv-suspendu/;Meubles;"Il n’a jamais été facile de trouver un emplacement adéquat pour son <a class=""wpil_keyword_link"" title=""téléviseur"" href=""https://meilleurtest.fr/comparatif-televiseur/"" data-wpil-keyword-link=""linked"">téléviseur</a> à écran plat. Dans tous les cas, vous devrez investir dans un mobilier à la fois durable et esthétique, qui mette la TV en valeur. Quoi de mieux qu'un meuble TV suspendu pour apporter une touche de raffinement à votre coin TV ? Idéal pour parfaire la déco d'un salon ou d'une chambre à coucher étroite, il libère de l’espace tout en restant magnifique. Suivez le guide pour tout savoir."
38036;Les meilleures têtes de lit;https://meilleurtest.fr/comparatif-tete-de-lit/;Meubles;"Se calant entre le mur et le <a class=""wpil_keyword_link"" title=""sommier"" href=""https://meilleurtest.fr/comparatif-sommier/"" data-wpil-keyword-link=""linked"">sommier</a>, la tête de lit a ce don de donner vie à la literie, et à la chambre à coucher toute entière. Par ses lignes agréables, elle dynamise la pièce, donne le ton de la décoration et sublime l’espace nuit. Comment choisir une tête de lit ? Toutes les réponses à vos questions dans ce guide comparatif."
38034;Les meilleurs lits 140x190;https://meilleurtest.fr/comparatif-lit-140x190/;Meubles;Pendant plusieurs décennies, le lit 140x190 est resté la référence en termes de dimensions pour un lit double. Même si les lits plus grands connaissent le vent en poupe, ce type de lits reste compatible à la morphologie de la plupart des Français et s’adapte aux chambres principales restreintes. Renouez avec ce standard indétrônable dans ce guide comparatif des meilleurs lits 140x190.
38033;Les meilleurs lits cabanes Montessori;https://meilleurtest.fr/comparatif-lit-cabane-montessori/;Meubles;Concrétisation de l’autonomie de couchage prônée par la pédagogie Montessori, les lits cabanes développent l’indépendance, la motricité et le sens de l’orientation des enfants dès l’âge de quitter le berceau. Le tout, avec un côté ludique qui les fera craquer ! Envie d’en acheter un pour votre enfant ? Parcourez notre guide comparatif des meilleurs lits cabanes Montessori.
38032;Les meilleurs lits coffres;https://meilleurtest.fr/comparatif-lit-coffre/;Meubles;Plus d’un Français sur deux avoue se sentir à l’étroit et vouloir davantage d’espace de rangement. Débarquant sur son cheval blanc, les lits coffres interviennent comme de véritables héros qui résoudront justement ces problèmes. Quel lit coffre trouvera une place chez vous ? Laissez-vous aider par notre guide comparatif pour faire le bon choix !
38031;Les meilleurs lits 160x200;https://meilleurtest.fr/comparatif-lit-160x200/;Meubles;Si le lit 160x200 a évincé l’ancien standard pour un lit double, c’est parce qu’il répond à une nouvelle attente des Français : bouger sans réveiller l’autre. Le succès est acquis pour ce lit queen size qui promet une plus grande aisance au lit. Vous n’arrivez pas à vous retrouver parmi les différents modèles proposés par les vendeurs ? Découvrez notre comparatif des meilleurs lits 160x200 !
38026;Les meilleures tables basses en marbre;https://meilleurtest.fr/comparatif-table-basse-marbre/;Meubles;Pièce maîtresse d’un style classique chic, la table basse en marbre a traversé les siècles sans perdre une once de sa noblesse. Se déclinant sous des formes inimaginables, allant des plus basiques aux plus complexes, elle apporte une réelle valeur ajoutée à votre salon, peu importent les dimensions du plateau. La table passe en marbre qu'il vous faut se trouve sûrement quelque part, encore faut-il savoir où chercher. Voici les modèles qui nous ont le plus inspirés.
38021;Les meilleures coiffeuses pour enfant;https://meilleurtest.fr/comparatif-coiffeuse-pour-enfant/;Meubles;« Miroir, mon beau miroir, qui est la plus belle ? ». Quelle petite fille n’a jamais souhaité répéter cette célèbre réplique devant sa propre coiffeuse pour enfant ? Et vous avez la possibilité de faire de ce rêve une réalité en lui en offrant une. Qu’elle soit en bois robuste ou en plastique résistant, un large choix s’offre à vous. Trouvez les coiffeuses pour enfant les plus sympathiques en lisant notre comparatif.
38017;Les meilleurs lits bébé;https://meilleurtest.fr/comparatif-lit-bebe/;Meubles;"Après sa naissance, étant donné que bébé passera l’essentiel de son temps à dormir, autant lui procurer un lit adapté à sa morphologie et à sa croissance. Mais quel modèle choisir ? Berceaux classiques, <a class=""wpil_keyword_link"" title=""lits parapluie"" href=""https://meilleurtest.fr/comparatif-lit-parapluie/"" data-wpil-keyword-link=""linked"">lits parapluie</a>, à barreaux, cododo, etc. Difficile de s’y retrouver. À cet effet, simplifiez-vous la vie en basant vos recherches sur notre sélection des meilleurs lits bébé du moment."
38012;Les meilleurs clic-clacs pas chers;https://meilleurtest.fr/comparatif-clic-clac-pas-cher/;Meubles;Offrant une capacité d’assise importante en journée et servant de couchage d’appoint la nuit, le clic clac pas cher séduit de plus belle de nombreux foyers. C’est la solution idéale pour effectuer un meilleur agencement intérieur en plus de procurer un confort optimal à l’utilisateur. Petit guide pour choisir le clic clac pas cher qui répondra au mieux à vos attentes.
38001;Les meilleurs lits enfants;https://meilleurtest.fr/comparatif-lit-enfant/;Meubles;L’heure de quitter le berceau a sonné, mais vous n’avez pas encore trouvé un bon lit enfant pour votre loulou ? Pas de panique, non seulement nous avons testé les meilleurs lits enfants du moment, mais nous vous proposons également un guide détaillé pour vous aider à en choisir un.
37998;Les meilleures chaises de bar;https://meilleurtest.fr/comparatif-chaise-de-bar/;Meubles;La chaise de bar, au-delà de son utilité et de son confort, apporte une touche glamour à la décoration. Aménagé autour du bar ou d’un îlot central, ce meuble s'est depuis longtemps décliné sous une multitude de variantes. Style scandinave, ambiance vintage, style industriel, etc., si vous l’aimez aussi élégante que douée d’une belle personnalité, voici nos meilleures idées pour faire le bon choix !
37995;Les meilleurs lits;https://meilleurtest.fr/comparatif-lit/;Meubles;À l'âge de 80 ans, un être humain aura en moyenne passé 26 ans de sa vie à dormir, sans compter les autres activités qu'il a faites au lit. Compte tenu du temps colossal que l’on y passe, il faudra bien choisir pour obtenir un mobilier si accueillant que l’on aura envie d’y rester. Consultez notre liste des magasins et boutiques auprès desquels vous pourrez vous procurer un lit de qualité certaine.
37969;Les meilleurs fauteuils acapulco;https://meilleurtest.fr/comparatif-fauteuil-acapulco/;Meubles;Dans la famille des mobiliers de jardin, le fauteuil acapulco fait partie des incontournables en raison de sa forme en œuf, de son assise tressée et de ses couleurs chatoyantes. À lui seul, il constitue l’élément fort de la décoration du jardin ou de la terrasse. De plus, ce meuble de détente a une forte résistance aux conditions extérieures malgré son apparence fragile et la possibilité de l'utiliser pour la décoration intérieure. En parcourant notre sélection, vous trouverez le fauteuil acapulco idéal pour meubler votre espace.
37966;Les meilleurs lits superposés;https://meilleurtest.fr/comparatif-lit-superpose/;Meubles;Il y a peu d'espace de jeu et et peu d'ouvertures dans la chambre de vos enfants ? L'idée d'acheter un lit superposé ne vous est pas venue à l'esprit ? Comme les deux lits sont reliés verticalement, l'espace occupé par deux lits devient équivalent à l'espace occupé par un seul lit. Par contre, choisir le bon n'est facile. Parcourez ce guide comparatif des meilleurs lits superposés et découvrez notre top 4 !
37937;Les meilleures salles à manger;https://meilleurtest.fr/comparatif-salle-a-manger/;Meubles;Pièce maîtresse du coin repas, la salle à manger se définit comme un élément convivial où on se réunit en famille ou entre amis. C’est aussi un lieu de partage que l’on peut aménager dans la cuisine, dans la salle de séjour ou dans une pièce indépendante. Mais comment choisir la meilleure salle à manger ? En bois, en métal ou plastique, consultez notre guide et trouvez ce qui s’accorde le plus à votre style décoratif.
37843;Les meilleurs lits gigognes;https://meilleurtest.fr/comparatif-lit-gigogne/;Meubles;Vous voulez accueillir des amis mais vous disposez de peu de place ? Achetez un lit gigogne ! Permettant un gain de place, plus d'espace de rangement dans le cas d'un lit tiroir, tout en étant un mobilier déco, il permet d’obtenir un lit d’appoint prêt à l’emploi pour les cas où l’on reçoit à l’improviste. Comment choisir ? Découvrez notre guide sur les meilleurs lits gigognes du moment.
37819;Les meilleurs fauteuils à bascule;https://meilleurtest.fr/comparatif-fauteuil-a-bascule/;Meubles;Rester assis longtemps sur un fauteuil sans bouger peut causer des problèmes au niveau des vertèbres et des muscles. Raison pour laquelle les fauteuils à bascule ont été inventés. Il s'agit d'un type de fauteuil qui offre une assise parfaite et qui permet de se balancer d'avant en arrière pour rajouter à la détente. Il s'utilise aussi bien à l'intérieur que sur la terrasse, la véranda ou dans le jardin. Trouvez à travers notre guide d'achat les meilleurs fauteuils à bascule du moment.
37796;Les meilleurs meubles TV design;https://meilleurtest.fr/comparatif-meuble-tv-design/;Meubles;"La télévision est le meilleur outil de divertissement. Que vous la regardiez fréquemment ou à l'occasion, mieux vaut choisir un support fonctionnel et élégant, surtout si la <a class=""wpil_keyword_link"" title=""TV"" href=""https://meilleurtest.fr/comparatif-televiseur/"" data-wpil-keyword-link=""linked"">TV</a> va prendre place dans le salon ou la chambre à coucher. Le meuble TV design peut parfaitement remplir cette fonction. Mais il y en a tellement que choisir devient compliqué. Découvrez notre guide des meilleurs meubles TV design."
37793;Les meilleurs canapés design;https://meilleurtest.fr/comparatif-canape-design/;Meubles;Atout décoratif incontournable, le canapé est un mobilier fonctionnel permettant de passer du bon temps dans la maison ou dans le jardin. Aujourd’hui, tous les canapés veulent répondre aux exigences esthétiques et se prétendent design. Mais comment démêler le vrai du faux ? En effet, choisir un canapé design n’est pas une chose aisée, d’autant plus que les fabricants rivalisent créativité. Pour trouver l’ameublement qui siéra parfaitement à votre séjour, lisez notre guide des meilleurs canapés design.
37765;Les meilleurs lits 90x190;https://meilleurtest.fr/comparatif-lit-90-190/;Meubles;Considéré comme les dimensions standards d’un couchage pour une personne, le lit 90x190 connaitra encore des jours heureux, même si son homologue 120x190 lui fait de l’ombre. Aujourd’hui présent dans les chambres d’enfant et d’adolescent, il n’est pas prêt de s’effacer. Comment en choisir un ? On vous dit tout dans ce guide comparatif sur les lits 90x190 !
37764;Les meilleurs lits queen size;https://meilleurtest.fr/comparatif-lit-queen-size/;Meubles;"Depuis 2005, <a href=""https://www.leparisien.fr/societe/maintenant-on-prefere-les-grands-lits-19-10-2005-2006395975.php"">les lits queen size</a> n’ont cessé de connaitre un succès grandissant grâce au besoin des Français d’avoir un plus grand lit. Bouger et se lever sans réveiller l’autre, c’est cet exploit du lit 160x200 qui a relayé au second plan l’ancien standard 140x190. Comment adopter ce lit à consonance royale ? Parcourez notre guide comparatif des meilleurs lits queen size du moment."
37763;Les meilleurs lits bureaux;https://meilleurtest.fr/comparatif-lit-bureau/;Meubles;"Faisant partie des lits à double fonction, les lits bureaux investissent les foyers des Français au moment où <a href=""https://edito.seloger.com/actualites/france/immobilier-7-francais-sur-10-manquent-de-place-dans-leur-logement-article-21996.html"">69 % d’entre eux</a> affirment manquer d’espace à la maison. Solution gain de place particulièrement ingénieuse, ils offrent de belles perspectives en combinant chambre à coucher et espace de travail. Comment en choisir et quels sont les meilleurs lits bureaux du moment ?"
37761;Les meilleurs lits cabanes enfants;https://meilleurtest.fr/comparatif-lit-cabane-enfant/;Meubles;"Votre petit refuse d'aller au lit et continue à jouer au lieu de se glisser sous les couvertures ? Pourquoi ne pas rendre le moment du coucher aussi amusant qu’une aventure ? Avec un lit cabane enfant, tout change ! Sa structure en bois façon <a href=""https://meilleurtest.fr/les-meilleures-cabanes-en-bois/"">charpente de maison</a>, ses barrières de sécurité et son design très cosy créent un espace rassurant et ludique à la fois. Jetez un œil à notre sélection des meilleurs lits cabanes enfants pour trouver celui qui fera plaisir à votre progéniture !"
37758;Les meilleures têtes de lit en bois;https://meilleurtest.fr/comparatif-tete-de-lit-bois/;Meubles;"Aussi décorative que fonctionnelle, la tête de lit en bois complète le décor de la chambre à coucher. Sa seule présence suffit pour insuffler de la vie et de la convivialité dans la pièce. Vous avez un lit composé uniquement d’un cadre, d’un <a class=""wpil_keyword_link"" title=""sommier"" href=""https://meilleurtest.fr/comparatif-sommier/"" data-wpil-keyword-link=""linked"">sommier</a> et d’un matelas ? Découvrez ce guide-comparatif des meilleures têtes de lit en bois pour rehausser votre lit et votre chambre à coucher."
37757;Les meilleurs lits d'appoint;https://meilleurtest.fr/comparatif-lit-appoint/;Meubles;Quand on n’a pas de chambres d’amis, mais que l’on ne souhaite pas être pris de court quand un proche passe la nuit à la maison, on investit dans un lit d’appoint. Il ne prend pas d’espace, se glisse dans une partie de la maison ou se trouve un autre usage en journée. Comment en choisir ? Parcourez notre guide comparatif des meilleurs lits d’appoint de l’année dans cet article.
37752;Les meilleurs lits 120x190;https://meilleurtest.fr/comparatif-lit-120-190/;Meubles;Quand l’espace de votre chambre à coucher ne vous permet pas d’avoir un lit double ou si tout simplement, vous souhaitez un lit pour 1 personne plus spacieuse que d’habitude, le lit 120x190 s’impose comme la solution idéale. Peu commun, mais très pratique, le lit 1 place et demi vous surprendra de bien de façons. Découvrez ce guide et comparatif sur les meilleurs lits 120x190 du moment.
37725;Les meilleurs ponts de lit;https://meilleurtest.fr/comparatif-pont-de-lit/;Meubles;Un pont de lit est bien plus qu'une simple tête de lit. Il s'agit d'un meuble à part entière doté d'espaces de stockage et destiné à optimiser la déco de la chambre à coucher. Si vous cherchez à vous en procurer un, notre guide des meilleurs ponts de lit vous sera d'une grande utilité.
37720;Les meilleurs lits de camp;https://meilleurtest.fr/comparatif-lit-de-camp/;Meubles;Le camping a le vent en poupe chez les Français ! En effet, outre son attrait touristique, il est perçu comme particulièrement rassurant du point de vue sanitaire par près de 75% des vacanciers. Si vous êtes de l'aventure, faites en sorte de bien vous équiper ! Pas question de dormir sur un matelas de sol... un lit de camp vous aidera à passer des nuits beaucoup plus confortables.
37644;Les meilleurs poufs poires;https://meilleurtest.fr/comparatif-pouf-poire/;Meubles;C'est pas facile de trouver des assises design, confortables et originales pour le salon ou le bureau. Le canapé peut sembler trop banal et coûte cher. Dans ce cas, pourquoi ne pas choisir un pouf poire ? Se déclinant en différents modèles, tailles, coloris et matériaux, ce siège apportera la touche singulière qui manque à votre déco intérieure ou votre jardin. Trouvez le meilleur pouf poire à  travers ce guide d’achat.
37635;Les meilleurs meubles de salle de bain;https://meilleurtest.fr/comparatif-meuble-de-salle-de-bain/;Meubles;"Au cours d'une vie, <a href=""https://fr.homenal.com/22-chiffres-insolites-de-la-vie-le-temps-passe-et-passe/"">nous passons plus de 3000 heures dans la salle de bain</a> ! Autant décorer cette pièce bien comme il faut, en y rajoutant un miroir, une armoire à pharmacie et surtout un meuble de salle de bain. Destiné à accueillir l'essentiel, ce mobilier existe en plusieurs types (armoire, meuble sous vasque, étagère). D'où le choix un peu compliqué surtout quand il faut tenir compte du style de votre salle de bain. Pour vous aider à choisir, découvrez notre guide des meilleurs meubles de salle de bain pour cette année."
37617;Les meilleurs bureaux assis-debout;https://meilleurtest.fr/comparatif-bureau-assis-debout/;Meubles;Saviez-vous que la position assise augmente l'obésité, la pression artérielle, et le taux de glycémie ? Elle tue même plus que le tabac. Un bureau assis-debout offre heureusement une solution simple à tous ces problèmes. Bien que nous ayons comparé de nombreux modèles, nous n'en avons retenu que quatre pour leur côté économique, leur large plateforme et leur transportabilité. Découvrez cela plus en détail à travers ce guide des meilleurs bureaux assis-debout.
37557;Les meilleures chauffeuses 2 places;https://meilleurtest.fr/comparatif-chauffeuse-2-places/;Meubles;La chauffeuse est un meuble 2 en 1 qui séduit par ses dimensions compactes. Si vous habitez dans un petit appartement, un studio ou un logement universitaire, une chauffeuse 2 places servira de canapé le jour et de lit d'appoint la nuit. Mais face aux nombreux modèles qui existent, pas facile de choisir. Notre guide des meilleures chauffeuses 2 places va vous faciliter la tâche.
37552;Les meilleures housses de canapés;https://meilleurtest.fr/comparatif-housse-de-canape/;Meubles;Avez-vous envie de changer le style de votre canapé ou touts simplement le protéger des saletés et de la poussière ? La housse de canapé vous aide à faire les deux. Mais sachez que ce genre d'accessoire ne se choisit pas n'importe comment. Entre la taille du canapé (dimensions, nombre de places..), le  revêtement de la housse, les contours du canapé, la couleur de la housse ou encore vos goûts, pas facile de choisir. Pour trouver la bonne housse pour votre canapé, consultez ce guide comparatif.
37521;Les meilleurs meubles à chaussures;https://meilleurtest.fr/comparatif-meuble-a-chaussure/;Meubles;En moyenne, une Française a 17 paires de chaussures contre 8 pour un Français. Si les paires commencent à s’accumuler dans un coin de votre logement, alors vous avez besoin d’un meuble à chaussures adapté pour les ranger. Dans ce guide, trouvez les astuces pour choisir le meilleur meuble à chaussures qui répond à vos besoins et que vous pourriez acheter à un prix raisonnable.
37505;Les meilleurs fauteuils confortables;https://meilleurtest.fr/comparatif-fauteuil-confortable/;Meubles;Que ce soit dans un salon, un bureau de travail, une chambre ou même une bibliothèque, le fauteuil reste un meuble irremplaçable. Utilisé le plus souvent pour se relaxer et se détendre, le fauteuil n’est plus seulement un accessoire pratique, mais aussi esthétique. Dans ce guide d’achat, retrouvez quelques articles parmi les plus appréciés lorsqu’il s’agit de fauteuil confortable.
37487;Les meilleures bibliothèques;https://meilleurtest.fr/comparatif-bibliotheque/;Meubles;Véritable pièce décorative d’un espace intérieur, la bibliothèque jouit avant tout d’un rôle fonctionnel. En effet, ce mobilier peut accueillir un grand nombre d’objets et d’articles décoratifs, allant des livres aux œuvres d’art en passant par les CD, les cadres photo, etc. Mais le choix d’une bibliothèque peut s’avérer une tâche décourageant tant le choix est vaste sur le marché. Découvrez notre guide des meilleures bibliothèques pour vous faciliter la vie.
37436;Les meilleurs lits avec tiroir de rangement;https://meilleurtest.fr/comparatif-lit-tiroir-de-rangement/;Meubles;Pratique et fonctionnel, le lit avec tiroir de rangement constitue une excellente solution pour les chambres de petite surface. Ce meuble deux-en-un offre à la fois un couchage confortable et un espace de rangement intégré tout en permettant de gagner de la place. Il existe des centaines de modèles de lit coffre sur le marché. Vous avez besoin d’aide pour bien choisir ? Suivez le guide.
37395;Les meilleurs lits de jardin;https://meilleurtest.fr/comparatif-lit-de-jardin/;Meubles;Selon les dernières statistiques, 81% des français disposent d’un jardin ou d’un espace extérieur : un chiffre explosif qui a augmenté de 21% en 4 ans. Pourquoi un tel engouement ? Une enquête de l’UNEP affirme que pour 50% des français, cet espace vert est le deuxième endroit de la maison qui donne du mérite à son habitat, après le salon. Nous allons consacrer un article sur les meilleurs lits de jardin, afin de vous guider pour l’aménagement de votre deuxième refuge.
37390;Les meilleurs lits évolutifs bébé;https://meilleurtest.fr/comparatif-lit-bebe-evolutif/;Meubles;"Votre bébé va bientôt naître et vous souhaiteriez lui offrir lit (<a href=""https://meilleurtest.fr/comparatif-berceau-bebe/"">berceau</a>, <a href=""https://meilleurtest.fr/comparatif-lit-cododo/"">lit cododo</a>, etc.) confortable mais aussi pratique pour vous ? Pourquoi ne pas prendre un lit évolutif ? Plus intéressant et économique qu'un berceau classique, ce type de lit grandit en même temps que votre bébé. Plus tard, il pourra même servir de lit d’ado selon le modèle. Mais lequel choisir ? Lisez ce guide pour vous faire une idée."
37372;Les meilleurs lits 140×200;https://meilleurtest.fr/comparatif-lit-140x200/;Meubles;Un lit plus grand, c'est la tendance actuelle avec une augmentation des ventes de plus de 40% en 10 ans. La dimension standard, 140x190, devient obsolète et fait place au lit 140x200, plus confortable. Ces 10 cm de plus feront le bonheur des personnes qui bougent souvent dans leur sommeil. Comment choisir un lit 140x200 ? Lisez notre guide complet pour tout savoir !
37367;Les meilleurs canapés convertibles confortables;https://meilleurtest.fr/comparatif-canape-convertible/;Meubles;Tout aussi confortable qu'un canapé fixe, le modèle convertible est très prisé pour sa grande praticité. Se transformant tantôt en canapé tantôt en couchage d’appoint, il s’équipe de mécanismes performants qui vont transformer votre salon en chambre à coucher pour accueillir vos amis ou vos invités la nuit. Un atout qui vaut largement le petit surcoût ! Les détails dans ce guide.
37366;Les meilleurs lits superposés 3 places;https://meilleurtest.fr/comparatif-lit-superpose-3-place/;Meubles;Partager la même chambre sans faire de concession sur son espace personnel, c’est ce que permet un lit superposé 3 places. Gain de place, ce type de mobilier permet à chaque enfant de préserver une certaine intimité. Comment choisir un lit superposé 3 places ? Trouvez toutes les réponses à vos questions dans ce guide agrémenté de notre sélection des meilleurs lits superposés de cette année.
37358;Les meilleurs fauteuils de bureau ergonomique;https://meilleurtest.fr/comparatif-fauteuil-de-bureau-ergonomique/;Meubles;"Travailler dans un bureau implique de passer beaucoup de temps assis sur un <a href=""https://meilleurtest.fr/comparatif-fauteuil-de-bureau/?wordpress_logged_in=true"">fauteuil</a>. Une telle posture rajoute du stress aux structures de la colonne vertébrale. Pour éviter de développer ou aggraver les problèmes de dos, dont souffrent 9 Français sur 10, il est important d’avoir un fauteuil de bureau ergonomique. Cela vous intéresse ? On vous explique tout à travers notre guide d'achat."
37342;Les meilleurs canapés confortables;https://meilleurtest.fr/comparatif-canape-confortable/;Meubles;Le canapé invite à se détendre, lire un livre ou regarder la télévision. Il permet aussi de bien recevoir les invités. Les canapés esthétiques, il y en a des centaines, voire des milliers. Mais trouver un canapé confortable se révèle plus compliqué. En effet, plusieurs paramètres entrent en compte, comme les dimensions, la qualité du rembourrage, la hauteur des dossiers, etc. Pour faire le bon choix, nous vous invitons à lire ce guide des meilleurs canapés confortables.
37340;Les meilleurs canapés relax électriques;https://meilleurtest.fr/comparatif-canape-relax-electrique/;Meubles;Un salon sans canapé, c'est comme un lit sans matelas. Qu'il propose 2, 3 ou 4 places, voire plus, ce meuble incontournable permet de se détendre après le travail, regarder la télévision, recevoir des invités… Pour plus de confort, essayez le canapé relax électrique. Mais parmi les nombreux modèles, lequel vous convient le mieux ? Accélérez vos recherches grâce à notre guide des meilleurs canapés relax électriques.
37339;Les meilleures chambres complètes pour adultes;https://meilleurtest.fr/comparatif-chambre-complete-pour-adulte/;Meubles;Cocon de vie, lieu de repos, on se sentira rarement mieux ailleurs que dans la chambre à coucher. Afin d’y instaurer cohérence et harmonie entre les meubles, il faut prendre le temps de les choisir avec minutie. Pour aller plus vite et économiser, l’achat de meubles assortis est souvent préconisé, y compris dans une chambre d’adulte. Rénovation ou aménagement neuf, si vous aimez tout acheter d’un trait, ce guide des meilleures chambres à coucher complètes pour adultes est fait pour vous.
37338;Les meilleurs lits cododo;https://meilleurtest.fr/comparatif-lit-cododo/;Meubles;"Vous voulez que bébé dorme dans la<a href=""https://meilleurtest.fr/comparatif-chambre-complete-adulte/""> chambre parentale</a> au plus près de votre lit ? Vous souhaitez faciliter les tétées sans avoir à vous lever au milieu de la nuit ? Offrez-vous un lit cododo. Ce couchage, très pratique, simplifie les nuits autant pour l’enfant que pour que ses parents. Le lit cododo se distingue notamment par un côté ouvert qui se colle contre un lit plus grand à l’aide de crochets ou de sangles. Avec ou sans matelas ? Avec ou sans roulettes ? Inclinable ou fixe ? Trouvez le meilleur lit cododo pour votre bébé en parcourant ce guide d'achat."
37335;Les meilleures chaises scandinaves;https://meilleurtest.fr/comparatif-chaise-scandinave/;Meubles;"Les mobiliers de style scandinave ont un look particulier au niveau des pieds inclinés et des formes minimalistes. Cela fait tout leur charme. Lits, <a href=""https://meilleurtest.fr/comparatif-canape-relax/"">canapés</a>, chaises, on en trouve à toutes les sauces. Pour les chaises en particulier, les prix restent raisonnables. Mais lesquelles choisir ? Pour le savoir, lisez notre guide des meilleures chaises scandinaves du moment."
37323;Les meilleures tables basses;https://meilleurtest.fr/comparatif-table-basse/;Meubles;Un salon sans table basse, c’est comme un lit sans oreillers. C'est beau, mais il manque quelque chose. Souvent placée comme élément central du salon, cette table compacte doit s’ajuster au style de la décoration. Ronde, carrée, rectangulaire, en fer, en bois, en métal, en verre, on trouve des tables basses de toutes les formes et de toutes les tailles. Pour affiner vos recherches et gagner du temps, découvrez notre sélection des meilleures tables basses pour cette année.
37301;Les meilleures tables à manger;https://meilleurtest.fr/comparatif-table-a-manger/;Meubles;A l’image du canapé, la table à manger est un meuble qui réunit la famille. Installée en cuisine, dans le séjour, dans une pièce dédiée ou même à l’extérieur, elle est généralement faite en bois, en plastique, ou en verre. En raison des différents designs, des matériau, des prix ou du nombre de places, choisir une table à manger peut s’apparenter à un parcours du combattant. Simplifiez-vous la vie en lisant ce guide.
37291;Les meilleures tables pliantes;https://meilleurtest.fr/comparatif-table-pliante/;Meubles;Dans le jardin, pour la maison, à l’occasion d’un pique-nique, pour aller camper ou à des fins commerciales (restaurant, bar, …), la table pliante répond à de nombreux besoins. En bois, en métal, en plastique, pour 2 personnes, 8 personnes, voire plus, on en trouve à tous les goûts et pour toutes les bourses. Grâce à notre guide d’achat, découvrez les meilleures tables pliantes du moment.
37284;Les meilleurs canapés 2 places convertibles;https://meilleurtest.fr/comparatif-canape-2-places-convertible/;Meubles;"Vous manquez de place dans votre studio ou votre appartement ? Joignez l’utile à l’agréable et gagnez de la place en achetant un <a href=""https://meilleurtest.fr/comparatif-canape-convertible-pas-chers/"">canapé convertible</a> 2 places. Outre sa fonction de mobilier d’assise, il pourra se transformer en lit d’appoint si besoin. Capitonné ou déhoussable, en bois ou en métal, lisez notre guide pour trouver votre canapé convertible 2 places."
37282;Les meilleures étagères murales;https://meilleurtest.fr/comparatif-etagere-murale/;Meubles;Difficile de garder une pièce en ordre sans un meuble de rangement. À ce sujet, l’étagère murale est appréciée pour son installation en hauteur, ce qui signifie zéro encombrement au sol. Entre les livres, les ustensiles qui s’étalent partout en cuisine, les papiers du bureau, toute chose trouvera sa place grâce à ce mobilier fonctionnel et pratique. Classique, vintage ou design, en bois, en métal ou en plastique, on en trouve dans tous les styles. Notre guide des meilleures étagères murales vous aidera à bien choisir.
37280;Les meilleurs lits banquettes;https://meilleurtest.fr/comparatif-lit-banquette/;Meubles;Très tendance, joignant l'utile à l'agréable, le lit banquette offre une solution toute faite si vous cherchez un canapé pouvant servir de couchage d'appoint quand l'occasion se présente. Destiné aux studios, petits appartements et chambres d'étudiants, ce mobilier 2-en-1 existe en une multitude de modèles et de déclinaisons. Classique, décoratif, le choix n'est pas toujours puisqu'il faut tenir compte du confort et de l'espace au-delà du design. Découvrez dans ce guide les meilleurs lits banquettes du marché.
38132;Les meilleurs poufs géants;https://meilleurtest.fr/comparatif-pouf-geant/;Meubles;Avoir un pouf géant, c’est profiter des moments de détente exceptionnels. Cet accessoire déco s’affirme comme étant un meuble à part entière et trouve sa place à l’intérieur, en jardin ou en terrasse. Même s’il est capable de s’adapter à toutes les morphologies, encore faut-il savoir trouver le bon modèle. Mammouth, fauteuil, gonflable ou poire, découvrez les meilleurs poufs géants pour cette année.
38063;Les meilleurs tabourets de bar;https://meilleurtest.fr/comparatif-tabouret-de-bar/;Meubles;"Vous connaissez cette situation : une soirée entre amis autour du comptoir, sauf que vos invités se retrouvent debout ou mal assis faute de <a href=""https://meilleurtest.fr/comparatif-chaise-de-salle-a-manger/"">chaises</a> adaptées. La solution ? Des tabourets de bar, évidemment ! Avec leur design varié (rustique, industriel, contemporain…) et leur hauteur ajustée, ils transforment n'importe quelle cuisine ou salon en un espace convivial. Découvrez notre guide comparatif pour trouver le tabouret parfait et faire de vos soirées un véritable succès."
38047;Les meilleurs meubles TV suspendus;https://meilleurtest.fr/comparatif-meuble-tv-suspendu/;Meubles;"Il n’a jamais été facile de trouver un emplacement adéquat pour son <a class=""wpil_keyword_link"" title=""téléviseur"" href=""https://meilleurtest.fr/comparatif-televiseur/"" data-wpil-keyword-link=""linked"">téléviseur</a> à écran plat. Dans tous les cas, vous devrez investir dans un mobilier à la fois durable et esthétique, qui mette la TV en valeur. Quoi de mieux qu'un meuble TV suspendu pour apporter une touche de raffinement à votre coin TV ? Idéal pour parfaire la déco d'un salon ou d'une chambre à coucher étroite, il libère de l’espace tout en restant magnifique. Suivez le guide pour tout savoir."
38036;Les meilleures têtes de lit;https://meilleurtest.fr/comparatif-tete-de-lit/;Meubles;"Se calant entre le mur et le <a class=""wpil_keyword_link"" title=""sommier"" href=""https://meilleurtest.fr/comparatif-sommier/"" data-wpil-keyword-link=""linked"">sommier</a>, la tête de lit a ce don de donner vie à la literie, et à la chambre à coucher toute entière. Par ses lignes agréables, elle dynamise la pièce, donne le ton de la décoration et sublime l’espace nuit. Comment choisir une tête de lit ? Toutes les réponses à vos questions dans ce guide comparatif."
38034;Les meilleurs lits 140x190;https://meilleurtest.fr/comparatif-lit-140x190/;Meubles;Pendant plusieurs décennies, le lit 140x190 est resté la référence en termes de dimensions pour un lit double. Même si les lits plus grands connaissent le vent en poupe, ce type de lits reste compatible à la morphologie de la plupart des Français et s’adapte aux chambres principales restreintes. Renouez avec ce standard indétrônable dans ce guide comparatif des meilleurs lits 140x190.
38033;Les meilleurs lits cabanes Montessori;https://meilleurtest.fr/comparatif-lit-cabane-montessori/;Meubles;Concrétisation de l’autonomie de couchage prônée par la pédagogie Montessori, les lits cabanes développent l’indépendance, la motricité et le sens de l’orientation des enfants dès l’âge de quitter le berceau. Le tout, avec un côté ludique qui les fera craquer ! Envie d’en acheter un pour votre enfant ? Parcourez notre guide comparatif des meilleurs lits cabanes Montessori.
38032;Les meilleurs lits coffres;https://meilleurtest.fr/comparatif-lit-coffre/;Meubles;Plus d’un Français sur deux avoue se sentir à l’étroit et vouloir davantage d’espace de rangement. Débarquant sur son cheval blanc, les lits coffres interviennent comme de véritables héros qui résoudront justement ces problèmes. Quel lit coffre trouvera une place chez vous ? Laissez-vous aider par notre guide comparatif pour faire le bon choix !
38031;Les meilleurs lits 160x200;https://meilleurtest.fr/comparatif-lit-160x200/;Meubles;Si le lit 160x200 a évincé l’ancien standard pour un lit double, c’est parce qu’il répond à une nouvelle attente des Français : bouger sans réveiller l’autre. Le succès est acquis pour ce lit queen size qui promet une plus grande aisance au lit. Vous n’arrivez pas à vous retrouver parmi les différents modèles proposés par les vendeurs ? Découvrez notre comparatif des meilleurs lits 160x200 !
38026;Les meilleures tables basses en marbre;https://meilleurtest.fr/comparatif-table-basse-marbre/;Meubles;Pièce maîtresse d’un style classique chic, la table basse en marbre a traversé les siècles sans perdre une once de sa noblesse. Se déclinant sous des formes inimaginables, allant des plus basiques aux plus complexes, elle apporte une réelle valeur ajoutée à votre salon, peu importent les dimensions du plateau. La table passe en marbre qu'il vous faut se trouve sûrement quelque part, encore faut-il savoir où chercher. Voici les modèles qui nous ont le plus inspirés.
38021;Les meilleures coiffeuses pour enfant;https://meilleurtest.fr/comparatif-coiffeuse-pour-enfant/;Meubles;« Miroir, mon beau miroir, qui est la plus belle ? ». Quelle petite fille n’a jamais souhaité répéter cette célèbre réplique devant sa propre coiffeuse pour enfant ? Et vous avez la possibilité de faire de ce rêve une réalité en lui en offrant une. Qu’elle soit en bois robuste ou en plastique résistant, un large choix s’offre à vous. Trouvez les coiffeuses pour enfant les plus sympathiques en lisant notre comparatif.
38017;Les meilleurs lits bébé;https://meilleurtest.fr/comparatif-lit-bebe/;Meubles;"Après sa naissance, étant donné que bébé passera l’essentiel de son temps à dormir, autant lui procurer un lit adapté à sa morphologie et à sa croissance. Mais quel modèle choisir ? Berceaux classiques, <a class=""wpil_keyword_link"" title=""lits parapluie"" href=""https://meilleurtest.fr/comparatif-lit-parapluie/"" data-wpil-keyword-link=""linked"">lits parapluie</a>, à barreaux, cododo, etc. Difficile de s’y retrouver. À cet effet, simplifiez-vous la vie en basant vos recherches sur notre sélection des meilleurs lits bébé du moment."
38012;Les meilleurs clic-clacs pas chers;https://meilleurtest.fr/comparatif-clic-clac-pas-cher/;Meubles;Offrant une capacité d’assise importante en journée et servant de couchage d’appoint la nuit, le clic clac pas cher séduit de plus belle de nombreux foyers. C’est la solution idéale pour effectuer un meilleur agencement intérieur en plus de procurer un confort optimal à l’utilisateur. Petit guide pour choisir le clic clac pas cher qui répondra au mieux à vos attentes.
38001;Les meilleurs lits enfants;https://meilleurtest.fr/comparatif-lit-enfant/;Meubles;L’heure de quitter le berceau a sonné, mais vous n’avez pas encore trouvé un bon lit enfant pour votre loulou ? Pas de panique, non seulement nous avons testé les meilleurs lits enfants du moment, mais nous vous proposons également un guide détaillé pour vous aider à en choisir un.
37998;Les meilleures chaises de bar;https://meilleurtest.fr/comparatif-chaise-de-bar/;Meubles;La chaise de bar, au-delà de son utilité et de son confort, apporte une touche glamour à la décoration. Aménagé autour du bar ou d’un îlot central, ce meuble s'est depuis longtemps décliné sous une multitude de variantes. Style scandinave, ambiance vintage, style industriel, etc., si vous l’aimez aussi élégante que douée d’une belle personnalité, voici nos meilleures idées pour faire le bon choix !
37995;Les meilleurs lits;https://meilleurtest.fr/comparatif-lit/;Meubles;À l'âge de 80 ans, un être humain aura en moyenne passé 26 ans de sa vie à dormir, sans compter les autres activités qu'il a faites au lit. Compte tenu du temps colossal que l’on y passe, il faudra bien choisir pour obtenir un mobilier si accueillant que l’on aura envie d’y rester. Consultez notre liste des magasins et boutiques auprès desquels vous pourrez vous procurer un lit de qualité certaine.
37969;Les meilleurs fauteuils acapulco;https://meilleurtest.fr/comparatif-fauteuil-acapulco/;Meubles;Dans la famille des mobiliers de jardin, le fauteuil acapulco fait partie des incontournables en raison de sa forme en œuf, de son assise tressée et de ses couleurs chatoyantes. À lui seul, il constitue l’élément fort de la décoration du jardin ou de la terrasse. De plus, ce meuble de détente a une forte résistance aux conditions extérieures malgré son apparence fragile et la possibilité de l'utiliser pour la décoration intérieure. En parcourant notre sélection, vous trouverez le fauteuil acapulco idéal pour meubler votre espace.
37966;Les meilleurs lits superposés;https://meilleurtest.fr/comparatif-lit-superpose/;Meubles;Il y a peu d'espace de jeu et et peu d'ouvertures dans la chambre de vos enfants ? L'idée d'acheter un lit superposé ne vous est pas venue à l'esprit ? Comme les deux lits sont reliés verticalement, l'espace occupé par deux lits devient équivalent à l'espace occupé par un seul lit. Par contre, choisir le bon n'est facile. Parcourez ce guide comparatif des meilleurs lits superposés et découvrez notre top 4 !
37937;Les meilleures salles à manger;https://meilleurtest.fr/comparatif-salle-a-manger/;Meubles;Pièce maîtresse du coin repas, la salle à manger se définit comme un élément convivial où on se réunit en famille ou entre amis. C’est aussi un lieu de partage que l’on peut aménager dans la cuisine, dans la salle de séjour ou dans une pièce indépendante. Mais comment choisir la meilleure salle à manger ? En bois, en métal ou plastique, consultez notre guide et trouvez ce qui s’accorde le plus à votre style décoratif.
37843;Les meilleurs lits gigognes;https://meilleurtest.fr/comparatif-lit-gigogne/;Meubles;Vous voulez accueillir des amis mais vous disposez de peu de place ? Achetez un lit gigogne ! Permettant un gain de place, plus d'espace de rangement dans le cas d'un lit tiroir, tout en étant un mobilier déco, il permet d’obtenir un lit d’appoint prêt à l’emploi pour les cas où l’on reçoit à l’improviste. Comment choisir ? Découvrez notre guide sur les meilleurs lits gigognes du moment.
37819;Les meilleurs fauteuils à bascule;https://meilleurtest.fr/comparatif-fauteuil-a-bascule/;Meubles;Rester assis longtemps sur un fauteuil sans bouger peut causer des problèmes au niveau des vertèbres et des muscles. Raison pour laquelle les fauteuils à bascule ont été inventés. Il s'agit d'un type de fauteuil qui offre une assise parfaite et qui permet de se balancer d'avant en arrière pour rajouter à la détente. Il s'utilise aussi bien à l'intérieur que sur la terrasse, la véranda ou dans le jardin. Trouvez à travers notre guide d'achat les meilleurs fauteuils à bascule du moment.
37796;Les meilleurs meubles TV design;https://meilleurtest.fr/comparatif-meuble-tv-design/;Meubles;"La télévision est le meilleur outil de divertissement. Que vous la regardiez fréquemment ou à l'occasion, mieux vaut choisir un support fonctionnel et élégant, surtout si la <a class=""wpil_keyword_link"" title=""TV"" href=""https://meilleurtest.fr/comparatif-televiseur/"" data-wpil-keyword-link=""linked"">TV</a> va prendre place dans le salon ou la chambre à coucher. Le meuble TV design peut parfaitement remplir cette fonction. Mais il y en a tellement que choisir devient compliqué. Découvrez notre guide des meilleurs meubles TV design."
37793;Les meilleurs canapés design;https://meilleurtest.fr/comparatif-canape-design/;Meubles;Atout décoratif incontournable, le canapé est un mobilier fonctionnel permettant de passer du bon temps dans la maison ou dans le jardin. Aujourd’hui, tous les canapés veulent répondre aux exigences esthétiques et se prétendent design. Mais comment démêler le vrai du faux ? En effet, choisir un canapé design n’est pas une chose aisée, d’autant plus que les fabricants rivalisent créativité. Pour trouver l’ameublement qui siéra parfaitement à votre séjour, lisez notre guide des meilleurs canapés design.
37765;Les meilleurs lits 90x190;https://meilleurtest.fr/comparatif-lit-90-190/;Meubles;Considéré comme les dimensions standards d’un couchage pour une personne, le lit 90x190 connaitra encore des jours heureux, même si son homologue 120x190 lui fait de l’ombre. Aujourd’hui présent dans les chambres d’enfant et d’adolescent, il n’est pas prêt de s’effacer. Comment en choisir un ? On vous dit tout dans ce guide comparatif sur les lits 90x190 !
37764;Les meilleurs lits queen size;https://meilleurtest.fr/comparatif-lit-queen-size/;Meubles;"Depuis 2005, <a href=""https://www.leparisien.fr/societe/maintenant-on-prefere-les-grands-lits-19-10-2005-2006395975.php"">les lits queen size</a> n’ont cessé de connaitre un succès grandissant grâce au besoin des Français d’avoir un plus grand lit. Bouger et se lever sans réveiller l’autre, c’est cet exploit du lit 160x200 qui a relayé au second plan l’ancien standard 140x190. Comment adopter ce lit à consonance royale ? Parcourez notre guide comparatif des meilleurs lits queen size du moment."
37763;Les meilleurs lits bureaux;https://meilleurtest.fr/comparatif-lit-bureau/;Meubles;"Faisant partie des lits à double fonction, les lits bureaux investissent les foyers des Français au moment où <a href=""https://edito.seloger.com/actualites/france/immobilier-7-francais-sur-10-manquent-de-place-dans-leur-logement-article-21996.html"">69 % d’entre eux</a> affirment manquer d’espace à la maison. Solution gain de place particulièrement ingénieuse, ils offrent de belles perspectives en combinant chambre à coucher et espace de travail. Comment en choisir et quels sont les meilleurs lits bureaux du moment ?"
37761;Les meilleurs lits cabanes enfants;https://meilleurtest.fr/comparatif-lit-cabane-enfant/;Meubles;"Votre petit refuse d'aller au lit et continue à jouer au lieu de se glisser sous les couvertures ? Pourquoi ne pas rendre le moment du coucher aussi amusant qu’une aventure ? Avec un lit cabane enfant, tout change ! Sa structure en bois façon <a href=""https://meilleurtest.fr/les-meilleures-cabanes-en-bois/"">charpente de maison</a>, ses barrières de sécurité et son design très cosy créent un espace rassurant et ludique à la fois. Jetez un œil à notre sélection des meilleurs lits cabanes enfants pour trouver celui qui fera plaisir à votre progéniture !"
37758;Les meilleures têtes de lit en bois;https://meilleurtest.fr/comparatif-tete-de-lit-bois/;Meubles;"Aussi décorative que fonctionnelle, la tête de lit en bois complète le décor de la chambre à coucher. Sa seule présence suffit pour insuffler de la vie et de la convivialité dans la pièce. Vous avez un lit composé uniquement d’un cadre, d’un <a class=""wpil_keyword_link"" title=""sommier"" href=""https://meilleurtest.fr/comparatif-sommier/"" data-wpil-keyword-link=""linked"">sommier</a> et d’un matelas ? Découvrez ce guide-comparatif des meilleures têtes de lit en bois pour rehausser votre lit et votre chambre à coucher."
37757;Les meilleurs lits d'appoint;https://meilleurtest.fr/comparatif-lit-appoint/;Meubles;Quand on n’a pas de chambres d’amis, mais que l’on ne souhaite pas être pris de court quand un proche passe la nuit à la maison, on investit dans un lit d’appoint. Il ne prend pas d’espace, se glisse dans une partie de la maison ou se trouve un autre usage en journée. Comment en choisir ? Parcourez notre guide comparatif des meilleurs lits d’appoint de l’année dans cet article.
37752;Les meilleurs lits 120x190;https://meilleurtest.fr/comparatif-lit-120-190/;Meubles;Quand l’espace de votre chambre à coucher ne vous permet pas d’avoir un lit double ou si tout simplement, vous souhaitez un lit pour 1 personne plus spacieuse que d’habitude, le lit 120x190 s’impose comme la solution idéale. Peu commun, mais très pratique, le lit 1 place et demi vous surprendra de bien de façons. Découvrez ce guide et comparatif sur les meilleurs lits 120x190 du moment.
37725;Les meilleurs ponts de lit;https://meilleurtest.fr/comparatif-pont-de-lit/;Meubles;Un pont de lit est bien plus qu'une simple tête de lit. Il s'agit d'un meuble à part entière doté d'espaces de stockage et destiné à optimiser la déco de la chambre à coucher. Si vous cherchez à vous en procurer un, notre guide des meilleurs ponts de lit vous sera d'une grande utilité.
37720;Les meilleurs lits de camp;https://meilleurtest.fr/comparatif-lit-de-camp/;Meubles;Le camping a le vent en poupe chez les Français ! En effet, outre son attrait touristique, il est perçu comme particulièrement rassurant du point de vue sanitaire par près de 75% des vacanciers. Si vous êtes de l'aventure, faites en sorte de bien vous équiper ! Pas question de dormir sur un matelas de sol... un lit de camp vous aidera à passer des nuits beaucoup plus confortables.
37644;Les meilleurs poufs poires;https://meilleurtest.fr/comparatif-pouf-poire/;Meubles;C'est pas facile de trouver des assises design, confortables et originales pour le salon ou le bureau. Le canapé peut sembler trop banal et coûte cher. Dans ce cas, pourquoi ne pas choisir un pouf poire ? Se déclinant en différents modèles, tailles, coloris et matériaux, ce siège apportera la touche singulière qui manque à votre déco intérieure ou votre jardin. Trouvez le meilleur pouf poire à  travers ce guide d’achat.
37635;Les meilleurs meubles de salle de bain;https://meilleurtest.fr/comparatif-meuble-de-salle-de-bain/;Meubles;"Au cours d'une vie, <a href=""https://fr.homenal.com/22-chiffres-insolites-de-la-vie-le-temps-passe-et-passe/"">nous passons plus de 3000 heures dans la salle de bain</a> ! Autant décorer cette pièce bien comme il faut, en y rajoutant un miroir, une armoire à pharmacie et surtout un meuble de salle de bain. Destiné à accueillir l'essentiel, ce mobilier existe en plusieurs types (armoire, meuble sous vasque, étagère). D'où le choix un peu compliqué surtout quand il faut tenir compte du style de votre salle de bain. Pour vous aider à choisir, découvrez notre guide des meilleurs meubles de salle de bain pour cette année."
37617;Les meilleurs bureaux assis-debout;https://meilleurtest.fr/comparatif-bureau-assis-debout/;Meubles;Saviez-vous que la position assise augmente l'obésité, la pression artérielle, et le taux de glycémie ? Elle tue même plus que le tabac. Un bureau assis-debout offre heureusement une solution simple à tous ces problèmes. Bien que nous ayons comparé de nombreux modèles, nous n'en avons retenu que quatre pour leur côté économique, leur large plateforme et leur transportabilité. Découvrez cela plus en détail à travers ce guide des meilleurs bureaux assis-debout.
37557;Les meilleures chauffeuses 2 places;https://meilleurtest.fr/comparatif-chauffeuse-2-places/;Meubles;La chauffeuse est un meuble 2 en 1 qui séduit par ses dimensions compactes. Si vous habitez dans un petit appartement, un studio ou un logement universitaire, une chauffeuse 2 places servira de canapé le jour et de lit d'appoint la nuit. Mais face aux nombreux modèles qui existent, pas facile de choisir. Notre guide des meilleures chauffeuses 2 places va vous faciliter la tâche.
37552;Les meilleures housses de canapés;https://meilleurtest.fr/comparatif-housse-de-canape/;Meubles;Avez-vous envie de changer le style de votre canapé ou touts simplement le protéger des saletés et de la poussière ? La housse de canapé vous aide à faire les deux. Mais sachez que ce genre d'accessoire ne se choisit pas n'importe comment. Entre la taille du canapé (dimensions, nombre de places..), le  revêtement de la housse, les contours du canapé, la couleur de la housse ou encore vos goûts, pas facile de choisir. Pour trouver la bonne housse pour votre canapé, consultez ce guide comparatif.
37521;Les meilleurs meubles à chaussures;https://meilleurtest.fr/comparatif-meuble-a-chaussure/;Meubles;En moyenne, une Française a 17 paires de chaussures contre 8 pour un Français. Si les paires commencent à s’accumuler dans un coin de votre logement, alors vous avez besoin d’un meuble à chaussures adapté pour les ranger. Dans ce guide, trouvez les astuces pour choisir le meilleur meuble à chaussures qui répond à vos besoins et que vous pourriez acheter à un prix raisonnable.
37505;Les meilleurs fauteuils confortables;https://meilleurtest.fr/comparatif-fauteuil-confortable/;Meubles;Que ce soit dans un salon, un bureau de travail, une chambre ou même une bibliothèque, le fauteuil reste un meuble irremplaçable. Utilisé le plus souvent pour se relaxer et se détendre, le fauteuil n’est plus seulement un accessoire pratique, mais aussi esthétique. Dans ce guide d’achat, retrouvez quelques articles parmi les plus appréciés lorsqu’il s’agit de fauteuil confortable.
37487;Les meilleures bibliothèques;https://meilleurtest.fr/comparatif-bibliotheque/;Meubles;Véritable pièce décorative d’un espace intérieur, la bibliothèque jouit avant tout d’un rôle fonctionnel. En effet, ce mobilier peut accueillir un grand nombre d’objets et d’articles décoratifs, allant des livres aux œuvres d’art en passant par les CD, les cadres photo, etc. Mais le choix d’une bibliothèque peut s’avérer une tâche décourageant tant le choix est vaste sur le marché. Découvrez notre guide des meilleures bibliothèques pour vous faciliter la vie.
37436;Les meilleurs lits avec tiroir de rangement;https://meilleurtest.fr/comparatif-lit-tiroir-de-rangement/;Meubles;Pratique et fonctionnel, le lit avec tiroir de rangement constitue une excellente solution pour les chambres de petite surface. Ce meuble deux-en-un offre à la fois un couchage confortable et un espace de rangement intégré tout en permettant de gagner de la place. Il existe des centaines de modèles de lit coffre sur le marché. Vous avez besoin d’aide pour bien choisir ? Suivez le guide.
37395;Les meilleurs lits de jardin;https://meilleurtest.fr/comparatif-lit-de-jardin/;Meubles;Selon les dernières statistiques, 81% des français disposent d’un jardin ou d’un espace extérieur : un chiffre explosif qui a augmenté de 21% en 4 ans. Pourquoi un tel engouement ? Une enquête de l’UNEP affirme que pour 50% des français, cet espace vert est le deuxième endroit de la maison qui donne du mérite à son habitat, après le salon. Nous allons consacrer un article sur les meilleurs lits de jardin, afin de vous guider pour l’aménagement de votre deuxième refuge.
37390;Les meilleurs lits évolutifs bébé;https://meilleurtest.fr/comparatif-lit-bebe-evolutif/;Meubles;"Votre bébé va bientôt naître et vous souhaiteriez lui offrir lit (<a href=""https://meilleurtest.fr/comparatif-berceau-bebe/"">berceau</a>, <a href=""https://meilleurtest.fr/comparatif-lit-cododo/"">lit cododo</a>, etc.) confortable mais aussi pratique pour vous ? Pourquoi ne pas prendre un lit évolutif ? Plus intéressant et économique qu'un berceau classique, ce type de lit grandit en même temps que votre bébé. Plus tard, il pourra même servir de lit d’ado selon le modèle. Mais lequel choisir ? Lisez ce guide pour vous faire une idée."
37372;Les meilleurs lits 140×200;https://meilleurtest.fr/comparatif-lit-140x200/;Meubles;Un lit plus grand, c'est la tendance actuelle avec une augmentation des ventes de plus de 40% en 10 ans. La dimension standard, 140x190, devient obsolète et fait place au lit 140x200, plus confortable. Ces 10 cm de plus feront le bonheur des personnes qui bougent souvent dans leur sommeil. Comment choisir un lit 140x200 ? Lisez notre guide complet pour tout savoir !
37367;Les meilleurs canapés convertibles confortables;https://meilleurtest.fr/comparatif-canape-convertible/;Meubles;Tout aussi confortable qu'un canapé fixe, le modèle convertible est très prisé pour sa grande praticité. Se transformant tantôt en canapé tantôt en couchage d’appoint, il s’équipe de mécanismes performants qui vont transformer votre salon en chambre à coucher pour accueillir vos amis ou vos invités la nuit. Un atout qui vaut largement le petit surcoût ! Les détails dans ce guide.
37366;Les meilleurs lits superposés 3 places;https://meilleurtest.fr/comparatif-lit-superpose-3-place/;Meubles;Partager la même chambre sans faire de concession sur son espace personnel, c’est ce que permet un lit superposé 3 places. Gain de place, ce type de mobilier permet à chaque enfant de préserver une certaine intimité. Comment choisir un lit superposé 3 places ? Trouvez toutes les réponses à vos questions dans ce guide agrémenté de notre sélection des meilleurs lits superposés de cette année.
37358;Les meilleurs fauteuils de bureau ergonomique;https://meilleurtest.fr/comparatif-fauteuil-de-bureau-ergonomique/;Meubles;"Travailler dans un bureau implique de passer beaucoup de temps assis sur un <a href=""https://meilleurtest.fr/comparatif-fauteuil-de-bureau/?wordpress_logged_in=true"">fauteuil</a>. Une telle posture rajoute du stress aux structures de la colonne vertébrale. Pour éviter de développer ou aggraver les problèmes de dos, dont souffrent 9 Français sur 10, il est important d’avoir un fauteuil de bureau ergonomique. Cela vous intéresse ? On vous explique tout à travers notre guide d'achat."
37342;Les meilleurs canapés confortables;https://meilleurtest.fr/comparatif-canape-confortable/;Meubles;Le canapé invite à se détendre, lire un livre ou regarder la télévision. Il permet aussi de bien recevoir les invités. Les canapés esthétiques, il y en a des centaines, voire des milliers. Mais trouver un canapé confortable se révèle plus compliqué. En effet, plusieurs paramètres entrent en compte, comme les dimensions, la qualité du rembourrage, la hauteur des dossiers, etc. Pour faire le bon choix, nous vous invitons à lire ce guide des meilleurs canapés confortables.
37340;Les meilleurs canapés relax électriques;https://meilleurtest.fr/comparatif-canape-relax-electrique/;Meubles;Un salon sans canapé, c'est comme un lit sans matelas. Qu'il propose 2, 3 ou 4 places, voire plus, ce meuble incontournable permet de se détendre après le travail, regarder la télévision, recevoir des invités… Pour plus de confort, essayez le canapé relax électrique. Mais parmi les nombreux modèles, lequel vous convient le mieux ? Accélérez vos recherches grâce à notre guide des meilleurs canapés relax électriques.
37339;Les meilleures chambres complètes pour adultes;https://meilleurtest.fr/comparatif-chambre-complete-pour-adulte/;Meubles;Cocon de vie, lieu de repos, on se sentira rarement mieux ailleurs que dans la chambre à coucher. Afin d’y instaurer cohérence et harmonie entre les meubles, il faut prendre le temps de les choisir avec minutie. Pour aller plus vite et économiser, l’achat de meubles assortis est souvent préconisé, y compris dans une chambre d’adulte. Rénovation ou aménagement neuf, si vous aimez tout acheter d’un trait, ce guide des meilleures chambres à coucher complètes pour adultes est fait pour vous.
37338;Les meilleurs lits cododo;https://meilleurtest.fr/comparatif-lit-cododo/;Meubles;"Vous voulez que bébé dorme dans la<a href=""https://meilleurtest.fr/comparatif-chambre-complete-adulte/""> chambre parentale</a> au plus près de votre lit ? Vous souhaitez faciliter les tétées sans avoir à vous lever au milieu de la nuit ? Offrez-vous un lit cododo. Ce couchage, très pratique, simplifie les nuits autant pour l’enfant que pour que ses parents. Le lit cododo se distingue notamment par un côté ouvert qui se colle contre un lit plus grand à l’aide de crochets ou de sangles. Avec ou sans matelas ? Avec ou sans roulettes ? Inclinable ou fixe ? Trouvez le meilleur lit cododo pour votre bébé en parcourant ce guide d'achat."
37335;Les meilleures chaises scandinaves;https://meilleurtest.fr/comparatif-chaise-scandinave/;Meubles;"Les mobiliers de style scandinave ont un look particulier au niveau des pieds inclinés et des formes minimalistes. Cela fait tout leur charme. Lits, <a href=""https://meilleurtest.fr/comparatif-canape-relax/"">canapés</a>, chaises, on en trouve à toutes les sauces. Pour les chaises en particulier, les prix restent raisonnables. Mais lesquelles choisir ? Pour le savoir, lisez notre guide des meilleures chaises scandinaves du moment."
37323;Les meilleures tables basses;https://meilleurtest.fr/comparatif-table-basse/;Meubles;Un salon sans table basse, c’est comme un lit sans oreillers. C'est beau, mais il manque quelque chose. Souvent placée comme élément central du salon, cette table compacte doit s’ajuster au style de la décoration. Ronde, carrée, rectangulaire, en fer, en bois, en métal, en verre, on trouve des tables basses de toutes les formes et de toutes les tailles. Pour affiner vos recherches et gagner du temps, découvrez notre sélection des meilleures tables basses pour cette année.
37301;Les meilleures tables à manger;https://meilleurtest.fr/comparatif-table-a-manger/;Meubles;A l’image du canapé, la table à manger est un meuble qui réunit la famille. Installée en cuisine, dans le séjour, dans une pièce dédiée ou même à l’extérieur, elle est généralement faite en bois, en plastique, ou en verre. En raison des différents designs, des matériau, des prix ou du nombre de places, choisir une table à manger peut s’apparenter à un parcours du combattant. Simplifiez-vous la vie en lisant ce guide.
37291;Les meilleures tables pliantes;https://meilleurtest.fr/comparatif-table-pliante/;Meubles;Dans le jardin, pour la maison, à l’occasion d’un pique-nique, pour aller camper ou à des fins commerciales (restaurant, bar, …), la table pliante répond à de nombreux besoins. En bois, en métal, en plastique, pour 2 personnes, 8 personnes, voire plus, on en trouve à tous les goûts et pour toutes les bourses. Grâce à notre guide d’achat, découvrez les meilleures tables pliantes du moment.
37284;Les meilleurs canapés 2 places convertibles;https://meilleurtest.fr/comparatif-canape-2-places-convertible/;Meubles;"Vous manquez de place dans votre studio ou votre appartement ? Joignez l’utile à l’agréable et gagnez de la place en achetant un <a href=""https://meilleurtest.fr/comparatif-canape-convertible-pas-chers/"">canapé convertible</a> 2 places. Outre sa fonction de mobilier d’assise, il pourra se transformer en lit d’appoint si besoin. Capitonné ou déhoussable, en bois ou en métal, lisez notre guide pour trouver votre canapé convertible 2 places."
37282;Les meilleures étagères murales;https://meilleurtest.fr/comparatif-etagere-murale/;Meubles;Difficile de garder une pièce en ordre sans un meuble de rangement. À ce sujet, l’étagère murale est appréciée pour son installation en hauteur, ce qui signifie zéro encombrement au sol. Entre les livres, les ustensiles qui s’étalent partout en cuisine, les papiers du bureau, toute chose trouvera sa place grâce à ce mobilier fonctionnel et pratique. Classique, vintage ou design, en bois, en métal ou en plastique, on en trouve dans tous les styles. Notre guide des meilleures étagères murales vous aidera à bien choisir.
37280;Les meilleurs lits banquettes;https://meilleurtest.fr/comparatif-lit-banquette/;Meubles;Très tendance, joignant l'utile à l'agréable, le lit banquette offre une solution toute faite si vous cherchez un canapé pouvant servir de couchage d'appoint quand l'occasion se présente. Destiné aux studios, petits appartements et chambres d'étudiants, ce mobilier 2-en-1 existe en une multitude de modèles et de déclinaisons. Classique, décoratif, le choix n'est pas toujours puisqu'il faut tenir compte du confort et de l'espace au-delà du design. Découvrez dans ce guide les meilleurs lits banquettes du marché.
