post_title;_post_permalink;category
Les meilleurs sacs de trail;https://meilleurtest.fr/comparatif-sac-de-trail/;Accessoires sport
Les meilleures combinaisons de triathlon;https://meilleurtest.fr/comparatif-combinaison-de-triathlon/;Accessoires sport
Les meilleurs casques de BMX;https://meilleurtest.fr/comparatif-casque-de-bmx/;Accessoires sport
Les meilleurs sacs ultra trail;https://meilleurtest.fr/comparatif-sac-ultra-trail/;Accessoires sport
Les meilleures chaussures de triathlon;https://meilleurtest.fr/comparatif-chaussures-de-triathlon/;Accessoires sport
Les meilleurs sacs de sport pour homme;https://meilleurtest.fr/comparatif-sac-de-sport-pour-homme/;Accessoires sport
Les meilleures battes de baseball;https://meilleurtest.fr/comparatif-batte-de-baseball/;Accessoires sport
Les meilleurs ballons de basket;https://meilleurtest.fr/comparatif-ballon-de-basket/;Accessoires sport
Les meilleures brassières de sport;https://meilleurtest.fr/comparatif-brassiere-de-sport/;Accessoires sport
Les meilleures semelles chauffantes;https://meilleurtest.fr/comparatif-semelle-chauffante/;Accessoires sport
Les meilleures semelles chauffantes;https://meilleurtest.fr/comparatif-semelle-chauffante/;Accessoires sport
Les meilleurs claviers Android;https://meilleurtest.fr/comparatif-clavier-android/;Accessoires tech
Les meilleurs chargeurs universels pour PC portable;https://meilleurtest.fr/comparatif-chargeur-universel-pour-pc-portable/;Accessoires tech
Les meilleurs docks thunderbolt 3;https://meilleurtest.fr/comparatif-dock-thunderbolt-3/;Accessoires tech
Les meilleures piles CR2032;https://meilleurtest.fr/comparatif-piles-cr2032/;Accessoires tech
Les meilleurs chargeur Samsung;https://meilleurtest.fr/comparatif-chargeur-samsung/;Accessoires tech
Les meilleurs répéteurs Wifi fibre;https://meilleurtest.fr/comparatif-repeteur-wifi-fibre/;Accessoires tech
Les meilleurs chargeurs MacBook Pro;https://meilleurtest.fr/comparatif-chargeur-macbook-pro/;Accessoires tech
Les meilleurs localisateurs de clé;https://meilleurtest.fr/comparatif-localisateur-de-cle/;Accessoires tech
Les meilleurs chargeurs accu 18650;https://meilleurtest.fr/comparatif-chargeur-accu-18650/;Accessoires tech
Les meilleurs parasurtenseurs;https://meilleurtest.fr/comparatif-parasurtenseur/;Accessoires tech
Les meilleurs chargeurs sans fil Apple iPhone;https://meilleurtest.fr/comparatif-chargeur-sans-fil-apple-iphone/;Accessoires tech
Les meilleurs routeurs WiFi 6;https://meilleurtest.fr/comparatif-routeur-wifi-6/;Accessoires tech
Les meilleures piles AA;https://meilleurtest.fr/comparatif-piles-aa/;Accessoires tech
Les meilleurs chargeurs GaN multiport;https://meilleurtest.fr/comparatif-chargeur-gan-multiport/;Accessoires tech
Les meilleures piles AAA rechargeables;https://meilleurtest.fr/comparatif-pile-aaa-rechargeable/;Accessoires tech
Les meilleurs chargeurs de piles rechargeables;https://meilleurtest.fr/comparatif-chargeur-de-pile-rechargeable/;Accessoires tech
Les meilleurs switchs Ethernet;https://meilleurtest.fr/comparatif-switch-ethernet/;Accessoires tech
Les meilleurs Hotspots 4G;https://meilleurtest.fr/comparatif-hotspot-4g/;Accessoires tech
Les meilleures batteries externes pour iPhone;https://meilleurtest.fr/comparatif-batterie-externe-pour-iphone/;Accessoires tech
Les meilleurs hubs USB;https://meilleurtest.fr/comparatif-hub-usb/;Accessoires tech
Les meilleurs chauffe-mains;https://meilleurtest.fr/comparatif-chauffe-main/;Accessoires tech
Les meilleures batteries externes pour PC portable;https://meilleurtest.fr/comparatif-batterie-externe-pc-portable/;Accessoires tech
Les meilleurs répéteurs Wifi Ethernet;https://meilleurtest.fr/comparatif-repeteur-wifi-ethernet/;Accessoires tech
Les meilleurs routeurs;https://meilleurtest.fr/comparatif-routeur/;Accessoires tech
Les meilleurs routeurs 4G;https://meilleurtest.fr/comparatif-routeur-4g/;Accessoires tech
Les meilleures batteries externes pour iPhone;https://meilleurtest.fr/comparatif-batterie-externe-pour-iphone/;Accessoires tech
Les meilleurs hubs USB;https://meilleurtest.fr/comparatif-hub-usb/;Accessoires tech
Les meilleurs chauffe-mains;https://meilleurtest.fr/comparatif-chauffe-main/;Accessoires tech
Les meilleures batteries externes pour PC portable;https://meilleurtest.fr/comparatif-batterie-externe-pc-portable/;Accessoires tech
Les meilleurs répéteurs Wifi Ethernet;https://meilleurtest.fr/comparatif-repeteur-wifi-ethernet/;Accessoires tech
Les meilleurs routeurs;https://meilleurtest.fr/comparatif-routeur/;Accessoires tech
Les meilleurs routeurs 4G;https://meilleurtest.fr/comparatif-routeur-4g/;Accessoires tech
Les meilleurs vinaigres de cidre;https://meilleurtest.fr/comparatif-vinaigre-de-cidre/;Alimentation
Les meilleurs chocolats chauds;https://meilleurtest.fr/comparatif-chocolat-chaud/;Alimentation
Les meilleurs chocolats en poudre;https://meilleurtest.fr/comparatif-chocolat-en-poudre/;Alimentation
Les meilleurs vinaigres balsamiques;https://meilleurtest.fr/comparatif-vinaigre-balsamique/;Alimentation
Les meilleurs miels de fleurs;https://meilleurtest.fr/comparatif-miel-de-fleurs/;Alimentation
Les meilleurs miels de lavande;https://meilleurtest.fr/comparatif-miel-de-lavande/;Alimentation
Les meilleurs miels d'acacia;https://meilleurtest.fr/comparatif-miel-acacia/;Alimentation
Les meilleurs miels d'oranger;https://meilleurtest.fr/comparatif-miel-oranger/;Alimentation
Les meilleurs miels de thym;https://meilleurtest.fr/comparatif-miel-de-thym/;Alimentation
Les meilleurs miels bio;https://meilleurtest.fr/comparatif-miel-bio/;Alimentation
Les meilleures huiles de coco cheveux;https://meilleurtest.fr/comparatif-huile-de-coco-cheveux/;Alimentation
Les meilleures huiles de coco;https://meilleurtest.fr/comparatif-huile-de-coco/;Alimentation
Les meilleurs foies de morue en boîte;https://meilleurtest.fr/comparatif-foie-de-morue-en-boite/;Alimentation
Les meilleures eaux de fleur d'oranger alimentaire;https://meilleurtest.fr/comparatif-eau-de-fleur-oranger-alimentaire/;Alimentation
Les meilleurs limoncellos corses;https://meilleurtest.fr/comparatif-limoncello-corse/;Alimentation
Les meilleurs champagnes de petit producteur;https://meilleurtest.fr/comparatif-champagnes-de-petit-producteur/;Alimentation
Les meilleurs desserts chez Picard;https://meilleurtest.fr/comparatif-dessert-chez-picard/;Alimentation
Les meilleurs flocons d'avoine en poudre;https://meilleurtest.fr/comparatif-complement-flocon-avoine-en-poudre/;Alimentation
Les meilleurs beurres de cacahuètes protéinés;https://meilleurtest.fr/comparatif-beurre-de-cacahuete-proteine/;Alimentation
Les meilleurs beurres de cacahuète en poudre;https://meilleurtest.fr/comparatif-beurre-de-cacahuete-en-poudre/;Alimentation
Les meilleures avoines instantanées;https://meilleurtest.fr/comparatif-avoine-instantanee/;Alimentation
Les meilleurs sirops d'érable;https://meilleurtest.fr/comparatif-sirop-derable/;Alimentation
Les meilleurs chocolats noirs;https://meilleurtest.fr/comparatif-chocolat-noir/;Alimentation
Les meilleures graines de chia blanc;https://meilleurtest.fr/comparatif-graines-de-chia-blanc/;Alimentation
Les meilleures levures chimiques;https://meilleurtest.fr/comparatif-levure-chimique/;Alimentation
Les meilleures variétés de fraises;https://meilleurtest.fr/comparatif-variete-de-fraise/;Alimentation
Les meilleurs miels de manuka;https://meilleurtest.fr/comparatif-miel-de-manuka/;Alimentation
Les meilleurs cidres;https://meilleurtest.fr/comparatif-cidre/;Alimentation
Les meilleurs champagnes blanc de blanc;https://meilleurtest.fr/comparatif-champagne-blanc-de-blanc/;Alimentation
Les meilleurs champagnes à moins de 20 euros;https://meilleurtest.fr/comparatif-champagne-a-moins-de-20-euros/;Alimentation
Les meilleures bières sans alcool;https://meilleurtest.fr/comparatif-biere-sans-alcool/;Alimentation
Les meilleurs pains de mie;https://meilleurtest.fr/comparatif-pain-de-mie/;Alimentation
Les meilleures gousses de vanille;https://meilleurtest.fr/comparatif-gousse-de-vanille/;Alimentation
Les meilleures sauces tomate;https://meilleurtest.fr/comparatif-sauce-tomate/;Alimentation
Les meilleures beurres de cacahuète;https://meilleurtest.fr/comparatif-beurre-de-cacahuete/;Alimentation
Les meilleurs saucissons;https://meilleurtest.fr/comparatif-saucisson/;Alimentation
Les meilleures huiles de coco extra vierge;https://meilleurtest.fr/comparatif-huile-de-coco-extra-vierge/;Alimentation
Les meilleures pâtes feuilletées;https://meilleurtest.fr/comparatif-pate-feuilletee/;Alimentation
Les meilleures margarines anti-cholestérol;https://meilleurtest.fr/comparatif-margarine-anti-cholesterol/;Alimentation
Les meilleurs armagnacs;https://meilleurtest.fr/comparatif-armagnac/;Alimentation
Les meilleurs bourbons à moins de 100 euros;https://meilleurtest.fr/comparatif-bourbon-a-moins-de-100-euros/;Alimentation
Les meilleurs thons en boîte;https://meilleurtest.fr/comparatif-thon-boite/;Alimentation
Les meilleurs pastis;https://meilleurtest.fr/comparatif-pastis/;Alimentation
Les meilleurs extraits de vanille liquide;https://meilleurtest.fr/comparatif-extrait-de-vanille-liquide/;Alimentation
Les meilleurs jus détox;https://meilleurtest.fr/comparatif-jus-detox/;Alimentation
Les meilleurs champagnes rapport qualité/prix;https://meilleurtest.fr/comparatif-champagnes-rapport-qualite-prix/;Alimentation
Les meilleurs pains sans gluten;https://meilleurtest.fr/comparatif-pains-sans-gluten/;Alimentation
Les meilleures céréales pour le petit-déjeuner;https://meilleurtest.fr/comparatif-cereale-pour-petit-dejeuner/;Alimentation
Les meilleurs bonbons au CBD;https://meilleurtest.fr/comparatif-bonbons-au-cbd/;Alimentation
Les meilleures margarines;https://meilleurtest.fr/comparatif-margarine/;Alimentation
Les meilleurs poivres;https://meilleurtest.fr/comparatif-poivre/;Alimentation
Les meilleurs riz;https://meilleurtest.fr/comparatif-riz/;Alimentation
Les meilleures tablettes de chocolat noir;https://meilleurtest.fr/comparatif-tablette-de-chocolat-noir/;Alimentation
Les meilleurs foies gras en conserve;https://meilleurtest.fr/comparatif-foie-gras-conserve/;Alimentation
Les meilleurs jambons blancs;https://meilleurtest.fr/comparatif-jambon-blanc/;Alimentation
Les meilleurs jus de fruits;https://meilleurtest.fr/comparatif-jus-de-fruit/;Alimentation
Les meilleurs jus d'orange;https://meilleurtest.fr/comparatif-jus-dorange/;Alimentation
Les meilleures pâtes à tartiner;https://meilleurtest.fr/comparatif-pate-a-tartiner/;Alimentation
Les meilleurs champagnes sans alcool;https://meilleurtest.fr/comparatif-champagne-sans-alcool/;Alimentation
Les meilleurs miels français;https://meilleurtest.fr/comparatif-miel-francais/;Alimentation
Les meilleurs limoncello;https://meilleurtest.fr/comparatif-limoncello/;Alimentation
Les meilleurs champagnes pas cher;https://meilleurtest.fr/comparatif-champagne-pas-cher/;Alimentation
Les meilleurs foies gras;https://meilleurtest.fr/comparatif-foie-gras/;Alimentation
Les meilleures eaux minérales en bouteille;https://meilleurtest.fr/comparatif-eau-minerale-bouteille/;Alimentation
Les meilleurs miels de France;https://meilleurtest.fr/comparatif-miel-de-france/;Alimentation
Les meilleures levures de bière;https://meilleurtest.fr/comparatif-levure-de-biere/;Alimentation
Les meilleurs saumons fumés;https://meilleurtest.fr/comparatif-saumon-fume/;Alimentation
Les meilleures vodkas;https://meilleurtest.fr/comparatif-vodka/;Alimentation
Les meilleurs gins;https://meilleurtest.fr/comparatif-gin/;Alimentation
Les meilleures huiles pour friteuse;https://meilleurtest.fr/comparatif-huile-pour-friteuse/;Alimentation
Les meilleurs miels;https://meilleurtest.fr/comparatif-miel/;Alimentation
Les meilleurs champagnes;https://meilleurtest.fr/comparatif-champagne/;Alimentation
Les meilleurs beurres;https://meilleurtest.fr/comparatif-beurre/;Alimentation
Les meilleures tireuses à bière;https://meilleurtest.fr/comparatif-tireuse-a-biere/;Alimentation
Les meilleurs bourbons;https://meilleurtest.fr/comparatif-bourbon/;Alimentation
Les meilleurs cognacs;https://meilleurtest.fr/comparatif-cognac/;Alimentation
Les meilleures eaux gazeuses;https://meilleurtest.fr/comparatif-eau-gazeuse/;Alimentation
Les meilleurs miels;https://meilleurtest.fr/comparatif-miel/;Alimentation
Les meilleurs champagnes;https://meilleurtest.fr/comparatif-champagne/;Alimentation
Les meilleurs beurres;https://meilleurtest.fr/comparatif-beurre/;Alimentation
Les meilleures tireuses à bière;https://meilleurtest.fr/comparatif-tireuse-a-biere/;Alimentation
Les meilleurs bourbons;https://meilleurtest.fr/comparatif-bourbon/;Alimentation
Les meilleurs cognacs;https://meilleurtest.fr/comparatif-cognac/;Alimentation
Les meilleures eaux gazeuses;https://meilleurtest.fr/comparatif-eau-gazeuse/;Alimentation
Les meilleurs sprays anti-puces maison;https://meilleurtest.fr/comparatif-spray-anti-puce-maison/;Animaux de compagnie
Les meilleurs distributeurs automatiques de croquettes pour chat;https://meilleurtest.fr/comparatif-distributeur-automatique-de-croquettes-pour-chat/;Animaux de compagnie
Les meilleures chatières électroniques;https://meilleurtest.fr/comparatif-chatiere-electronique/;Animaux de compagnie
Les meilleures chatières isolantes;https://meilleurtest.fr/comparatif-chatiere-isolante/;Animaux de compagnie
Les meilleures litières pour lapin;https://meilleurtest.fr/comparatif-litieres-pour-lapin/;Animaux de compagnie
Les meilleurs terrariums;https://meilleurtest.fr/comparatif-terrarium/;Animaux de compagnie
Les meilleurs poulaillers en plastique;https://meilleurtest.fr/comparatif-poulailler-plastique/;Animaux de compagnie
Les meilleurs poulaillers 6 poules;https://meilleurtest.fr/comparatif-poulailler-6-poules/;Animaux de compagnie
Les meilleures cages à lapin pas chères;https://meilleurtest.fr/comparatif-cage-a-lapin-pas-chere/;Animaux de compagnie
Les meilleurs poulaillers en bois;https://meilleurtest.fr/comparatif-poulailler-bois/;Animaux de compagnie
Les meilleurs poulaillers XXL;https://meilleurtest.fr/comparatif-poulailler-xxl/;Animaux de compagnie
Les meilleurs poulaillers 2 poules;https://meilleurtest.fr/comparatif-poulailler-2-poules/;Animaux de compagnie
Les meilleurs poulaillers 4 poules;https://meilleurtest.fr/comparatif-poulailler-4-poules/;Animaux de compagnie
Les meilleurs poulaillers mobiles;https://meilleurtest.fr/comparatif-poulailler-mobile/;Animaux de compagnie
Les meilleures cages pour chien XXL;https://meilleurtest.fr/comparatif-cage-pour-chien-xxl/;Animaux de compagnie
Les meilleurs poulaillers pas chers;https://meilleurtest.fr/comparatif-poulailler-pas-cher/;Animaux de compagnie
Les meilleures cages à hamster;https://meilleurtest.fr/comparatif-cage-a-hamster/;Animaux de compagnie
Les meilleures cages pour chien;https://meilleurtest.fr/comparatif-cage-pour-chien/;Animaux de compagnie
Les meilleurs distributeurs automatiques de croquettes;https://meilleurtest.fr/comparatif-distributeur-automatique-de-croquettes/;Animaux de compagnie
Les meilleures cages pour chien;https://meilleurtest.fr/comparatif-cage-pour-chien/;Animaux de compagnie
Les meilleurs distributeurs automatiques de croquettes;https://meilleurtest.fr/comparatif-distributeur-automatique-de-croquettes/;Animaux de compagnie
Les meilleures applis de podcast;https://meilleurtest.fr/comparatif-appli-de-podcast/;appli de podcast
Les meilleurs filtres à aquarium extérieurs;https://meilleurtest.fr/comparatif-filtre-a-aquarium-exterieur/;Aquariophilie
Les meilleurs aquarium cylindrique;https://meilleurtest.fr/comparatif-aquarium-cylindrique/;Aquariophilie
Les meilleurs nano aquariums;https://meilleurtest.fr/comparatif-nano-aquariums/;Aquariophilie
Les meilleures rampes LED pour aquarium;https://meilleurtest.fr/comparatif-rampe-led-pour-aquarium/;Aquariophilie
Les meilleurs aquariums muraux;https://meilleurtest.fr/comparatif-aquarium-mural/;Aquariophilie
Les meilleurs substrats pour aquarium;https://meilleurtest.fr/comparatif-substrat-pour-aquarium/;Aquariophilie
Les meilleurs aquariums 60 litres;https://meilleurtest.fr/comparatif-aquarium-60-litres/;Aquariophilie
Les meilleurs chauffages d'aquarium;https://meilleurtest.fr/comparatif-chauffage-d-aquarium/;Aquariophilie
Les meilleurs aquariums 20 litres;https://meilleurtest.fr/comparatif-aquarium-20-litres/;Aquariophilie
Les meilleurs petits aquariums;https://meilleurtest.fr/comparatif-petit-aquarium/;Aquariophilie
Les meilleurs aquariums 100 litres;https://meilleurtest.fr/comparatif-aquarium-100-litres/;Aquariophilie
Les meilleurs bulleurs pour aquarium;https://meilleurtest.fr/comparatif-bulleur-pour-aquarium/;Aquariophilie
Les meilleurs filtres à aquarium;https://meilleurtest.fr/comparatif-filtre-a-aquarium/;Aquariophilie
Les meilleurs aquariums Design;https://meilleurtest.fr/comparatif-aquarium-design/;Aquariophilie
Les meilleurs aquariums pas chers;https://meilleurtest.fr/comparatif-aquarium-pas-cher/;Aquariophilie
Les meilleures pompes à aquarium;https://meilleurtest.fr/comparatif-pompe-a-aquarium/;Aquariophilie
Les meilleurs aquariums;https://meilleurtest.fr/comparatif-aquarium/;Aquariophilie
Les meilleurs triops;https://meilleurtest.fr/comparatif-triops/;Aquariophilie
Les meilleurs aquariums;https://meilleurtest.fr/comparatif-aquarium/;Aquariophilie
Les meilleurs triops;https://meilleurtest.fr/comparatif-triops/;Aquariophilie
Les meilleurs parfums d'ambiance maison;https://meilleurtest.fr/comparatif-parfum-ambiance-maison/;Aromathérapie
Les meilleures huiles essentielles pas chères;https://meilleurtest.fr/comparatif-huile-essentielle-pas-chere/;Aromathérapie
Les meilleurs brumisateurs d'eau;https://meilleurtest.fr/comparatif-brumisateur-deau/;Aromathérapie
Les meilleurs brumisateurs de terrasse;https://meilleurtest.fr/comparatif-brumisateur-de-terrasse/;Aromathérapie
Les meilleurs brumisateurs;https://meilleurtest.fr/comparatif-brumisateur/;Aromathérapie
Les meilleurs baumes du tigre;https://meilleurtest.fr/comparatif-baume-du-tigre/;Aromathérapie
Les meilleurs baumes pectoraux bébé;https://meilleurtest.fr/comparatif-baume-pectoral-bebe/;Aromathérapie
Les meilleurs baumes du tigre blanc;https://meilleurtest.fr/comparatif-baume-du-tigre-blanc/;Aromathérapie
Les meilleurs baumes du tigre rouge;https://meilleurtest.fr/comparatif-baume-du-tigre-rouge/;Aromathérapie
Les meilleurs atomiseurs non reconstructibles;https://meilleurtest.fr/comparatif-atomiseur-non-reconstructible/;Aromathérapie
Les meilleures huiles essentielles pour dormir;https://meilleurtest.fr/comparatif-huile-essentielle-pour-dormir/;Aromathérapie
Les meilleurs diffuseurs de parfums;https://meilleurtest.fr/comparatif-diffuseur-de-parfum/;Aromathérapie
Les meilleures cigarettes électroniques eGo;https://meilleurtest.fr/comparatif-cigarette-electronique-ego/;Aromathérapie
Les meilleures huiles essentielles pour la peau;https://meilleurtest.fr/comparatif-huile-essentielle-pour-peau/;Aromathérapie
Les meilleures bougies parfumées pas chères;https://meilleurtest.fr/comparatif-bougie-parfumee-pas-chere/;Aromathérapie
Les meilleures cigarettes électroniques POD;https://meilleurtest.fr/comparatif-cigarette-electronique-pod/;Aromathérapie
Les meilleures box cigarette électronique double accu;https://meilleurtest.fr/comparatif-box-cigarette-electronique-double-accu/;Aromathérapie
Les meilleures cires fondantes parfumées;https://meilleurtest.fr/comparatif-cire-fondante-parfumee/;Aromathérapie
Les meilleures box cigarette électronique;https://meilleurtest.fr/comparatif-box-cigarette-electronique/;Aromathérapie
Les meilleurs clearomiseurs;https://meilleurtest.fr/comparatif-clearomiseur/;Aromathérapie
Les meilleurs diffuseurs d'huiles essentielles pour voiture;https://meilleurtest.fr/comparatif-diffuseur-huiles-essentielles-pour-voiture/;Aromathérapie
Les meilleurs diffuseurs d'huiles essentielles pas chers;https://meilleurtest.fr/comparatif-diffuseurs-huiles-essentielles-pas-cher/;Aromathérapie
Les meilleurs atomiseurs reconstructibles;https://meilleurtest.fr/comparatif-atomiseur-reconstructible/;Aromathérapie
Les meilleures brumes parfumées;https://meilleurtest.fr/comparatif-brume-parfumee/;Aromathérapie
Les meilleurs eaux de rose;https://meilleurtest.fr/comparatif-eau-de-rose/;Aromathérapie
Les meilleures bougies parfumées;https://meilleurtest.fr/comparatif-bougie-parfumee/;Aromathérapie
Les meilleurs atomiseurs;https://meilleurtest.fr/comparatif-atomiseur/;Aromathérapie
Les meilleurs diffuseurs d'huiles essentielles;https://meilleurtest.fr/comparatif-diffuseur-huile-essentielle/;Aromathérapie
Les meilleurs atomiseurs;https://meilleurtest.fr/comparatif-atomiseur/;Aromathérapie
Les meilleurs diffuseurs d'huiles essentielles;https://meilleurtest.fr/comparatif-diffuseur-huile-essentielle/;Aromathérapie
Les meilleurs feutres à alcool;https://meilleurtest.fr/comparatif-feutre-a-alcool/;Arts créatifs
Les meilleurs aérographes;https://meilleurtest.fr/comparatif-aerographe/;Arts créatifs
Les meilleurs kits d'aérographe;https://meilleurtest.fr/comparatif-kit-aerographe/;Arts créatifs
Les meilleurs pyrograveurs;https://meilleurtest.fr/comparatif-pyrograveur/;Arts créatifs
Les meilleurs coffrets de pâte Fimo;https://meilleurtest.fr/comparatif-coffret-de-pate-fimo/;Arts créatifs
Les meilleures peintures acryliques;https://meilleurtest.fr/comparatif-peinture-acrylique/;Arts créatifs
Les meilleures tables à dessin lumineuses;https://meilleurtest.fr/comparatif-table-a-dessin-lumineuse/;Arts créatifs
Les meilleures plumes à dessin;https://meilleurtest.fr/comparatif-plume-a-dessin/;Arts créatifs
Les meilleurs kits de tatouage débutant;https://meilleurtest.fr/comparatif-kit-de-tatouage-debutant/;Arts créatifs
Les meilleurs sites de vente d'art en ligne;https://meilleurtest.fr/comparatif-site-de-vente-d-art-ligne/;Arts créatifs
Les meilleurs chevalets;https://meilleurtest.fr/comparatif-chevalet/;Arts créatifs
Les meilleurs kits de calligraphie;https://meilleurtest.fr/comparatif-kit-de-calligraphie/;Arts créatifs
Les meilleurs couteaux papillon;https://meilleurtest.fr/comparatif-couteau-papillon/;Arts martiaux et combat
Les meilleurs sacs de frappe sur pied;https://meilleurtest.fr/comparatif-sac-de-frappe-sur-pied/;Arts martiaux et combat
Les meilleurs sacs de frappe;https://meilleurtest.fr/comparatif-sac-de-frappe/;Arts martiaux et combat
Les meilleurs casque de boxe anglaise;https://meilleurtest.fr/comparatif-casque-de-boxe-anglaise/;Arts martiaux et combat
Les meilleurs punching balls;https://meilleurtest.fr/comparatif-punching-ball/;Arts martiaux et combat
Les meilleurs gants de boxe;https://meilleurtest.fr/comparatif-gants-de-boxe/;Arts martiaux et combat
Les meilleurs gants de boxe;https://meilleurtest.fr/comparatif-gants-de-boxe/;Arts martiaux et combat
Les meilleurs aspirateurs robots Samsung;https://meilleurtest.fr/comparatif-aspirateur-robot-samsung/;Aspirateurs et nettoyeurs
Les meilleurs aspirateurs Miele;https://meilleurtest.fr/comparatif-aspirateur-miele/;Aspirateurs et nettoyeurs
Les meilleurs robots aspirateur laveur avec station de vidage;https://meilleurtest.fr/comparatif-robot-aspirateur-laveur-avec-station-de-vidage/;Aspirateurs et nettoyeurs
Les meilleurs robots aspirateurs laveurs à moins de 500 euros;https://meilleurtest.fr/comparatif-robot-aspirateur-laveur-a-moins-de-500-euros/;Aspirateurs et nettoyeurs
Les meilleurs aspirateurs Tineco;https://meilleurtest.fr/comparatif-tineco/;Aspirateurs et nettoyeurs
Les meilleurs aspirateurs de cendre de pellets;https://meilleurtest.fr/comparatif-aspirateur-de-cendre-de-pellets/;Aspirateurs et nettoyeurs
Les meilleurs aspirateurs balais à moins de 200 euros;https://meilleurtest.fr/comparatif-aspirateur-balai-a-moins-de-200-euros/;Aspirateurs et nettoyeurs
Les meilleurs aspirateurs pour piscine hors sol;https://meilleurtest.fr/comparatif-aspirateur-pour-piscine-hors-sol/;Aspirateurs et nettoyeurs
Les meilleurs aspirateurs traîneaux avec sac;https://meilleurtest.fr/comparatif-aspirateur-traineau-avec-sac/;Aspirateurs et nettoyeurs
Les meilleurs aspirateurs laveurs sans fil;https://meilleurtest.fr/comparatif-aspirateur-laveur-sans-fil/;Aspirateurs et nettoyeurs
Les meilleurs aspirateurs balais à moins de 150 euros;https://meilleurtest.fr/comparatif-aspirateur-balai-a-moins-de-150-euros/;Aspirateurs et nettoyeurs
Les meilleurs aspirateurs traîneaux sans sac;https://meilleurtest.fr/comparatif-aspirateur-traineau-sans-sac/;Aspirateurs et nettoyeurs
Les meilleurs aspirateurs sur Amazon;https://meilleurtest.fr/comparatif-aspirateur-amazon/;Aspirateurs et nettoyeurs
Les meilleurs nettoyeurs à vapeur sèche;https://meilleurtest.fr/comparatif-nettoyeur-a-vapeur-seche/;Aspirateurs et nettoyeurs
Les meilleurs aspirateurs Xiaomi;https://meilleurtest.fr/comparatif-aspirateur-xiaomi/;Aspirateurs et nettoyeurs
Les meilleurs robots aspirateurs Xiaomi;https://meilleurtest.fr/comparatif-robot-aspirateur-xiaomi/;Aspirateurs et nettoyeurs
Les meilleurs aspirateurs robots pas chers;https://meilleurtest.fr/comparatif-aspirateur-robot-pas-cher/;Aspirateurs et nettoyeurs
Les meilleurs Roomba;https://meilleurtest.fr/comparatif-roomba/;Aspirateurs et nettoyeurs
Les meilleurs aspirateurs sans fil Shark;https://meilleurtest.fr/comparatif-aspirateur-sans-fil-shark/;Aspirateurs et nettoyeurs
Les meilleurs aspirateurs-balais Rowenta;https://meilleurtest.fr/comparatif-aspirateur-balai-rowenta/;Aspirateurs et nettoyeurs
Les meilleures aspirateurs EZIClean;https://meilleurtest.fr/comparatif-aspirateur-eziclean/;Aspirateurs et nettoyeurs
Les meilleurs iRobot Roomba;https://meilleurtest.fr/comparatif-irobot-roomba/;Aspirateurs et nettoyeurs
Les meilleurs aspirateurs robots Roborock;https://meilleurtest.fr/comparatif-aspirateur-robot-roborock/;Aspirateurs et nettoyeurs
Les meilleurs aspirateurs balais Xiaomi;https://meilleurtest.fr/comparatif-aspirateur-balai-xiaomi/;Aspirateurs et nettoyeurs
Les meilleurs aspirateurs balais Dyson;https://meilleurtest.fr/comparatif-aspirateur-balai-dyson/;Aspirateurs et nettoyeurs
Les meilleurs aspirateurs avec sac silencieux;https://meilleurtest.fr/comparatif-aspirateur-avec-sac-silencieux/;Aspirateurs et nettoyeurs
Les meilleurs aspirateurs cycloniques;https://meilleurtest.fr/comparatif-aspirateur-cyclonique/;Aspirateurs et nettoyeurs
Les meilleurs nettoyeurs de sol;https://meilleurtest.fr/comparatif-nettoyeur-de-sol/;Aspirateurs et nettoyeurs
Les meilleurs aspirateurs industriels sans sac;https://meilleurtest.fr/comparatif-aspirateur-industriel-sans-sac/;Aspirateurs et nettoyeurs
Les meilleurs aspirateurs professionnels;https://meilleurtest.fr/comparatif-aspirateur-professionnel/;Aspirateurs et nettoyeurs
Les meilleurs aspirateurs de chantier;https://meilleurtest.fr/comparatif-aspirateur-de-chantier/;Aspirateurs et nettoyeurs
Les meilleurs robots aspirateurs rapport qualité/prix;https://meilleurtest.fr/comparatif-robots-aspirateurs-rapport-qualite-prix/;Aspirateurs et nettoyeurs
Les meilleurs robots aspirateurs pour moquette;https://meilleurtest.fr/comparatif-robot-aspirateur-pour-moquette/;Aspirateurs et nettoyeurs
Les meilleurs aspirateurs sans fil pour poils d'animaux;https://meilleurtest.fr/comparatif-aspirateur-sans-fil-pour-poils-danimaux/;Aspirateurs et nettoyeurs
Les meilleurs aspirateurs sans fil rapport qualité/prix;https://meilleurtest.fr/comparatif-aspirateurs-sans-fil-rapport-qualite-prix/;Aspirateurs et nettoyeurs
Les meilleurs robots aspirateurs pour parquet;https://meilleurtest.fr/comparatif-robot-aspirateur-pour-parquet/;Aspirateurs et nettoyeurs
Les meilleurs aspirateurs pour les escaliers;https://meilleurtest.fr/comparatif-aspirateur-pour-escaliers/;Aspirateurs et nettoyeurs
Les meilleurs aspirateurs à feuilles;https://meilleurtest.fr/comparatif-aspirateur-a-feuilles/;Aspirateurs et nettoyeurs
Les meilleurs aspirateurs balais sans fil;https://meilleurtest.fr/comparatif-aspirateur-balai-sans-fil/;Aspirateurs et nettoyeurs
Les meilleurs aspirateurs eau et poussière;https://meilleurtest.fr/comparatif-aspirateur-eau-et-poussiere/;Aspirateurs et nettoyeurs
Les meilleurs aspirateurs de tapis;https://meilleurtest.fr/comparatif-aspirateur-de-tapis/;Aspirateurs et nettoyeurs
Les meilleurs robots aspirateurs pour poils d'animaux;https://meilleurtest.fr/comparatif-robot-aspirateur-pour-poils-danimaux/;Aspirateurs et nettoyeurs
Les meilleures cireuses;https://meilleurtest.fr/comparatif-cireuse/;Aspirateurs et nettoyeurs
Les meilleurs aspirateurs d'aquarium;https://meilleurtest.fr/comparatif-aspirateur-daquarium/;Aspirateurs et nettoyeurs
Les meilleurs aspirateurs-balais puissants;https://meilleurtest.fr/comparatif-aspirateur-balai-puissant/;Aspirateurs et nettoyeurs
Les meilleurs aspirateurs balais filaires;https://meilleurtest.fr/comparatif-aspirateur-balai-filaire/;Aspirateurs et nettoyeurs
Les meilleurs aspirateurs piscines;https://meilleurtest.fr/comparatif-aspirateur-piscine/;Aspirateurs et nettoyeurs
Les meilleurs aspirateurs à copeaux;https://meilleurtest.fr/comparatif-aspirateur-a-copeaux/;Aspirateurs et nettoyeurs
Les meilleurs aspirateurs pour parquet;https://meilleurtest.fr/comparatif-aspirateur-pour-parquet/;Aspirateurs et nettoyeurs
Les meilleurs aspirateurs robots pour poils d'animaux;https://meilleurtest.fr/comparatif-aspirateur-robot-pour-poils-danimaux/;Aspirateurs et nettoyeurs
Les meilleures shampouineuses;https://meilleurtest.fr/comparatif-shampouineuse/;Aspirateurs et nettoyeurs
Les meilleurs aspirateurs vapeurs;https://meilleurtest.fr/comparatif-aspirateur-vapeur/;Aspirateurs et nettoyeurs
Les meilleurs aspirateurs pas chers;https://meilleurtest.fr/comparatif-aspirateur-pas-cher/;Aspirateurs et nettoyeurs
Les meilleurs aspirateurs rapport qualité/prix;https://meilleurtest.fr/comparatif-aspirateurs-rapport-qualite-prix/;Aspirateurs et nettoyeurs
Les meilleurs aspirateurs à cendres;https://meilleurtest.fr/comparatif-aspirateur-a-cendre/;Aspirateurs et nettoyeurs
Les meilleurs aspirateurs pour poils d'animaux;https://meilleurtest.fr/comparatif-aspirateur-pour-poils-d-animaux/;Aspirateurs et nettoyeurs
Les meilleurs aspirateurs centralisés;https://meilleurtest.fr/comparatif-aspirateur-centralise/;Aspirateurs et nettoyeurs
Les meilleurs aspirateurs balais rapport qualité/prix;https://meilleurtest.fr/comparatif-aspirateurs-balais-rapport-qualite-prix/;Aspirateurs et nettoyeurs
Les meilleurs robots aspirateurs laveurs;https://meilleurtest.fr/comparatif-robot-aspirateur-laveur/;Aspirateurs et nettoyeurs
Les meilleurs Kärcher haute-pression;https://meilleurtest.fr/comparatif-karcher/;Aspirateurs et nettoyeurs
Les meilleurs aspirateurs Rowenta;https://meilleurtest.fr/comparatif-aspirateur-rowenta/;Aspirateurs et nettoyeurs
Les meilleurs aspirateurs injecteurs extracteurs;https://meilleurtest.fr/comparatif-aspirateur-injecteur-extracteur/;Aspirateurs et nettoyeurs
Les meilleurs aspirateurs Kärcher;https://meilleurtest.fr/comparatif-aspirateur-karcher/;Aspirateurs et nettoyeurs
Les meilleurs aspirateurs silencieux;https://meilleurtest.fr/comparatif-aspirateur-silencieux/;Aspirateurs et nettoyeurs
Les meilleurs aspirateurs avec sac;https://meilleurtest.fr/comparatif-aspirateur-avec-sac/;Aspirateurs et nettoyeurs
Les meilleurs aspirateurs Dyson;https://meilleurtest.fr/comparatif-aspirateur-dyson/;Aspirateurs et nettoyeurs
Les meilleurs aspirateurs sans fil;https://meilleurtest.fr/comparatif-aspirateur-sans-fil/;Aspirateurs et nettoyeurs
Les meilleurs aspirateurs de points noirs;https://meilleurtest.fr/comparatif-aspirateur-de-points-noirs/;Aspirateurs et nettoyeurs
Les meilleurs aspirateurs balais;https://meilleurtest.fr/comparatif-aspirateur-balai/;Aspirateurs et nettoyeurs
Les meilleurs aspirateurs sans sac;https://meilleurtest.fr/comparatif-aspirateur-sans-sac/;Aspirateurs et nettoyeurs
Les meilleurs aspirateurs de voiture;https://meilleurtest.fr/comparatif-aspirateur-de-voiture/;Aspirateurs et nettoyeurs
Les meilleures lingettes nettoyantes  pour lunettes;https://meilleurtest.fr/comparatif-lingette-nettoyante-pour-lunette/;Aspirateurs et nettoyeurs
Les meilleurs aspirateurs piscine manuels;https://meilleurtest.fr/comparatif-aspirateur-manuel-pour-piscine/;Aspirateurs et nettoyeurs
Les meilleurs aspirateurs Rowenta;https://meilleurtest.fr/comparatif-aspirateur-rowenta/;Aspirateurs et nettoyeurs
Les meilleurs aspirateurs injecteurs extracteurs;https://meilleurtest.fr/comparatif-aspirateur-injecteur-extracteur/;Aspirateurs et nettoyeurs
Les meilleurs aspirateurs Kärcher;https://meilleurtest.fr/comparatif-aspirateur-karcher/;Aspirateurs et nettoyeurs
Les meilleurs aspirateurs silencieux;https://meilleurtest.fr/comparatif-aspirateur-silencieux/;Aspirateurs et nettoyeurs
Les meilleurs aspirateurs avec sac;https://meilleurtest.fr/comparatif-aspirateur-avec-sac/;Aspirateurs et nettoyeurs
Les meilleurs aspirateurs Dyson;https://meilleurtest.fr/comparatif-aspirateur-dyson/;Aspirateurs et nettoyeurs
Les meilleurs aspirateurs sans fil;https://meilleurtest.fr/comparatif-aspirateur-sans-fil/;Aspirateurs et nettoyeurs
Les meilleurs aspirateurs de points noirs;https://meilleurtest.fr/comparatif-aspirateur-de-points-noirs/;Aspirateurs et nettoyeurs
Les meilleurs aspirateurs balais;https://meilleurtest.fr/comparatif-aspirateur-balai/;Aspirateurs et nettoyeurs
Les meilleurs aspirateurs sans sac;https://meilleurtest.fr/comparatif-aspirateur-sans-sac/;Aspirateurs et nettoyeurs
Les meilleurs aspirateurs de voiture;https://meilleurtest.fr/comparatif-aspirateur-de-voiture/;Aspirateurs et nettoyeurs
Les meilleures lingettes nettoyantes  pour lunettes;https://meilleurtest.fr/comparatif-lingette-nettoyante-pour-lunette/;Aspirateurs et nettoyeurs
Les meilleurs aspirateurs piscine manuels;https://meilleurtest.fr/comparatif-aspirateur-manuel-pour-piscine/;Aspirateurs et nettoyeurs
Les meilleures assurances habitation pour étudiant;https://meilleurtest.fr/comparatif-assurance-habitation-pour-etudiant/;Assurances
Les meilleures assurances loyer impayé;https://meilleurtest.fr/comparatif-assurance-loyer-impaye/;Assurances
Les meilleures assurances pour vélo électrique;https://meilleurtest.fr/comparatif-assurance-pour-velo-electrique/;Assurances
Les meilleures assurances voyage pour les USA;https://meilleurtest.fr/comparatif-assurance-voyage-pour-les-usa/;Assurances
Les meilleures assurances de maintien de salaire pour fonctionnaire;https://meilleurtest.fr/comparatif-assurance-de-maintien-de-salaire-pour-fonctionnaire/;Assurances
Les meilleures mutuelles étudiantes;https://meilleurtest.fr/comparatif-mutuelle-etudiante/;Assurances
Les meilleures assurances emprunteurs;https://meilleurtest.fr/comparatif-assurance-emprunteur/;Assurances
Les meilleures mutuelles dentaires pour implants;https://meilleurtest.fr/comparatif-mutuelle-dentaire-pour-implants/;Assurances
Les meilleures mutuelles optiques;https://meilleurtest.fr/comparatif-mutuelle-optique/;Assurances
Les meilleures assurances vie SCPI;https://meilleurtest.fr/comparatif-assurance-vie-scpi/;Assurances
Les meilleures assurances pour chien;https://meilleurtest.fr/comparatif-compagnie-assurance-pour-chien/;Assurances
Les meilleures assurances cheval;https://meilleurtest.fr/comparatif-assurances-cheval/;Assurances
Les meilleures mutuelles optique dentaire;https://meilleurtest.fr/comparatif-mutuelle-optique-dentaire/;Assurances
Les meilleures assurances voyage;https://meilleurtest.fr/comparatif-assurance-voyage/;Assurances
Les meilleures surcomplémentaires santé;https://meilleurtest.fr/comparatif-surcomplementaire-sante/;Assurances
Les meilleures mutuelles pour indépendant;https://meilleurtest.fr/comparatif-mutuelle-pour-independant/;Assurances
Les meilleures assurances habitations pas chères;https://meilleurtest.fr/comparatif-assurance-habitation-pas-chere/;Assurances
Les meilleures assurances mobile;https://meilleurtest.fr/comparatif-assurance-mobile/;Assurances
Les meilleures assurances moto;https://meilleurtest.fr/comparatif-assurance-moto/;Assurances
Les meilleures mutuelles santé pour les séniors;https://meilleurtest.fr/comparatif-mutuelle-sante-pour-seniors/;Assurances
Les meilleures mutuelles santé pour les jeunes;https://meilleurtest.fr/comparatif-mutuelle-sante-pour-jeunes/;Assurances
Les meilleures assurances vie;https://meilleurtest.fr/comparatif-assurance-vie/;Assurances
Les meilleures assurances de carte bancaire;https://meilleurtest.fr/comparatif-assurance-de-carte-bancaire/;Assurances
Les meilleures mutuelles santé pour les séniors;https://meilleurtest.fr/comparatif-mutuelle-sante-pour-seniors/;Assurances
Les meilleures mutuelles santé pour les jeunes;https://meilleurtest.fr/comparatif-mutuelle-sante-pour-jeunes/;Assurances
Les meilleures assurances vie;https://meilleurtest.fr/comparatif-assurance-vie/;Assurances
Les meilleures assurances de carte bancaire;https://meilleurtest.fr/comparatif-assurance-de-carte-bancaire/;Assurances
Les meilleurs écouteurs intra-auriculaires à réduction de bruit;https://meilleurtest.fr/comparatif-ecouteurs-intra-auriculaires-a-reduction-de-bruit/;Audio
Les meilleurs casques Sony;https://meilleurtest.fr/comparatif-casque-sony/;Audio
Les meilleurs écouteurs intra-auriculaires sans fil;https://meilleurtest.fr/comparatif-ecouteurs-intra-auriculaires-sans-fil/;Audio
Les meilleurs amplis tuners CD;https://meilleurtest.fr/comparatif-ampli-tuner-cd/;Audio
Les meilleurs récepteurs bluetooth pour ampli HiFi;https://meilleurtest.fr/comparatif-recepteur-bluetooth-pour-ampli-hifi/;Audio
Les meilleurs systèmes multiroom;https://meilleurtest.fr/comparatif-systeme-multiroom/;Audio
Les meilleurs amplis casque audiophiles;https://meilleurtest.fr/comparatif-ampli-casque-audiophile/;Audio
Les meilleurs streamers HiFi audiophiles;https://meilleurtest.fr/comparatif-streamer-hifi-audiophile/;Audio
Les meilleurs postes radio DAB+;https://meilleurtest.fr/comparatif-poste-radio-dab-plus/;Audio
Les meilleurs récepteurs bluetooth pour chaîne Hifi;https://meilleurtest.fr/comparatif-recepteur-bluetooth-pour-chaine-hifi/;Audio
Les meilleurs DAC audiophiles en 2025;https://meilleurtest.fr/comparatif-dac-audiophile/;Audio
Les meilleurs écouteurs sans fil non intra-auriculaires;https://meilleurtest.fr/comparatif-ecouteurs-sans-fil-non-intra-auriculaires/;Audio
Les meilleures enceintes Wifi;https://meilleurtest.fr/comparatif-enceinte-wifi/;Audio
Les meilleures enceintes pour voiture;https://meilleurtest.fr/comparatif-enceinte-pour-voiture/;Audio
Les meilleurs casques bluetooth pour TV Samsung;https://meilleurtest.fr/comparatif-casque-bluetooth-pour-tv-samsung/;Audio
Les meilleures enceintes bibliothèques Hi-Fi;https://meilleurtest.fr/comparatif-enceinte-bibliotheque-hi-fi/;Audio
Les meilleurs casques TV sans fil pour malentendant;https://meilleurtest.fr/comparatif-casque-tv-sans-fil-pour-malentendant/;Audio
Les meilleures barres de son sans caisson de basses;https://meilleurtest.fr/comparatif-barre-de-son-sans-caisson-de-basses/;Audio
Les meilleures enceintes connectées haut de gamme;https://meilleurtest.fr/comparatif-enceinte-connectee-haut-de-gamme/;Audio
Les meilleures enceintes Bluetooth haut de gamme;https://meilleurtest.fr/comparatif-enceinte-bluetooth-haut-de-gamme/;Audio
Les meilleurs amplis vintage;https://meilleurtest.fr/comparatif-ampli-vintage/;Audio
Les meilleurs écouteurs sans fil pour le sport;https://meilleurtest.fr/comparatif-ecouteurs-sans-fil-pour-le-sport/;Audio
Les meilleures enceintes hifi;https://meilleurtest.fr/comparatif-enceinte-hifi/;Audio
Les meilleures enceintes hifi haut de gamme;https://meilleurtest.fr/comparatif-enceinte-hifi-haut-de-gamme/;Audio
Les meilleures enceintes bluetooth;https://meilleurtest.fr/comparatif-enceinte-bluetooth/;Audio
Les meilleurs amplis pour casque;https://meilleurtest.fr/comparatif-ampli-pour-casque/;Audio
Les meilleurs micros pour smartphone;https://meilleurtest.fr/comparatif-micro-pour-smartphone/;Audio
Les meilleurs micros de karaoké bluetooth;https://meilleurtest.fr/comparatif-micro-de-karaoke-bluetooth/;Audio
Les meilleures enceintes sur Amazon;https://meilleurtest.fr/comparatif-enceinte-amazon/;Audio
Les meilleurs baladeurs audiophiles;https://meilleurtest.fr/comparatif-baladeur-audiophile/;Audio
Les meilleurs micros pour appareil photo;https://meilleurtest.fr/comparatif-micro-pour-appareil-photo/;Audio
Les meilleurs émetteurs Bluetooth;https://meilleurtest.fr/comparatif-emetteur-bluetooth/;Audio
Les meilleurs amplis tuner;https://meilleurtest.fr/comparatif-ampli-tuner/;Audio
Les meilleurs micros sans fil;https://meilleurtest.fr/comparatif-micro-sans-fil/;Audio
Les meilleurs haut-parleurs marines;https://meilleurtest.fr/comparatif-haut-parleur-marine/;Audio
Les meilleures enceintes actives;https://meilleurtest.fr/comparatif-enceinte-active/;Audio
Les meilleures enceintes centrales;https://meilleurtest.fr/comparatif-enceinte-centrale/;Audio
Les meilleurs amplis hifi Yamaha;https://meilleurtest.fr/comparatif-ampli-hifi-yamaha/;Audio
Les meilleurs casques JBL;https://meilleurtest.fr/comparatif-casque-jbl/;Audio
Les meilleurs casques Bose;https://meilleurtest.fr/comparatif-casque-bose/;Audio
Les meilleurs casques Logitech;https://meilleurtest.fr/comparatif-casque-logitech/;Audio
Les meilleures enceintes Alexa;https://meilleurtest.fr/comparatif-enceinte-alexa/;Audio
Les meilleurs casques Logitech sans fil;https://meilleurtest.fr/comparatif-casque-logitech-sans-fil/;Audio
Les meilleurs talkies-walkies Motorola;https://meilleurtest.fr/comparatif-talkie-walkie-motorola/;Audio
Les meilleurs casques Bluetooth Marshall;https://meilleurtest.fr/comparatif-casque-bluetooth-marshall/;Audio
Les meilleurs casques bluetooth Beats;https://meilleurtest.fr/comparatif-casque-bluetooth-beats/;Audio
Les meilleurs casques Bluetooth Sony;https://meilleurtest.fr/comparatif-casque-bluetooth-sony/;Audio
Les meilleures chaînes hifi LG;https://meilleurtest.fr/comparatif-chaine-hifi-lg/;Audio
Les meilleures chaînes hifi Bose;https://meilleurtest.fr/comparatif-chaine-hifi-bose/;Audio
Les meilleurs écouteurs sans fil Beats;https://meilleurtest.fr/comparatif-ecouteurs-sans-fil-beats/;Audio
Les meilleurs écouteurs sans fil Samsung;https://meilleurtest.fr/comparatif-ecouteur-sans-fil-samsung/;Audio
Les meilleures chaînes hifi Philips;https://meilleurtest.fr/comparatif-chaine-hifi-philips/;Audio
Les meilleurs écouteurs sans fil Sony;https://meilleurtest.fr/comparatif-ecouteur-sans-fil-sony/;Audio
Les meilleures barres de son Philips;https://meilleurtest.fr/comparatif-barre-de-son-philips/;Audio
Les meilleures chaînes hifi Sony;https://meilleurtest.fr/comparatif-chaine-hifi-sony/;Audio
Les meilleurs casques JBL sans fil;https://meilleurtest.fr/comparatif-casque-jbl-sans-fil/;Audio
Les meilleurs casques Bose sans fil;https://meilleurtest.fr/comparatif-casque-bose-sans-fil/;Audio
Les meilleures oreillettes Bluetooth Samsung;https://meilleurtest.fr/comparatif-oreillettes-bluetooth-samsung/;Audio
Les meilleures enceintes bluetooth Sony;https://meilleurtest.fr/comparatif-enceinte-bluetooth-sony/;Audio
Les meilleures enceintes bluetooth Marshall;https://meilleurtest.fr/comparatif-enceinte-bluetooth-marshall/;Audio
Les meilleurs casques bluetooth JBL;https://meilleurtest.fr/comparatif-casque-bluetooth-jbl/;Audio
Les meilleures barres de son Sony;https://meilleurtest.fr/comparatif-barre-de-son-sony/;Audio
Les meilleures radios Lexon;https://meilleurtest.fr/comparatif-radio-lexon/;Audio
Les meilleurs talkies-walkies Baofeng;https://meilleurtest.fr/comparatif-talkies-walkies-baofeng/;Audio
Les meilleures barres de son Yamaha;https://meilleurtest.fr/comparatif-barre-de-son-yamaha/;Audio
Les meilleures barres de son JBL;https://meilleurtest.fr/comparatif-barre-de-son-jbl/;Audio
Les meilleures barres de son LG;https://meilleurtest.fr/comparatif-barre-de-son-lg/;Audio
Les meilleurs écouteurs sans fil JBL;https://meilleurtest.fr/comparatif-ecouteur-sans-fil-jbl/;Audio
Les meilleurs écouteurs sans fil Bose;https://meilleurtest.fr/comparatif-ecouteur-sans-fil-bose/;Audio
Les meilleures barres de son Samsung;https://meilleurtest.fr/comparatif-barre-de-son-samsung/;Audio
Les meilleures enceintes bluetooth Bose;https://meilleurtest.fr/comparatif-enceinte-bluetooth-bose/;Audio
Les meilleures barres de son Bose;https://meilleurtest.fr/comparatif-barre-de-son-bose/;Audio
Les meilleurs AirPods;https://meilleurtest.fr/comparatif-airpod/;Audio
Les meilleurs écouteurs Samsung;https://meilleurtest.fr/comparatif-ecouteur-samsung/;Audio
Les meilleurs dictaphones rapport qualité/prix;https://meilleurtest.fr/comparatif-dictaphones-rapport-qualite-prix/;Audio
Les meilleures enceintes bluetooth à moins de 100 euros;https://meilleurtest.fr/comparatif-enceinte-bluetooth-a-moins-de-100-euros/;Audio
Les meilleurs casques TV filaires;https://meilleurtest.fr/comparatif-casque-tv-filaire/;Audio
Les meilleurs écouteurs pour l'avion;https://meilleurtest.fr/comparatif-ecouteurs-pour-l-avion/;Audio
Les meilleures tables de mixage pour débutant;https://meilleurtest.fr/comparatif-table-de-mixage-pour-debutant/;Audio
Les meilleurs casques audio à moins de 50 euros;https://meilleurtest.fr/comparatif-casque-audio-a-moins-de-50-euros/;Audio
Les meilleures enceintes TV;https://meilleurtest.fr/comparatif-enceinte-tv/;Audio
Les meilleurs amplis hifi connectés;https://meilleurtest.fr/comparatif-ampli-hifi-connecte/;Audio
Les meilleures stations d'accueil bluetooth;https://meilleurtest.fr/comparatif-station-daccueil-bluetooth/;Audio
Les meilleurs écouteurs de running sans fil;https://meilleurtest.fr/comparatif-ecouteur-de-running-sans-fil/;Audio
Les meilleurs écouteurs à conduction osseuse;https://meilleurtest.fr/comparatif-ecouteurs-a-conduction-osseuse/;Audio
Les meilleures enceintes portables à batterie;https://meilleurtest.fr/comparatif-enceinte-portable-a-batterie/;Audio
Les meilleurs casques DJ;https://meilleurtest.fr/comparatif-casque-dj/;Audio
Les meilleurs microphones;https://meilleurtest.fr/comparatif-microphone/;Audio
Les meilleurs launchpad;https://meilleurtest.fr/comparatif-launchpad/;Audio
Les meilleurs écouteurs à réduction de bruit à moins de 100 euros;https://meilleurtest.fr/comparatif-ecouteurs-a-reduction-de-bruit-a-moins-de-100-euros/;Audio
Les meilleurs récepteurs stéréo;https://meilleurtest.fr/comparatif-recepteur-stereo/;Audio
Les meilleures enceintes de home cinéma;https://meilleurtest.fr/comparatif-enceinte-de-home-cinema/;Audio
Les meilleurs écouteurs avec de bonnes basses;https://meilleurtest.fr/comparatif-ecouteurs-avec-de-bonnes-basses/;Audio
Les meilleurs préamplis phono;https://meilleurtest.fr/comparatif-preampli-phono/;Audio
Les meilleures enceintes sono;https://meilleurtest.fr/comparatif-enceinte-sono/;Audio
Les meilleurs micros casques professionnels;https://meilleurtest.fr/comparatif-micro-casque-professionnel/;Audio
Les meilleurs écouteurs pour Android;https://meilleurtest.fr/comparatif-ecouteurs-pour-android/;Audio
Les meilleurs écouteurs pour iPhone;https://meilleurtest.fr/comparatif-ecouteurs-pour-iphone/;Audio
Les meilleurs micros chant;https://meilleurtest.fr/comparatif-micro-chant/;Audio
Les meilleurs écouteurs pour audiophiles;https://meilleurtest.fr/comparatif-ecouteurs-pour-audiophiles/;Audio
Les meilleurs écouteurs pour enfants;https://meilleurtest.fr/comparatif-ecouteur-pour-enfant/;Audio
Les meilleures enceintes sans fil;https://meilleurtest.fr/comparatif-enceinte-sans-fil/;Audio
Les meilleurs micros de streaming;https://meilleurtest.fr/comparatif-micro-de-streaming/;Audio
Les meilleures enceintes Bluetooth à moins de 50 euros;https://meilleurtest.fr/comparatif-enceinte-bluetooth-a-moins-de-50-euros/;Audio
Les meilleures enceintes Bluetooth nomades;https://meilleurtest.fr/comparatif-enceinte-bluetooth-nomade/;Audio
Les meilleures barres de son TV;https://meilleurtest.fr/comparatif-barre-de-son-tv/;Audio
Les meilleurs casques studio;https://meilleurtest.fr/comparatif-casque-studio/;Audio
Les meilleurs écouteurs sans fil à moins de 100 euros;https://meilleurtest.fr/comparatif-ecouteurs-sans-fil-a-moins-de-100-euros/;Audio
Les meilleurs casques audio pas chers;https://meilleurtest.fr/comparatif-casque-audio-pas-cher/;Audio
Les meilleurs micros USB;https://meilleurtest.fr/comparatif-micro-usb/;Audio
Les meilleurs écouteurs sans fil à moins de 50 euros;https://meilleurtest.fr/comparatif-ecouteurs-sans-fil-a-moins-de-50-euros/;Audio
Les meilleures mousses acoustiques;https://meilleurtest.fr/comparatif-mousse-acoustique/;Audio
Les meilleures barres de son pas chères;https://meilleurtest.fr/comparatif-barre-de-son-pas-chere/;Audio
Les meilleures enceintes;https://meilleurtest.fr/comparatif-enceinte/;Audio
Les meilleurs casques hifi;https://meilleurtest.fr/comparatif-casque-hifi/;Audio
Les meilleures enceintes pour platine vinyle;https://meilleurtest.fr/comparatif-enceinte-pour-platine-vinyle/;Audio
Les meilleurs écouteurs à réduction de bruit;https://meilleurtest.fr/comparatif-ecouteurs-a-reduction-de-bruit/;Audio
Les meilleures enceintes bibliothèques;https://meilleurtest.fr/comparatif-enceinte-bibliotheque/;Audio
Les meilleurs écouteurs pas chers;https://meilleurtest.fr/comparatif-ecouteur-pas-cher/;Audio
Les meilleurs écouteurs à moins de 100 euros;https://meilleurtest.fr/comparatif-ecouteur-a-moins-de-100-euros/;Audio
Les meilleurs talkies-walkies rechargeables;https://meilleurtest.fr/comparatif-talkie-walkie-rechargeable/;Audio
Les meilleurs chaînes hifi pour enfants;https://meilleurtest.fr/comparatif-chaine-hifi-pour-enfant/;Audio
Les meilleurs écouteurs sans fil pour iPhone;https://meilleurtest.fr/comparatif-ecouteur-sans-fil-pour-iphone/;Audio
Les meilleurs écouteurs avec micro;https://meilleurtest.fr/comparatif-ecouteurs-avec-micro/;Audio
Les meilleurs casques circum auraux;https://meilleurtest.fr/comparatif-casque-circum-aural/;Audio
Les meilleures enceintes transportables;https://meilleurtest.fr/comparatif-enceinte-transportable/;Audio
Les meilleurs écouteurs sans fil Android;https://meilleurtest.fr/comparatif-ecouteur-sans-fil-android/;Audio
Les meilleurs casques bluetooth pour Switch;https://meilleurtest.fr/comparatif-casque-bluetooth-pour-switch/;Audio
Les meilleures grosses enceintes Bluetooth;https://meilleurtest.fr/comparatif-grosse-enceinte-bluetooth/;Audio
Les meilleurs talkies-walkies enfants;https://meilleurtest.fr/comparatif-talkie-walkie-enfant/;Audio
Les meilleurs talkies-walkies pour la chasse;https://meilleurtest.fr/comparatif-talkie-walkie-pour-chasse/;Audio
Les meilleurs casques micro bluetooth;https://meilleurtest.fr/comparatif-casque-micro-bluetooth/;Audio
Les meilleures barres de son 5.1;https://meilleurtest.fr/comparatif-barre-de-son-5-1/;Audio
Les meilleurs casques micro PC;https://meilleurtest.fr/comparatif-casque-micro-pc/;Audio
Les meilleures barres de son Bluetooth;https://meilleurtest.fr/comparatif-barre-de-son-bluetooth/;Audio
Les meilleurs talkies-walkies longue portée;https://meilleurtest.fr/comparatif-talkie-walkie-longue-portee/;Audio
Les meilleurs casques audio haut de gamme;https://meilleurtest.fr/comparatif-casque-audio-haut-de-gamme/;Audio
Les meilleures enceintes Bluetooth lumineuses;https://meilleurtest.fr/comparatif-enceinte-bluetooth-lumineuse/;Audio
Les meilleurs écouteurs USB-C;https://meilleurtest.fr/comparatif-ecouteur-usb-c/;Audio
Les meilleures chaînes hifi haut de gamme;https://meilleurtest.fr/comparatif-chaine-hifi-haut-de-gamme/;Audio
Les meilleurs walkman cassette;https://meilleurtest.fr/comparatif-walkman-cassette/;Audio
Les meilleurs radios-réveils projecteurs;https://meilleurtest.fr/comparatif-radio-reveil-projecteur/;Audio
Les meilleures radios CD USB;https://meilleurtest.fr/comparatif-radio-cd-usb/;Audio
Les meilleurs DAC USB;https://meilleurtest.fr/comparatif-dac-usb/;Audio
Les meilleures mini oreillettes bluetooth;https://meilleurtest.fr/comparatif-mini-oreillette-bluetooth/;Audio
Les meilleures chaînes hifi Bluetooth;https://meilleurtest.fr/comparatif-chaine-hifi-bluetooth/;Audio
Les meilleures enceintes colonnes bluetooth;https://meilleurtest.fr/comparatif-enceinte-colonne-bluetooth/;Audio
Les meilleures enceintes amplifiées sono;https://meilleurtest.fr/comparatif-enceinte-amplifiee-sono/;Audio
Les meilleures enceintes bluetooth puissantes;https://meilleurtest.fr/comparatif-enceinte-bluetooth-puissante/;Audio
Les meilleures enceintes bluetooth de salon;https://meilleurtest.fr/comparatif-enceinte-bluetooth-de-salon/;Audio
Les meilleurs casques audio à moins de 150 euros;https://meilleurtest.fr/comparatif-casque-audio-a-moins-de-150-euros/;Audio
Les meilleures enceintes Bluetooth étanches;https://meilleurtest.fr/comparatif-enceinte-bluetooth-etanche/;Audio
Les meilleurs contrôleurs DJ;https://meilleurtest.fr/comparatif-controleur-dj/;Audio
Les meilleurs micros pas chers;https://meilleurtest.fr/comparatif-micro-pas-cher/;Audio
Les meilleures barres de son Dolby Atmos;https://meilleurtest.fr/comparatif-barre-de-son-dolby-atmos/;Audio
Les meilleures mini chaines Hifi;https://meilleurtest.fr/comparatif-mini-chaine-hifi/;Audio
Les meilleures micro chaînes Hifi;https://meilleurtest.fr/comparatif-micro-chaine-hifi/;Audio
Les meilleurs micros PC;https://meilleurtest.fr/comparatif-micro-pc/;Audio
Les meilleurs casques audio filaires à moins de 100 euros;https://meilleurtest.fr/comparatif-casque-audio-filaire-a-moins-de-100-euros/;Audio
Les meilleurs casques bluetooth pas chers;https://meilleurtest.fr/comparatif-casque-bluetooth-pas-cher/;Audio
Les meilleures enceintes de salon;https://meilleurtest.fr/comparatif-enceinte-de-salon/;Audio
Les meilleurs casques bluetooth sport;https://meilleurtest.fr/comparatif-casque-bluetooth-sport/;Audio
Les meilleurs micros cravates;https://meilleurtest.fr/comparatif-micro-cravate/;Audio
Les meilleures radios internet wifi;https://meilleurtest.fr/comparatif-radio-internet-wifi/;Audio
Les meilleurs casques micro;https://meilleurtest.fr/comparatif-casque-micro/;Audio
Les meilleurs talkies-walkies;https://meilleurtest.fr/comparatif-talkie-walkie/;Audio
Les meilleurs casques TV sans fil;https://meilleurtest.fr/comparatif-casque-tv-sans-fil/;Audio
Les meilleurs écouteurs sans fil Apple;https://meilleurtest.fr/comparatif-ecouteurs-sans-fil-apple/;Audio
Les meilleurs adaptateurs pour casque bluetooth;https://meilleurtest.fr/comparatif-adaptateur-casque-bluetooth/;Audio
Les meilleures enceintes bluetooth JBL;https://meilleurtest.fr/comparatif-enceinte-bluetooth-jbl/;Audio
Les meilleures enceintes bluetooth pas chères;https://meilleurtest.fr/comparatif-enceinte-bluetooth-pas-chere/;Audio
Les meilleurs casques audios à moins de 100 euros;https://meilleurtest.fr/comparatif-casque-audio-a-moins-de-100-euros/;Audio
Les meilleurs casques sans fil à moins de 100 euros;https://meilleurtest.fr/comparatif-casque-sans-fil-a-moins-de-100-euros/;Audio
Les meilleurs casques Sony sans fil;https://meilleurtest.fr/comparatif-casque-sony-sans-fil/;Audio
Les meilleurs casques audio USB;https://meilleurtest.fr/comparatif-casque-audio-usb/;Audio
Les meilleurs casques Sennheiser sans fil;https://meilleurtest.fr/comparatif-casque-sennheiser-sans-fil/;Audio
Les meilleurs amplificateurs DAC pour casque audio;https://meilleurtest.fr/comparatif-amplificateur-dac-pour-casque-audio/;Audio
Les meilleurs casques à réduction de bruit active;https://meilleurtest.fr/comparatif-a-reduction-de-bruit-active/;Audio
Les meilleures tables de mixage;https://meilleurtest.fr/comparatif-table-de-mixage/;Audio
Les meilleurs écouteurs true wireless;https://meilleurtest.fr/comparatif-ecouteur-true-wireless/;Audio
Les meilleurs casques audio pour enfants;https://meilleurtest.fr/comparatif-casque-audio-pour-enfant/;Audio
Les meilleures enceintes Bose;https://meilleurtest.fr/comparatif-enceinte-bose/;Audio
Les meilleures tours de son;https://meilleurtest.fr/comparatif-tour-de-son/;Audio
Les meilleurs écouteurs à moins de 200 euros;https://meilleurtest.fr/comparatif-ecouteur-moins-de-200-euros/;Audio
Les meilleurs casques à réduction de bruit;https://meilleurtest.fr/comparatif-casques-a-reduction-de-bruit/;Audio
Les meilleurs écouteurs;https://meilleurtest.fr/comparatif-ecouteurs/;Audio
Les meilleurs casques nomades filaires;https://meilleurtest.fr/comparatif-casque-nomade-filaire/;Audio
Les meilleures enceintes Marshall;https://meilleurtest.fr/comparatif-enceinte-marshall/;Audio
Les meilleurs jukebox;https://meilleurtest.fr/comparatif-jukebox/;Audio
Les meilleurs casques nomades bluetooth;https://meilleurtest.fr/comparatif-casque-nomade-bluetooth/;Audio
Les meilleurs écouteurs sans fil pas chers;https://meilleurtest.fr/comparatif-ecouteur-sans-fil-pas-cher/;Audio
Les meilleures chaînes hifi;https://meilleurtest.fr/comparatif-chaine-hifi/;Audio
Les meilleures enceintes d'extérieur;https://meilleurtest.fr/comparatif-enceinte-d-exterieur/;Audio
Les meilleures enceintes PC;https://meilleurtest.fr/comparatif-enceinte-pc/;Audio
Les meilleurs casques bluetooth;https://meilleurtest.fr/comparatif-casque-bluetooth/;Audio
Les meilleures enceintes colonnes;https://meilleurtest.fr/comparatif-enceinte-colonne/;Audio
Les meilleurs amplis hifi;https://meilleurtest.fr/comparatif-ampli-hifi/;Audio
Les meilleurs intra-auriculaires sans fil bluetooth;https://meilleurtest.fr/comparatif-ecouteur-intra-auriculaire-bluetooth/;Audio
Les meilleurs écouteurs sans fil pour home cinéma;https://meilleurtest.fr/comparatif-ecouteurs-sans-fil-pour-home-cinema/;Audio
Les meilleurs casques audio filaires;https://meilleurtest.fr/comparatif-casque-audio-filaire/;Audio
Les meilleures enceintes connectées intelligentes;https://meilleurtest.fr/comparatif-enceinte-connectee-intelligente/;Audio
Les meilleurs casques TV sans fil;https://meilleurtest.fr/comparatif-casque-tv-sans-fil/;Audio
Les meilleurs écouteurs sans fil Apple;https://meilleurtest.fr/comparatif-ecouteurs-sans-fil-apple/;Audio
Les meilleurs adaptateurs pour casque bluetooth;https://meilleurtest.fr/comparatif-adaptateur-casque-bluetooth/;Audio
Les meilleures enceintes bluetooth JBL;https://meilleurtest.fr/comparatif-enceinte-bluetooth-jbl/;Audio
Les meilleures enceintes bluetooth pas chères;https://meilleurtest.fr/comparatif-enceinte-bluetooth-pas-chere/;Audio
Les meilleurs casques audios à moins de 100 euros;https://meilleurtest.fr/comparatif-casque-audio-a-moins-de-100-euros/;Audio
Les meilleurs casques sans fil à moins de 100 euros;https://meilleurtest.fr/comparatif-casque-sans-fil-a-moins-de-100-euros/;Audio
Les meilleurs casques Sony sans fil;https://meilleurtest.fr/comparatif-casque-sony-sans-fil/;Audio
Les meilleurs casques audio USB;https://meilleurtest.fr/comparatif-casque-audio-usb/;Audio
Les meilleurs casques Sennheiser sans fil;https://meilleurtest.fr/comparatif-casque-sennheiser-sans-fil/;Audio
Les meilleurs amplificateurs DAC pour casque audio;https://meilleurtest.fr/comparatif-amplificateur-dac-pour-casque-audio/;Audio
Les meilleurs casques à réduction de bruit active;https://meilleurtest.fr/comparatif-a-reduction-de-bruit-active/;Audio
Les meilleures tables de mixage;https://meilleurtest.fr/comparatif-table-de-mixage/;Audio
Les meilleurs écouteurs true wireless;https://meilleurtest.fr/comparatif-ecouteur-true-wireless/;Audio
Les meilleurs casques audio pour enfants;https://meilleurtest.fr/comparatif-casque-audio-pour-enfant/;Audio
Les meilleures enceintes Bose;https://meilleurtest.fr/comparatif-enceinte-bose/;Audio
Les meilleures tours de son;https://meilleurtest.fr/comparatif-tour-de-son/;Audio
Les meilleurs écouteurs à moins de 200 euros;https://meilleurtest.fr/comparatif-ecouteur-moins-de-200-euros/;Audio
Les meilleurs casques à réduction de bruit;https://meilleurtest.fr/comparatif-casques-a-reduction-de-bruit/;Audio
Les meilleurs écouteurs;https://meilleurtest.fr/comparatif-ecouteurs/;Audio
Les meilleurs casques nomades filaires;https://meilleurtest.fr/comparatif-casque-nomade-filaire/;Audio
Les meilleures enceintes Marshall;https://meilleurtest.fr/comparatif-enceinte-marshall/;Audio
Les meilleurs jukebox;https://meilleurtest.fr/comparatif-jukebox/;Audio
Les meilleurs casques nomades bluetooth;https://meilleurtest.fr/comparatif-casque-nomade-bluetooth/;Audio
Les meilleurs écouteurs sans fil pas chers;https://meilleurtest.fr/comparatif-ecouteur-sans-fil-pas-cher/;Audio
Les meilleures chaînes hifi;https://meilleurtest.fr/comparatif-chaine-hifi/;Audio
Les meilleures enceintes d'extérieur;https://meilleurtest.fr/comparatif-enceinte-d-exterieur/;Audio
Les meilleures enceintes PC;https://meilleurtest.fr/comparatif-enceinte-pc/;Audio
Les meilleurs casques bluetooth;https://meilleurtest.fr/comparatif-casque-bluetooth/;Audio
Les meilleures enceintes colonnes;https://meilleurtest.fr/comparatif-enceinte-colonne/;Audio
Les meilleurs amplis hifi;https://meilleurtest.fr/comparatif-ampli-hifi/;Audio
Les meilleurs intra-auriculaires sans fil bluetooth;https://meilleurtest.fr/comparatif-ecouteur-intra-auriculaire-bluetooth/;Audio
Les meilleurs écouteurs sans fil pour home cinéma;https://meilleurtest.fr/comparatif-ecouteurs-sans-fil-pour-home-cinema/;Audio
Les meilleurs casques audio filaires;https://meilleurtest.fr/comparatif-casque-audio-filaire/;Audio
Les meilleures enceintes connectées intelligentes;https://meilleurtest.fr/comparatif-enceinte-connectee-intelligente/;Audio
Les meilleures offres voiture;https://meilleurtest.fr/comparatif-offre-voiture/;Auto
Les meilleurs matelas pour coffre de voiture;https://meilleurtest.fr/comparatif-matelas-pour-coffre-de-voiture/;Auto
Les meilleurs lave-glaces voiture;https://meilleurtest.fr/comparatif-lave-glace-voiture/;Auto
Les meilleures offres de voiture électrique;https://meilleurtest.fr/comparatif-offre-de-voiture-electrique/;Auto
Les meilleures polisseuses de voiture;https://meilleurtest.fr/comparatif-polisseuse-de-voiture/;Auto
Les meilleures alarmes voiture;https://meilleurtest.fr/comparatif-alarme-voiture/;Auto
Les meilleures batteries gel pour camping-car;https://meilleurtest.fr/comparatif-batterie-gel-pour-camping-car/;Auto
Les meilleures huiles de direction assistée;https://meilleurtest.fr/comparatif-huile-de-direction-assistee/;Auto
Les meilleures housses de voiture;https://meilleurtest.fr/comparatif-housse-de-voiture/;Auto
Les meilleurs gonfleurs électriques;https://meilleurtest.fr/comparatif-gonfleur-electrique/;Auto
Les meilleurs sites pour acheter des pièces auto;https://meilleurtest.fr/comparatif-site-pour-acheter-des-pieces-auto/;Auto
Les meilleurs sites de vente de voitures aux enchères;https://meilleurtest.fr/comparatif-site-de-vente-de-voitures-aux-encheres/;Auto
Les meilleurs kits éthanol;https://meilleurtest.fr/comparatif-kit-ethanol/;Auto
Les meilleurs pneus 4 saisons homologués hiver;https://meilleurtest.fr/comparatif-pneu-4-saisons-homologue-hiver/;Auto
Les meilleurs pneus 4x4 mixtes;https://meilleurtest.fr/comparatif-pneu-4x4-mixte/;Auto
Les meilleurs extincteurs de voiture;https://meilleurtest.fr/comparatif-extincteur-de-voiture/;Auto
Les meilleurs crics;https://meilleurtest.fr/comparatif-cric/;Auto
Les meilleurs couvre volants;https://meilleurtest.fr/comparatif-couvre-volant/;Auto
Les meilleurs coffres d'attelage;https://meilleurtest.fr/comparatif-coffre-dattelage/;Auto
Les meilleures chandelles de voiture;https://meilleurtest.fr/comparatif-chandelle-de-voiture/;Auto
Les meilleures barres de remorquage;https://meilleurtest.fr/comparatif-barre-de-remorquage/;Auto
Les meilleurs boîtiers éthanol;https://meilleurtest.fr/comparatif-boitier-ethanol/;Auto
Les meilleures bâches voiture;https://meilleurtest.fr/comparatif-bache-voiture/;Auto
Les meilleures barres de toit;https://meilleurtest.fr/comparatif-barre-de-toit/;Auto
Les meilleurs boitiers anti-rongeurs pour voiture;https://meilleurtest.fr/comparatif-boitier-anti-rongeurs-pour-voiture/;Auto
Les meilleurs réfrigérateurs pour camping-car;https://meilleurtest.fr/comparatif-refrigerateur-pour-camping-car/;Auto
Les meilleurs disques de frein voiture;https://meilleurtest.fr/comparatif-disque-de-frein-voiture/;Auto
Les meilleurs additifs traitement essence;https://meilleurtest.fr/comparatif-additif-traitement-essence/;Auto
Les meilleurs pneus Tracmax;https://meilleurtest.fr/comparatif-pneus-tracmax/;Auto
Les meilleurs SUV premium;https://meilleurtest.fr/comparatif-suv-premium/;Auto
Les meilleures huiles moteurs 2 temps;https://meilleurtest.fr/comparatif-huile-moteur-2-temps/;Auto
Les meilleurs antirouilles auto;https://meilleurtest.fr/comparatif-antirouille-auto/;Auto
Les meilleurs chargeurs USB voiture;https://meilleurtest.fr/comparatif-chargeur-usb-voiture/;Auto
Les meilleurs chargeurs USB voitures;https://meilleurtest.fr/comparatif-chargeurs-usb-voitures/;Auto
Les meilleures huiles de boîte de vitesse;https://meilleurtest.fr/comparatif-huile-de-boite-de-vitesse/;Auto
Les meilleurs nettoyants injecteurs essence;https://meilleurtest.fr/comparatif-nettoyant-injecteur-essence/;Auto
Les meilleurs additifs pour huile moteur;https://meilleurtest.fr/comparatif-additif-pour-huile-moteur/;Auto
Les meilleurs produits anti-rouille;https://meilleurtest.fr/comparatif-produit-anti-rouille/;Auto
Les meilleurs pneus SUV 4 saisons;https://meilleurtest.fr/comparatif-pneu-suv-4-saisons/;Auto
Les meilleurs antivols mécaniques auto;https://meilleurtest.fr/comparatif-antivol-mecanique-auto/;Auto
Les meilleurs pneus Dunlop;https://meilleurtest.fr/comparatif-pneu-dunlop/;Auto
Les meilleurs pneus Michelin;https://meilleurtest.fr/comparatif-pneu-michelin/;Auto
Les meilleurs GPS TomTom;https://meilleurtest.fr/comparatif-gps-tomtom/;Auto
Les meilleurs pneus Bridgestone;https://meilleurtest.fr/comparatif-pneu-bridgestone/;Auto
Les meilleurs pneus Kebler;https://meilleurtest.fr/comparatif-pneu-kebler/;Auto
Les meilleurs pneus Nexen;https://meilleurtest.fr/comparatif-pneu-nexen/;Auto
Les meilleurs pneus Hankook;https://meilleurtest.fr/comparatif-pneus-hankook/;Auto
Les meilleurs filtres à gasoil;https://meilleurtest.fr/comparatif-filtre-a-gasoil/;Auto
Les meilleures voitures électriques rapport qualité/prix;https://meilleurtest.fr/comparatif-voitures-electriques-rapport-qualite-prix/;Auto
Les meilleurs alcootests;https://meilleurtest.fr/comparatif-alcootest/;Auto
Les meilleures lunettes de conduite de nuit;https://meilleurtest.fr/comparatif-lunette-de-conduite-de-nuit/;Auto
Les meilleurs GPS à moins de 150 euros;https://meilleurtest.fr/comparatif-gps-a-moins-de-150-euros/;Auto
Les meilleurs additifs pour moteur éthanol;https://meilleurtest.fr/comparatif-additif-pour-moteur-ethanol/;Auto
Les meilleurs autoradios GPS 2 DIN;https://meilleurtest.fr/comparatif-autoradio-gps-2-din/;Auto
Les meilleurs produits d'entretien pour cuir de voiture;https://meilleurtest.fr/comparatif-produit-dentretien-pour-cuir-de-voiture/;Auto
Les meilleurs pneus rapport qualité/prix;https://meilleurtest.fr/comparatif-pneus-rapport-qualite-prix/;Auto
Les meilleurs pneus rechapés;https://meilleurtest.fr/comparatif-pneu-rechape/;Auto
Les meilleurs filtres à huile;https://meilleurtest.fr/comparatif-filtre-a-huile/;Auto
Les meilleurs nettoyants avant vidange;https://meilleurtest.fr/comparatif-nettoyant-avant-vidange/;Auto
Les meilleurs liquides de freins;https://meilleurtest.fr/comparatif-liquide-de-freins/;Auto
Les meilleures antennes de camping-car;https://meilleurtest.fr/comparatif-antenne-de-camping-car/;Auto
Les meilleurs nettoyants injecteurs diesel;https://meilleurtest.fr/comparatif-nettoyant-injecteur-diesel/;Auto
Les meilleurs imperméabilisants capote;https://meilleurtest.fr/comparatif-impermeabilisant-capote/;Auto
Les meilleurs désodorisants voiture;https://meilleurtest.fr/comparatif-desodorisant-voiture/;Auto
Les meilleurs GPS camping-car;https://meilleurtest.fr/comparatif-gps-camping-car/;Auto
Les meilleurs pick up;https://meilleurtest.fr/comparatif-pick-up/;Auto
Les meilleurs boîtiers additionnels;https://meilleurtest.fr/comparatif-boitier-additionnel/;Auto
Les meilleurs crics hydrauliques;https://meilleurtest.fr/comparatif-cric-hydraulique/;Auto
Les meilleurs pare-pierres;https://meilleurtest.fr/comparatif-pare-pierres/;Auto
Les meilleurs cirages pour pneus de voiture;https://meilleurtest.fr/comparatif-cirage-pour-pneus-de-voiture/;Auto
Les meilleurs breaks sportifs;https://meilleurtest.fr/comparatif-break-sportif/;Auto
Les meilleures bombes anti-crevaisons;https://meilleurtest.fr/comparatif-bombe-anti-crevaison/;Auto
Les meilleurs additifs nettoyants turbo;https://meilleurtest.fr/comparatif-additif-nettoyant-turbo/;Auto
Les meilleures remorques voiture;https://meilleurtest.fr/comparatif-remorque-voiture/;Auto
Les meilleurs chargeurs induction voiture;https://meilleurtest.fr/comparatif-chargeur-induction-voiture/;Auto
Les meilleurs pare-soleils voiture;https://meilleurtest.fr/comparatif-pare-soleil-voiture/;Auto
Les meilleurs kits de rénovation de phares;https://meilleurtest.fr/comparatif-kit-de-renovation-phares/;Auto
Les meilleurs pneus été;https://meilleurtest.fr/comparatif-pneu-ete/;Auto
Les meilleurs sent-bon voiture;https://meilleurtest.fr/comparatif-sent-bon-voiture/;Auto
Les meilleures cires voiture;https://meilleurtest.fr/comparatif-cire-voiture/;Auto
Les meilleurs dashcam avant arrière;https://meilleurtest.fr/comparatif-dashcam-avant-arriere/;Auto
Les meilleurs GPS Android;https://meilleurtest.fr/comparatif-gps-android/;Auto
Les meilleurs nettoyants FAP;https://meilleurtest.fr/comparatif-nettoyant-fap/;Auto
Les meilleurs liquides de refroidissement;https://meilleurtest.fr/comparatif-liquide-de-refroidissement/;Auto
Les meilleures voitures;https://meilleurtest.fr/comparatif-voiture/;Auto
Les meilleures voitures familiales;https://meilleurtest.fr/comparatif-voiture-familiale/;Auto
Les meilleurs gyrophares;https://meilleurtest.fr/comparatif-gyrophare/;Auto
Les meilleurs utilitaires;https://meilleurtest.fr/comparatif-utilitaire/;Auto
Les meilleures voitures rapport qualité/prix;https://meilleurtest.fr/comparatif-voitures-rapport-qualite-prix/;Auto
Les meilleures dashcams pour moto;https://meilleurtest.fr/comparatif-dashcam-pour-moto/;Auto
Les meilleures cales pour camping-car;https://meilleurtest.fr/comparatif-cales-pour-camping-car/;Auto
Les meilleurs tapis de voiture;https://meilleurtest.fr/comparatif-tapis-de-voiture/;Auto
Les meilleures huiles moteur 5W30;https://meilleurtest.fr/comparatif-huile-moteur-5w30/;Auto
Les meilleures ampoules H4 LED;https://meilleurtest.fr/comparatif-ampoule-h4-led/;Auto
Les meilleures caméras de recul sans fil pour camping-car;https://meilleurtest.fr/comparatif-camera-de-recul-sans-fil-pour-camping-car/;Auto
Les meilleurs kits de débosselage sans peinture;https://meilleurtest.fr/comparatif-kit-de-debosselage-sans-peinture/;Auto
Les meilleurs sites de location de voiture;https://meilleurtest.fr/comparatif-site-de-location-de-voiture/;Auto
Les meilleurs kits d'ampoules xénon H7;https://meilleurtest.fr/comparatif-kit-ampoules-xenon-h7/;Auto
Les meilleurs bloque volants;https://meilleurtest.fr/comparatif-bloque-volant/;Auto
Les meilleures ampoules xénon;https://meilleurtest.fr/comparatif-ampoules-xenon/;Auto
Les meilleurs badges de télépéage pour les PME;https://meilleurtest.fr/comparatif-badge-de-telepeage-pour-pme/;Auto
Les meilleurs badges de télépéage pour les TPE;https://meilleurtest.fr/comparatif-badge-de-telepeage-pour-tpe/;Auto
Les meilleurs badges de télépéage avec réduction aux péages;https://meilleurtest.fr/comparatif-badge-de-telepeage-avec-reduction-aux-peages/;Auto
Les meilleurs badges de télépéage pour les grandes entreprises;https://meilleurtest.fr/comparatif-badge-de-telepeage-pour-grandes-entreprises/;Auto
Les meilleurs gonfleurs de pneus;https://meilleurtest.fr/comparatif-gonfleur-de-pneus/;Auto
Les meilleures plaquettes de frein auto;https://meilleurtest.fr/comparatif-plaquette-de-frein-auto/;Auto
Les meilleurs autoradios 2 DIN;https://meilleurtest.fr/comparatif-autoradio-2-din/;Auto
Les meilleurs sites de voitures d'occasion;https://meilleurtest.fr/comparatif-site-de-voiture-doccasion/;Auto
Les meilleurs SUV urbains;https://meilleurtest.fr/comparatif-suv-urbain/;Auto
Les meilleurs ponts ciseaux;https://meilleurtest.fr/comparatif-pont-ciseau/;Auto
Les meilleurs caissons de basse amplifiés voiture;https://meilleurtest.fr/comparatif-caisson-de-basse-amplifie-voiture/;Auto
Les meilleurs autoradios GPS;https://meilleurtest.fr/comparatif-autoradio-gps/;Auto
Les meilleures caméras de recul sans fil;https://meilleurtest.fr/comparatif-camera-de-recul-sans-fil/;Auto
Les meilleurs polishes voiture;https://meilleurtest.fr/comparatif-polish-voiture/;Auto
Les meilleurs nettoyants injecteurs;https://meilleurtest.fr/comparatif-nettoyant-injecteur/;Auto
Les meilleures housses automobiles d'extérieur;https://meilleurtest.fr/comparatif-housse-automobile-dexterieur/;Auto
Les meilleurs éthylotests;https://meilleurtest.fr/comparatif-ethylotest/;Auto
Les meilleurs pneus voiture;https://meilleurtest.fr/comparatif-pneu-voiture/;Auto
Les meilleurs efface rayures voitures;https://meilleurtest.fr/comparatif-efface-rayure-voiture/;Auto
Les meilleurs chargeurs de batterie intelligents;https://meilleurtest.fr/comparatif-chargeur-de-batterie-intelligent/;Auto
Les meilleurs haut-parleurs voiture 16,5 cm;https://meilleurtest.fr/comparatif-haut-parleur-voiture-16-5-cm/;Auto
Les meilleurs climatiseurs de camping-car;https://meilleurtest.fr/comparatif-climatiseur-de-camping-car/;Auto
Les meilleures huiles moteur auto;https://meilleurtest.fr/comparatif-huile-moteur-auto/;Auto
Les meilleurs SUV;https://meilleurtest.fr/comparatif-suv/;Auto
Les meilleurs buggies homologués route;https://meilleurtest.fr/comparatif-buggy-homologue-route/;Auto
Les meilleurs haut-parleurs voiture;https://meilleurtest.fr/comparatif-haut-parleur-voiture/;Auto
Les meilleures berlines compactes;https://meilleurtest.fr/comparatif-berline-compacte/;Auto
Les meilleurs ventilateurs voiture 12 V;https://meilleurtest.fr/comparatif-ventilateur-voiture-12-v/;Auto
Les meilleurs ponts élévateurs mobiles;https://meilleurtest.fr/comparatif-pont-elevateur-mobile/;Auto
Les meilleures petites voitures neuves pas chères;https://meilleurtest.fr/comparatif-petite-voiture-neuve-pas-chere/;Auto
Les meilleures ampoules H7 LED;https://meilleurtest.fr/comparatif-ampoule-h7-led/;Auto
Les meilleurs gants de conduite;https://meilleurtest.fr/comparatif-gants-de-conduite/;Auto
Les meilleurs chargeurs de batterie de voiture;https://meilleurtest.fr/comparatif-chargeur-de-batterie-voiture/;Auto
Les meilleures chaînes à neige pour voiture;https://meilleurtest.fr/comparatif-chaine-a-neige-pour-voiture/;Auto
Les meilleurs kits mains libres pour voiture;https://meilleurtest.fr/comparatif-kits-main-libre-pour-voiture/;Auto
Les meilleures voitures économiques;https://meilleurtest.fr/comparatif-voiture-economique/;Auto
Les meilleures citadines;https://meilleurtest.fr/comparatif-citadine/;Auto
Les meilleurs antivols de voiture;https://meilleurtest.fr/comparatif-antivol-voiture/;Auto
Les meilleurs avertisseurs de radar;https://meilleurtest.fr/comparatif-avertisseur-de-radar/;Auto
Les meilleurs boosters de batterie;https://meilleurtest.fr/comparatif-booster-batterie/;Auto
Les meilleurs crossovers hybrides;https://meilleurtest.fr/comparatif-crossover-hybride/;Auto
Les meilleures berlines familiales;https://meilleurtest.fr/comparatif-berline-familiale/;Auto
Les meilleurs autoradios Android;https://meilleurtest.fr/comparatif-autoradio-android-auto-et-apple-carplay/;Auto
Les meilleurs sites de location de camping-car;https://meilleurtest.fr/comparatif-site-location-camping-car/;Auto
Les meilleurs rehausseurs auto;https://meilleurtest.fr/comparatif-rehausseur-auto-pour-enfant/;Auto
Les meilleurs SUV compacts;https://meilleurtest.fr/comparatif-suv-compact/;Auto
Les meilleurs GPS poids lourds;https://meilleurtest.fr/comparatif-gps-poid-lourd/;Auto
Les meilleures caméras de recul;https://meilleurtest.fr/comparatif-camera-de-recul/;Auto
Les meilleurs 4x4;https://meilleurtest.fr/comparatif-4x4/;Auto
Les meilleurs haut-parleurs voiture;https://meilleurtest.fr/comparatif-haut-parleur-voiture/;Auto
Les meilleures berlines compactes;https://meilleurtest.fr/comparatif-berline-compacte/;Auto
Les meilleurs ventilateurs voiture 12 V;https://meilleurtest.fr/comparatif-ventilateur-voiture-12-v/;Auto
Les meilleurs ponts élévateurs mobiles;https://meilleurtest.fr/comparatif-pont-elevateur-mobile/;Auto
Les meilleures petites voitures neuves pas chères;https://meilleurtest.fr/comparatif-petite-voiture-neuve-pas-chere/;Auto
Les meilleures ampoules H7 LED;https://meilleurtest.fr/comparatif-ampoule-h7-led/;Auto
Les meilleurs gants de conduite;https://meilleurtest.fr/comparatif-gants-de-conduite/;Auto
Les meilleurs chargeurs de batterie de voiture;https://meilleurtest.fr/comparatif-chargeur-de-batterie-voiture/;Auto
Les meilleures chaînes à neige pour voiture;https://meilleurtest.fr/comparatif-chaine-a-neige-pour-voiture/;Auto
Les meilleurs kits mains libres pour voiture;https://meilleurtest.fr/comparatif-kits-main-libre-pour-voiture/;Auto
Les meilleures voitures économiques;https://meilleurtest.fr/comparatif-voiture-economique/;Auto
Les meilleures citadines;https://meilleurtest.fr/comparatif-citadine/;Auto
Les meilleurs antivols de voiture;https://meilleurtest.fr/comparatif-antivol-voiture/;Auto
Les meilleurs avertisseurs de radar;https://meilleurtest.fr/comparatif-avertisseur-de-radar/;Auto
Les meilleurs boosters de batterie;https://meilleurtest.fr/comparatif-booster-batterie/;Auto
Les meilleurs crossovers hybrides;https://meilleurtest.fr/comparatif-crossover-hybride/;Auto
Les meilleures berlines familiales;https://meilleurtest.fr/comparatif-berline-familiale/;Auto
Les meilleurs autoradios Android;https://meilleurtest.fr/comparatif-autoradio-android-auto-et-apple-carplay/;Auto
Les meilleurs sites de location de camping-car;https://meilleurtest.fr/comparatif-site-location-camping-car/;Auto
Les meilleurs rehausseurs auto;https://meilleurtest.fr/comparatif-rehausseur-auto-pour-enfant/;Auto
Les meilleurs SUV compacts;https://meilleurtest.fr/comparatif-suv-compact/;Auto
Les meilleurs GPS poids lourds;https://meilleurtest.fr/comparatif-gps-poid-lourd/;Auto
Les meilleures caméras de recul;https://meilleurtest.fr/comparatif-camera-de-recul/;Auto
Les meilleurs 4x4;https://meilleurtest.fr/comparatif-4x4/;Auto
Les meilleures valises sur Amazon;https://meilleurtest.fr/comparatif-valise-amazon/;Bagages et valises
Les meilleures valises American Tourister;https://meilleurtest.fr/comparatif-valise-american-tourister/;Bagages et valises
Les meilleures valises American Travel;https://meilleurtest.fr/comparatif-valise-american-travel/;Bagages et valises
Les meilleures valises Samsonite;https://meilleurtest.fr/comparatif-valise-samsonite/;Bagages et valises
Les meilleurs bagages;https://meilleurtest.fr/comparatif-bagage/;Bagages et valises
Les meilleures valises cabine 55x35x25 cm;https://meilleurtest.fr/comparatif-valise-cabine-55x35x25-cm/;Bagages et valises
Les meilleures valises;https://meilleurtest.fr/comparatif-valise/;Bagages et valises
Les meilleures valises cabine;https://meilleurtest.fr/comparatif-valise-cabine/;Bagages et valises
Les meilleurs cadenas TSA;https://meilleurtest.fr/comparatif-cadenas-tsa/;Bagages et valises
Les meilleures valises;https://meilleurtest.fr/comparatif-valise/;Bagages et valises
Les meilleures valises cabine;https://meilleurtest.fr/comparatif-valise-cabine/;Bagages et valises
Les meilleurs cadenas TSA;https://meilleurtest.fr/comparatif-cadenas-tsa/;Bagages et valises
Les meilleures banques pour investir en bourse;https://meilleurtest.fr/comparatif-banque-pour-investir-en-bourse/;Banques en ligne
Les meilleures banques en ligne internationales;https://meilleurtest.fr/comparatif-banque-en-ligne-internationale/;Banques en ligne
Les meilleures banques pour compte joint;https://meilleurtest.fr/comparatif-banque-pour-compte-joint/;Banques en ligne
Les meilleurs PEA en 2025;https://meilleurtest.fr/comparatif-pea/;Banques en ligne
Les meilleures banques en ligne gratuites en 2025;https://meilleurtest.fr/comparatif-banque-en-ligne-gratuite/;Banques en ligne
Les meilleures banques pros traditionnelles;https://meilleurtest.fr/comparatif-banque-pro-traditionnelle/;Banques en ligne
Les meilleures banques physiques;https://meilleurtest.fr/comparatif-banque-physique/;Banques en ligne
Les meilleures banques en ligne professionnelles;https://meilleurtest.fr/comparatif-banque-en-ligne-professionnelle/;Banques en ligne
Les meilleures banques pour auto-entrepreneur;https://meilleurtest.fr/comparatif-banque-pour-auto-entrepreneur/;Banques en ligne
Les meilleures banques pour les jeunes;https://meilleurtest.fr/comparatif-banque-pour-jeunes/;Banques en ligne
Les meilleures banques pour voyager ou vivre à l'étranger;https://meilleurtest.fr/comparatif-banque-pour-voyager-ou-vivre-a-etranger/;Banques en ligne
Les meilleures banques sans condition de revenu;https://meilleurtest.fr/comparatif-banque-sans-condition-de-revenu/;Banques en ligne
Les meilleures néobanques;https://meilleurtest.fr/comparatif-neobanque/;Banques en ligne
Les meilleures banques;https://meilleurtest.fr/comparatif-banque/;Banques en ligne
Les meilleures banques traditionnelles en France;https://meilleurtest.fr/comparatif-banque-traditionnelle-france/;Banques en ligne
Les meilleures banques;https://meilleurtest.fr/comparatif-banque/;Banques en ligne
Les meilleures banques traditionnelles en France;https://meilleurtest.fr/comparatif-banque-traditionnelle-france/;Banques en ligne
Les meilleures baumes à barbe;https://meilleurtest.fr/comparatif-baume-a-barbe/;Barbe et rasage
Les meilleures tondeuses barbe courte;https://meilleurtest.fr/comparatif-tondeuse-barbe-courte/;Barbe et rasage
Les meilleures crèmes après-rasage;https://meilleurtest.fr/comparatif-creme-apres-rasage/;Barbe et rasage
Les meilleurs kits barbe homme;https://meilleurtest.fr/comparatif-kit-barbe-homme/;Barbe et rasage
Les meilleures tondeuses à barbe rapport qualité/prix;https://meilleurtest.fr/comparatif-tondeuses-a-barbe-rapport-qualite-prix/;Barbe et rasage
Les meilleurs rasoirs électriques Braun;https://meilleurtest.fr/comparatif-rasoir-electrique-braun/;Barbe et rasage
Les meilleurs rasoirs électriques Philips;https://meilleurtest.fr/comparatif-rasoir-electrique-philips/;Barbe et rasage
Les meilleurs après-rasages pour peau sensible;https://meilleurtest.fr/comparatif-apres-rasage-pour-peau-sensible/;Barbe et rasage
Les meilleurs rasoirs de sureté;https://meilleurtest.fr/comparatif-rasoir-de-surete/;Barbe et rasage
Les meilleures brosses poil de sanglier;https://meilleurtest.fr/comparatif-brosse-poil-de-sanglier/;Barbe et rasage
Les meilleurs après-rasages;https://meilleurtest.fr/comparatif-apres-rasage/;Barbe et rasage
Les meilleures tondeuses corps pour homme;https://meilleurtest.fr/comparatif-tondeuse-corps-pour-homme/;Barbe et rasage
Les meilleures mousses à raser;https://meilleurtest.fr/comparatif-mousse-a-raser/;Barbe et rasage
Les meilleurs rasoirs pour chauves;https://meilleurtest.fr/comparatif-rasoir-pour-chauve/;Barbe et rasage
Les meilleures tondeuses nez et oreilles;https://meilleurtest.fr/comparatif-tondeuse-nez-et-oreilles/;Barbe et rasage
Les meilleurs rasoirs jetables;https://meilleurtest.fr/comparatif-rasoir-jetable/;Barbe et rasage
Les meilleurs rasoirs pour homme;https://meilleurtest.fr/comparatif-rasoir-pour-homme/;Barbe et rasage
Les meilleures huiles de rasage;https://meilleurtest.fr/comparatif-huile-de-rasage/;Barbe et rasage
Les meilleurs rasoirs pour le dos;https://meilleurtest.fr/comparatif-rasoir-pour-dos/;Barbe et rasage
Les meilleurs rasoirs électriques pour femme;https://meilleurtest.fr/comparatif-rasoir-electrique-femme/;Barbe et rasage
Les meilleures tondeuses pour poils pubiens;https://meilleurtest.fr/comparatif-tondeuse-pour-poils-pubiens/;Barbe et rasage
Les meilleurs rasoirs coupe choux;https://meilleurtest.fr/comparatif-rasoir-coupe-choux/;Barbe et rasage
Les meilleurs peignes à barbe;https://meilleurtest.fr/comparatif-peigne-a-barbe/;Barbe et rasage
Les meilleurs rasoirs électriques;https://meilleurtest.fr/comparatif-rasoir-electrique/;Barbe et rasage
Les meilleures tondeuses à barbe;https://meilleurtest.fr/comparatif-tondeuse-a-barbe/;Barbe et rasage
Les meilleures brosses à barbe;https://meilleurtest.fr/comparatif-brosse-a-barbe/;Barbe et rasage
Les meilleurs kits d'entretien pour barbe;https://meilleurtest.fr/comparatif-kit-entretien-pour-barbe/;Barbe et rasage
Les meilleures huiles de ricin pour barbe;https://meilleurtest.fr/comparatif-huile-de-ricin-pour-barbe/;Barbe et rasage
Les meilleurs rasoirs Philips;https://meilleurtest.fr/comparatif-rasoir-philips/;Barbe et rasage
Les meilleures teintures à barbe;https://meilleurtest.fr/comparatif-teinture-a-barbe/;Barbe et rasage
Les meilleurs rasoirs coupe choux;https://meilleurtest.fr/comparatif-rasoir-coupe-choux/;Barbe et rasage
Les meilleurs peignes à barbe;https://meilleurtest.fr/comparatif-peigne-a-barbe/;Barbe et rasage
Les meilleurs rasoirs électriques;https://meilleurtest.fr/comparatif-rasoir-electrique/;Barbe et rasage
Les meilleures tondeuses à barbe;https://meilleurtest.fr/comparatif-tondeuse-a-barbe/;Barbe et rasage
Les meilleures brosses à barbe;https://meilleurtest.fr/comparatif-brosse-a-barbe/;Barbe et rasage
Les meilleurs kits d'entretien pour barbe;https://meilleurtest.fr/comparatif-kit-entretien-pour-barbe/;Barbe et rasage
Les meilleures huiles de ricin pour barbe;https://meilleurtest.fr/comparatif-huile-de-ricin-pour-barbe/;Barbe et rasage
Les meilleurs rasoirs Philips;https://meilleurtest.fr/comparatif-rasoir-philips/;Barbe et rasage
Les meilleures teintures à barbe;https://meilleurtest.fr/comparatif-teinture-a-barbe/;Barbe et rasage
Les meilleurs charbons de bois pour barbecue;https://meilleurtest.fr/comparatif-charbons-de-bois-pour-barbecue/;BBQ et grillades
Les meilleurs barbecues Kamado;https://meilleurtest.fr/comparatif-barbecue-kamado/;BBQ et grillades
Les meilleures planchas à gaz en fonte émaillée;https://meilleurtest.fr/comparatif-plancha-a-gaz-en-fonte-emaillee/;BBQ et grillades
Les meilleurs combinés barbecue plancha;https://meilleurtest.fr/comparatif-combine-barbecue-plancha/;BBQ et grillades
Les meilleures planchas électriques pour l'extérieur;https://meilleurtest.fr/comparatif-plancha-electrique-pour-l-exterieur/;BBQ et grillades
Les meilleurs barbecues jetables;https://meilleurtest.fr/comparatif-barbecue-jetable/;BBQ et grillades
Les meilleurs barbecues Invicta;https://meilleurtest.fr/comparatif-barbecue-invicta/;BBQ et grillades
Les meilleures planchas électriques inox;https://meilleurtest.fr/comparatif-plancha-electrique-inox/;BBQ et grillades
Les meilleurs Barbecues Campingaz;https://meilleurtest.fr/comparatif-barbecue-campingaz/;BBQ et grillades
Les meilleurs barbecues à gaz Weber;https://meilleurtest.fr/comparatif-barbecue-a-gaz-weber/;BBQ et grillades
Les meilleures planchas Gifi;https://meilleurtest.fr/comparatif-plancha-gifi/;BBQ et grillades
Les meilleurs barbecues à charbon Weber;https://meilleurtest.fr/comparatif-barbecue-a-charbon-weber/;BBQ et grillades
Les meilleurs barbecues Weber;https://meilleurtest.fr/comparatif-barbecue-weber/;BBQ et grillades
Les meilleurs fumoirs;https://meilleurtest.fr/comparatif-fumoir/;BBQ et grillades
Les meilleurs braseros barbecues;https://meilleurtest.fr/comparatif-brasero-barbecue/;BBQ et grillades
Les meilleurs charbons pour BBQ;https://meilleurtest.fr/comparatif-charbon-pour-bbq/;BBQ et grillades
Les meilleurs fumoirs à granulés;https://meilleurtest.fr/comparatif-fumoir-granules/;BBQ et grillades
Les meilleures grilles de barbecue;https://meilleurtest.fr/comparatif-grille-de-barbecue/;BBQ et grillades
Les meilleurs grills viande;https://meilleurtest.fr/comparatif-grill-viande/;BBQ et grillades
Les meilleures planchas rapport qualité/prix;https://meilleurtest.fr/comparatif-planchas-rapport-qualite-prix/;BBQ et grillades
Les meilleurs barbecues à gaz;https://meilleurtest.fr/comparatif-barbecue-a-gaz/;BBQ et grillades
Les meilleurs barbecues à charbon;https://meilleurtest.fr/comparatif-barbecue-a-charbon/;BBQ et grillades
Les meilleures planchas;https://meilleurtest.fr/comparatif-plancha/;BBQ et grillades
Les meilleurs barbecues à granulés;https://meilleurtest.fr/comparatif-barbecue-a-granule/;BBQ et grillades
Les meilleurs barbecues;https://meilleurtest.fr/comparatif-barbecue/;BBQ et grillades
Les meilleurs barbecues à gaz;https://meilleurtest.fr/comparatif-barbecue-a-gaz/;BBQ et grillades
Les meilleurs barbecues à charbon;https://meilleurtest.fr/comparatif-barbecue-a-charbon/;BBQ et grillades
Les meilleures planchas;https://meilleurtest.fr/comparatif-plancha/;BBQ et grillades
Les meilleurs barbecues à granulés;https://meilleurtest.fr/comparatif-barbecue-a-granule/;BBQ et grillades
Les meilleurs barbecues;https://meilleurtest.fr/comparatif-barbecue/;BBQ et grillades
Les meilleurs shampoings anti-pelliculaires pour homme;https://meilleurtest.fr/comparatif-shampoing-anti-pelliculaire-pour-homme/;Beauté des cheveux
Les meilleurs shampoings pour psoriasis;https://meilleurtest.fr/comparatif-shampoing-pour-psoriasis/;Beauté des cheveux
Les meilleurs shampoings enfant;https://meilleurtest.fr/comparatif-shampoing-enfant/;Beauté des cheveux
Les meilleures huiles à cheveux sans rinçage;https://meilleurtest.fr/comparatif-huile-a-cheveux-sans-rincage/;Beauté des cheveux
Les meilleures colorations bio pour cheveux blancs;https://meilleurtest.fr/comparatif-coloration-bio-pour-cheveux-blancs/;Beauté des cheveux
Les meilleures brosses pour cheveux bouclés;https://meilleurtest.fr/comparatif-brosse-pour-cheveux-boucles/;Beauté des cheveux
Les meilleures cires à cheveux pour homme;https://meilleurtest.fr/comparatif-cire-a-cheveux-pour-homme/;Beauté des cheveux
Les meilleurs produits anti-chute cheveux pour femme;https://meilleurtest.fr/comparatif-produit-anti-chute-cheveux-pour-femme/;Beauté des cheveux
Les meilleurs soins cheveux professionnels;https://meilleurtest.fr/comparatif-soin-cheveux-professionnel/;Beauté des cheveux
Les meilleurs masques pour cheveux;https://meilleurtest.fr/comparatif-masque-pour-cheveux/;Beauté des cheveux
Les meilleurs shampoings sans sulfate, sans silicone et sans paraben;https://meilleurtest.fr/comparatif-shampoing-sans-sulfate-sans-silicone-et-sans-paraben/;Beauté des cheveux
Les meilleures brosses à brushing professionnelles;https://meilleurtest.fr/comparatif-brosse-a-brushing-professionnelle/;Beauté des cheveux
Les meilleurs shampoings pour dermite séborrhéique;https://meilleurtest.fr/comparatif-shampoing-pour-dermite-seborrheique/;Beauté des cheveux
Les meilleures colorations blond cendre;https://meilleurtest.fr/comparatif-coloration-blond-cendre/;Beauté des cheveux
Les meilleures patines blond polaire;https://meilleurtest.fr/comparatif-patine-blond-polaire/;Beauté des cheveux
Les meilleures huiles réparatrices pour cheveux;https://meilleurtest.fr/comparatif-huile-reparatrice-pour-cheveux/;Beauté des cheveux
Les meilleurs boucleurs wavy;https://meilleurtest.fr/comparatif-boucleur-wavy/;Beauté des cheveux
Les meilleures tondeuses à cheveux 0 mm professionnelles;https://meilleurtest.fr/comparatif-tondeuse-a-cheveux-0-mm-professionnelle/;Beauté des cheveux
Les meilleurs coupe-fourches;https://meilleurtest.fr/comparatif-coupe-fourches/;Beauté des cheveux
Les meilleures tondeuses Remington;https://meilleurtest.fr/comparatif-tondeuse-remington/;Beauté des cheveux
Les meilleures brosses démêlantes;https://meilleurtest.fr/comparatif-brosse-demelante/;Beauté des cheveux
Les meilleurs sérums pour cheveux secs;https://meilleurtest.fr/comparatif-serum-pour-cheveux-secs/;Beauté des cheveux
Les meilleurs gels cheveux pour femme;https://meilleurtest.fr/comparatif-gel-cheveux-pour-femme/;Beauté des cheveux
Les meilleurs boucleurs GHD;https://meilleurtest.fr/comparatif-boucleur-ghd/;Beauté des cheveux
Les meilleurs soins à la kératine;https://meilleurtest.fr/comparatif-soin-a-la-keratine/;Beauté des cheveux
Les meilleurs shampoings pour cheveux afro;https://meilleurtest.fr/comparatif-shampoing-pour-cheveux-afro/;Beauté des cheveux
Les meilleurs shampoings pour cheveux cassants;https://meilleurtest.fr/comparatif-shampoing-pour-cheveux-cassants/;Beauté des cheveux
Les meilleurs lissages japonais;https://meilleurtest.fr/comparatif-lissage-japonais/;Beauté des cheveux
Les meilleurs sèche-cheveux Babyliss;https://meilleurtest.fr/comparatif-seche-cheveux-babyliss/;Beauté des cheveux
Les meilleures tondeuses Kemei;https://meilleurtest.fr/comparatif-tondeuse-kemei/;Beauté des cheveux
Les meilleurs steampod;https://meilleurtest.fr/comparatif-steampod/;Beauté des cheveux
Les meilleurs lisseurs Remington;https://meilleurtest.fr/comparatif-lisseur-remington/;Beauté des cheveux
Les meilleurs lisseurs Babyliss;https://meilleurtest.fr/comparatif-lisseur-babyliss/;Beauté des cheveux
Les meilleurs sèche-cheveux GHD;https://meilleurtest.fr/comparatif-seche-cheveux-ghd/;Beauté des cheveux
Les meilleurs lisseurs GHD;https://meilleurtest.fr/comparatif-lisseur-ghd/;Beauté des cheveux
Les meilleurs lisseurs sans fil;https://meilleurtest.fr/comparatif-lisseur-sans-fil/;Beauté des cheveux
Les meilleurs lissages au tanin;https://meilleurtest.fr/comparatif-lissage-au-tanin/;Beauté des cheveux
Les meilleurs shampoings hydratants;https://meilleurtest.fr/comparatif-shampoing-hydratant/;Beauté des cheveux
Les meilleurs gels cheveux pour homme;https://meilleurtest.fr/comparatif-gel-cheveux-pour-homme/;Beauté des cheveux
Les meilleurs soins cheveux blonds;https://meilleurtest.fr/comparatif-soin-cheveux-blonds/;Beauté des cheveux
Les meilleurs produits lissants;https://meilleurtest.fr/comparatif-produit-lissant/;Beauté des cheveux
Les meilleurs shampoings pour cheveux fins;https://meilleurtest.fr/comparatif-shampoing-pour-cheveux-fins/;Beauté des cheveux
Les meilleurs soins cheveux bouclés;https://meilleurtest.fr/comparatif-soin-cheveux-boucles/;Beauté des cheveux
Les meilleurs masques pour cheveux bouclés;https://meilleurtest.fr/comparatif-masque-pour-cheveux-boucles/;Beauté des cheveux
Les meilleurs lisseurs pour cheveux épais;https://meilleurtest.fr/comparatif-lisseur-pour-cheveux-epais/;Beauté des cheveux
Les meilleures colorations blondes;https://meilleurtest.fr/comparatif-coloration-blonde/;Beauté des cheveux
Les meilleurs shampoings clarifiants;https://meilleurtest.fr/comparatif-shampoing-clarifiant/;Beauté des cheveux
Les meilleurs fers à friser;https://meilleurtest.fr/comparatif-fer-a-friser/;Beauté des cheveux
Les meilleurs lisseurs pour cheveux crépus;https://meilleurtest.fr/comparatif-lisseur-pour-cheveux-crepus/;Beauté des cheveux
Les meilleurs lisseurs wavy;https://meilleurtest.fr/comparatif-lisseur-wavy/;Beauté des cheveux
Les meilleurs sprays cheveux;https://meilleurtest.fr/comparatif-spray-cheveux/;Beauté des cheveux
Les meilleurs protecteurs de chaleur;https://meilleurtest.fr/comparatif-protecteur-de-chaleur/;Beauté des cheveux
Les meilleures mousses volume pour cheveux;https://meilleurtest.fr/comparatif-mousse-volume-pour-cheveux/;Beauté des cheveux
Les meilleurs ciseaux de coiffure professionnels;https://meilleurtest.fr/comparatif-ciseaux-de-coiffure-professionnels/;Beauté des cheveux
Les meilleures perruques;https://meilleurtest.fr/comparatif-perruque/;Beauté des cheveux
Les meilleures colorations pour cheveux noirs;https://meilleurtest.fr/comparatif-coloration-pour-cheveux-noirs/;Beauté des cheveux
Les meilleurs soins cheveux très abîmés;https://meilleurtest.fr/comparatif-soin-cheveux-tres-abimes/;Beauté des cheveux
Les meilleurs lissages brésiliens sans formol;https://meilleurtest.fr/comparatif-lissage-bresilien-sans-formol/;Beauté des cheveux
Les meilleurs shampoings secs pour cheveux gras;https://meilleurtest.fr/comparatif-shampoing-sec-pour-cheveux-gras/;Beauté des cheveux
Les meilleurs sèche-cheveux pour cheveux bouclés;https://meilleurtest.fr/comparatif-seche-cheveux-pour-cheveux-boucles/;Beauté des cheveux
Les meilleurs shampoings pour cheveux crépus;https://meilleurtest.fr/comparatif-shampoing-pour-cheveux-crepus/;Beauté des cheveux
Les meilleurs fers à onduler;https://meilleurtest.fr/comparatif-fer-a-onduler/;Beauté des cheveux
Les meilleurs shampoings pour cheveux abîmés;https://meilleurtest.fr/comparatif-shampoing-pour-cheveux-abimes/;Beauté des cheveux
Les meilleurs soins cheveux secs;https://meilleurtest.fr/comparatif-soin-cheveux-secs/;Beauté des cheveux
Les meilleures crèmes pour les cheveux;https://meilleurtest.fr/comparatif-cremes-pour-cheveux/;Beauté des cheveux
Les meilleures tondeuses bikini;https://meilleurtest.fr/comparatif-tondeuse-bikini/;Beauté des cheveux
Les meilleurs shampoings anti-chute;https://meilleurtest.fr/comparatif-shampoing-anti-chute/;Beauté des cheveux
Les meilleures brosses sèche-cheveux;https://meilleurtest.fr/comparatif-brosse-seche-cheveux/;Beauté des cheveux
Les meilleurs démêlants cheveux;https://meilleurtest.fr/comparatif-demelant-cheveux/;Beauté des cheveux
Les meilleurs après-shampoings pour cheveux bouclés;https://meilleurtest.fr/comparatif-apres-shampoing-pour-cheveux-boucles/;Beauté des cheveux
Les meilleurs produits anti-chute cheveux pour homme;https://meilleurtest.fr/comparatif-produit-anti-chute-cheveux-pour-homme/;Beauté des cheveux
Les meilleurs après-shampoings pour cheveux secs;https://meilleurtest.fr/comparatif-apres-shampoing-pour-cheveux-secs/;Beauté des cheveux
Les meilleures tondeuses à cheveux pour homme;https://meilleurtest.fr/comparatif-tondeuse-a-cheveux-pour-homme/;Beauté des cheveux
Les meilleurs shampoings 2-en-1;https://meilleurtest.fr/comparatif-shampoing-2-1/;Beauté des cheveux
Les meilleurs shampoings pour homme;https://meilleurtest.fr/comparatif-shampoing-pour-homme/;Beauté des cheveux
Les meilleures laques à cheveux;https://meilleurtest.fr/comparatif-laque-a-cheveux/;Beauté des cheveux
Les meilleurs shampoings pour cheveux bouclés;https://meilleurtest.fr/comparatif-shampoing-pour-cheveux-boucles/;Beauté des cheveux
Les meilleurs shampoings professionnels;https://meilleurtest.fr/comparatif-shampoing-professionnel/;Beauté des cheveux
Les meilleures brosses à cheveux;https://meilleurtest.fr/comparatif-brosse-a-cheveux/;Beauté des cheveux
Les meilleurs après-shampoings sans rinçage;https://meilleurtest.fr/comparatif-apres-shampoing-sans-rincage/;Beauté des cheveux
Les meilleurs sprays thermo-protecteur;https://meilleurtest.fr/comparatif-spray-thermo-protecteur/;Beauté des cheveux
Les meilleurs shampoings violets;https://meilleurtest.fr/comparatif-shampoing-violet/;Beauté des cheveux
Les meilleurs shampoings pour cheveux clairsemés;https://meilleurtest.fr/comparatif-shampoing-pour-cheveux-clairsemes/;Beauté des cheveux
Les meilleurs ciseaux de coiffure;https://meilleurtest.fr/comparatif-ciseaux-de-coiffure/;Beauté des cheveux
Les meilleurs sèche-cheveux de voyage;https://meilleurtest.fr/comparatif-seche-cheveux-de-voyage/;Beauté des cheveux
Les meilleurs fers à boucler pour cheveux épais;https://meilleurtest.fr/comparatif-fer-a-boucler-pour-cheveux-epais/;Beauté des cheveux
Les meilleurs sprays wavy;https://meilleurtest.fr/comparatif-spray-wavy/;Beauté des cheveux
Les meilleurs lisseurs à plaques larges;https://meilleurtest.fr/comparatif-lisseur-a-plaques-larges/;Beauté des cheveux
Les meilleures colorations cheveux blancs pour homme;https://meilleurtest.fr/comparatif-coloration-cheveux-blancs-pour-homme/;Beauté des cheveux
Les meilleurs bigoudis chauffants;https://meilleurtest.fr/comparatif-bigoudi-chauffant/;Beauté des cheveux
Les meilleurs sèches-cheveux professionnels;https://meilleurtest.fr/comparatif-seche-cheveux-professionnels/;Beauté des cheveux
Les meilleures cires à cheveux;https://meilleurtest.fr/comparatif-cire-a-cheveux/;Beauté des cheveux
Les meilleurs éclaircissants cheveux;https://meilleurtest.fr/comparatif-eclaircissant-cheveux/;Beauté des cheveux
Les meilleurs sèche-cheveux diffuseurs;https://meilleurtest.fr/comparatif-seche-cheveux-diffuseur/;Beauté des cheveux
Les meilleurs shampoings bébé;https://meilleurtest.fr/comparatif-shampoing-bebe/;Beauté des cheveux
Les meilleures cires coiffantes pour homme;https://meilleurtest.fr/comparatif-cire-coiffante-pour-homme/;Beauté des cheveux
Les meilleurs boucleurs automatiques;https://meilleurtest.fr/comparatif-boucleur-automatique/;Beauté des cheveux
Les meilleures colorations semi-permanentes;https://meilleurtest.fr/comparatif-coloration-semi-permanente/;Beauté des cheveux
Les meilleurs shampoings pour cuir chevelu irrité et démangeaisons;https://meilleurtest.fr/comparatif-shampoing-pour-cuir-chevelu-irrite-et-demangeaisons/;Beauté des cheveux
Les meilleurs shampoings à la kératine;https://meilleurtest.fr/comparatif-shampoings-a-keratine/;Beauté des cheveux
Les meilleures colorations cheveux sans ammoniaque;https://meilleurtest.fr/comparatif-coloration-cheveux-sans-ammoniaque/;Beauté des cheveux
Les meilleurs sèche-cheveux pour cheveux crépus;https://meilleurtest.fr/comparatif-seche-cheveux-pour-cheveux-crepus/;Beauté des cheveux
Les meilleures colorations ton sur ton;https://meilleurtest.fr/comparatif-coloration-ton-sur-ton/;Beauté des cheveux
Les meilleurs bacs à shampoing à domicile;https://meilleurtest.fr/comparatif-bac-a-shampoing-a-domicile/;Beauté des cheveux
Les meilleurs botox capillaires;https://meilleurtest.fr/comparatif-botox-capillaire/;Beauté des cheveux
Les meilleures brosses soufflantes rotatives;https://meilleurtest.fr/comparatif-brosse-soufflante-rotative/;Beauté des cheveux
Les meilleures colorations bios;https://meilleurtest.fr/comparatif-coloration-bio/;Beauté des cheveux
Les meilleures tondeuses à cheveux 0 mm;https://meilleurtest.fr/comparatif-tondeuse-a-cheveux-0-mm/;Beauté des cheveux
Les meilleurs traitements calvitie;https://meilleurtest.fr/comparatif-traitement-calvitie/;Beauté des cheveux
Les meilleures huiles pour cheveux secs et abîmés;https://meilleurtest.fr/comparatif-huile-pour-cheveux-secs-et-abimes/;Beauté des cheveux
Les meilleures kératines pour cheveux;https://meilleurtest.fr/comparatif-keratine-pour-cheveux/;Beauté des cheveux
Les meilleurs shampoings secs;https://meilleurtest.fr/comparatif-shampoing-sec/;Beauté des cheveux
Les meilleurs shampoings pour cheveux colorés;https://meilleurtest.fr/comparatif-shampoing-pour-cheveux-colores/;Beauté des cheveux
Les meilleurs shampoings cheveux secs;https://meilleurtest.fr/comparatif-shampoing-cheveu-sec/;Beauté des cheveux
Les meilleures colorations cheveux blancs;https://meilleurtest.fr/comparatif-coloration-cheveux-blancs/;Beauté des cheveux
Les meilleurs sérums pour cheveux;https://meilleurtest.fr/comparatif-serum-pour-cheveux/;Beauté des cheveux
Les meilleures colorations chocolat;https://meilleurtest.fr/comparatif-coloration-chocolat/;Beauté des cheveux
Les meilleures huiles pour cheveux;https://meilleurtest.fr/comparatif-huile-pour-cheveux/;Beauté des cheveux
Les meilleurs bigoudis;https://meilleurtest.fr/comparatif-bigoudi/;Beauté des cheveux
Les meilleurs après-shampoings;https://meilleurtest.fr/comparatif-apres-shampoing/;Beauté des cheveux
Les meilleurs soins cheveux;https://meilleurtest.fr/comparatif-soin-cheveux/;Beauté des cheveux
Les meilleures brosses lissantes;https://meilleurtest.fr/comparatif-brosse-lissante/;Beauté des cheveux
Les meilleurs shampoings déjaunisseurs;https://meilleurtest.fr/comparatif-shampoing-dejaunisseur/;Beauté des cheveux
Les meilleurs shampoings bio;https://meilleurtest.fr/comparatif-shampoing-bio/;Beauté des cheveux
Les meilleurs lisseurs boucleurs;https://meilleurtest.fr/comparatif-lisseur-boucleur/;Beauté des cheveux
Les meilleurs shampoings anti-pelliculaires;https://meilleurtest.fr/comparatif-shampoing-anti-pelliculaires/;Beauté des cheveux
Les meilleures tondeuses à cheveux professionnelles;https://meilleurtest.fr/comparatif-tondeuse-a-cheveux-professionnelle/;Beauté des cheveux
Les meilleurs sèche-cheveux Dyson;https://meilleurtest.fr/comparatif-seche-cheveux-dyson/;Beauté des cheveux
Les meilleures tondeuses à cheveux;https://meilleurtest.fr/comparatif-tondeuse-a-cheveux/;Beauté des cheveux
Les meilleurs sèche-cheveux ioniques;https://meilleurtest.fr/comparatif-seche-cheveux-ionique/;Beauté des cheveux
Les meilleurs sèche-cheveux silencieux;https://meilleurtest.fr/comparatif-seche-cheveux-silencieux/;Beauté des cheveux
Les meilleures brosses soufflantes chauffantes;https://meilleurtest.fr/comparatif-brosse-soufflante-chauffante/;Beauté des cheveux
Les meilleures extensions de cheveux;https://meilleurtest.fr/comparatif-extension-de-cheveux/;Beauté des cheveux
Les meilleurs shampoings américains décolorants;https://meilleurtest.fr/comparatif-shampoing-americain-decolorant/;Beauté des cheveux
Les meilleurs lisseurs pas cher;https://meilleurtest.fr/comparatif-lisseur-pas-cher/;Beauté des cheveux
Les meilleurs lisseurs vapeur;https://meilleurtest.fr/comparatif-lisseur-vapeur/;Beauté des cheveux
Les meilleures patines pour cheveux blonds;https://meilleurtest.fr/comparatif-patine-pour-cheveux-blonds/;Beauté des cheveux
Les meilleurs lissages brésiliens;https://meilleurtest.fr/comparatif-lissage-bresilien/;Beauté des cheveux
Les meilleurs fers à boucler;https://meilleurtest.fr/comparatif-fer-a-boucler/;Beauté des cheveux
Les meilleurs shampoings bleus;https://meilleurtest.fr/comparatif-shampoing-bleu/;Beauté des cheveux
Les meilleures colorations cheveux;https://meilleurtest.fr/comparatif-coloration-pour-cheveux/;Beauté des cheveux
Les meilleurs shampoings;https://meilleurtest.fr/comparatif-shampoing/;Beauté des cheveux
Les meilleurs shampoings sans sulfate;https://meilleurtest.fr/comparatif-shampoing-sans-sulfate/;Beauté des cheveux
Les meilleurs shampoings cheveux gras;https://meilleurtest.fr/comparatif-shampoing-cheveux-gras/;Beauté des cheveux
Les meilleurs balayages caramel;https://meilleurtest.fr/comparatif-balayage-caramel/;Beauté des cheveux
Les meilleures tondeuses à cheveux professionnelles;https://meilleurtest.fr/comparatif-tondeuse-a-cheveux-professionnelle/;Beauté des cheveux
Les meilleurs sèche-cheveux Dyson;https://meilleurtest.fr/comparatif-seche-cheveux-dyson/;Beauté des cheveux
Les meilleures tondeuses à cheveux;https://meilleurtest.fr/comparatif-tondeuse-a-cheveux/;Beauté des cheveux
Les meilleurs sèche-cheveux ioniques;https://meilleurtest.fr/comparatif-seche-cheveux-ionique/;Beauté des cheveux
Les meilleurs sèche-cheveux silencieux;https://meilleurtest.fr/comparatif-seche-cheveux-silencieux/;Beauté des cheveux
Les meilleures brosses soufflantes chauffantes;https://meilleurtest.fr/comparatif-brosse-soufflante-chauffante/;Beauté des cheveux
Les meilleures extensions de cheveux;https://meilleurtest.fr/comparatif-extension-de-cheveux/;Beauté des cheveux
Les meilleurs shampoings américains décolorants;https://meilleurtest.fr/comparatif-shampoing-americain-decolorant/;Beauté des cheveux
Les meilleurs lisseurs pas cher;https://meilleurtest.fr/comparatif-lisseur-pas-cher/;Beauté des cheveux
Les meilleurs lisseurs vapeur;https://meilleurtest.fr/comparatif-lisseur-vapeur/;Beauté des cheveux
Les meilleures patines pour cheveux blonds;https://meilleurtest.fr/comparatif-patine-pour-cheveux-blonds/;Beauté des cheveux
Les meilleurs lissages brésiliens;https://meilleurtest.fr/comparatif-lissage-bresilien/;Beauté des cheveux
Les meilleurs fers à boucler;https://meilleurtest.fr/comparatif-fer-a-boucler/;Beauté des cheveux
Les meilleurs shampoings bleus;https://meilleurtest.fr/comparatif-shampoing-bleu/;Beauté des cheveux
Les meilleures colorations cheveux;https://meilleurtest.fr/comparatif-coloration-pour-cheveux/;Beauté des cheveux
Les meilleurs shampoings;https://meilleurtest.fr/comparatif-shampoing/;Beauté des cheveux
Les meilleurs shampoings sans sulfate;https://meilleurtest.fr/comparatif-shampoing-sans-sulfate/;Beauté des cheveux
Les meilleurs shampoings cheveux gras;https://meilleurtest.fr/comparatif-shampoing-cheveux-gras/;Beauté des cheveux
Les meilleurs balayages caramel;https://meilleurtest.fr/comparatif-balayage-caramel/;Beauté des cheveux
Les meilleures crèmes raffermissantes pour le ventre;https://meilleurtest.fr/comparatif-creme-raffermissante-pour-le-ventre/;Beauté femme
Les meilleures crèmes éclat visage;https://meilleurtest.fr/comparatif-creme-eclat-visage/;Beauté femme
Les meilleures crèmes anti-âge L'Oréal;https://meilleurtest.fr/comparatif-creme-anti-age-loreal/;Beauté femme
Les meilleures crèmes pour les mains;https://meilleurtest.fr/comparatif-creme-pour-les-mains/;Beauté femme
Les meilleures crèmes cicatrisantes après chirurgie;https://meilleurtest.fr/comparatif-creme-cicatrisante-apres-chirurgie/;Beauté femme
Les meilleures crèmes teintées;https://meilleurtest.fr/comparatif-creme-teintee/;Beauté femme
Les meilleurs sérums liftant immédiats;https://meilleurtest.fr/comparatif-serum-liftant-immediat/;Beauté femme
Les meilleures cold cream;https://meilleurtest.fr/comparatif-cold-cream/;Beauté femme
Les meilleures BB crèmes bio;https://meilleurtest.fr/comparatif-bb-creme-bio/;Beauté femme
Les meilleures lotions toniques visage;https://meilleurtest.fr/comparatif-lotion-tonique-visage/;Beauté femme
Les meilleures BB crèmes anti-âge;https://meilleurtest.fr/comparatif-bb-creme-anti-age/;Beauté femme
Les meilleures lotions contre l'acné;https://meilleurtest.fr/comparatif-lotion-contre-acne/;Beauté femme
Les meilleures crèmes hydratantes visage pour peau sensible;https://meilleurtest.fr/comparatif-creme-hydratante-visage-pour-peau-sensible/;Beauté femme
Les meilleurs gel jambes lourdes;https://meilleurtest.fr/comparatif-gel-jambes-lourdes/;Beauté femme
Les meilleures crèmes raffermissantes pour la poitrine;https://meilleurtest.fr/comparatif-creme-raffermissante-pour-la-poitrine/;Beauté femme
Les meilleures crèmes pour épaissir la peau;https://meilleurtest.fr/comparatif-creme-pour-epaissir-la-peau/;Beauté femme
Les meilleurs soins visage pour peau mature;https://meilleurtest.fr/comparatif-soin-visage-pour-peau-mature/;Beauté femme
Les meilleures crèmes visage pour peaux atopiques;https://meilleurtest.fr/comparatif-creme-visage-pour-peau-atopique/;Beauté femme
Les meilleures crèmes anti-âge pour homme;https://meilleurtest.fr/comparatif-creme-anti-age-pour-homme/;Beauté femme
Les meilleures crèmes visage pour femme;https://meilleurtest.fr/comparatif-creme-visage-pour-femme/;Beauté femme
Les meilleures crèmes anti-poches pour les yeux efficaces;https://meilleurtest.fr/comparatif-creme-anti-poches-pour-les-yeux-efficaces/;Beauté femme
Les meilleures crèmes contour des yeux éclaircissantes;https://meilleurtest.fr/comparatif-creme-contour-des-yeux-eclaircissante/;Beauté femme
Les meilleures crèmes cicatrisantes pour le visage;https://meilleurtest.fr/comparatif-creme-cicatrisante-pour-le-visage/;Beauté femme
Les meilleures huile visage anti-rides;https://meilleurtest.fr/comparatif-huile-visage-anti-rides/;Beauté femme
Les meilleures crèmes pour peaux déshydratées;https://meilleurtest.fr/comparatif-creme-pour-peau-deshydratee/;Beauté femme
Les meilleurs produits coréens pour le visage;https://meilleurtest.fr/comparatif-produit-coreen-pour-le-visage/;Beauté femme
Les meilleures crèmes de jour pour peau mature;https://meilleurtest.fr/comparatif-creme-de-jour-pour-peau-mature/;Beauté femme
Les meilleures crèmes de nuit anti-âge;https://meilleurtest.fr/comparatif-creme-de-nuit-anti-age/;Beauté femme
Les meilleures crèmes de collagène pour le visage;https://meilleurtest.fr/comparatif-creme-de-collagene-pour-le-visage/;Beauté femme
Les meilleures crèmes visage pour ménopause;https://meilleurtest.fr/comparatif-creme-visage-pour-menopause/;Beauté femme
Les meilleures crèmes visage sans produits chimiques;https://meilleurtest.fr/comparatif-creme-visage-sans-produits-chimiques/;Beauté femme
Les meilleures crèmes effet lifting immédiat;https://meilleurtest.fr/comparatif-creme-effet-lifting-immediat/;Beauté femme
Les meilleures crèmes au venin de serpent;https://meilleurtest.fr/comparatif-creme-au-venin-de-serpent/;Beauté femme
Les meilleures crèmes lifting pour le visage;https://meilleurtest.fr/comparatif-creme-lifting-pour-le-visage/;Beauté femme
Les meilleurs patchs visage en silicone;https://meilleurtest.fr/comparatif-patch-visage-en-silicone/;Beauté femme
Les meilleures crèmes contre le psoriasis;https://meilleurtest.fr/comparatif-creme-contre-le-psoriasis/;Beauté femme
Les meilleurs appareils de radiofréquence pour le visage;https://meilleurtest.fr/comparatif-appareil-de-radiofrequence-pour-le-visage/;Beauté femme
Les meilleures crèmes contour des yeux après 50 ans;https://meilleurtest.fr/comparatif-creme-contour-des-yeux-apres-50-ans/;Beauté femme
Les meilleurs sérums pour paupières tombantes;https://meilleurtest.fr/comparatif-serum-pour-paupieres-tombantes/;Beauté femme
Les meilleures crèmes hydratantes visage pour peau très sèche;https://meilleurtest.fr/comparatif-creme-hydratante-visage-pour-peau-tres-seche/;Beauté femme
Les meilleures crèmes hydratantes corps pour peau très sèche;https://meilleurtest.fr/comparatif-creme-hydratante-corps-pour-peau-tres-seche/;Beauté femme
Les meilleures crèmes anti-rougeurs;https://meilleurtest.fr/comparatif-creme-anti-rougeurs/;Beauté femme
Les meilleurs appareils pour raffermir l'ovale du visage;https://meilleurtest.fr/comparatif-appareil-pour-raffermir-lovale-du-visage/;Beauté femme
Les meilleures crèmes anti-rides après 60 ans;https://meilleurtest.fr/comparatif-cremes-anti-rides-apres-60-ans/;Beauté femme
Les meilleurs combleurs de rides instantanés;https://meilleurtest.fr/comparatif-combleur-de-rides-instantane/;Beauté femme
Les meilleures crèmes cicatrisantes post-opératoires;https://meilleurtest.fr/comparatif-creme-cicatrisante-post-operatoire/;Beauté femme
Les meilleures crèmes pour peaux atopiques;https://meilleurtest.fr/comparatif-creme-pour-peau-atopique/;Beauté femme
Les meilleures crèmes hydratantes pour l'hiver;https://meilleurtest.fr/comparatif-creme-hydratante-pour-lhiver/;Beauté femme
Les meilleures box pour femmes;https://meilleurtest.fr/comparatif-box-pour-femme/;Beauté femme
Les meilleurs prolongateurs de bronzage;https://meilleurtest.fr/comparatif-prolongateur-de-bronzage/;Beauté femme
Les meilleurs roller eye care;https://meilleurtest.fr/comparatif-roller-eye-care/;Beauté femme
Les meilleurs sites de cosmétique en ligne;https://meilleurtest.fr/comparatif-site-de-cosmetique-en-ligne/;Beauté femme
Les meilleures huiles de jojoba;https://meilleurtest.fr/comparatif-huile-de-jojoba/;Beauté femme
Les meilleurs toniques visage;https://meilleurtest.fr/comparatif-tonique-visage/;Beauté femme
Les meilleures lingettes démaquillantes lavables;https://meilleurtest.fr/comparatif-lingette-demaquillante-lavable/;Beauté femme
Les meilleurs sérums pour les cils;https://meilleurtest.fr/comparatif-serum-pour-cils/;Beauté femme
Les meilleures huiles d'amande douce;https://meilleurtest.fr/comparatif-huile-damande-douce/;Beauté femme
Les meilleures huiles végétales pour les vergetures;https://meilleurtest.fr/comparatif-huile-vegetale-pour-vergetures/;Beauté femme
Les meilleurs démaquillants peau mixte;https://meilleurtest.fr/comparatif-demaquillant-peau-mixte/;Beauté femme
Les meilleurs soins pour peau noire;https://meilleurtest.fr/comparatif-soin-pour-peau-noire/;Beauté femme
Les meilleurs crèmes pour les cicatrices;https://meilleurtest.fr/comparatif-creme-pour-cicatrices/;Beauté femme
Les meilleurs masques hydratants en tissu;https://meilleurtest.fr/comparatif-masque-hydratant-tissu/;Beauté femme
Les meilleurs sérums anti-rides;https://meilleurtest.fr/comparatif-serum-anti-rides/;Beauté femme
Les meilleures crèmes pour le cou;https://meilleurtest.fr/comparatif-creme-pour-cou/;Beauté femme
Les meilleurs produits pour les poches sous les yeux;https://meilleurtest.fr/comparatif-produit-pour-poches-sous-yeux/;Beauté femme
Les meilleurs produits anti-points noirs;https://meilleurtest.fr/comparatif-produit-anti-points-noirs/;Beauté femme
Les meilleures huiles sèches;https://meilleurtest.fr/comparatif-huile-seche/;Beauté femme
Les meilleures crèmes pour peau grasse;https://meilleurtest.fr/comparatif-creme-pour-peau-grasse/;Beauté femme
Les meilleures crèmes teintées anti-rides;https://meilleurtest.fr/comparatif-creme-teintee-anti-rides/;Beauté femme
Les meilleurs appareils anti-rides visage;https://meilleurtest.fr/comparatif-appareil-anti-rides-visage/;Beauté femme
Les meilleures huiles anti-cellulite;https://meilleurtest.fr/comparatif-huile-anti-cellulite/;Beauté femme
Les meilleures crèmes à l'acide hyaluronique;https://meilleurtest.fr/comparatif-creme-a-lacide-hyaluronique/;Beauté femme
Les meilleures crèmes réparatrices pour les pieds;https://meilleurtest.fr/comparatif-creme-reparatrice-pour-pieds/;Beauté femme
Les meilleures crèmes anti-imperfections;https://meilleurtest.fr/comparatif-creme-anti-imperfection/;Beauté femme
Les meilleurs sérums anti-imperfections;https://meilleurtest.fr/comparatif-serum-anti-imperfections/;Beauté femme
Les meilleurs anti-cernes bio;https://meilleurtest.fr/comparatif-anti-cernes-bio/;Beauté femme
Les meilleures crèmes émollientes;https://meilleurtest.fr/comparatif-creme-emolliente/;Beauté femme
Les meilleures crèmes visage bio;https://meilleurtest.fr/comparatif-creme-visage-bio/;Beauté femme
Les meilleures crèmes pour resserrer les pores;https://meilleurtest.fr/comparatif-creme-pour-resserrer-pores/;Beauté femme
Les meilleurs primers;https://meilleurtest.fr/comparatif-primer/;Beauté femme
Les meilleurs rouleaux pierre de jade;https://meilleurtest.fr/comparatif-rouleau-pierre-de-jade/;Beauté femme
Les meilleures huiles d'argan visage;https://meilleurtest.fr/comparatif-huile-dargan-visage/;Beauté femme
Les meilleures crèmes visage vitamine C et acide hyaluronique;https://meilleurtest.fr/comparatif-creme-visage-vitamine-c-et-acide-hyaluronique/;Beauté femme
Les meilleurs masques anti-acné;https://meilleurtest.fr/comparatif-masque-anti-acne/;Beauté femme
Les meilleures crèmes pour points noirs;https://meilleurtest.fr/comparatif-creme-pour-points-noirs/;Beauté femme
Les meilleures crèmes matifiantes;https://meilleurtest.fr/comparatif-creme-matifiante/;Beauté femme
Les meilleurs gommages pour femme;https://meilleurtest.fr/comparatif-gommage-pour-femme/;Beauté femme
Les meilleures crèmes pour paupières tombantes;https://meilleurtest.fr/comparatif-creme-pour-paupieres-tombantes/;Beauté femme
Les meilleures crèmes pour tatouage;https://meilleurtest.fr/comparatif-creme-pour-tatouage/;Beauté femme
Les meilleures crèmes anti-taches brunes visages;https://meilleurtest.fr/comparatif-creme-anti-taches-brunes-visage/;Beauté femme
Les meilleurs baumes nettoyants;https://meilleurtest.fr/comparatif-baume-nettoyant/;Beauté femme
Les meilleures crèmes hydratantes visage pour homme;https://meilleurtest.fr/comparatif-creme-hydratante-visage-pour-homme/;Beauté femme
Les meilleures crèmes hydratantes SPF;https://meilleurtest.fr/comparatif-cremes-hydratantes-spf/;Beauté femme
Les meilleurs produits repousse sourcils;https://meilleurtest.fr/comparatif-produit-repousse-sourcils/;Beauté femme
Les meilleurs sérums visage;https://meilleurtest.fr/comparatif-serum-visage/;Beauté femme
Les meilleures crèmes visage pour homme;https://meilleurtest.fr/comparatif-creme-visage-pour-homme/;Beauté femme
Les meilleures crèmes pour pores dilatés;https://meilleurtest.fr/comparatif-creme-pour-pores-dilates/;Beauté femme
Les meilleures crèmes apaisantes pour l'arthrose;https://meilleurtest.fr/comparatif-creme-apaisante-pour-larthrose/;Beauté femme
Les meilleurs primers pour cils;https://meilleurtest.fr/comparatif-primer-pour-cils/;Beauté femme
Les meilleures huiles pour le corps;https://meilleurtest.fr/comparatif-huile-pour-corps/;Beauté femme
Les meilleures crèmes pour crevasses des pieds;https://meilleurtest.fr/comparatif-creme-pour-crevasses-des-pieds/;Beauté femme
Les meilleurs traitements des cicatrices d'acné;https://meilleurtest.fr/comparatif-traitement-des-cicatrices-dacne/;Beauté femme
Les meilleures crèmes pour les pieds;https://meilleurtest.fr/comparatif-creme-pour-pieds/;Beauté femme
Les meilleures crèmes cicatrisantes;https://meilleurtest.fr/comparatif-creme-cicatrisante/;Beauté femme
Les meilleurs hydratants pour peau acnéique;https://meilleurtest.fr/comparatif-hydratant-pour-peau-acneique/;Beauté femme
Les meilleures teintures à sourcils;https://meilleurtest.fr/comparatif-teinture-a-sourcils/;Beauté femme
Les meilleurs sérums au rétinol;https://meilleurtest.fr/comparatif-serum-au-retinol/;Beauté femme
Les meilleures crèmes hydratantes pour peau grasse;https://meilleurtest.fr/comparatif-creme-hydratante-pour-peau-grasse/;Beauté femme
Les meilleures huiles pour le visage;https://meilleurtest.fr/comparatif-huile-pour-visage/;Beauté femme
Les meilleurs sérums de croissance des cils;https://meilleurtest.fr/comparatif-serum-de-croissance-des-cils/;Beauté femme
Les meilleures crèmes hydratantes teintées;https://meilleurtest.fr/comparatif-creme-hydratante-teintee/;Beauté femme
Les meilleures crèmes hydratantes pour peau sèche;https://meilleurtest.fr/comparatif-creme-hydratante-pour-peau-seche/;Beauté femme
Les meilleures crèmes anti-vergetures spéciales grossesse;https://meilleurtest.fr/comparatif-creme-anti-vergeture-speciale-grossesse/;Beauté femme
Les meilleures crèmes contre l'eczéma;https://meilleurtest.fr/comparatif-creme-contre-leczema/;Beauté femme
Les meilleurs exfoliants visage;https://meilleurtest.fr/comparatif-exfoliant-visage/;Beauté femme
Les meilleures crèmes anti-vergetures;https://meilleurtest.fr/comparatif-creme-anti-vergetures/;Beauté femme
Les meilleurs cache tétons;https://meilleurtest.fr/comparatif-cache-teton/;Beauté femme
Les meilleures crèmes anti-âge;https://meilleurtest.fr/comparatif-creme-anti-age/;Beauté femme
Les meilleurs liftants visage;https://meilleurtest.fr/comparatif-liftant-visage/;Beauté femme
Les meilleures crèmes raffermissantes visage;https://meilleurtest.fr/comparatif-creme-raffermissante-visage/;Beauté femme
Les meilleures crèmes pour peaux matures;https://meilleurtest.fr/comparatif-creme-pour-peaux-matures/;Beauté femme
Les meilleures crèmes AHA;https://meilleurtest.fr/comparatif-creme-aha/;Beauté femme
Les meilleurs sérums anti-taches;https://meilleurtest.fr/comparatif-serum-anti-taches/;Beauté femme
Les meilleures brosses nettoyantes visage;https://meilleurtest.fr/comparatif-brosse-nettoyante-visage/;Beauté femme
Les meilleures crèmes raffermissantes pour le corps;https://meilleurtest.fr/comparatif-creme-raffermissante-pour-corps/;Beauté femme
Les meilleurs sérums hydratants;https://meilleurtest.fr/comparatif-serum-hydratant/;Beauté femme
Les meilleurs patchs pour les yeux;https://meilleurtest.fr/comparatif-patch-pour-yeux/;Beauté femme
Les meilleures crèmes anti-rides après 50 ans;https://meilleurtest.fr/comparatif-creme-anti-rides-apres-50-ans/;Beauté femme
Les meilleures huiles de ricin;https://meilleurtest.fr/comparatif-huile-de-ricin/;Beauté femme
Les meilleures crèmes visage;https://meilleurtest.fr/comparatif-creme-visage/;Beauté femme
Les meilleures râpes électriques pour les pieds;https://meilleurtest.fr/comparatif-rape-electrique-pour-pieds/;Beauté femme
Les meilleurs sérums à l'acide hyaluronique;https://meilleurtest.fr/comparatif-serum-a-lacide-hyaluronique/;Beauté femme
Les meilleures crèmes anti-taches;https://meilleurtest.fr/comparatif-creme-anti-tache/;Beauté femme
Les meilleures ventouses anti-cellulite;https://meilleurtest.fr/comparatif-ventouse-anti-cellulite/;Beauté femme
Les meilleures crèmes contre l'acné;https://meilleurtest.fr/comparatif-creme-contre-lacne/;Beauté femme
Les meilleures crèmes anti-rides pour les yeux;https://meilleurtest.fr/comparatif-creme-anti-rides-pour-yeux/;Beauté femme
Les meilleures crèmes hydratantes pour le corps;https://meilleurtest.fr/comparatif-creme-hydratante-pour-corps/;Beauté femme
Les meilleures huiles démaquillantes;https://meilleurtest.fr/comparatif-huile-demaquillante/;Beauté femme
Les meilleurs soins du visage;https://meilleurtest.fr/comparatif-soin-du-visage/;Beauté femme
Les meilleures crèmes au rétinol;https://meilleurtest.fr/comparatif-creme-au-retinol/;Beauté femme
Les meilleurs sérums à la vitamine C;https://meilleurtest.fr/comparatif-serum-a-vitamine-c/;Beauté femme
Les meilleures CC crèmes;https://meilleurtest.fr/comparatif-cc-creme/;Beauté femme
Les meilleures trousses de toilette bébé;https://meilleurtest.fr/comparatif-trousse-de-toilette-bebe/;Beauté femme
Les meilleurs gommages corps;https://meilleurtest.fr/comparatif-gommage-corps/;Beauté femme
Les meilleurs démaquillants;https://meilleurtest.fr/comparatif-demaquillant/;Beauté femme
Les meilleurs produits contre l'acné;https://meilleurtest.fr/comparatif-produit-contre-lacne/;Beauté femme
Les meilleures crèmes hydratantes visage;https://meilleurtest.fr/comparatif-creme-hydratante-visage/;Beauté femme
Les meilleurs tire-comédons;https://meilleurtest.fr/comparatif-tire-comedon/;Beauté femme
Les meilleurs saunas faciaux;https://meilleurtest.fr/comparatif-sauna-facial/;Beauté femme
Les meilleures crèmes pour les mains abîmées;https://meilleurtest.fr/comparatif-creme-pour-mains-abimees/;Beauté femme
Les meilleurs recourbe-cils chauffants;https://meilleurtest.fr/comparatif-recourbe-cils-chauffant/;Beauté femme
Les meilleurs peelings visage;https://meilleurtest.fr/comparatif-peeling-visage/;Beauté femme
Les meilleures crèmes pour pieds très secs;https://meilleurtest.fr/comparatif-creme-pour-pieds-tres-secs/;Beauté femme
Les meilleurs masques visage;https://meilleurtest.fr/comparatif-masque-visage/;Beauté femme
Les meilleures eaux micellaires;https://meilleurtest.fr/comparatif-eau-micellaire/;Beauté femme
Les meilleurs appareils anti-rides pour visage;https://meilleurtest.fr/comparatif-appareil-anti-rides-pour-visage/;Beauté femme
Les meilleures crèmes contour des yeux;https://meilleurtest.fr/comparatif-creme-contour-des-yeux/;Beauté femme
Les meilleurs anti-cernes;https://meilleurtest.fr/comparatif-anti-cerne/;Beauté femme
Les meilleures trousses de toilette;https://meilleurtest.fr/comparatif-trousse-de-toilette/;Beauté femme
Les meilleurs nettoyants visage;https://meilleurtest.fr/comparatif-nettoyant-visage/;Beauté femme
Les meilleurs démaquillants pour les yeux;https://meilleurtest.fr/comparatif-demaquillant-pour-yeux/;Beauté femme
Les meilleurs masques anti-points noirs;https://meilleurtest.fr/comparatif-masque-anti-points-noirs/;Beauté femme
Les meilleurs gommages visage;https://meilleurtest.fr/comparatif-gommage-visage/;Beauté femme
Les meilleures BB crèmes;https://meilleurtest.fr/comparatif-bb-creme/;Beauté femme
Les meilleures têtes à coiffer;https://meilleurtest.fr/comparatif-tete-a-coiffer/;Beauté femme
Les meilleures crèmes pour pieds très secs;https://meilleurtest.fr/comparatif-creme-pour-pieds-tres-secs/;Beauté femme
Les meilleurs masques visage;https://meilleurtest.fr/comparatif-masque-visage/;Beauté femme
Les meilleures eaux micellaires;https://meilleurtest.fr/comparatif-eau-micellaire/;Beauté femme
Les meilleurs appareils anti-rides pour visage;https://meilleurtest.fr/comparatif-appareil-anti-rides-pour-visage/;Beauté femme
Les meilleures crèmes contour des yeux;https://meilleurtest.fr/comparatif-creme-contour-des-yeux/;Beauté femme
Les meilleurs anti-cernes;https://meilleurtest.fr/comparatif-anti-cerne/;Beauté femme
Les meilleures trousses de toilette;https://meilleurtest.fr/comparatif-trousse-de-toilette/;Beauté femme
Les meilleurs nettoyants visage;https://meilleurtest.fr/comparatif-nettoyant-visage/;Beauté femme
Les meilleurs démaquillants pour les yeux;https://meilleurtest.fr/comparatif-demaquillant-pour-yeux/;Beauté femme
Les meilleurs masques anti-points noirs;https://meilleurtest.fr/comparatif-masque-anti-points-noirs/;Beauté femme
Les meilleurs gommages visage;https://meilleurtest.fr/comparatif-gommage-visage/;Beauté femme
Les meilleures BB crèmes;https://meilleurtest.fr/comparatif-bb-creme/;Beauté femme
Les meilleures têtes à coiffer;https://meilleurtest.fr/comparatif-tete-a-coiffer/;Beauté femme
Les meilleurs kits de soin visage pour homme;https://meilleurtest.fr/comparatif-kit-de-soin-visage-pour-homme/;Beauté homme
Les meilleurs gommages pour homme;https://meilleurtest.fr/comparatif-gommage-pour-homme/;Beauté homme
Les meilleurs anti-cernes pour homme;https://meilleurtest.fr/comparatif-anti-cernes-homme/;Beauté homme
Les meilleurs anti-cernes pour homme;https://meilleurtest.fr/comparatif-anti-cernes-homme/;Beauté homme
Les meilleurs sticks solaires;https://meilleurtest.fr/comparatif-stick-solaire/;Beauté mixte
Les meilleurs autobronzants pour homme;https://meilleurtest.fr/comparatif-autobronzant-pour-homme/;Beauté mixte
Les meilleurs autobronzants pour le corps;https://meilleurtest.fr/comparatif-autobronzant-pour-le-corps/;Beauté mixte
Les meilleures offres chez un opticien;https://meilleurtest.fr/comparatif-offre-chez-un-opticien/;Beauté mixte
Les meilleures crèmes solaires teintées;https://meilleurtest.fr/comparatif-creme-solaire-teintee/;Beauté mixte
Les meilleures offres de lunettes du moment;https://meilleurtest.fr/comparatif-offre-de-lunettes-du-moment/;Beauté mixte
Les meilleures crèmes solaires anti-taches;https://meilleurtest.fr/comparatif-creme-solaire-anti-taches/;Beauté mixte
Les meilleures crèmes solaires 50;https://meilleurtest.fr/comparatif-creme-solaire-50/;Beauté mixte
Les meilleures crèmes solaires pour tatouage;https://meilleurtest.fr/comparatif-creme-solaire-pour-tatouage/;Beauté mixte
Les meilleures crèmes solaires pour femme enceinte;https://meilleurtest.fr/comparatif-creme-solaire-pour-femme-enceinte/;Beauté mixte
Les meilleurs autobronzants en gélules;https://meilleurtest.fr/comparatif-autobronzant-en-gellules/;Beauté mixte
Les meilleures crèmes solaires minérales;https://meilleurtest.fr/comparatif-creme-solaire-minerale/;Beauté mixte
Les meilleurs dermarollers;https://meilleurtest.fr/comparatif-dermaroller/;Beauté mixte
Les meilleurs écrans totaux visage;https://meilleurtest.fr/comparatif-ecran-total-visage/;Beauté mixte
Les meilleures crèmes solaires pour peau noire;https://meilleurtest.fr/comparatif-creme-solaire-pour-peau-noire/;Beauté mixte
Les meilleures crèmes solaires visages anti-âge;https://meilleurtest.fr/comparatif-creme-solaire-visage-anti-age/;Beauté mixte
Les meilleures huiles bronzantes;https://meilleurtest.fr/comparatif-huile-bronzante/;Beauté mixte
Les meilleures crèmes solaires pour peau acnéique;https://meilleurtest.fr/comparatif-creme-solaire-pour-peau-acneique/;Beauté mixte
Les meilleurs autobronzants visage;https://meilleurtest.fr/comparatif-autobronzant-visage/;Beauté mixte
Les meilleurs après-soleils;https://meilleurtest.fr/comparatif-apres-soleil/;Beauté mixte
Les meilleurs baumes à lèvres;https://meilleurtest.fr/comparatif-baume-a-levres/;Beauté mixte
Les meilleurs autobronzants;https://meilleurtest.fr/comparatif-autobronzant/;Beauté mixte
Les meilleurs accélérateurs de bronzage;https://meilleurtest.fr/comparatif-accelerateur-de-bronzage/;Beauté mixte
Les meilleures crèmes solaires;https://meilleurtest.fr/comparatif-creme-solaire/;Beauté mixte
Les meilleures lampes UV de bronzage;https://meilleurtest.fr/comparatif-lampe-uv-de-bronzage/;Beauté mixte
Les meilleures crèmes solaires visage;https://meilleurtest.fr/comparatif-creme-solaire-visage/;Beauté mixte
Les meilleurs autobronzants;https://meilleurtest.fr/comparatif-autobronzant/;Beauté mixte
Les meilleurs accélérateurs de bronzage;https://meilleurtest.fr/comparatif-accelerateur-de-bronzage/;Beauté mixte
Les meilleures crèmes solaires;https://meilleurtest.fr/comparatif-creme-solaire/;Beauté mixte
Les meilleures lampes UV de bronzage;https://meilleurtest.fr/comparatif-lampe-uv-de-bronzage/;Beauté mixte
Les meilleures crèmes solaires visage;https://meilleurtest.fr/comparatif-creme-solaire-visage/;Beauté mixte
Les meilleures bouillottes électriques;https://meilleurtest.fr/comparatif-bouillotte-electrique/;Bien-être
Les meilleures boîtes à bijoux;https://meilleurtest.fr/comparatif-boite-a-bijoux/;Bijoux DIY
Les meilleurs bouchons d’oreilles pour concert;https://meilleurtest.fr/comparatif-bouchon-oreilles-pour-concert/;bouchons d'oreilles
Les meilleurs bouchons d'oreilles pour dormir;https://meilleurtest.fr/comparatif-bouchons-doreilles-pour-dormir/;bouchons d'oreilles
Les meilleures scies sauteuses sans fil;https://meilleurtest.fr/comparatif-scie-sauteuse-sans-fil/;Bricolage
Les meilleures meuleuses sans fil;https://meilleurtest.fr/comparatif-meuleuse-sans-fil/;Bricolage
Les meilleures isolations thermiques des murs par l'intérieur;https://meilleurtest.fr/comparatif-isolation-thermique-des-murs-par-linterieur/;Bricolage
Les meilleurs compresseurs portatifs;https://meilleurtest.fr/comparatif-compresseur-portatif/;Bricolage
Les meilleures visseuses sans fil professionnelles;https://meilleurtest.fr/comparatif-visseuse-sans-fil-professionnelle/;Bricolage
Les meilleures haches à fendre;https://meilleurtest.fr/comparatif-hache-a-fendre/;Bricolage
Les meilleurs isolants thermiques de faible épaisseur;https://meilleurtest.fr/comparatif-isolant-thermique-de-faible-epaisseur/;Bricolage
Les meilleures lames de terrasse;https://meilleurtest.fr/comparatif-lame-de-terrasse/;Bricolage
Les meilleures lames de terrasse composite;https://meilleurtest.fr/comparatif-lame-de-terrasse-composite/;Bricolage
Les meilleurs lambris PVC;https://meilleurtest.fr/comparatif-lambris-pvc/;Bricolage
Les meilleurs lambris bois;https://meilleurtest.fr/comparatif-lambris-bois/;Bricolage
Les meilleurs nettoyants de façade;https://meilleurtest.fr/comparatif-nettoyant-de-facade/;Bricolage
Les meilleurs imperméabilisants textiles;https://meilleurtest.fr/comparatif-impermeabilisant-textile/;Bricolage
Les meilleurs isolants thermiques muraux;https://meilleurtest.fr/comparatif-isolant-thermique-mural/;Bricolage
Les meilleures peintures de plafond professionnelles;https://meilleurtest.fr/comparatif-peinture-de-plafond-professionnelle/;Bricolage
Les meilleurs isolants thermiques pour mur extérieur;https://meilleurtest.fr/comparatif-isolant-thermique-pour-mur-exterieur/;Bricolage
Les meilleures peintures isolantes thermiques;https://meilleurtest.fr/comparatif-peinture-isolante-thermique/;Bricolage
Les meilleures isolations phoniques pour mur;https://meilleurtest.fr/comparatif-isolation-phonique-pour-mur/;Bricolage
Les meilleures isolations thermiques des murs par l'extérieur;https://meilleurtest.fr/comparatif-isolation-thermique-des-murs-par-lexterieur/;Bricolage
Les meilleures colles pour prothèses dentaires;https://meilleurtest.fr/comparatif-colle-pour-prothese-dentaire/;Bricolage
Les meilleurs casques anti-bruit de chantier avec Bluetooth;https://meilleurtest.fr/comparatif-casque-anti-bruit-de-chantier-avec-bluetooth/;Bricolage
Les meilleures fendeuses à bois électriques;https://meilleurtest.fr/comparatif-fendeuse-a-bois-electrique/;Bricolage
Les meilleures mini tronçonneuses à batterie;https://meilleurtest.fr/comparatif-mini-tronconneuse-a-batterie/;Bricolage
Les meilleures échelles de piscine;https://meilleurtest.fr/comparatif-echelles-de-piscine/;Bricolage
Les meilleurs établis;https://meilleurtest.fr/comparatif-etabli/;Bricolage
Les meilleures échelles;https://meilleurtest.fr/comparatif-echelle/;Bricolage
Les meilleurs bardages composites;https://meilleurtest.fr/comparatif-bardage-composite/;Bricolage
Les meilleures ponceuses deltas;https://meilleurtest.fr/comparatif-ponceuse-delta/;Bricolage
Les meilleures colles à bois;https://meilleurtest.fr/comparatif-colles-a-bois/;Bricolage
Les meilleures peintures pour sol extérieur;https://meilleurtest.fr/comparatif-peinture-pour-sol-exterieur/;Bricolage
Les meilleures stations de peinture basse pression;https://meilleurtest.fr/comparatif-station-de-peinture-basse-pression/;Bricolage
Les meilleures stations de soudage;https://meilleurtest.fr/comparatif-station-de-soudage/;Bricolage
Les meilleurs affuteurs de ciseaux;https://meilleurtest.fr/comparatif-affuteur-de-ciseaux/;Bricolage
Les meilleurs postes à souder semi-automatiques;https://meilleurtest.fr/comparatif-poste-a-souder-semi-automatique/;Bricolage
Les meilleurs établis pliants;https://meilleurtest.fr/comparatif-etabli-pliant/;Bricolage
Les meilleures peintures à l'huile pour murs;https://meilleurtest.fr/comparatif-peinture-interieur-base-huile/;Bricolage
Les meilleurs niveaux laser extérieurs;https://meilleurtest.fr/comparatif-niveau-laser-exterieurs/;Bricolage
Les meilleurs compresseurs 50L;https://meilleurtest.fr/comparatif-compresseur-50l/;Bricolage
Les meilleures mallettes à outils;https://meilleurtest.fr/comparatif-mallette-a-outils/;Bricolage
Les meilleurs moteurs de porte de garage sectionnelle;https://meilleurtest.fr/comparatif-moteur-de-porte-de-garage-sectionnelle/;Bricolage
Les meilleurs tournevis;https://meilleurtest.fr/comparatif-tournevis/;Bricolage
Les meilleures clés à chocs sans fil;https://meilleurtest.fr/comparatif-cle-a-choc-sans-fil/;Bricolage
Les meilleures pinces à sertir multicouche;https://meilleurtest.fr/comparatif-pince-a-sertir-multicouche/;Bricolage
Les meilleures perceuses sans fil rapport qualité/prix;https://meilleurtest.fr/comparatif-perceuses-sans-fil-rapport-qualite-prix/;Bricolage
Les meilleures bétonnières électriques;https://meilleurtest.fr/comparatif-betonniere-electrique/;Bricolage
Les meilleurs testeurs d'humidité;https://meilleurtest.fr/comparatif-testeur-dhumidite/;Bricolage
Les meilleures perceuses à percussion filaires;https://meilleurtest.fr/comparatif-perceuse-a-percussion-filaire/;Bricolage
Les meilleurs détecteurs de matériaux;https://meilleurtest.fr/comparatif-detecteur-de-materiaux/;Bricolage
Les meilleures visseuses à choc sans fil;https://meilleurtest.fr/comparatif-visseuse-a-choc-sans-fil/;Bricolage
Les meilleurs isolants toiture;https://meilleurtest.fr/comparatif-isolant-toiture/;Bricolage
Les meilleurs postes à souder;https://meilleurtest.fr/comparatif-poste-a-souder/;Bricolage
Les meilleurs marteaux de charpentier;https://meilleurtest.fr/comparatif-marteau-de-charpentier/;Bricolage
Les meilleurs postes à souder MIG sans gaz;https://meilleurtest.fr/comparatif-poste-a-souder-mig-sans-gaz/;Bricolage
Les meilleures fraises à neige;https://meilleurtest.fr/comparatif-fraise-a-neige/;Bricolage
Les meilleurs enduits de rebouchage;https://meilleurtest.fr/comparatif-enduit-de-rebouchage/;Bricolage
Les meilleures ponceuses excentriques professionnelles;https://meilleurtest.fr/comparatif-ponceuse-excentrique-professionnelle/;Bricolage
Les meilleures perches télescopiques toiture;https://meilleurtest.fr/comparatif-perche-telescopique-toiture/;Bricolage
Les meilleures affuteuses de chaîne de tronçonneuse;https://meilleurtest.fr/comparatif-affuteuse-de-chaine-de-tronconneuse/;Bricolage
Les meilleurs décapants bois;https://meilleurtest.fr/comparatif-decapant-bois/;Bricolage
Les meilleurs chalumeaux à gaz;https://meilleurtest.fr/comparatif-chalumeau-a-gaz/;Bricolage
Les meilleures meuleuses d'angle 125 mm;https://meilleurtest.fr/comparatif-meuleuse-dangle-125-mm/;Bricolage
Les meilleures meuleuses droites;https://meilleurtest.fr/comparatif-meuleuse-droite/;Bricolage
Les meilleures peintures pour murs;https://meilleurtest.fr/comparatif-peinture-pour-murs/;Bricolage
Les meilleures perceuses à colonne;https://meilleurtest.fr/comparatif-perceuse-a-colonne/;Bricolage
Les meilleures cires pour meuble;https://meilleurtest.fr/comparatif-cire-pour-meuble/;Bricolage
Les meilleures pinces multifonctions;https://meilleurtest.fr/comparatif-pince-multifonction/;Bricolage
Les meilleures peintures pour meuble de cuisine;https://meilleurtest.fr/comparatif-peinture-pour-meuble-de-cuisine/;Bricolage
Les meilleurs parquets stratifiés;https://meilleurtest.fr/comparatif-parquet-stratifie/;Bricolage
Les meilleurs papiers peints repositionnables;https://meilleurtest.fr/comparatif-papier-peint-repositionnable/;Bricolage
Les meilleurs pistolets à peinture basse pression;https://meilleurtest.fr/comparatif-pistolet-a-peinture-basse-pression/;Bricolage
Les meilleurs enduits de lissage;https://meilleurtest.fr/comparatif-enduit-de-lissage/;Bricolage
Les meilleures lunettes de sécurité;https://meilleurtest.fr/comparatif-lunettes-de-securite/;Bricolage
Les meilleures colles à ongles;https://meilleurtest.fr/comparatif-colle-a-ongle/;Bricolage
Les meilleurs escaliers escamotables;https://meilleurtest.fr/comparatif-escalier-escamotable/;Bricolage
Les meilleurs sols stratifiés;https://meilleurtest.fr/comparatif-sol-stratifie/;Bricolage
Les meilleures peintures pour salle de bain;https://meilleurtest.fr/comparatif-peinture-pour-salle-de-bain/;Bricolage
Les meilleures peintures d'intérieur;https://meilleurtest.fr/comparatif-peinture-dinterieur/;Bricolage
Les meilleures bottes de travail;https://meilleurtest.fr/comparatif-bottes-de-travail/;Bricolage
Les meilleures colles à faux-cils;https://meilleurtest.fr/comparatif-colle-a-faux-cils/;Bricolage
Les meilleurs vitrificateurs de parquet;https://meilleurtest.fr/comparatif-vitrificateur-de-parquet/;Bricolage
Les meilleures peintures pour bois extérieures;https://meilleurtest.fr/comparatif-peinture-pour-bois-exterieure/;Bricolage
Les meilleures ponceuses à ongles professionnelles;https://meilleurtest.fr/comparatif-ponceuse-a-ongles-professionnelle/;Bricolage
Les meilleurs déboucheurs de canalisation;https://meilleurtest.fr/comparatif-deboucheur-de-canalisation/;Bricolage
Les meilleurs saturateurs bois;https://meilleurtest.fr/comparatif-saturateur-bois/;Bricolage
Les meilleurs jeux de tournevis;https://meilleurtest.fr/comparatif-jeu-de-tournevis/;Bricolage
Les meilleures visseuses sans fil;https://meilleurtest.fr/comparatif-visseuse-sans-fil/;Bricolage
Les meilleures pergolas bioclimatiques;https://meilleurtest.fr/comparatif-pergola-bioclimatique/;Bricolage
Les meilleures caisses à outils complètes;https://meilleurtest.fr/comparatif-caisse-a-outils-complete/;Bricolage
Les meilleures pinces à sertir;https://meilleurtest.fr/comparatif-pince-a-sertir/;Bricolage
Les meilleures serrures pour porte coulissante;https://meilleurtest.fr/comparatif-serrure-pour-porte-coulissante/;Bricolage
Les meilleurs tableau électrique;https://meilleurtest.fr/comparatif-tableau-electrique/;Bricolage
Les meilleures ponceuses stationnaires;https://meilleurtest.fr/comparatif-ponceuse-stationnaire/;Bricolage
Les meilleurs moteurs de volet roulant;https://meilleurtest.fr/comparatif-moteur-de-volet-roulant/;Bricolage
Les meilleures carrelettes électriques;https://meilleurtest.fr/comparatif-carrelette-electrique/;Bricolage
Les meilleurs tournevis électriques sans fil;https://meilleurtest.fr/comparatif-tournevis-electrique-sans-fil/;Bricolage
Les meilleurs postes à souder TIG AC/DC;https://meilleurtest.fr/comparatif-postes-a-souder-tig-ac-dc/;Bricolage
Les meilleures scies sauteuses;https://meilleurtest.fr/comparatif-scie-sauteuse/;Bricolage
Les meilleures clés dynamométriques;https://meilleurtest.fr/comparatif-cle-dynamometrique/;Bricolage
Les meilleurs testeurs d'humidité pour le bois de chauffage;https://meilleurtest.fr/comparatif-testeur-dhumidite-pour-bois-de-chauffage/;Bricolage
Les meilleures meuleuses 230 mm;https://meilleurtest.fr/comparatif-meuleuse-230-mm/;Bricolage
Les meilleures perceuses à percussion;https://meilleurtest.fr/comparatif-perceuse-a-percussion/;Bricolage
Les meilleurs pistolets à peinture;https://meilleurtest.fr/comparatif-pistolet-a-peinture/;Bricolage
Les meilleures visseuses dévisseuses;https://meilleurtest.fr/comparatif-visseuse-devisseuse/;Bricolage
Les meilleures perceuses à percussion professionnelles;https://meilleurtest.fr/comparatif-perceuse-a-percussion-professionnelle/;Bricolage
Les meilleurs perforateurs;https://meilleurtest.fr/comparatif-perforateur/;Bricolage
Les meilleurs graveurs laser;https://meilleurtest.fr/comparatif-graveur-laser/;Bricolage
Les meilleures peintures antirouille;https://meilleurtest.fr/comparatif-peinture-antirouille/;Bricolage
Les meilleures ponceuses excentriques;https://meilleurtest.fr/comparatif-ponceuse-excentrique/;Bricolage
Les meilleures ponceuses à ongles;https://meilleurtest.fr/comparatif-ponceuse-a-ongle/;Bricolage
Les meilleurs compresseurs 100L;https://meilleurtest.fr/comparatif-compresseur-100-l/;Bricolage
Les meilleures ponceuses à bande;https://meilleurtest.fr/comparatif-ponceuse-a-bande/;Bricolage
Les meilleurs parpaings;https://meilleurtest.fr/comparatif-parpaing/;Bricolage
Les meilleurs isolants thermiques;https://meilleurtest.fr/comparatif-isolant-thermique/;Bricolage
Les meilleurs établis pour enfant;https://meilleurtest.fr/comparatif-etabli-pour-enfant/;Bricolage
Les meilleures disqueuses;https://meilleurtest.fr/comparatif-disqueuse/;Bricolage
Les meilleures gouttières;https://meilleurtest.fr/comparatif-gouttiere/;Bricolage
Les meilleures portes de garage;https://meilleurtest.fr/comparatif-porte-de-garage/;Bricolage
Les meilleures perceuse-visseuses à percussion sans fil 18 V;https://meilleurtest.fr/comparatif-perceuse-visseuse-a-percussion-sans-fil-18-v/;Bricolage
Les meilleurs casques anti-bruit;https://meilleurtest.fr/comparatif-casque-anti-bruit/;Bricolage
Les meilleurs plans de travail;https://meilleurtest.fr/comparatif-plan-de-travail/;Bricolage
Les meilleurs isolants phoniques;https://meilleurtest.fr/comparatif-isolant-phonique/;Bricolage
Les meilleurs kits de bricolage pour les enfants;https://meilleurtest.fr/comparatif-kit-de-bricolage-pour-enfant/;Bricolage
Les meilleurs isolants thermiques des murs par l'intérieur;https://meilleurtest.fr/comparatif-isolant-thermique-de-mur-par-linterieur/;Bricolage
Les meilleures boîtes à outils complètes;https://meilleurtest.fr/comparatif-boite-a-outils-complete/;Bricolage
Les meilleures perceuses;https://meilleurtest.fr/comparatif-perceuse/;Bricolage
Les meilleurs fendeurs de bûches;https://meilleurtest.fr/comparatif-fendeur-de-buche/;Bricolage
Les meilleurs dremels;https://meilleurtest.fr/comparatif-dremel/;Bricolage
Les meilleures serrures de porte;https://meilleurtest.fr/comparatif-serrure-de-porte/;Bricolage
Les meilleures colles pour tout coller;https://meilleurtest.fr/comparatif-colle-pour-tout-coller/;Bricolage
Les meilleures ponceuses;https://meilleurtest.fr/comparatif-ponceuse/;Bricolage
Les meilleures clés à molette;https://meilleurtest.fr/comparatif-cle-a-molette/;Bricolage
Les meilleures lasures bois extérieur;https://meilleurtest.fr/comparatif-lasure-bois-exterieur/;Bricolage
Les meilleures clés à choc;https://meilleurtest.fr/comparatif-cle-a-choc/;Bricolage
Les meilleurs mini compresseurs portatifs;https://meilleurtest.fr/comparatif-mini-compresseur-portatif/;Bricolage
Les meilleurs graveurs laser métal;https://meilleurtest.fr/comparatif-graveur-laser-metal/;Bricolage
Les meilleures fenêtres PVC;https://meilleurtest.fr/comparatif-fenetre-pvc/;Bricolage
Les meilleurs revêtements en résine époxy;https://meilleurtest.fr/comparatif-revetement-resine-epoxy/;Bricolage
Les meilleures clés Allen hexagonales;https://meilleurtest.fr/comparatif-cle-allen-hexagonale/;Bricolage
Les meilleures gouttières;https://meilleurtest.fr/comparatif-gouttiere/;Bricolage
Les meilleures portes de garage;https://meilleurtest.fr/comparatif-porte-de-garage/;Bricolage
Les meilleures perceuse-visseuses à percussion sans fil 18 V;https://meilleurtest.fr/comparatif-perceuse-visseuse-a-percussion-sans-fil-18-v/;Bricolage
Les meilleurs casques anti-bruit;https://meilleurtest.fr/comparatif-casque-anti-bruit/;Bricolage
Les meilleurs plans de travail;https://meilleurtest.fr/comparatif-plan-de-travail/;Bricolage
Les meilleurs isolants phoniques;https://meilleurtest.fr/comparatif-isolant-phonique/;Bricolage
Les meilleurs kits de bricolage pour les enfants;https://meilleurtest.fr/comparatif-kit-de-bricolage-pour-enfant/;Bricolage
Les meilleurs isolants thermiques des murs par l'intérieur;https://meilleurtest.fr/comparatif-isolant-thermique-de-mur-par-linterieur/;Bricolage
Les meilleures boîtes à outils complètes;https://meilleurtest.fr/comparatif-boite-a-outils-complete/;Bricolage
Les meilleures perceuses;https://meilleurtest.fr/comparatif-perceuse/;Bricolage
Les meilleurs fendeurs de bûches;https://meilleurtest.fr/comparatif-fendeur-de-buche/;Bricolage
Les meilleurs dremels;https://meilleurtest.fr/comparatif-dremel/;Bricolage
Les meilleures serrures de porte;https://meilleurtest.fr/comparatif-serrure-de-porte/;Bricolage
Les meilleures colles pour tout coller;https://meilleurtest.fr/comparatif-colle-pour-tout-coller/;Bricolage
Les meilleures ponceuses;https://meilleurtest.fr/comparatif-ponceuse/;Bricolage
Les meilleures clés à molette;https://meilleurtest.fr/comparatif-cle-a-molette/;Bricolage
Les meilleures lasures bois extérieur;https://meilleurtest.fr/comparatif-lasure-bois-exterieur/;Bricolage
Les meilleures clés à choc;https://meilleurtest.fr/comparatif-cle-a-choc/;Bricolage
Les meilleurs mini compresseurs portatifs;https://meilleurtest.fr/comparatif-mini-compresseur-portatif/;Bricolage
Les meilleurs graveurs laser métal;https://meilleurtest.fr/comparatif-graveur-laser-metal/;Bricolage
Les meilleures fenêtres PVC;https://meilleurtest.fr/comparatif-fenetre-pvc/;Bricolage
Les meilleurs revêtements en résine époxy;https://meilleurtest.fr/comparatif-revetement-resine-epoxy/;Bricolage
Les meilleures clés Allen hexagonales;https://meilleurtest.fr/comparatif-cle-allen-hexagonale/;Bricolage
Les meilleurs coussins ergonomiques pour chaise de bureau;https://meilleurtest.fr/comparatif-coussin-ergonomique-pour-chaise-de-bureau/;Bureau et télétravail
Les meilleures chaises de bureau pour le dos;https://meilleurtest.fr/comparatif-chaise-de-bureau-pour-le-dos/;Bureau et télétravail
Les meilleures chaises de bureau en bois;https://meilleurtest.fr/comparatif-chaise-de-bureau-en-bois/;Bureau et télétravail
Les meilleures chaises de bureau scandinave;https://meilleurtest.fr/comparatif-chaise-de-bureau-scandinave/;Bureau et télétravail
Les meilleurs chaises de bureau design;https://meilleurtest.fr/comparatif-chaise-de-bureau-design/;Bureau et télétravail
Les meilleurs bloc-notes connectés;https://meilleurtest.fr/comparatif-bloc-notes-connecte/;Bureau et télétravail
Les meilleures chaises de bureau sur Amazon;https://meilleurtest.fr/comparatif-chaise-de-bureau-sur-amazon/;Bureau et télétravail
Les meilleurs réveils connectés;https://meilleurtest.fr/comparatif-reveil-connecte/;Bureau et télétravail
Les meilleurs agendas;https://meilleurtest.fr/comparatif-agenda/;Bureau et télétravail
Les meilleures agrafeuses;https://meilleurtest.fr/comparatif-agrafeuse/;Bureau et télétravail
Les meilleurs toners;https://meilleurtest.fr/comparatif-toner/;Bureau et télétravail
Les meilleurs supports de PC portable;https://meilleurtest.fr/comparatif-support-de-pc-portable/;Bureau et télétravail
Les meilleurs réveils;https://meilleurtest.fr/comparatif-reveil/;Bureau et télétravail
Les meilleures calculatrices imprimantes;https://meilleurtest.fr/comparatif-calculatrice-imprimante/;Bureau et télétravail
Les meilleures calculatrices;https://meilleurtest.fr/comparatif-calculatrice/;Bureau et télétravail
Les meilleurs supports d'écran PC;https://meilleurtest.fr/comparatif-support-decran-pc/;Bureau et télétravail
Les meilleures chaises de bureau ergonomiques;https://meilleurtest.fr/comparatif-chaise-de-bureau-ergonomique/;Bureau et télétravail
Les meilleurs supports d'écran PC à bras articulé;https://meilleurtest.fr/comparatif-support-decran-pc-a-bras-articule/;Bureau et télétravail
Les meilleurs accessoires de cable management;https://meilleurtest.fr/comparatif-accessoire-de-cable-management/;Bureau et télétravail
Les meilleurs réveils enfant;https://meilleurtest.fr/comparatif-reveil-enfant/;Bureau et télétravail
Les meilleures chaises de bureau;https://meilleurtest.fr/comparatif-chaise-de-bureau/;Bureau et télétravail
Les meilleures calculatrices scientifiques;https://meilleurtest.fr/comparatif-calculatrice-scientifique/;Bureau et télétravail
Les meilleurs sacs de cours avec poche ordinateur;https://meilleurtest.fr/comparatif-sac-de-cours-avec-poche-ordinateur/;Bureau et télétravail
Les meilleurs bras d'écrans d'ordinateur;https://meilleurtest.fr/comparatif-bras-ecran-ordinateur/;Bureau et télétravail
Les meilleures chaises de bureau ergonomiques;https://meilleurtest.fr/comparatif-chaise-de-bureau-ergonomique/;Bureau et télétravail
Les meilleurs supports d'écran PC à bras articulé;https://meilleurtest.fr/comparatif-support-decran-pc-a-bras-articule/;Bureau et télétravail
Les meilleurs accessoires de cable management;https://meilleurtest.fr/comparatif-accessoire-de-cable-management/;Bureau et télétravail
Les meilleurs réveils enfant;https://meilleurtest.fr/comparatif-reveil-enfant/;Bureau et télétravail
Les meilleures chaises de bureau;https://meilleurtest.fr/comparatif-chaise-de-bureau/;Bureau et télétravail
Les meilleures calculatrices scientifiques;https://meilleurtest.fr/comparatif-calculatrice-scientifique/;Bureau et télétravail
Les meilleurs sacs de cours avec poche ordinateur;https://meilleurtest.fr/comparatif-sac-de-cours-avec-poche-ordinateur/;Bureau et télétravail
Les meilleurs bras d'écrans d'ordinateur;https://meilleurtest.fr/comparatif-bras-ecran-ordinateur/;Bureau et télétravail
Les meilleures imprimantes photo 10x15;https://meilleurtest.fr/comparatif-imprimante-photo-10x15/;Bureautique
Les meilleures imprimantes sans cartouche;https://meilleurtest.fr/comparatif-imprimante-sans-cartouche/;Bureautique
Les meilleures imprimantes recto-verso automatiques;https://meilleurtest.fr/comparatif-imprimante-recto-verso-automatique/;Bureautique
Les meilleures imprimantes photo professionnelles;https://meilleurtest.fr/comparatif-imprimante-photo-professionnelle/;Bureautique
Les meilleurs scanners 3D pas chers;https://meilleurtest.fr/comparatif-scanner-3d-pas-cher/;Bureautique
Les meilleures imprimantes laser couleur multifonction;https://meilleurtest.fr/comparatif-imprimante-laser-couleur-multifonction/;Bureautique
Les meilleures imprimantes HP;https://meilleurtest.fr/comparatif-imprimante-hp/;Bureautique
Les meilleures imprimantes EcoTank;https://meilleurtest.fr/comparatif-imprimante-ecotank/;Bureautique
Les meilleurs papiers photos pour imprimante;https://meilleurtest.fr/comparatif-papier-photo-pour-imprimante/;Bureautique
Les meilleurs stylos pour écrire au quotidien;https://meilleurtest.fr/comparatif-stylo-pour-ecrire-au-quotidien/;Bureautique
Les meilleures déchiqueteuses de papier;https://meilleurtest.fr/comparatif-dechiqueteuse-de-papier/;Bureautique
Les meilleures imprimantes laser pour maison;https://meilleurtest.fr/comparatif-imprimante-laser-pour-maison/;Bureautique
Les meilleures imprimantes pour la maison;https://meilleurtest.fr/comparatif-imprimante-pour-maison/;Bureautique
Les meilleures imprimantes couleur;https://meilleurtest.fr/comparatif-imprimante-couleur/;Bureautique
Les meilleures imprimante sans fil;https://meilleurtest.fr/comparatif-imprimante-sans-fil/;Bureautique
Les meilleures imprimantes pour étudiant;https://meilleurtest.fr/comparatif-imprimante-pour-etudiant/;Bureautique
Les meilleurs scanners A3;https://meilleurtest.fr/comparatif-scanner-a3/;Bureautique
Les meilleures plastifieuses;https://meilleurtest.fr/comparatif-plastifieuse/;Bureautique
Les meilleures imprimantes bluetooth;https://meilleurtest.fr/comparatif-imprimante-bluetooth/;Bureautique
Les meilleures imprimantes professionnelles;https://meilleurtest.fr/comparatif-imprimante-professionnelle/;Bureautique
Les meilleures imprimantes en terme de rapport qualité/prix;https://meilleurtest.fr/comparatif-imprimantes-en-terme-de-rapport-qualite-prix/;Bureautique
Les meilleurs scanners de QR code;https://meilleurtest.fr/comparatif-scanner-de-qr-code/;Bureautique
Les meilleures imprimantes pas chères;https://meilleurtest.fr/comparatif-imprimante-pas-chere/;Bureautique
Les meilleurs rétroprojecteurs;https://meilleurtest.fr/comparatif-retroprojecteur/;Bureautique
Les meilleures imprimantes photo portables;https://meilleurtest.fr/comparatif-imprimante-photo-portable/;Bureautique
Les meilleurs scanners portables;https://meilleurtest.fr/comparatif-scanner-portable/;Bureautique
Les meilleurs destructeurs de documents;https://meilleurtest.fr/comparatif-destructeur-de-documents/;Bureautique
Les meilleures imprimantes jet d'encre;https://meilleurtest.fr/comparatif-imprimante-jet-dencre/;Bureautique
Les meilleures imprimantes laser couleurs;https://meilleurtest.fr/comparatif-imprimante-laser-couleur/;Bureautique
Les meilleures imprimantes portables;https://meilleurtest.fr/comparatif-imprimante-portable/;Bureautique
Les meilleures imprimantes laser couleurs A3;https://meilleurtest.fr/comparatif-imprimante-laser-couleur-a3/;Bureautique
Les meilleures imprimantes jet d'encre multifonctions;https://meilleurtest.fr/comparatif-imprimante-jet-dencre-multifonction/;Bureautique
Les meilleures imprimantes laser multifonctions;https://meilleurtest.fr/comparatif-imprimante-laser-multifonction/;Bureautique
Les meilleurs stylos bille;https://meilleurtest.fr/comparatif-stylo-bille/;Bureautique
Les meilleures pointeuses horaires badgeuses;https://meilleurtest.fr/comparatif-pointeuse-horaire-badgeuse/;Bureautique
Les meilleures imprimantes multifonctions;https://meilleurtest.fr/comparatif-imprimante-multifonction/;Bureautique
Les meilleures imprimantes;https://meilleurtest.fr/comparatif-imprimante/;Bureautique
Les meilleurs rétroprojecteurs;https://meilleurtest.fr/comparatif-retroprojecteur/;Bureautique
Les meilleures imprimantes photo portables;https://meilleurtest.fr/comparatif-imprimante-photo-portable/;Bureautique
Les meilleurs scanners portables;https://meilleurtest.fr/comparatif-scanner-portable/;Bureautique
Les meilleurs destructeurs de documents;https://meilleurtest.fr/comparatif-destructeur-de-documents/;Bureautique
Les meilleures imprimantes jet d'encre;https://meilleurtest.fr/comparatif-imprimante-jet-dencre/;Bureautique
Les meilleures imprimantes laser couleurs;https://meilleurtest.fr/comparatif-imprimante-laser-couleur/;Bureautique
Les meilleures imprimantes portables;https://meilleurtest.fr/comparatif-imprimante-portable/;Bureautique
Les meilleures imprimantes laser couleurs A3;https://meilleurtest.fr/comparatif-imprimante-laser-couleur-a3/;Bureautique
Les meilleures imprimantes jet d'encre multifonctions;https://meilleurtest.fr/comparatif-imprimante-jet-dencre-multifonction/;Bureautique
Les meilleures imprimantes laser multifonctions;https://meilleurtest.fr/comparatif-imprimante-laser-multifonction/;Bureautique
Les meilleurs stylos bille;https://meilleurtest.fr/comparatif-stylo-bille/;Bureautique
Les meilleures pointeuses horaires badgeuses;https://meilleurtest.fr/comparatif-pointeuse-horaire-badgeuse/;Bureautique
Les meilleures imprimantes multifonctions;https://meilleurtest.fr/comparatif-imprimante-multifonction/;Bureautique
Les meilleures imprimantes;https://meilleurtest.fr/comparatif-imprimante/;Bureautique
Les meilleurs paniers garnis;https://meilleurtest.fr/comparatif-panier-garni/;Cadeaux d'entreprise
Les meilleurs paniers cadeaux;https://meilleurtest.fr/comparatif-panier-cadeau/;Cadeaux d'entreprise
Les meilleurs cafés moulus pour cafetière à filtre;https://meilleurtest.fr/comparatif-cafe-moulu-pour-cafetiere-a-filtre/;Café
Les meilleurs cafés en grain sans amertume;https://meilleurtest.fr/comparatif-cafe-en-grain-sans-amertume/;Café
Les meilleures machines à café avec mousseur à lait;https://meilleurtest.fr/comparatif-machine-a-cafe-avec-mousseur-a-lait/;Café
Les meilleurs cafés en grain pour machine automatique;https://meilleurtest.fr/comparatif-cafe-en-grain-pour-machine-automatique/;Café
Les meilleurs cafés en grain 1 kg;https://meilleurtest.fr/comparatif-cafe-en-grain-1-kg/;Café
Les meilleures cafetières isothermes;https://meilleurtest.fr/comparatif-cafetiere-isotherme/;Café
Les meilleures machines à café à grains double bac;https://meilleurtest.fr/comparatif-machine-a-cafe-a-grains-double-bac/;Café
Les meilleures machines à café à grains professionnelles;https://meilleurtest.fr/comparatif-machine-a-cafe-a-grains-professionnelle/;Café
Les meilleures machines à café jura;https://meilleurtest.fr/comparatif-machine-a-cafe-jura/;Café
Les meilleures machines à café professionnelles;https://meilleurtest.fr/comparatif-machine-a-cafe-professionnelle/;Café
Les meilleures machines à café à grains Melitta;https://meilleurtest.fr/comparatif-machine-a-cafe-a-grains-melitta/;Café
Les meilleures machines à café à grains Krups;https://meilleurtest.fr/comparatif-machine-a-cafe-a-grains-krups/;Café
Les meilleures machines à café à grains De'Longhi;https://meilleurtest.fr/comparatif-machine-a-cafe-a-grains-delonghi/;Café
Les meilleures machines à café moulu;https://meilleurtest.fr/comparatif-machine-a-cafe-moulu/;Café
Les meilleurs cafés en grain pour machine De'Longhi;https://meilleurtest.fr/comparatif-cafe-en-grain-pour-machine-delonghi/;Café
Les meilleures machines à café avec broyeur silencieux;https://meilleurtest.fr/comparatif-machine-a-cafe-avec-broyeur-silencieux/;Café
Les meilleures dosettes compatibles Tassimo;https://meilleurtest.fr/comparatif-dosettes-compatibles-tassimo/;Café
Les meilleures dosettes compatibles Senseo;https://meilleurtest.fr/comparatif-dosettes-compatibles-senseo/;Café
Les meilleurs détartrants de machine à café;https://meilleurtest.fr/comparatif-detartrant-de-machine-a-cafe/;Café
Les meilleurs coffrets cadeaux café;https://meilleurtest.fr/comparatif-coffret-cadeau-cafe/;Café
Les meilleures capsules Dolce Gusto;https://meilleurtest.fr/comparatif-capsule-dolce-gusto/;Café
Les meilleurs cafés en grain décaféinés;https://meilleurtest.fr/comparatif-cafe-en-grain-decafeine/;Café
Les meilleures cafetières Philips;https://meilleurtest.fr/comparatif-cafetiere-philips/;Café
Les meilleures cafetières à piston en inox;https://meilleurtest.fr/comparatif-cafetiere-a-piston-en-inox/;Café
Les meilleures cafetières Krups;https://meilleurtest.fr/comparatif-cafetiere-krups/;Café
Les meilleures cafetières Smeg;https://meilleurtest.fr/comparatif-cafetieres-smeg/;Café
Les meilleurs cafés Senseo;https://meilleurtest.fr/comparatif-cafe-senseo/;Café
Les meilleures cafetières Keurig;https://meilleurtest.fr/comparatif-cafetiere-keurig/;Café
Les meilleures cafetières Senseo;https://meilleurtest.fr/comparatif-cafetiere-senseo/;Café
Les meilleures cafetières De'Longhi;https://meilleurtest.fr/comparatif-cafetiere-delonghi/;Café
Les meilleures tasses à café;https://meilleurtest.fr/comparatif-tasse-a-cafe/;Café
Les meilleures machines à café à capsules;https://meilleurtest.fr/comparatif-machine-a-cafe-a-capsules/;Café
Les meilleures petites cafetières;https://meilleurtest.fr/comparatif-petite-cafetiere/;Café
Les meilleures cafetières à filtre programmables;https://meilleurtest.fr/comparatif-cafetiere-a-filtre-programmable/;Café
Les meilleures capsules rechargeables pour Nespresso;https://meilleurtest.fr/comparatif-capsule-rechargeable-pour-nespresso/;Café
Les meilleurs combinés expressos cafetière;https://meilleurtest.fr/comparatif-expresso-combine-cafetiere/;Café
Les meilleurs cafés solubles instantanés;https://meilleurtest.fr/comparatif-cafe-soluble-instantane/;Café
Les meilleures machines à café à dosettes;https://meilleurtest.fr/comparatif-machine-a-cafe-a-dosettes/;Café
Les meilleurs cafés en grain;https://meilleurtest.fr/comparatif-cafe-grain/;Café
Les meilleures cafetières à piston;https://meilleurtest.fr/comparatif-cafetiere-a-piston/;Café
Les meilleures cafetières à filtre;https://meilleurtest.fr/comparatif-cafetiere-a-filtre/;Café
Les meilleures cafetières Dolce Gusto;https://meilleurtest.fr/comparatif-cafetiere-dolce-gusto/;Café
Les meilleures machines à café portables;https://meilleurtest.fr/comparatif-machine-a-cafe-portable/;Café
Les meilleures cafetières italiennes;https://meilleurtest.fr/comparatif-cafetiere-italienne/;Café
Les meilleurs cafés moulus;https://meilleurtest.fr/comparatif-cafe-moulu/;Café
Les meilleures tasses à café réutilisables;https://meilleurtest.fr/comparatif-tasse-a-cafe-reutilisable/;Café
Les meilleures cafetières à capsules compatibles Nespresso;https://meilleurtest.fr/comparatif-cafetiere-a-capsule-compatible-nespresso/;Café
Les meilleures machines à café;https://meilleurtest.fr/comparatif-machine-a-cafe/;Café
Les meilleures machines à café à grains (avec broyeur);https://meilleurtest.fr/comparatif-machine-a-cafe-a-grain/;Café
Les meilleurs cafés en grain;https://meilleurtest.fr/comparatif-cafe-grain/;Café
Les meilleures cafetières à piston;https://meilleurtest.fr/comparatif-cafetiere-a-piston/;Café
Les meilleures cafetières à filtre;https://meilleurtest.fr/comparatif-cafetiere-a-filtre/;Café
Les meilleures cafetières Dolce Gusto;https://meilleurtest.fr/comparatif-cafetiere-dolce-gusto/;Café
Les meilleures machines à café portables;https://meilleurtest.fr/comparatif-machine-a-cafe-portable/;Café
Les meilleures cafetières italiennes;https://meilleurtest.fr/comparatif-cafetiere-italienne/;Café
Les meilleurs cafés moulus;https://meilleurtest.fr/comparatif-cafe-moulu/;Café
Les meilleures tasses à café réutilisables;https://meilleurtest.fr/comparatif-tasse-a-cafe-reutilisable/;Café
Les meilleures cafetières à capsules compatibles Nespresso;https://meilleurtest.fr/comparatif-cafetiere-a-capsule-compatible-nespresso/;Café
Les meilleures machines à café;https://meilleurtest.fr/comparatif-machine-a-cafe/;Café
Les meilleures machines à café à grains (avec broyeur);https://meilleurtest.fr/comparatif-machine-a-cafe-a-grain/;Café
Les meilleurs sacs de couchage grand froid;https://meilleurtest.fr/comparatif-sac-de-couchage-grand-froid/;Camping et bivouac
Les meilleurs lave-linges de camping;https://meilleurtest.fr/comparatif-lave-linge-de-camping/;Camping et bivouac
Les meilleures tentes de bivouac;https://meilleurtest.fr/comparatif-tente-de-bivouac/;Camping et bivouac
Les meilleures tentes de trekking;https://meilleurtest.fr/comparatif-tente-de-trekking/;Camping et bivouac
Les meilleures chaises de camping pliantes;https://meilleurtest.fr/comparatif-chaise-de-camping-pliante/;Camping et bivouac
Les meilleurs sacs de couchage compacts;https://meilleurtest.fr/comparatif-sac-de-couchage-compact/;Camping et bivouac
Les meilleures glacières voiture;https://meilleurtest.fr/comparatif-glaciere-voiture/;Camping et bivouac
Les meilleures chaises de camping;https://meilleurtest.fr/comparatif-chaise-de-camping/;Camping et bivouac
Les meilleures gourdes compote réutilisables;https://meilleurtest.fr/comparatif-gourde-compote-reutilisable/;Camping et bivouac
Les meilleures tentes;https://meilleurtest.fr/comparatif-tente/;Camping et bivouac
Les meilleurs sacs de couchage;https://meilleurtest.fr/comparatif-sac-de-couchage/;Camping et bivouac
Les meilleures glacières à compression;https://meilleurtest.fr/comparatif-glaciere-a-compression/;Camping et bivouac
Les meilleurs hamacs gonflables;https://meilleurtest.fr/comparatif-hamac-gonflable/;Camping et bivouac
Les meilleures tentes de camping 4 places;https://meilleurtest.fr/comparatif-tente-de-camping-4-places/;Camping et bivouac
Les meilleures gourdes filtrantes;https://meilleurtest.fr/comparatif-gourde-filtrante/;Camping et bivouac
Les meilleures tentes ultra légères;https://meilleurtest.fr/comparatif-tente-ultra-legere/;Camping et bivouac
Les meilleures glacières;https://meilleurtest.fr/comparatif-glaciere/;Camping et bivouac
Les meilleures gourdes isothermes;https://meilleurtest.fr/comparatif-gourde-isotherme/;Camping et bivouac
Les meilleurs sacs de couchage doubles;https://meilleurtest.fr/comparatif-sac-de-couchage-double/;Camping et bivouac
Les meilleures gourdes Qwetch;https://meilleurtest.fr/comparatif-gourde-qwetch/;Camping et bivouac
Les meilleures gourdes sport;https://meilleurtest.fr/comparatif-gourde-sport/;Camping et bivouac
Les meilleures gourdes enfant;https://meilleurtest.fr/comparatif-gourde-enfant/;Camping et bivouac
Les meilleures gourdes en inox;https://meilleurtest.fr/comparatif-gourde-inox/;Camping et bivouac
Les meilleures tentes anti uv pour bébé;https://meilleurtest.fr/comparatif-tente-anti-uv-bebe/;Camping et bivouac
Les meilleures gourdes en verre;https://meilleurtest.fr/comparatif-gourde-verre/;Camping et bivouac
Les meilleures gourdes Qwetch;https://meilleurtest.fr/comparatif-gourde-qwetch/;Camping et bivouac
Les meilleures gourdes sport;https://meilleurtest.fr/comparatif-gourde-sport/;Camping et bivouac
Les meilleures gourdes enfant;https://meilleurtest.fr/comparatif-gourde-enfant/;Camping et bivouac
Les meilleures gourdes en inox;https://meilleurtest.fr/comparatif-gourde-inox/;Camping et bivouac
Les meilleures tentes anti uv pour bébé;https://meilleurtest.fr/comparatif-tente-anti-uv-bebe/;Camping et bivouac
Les meilleures gourdes en verre;https://meilleurtest.fr/comparatif-gourde-verre/;Camping et bivouac
Les meilleures cartes bancaires pour voyager;https://meilleurtest.fr/comparatif-carte-bancaire-pour-voyager/;Cartes de crédit
Les meilleures cartes bancaires;https://meilleurtest.fr/comparatif-carte-bancaire/;Cartes de crédit
Les meilleures cartes bancaires pour voyager;https://meilleurtest.fr/comparatif-carte-bancaire-pour-voyager/;Cartes de crédit
Les meilleures cartes bancaires;https://meilleurtest.fr/comparatif-carte-bancaire/;Cartes de crédit
Les meilleurs cardboards;https://meilleurtest.fr/comparatif-cardboard/;Casques VR/AR
Les meilleurs casques VR pour smartphone;https://meilleurtest.fr/comparatif-casque-vr-pour-smartphone/;Casques VR/AR
Les meilleurs casques VR;https://meilleurtest.fr/comparatif-casque-vr/;Casques VR/AR
Les meilleurs casques VR;https://meilleurtest.fr/comparatif-casque-vr/;Casques VR/AR
post_title;_post_permalink;category
post_title;_post_permalink;category
post_title;_post_permalink;category
post_title;_post_permalink;category
post_title;_post_permalink;category
Les meilleures caméras de chasse;https://meilleurtest.fr/comparatif-camera-de-chasse/;Chasse
Les meilleures carabines à plomb de 30 joules;https://meilleurtest.fr/comparatif-carabine-a-plomb-de-30-joules/;Chasse
Les meilleures caméras de chasse 4G;https://meilleurtest.fr/comparatif-camera-de-chasse-4g/;Chasse
Les meilleurs arcs à poulie;https://meilleurtest.fr/comparatif-arc-a-poulie/;Chasse
Les meilleures chaussures de chasse;https://meilleurtest.fr/comparatif-chaussures-de-chasse/;Chasse
Les meilleures carabines à plomb;https://meilleurtest.fr/comparatif-carabine-a-plomb/;Chasse
Les meilleurs arcs de chasse;https://meilleurtest.fr/comparatif-arc-de-chasse/;Chasse
Les meilleures arbalètes;https://meilleurtest.fr/comparatif-arbalete/;Chasse
Les meilleures bottes de chasse;https://meilleurtest.fr/comparatif-bottes-de-chasse/;Chasse
Les meilleures lunettes de battue;https://meilleurtest.fr/comparatif-lunette-de-battue/;Chasse
Les meilleures caméras de chasse GSM;https://meilleurtest.fr/comparatif-camera-de-chasse-gsm/;Chasse
Les meilleures caméras de chasse GSM;https://meilleurtest.fr/comparatif-camera-de-chasse-gsm/;Chasse
Les meilleurs anti-stress pour chat;https://meilleurtest.fr/comparatif-anti-stress-pour-chat/;Chat
Les meilleures croquettes pour chaton stérilisé;https://meilleurtest.fr/comparatif-croquette-pour-chaton-sterilise/;Chat
Les meilleures gamelles pour chat;https://meilleurtest.fr/comparatif-gamelle-pour-chat/;Chat
Les meilleures croquettes anti-boules de poils;https://meilleurtest.fr/comparatif-croquettes-anti-boules-de-poils/;Chat
Les meilleures croquettes pour chat stérilisé;https://meilleurtest.fr/comparatif-croquettes-pour-chat-sterilise/;Chat
Les meilleures litières pour chaton;https://meilleurtest.fr/comparatif-litiere-pour-chaton/;Chat
Les meilleurs jouets interactifs pour chat;https://meilleurtest.fr/comparatif-jouet-interactif-pour-chat/;Chat
Les meilleurs harnais pour chaton;https://meilleurtest.fr/comparatif-harnais-pour-chaton/;Chat
Les meilleures litières pour chats en appartement;https://meilleurtest.fr/comparatif-litiere-pour-chat-en-appartement/;Chat
Les meilleures croquettes pour chat avec problèmes urinaires;https://meilleurtest.fr/comparatif-croquette-pour-chat-avec-problemes-urinaires/;Chat
Les meilleurs meubles de litière pour chat;https://meilleurtest.fr/comparatif-meuble-de-litiere-pour-chat/;Chat
Les meilleures gamelles anti-glouton pour chat;https://meilleurtest.fr/comparatif-gamelle-anti-glouton-pour-chat/;Chat
Les meilleurs shampoings pour chats;https://meilleurtest.fr/comparatif-shampoing-pour-chat/;Chat
Les meilleures croquettes Friskies;https://meilleurtest.fr/comparatif-croquettes-friskies/;Chat
Les meilleures litières pour chat sans odeur;https://meilleurtest.fr/comparatif-litiere-pour-chat-sans-odeur/;Chat
Les meilleurs griffoirs à chat;https://meilleurtest.fr/comparatif-griffoir-a-chat/;Chat
Les meilleurs pâtés pour chat;https://meilleurtest.fr/comparatif-pate-pour-chat/;Chat
Les meilleures maisons de toilette pour chat;https://meilleurtest.fr/comparatif-maison-de-toilette-pour-chat/;Chat
Les meilleures nourritures solides pour chat;https://meilleurtest.fr/comparatif-nourriture-solide-pour-chat/;Chat
Les meilleurs anti-puces pour chat;https://meilleurtest.fr/comparatif-anti-puces-pour-chat/;Chat
Les meilleures litières pour chat;https://meilleurtest.fr/comparatif-litiere-pour-chat/;Chat
Les meilleures pipettes anti-puces pour chat;https://meilleurtest.fr/comparatif-pipette-anti-puces-pour-chat/;Chat
Les meilleurs comprimés anti-puces pour chats;https://meilleurtest.fr/comparatif-comprime-anti-puce-pour-chat/;Chat
Les meilleurs harnais pour chat;https://meilleurtest.fr/comparatif-harnais-pour-chat/;Chat
Les meilleures croquettes pour chat sans céréales;https://meilleurtest.fr/comparatif-croquettes-pour-chat-sans-cereales/;Chat
Les meilleurs vermifuges pour chat;https://meilleurtest.fr/comparatif-vermifuge-pour-chat/;Chat
Les meilleures nourritures pour chat;https://meilleurtest.fr/comparatif-nourriture-pour-chat/;Chat
Les meilleures nourritures humides pour chats;https://meilleurtest.fr/comparatif-nourriture-humide-pour-chat/;Chat
Les meilleures pâtées pour chat;https://meilleurtest.fr/comparatif-patee-pour-chat/;Chat
Les meilleurs jouets pour chat;https://meilleurtest.fr/comparatif-jouet-pour-chat/;Chat
Les meilleurs arbres à chats;https://meilleurtest.fr/comparatif-arbre-a-chat/;Chat
Les meilleures conserves pour chats;https://meilleurtest.fr/comparatif-conserve-pour-chat/;Chat
Les meilleurs bacs à litière pour chats;https://meilleurtest.fr/comparatif-bac-a-litiere-pour-chat/;Chat
Les meilleurs aliments hypoallergéniques pour chat;https://meilleurtest.fr/comparatif-aliment-hypoallergenique-pour-chat/;Chat
Les meilleurs arbres à chat pas cher;https://meilleurtest.fr/comparatif-arbre-a-chat-pas-cher/;Chat
Les meilleures croquettes pour chat;https://meilleurtest.fr/comparatif-croquettes-pour-chat/;Chat
Les meilleures niches pour chat;https://meilleurtest.fr/comparatif-niches-pour-chat/;Chat
Les meilleurs arbres à chats;https://meilleurtest.fr/comparatif-arbre-a-chat/;Chat
Les meilleures conserves pour chats;https://meilleurtest.fr/comparatif-conserve-pour-chat/;Chat
Les meilleurs bacs à litière pour chats;https://meilleurtest.fr/comparatif-bac-a-litiere-pour-chat/;Chat
Les meilleurs aliments hypoallergéniques pour chat;https://meilleurtest.fr/comparatif-aliment-hypoallergenique-pour-chat/;Chat
Les meilleurs arbres à chat pas cher;https://meilleurtest.fr/comparatif-arbre-a-chat-pas-cher/;Chat
Les meilleures croquettes pour chat;https://meilleurtest.fr/comparatif-croquettes-pour-chat/;Chat
Les meilleures niches pour chat;https://meilleurtest.fr/comparatif-niches-pour-chat/;Chat
Les meilleurs poêles à granulés extra plats;https://meilleurtest.fr/comparatif-poele-a-granules-extra-plat/;Chauffage
Les meilleurs poêles à granulés à convection naturelle;https://meilleurtest.fr/comparatif-poele-a-granules-a-convection-naturelle/;Chauffage
Les meilleurs poêles à bois bouilleurs;https://meilleurtest.fr/comparatif-poele-a-bois-bouilleur/;Chauffage
Les meilleurs poêles à pétrole sans odeur;https://meilleurtest.fr/comparatif-poele-a-petrole-sans-odeur/;Chauffage
Les meilleurs granulés de bois;https://meilleurtest.fr/comparatif-granules-de-bois/;Chauffage
Les meilleurs chauffages d'appoint électriques;https://meilleurtest.fr/comparatif-chauffage-dappoint-electrique/;Chauffage
Les meilleurs inserts à bois;https://meilleurtest.fr/comparatif-insert-a-bois/;Chauffage
Les meilleurs chauffages d'appoint économiques;https://meilleurtest.fr/comparatif-chauffage-d-appoint-economique/;Chauffage
Les meilleurs radiateurs à inertie sèche 2000W;https://meilleurtest.fr/comparatif-radiateur-a-inertie-seche-2000w/;Chauffage
Les meilleurs radiateurs double cœur de chauffe 2000W;https://meilleurtest.fr/comparatif-radiateur-double-coeur-de-chauffe-2000w/;Chauffage
Les meilleurs chauffages d'appoint sans électricité;https://meilleurtest.fr/comparatif-chauffage-d-appoint-sans-electricite/;Chauffage
Les meilleurs brûleurs fioul;https://meilleurtest.fr/comparatif-bruleur-fioul/;Chauffage
Les meilleurs radiateurs électriques mobiles;https://meilleurtest.fr/comparatif-radiateur-electrique-mobile/;Chauffage
Les meilleurs chauffages Dyson;https://meilleurtest.fr/comparatif-chauffage-dyson/;Chauffage
Les meilleurs radiateurs Campa;https://meilleurtest.fr/comparatif-radiateur-campa/;Chauffage
Les meilleurs radiateurs Carrera;https://meilleurtest.fr/comparatif-radiateur-carrera/;Chauffage
Les meilleurs radiateurs Noirot;https://meilleurtest.fr/comparatif-radiateur-noirot/;Chauffage
Les meilleures chaufferettes électriques;https://meilleurtest.fr/comparatif-chaufferette-electrique/;Chauffage
Les meilleures cheminées électriques;https://meilleurtest.fr/comparatif-cheminee-electrique/;Chauffage
Les meilleurs radiateurs double coeur de chauffe;https://meilleurtest.fr/comparatif-radiateur-double-coeur-de-chauffe/;Chauffage
Les meilleures chaudières bois bûche;https://meilleurtest.fr/comparatif-chaudiere-bois-buche/;Chauffage
Les meilleurs radiateurs à eau chaude;https://meilleurtest.fr/comparatif-radiateur-a-eau-chaude/;Chauffage
Les meilleures chaudières électriques;https://meilleurtest.fr/comparatif-chaudiere-electrique/;Chauffage
Les meilleurs chauffages de garage;https://meilleurtest.fr/comparatif-chauffage-de-garage/;Chauffage
Les meilleurs poêles à gaz;https://meilleurtest.fr/comparatif-poele-a-gaz/;Chauffage
Les meilleurs radiateurs soufflants pour salle de bain;https://meilleurtest.fr/comparatif-radiateur-soufflant-pour-salle-de-bain/;Chauffage
Les meilleurs poêles à bois scandinaves;https://meilleurtest.fr/comparatif-poele-a-bois-scandinave/;Chauffage
Les meilleurs radiateurs électriques connectés;https://meilleurtest.fr/comparatif-radiateur-electrique-connecte/;Chauffage
Les meilleurs sacs de pellets pas chers;https://meilleurtest.fr/comparatif-sac-de-pellets-pas-chers/;Chauffage
Les meilleurs radiateurs pour chauffage au gaz;https://meilleurtest.fr/comparatif-radiateur-pour-chauffage-au-gaz/;Chauffage
Les meilleures chaudières à granulés;https://meilleurtest.fr/comparatif-chaudiere-a-granules/;Chauffage
Les meilleurs cache-radiateurs;https://meilleurtest.fr/comparatif-cache-radiateur/;Chauffage
Les meilleurs radiateurs bain d'huile;https://meilleurtest.fr/comparatif-radiateur-bain-dhuile/;Chauffage
Les meilleurs radiateurs à inertie sèche;https://meilleurtest.fr/comparatif-radiateur-a-inertie-seche/;Chauffage
Les meilleurs poêles à granulés MCZ;https://meilleurtest.fr/comparatif-poele-a-granule-mcz/;Chauffage
Les meilleurs poêles à granulés Godin;https://meilleurtest.fr/comparatif-poele-a-granules-godin/;Chauffage
Les meilleurs granulés de bois en livraison;https://meilleurtest.fr/comparatif-granule-de-bois-livraison/;Chauffage
Les meilleurs radiateurs électriques économiques;https://meilleurtest.fr/comparatif-radiateur-electrique-economique/;Chauffage
Les meilleurs bois de chauffage;https://meilleurtest.fr/comparatif-bois-de-chauffage/;Chauffage
Les meilleurs poêles à pétrole;https://meilleurtest.fr/comparatif-poele-a-petrole/;Chauffage
Les meilleurs poêles à bois avec four;https://meilleurtest.fr/comparatif-poele-a-bois-avec-four/;Chauffage
Les meilleurs chauffages électriques;https://meilleurtest.fr/comparatif-chauffage-electrique/;Chauffage
Les meilleurs poêles à granulés étanches;https://meilleurtest.fr/comparatif-poele-a-granules-etanche/;Chauffage
Les meilleurs poêles à bois Godin;https://meilleurtest.fr/comparatif-poele-a-bois-godin/;Chauffage
Les meilleurs poêles mixtes;https://meilleurtest.fr/comparatif-poele-mixte/;Chauffage
Les meilleurs poêles à granulés ventouse;https://meilleurtest.fr/comparatif-poele-a-granules-ventouse/;Chauffage
Les meilleurs chauffages d'appoint au gaz;https://meilleurtest.fr/comparatif-chauffage-d-appoint-au-gaz/;Chauffage
Les meilleurs poêles à granulés canalisables;https://meilleurtest.fr/comparatif-poele-a-granules-canalisable/;Chauffage
Les meilleurs poêles à granulés silencieux;https://meilleurtest.fr/comparatif-poele-a-granule-silencieux/;Chauffage
Les meilleurs poêles de masse;https://meilleurtest.fr/comparatif-poele-de-masse/;Chauffage
Les meilleurs inserts à granulés;https://meilleurtest.fr/comparatif-insert-a-granules/;Chauffage
Les meilleurs coussins chauffants;https://meilleurtest.fr/comparatif-coussin-chauffant/;Chauffage
Les meilleurs radiateurs à inertie;https://meilleurtest.fr/comparatif-radiateur-a-inertie/;Chauffage
Les meilleurs poêles à granulés;https://meilleurtest.fr/comparatif-poele-a-granules/;Chauffage
Les meilleurs radiateurs bain d'huile;https://meilleurtest.fr/comparatif-radiateur-bain-dhuile/;Chauffage
Les meilleurs radiateurs à inertie sèche;https://meilleurtest.fr/comparatif-radiateur-a-inertie-seche/;Chauffage
Les meilleurs poêles à granulés MCZ;https://meilleurtest.fr/comparatif-poele-a-granule-mcz/;Chauffage
Les meilleurs poêles à granulés Godin;https://meilleurtest.fr/comparatif-poele-a-granules-godin/;Chauffage
Les meilleurs granulés de bois en livraison;https://meilleurtest.fr/comparatif-granule-de-bois-livraison/;Chauffage
Les meilleurs radiateurs électriques économiques;https://meilleurtest.fr/comparatif-radiateur-electrique-economique/;Chauffage
Les meilleurs bois de chauffage;https://meilleurtest.fr/comparatif-bois-de-chauffage/;Chauffage
Les meilleurs poêles à pétrole;https://meilleurtest.fr/comparatif-poele-a-petrole/;Chauffage
Les meilleurs poêles à bois avec four;https://meilleurtest.fr/comparatif-poele-a-bois-avec-four/;Chauffage
Les meilleurs chauffages électriques;https://meilleurtest.fr/comparatif-chauffage-electrique/;Chauffage
Les meilleurs poêles à granulés étanches;https://meilleurtest.fr/comparatif-poele-a-granules-etanche/;Chauffage
Les meilleurs poêles à bois Godin;https://meilleurtest.fr/comparatif-poele-a-bois-godin/;Chauffage
Les meilleurs poêles mixtes;https://meilleurtest.fr/comparatif-poele-mixte/;Chauffage
Les meilleurs poêles à granulés ventouse;https://meilleurtest.fr/comparatif-poele-a-granules-ventouse/;Chauffage
Les meilleurs chauffages d'appoint au gaz;https://meilleurtest.fr/comparatif-chauffage-d-appoint-au-gaz/;Chauffage
Les meilleurs poêles à granulés canalisables;https://meilleurtest.fr/comparatif-poele-a-granules-canalisable/;Chauffage
Les meilleurs poêles à granulés silencieux;https://meilleurtest.fr/comparatif-poele-a-granule-silencieux/;Chauffage
Les meilleurs poêles de masse;https://meilleurtest.fr/comparatif-poele-de-masse/;Chauffage
Les meilleurs inserts à granulés;https://meilleurtest.fr/comparatif-insert-a-granules/;Chauffage
Les meilleurs coussins chauffants;https://meilleurtest.fr/comparatif-coussin-chauffant/;Chauffage
Les meilleurs radiateurs à inertie;https://meilleurtest.fr/comparatif-radiateur-a-inertie/;Chauffage
Les meilleurs poêles à granulés;https://meilleurtest.fr/comparatif-poele-a-granules/;Chauffage
Les meilleurs tapis rafraîchissants pour chien;https://meilleurtest.fr/comparatif-tapis-rafraichissant-pour-chien/;Chien
Les meilleurs harnais canicross;https://meilleurtest.fr/comparatif-harnais-canicross/;Chien
Les meilleurs shampoings anti-puces pour chien;https://meilleurtest.fr/comparatif-shampoing-anti-puces-pour-chien/;Chien
Les meilleures croquettes pour chien souffrant d'arthrose;https://meilleurtest.fr/comparatif-croquettes-pour-chien-souffrant-arthrose/;Chien
Les meilleurs os à mâcher pour chien;https://meilleurtest.fr/comparatif-os-a-macher-pour-chien/;Chien
Les meilleures croquettes pour bichon maltais;https://meilleurtest.fr/comparatif-croquette-pour-bichon-maltais/;Chien
Les meilleurs colliers GPS pour chien sans abonnement;https://meilleurtest.fr/comparatif-collier-gps-pour-chien-sans-abonnement/;Chien
Les meilleures croquettes pour chihuahua;https://meilleurtest.fr/comparatif-croquettes-pour-chihuahua/;Chien
Les meilleurs sticks dentaires pour chien;https://meilleurtest.fr/comparatif-stick-dentaire-pour-chien/;Chien
Les meilleurs anti-stress pour chien;https://meilleurtest.fr/comparatif-anti-stress-pour-chien/;Chien
Les meilleures croquettes pour bouledogue français;https://meilleurtest.fr/comparatif-croquettes-pour-bouledogue-francais/;Chien
Les meilleurs colliers GPS pour chat sans abonnement;https://meilleurtest.fr/comparatif-collier-gps-pour-chat-sans-abonnement/;Chien
Les meilleures tondeuses pour chien professionnelles;https://meilleurtest.fr/comparatif-tondeuse-pour-chien-professionnelle/;Chien
Les meilleurs colliers BDSM;https://meilleurtest.fr/comparatif-collier-bdsm/;Chien
Les meilleures tondeuses pour chien Moser;https://meilleurtest.fr/comparatif-tondeuse-pour-chien-moser/;Chien
Les meilleurs vermifuges pour chiens￼￼;https://meilleurtest.fr/comparatif-vermifuge-pour-chien/;Chien
Les meilleures brosses à chien;https://meilleurtest.fr/comparatif-brosse-a-chien/;Chien
Les meilleures gamelles anti-glouton pour chien;https://meilleurtest.fr/comparatif-gamelle-anti-glouton-pour-chien/;Chien
Les meilleurs boîtiers anti-aboiement ultrason puissants;https://meilleurtest.fr/comparatif-boitier-anti-aboiement-ultrason-puissant/;Chien
Les meilleures friandises pour chien;https://meilleurtest.fr/comparatif-friandise-pour-chien/;Chien
Les meilleurs shampoings pour chiots;https://meilleurtest.fr/comparatif-shampoing-pour-chiot/;Chien
Les meilleurs colliers anti-puces pour chien;https://meilleurtest.fr/comparatif-collier-anti-puces-pour-chien/;Chien
Les meilleures nourritures crues pour chien;https://meilleurtest.fr/comparatif-nourriture-crue-pour-chien/;Chien
Les meilleures nourritures pour chien sans céréales;https://meilleurtest.fr/comparatif-nourriture-pour-chien-sans-cereales/;Chien
Les meilleures nourritures pour chiot de grande race;https://meilleurtest.fr/comparatif-nourriture-pour-chiot-de-grande-race/;Chien
Les meilleurs répulsifs à chiens;https://meilleurtest.fr/comparatif-repulsif-a-chien/;Chien
Les meilleures nourritures pour chien âgé;https://meilleurtest.fr/comparatif-nourriture-pour-chien-age/;Chien
Les meilleures croquettes hypoallergéniques pour chien;https://meilleurtest.fr/comparatif-croquettes-hypoallergeniques-pour-chien/;Chien
Les meilleures croquettes pour chien stérilisé;https://meilleurtest.fr/comparatif-croquettes-pour-chien-sterilise/;Chien
Les meilleures piscines pour chien;https://meilleurtest.fr/comparatif-piscine-pour-chien/;Chien
Les meilleurs shampoings pour chien;https://meilleurtest.fr/comparatif-shampoing-pour-chien/;Chien
Les meilleurs colliers anti-étranglement pour chat;https://meilleurtest.fr/comparatif-collier-anti-etranglement-pour-chat/;Chien
Les meilleures croquettes pour chiot;https://meilleurtest.fr/comparatif-croquettes-pour-chiot/;Chien
Les meilleures nourritures humides pour chiens;https://meilleurtest.fr/comparatif-nourriture-humide-pour-chiens/;Chien
Les meilleures nourritures hypoallergéniques pour chien;https://meilleurtest.fr/comparatif-nourriture-hypoallergenique-pour-chien/;Chien
Les meilleures nourritures pour chiot;https://meilleurtest.fr/comparatif-nourriture-pour-chiot/;Chien
Les meilleurs tests ADN pour chien;https://meilleurtest.fr/comparatif-test-adn-pour-chien/;Chien
Les meilleures mutuelles pour chien;https://meilleurtest.fr/comparatif-mutuelle-pour-chien/;Chien
Les meilleurs comprimés anti-puces pour chiens;https://meilleurtest.fr/comparatif-comprime-anti-puces-pour-chien/;Chien
Les meilleurs paniers vélo pour chiens;https://meilleurtest.fr/comparatif-panier-velo-pour-chien/;Chien
Les meilleurs paniers pour grand chien;https://meilleurtest.fr/comparatif-panier-pour-grand-chien/;Chien
Les meilleurs colliers lumineux pour chien;https://meilleurtest.fr/comparatif-collier-lumineux-pour-chien/;Chien
Les meilleures croquettes pour chien pas chères;https://meilleurtest.fr/comparatif-croquette-pour-chien-pas-chere/;Chien
Les meilleurs harnais pour petit chien;https://meilleurtest.fr/comparatif-harnais-pour-petit-chien/;Chien
Les meilleurs colliers anti-aboiements pour petit chien;https://meilleurtest.fr/comparatif-collier-anti-aboiement-pour-petit-chien/;Chien
Les meilleures niches pour chien extérieures;https://meilleurtest.fr/comparatif-niche-pour-chien-exterieure/;Chien
Les meilleurs harnais pour chien anti traction;https://meilleurtest.fr/comparatif-harnais-pour-chien-anti-traction/;Chien
Les meilleures laisses pour chien;https://meilleurtest.fr/comparatif-laisse-pour-chien/;Chien
Les meilleurs anti-puces pour chien;https://meilleurtest.fr/comparatif-anti-puce-pour-chien/;Chien
Les meilleurs colliers électriques pour chien;https://meilleurtest.fr/comparatif-collier-electrique-pour-chien/;Chien
Les meilleures niches pour chiens;https://meilleurtest.fr/comparatif-niche-pour-chien/;Chien
Les meilleurs colliers pour chien;https://meilleurtest.fr/comparatif-collier-pour-chien/;Chien
Les meilleurs paniers pour chien;https://meilleurtest.fr/comparatif-panier-pour-chien/;Chien
Les meilleurs harnais pour chien;https://meilleurtest.fr/comparatif-harnais-pour-chien/;Chien
Les meilleurs colliers de dressage pour chien;https://meilleurtest.fr/comparatif-collier-de-dressage-chien/;Chien
Les meilleurs chenils pour chiens;https://meilleurtest.fr/comparatif-chenil-pour-chien/;Chien
Les meilleurs colliers anti-fugue pour chiens;https://meilleurtest.fr/comparatif-collier-anti-fugue-pour-chien/;Chien
Les meilleurs harnais pour chien;https://meilleurtest.fr/comparatif-harnais-pour-chien/;Chien
Les meilleurs colliers de dressage pour chien;https://meilleurtest.fr/comparatif-collier-de-dressage-chien/;Chien
Les meilleurs chenils pour chiens;https://meilleurtest.fr/comparatif-chenil-pour-chien/;Chien
Les meilleurs colliers anti-fugue pour chiens;https://meilleurtest.fr/comparatif-collier-anti-fugue-pour-chien/;Chien
Les meilleurs grinders de weed;https://meilleurtest.fr/comparatif-grinder-de-weed/;cigarette électronique
Les meilleures pipes;https://meilleurtest.fr/comparatif-pipe/;cigarette électronique
Les meilleures cigarettes électroniques;https://meilleurtest.fr/comparatif-cigarette-electronique/;cigarette électronique
Les meilleures cigarettes électroniques;https://meilleurtest.fr/comparatif-cigarette-electronique/;cigarette électronique
Les meilleures climatisations réversibles;https://meilleurtest.fr/comparatif-climatisation-reversible/;Climatisation
Les meilleurs climatiseurs réversibles silencieux;https://meilleurtest.fr/comparatif-climatiseurs-reversibles-silencieux/;Climatisation
Les meilleurs climatiseurs mobiles De'Longhi;https://meilleurtest.fr/comparatif-climatiseur-mobile-delonghi/;Climatisation
Les meilleurs climatiseurs De'Longhi;https://meilleurtest.fr/comparatif-climatiseur-de-longhi/;Climatisation
Les meilleurs climatiseurs Atlantic;https://meilleurtest.fr/comparatif-climatiseur-atlantic/;Climatisation
Les meilleurs ventilateurs Faro;https://meilleurtest.fr/comparatif-ventilateur-faro/;Climatisation
Les meilleurs climatiseurs Samsung;https://meilleurtest.fr/comparatif-climatiseur-samsung/;Climatisation
Les meilleures pompes à chaleur Atlantic;https://meilleurtest.fr/comparatif-pompe-a-chaleur-atlantic/;Climatisation
Les meilleurs ventilateurs brumisateur sur pied;https://meilleurtest.fr/comparatif-ventilateur-brumisateur-sur-pied/;Climatisation
Les meilleurs climatiseurs réversibles;https://meilleurtest.fr/comparatif-climatiseur-reversible/;Climatisation
Les meilleurs climatiseurs monoblocs muraux;https://meilleurtest.fr/comparatif-climatiseur-monobloc-mural/;Climatisation
Les meilleurs climatiseurs de fenêtre;https://meilleurtest.fr/comparatif-climatiseur-de-fenetre/;Climatisation
Les meilleurs climatiseurs pour voiture;https://meilleurtest.fr/comparatif-climatiseur-pour-voiture/;Climatisation
Les meilleurs climatiseurs;https://meilleurtest.fr/comparatif-climatiseur/;Climatisation
Les meilleurs climatiseurs muraux réversibles;https://meilleurtest.fr/comparatif-climatiseur-mural-reversible/;Climatisation
Les meilleurs rafraîchisseurs d'air silencieux;https://meilleurtest.fr/comparatif-rafraichisseur-dair-silencieux/;Climatisation
Les meilleurs tuyaux de climatiseurs mobiles;https://meilleurtest.fr/comparatif-tuyau-de-climatiseur-mobile/;Climatisation
Les meilleurs climatiseurs Airton;https://meilleurtest.fr/comparatif-climatiseur-airton/;Climatisation
Les meilleurs climatiseurs Comfee;https://meilleurtest.fr/comparatif-climatiseur-comfee/;Climatisation
Les meilleurs climatiseurs Beko;https://meilleurtest.fr/comparatif-climatiseur-beko/;Climatisation
Les meilleurs rafraîchisseurs d'air évaporatifs;https://meilleurtest.fr/comparatif-rafraichisseur-dair-evaporatif/;Climatisation
Les meilleurs climatiseurs Qlima;https://meilleurtest.fr/comparatif-climatiseur-qlima/;Climatisation
Les meilleurs climatiseurs Whirlpool;https://meilleurtest.fr/comparatif-climatiseur-whirlpool/;Climatisation
Les meilleurs climatiseurs mobiles réversibles;https://meilleurtest.fr/comparatif-climatiseur-mobile-reversible/;Climatisation
Les meilleurs climatiseurs muraux split;https://meilleurtest.fr/comparatif-climatiseur-mural-split/;Climatisation
Les meilleurs climatiseurs sans unité extérieure;https://meilleurtest.fr/comparatif-climatiseur-sans-unite-exterieure/;Climatisation
Les meilleurs climatiseurs mobiles 14000 BTU;https://meilleurtest.fr/comparatif-climatiseur-mobile-14000-btu/;Climatisation
Les meilleurs climatiseurs mobiles 9000 BTU;https://meilleurtest.fr/comparatif-climatiseur-mobile-9000-btu/;Climatisation
Les meilleurs climatiseurs mobiles 16000 BTU;https://meilleurtest.fr/comparatif-climatiseur-mobile-16-000-btu/;Climatisation
Les meilleurs climatiseurs mobiles 7000 BTU;https://meilleurtest.fr/comparatif-climatiseur-mobile-7000-btu/;Climatisation
Les meilleurs climatiseurs Mitsubishi;https://meilleurtest.fr/comparatif-climatiseur-mitsubishi/;Climatisation
Les meilleurs climatiseurs Klarstein;https://meilleurtest.fr/comparatif-climatiseur-klarstein/;Climatisation
Les meilleurs climatiseurs mobiles 12000 BTU;https://meilleurtest.fr/comparatif-climatiseur-mobile-12000-btu/;Climatisation
Les meilleurs climatiseurs Daikin;https://meilleurtest.fr/comparatif-climatiseur-daikin/;Climatisation
Les meilleures pompes à chaleur air eau;https://meilleurtest.fr/comparatif-pompe-a-chaleur-air-eau/;Climatisation
Les meilleurs caches climatiseur extérieur;https://meilleurtest.fr/comparatif-cache-climatiseur-exterieur/;Climatisation
Les meilleurs ventilateurs sans pales;https://meilleurtest.fr/comparatif-ventilateur-sans-pales/;Climatisation
Les meilleurs ventilateurs sur pied silencieux;https://meilleurtest.fr/comparatif-ventilateur-sur-pied-silencieux/;Climatisation
Les meilleurs ventilateurs avec télécommande;https://meilleurtest.fr/comparatif-ventilateur-avec-telecommande/;Climatisation
Les meilleurs plafonniers lustres ventilateurs;https://meilleurtest.fr/comparatif-plafonnier-lustre-ventilateur/;Climatisation
Les meilleurs petits ventilateurs;https://meilleurtest.fr/comparatif-petit-ventilateur/;Climatisation
Les meilleurs ventilateurs climatiseurs;https://meilleurtest.fr/comparatif-ventilateur-climatiseur/;Climatisation
Les meilleurs ventilateurs portables;https://meilleurtest.fr/comparatif-ventilateur-portable/;Climatisation
Les meilleurs ventilateurs Rowenta;https://meilleurtest.fr/comparatif-ventilateur-rowenta/;Climatisation
Les meilleurs ventilateurs solaires;https://meilleurtest.fr/comparatif-ventilateur-solaire/;Climatisation
Les meilleurs ventilateurs vintage;https://meilleurtest.fr/comparatif-ventilateur-vintage/;Climatisation
Les meilleurs ventilateurs muraux;https://meilleurtest.fr/comparatif-ventilateur-mural/;Climatisation
Les meilleurs ventilateurs de table;https://meilleurtest.fr/comparatif-ventilateur-de-table/;Climatisation
Les meilleurs mini ventilateurs USB;https://meilleurtest.fr/comparatif-mini-ventilateur-usb/;Climatisation
Les meilleurs ventilateurs pas chers;https://meilleurtest.fr/comparatif-ventilateur-pas-cher/;Climatisation
Les meilleurs climatiseurs mobiles split;https://meilleurtest.fr/comparatif-climatiseur-mobile-split/;Climatisation
Les meilleurs ventilateurs;https://meilleurtest.fr/comparatif-ventilateur/;Climatisation
Les meilleurs climatiseurs mobiles;https://meilleurtest.fr/comparatif-climatiseur-mobile/;Climatisation
Les meilleurs climatiseurs Dyson;https://meilleurtest.fr/comparatif-climatiseur-dyson/;Climatisation
Les meilleurs climatiseurs mobiles sans évacuation (sans tuyau);https://meilleurtest.fr/comparatif-climatiseur-sans-evacuation/;Climatisation
Les meilleurs climatiseurs pas chers;https://meilleurtest.fr/comparatif-climatiseur-pas-cher/;Climatisation
Les meilleurs ventilateurs colonnes;https://meilleurtest.fr/comparatif-ventilateur-colonne/;Climatisation
Les meilleurs ventilateurs Dyson;https://meilleurtest.fr/comparatif-ventilateurs-dyson/;Climatisation
Les meilleurs ventilateurs sans pales;https://meilleurtest.fr/comparatif-ventilateur-sans-pales/;Climatisation
Les meilleurs ventilateurs sur pied silencieux;https://meilleurtest.fr/comparatif-ventilateur-sur-pied-silencieux/;Climatisation
Les meilleurs ventilateurs avec télécommande;https://meilleurtest.fr/comparatif-ventilateur-avec-telecommande/;Climatisation
Les meilleurs plafonniers lustres ventilateurs;https://meilleurtest.fr/comparatif-plafonnier-lustre-ventilateur/;Climatisation
Les meilleurs petits ventilateurs;https://meilleurtest.fr/comparatif-petit-ventilateur/;Climatisation
Les meilleurs ventilateurs climatiseurs;https://meilleurtest.fr/comparatif-ventilateur-climatiseur/;Climatisation
Les meilleurs ventilateurs portables;https://meilleurtest.fr/comparatif-ventilateur-portable/;Climatisation
Les meilleurs ventilateurs Rowenta;https://meilleurtest.fr/comparatif-ventilateur-rowenta/;Climatisation
Les meilleurs ventilateurs solaires;https://meilleurtest.fr/comparatif-ventilateur-solaire/;Climatisation
Les meilleurs ventilateurs vintage;https://meilleurtest.fr/comparatif-ventilateur-vintage/;Climatisation
Les meilleurs ventilateurs muraux;https://meilleurtest.fr/comparatif-ventilateur-mural/;Climatisation
Les meilleurs ventilateurs de table;https://meilleurtest.fr/comparatif-ventilateur-de-table/;Climatisation
Les meilleurs mini ventilateurs USB;https://meilleurtest.fr/comparatif-mini-ventilateur-usb/;Climatisation
Les meilleurs ventilateurs pas chers;https://meilleurtest.fr/comparatif-ventilateur-pas-cher/;Climatisation
Les meilleurs climatiseurs mobiles split;https://meilleurtest.fr/comparatif-climatiseur-mobile-split/;Climatisation
Les meilleurs ventilateurs;https://meilleurtest.fr/comparatif-ventilateur/;Climatisation
Les meilleurs climatiseurs mobiles;https://meilleurtest.fr/comparatif-climatiseur-mobile/;Climatisation
Les meilleurs climatiseurs Dyson;https://meilleurtest.fr/comparatif-climatiseur-dyson/;Climatisation
Les meilleurs climatiseurs mobiles sans évacuation (sans tuyau);https://meilleurtest.fr/comparatif-climatiseur-sans-evacuation/;Climatisation
Les meilleurs climatiseurs pas chers;https://meilleurtest.fr/comparatif-climatiseur-pas-cher/;Climatisation
Les meilleurs ventilateurs colonnes;https://meilleurtest.fr/comparatif-ventilateur-colonne/;Climatisation
Les meilleurs ventilateurs Dyson;https://meilleurtest.fr/comparatif-ventilateurs-dyson/;Climatisation
Les meilleurs coffres-forts;https://meilleurtest.fr/comparatif-coffres-forts/;Coffre-fort
Les meilleurs coffres-forts sur Amazon;https://meilleurtest.fr/comparatif-coffre-fort-amazon/;Coffre-fort
Les meilleurs coffres-forts pour la maison;https://meilleurtest.fr/comparatif-coffre-fort-pour-maison/;Coffre-fort
Les meilleurs coffre-forts électroniques;https://meilleurtest.fr/comparatif-coffre-fort-electronique/;Coffre-fort
Les meilleurs coffre-forts électroniques;https://meilleurtest.fr/comparatif-coffre-fort-electronique/;Coffre-fort
Column2;Column3;Column4
Les meilleurs charbons actifs;https://meilleurtest.fr/comparatif-charbon-actif/;Compléments alimentaires
Les meilleurs compléments alimentaires pour séniors;https://meilleurtest.fr/comparatif-complement-alimentaire-pour-senior/;Compléments alimentaires
Les meilleurs safrans en gélules;https://meilleurtest.fr/comparatif-safran-en-gelules/;Compléments alimentaires
Les meilleurs compléments alimentaires pour les ongles;https://meilleurtest.fr/comparatif-complement-alimentaire-pour-les-ongles/;Compléments alimentaires
Les meilleurs compléments alimentaires pour la grossesse;https://meilleurtest.fr/comparatif-complement-alimentaire-pour-la-grossesse/;Compléments alimentaires
Les meilleures vitamines pour séniors;https://meilleurtest.fr/comparatif-vitamine-pour-seniors/;Compléments alimentaires
Les meilleurs anti-inflammatoires naturels contre l’arthrose;https://meilleurtest.fr/comparatif-anti-inflammatoire-naturel-contre-arthrose/;Compléments alimentaires
Les meilleurs compléments alimentaires calcium;https://meilleurtest.fr/comparatif-complement-alimentaire-calcium/;Compléments alimentaires
Les meilleurs compléments alimentaires syndrome prémenstruel;https://meilleurtest.fr/comparatif-complement-alimentaires-syndrome-premenstruel/;Compléments alimentaires
Les meilleurs compléments alimentaires pour la musculation;https://meilleurtest.fr/comparatif-complement-alimentaire-pour-la-musculation/;Compléments alimentaires
Les meilleurs compléments alimentaires contre le cholestérol;https://meilleurtest.fr/comparatif-complement-alimentaire-contre-le-cholesterol/;Compléments alimentaires
Les meilleurs compléments alimentaires circulation sanguine;https://meilleurtest.fr/comparatif-complement-alimentaire-circulation-sanguine/;Compléments alimentaires
Les meilleurs magnésiums contre le stress;https://meilleurtest.fr/comparatif-magnesium-contre-le-stress/;Compléments alimentaires
Les meilleures détox foie;https://meilleurtest.fr/comparatif-detox-foie/;Compléments alimentaires
Les meilleurs magnésium marin;https://meilleurtest.fr/comparatif-magnesium-marin/;Compléments alimentaires
Les meilleures L-carnitine;https://meilleurtest.fr/comparatif-l-carnitine/;Compléments alimentaires
Les meilleures L-glutamines;https://meilleurtest.fr/comparatif-l-glutamine/;Compléments alimentaires
Les meilleurs glucomannanes;https://meilleurtest.fr/comparatif-glucomannanes/;Compléments alimentaires
Les meilleurs collagènes marins de type 1 et 2;https://meilleurtest.fr/comparatif-collagene-marin-de-type-1-et-2/;Compléments alimentaires
Les meilleurs collagènes pour les articulations;https://meilleurtest.fr/comparatif-collagene-pour-les-articulations/;Compléments alimentaires
Les meilleures vitamines C liposomales;https://meilleurtest.fr/comparatif-vitamine-c-liposomale/;Compléments alimentaires
Les meilleures vitamines contre la fatigue;https://meilleurtest.fr/comparatif-vitamine-contre-la-fatigue/;Compléments alimentaires
Les meilleurs compléments alimentaires pour améliorer l'érection;https://meilleurtest.fr/comparatif-complement-alimentaire-pour-ameliorer-erection/;Compléments alimentaires
Les meilleurs boosters de libido pour femmes;https://meilleurtest.fr/comparatif-booster-de-libido-pour-femme/;Compléments alimentaires
Les meilleures poudres de collagène;https://meilleurtest.fr/comparatif-poudre-de-collagene/;Compléments alimentaires
Les meilleurs gummies pour les cheveux;https://meilleurtest.fr/comparatif-gummies-pour-les-cheveux/;Compléments alimentaires
Les meilleurs collagènes à boire;https://meilleurtest.fr/comparatif-collagene-a-boire/;Compléments alimentaires
Les meilleurs collagènes marins avec acide hyaluronique;https://meilleurtest.fr/comparatif-collagene-marin-avec-acide-hyaluronique/;Compléments alimentaires
Les meilleurs citrates de magnésium en poudre;https://meilleurtest.fr/comparatif-citrate-de-magnesium-en-poudre/;Compléments alimentaires
Les meilleurs comprimés de caféine;https://meilleurtest.fr/comparatif-comprime-de-cafeine/;Compléments alimentaires
Les meilleurs compléments alimentaires cheveux et ongles;https://meilleurtest.fr/comparatif-complement-alimentaire-cheveux-et-ongles/;Compléments alimentaires
Les meilleurs collagènes en gélules;https://meilleurtest.fr/comparatif-collagene-en-gelules/;Compléments alimentaires
Les meilleures vitamines D3;https://meilleurtest.fr/comparatif-vitamine-d3/;Compléments alimentaires
Les meilleurs oméga 3 vegan;https://meilleurtest.fr/comparatif-omega-3-vegan/;Compléments alimentaires
Les meilleures vitamines C en poudre;https://meilleurtest.fr/comparatif-vitamine-c-en-poudre/;Compléments alimentaires
Les meilleurs ZMA;https://meilleurtest.fr/comparatif-zma/;Compléments alimentaires
Les meilleurs collagènes;https://meilleurtest.fr/comparatif-collagene/;Compléments alimentaires
Les meilleures huiles de nigelle;https://meilleurtest.fr/comparatif-huile-de-nigelle/;Compléments alimentaires
Les meilleures gelées royales;https://meilleurtest.fr/comparatif-gelee-royale/;Compléments alimentaires
Les meilleures vitamines anti-âge;https://meilleurtest.fr/comparatif-vitamine-anti-age/;Compléments alimentaires
Les meilleurs compléments coenzyme Q10;https://meilleurtest.fr/comparatif-complement-coenzyme-q10/;Compléments alimentaires
Les meilleures gelées royales bios;https://meilleurtest.fr/comparatif-gelee-royale-bio/;Compléments alimentaires
Les meilleures huiles de foie de morue;https://meilleurtest.fr/comparatif-huile-de-foie-de-morue/;Compléments alimentaires
Les meilleurs CBD pour le sommeil;https://meilleurtest.fr/comparatif-cbd-pour-sommeil/;Compléments alimentaires
Les meilleures spirulines bio;https://meilleurtest.fr/comparatif-spiruline-bio/;Compléments alimentaires
Les meilleurs super aliments verts en poudre;https://meilleurtest.fr/comparatif-super-aliment-vert-poudre/;Compléments alimentaires
Les meilleurs compléments fer;https://meilleurtest.fr/comparatif-complement-fer/;Compléments alimentaires
Les meilleurs compléments d'ashwagandha;https://meilleurtest.fr/comparatif-complement-dashwagandha/;Compléments alimentaires
Les meilleures multivitamines pour femme de plus de 50 ans;https://meilleurtest.fr/comparatif-multivitamines-pour-femme-de-plus-de-50-ans/;Compléments alimentaires
Les meilleurs compléments fibres;https://meilleurtest.fr/comparatif-complement-fibre/;Compléments alimentaires
Les meilleurs compléments biotine;https://meilleurtest.fr/comparatif-complement-biotine/;Compléments alimentaires
Les meilleures vitamines B12;https://meilleurtest.fr/comparatif-complement-alimentaire-b12/;Compléments alimentaires
Les meilleurs compléments collagènes;https://meilleurtest.fr/comparatif-complement-collagene/;Compléments alimentaires
Les meilleures vitamines pour enfants;https://meilleurtest.fr/comparatif-vitamines-pour-enfants/;Compléments alimentaires
Les meilleures vitamines prénatales;https://meilleurtest.fr/comparatif-vitamine-prenatale/;Compléments alimentaires
Les meilleures multivitamines pour femme;https://meilleurtest.fr/comparatif-multivitamines-pour-femme/;Compléments alimentaires
Les meilleurs compléments alimentaires pour maigrir;https://meilleurtest.fr/comparatif-complement-alimentaire-pour-maigrir/;Compléments alimentaires
Les meilleures huiles de CBD;https://meilleurtest.fr/comparatif-huile-de-cbd/;Compléments alimentaires
Les meilleures multivitamines pour homme;https://meilleurtest.fr/comparatif-multivitamines-pour-homme/;Compléments alimentaires
Les meilleurs compléments alimentaires soleil;https://meilleurtest.fr/comparatif-complement-alimentaire-soleil/;Compléments alimentaires
Les meilleures poudres de charbon;https://meilleurtest.fr/comparatif-poudre-de-charbon/;Compléments alimentaires
Les meilleurs ginkgo biloba;https://meilleurtest.fr/comparatif-ginkgo-biloba/;Compléments alimentaires
Les meilleures spirulines;https://meilleurtest.fr/comparatif-spiruline/;Compléments alimentaires
Les meilleurs compléments vitamine C;https://meilleurtest.fr/comparatif-complements-vitamine-c/;Compléments alimentaires
Les meilleures vitamines D;https://meilleurtest.fr/comparatif-vitamine-d/;Compléments alimentaires
Les meilleurs compléments alimentaires anti-âge;https://meilleurtest.fr/comparatif-complement-alimentaire-anti-age/;Compléments alimentaires
Les meilleurs oméga 3;https://meilleurtest.fr/comparatif-omega-3/;Compléments alimentaires
Les meilleurs magnésium;https://meilleurtest.fr/comparatif-magnesium/;Compléments alimentaires
Les meilleures vitamines;https://meilleurtest.fr/comparatif-vitamine/;Compléments alimentaires
Les meilleurs collagènes marins bio;https://meilleurtest.fr/comparatif-collagene-marin-bio/;Compléments alimentaires
Les meilleurs compléments alimentaires pour cheveux;https://meilleurtest.fr/comparatif-complement-alimentaire-pour-cheveu/;Compléments alimentaires
Les meilleures collagènes en poudre;https://meilleurtest.fr/comparatif-collagene-en-poudre/;Compléments alimentaires
Les meilleurs compléments alimentaires zinc;https://meilleurtest.fr/comparatif-complement-zinc/;Compléments alimentaires
Les meilleurs vitamines en gouttes;https://meilleurtest.fr/comparatif-vitamine-goutte/;Compléments alimentaires
Les meilleurs compléments alimentaires;https://meilleurtest.fr/comparatif-complement-alimentaire/;Compléments alimentaires
Les meilleures collagènes en poudre;https://meilleurtest.fr/comparatif-collagene-en-poudre/;Compléments alimentaires
Les meilleurs compléments alimentaires zinc;https://meilleurtest.fr/comparatif-complement-zinc/;Compléments alimentaires
Les meilleurs vitamines en gouttes;https://meilleurtest.fr/comparatif-vitamine-goutte/;Compléments alimentaires
Les meilleurs compléments alimentaires;https://meilleurtest.fr/comparatif-complement-alimentaire/;Compléments alimentaires
Les meilleures teintures à vêtements;https://meilleurtest.fr/comparatif-teinture-a-vetements/;Couture et textile
Les meilleures machines à coudre Toyota;https://meilleurtest.fr/comparatif-machine-a-coudre-toyota/;Couture et textile
Les meilleures machines à coudre Janome;https://meilleurtest.fr/comparatif-machine-a-coudre-janome/;Couture et textile
Les meilleures machines à coudre Pfaff;https://meilleurtest.fr/comparatif-machine-a-coudre-pfaff/;Couture et textile
Les meilleures machines à coudre Husqvarna;https://meilleurtest.fr/comparatif-machine-a-coudre-husqvarna/;Couture et textile
Les meilleures machines à coudre Singer;https://meilleurtest.fr/comparatif-machine-a-coudre-singer/;Couture et textile
Les meilleures boîtes à couture;https://meilleurtest.fr/comparatif-boite-a-couture/;Couture et textile
Les meilleurs ciseaux cranteurs pour la couture;https://meilleurtest.fr/comparatif-ciseaux-cranteurs-pour-couture/;Couture et textile
Les meilleurs kits de couture;https://meilleurtest.fr/comparatif-kit-de-couture/;Couture et textile
Les meilleures petites machines à coudre;https://meilleurtest.fr/comparatif-petite-machine-a-coudre/;Couture et textile
Les meilleures machines à coudre électroniques;https://meilleurtest.fr/comparatif-machine-a-coudre-electroniques/;Couture et textile
Les meilleurs papiers transferts textiles;https://meilleurtest.fr/comparatif-papier-transfert-textile/;Couture et textile
Les meilleures machines à broder;https://meilleurtest.fr/comparatif-machine-a-broder/;Couture et textile
Les meilleures machines à broder;https://meilleurtest.fr/comparatif-machine-a-broder/;Couture et textile
Les meilleures plateformes de crypto-monnaie;https://meilleurtest.fr/comparatif-plateforme-de-crypto-monnaie/;Crypto-monnaies
Les meilleurs portefeuilles de crypto monnaie;https://meilleurtest.fr/comparatif-portefeuille-de-crypto-monnaie/;Crypto-monnaies
Les meilleures poêles antiadhésives;https://meilleurtest.fr/comparatif-poele-antiadhesive-2/;cuisine
Les meilleures poêles pour la cuisine;https://meilleurtest.fr/comparatif-poele-pour-la-cuisine/;cuisine
Les meilleures plaques avec hotte intégrée;https://meilleurtest.fr/comparatif-plaque-avec-hotte-integree/;cuisine
Les meilleurs confituriers électriques;https://meilleurtest.fr/comparatif-confiturier-electrique/;cuisine
Les meilleurs appareils à croque-monsieur;https://meilleurtest.fr/comparatif-appareil-a-croque-monsieur/;cuisine
Les meilleurs robots pâtissiers pas chers;https://meilleurtest.fr/comparatif-robot-patissier-pas-cher/;cuisine
Les meilleures autolaveuses pour particulier;https://meilleurtest.fr/comparatif-autolaveuse-pour-particulier/;cuisine
Les meilleures plaques vitrocéramiques 3 feux;https://meilleurtest.fr/comparatif-plaque-vitroceramique-3-feux/;cuisine
Les meilleures plaques de cuisson au gaz 5 feux;https://meilleurtest.fr/comparatif-plaque-de-cuisson-au-gaz-5-feux/;cuisine
Les meilleurs aiguiseurs électriques;https://meilleurtest.fr/comparatif-aiguiseur-electrique/;cuisine
Les meilleurs îlots centraux;https://meilleurtest.fr/comparatif-ilot-central/;cuisine
Les meilleures poêles antiadhésives professionnelles;https://meilleurtest.fr/comparatif-poele-antiadhesive-professionnelle/;cuisine
Les meilleures plaques à induction 4 feux;https://meilleurtest.fr/comparatif-plaque-a-induction-4-feux/;cuisine
Les meilleures crêpières;https://meilleurtest.fr/comparatif-crepiere/;cuisine
Les meilleurs appareils à raclette pas chers;https://meilleurtest.fr/comparatif-appareil-a-raclette-pas-cher/;cuisine
Les meilleures batteries de cuisine sur Amazon;https://meilleurtest.fr/comparatif-batterie-de-cuisine-amazon/;cuisine
Les meilleures balances de cuisine sur Amazon;https://meilleurtest.fr/comparatif-balance-de-cuisine-sur-amazon/;cuisine
Les meilleures presses à biscuits;https://meilleurtest.fr/comparatif-presse-a-biscuits/;cuisine
Les meilleures poêles en inox;https://meilleurtest.fr/comparatif-poele-en-inox/;cuisine
Les meilleurs extracteurs de jus Magimix;https://meilleurtest.fr/comparatif-extracteur-de-jus-magimix/;cuisine
Les meilleurs Thermomix;https://meilleurtest.fr/comparatif-thermomix/;cuisine
Les meilleurs poussoirs à saucisses;https://meilleurtest.fr/comparatif-poussoir-a-saucisses/;cuisine
Les meilleurs thermomètres de cuisson;https://meilleurtest.fr/comparatif-thermometre-de-cuisson/;cuisine
Les meilleurs robots pâtissiers Smeg;https://meilleurtest.fr/comparatif-robot-patissier-smeg/;cuisine
Les meilleurs tajines à induction;https://meilleurtest.fr/comparatif-tajine-a-induction/;cuisine
Les meilleures papillotes en silicone;https://meilleurtest.fr/comparatif-papillote-en-silicone/;cuisine
Les meilleurs couteaux Sekiryu;https://meilleurtest.fr/comparatif-couteau-sekiryu/;cuisine
Les meilleurs kits à sushi;https://meilleurtest.fr/comparatif-kit-a-sushi/;cuisine
Les meilleurs micro-ondes combinés encastrables;https://meilleurtest.fr/comparatif-micro-onde-combine-encastrable/;cuisine
Les meilleurs supports à jambon cru;https://meilleurtest.fr/comparatif-support-a-jambon-cru/;cuisine
Les meilleurs cuiseurs de riz japonais;https://meilleurtest.fr/comparatif-cuiseur-de-riz-japonais/;cuisine
Les meilleurs robots pâtissiers Kenwood;https://meilleurtest.fr/comparatif-robot-patissier-kenwood/;cuisine
Les meilleurs blenders rapport qualité/prix;https://meilleurtest.fr/comparatif-blenders-rapport-qualite-prix/;cuisine
Les meilleures casseroles Arthur Martin;https://meilleurtest.fr/comparatif-casserole-arthur-martin/;cuisine
Les meilleurs blenders Kitchenaid;https://meilleurtest.fr/comparatif-blender-kitchenaid/;cuisine
Les meilleurs micro-ondes Samsung;https://meilleurtest.fr/comparatif-micro-onde-samsung/;cuisine
Les meilleurs robots pâtissiers Kitchenaid;https://meilleurtest.fr/comparatif-robot-patissier-kitchenaid/;cuisine
Les meilleurs robots Kenwood;https://meilleurtest.fr/comparatif-robot-kenwood/;cuisine
Les meilleurs robots pâtissiers Techwood;https://meilleurtest.fr/comparatif-robot-patissier-techwood/;cuisine
Les meilleures cocottes-minute Seb;https://meilleurtest.fr/comparatif-cocotte-minute-seb/;cuisine
Les meilleurs broyeurs d'évier de cuisine;https://meilleurtest.fr/comparatif-broyeur-devier-de-cuisine/;cuisine
Les meilleures rôtissoires;https://meilleurtest.fr/comparatif-rotissoire/;cuisine
Les meilleures trancheuses à jambon;https://meilleurtest.fr/comparatif-trancheuse-a-jambon/;cuisine
Les meilleurs pots de miel vides à remplir;https://meilleurtest.fr/comparatif-pot-de-miel-vide-a-remplir/;cuisine
Les meilleures rôtissoires verticales;https://meilleurtest.fr/comparatif-rotissoire-verticale/;cuisine
Les meilleurs couscoussiers;https://meilleurtest.fr/comparatif-couscoussier/;cuisine
Les meilleures cuisines;https://meilleurtest.fr/comparatif-cuisine/;cuisine
Les meilleurs fours à pizza d'extérieur;https://meilleurtest.fr/comparatif-four-a-pizza-dexterieur/;cuisine
Les meilleurs micro-ondes monofonction;https://meilleurtest.fr/comparatif-micro-onde-monofonction/;cuisine
Les meilleures bonbonnières;https://meilleurtest.fr/comparatif-bonbonniere/;cuisine
Les meilleurs grills d'intérieur;https://meilleurtest.fr/comparatif-grill-dinterieur/;cuisine
Les meilleurs couteaux à pain;https://meilleurtest.fr/comparatif-couteau-a-pain/;cuisine
Les meilleurs micro-ondes grills;https://meilleurtest.fr/comparatif-micro-onde-grill/;cuisine
Les meilleurs extracteurs de jus horizontaux;https://meilleurtest.fr/comparatif-extracteur-de-jus-horizontal/;cuisine
Les meilleurs shakers cocktails;https://meilleurtest.fr/comparatif-shaker-cocktail/;cuisine
Les meilleurs ouvre-boites électriques;https://meilleurtest.fr/comparatif-ouvre-boite-electrique/;cuisine
Les meilleurs présentoirs à gâteau;https://meilleurtest.fr/comparatif-presentoir-a-gateau/;cuisine
Les meilleurs cuiseurs basse température;https://meilleurtest.fr/comparatif-cuiseur-basse-temperature/;cuisine
Les meilleures plaques de cuisson électriques;https://meilleurtest.fr/comparatif-plaque-de-cuisson-electrique/;cuisine
Les meilleures plaques à induction portables;https://meilleurtest.fr/comparatif-plaque-a-induction-portable/;cuisine
Les meilleures guillotines à saucisson;https://meilleurtest.fr/comparatif-guillotine-a-saucisson/;cuisine
Les meilleurs presse-ails;https://meilleurtest.fr/comparatif-presse-ail/;cuisine
Les meilleures râpes à légumes manuelles;https://meilleurtest.fr/comparatif-rape-a-legumes-manuelle/;cuisine
Les meilleurs faitouts compatibles induction;https://meilleurtest.fr/comparatif-faitout-compatible-induction/;cuisine
Les meilleures râpes à fromage;https://meilleurtest.fr/comparatif-rape-a-fromage/;cuisine
Les meilleurs yaourts aux probiotiques;https://meilleurtest.fr/comparatif-yaourts-aux-probiotiques/;cuisine
Les meilleurs presse-agrumes manuels;https://meilleurtest.fr/comparatif-presse-agrumes-manuel/;cuisine
Les meilleurs couteaux électriques;https://meilleurtest.fr/comparatif-couteau-electrique/;cuisine
Les meilleurs bols mélangeurs;https://meilleurtest.fr/comparatif-bol-melangeur/;cuisine
Les meilleures tasses à mesurer;https://meilleurtest.fr/comparatif-tasse-a-mesurer/;cuisine
Les meilleurs couteaux à steak;https://meilleurtest.fr/comparatif-couteau-a-steak/;cuisine
Les meilleures baguettes;https://meilleurtest.fr/comparatif-baguettes/;cuisine
Les meilleures cuisinières à gaz;https://meilleurtest.fr/comparatif-cuisiniere-a-gaz/;cuisine
Les meilleurs ustensiles de cuisine en inox;https://meilleurtest.fr/comparatif-ustensile-de-cuisine-inox/;cuisine
Les meilleurs mortiers et pilons;https://meilleurtest.fr/comparatif-mortier-et-pilon/;cuisine
Les meilleures batteries de cuisine en céramique;https://meilleurtest.fr/comparatif-batterie-de-cuisine-ceramique/;cuisine
Les meilleures plaques à induction 2 feux;https://meilleurtest.fr/comparatif-plaque-a-induction-2-feux/;cuisine
Les meilleurs robinets de cuisine;https://meilleurtest.fr/comparatif-robinet-de-cuisine/;cuisine
Les meilleurs mugs de voyage;https://meilleurtest.fr/comparatif-mug-de-voyage/;cuisine
Les meilleurs sets de couteaux de cuisine;https://meilleurtest.fr/comparatif-set-de-couteaux-de-cuisine/;cuisine
Les meilleurs presse-agrumes;https://meilleurtest.fr/comparatif-presse-agrumes/;cuisine
Les meilleurs robots ménagers;https://meilleurtest.fr/comparatif-robot-menager/;cuisine
Les meilleurs thermomètre à viande;https://meilleurtest.fr/comparatif-thermometre-a-viande/;cuisine
Les meilleurs kits à cocktails;https://meilleurtest.fr/comparatif-kit-a-cocktails/;cuisine
Les meilleurs robots cuiseurs pour bébé;https://meilleurtest.fr/comparatif-robot-cuiseur-pour-bebe/;cuisine
Les meilleurs torchons à vaisselle;https://meilleurtest.fr/comparatif-torchon-a-vaisselle/;cuisine
Les meilleures tempéreuses à chocolat;https://meilleurtest.fr/comparatif-tempereuse-a-chocolat/;cuisine
Les meilleurs rafraîchisseurs de bouteilles;https://meilleurtest.fr/comparatif-rafraichisseur-de-bouteille/;cuisine
Les meilleures poêles grill;https://meilleurtest.fr/comparatif-poele-grill/;cuisine
Les meilleures centrifugeuses;https://meilleurtest.fr/comparatif-centrifugeuse/;cuisine
Les meilleures plaques de cuisson au gaz;https://meilleurtest.fr/comparatif-plaque-de-cuisson-au-gaz/;cuisine
Les meilleurs tire-bouchons électriques;https://meilleurtest.fr/comparatif-tire-bouchon-electrique/;cuisine
Les meilleurs éviers de cuisine;https://meilleurtest.fr/comparatif-evier-de-cuisine/;cuisine
Les meilleurs soup maker;https://meilleurtest.fr/comparatif-soup-maker/;cuisine
Les meilleures poches à douille;https://meilleurtest.fr/comparatif-poche-a-douille/;cuisine
Les meilleurs woks;https://meilleurtest.fr/comparatif-wok/;cuisine
Les meilleurs pétrins;https://meilleurtest.fr/comparatif-petrin/;cuisine
Les meilleures poêles à frire compatibles induction;https://meilleurtest.fr/comparatif-poele-a-frire-compatible-induction/;cuisine
Les meilleurs adaptateurs pour plaque à induction;https://meilleurtest.fr/comparatif-adaptateur-pour-plaque-a-induction/;cuisine
Les meilleures plaques mixtes induction et gaz;https://meilleurtest.fr/comparatif-plaque-mixte-induction-et-gaz/;cuisine
Les meilleures cuisinières;https://meilleurtest.fr/comparatif-cuisiniere/;cuisine
Les meilleurs couteaux japonais;https://meilleurtest.fr/comparatif-couteau-japonais/;cuisine
Les meilleures cuisinières vitrocéramiques;https://meilleurtest.fr/comparatif-cuisiniere-vitroceramique/;cuisine
Les meilleures lunch box;https://meilleurtest.fr/comparatif-lunch-box/;cuisine
Les meilleures plaques à induction aspirantes (avec hotte intégrée);https://meilleurtest.fr/comparatif-plaque-a-induction-aspirante-avec-hotte-integree/;cuisine
Les meilleures sorbetières rapport qualité-prix;https://meilleurtest.fr/comparatif-sorbetiere-rapport-qualite-prix/;cuisine
Les meilleures casseroles inox;https://meilleurtest.fr/comparatif-casserole-inox/;cuisine
Les meilleurs chalumeaux de cuisine;https://meilleurtest.fr/comparatif-chalumeau-de-cuisine/;cuisine
Les meilleures plaques de cuisson vitrocéramiques;https://meilleurtest.fr/comparatif-plaque-de-cuisson-vitroceramique/;cuisine
Les meilleures plaques à induction 3 feux;https://meilleurtest.fr/comparatif-plaque-a-induction-3-feux/;cuisine
Les meilleurs tajines électriques;https://meilleurtest.fr/comparatif-tajine-electrique/;cuisine
Les meilleures lunch box chauffantes;https://meilleurtest.fr/comparatif-lunch-box-chauffante/;cuisine
Les meilleures passoires;https://meilleurtest.fr/comparatif-passoire/;cuisine
Les meilleurs batteurs électriques;https://meilleurtest.fr/comparatif-batteur-electrique/;cuisine
Les meilleurs robots multifonctions;https://meilleurtest.fr/comparatif-robot-multifonction/;cuisine
Les meilleures casseroles;https://meilleurtest.fr/comparatif-casserole/;cuisine
Les meilleurs robots multifonctions professionnels;https://meilleurtest.fr/comparatif-robot-multifonction-professionnel/;cuisine
Les meilleures poêles Tefal;https://meilleurtest.fr/comparatif-poele-tefal/;cuisine
Les meilleurs percolateurs;https://meilleurtest.fr/comparatif-percolateur/;cuisine
Les meilleurs gaufriers croque-monsieur;https://meilleurtest.fr/comparatif-gaufrier-croque-monsieur/;cuisine
Les meilleures cuisines pas chères;https://meilleurtest.fr/comparatif-cuisine-pas-chere/;cuisine
Les meilleurs appareils à fondue chinoise;https://meilleurtest.fr/comparatif-appareil-a-fondue-chinoise/;cuisine
Les meilleurs micro-ondes multifonction;https://meilleurtest.fr/comparatif-micro-onde-multifonction/;cuisine
Les meilleurs appareils à raclette;https://meilleurtest.fr/comparatif-appareil-a-raclette/;cuisine
Les meilleurs blenders à smoothies;https://meilleurtest.fr/comparatif-blender-a-smoothies/;cuisine
Les meilleures yaourtières;https://meilleurtest.fr/comparatif-yaourtiere/;cuisine
Les meilleurs robots multicuiseurs;https://meilleurtest.fr/comparatif-robot-multicuiseur/;cuisine
Les meilleurs robots cuisine multifonctions;https://meilleurtest.fr/comparatif-robot-de-cuisine-multifonction/;cuisine
Les meilleurs micro-ondes pas chers;https://meilleurtest.fr/comparatif-micro-ondes-pas-cher/;cuisine
Les meilleurs micro-ondes;https://meilleurtest.fr/comparatif-micro-onde/;cuisine
Les meilleurs cuiseurs vapeurs bébés;https://meilleurtest.fr/comparatif-cuiseur-vapeur-bebe/;cuisine
Les meilleurs autocuiseurs;https://meilleurtest.fr/comparatif-autocuiseur/;cuisine
Les meilleurs appareils à pierrade;https://meilleurtest.fr/comparatif-appareil-a-pierrade/;cuisine
Les meilleures serviettes de table;https://meilleurtest.fr/comparatif-serviette-de-table/;cuisine
Les meilleures cuisines pour enfant;https://meilleurtest.fr/comparatif-cuisine-pour-enfant/;cuisine
Les meilleurs verres à whisky;https://meilleurtest.fr/comparatif-verre-a-whisky/;cuisine
Les meilleures mandolines japonaises;https://meilleurtest.fr/comparatif-mandoline-japonaise/;cuisine
Les meilleurs thermos pour le café;https://meilleurtest.fr/comparatif-thermos-a-cafe/;cuisine
Les meilleurs casse-noix;https://meilleurtest.fr/comparatif-casse-noix/;cuisine
Les meilleures poêles en pierre;https://meilleurtest.fr/comparatif-poele-pierre/;cuisine
Les meilleures cuisinières électriques;https://meilleurtest.fr/comparatif-cuisiniere-electrique/;cuisine
Les meilleurs micro-onde combinés;https://meilleurtest.fr/comparatif-micro-onde-combine/;cuisine
Les meilleures planches à découper;https://meilleurtest.fr/comparatif-planche-a-decouper/;cuisine
Les meilleurs blenders;https://meilleurtest.fr/comparatif-blender/;cuisine
Les meilleurs kits de brassage de bière;https://meilleurtest.fr/comparatif-kit-de-brassage-de-biere/;cuisine
Les meilleurs services de table;https://meilleurtest.fr/comparatif-service-de-table/;cuisine
Les meilleurs tire-bouchons;https://meilleurtest.fr/comparatif-tire-bouchon/;cuisine
Les meilleurs couteaux de cuisine;https://meilleurtest.fr/comparatif-couteau-de-cuisine/;cuisine
Les meilleurs gants de cuisine;https://meilleurtest.fr/comparatif-gants-de-cuisine/;cuisine
Les meilleurs hachoirs à viande;https://meilleurtest.fr/comparatif-hachoir-a-viande/;cuisine
Les meilleurs thermos;https://meilleurtest.fr/comparatif-thermos/;cuisine
Les meilleurs stérilisateurs à bocaux électriques;https://meilleurtest.fr/comparatif-sterilisateur-de-bocaux/;cuisine
Les meilleurs blenders chauffants;https://meilleurtest.fr/comparatif-blender-chauffant/;cuisine
Les meilleurs verres de table;https://meilleurtest.fr/comparatif-verre-de-table/;cuisine
Les meilleurs tapis anti fatigue de cuisine;https://meilleurtest.fr/comparatif-tapis-anti-fatigue-de-cuisine/;cuisine
Les meilleurs entonnoirs de cuisine;https://meilleurtest.fr/comparatif-entonnoir-de-cuisine/;cuisine
Les meilleures cocottes-minute;https://meilleurtest.fr/comparatif-cocotte-minute/;cuisine
Les meilleures cocottes en fonte;https://meilleurtest.fr/comparatif-cocotte-fonte/;cuisine
Les meilleures casseroles compatibles induction;https://meilleurtest.fr/comparatif-casserole-compatible-induction/;cuisine
Les meilleures boîtes à pain;https://meilleurtest.fr/comparatif-boite-a-pain/;cuisine
Les meilleures sorbetières;https://meilleurtest.fr/comparatif-sorbetiere/;cuisine
Les meilleurs extracteurs de jus;https://meilleurtest.fr/comparatif-extracteur-de-jus/;cuisine
Les meilleurs micro-ondes encastrables;https://meilleurtest.fr/comparatif-micro-onde-encastrable/;cuisine
Les meilleures cuisinières à bois;https://meilleurtest.fr/comparatif-cuisiniere-a-bois/;cuisine
Les meilleures pierres à pizza;https://meilleurtest.fr/comparatif-pierre-a-pizza/;cuisine
Les meilleurs thermos alimentaires;https://meilleurtest.fr/comparatif-thermos-alimentaire/;cuisine
Les meilleurs presse-purées;https://meilleurtest.fr/comparatif-presse-puree/;cuisine
Les meilleurs cuiseurs vapeur;https://meilleurtest.fr/comparatif-cuiseur-vapeur/;cuisine
Les meilleures batteries de cuisine antiadhésives;https://meilleurtest.fr/comparatif-batterie-de-cuisine-antiadhesive/;cuisine
Les meilleures batteries de cuisine compatibles induction;https://meilleurtest.fr/comparatif-batterie-de-cuisine-induction/;cuisine
Les meilleurs verres à vin;https://meilleurtest.fr/comparatif-verre-de-vin/;cuisine
Les meilleurs robots pâtissiers;https://meilleurtest.fr/comparatif-robot-patissier/;cuisine
Les meilleures turbines à glace;https://meilleurtest.fr/comparatif-turbine-a-glace/;cuisine
Les meilleures poêles à frire;https://meilleurtest.fr/comparatif-poele-a-frire/;cuisine
Les meilleures plaques à induction;https://meilleurtest.fr/comparatif-plaque-a-induction/;cuisine
Les meilleures boîtes alimentaires;https://meilleurtest.fr/comparatif-boite-de-conservation-alimentaire/;cuisine
Les meilleurs aiguiseurs de couteaux;https://meilleurtest.fr/comparatif-aiguiseur-de-couteaux/;cuisine
Les meilleurs percolateurs;https://meilleurtest.fr/comparatif-percolateur/;cuisine
Les meilleurs gaufriers croque-monsieur;https://meilleurtest.fr/comparatif-gaufrier-croque-monsieur/;cuisine
Les meilleures cuisines pas chères;https://meilleurtest.fr/comparatif-cuisine-pas-chere/;cuisine
Les meilleurs appareils à fondue chinoise;https://meilleurtest.fr/comparatif-appareil-a-fondue-chinoise/;cuisine
Les meilleurs micro-ondes multifonction;https://meilleurtest.fr/comparatif-micro-onde-multifonction/;cuisine
Les meilleurs appareils à raclette;https://meilleurtest.fr/comparatif-appareil-a-raclette/;cuisine
Les meilleurs blenders à smoothies;https://meilleurtest.fr/comparatif-blender-a-smoothies/;cuisine
Les meilleures yaourtières;https://meilleurtest.fr/comparatif-yaourtiere/;cuisine
Les meilleurs robots multicuiseurs;https://meilleurtest.fr/comparatif-robot-multicuiseur/;cuisine
Les meilleurs robots cuisine multifonctions;https://meilleurtest.fr/comparatif-robot-de-cuisine-multifonction/;cuisine
Les meilleurs micro-ondes pas chers;https://meilleurtest.fr/comparatif-micro-ondes-pas-cher/;cuisine
Les meilleurs micro-ondes;https://meilleurtest.fr/comparatif-micro-onde/;cuisine
Les meilleurs cuiseurs vapeurs bébés;https://meilleurtest.fr/comparatif-cuiseur-vapeur-bebe/;cuisine
Les meilleurs autocuiseurs;https://meilleurtest.fr/comparatif-autocuiseur/;cuisine
Les meilleurs appareils à pierrade;https://meilleurtest.fr/comparatif-appareil-a-pierrade/;cuisine
Les meilleures serviettes de table;https://meilleurtest.fr/comparatif-serviette-de-table/;cuisine
Les meilleures cuisines pour enfant;https://meilleurtest.fr/comparatif-cuisine-pour-enfant/;cuisine
Les meilleurs verres à whisky;https://meilleurtest.fr/comparatif-verre-a-whisky/;cuisine
Les meilleures mandolines japonaises;https://meilleurtest.fr/comparatif-mandoline-japonaise/;cuisine
Les meilleurs thermos pour le café;https://meilleurtest.fr/comparatif-thermos-a-cafe/;cuisine
Les meilleurs casse-noix;https://meilleurtest.fr/comparatif-casse-noix/;cuisine
Les meilleures poêles en pierre;https://meilleurtest.fr/comparatif-poele-pierre/;cuisine
Les meilleures cuisinières électriques;https://meilleurtest.fr/comparatif-cuisiniere-electrique/;cuisine
Les meilleurs micro-onde combinés;https://meilleurtest.fr/comparatif-micro-onde-combine/;cuisine
Les meilleures planches à découper;https://meilleurtest.fr/comparatif-planche-a-decouper/;cuisine
Les meilleurs blenders;https://meilleurtest.fr/comparatif-blender/;cuisine
Les meilleurs kits de brassage de bière;https://meilleurtest.fr/comparatif-kit-de-brassage-de-biere/;cuisine
Les meilleurs services de table;https://meilleurtest.fr/comparatif-service-de-table/;cuisine
Les meilleurs tire-bouchons;https://meilleurtest.fr/comparatif-tire-bouchon/;cuisine
Les meilleurs couteaux de cuisine;https://meilleurtest.fr/comparatif-couteau-de-cuisine/;cuisine
Les meilleurs gants de cuisine;https://meilleurtest.fr/comparatif-gants-de-cuisine/;cuisine
Les meilleurs hachoirs à viande;https://meilleurtest.fr/comparatif-hachoir-a-viande/;cuisine
Les meilleurs thermos;https://meilleurtest.fr/comparatif-thermos/;cuisine
Les meilleurs stérilisateurs à bocaux électriques;https://meilleurtest.fr/comparatif-sterilisateur-de-bocaux/;cuisine
Les meilleurs blenders chauffants;https://meilleurtest.fr/comparatif-blender-chauffant/;cuisine
Les meilleurs verres de table;https://meilleurtest.fr/comparatif-verre-de-table/;cuisine
Les meilleurs tapis anti fatigue de cuisine;https://meilleurtest.fr/comparatif-tapis-anti-fatigue-de-cuisine/;cuisine
Les meilleurs entonnoirs de cuisine;https://meilleurtest.fr/comparatif-entonnoir-de-cuisine/;cuisine
Les meilleures cocottes-minute;https://meilleurtest.fr/comparatif-cocotte-minute/;cuisine
Les meilleures cocottes en fonte;https://meilleurtest.fr/comparatif-cocotte-fonte/;cuisine
Les meilleures casseroles compatibles induction;https://meilleurtest.fr/comparatif-casserole-compatible-induction/;cuisine
Les meilleures boîtes à pain;https://meilleurtest.fr/comparatif-boite-a-pain/;cuisine
Les meilleures sorbetières;https://meilleurtest.fr/comparatif-sorbetiere/;cuisine
Les meilleurs extracteurs de jus;https://meilleurtest.fr/comparatif-extracteur-de-jus/;cuisine
Les meilleurs micro-ondes encastrables;https://meilleurtest.fr/comparatif-micro-onde-encastrable/;cuisine
Les meilleures cuisinières à bois;https://meilleurtest.fr/comparatif-cuisiniere-a-bois/;cuisine
Les meilleures pierres à pizza;https://meilleurtest.fr/comparatif-pierre-a-pizza/;cuisine
Les meilleurs thermos alimentaires;https://meilleurtest.fr/comparatif-thermos-alimentaire/;cuisine
Les meilleurs presse-purées;https://meilleurtest.fr/comparatif-presse-puree/;cuisine
Les meilleurs cuiseurs vapeur;https://meilleurtest.fr/comparatif-cuiseur-vapeur/;cuisine
Les meilleures batteries de cuisine antiadhésives;https://meilleurtest.fr/comparatif-batterie-de-cuisine-antiadhesive/;cuisine
Les meilleures batteries de cuisine compatibles induction;https://meilleurtest.fr/comparatif-batterie-de-cuisine-induction/;cuisine
Les meilleurs verres à vin;https://meilleurtest.fr/comparatif-verre-de-vin/;cuisine
Les meilleurs robots pâtissiers;https://meilleurtest.fr/comparatif-robot-patissier/;cuisine
Les meilleures turbines à glace;https://meilleurtest.fr/comparatif-turbine-a-glace/;cuisine
Les meilleures poêles à frire;https://meilleurtest.fr/comparatif-poele-a-frire/;cuisine
Les meilleures plaques à induction;https://meilleurtest.fr/comparatif-plaque-a-induction/;cuisine
Les meilleures boîtes alimentaires;https://meilleurtest.fr/comparatif-boite-de-conservation-alimentaire/;cuisine
Les meilleurs aiguiseurs de couteaux;https://meilleurtest.fr/comparatif-aiguiseur-de-couteaux/;cuisine
Les meilleures marquises de porte;https://meilleurtest.fr/comparatif-marquises-de-porte/;Décoration extérieure
Les meilleures guirlandes lumineuses extérieures;https://meilleurtest.fr/comparatif-guirlandes-lumineuses-exterieures/;Décoration extérieure
Les meilleures housses de salon de jardin;https://meilleurtest.fr/comparatif-housse-de-salon-de-jardin/;Décoration extérieure
Les meilleures guirlandes solaires;https://meilleurtest.fr/comparatif-guirlande-solaire/;Décoration extérieure
Les meilleures fontaines solaires;https://meilleurtest.fr/comparatif-fontaine-solaire/;Décoration extérieure
Les meilleurs éclairages extérieurs avec détecteur;https://meilleurtest.fr/comparatif-eclairage-exterieur-avec-detecteur/;Décoration extérieure
Les meilleures dalles de terrasse;https://meilleurtest.fr/comparatif-dalles-de-terrasse/;Décoration extérieure
Les meilleurs coussins palette;https://meilleurtest.fr/comparatif-coussins-palette/;Décoration extérieure
Les meilleures chaises d'extérieur;https://meilleurtest.fr/comparatif-chaise-dexterieur/;Décoration extérieure
Les meilleures chaises longues de jardin;https://meilleurtest.fr/comparatif-chaise-longue-de-jardin/;Décoration extérieure
Les meilleures chaises pliantes;https://meilleurtest.fr/comparatif-chaise-pliante/;Décoration extérieure
Les meilleures chaises longues pliantes;https://meilleurtest.fr/comparatif-chaise-longue-pliante/;Décoration extérieure
Les meilleures voiles d'ombrage;https://meilleurtest.fr/comparatif-voile-dombrage/;Décoration extérieure
Les meilleurs gazons synthétiques;https://meilleurtest.fr/comparatif-gazon-synthetique/;Décoration extérieure
Les meilleurs parasols chauffants gaz;https://meilleurtest.fr/comparatif-parasol-chauffant-gaz/;Décoration extérieure
Les meilleurs poufs d'extérieur;https://meilleurtest.fr/comparatif-pouf-dexterieur/;Décoration extérieure
Les meilleurs parasols de plage;https://meilleurtest.fr/comparatif-parasol-de-plage/;Décoration extérieure
Les meilleurs salons de jardin en bois;https://meilleurtest.fr/comparatif-salon-de-jardin-bois/;Décoration extérieure
Les meilleurs coussins pour palette;https://meilleurtest.fr/comparatif-coussins-pour-palette/;Décoration extérieure
Les meilleurs projecteurs LED extérieurs;https://meilleurtest.fr/comparatif-projecteur-led-exterieur/;Décoration extérieure
Les meilleures mangeoires à oiseaux sur pied;https://meilleurtest.fr/comparatif-mangeoire-a-oiseaux-sur-pied/;Décoration extérieure
Les meilleurs carrelages d'extérieur;https://meilleurtest.fr/comparatif-carrelage-dexterieur/;Décoration extérieure
Les meilleurs salons de jardin pas chers;https://meilleurtest.fr/comparatif-salon-de-jardin-pas-cher/;Décoration extérieure
Les meilleurs chauffes terrasse électriques;https://meilleurtest.fr/comparatif-chauffe-terrasse-electrique/;Décoration extérieure
Les meilleures gyrouettes;https://meilleurtest.fr/comparatif-gyrouette/;Décoration extérieure
Les meilleures boîtes aux lettres;https://meilleurtest.fr/comparatif-boite-aux-lettres/;Décoration extérieure
Les meilleures mangeoires à oiseaux;https://meilleurtest.fr/comparatif-mangeoire-a-oiseau/;Décoration extérieure
Les meilleures guirlandes d'extérieur pour Noël;https://meilleurtest.fr/comparatif-guirlande-d-exterieur-pour-noel/;Décoration extérieure
Les meilleures guirlandes guinguettes;https://meilleurtest.fr/comparatif-guirlande-guinguette/;Décoration extérieure
Les meilleures boîtes aux lettres;https://meilleurtest.fr/comparatif-boite-aux-lettres/;Décoration extérieure
Les meilleures mangeoires à oiseaux;https://meilleurtest.fr/comparatif-mangeoire-a-oiseau/;Décoration extérieure
Les meilleures guirlandes d'extérieur pour Noël;https://meilleurtest.fr/comparatif-guirlande-d-exterieur-pour-noel/;Décoration extérieure
Les meilleures guirlandes guinguettes;https://meilleurtest.fr/comparatif-guirlande-guinguette/;Décoration extérieure
Les meilleurs luminaires de salle de bain;https://meilleurtest.fr/comparatif-luminaire-de-salle-de-bain/;Décoration intérieure
Les meilleures lampes de chevet;https://meilleurtest.fr/comparatif-lampe-de-chevet/;Décoration intérieure
Les meilleures lampes solaires;https://meilleurtest.fr/comparatif-lampe-solaire/;Décoration intérieure
Les meilleurs carrelages muraux pour salle de bain;https://meilleurtest.fr/comparatif-carrelage-mural-pour-salle-de-bain/;Décoration intérieure
Les meilleures dalles PVC clipsables;https://meilleurtest.fr/comparatif-dalle-pvc-clipsable/;Décoration intérieure
Les meilleures crédences adhésives;https://meilleurtest.fr/comparatif-credence-adhesive/;Décoration intérieure
Les meilleurs blocs portes;https://meilleurtest.fr/comparatif-bloc-porte/;Décoration intérieure
Les meilleurs vestiaires d'entrée;https://meilleurtest.fr/comparatif-vestiaire-dentree/;Décoration intérieure
Les meilleures vitrines en verre;https://meilleurtest.fr/comparatif-vitrine-en-verre/;Décoration intérieure
Les meilleurs rideaux sur Amazon;https://meilleurtest.fr/comparatif-rideaux-amazon/;Décoration intérieure
Les meilleurs projecteurs galaxie et ciel étoilé;https://meilleurtest.fr/comparatif-projecteur-galaxie-et-ciel-etoile/;Décoration intérieure
Les meilleurs rideaux occultants thermiques;https://meilleurtest.fr/comparatif-rideau-occultant-thermique/;Décoration intérieure
Les meilleurs stores vénitiens;https://meilleurtest.fr/comparatif-store-venitien/;Décoration intérieure
Les meilleures lampes de bureau sans fil;https://meilleurtest.fr/comparatif-lampe-de-bureau-sans-fil/;Décoration intérieure
Les meilleures boules à facettes;https://meilleurtest.fr/comparatif-boule-a-facettes/;Décoration intérieure
Les meilleurs globes terrestres;https://meilleurtest.fr/comparatif-globe-terrestre/;Décoration intérieure
Les meilleurs carreaux pour plafond et mur;https://meilleurtest.fr/comparatif-carreaux-pour-plafond-et-mur/;Décoration intérieure
Les meilleurs cadres photo personnalisés;https://meilleurtest.fr/comparatif-cadre-photo-personnalise/;Décoration intérieure
Les meilleurs paravents rétractables;https://meilleurtest.fr/comparatif-paravent-retractable/;Décoration intérieure
Les meilleures lampes de poche rechargeables;https://meilleurtest.fr/comparatif-lampe-de-poche-rechargeable/;Décoration intérieure
Les meilleures lampes de poche;https://meilleurtest.fr/comparatif-lampe-de-poche/;Décoration intérieure
Les meilleures lampes de bureau;https://meilleurtest.fr/comparatif-lampe-de-bureau/;Décoration intérieure
Les meilleures lampe sur pied;https://meilleurtest.fr/comparatif-lampe-sur-pied/;Décoration intérieure
Les meilleures lampes solaires extérieures;https://meilleurtest.fr/comparatif-lampes-solaires-exterieures/;Décoration intérieure
Les meilleures tringles à rideau sans percer;https://meilleurtest.fr/comparatif-tringle-a-rideau-sans-percer/;Décoration intérieure
Les meilleurs lustres en 2024;https://meilleurtest.fr/comparatif-lustre/;Décoration intérieure
Les meilleurs rideaux thermiques;https://meilleurtest.fr/comparatif-rideau-thermique/;Décoration intérieure
Les meilleurs stores bateau;https://meilleurtest.fr/comparatif-store-bateau/;Décoration intérieure
Les meilleurs caches sommier;https://meilleurtest.fr/comparatif-cache-sommier/;Décoration intérieure
Les meilleures suspensions en rotin;https://meilleurtest.fr/comparatif-suspension-rotin/;Décoration intérieure
Les meilleurs carrelages imitation parquet;https://meilleurtest.fr/comparatif-carrelage-imitation-parquet/;Décoration intérieure
Les meilleures lampes de sel;https://meilleurtest.fr/comparatif-lampe-de-sel/;Décoration intérieure
Les meilleurs cache-pots sur pied;https://meilleurtest.fr/comparatif-cache-pot-sur-pied/;Décoration intérieure
Les meilleures appliques murales;https://meilleurtest.fr/comparatif-applique-murale/;Décoration intérieure
Les meilleurs carrelages d'intérieur;https://meilleurtest.fr/comparatif-carrelage-d-interieur/;Décoration intérieure
Les meilleures guirlandes lumineuses pour votre chambre;https://meilleurtest.fr/comparatif-guirlande-lumineuse-pour-votre-chambre/;Décoration intérieure
Les meilleures horloges;https://meilleurtest.fr/comparatif-horloge/;Décoration intérieure
Les meilleurs antidérapants pour tapis;https://meilleurtest.fr/comparatif-antiderapant-pour-tapis/;Décoration intérieure
Les meilleurs tapis de sol pour votre salon;https://meilleurtest.fr/comparatif-tapis-de-sol-pour-votre-salon/;Décoration intérieure
Les meilleurs bougeoirs;https://meilleurtest.fr/comparatif-bougeoir/;Décoration intérieure
Les meilleurs cadres photo;https://meilleurtest.fr/comparatif-cadre-photo/;Décoration intérieure
Les meilleurs chemins de table;https://meilleurtest.fr/comparatif-chemin-de-table/;Décoration intérieure
Les meilleures lampes de lecture;https://meilleurtest.fr/comparatif-lampe-de-lecture/;Décoration intérieure
Les meilleurs tableaux;https://meilleurtest.fr/comparatif-tableau/;Décoration intérieure
Les meilleures lampes à lave;https://meilleurtest.fr/comparatif-lampe-a-lave/;Décoration intérieure
Les meilleurs cadres photo numériques;https://meilleurtest.fr/comparatif-cadre-photo-numerique/;Décoration intérieure
Les meilleurs rubans LED multicolores;https://meilleurtest.fr/comparatif-ruban-led-multicolore/;Décoration intérieure
Les meilleurs rubans LED;https://meilleurtest.fr/comparatif-ruban-led/;Décoration intérieure
Les meilleurs rideaux occultants;https://meilleurtest.fr/comparatif-rideau-occultant/;Décoration intérieure
Les meilleures crédences de cuisine;https://meilleurtest.fr/comparatif-credence-de-cuisine/;Décoration intérieure
Les meilleurs carrelages pour salle de bain;https://meilleurtest.fr/comparatif-carrelage-de-salle-de-bain/;Décoration intérieure
Les meilleures lanternes LED;https://meilleurtest.fr/comparatif-lanterne-led/;Décoration intérieure
Les meilleures appliques murales;https://meilleurtest.fr/comparatif-applique-murale/;Décoration intérieure
Les meilleurs carrelages d'intérieur;https://meilleurtest.fr/comparatif-carrelage-d-interieur/;Décoration intérieure
Les meilleures guirlandes lumineuses pour votre chambre;https://meilleurtest.fr/comparatif-guirlande-lumineuse-pour-votre-chambre/;Décoration intérieure
Les meilleures horloges;https://meilleurtest.fr/comparatif-horloge/;Décoration intérieure
Les meilleurs antidérapants pour tapis;https://meilleurtest.fr/comparatif-antiderapant-pour-tapis/;Décoration intérieure
Les meilleurs tapis de sol pour votre salon;https://meilleurtest.fr/comparatif-tapis-de-sol-pour-votre-salon/;Décoration intérieure
Les meilleurs bougeoirs;https://meilleurtest.fr/comparatif-bougeoir/;Décoration intérieure
Les meilleurs cadres photo;https://meilleurtest.fr/comparatif-cadre-photo/;Décoration intérieure
Les meilleurs chemins de table;https://meilleurtest.fr/comparatif-chemin-de-table/;Décoration intérieure
Les meilleures lampes de lecture;https://meilleurtest.fr/comparatif-lampe-de-lecture/;Décoration intérieure
Les meilleurs tableaux;https://meilleurtest.fr/comparatif-tableau/;Décoration intérieure
Les meilleures lampes à lave;https://meilleurtest.fr/comparatif-lampe-a-lave/;Décoration intérieure
Les meilleurs cadres photo numériques;https://meilleurtest.fr/comparatif-cadre-photo-numerique/;Décoration intérieure
Les meilleurs rubans LED multicolores;https://meilleurtest.fr/comparatif-ruban-led-multicolore/;Décoration intérieure
Les meilleurs rubans LED;https://meilleurtest.fr/comparatif-ruban-led/;Décoration intérieure
Les meilleurs rideaux occultants;https://meilleurtest.fr/comparatif-rideau-occultant/;Décoration intérieure
Les meilleures crédences de cuisine;https://meilleurtest.fr/comparatif-credence-de-cuisine/;Décoration intérieure
Les meilleurs carrelages pour salle de bain;https://meilleurtest.fr/comparatif-carrelage-de-salle-de-bain/;Décoration intérieure
Les meilleures lanternes LED;https://meilleurtest.fr/comparatif-lanterne-led/;Décoration intérieure
Les meilleurs drones professionnels;https://meilleurtest.fr/comparatif-drone-professionnel/;Drones
Les meilleurs drones d'intérieur;https://meilleurtest.fr/comparatif-drone-dinterieur/;Drones
Les meilleurs drones quadricoptères;https://meilleurtest.fr/comparatif-drone-quadricoptere/;Drones
Les meilleurs drones pour débutant;https://meilleurtest.fr/comparatif-drone-pour-debutant/;Drones
Les meilleurs drones de course;https://meilleurtest.fr/comparatif-drone-de-course/;Drones
Les meilleurs drones sous-marins;https://meilleurtest.fr/comparatif-drone-sous-marin/;Drones
Les meilleurs drones à moins de 200 euros;https://meilleurtest.fr/comparatif-drone-a-moins-de-200-euros/;Drones
Les meilleurs drones pas chers;https://meilleurtest.fr/comparatif-drone-pas-cher/;Drones
Les meilleurs drones rapport qualité/prix;https://meilleurtest.fr/comparatif-drones-rapport-qualite-prix/;Drones
Les meilleurs drones solides pour enfant;https://meilleurtest.fr/comparatif-drone-solide-pour-enfant/;Drones
Les meilleurs drones photo;https://meilleurtest.fr/comparatif-drone-photo/;Drones
Les meilleurs drones suiveurs;https://meilleurtest.fr/comparatif-drone-suiveur/;Drones
Les meilleurs drones;https://meilleurtest.fr/comparatif-drone/;Drones
Les meilleurs drones à moins de 100 euros;https://meilleurtest.fr/comparatif-drone-a-moins-de-100-euros/;Drones
Les meilleurs mini drones;https://meilleurtest.fr/comparatif-mini-drone/;Drones
Les meilleurs drones solides pour enfant;https://meilleurtest.fr/comparatif-drone-solide-pour-enfant/;Drones
Les meilleurs drones photo;https://meilleurtest.fr/comparatif-drone-photo/;Drones
Les meilleurs drones suiveurs;https://meilleurtest.fr/comparatif-drone-suiveur/;Drones
Les meilleurs drones;https://meilleurtest.fr/comparatif-drone/;Drones
Les meilleurs drones à moins de 100 euros;https://meilleurtest.fr/comparatif-drone-a-moins-de-100-euros/;Drones
Les meilleurs mini drones;https://meilleurtest.fr/comparatif-mini-drone/;Drones
Les meilleurs pommeaux de douche à économie d'eau;https://meilleurtest.fr/comparatif-pommeau-de-douche-a-economie-d-eau/;Eau et bain
Les meilleurs lave-mains WC;https://meilleurtest.fr/comparatif-lave-main-wc/;Eau et bain
Les meilleurs lavabos de salle de bain;https://meilleurtest.fr/comparatif-lavabo-de-salle-de-bain/;Eau et bain
Les meilleurs miroirs de salle de bain lumineux;https://meilleurtest.fr/comparatif-miroir-de-salle-de-bain-lumineux/;Eau et bain
Les meilleurs miroirs de salle de bain;https://meilleurtest.fr/comparatif-miroir-de-salle-de-bain/;Eau et bain
Les meilleurs ensembles de salle de bain;https://meilleurtest.fr/comparatif-ensemble-de-salle-de-bain/;Eau et bain
Les meilleurs abattants WC;https://meilleurtest.fr/comparatif-abattant-wc/;Eau et bain
Les meilleurs WC suspendus;https://meilleurtest.fr/comparatif-wc-suspendu/;Eau et bain
Les meilleurs chauffe-eaux Styx;https://meilleurtest.fr/comparatif-chauffe-eau-styx/;Eau et bain
Les meilleurs bains de pieds;https://meilleurtest.fr/comparatif-bain-de-pieds/;Eau et bain
Les meilleurs surpresseurs d'eau;https://meilleurtest.fr/comparatif-surpresseur-d-eau/;Eau et bain
Les meilleurs WC suspendus rapport qualité/prix;https://meilleurtest.fr/comparatif-wc-suspendus-rapport-qualite-prix/;Eau et bain
Les meilleurs ponts de baignoire;https://meilleurtest.fr/comparatif-pont-de-baignoire/;Eau et bain
Les meilleurs sèche-serviettes Carrera;https://meilleurtest.fr/comparatif-seche-serviette-carrera/;Eau et bain
Les meilleurs chauffe-eaux électriques 200L;https://meilleurtest.fr/comparatif-chauffe-eau-electrique-200l/;Eau et bain
Les meilleures douchettes anti-calcaires;https://meilleurtest.fr/comparatif-douchette-anti-calcaire/;Eau et bain
Les meilleurs sanibroyeurs silencieux;https://meilleurtest.fr/comparatif-sanibroyeur-silencieux/;Eau et bain
Les meilleures douchettes;https://meilleurtest.fr/comparatif-douchette/;Eau et bain
Les meilleures boules de bain;https://meilleurtest.fr/comparatif-boules-de-bain/;Eau et bain
Les meilleures baignoires bébé sur pieds;https://meilleurtest.fr/comparatif-baignoire-bebe-sur-pieds/;Eau et bain
Les meilleurs bains moussants;https://meilleurtest.fr/comparatif-bain-moussant/;Eau et bain
Les meilleures brosses de toilettes;https://meilleurtest.fr/comparatif-brosse-de-toilettes/;Eau et bain
Les meilleurs sels de bain;https://meilleurtest.fr/comparatif-sel-de-bain/;Eau et bain
Les meilleurs bidets;https://meilleurtest.fr/comparatif-bidet/;Eau et bain
Les meilleurs chauffe-eaux sans réservoir;https://meilleurtest.fr/comparatif-chauffe-eau-sans-reservoir/;Eau et bain
Les meilleurs pommeaux de douche anti-calcaire;https://meilleurtest.fr/comparatif-pommeau-de-douche-anti-calcaire/;Eau et bain
Les meilleurs chauffe-serviettes;https://meilleurtest.fr/comparatif-chauffe-serviette/;Eau et bain
Les meilleures lunettes de toilettes;https://meilleurtest.fr/comparatif-lunette-de-toilettes/;Eau et bain
Les meilleurs WC;https://meilleurtest.fr/comparatif-wc/;Eau et bain
Les meilleures baignoires d'angle;https://meilleurtest.fr/comparatif-baignoire-dangle/;Eau et bain
Les meilleurs draps de bain;https://meilleurtest.fr/comparatif-drap-de-bain/;Eau et bain
Les meilleurs mitigeurs de douche thermostatiques;https://meilleurtest.fr/comparatif-mitigeur-de-douche-thermostatique/;Eau et bain
Les meilleurs sèche serviettes électrique;https://meilleurtest.fr/comparatif-seche-serviette-electrique/;Eau et bain
Les meilleurs mitigeurs cuisine thermostatiques;https://meilleurtest.fr/comparatif-mitigeur-cuisine-thermostatique/;Eau et bain
Les meilleurs WC japonais;https://meilleurtest.fr/comparatif-wc-japonais/;Eau et bain
Les meilleurs receveurs de douche;https://meilleurtest.fr/comparatif-receveur-de-douche/;Eau et bain
Les meilleurs WC suspendus sans bride;https://meilleurtest.fr/comparatif-wc-suspendu-sans-bride/;Eau et bain
Les meilleurs chauffes-eau instantanés;https://meilleurtest.fr/comparatif-chauffe-eau-instantane/;Eau et bain
Les meilleurs mitigeurs thermostatiques;https://meilleurtest.fr/comparatif-mitigeur-thermostatique/;Eau et bain
Les meilleures baignoires bébé pliables;https://meilleurtest.fr/comparatif-baignoire-bebe-pliable/;Eau et bain
Les meilleures douchettes WC;https://meilleurtest.fr/comparatif-douchette-wc/;Eau et bain
Les meilleurs chauffe-eaux plats;https://meilleurtest.fr/comparatif-chauffe-eau-plat/;Eau et bain
Les meilleures cabines de douche;https://meilleurtest.fr/comparatif-cabine-de-douche/;Eau et bain
Les meilleures petites baignoires;https://meilleurtest.fr/comparatif-petite-baignoire/;Eau et bain
Les meilleures baignoires bébé;https://meilleurtest.fr/comparatif-baignoire-bebe/;Eau et bain
Les meilleurs chauffe-eaux 300L;https://meilleurtest.fr/comparatif-chauffe-eau-a-300-l/;Eau et bain
Les meilleurs chauffe-eaux thermodynamiques;https://meilleurtest.fr/comparatif-chauffe-eau-thermodynamique/;Eau et bain
Les meilleurs chauffe-eaux électriques;https://meilleurtest.fr/comparatif-chauffe-eau-electrique/;Eau et bain
Les meilleurs aérateurs de salle de bain silencieux;https://meilleurtest.fr/comparatif-aerateur-de-salle-de-bain-silencieux/;Eau et bain
Les meilleures baignoires;https://meilleurtest.fr/comparatif-baignoire/;Eau et bain
Les meilleurs douches italiennes;https://meilleurtest.fr/comparatif-douche-italienne/;Eau et bain
Les meilleures serviettes de bain;https://meilleurtest.fr/comparatif-serviette-bain/;Eau et bain
Les meilleures colonnes de douche;https://meilleurtest.fr/comparatif-colonne-de-douche/;Eau et bain
Les meilleurs tapis de bain;https://meilleurtest.fr/comparatif-tapis-de-bain/;Eau et bain
Les meilleurs rideaux de douche;https://meilleurtest.fr/comparatif-rideau-de-douche/;Eau et bain
Les meilleurs pommeaux de douche;https://meilleurtest.fr/comparatif-pommeau-de-douche/;Eau et bain
Les meilleures cabines de douche;https://meilleurtest.fr/comparatif-cabine-de-douche/;Eau et bain
Les meilleures petites baignoires;https://meilleurtest.fr/comparatif-petite-baignoire/;Eau et bain
Les meilleures baignoires bébé;https://meilleurtest.fr/comparatif-baignoire-bebe/;Eau et bain
Les meilleurs chauffe-eaux 300L;https://meilleurtest.fr/comparatif-chauffe-eau-a-300-l/;Eau et bain
Les meilleurs chauffe-eaux thermodynamiques;https://meilleurtest.fr/comparatif-chauffe-eau-thermodynamique/;Eau et bain
Les meilleurs chauffe-eaux électriques;https://meilleurtest.fr/comparatif-chauffe-eau-electrique/;Eau et bain
Les meilleurs aérateurs de salle de bain silencieux;https://meilleurtest.fr/comparatif-aerateur-de-salle-de-bain-silencieux/;Eau et bain
Les meilleures baignoires;https://meilleurtest.fr/comparatif-baignoire/;Eau et bain
Les meilleurs douches italiennes;https://meilleurtest.fr/comparatif-douche-italienne/;Eau et bain
Les meilleures serviettes de bain;https://meilleurtest.fr/comparatif-serviette-bain/;Eau et bain
Les meilleures colonnes de douche;https://meilleurtest.fr/comparatif-colonne-de-douche/;Eau et bain
Les meilleurs tapis de bain;https://meilleurtest.fr/comparatif-tapis-de-bain/;Eau et bain
Les meilleurs rideaux de douche;https://meilleurtest.fr/comparatif-rideau-de-douche/;Eau et bain
Les meilleurs pommeaux de douche;https://meilleurtest.fr/comparatif-pommeau-de-douche/;Eau et bain
Les meilleurs réfrigérateurs congélateurs encastrables;https://meilleurtest.fr/comparatif-refrigerateur-congelateur-encastrable/;Électroménager
Les meilleurs fours posables;https://meilleurtest.fr/comparatif-four-posable/;Électroménager
Les meilleures hottes aspirantes 90 cm;https://meilleurtest.fr/comparatif-hotte-aspirante-90-cm/;Électroménager
Les meilleurs réfrigérateurs classe A;https://meilleurtest.fr/comparatif-refrigerateur-classe-a/;Électroménager
Les meilleurs sèche-linge à condensation 10 kg;https://meilleurtest.fr/comparatif-seche-linge-a-condensation-10-kg/;Électroménager
Les meilleurs réfrigérateurs 70 cm;https://meilleurtest.fr/comparatif-refrigerateur-70-cm/;Électroménager
Les meilleurs lave-vaisselle avec tiroir à couverts;https://meilleurtest.fr/comparatif-lave-vaisselle-avec-tiroir-a-couverts/;Électroménager
Les meilleures VMC hygroréglables;https://meilleurtest.fr/comparatif-vmc-hygroreglable/;Électroménager
Les meilleurs mini  lave-linges 3 kg;https://meilleurtest.fr/comparatif-mini-lave-linge-3-kg/;Électroménager
Les meilleurs mini shakers;https://meilleurtest.fr/comparatif-mini-shaker/;Électroménager
Les meilleures machines à expresso pas chères;https://meilleurtest.fr/comparatif-machine-a-expresso-pas-chere/;Électroménager
Les meilleures machines à expresso professionnelles;https://meilleurtest.fr/comparatif-machine-a-expresso-professionnelle/;Électroménager
Les meilleures hottes aspirantes;https://meilleurtest.fr/comparatif-hotte-aspirante/;Électroménager
Les meilleurs lave-linges 20 kg;https://meilleurtest.fr/comparatif-lave-linge-20-kg/;Électroménager
Les meilleurs lave-vaisselles pose-libre;https://meilleurtest.fr/comparatif-lave-vaisselle-pose-libre/;Électroménager
Les meilleurs lave-linges 18 kg;https://meilleurtest.fr/comparatif-lave-linge-18kg/;Électroménager
Les meilleurs kits de superposition lave-linge sèche-linge;https://meilleurtest.fr/comparatif-kit-de-superposition-lave-linge-seche-linge/;Électroménager
Les meilleurs grands frigos;https://meilleurtest.fr/comparatif-grand-frigo/;Électroménager
Les meilleurs réfrigérateurs américains;https://meilleurtest.fr/comparatif-refrigerateur-americain/;Électroménager
Les meilleurs lave-linges;https://meilleurtest.fr/comparatif-lave-linges/;Électroménager
Les meilleurs lave-linges 12 kg;https://meilleurtest.fr/comparatif-lave-linge-12-kg/;Électroménager
Les meilleures machines à expresso sans broyeur;https://meilleurtest.fr/comparatif-machine-a-expresso-sans-broyeur/;Électroménager
Les meilleures VMC hygroréglables basse consommation;https://meilleurtest.fr/comparatif-vmc-hygroreglable-basse-consommation/;Électroménager
Les meilleures hottes aspirantes silencieuses de 60 cm;https://meilleurtest.fr/comparatif-hotte-aspirante-silencieuse-de-60-cm/;Électroménager
Les meilleures machines à expresso avec broyeur;https://meilleurtest.fr/comparatif-machine-a-expresso-avec-broyeur/;Électroménager
Les meilleurs meubles de machine à laver;https://meilleurtest.fr/comparatif-meuble-de-machine-a-laver/;Électroménager
Les meilleurs congélateurs top;https://meilleurtest.fr/comparatif-congelateur-top/;Électroménager
Les meilleures bouilloires pas chères;https://meilleurtest.fr/comparatif-bouilloire-pas-chere/;Électroménager
Les meilleures VMC;https://meilleurtest.fr/comparatif-vmc/;Électroménager
Les meilleurs sites pour acheter de l'électroménager en ligne;https://meilleurtest.fr/comparatif-site-pour-acheter-electromenager-en-ligne/;Électroménager
Les meilleurs ventilateurs de poêle à bois;https://meilleurtest.fr/comparatif-ventilateur-de-poele-a-bois/;Électroménager
Les meilleures hottes plan de travail;https://meilleurtest.fr/comparatif-hotte-plan-de-travail/;Électroménager
Les meilleurs moules en silicone;https://meilleurtest.fr/comparatif-moule-en-silicone/;Électroménager
Les meilleures hottes sans évacuation;https://meilleurtest.fr/comparatif-hotte-sans-evacuation/;Électroménager
Les meilleurs moulins à café électriques;https://meilleurtest.fr/comparatif-moulin-a-cafe-electrique/;Électroménager
Les meilleures hottes îlots;https://meilleurtest.fr/comparatif-hotte-ilot/;Électroménager
Les meilleurs congélateurs horizontaux;https://meilleurtest.fr/comparatif-congelateur-horizontal/;Électroménager
Les meilleurs réfrigérateurs multi-portes;https://meilleurtest.fr/comparatif-refrigerateur-multi-portes/;Électroménager
Les meilleures machines à expresso manuelles;https://meilleurtest.fr/comparatif-machine-a-expresso-manuelle/;Électroménager
Les meilleurs grille-pains KitchenAid;https://meilleurtest.fr/comparatif-grille-pain-kitchenaid/;Électroménager
Les meilleures bouilloires KitchenAid;https://meilleurtest.fr/comparatif-bouilloire-kitchenaid/;Électroménager
Les meilleurs fours encastrables Siemens;https://meilleurtest.fr/comparatif-four-encastrable-siemens/;Électroménager
Les meilleurs fours Bosch;https://meilleurtest.fr/comparatif-four-bosch/;Électroménager
Les meilleurs congélateurs armoires Liebherr;https://meilleurtest.fr/comparatif-congelateur-armoire-liebherr/;Électroménager
Les meilleurs lave-linge Samsung;https://meilleurtest.fr/comparatif-lave-linge-samsung/;Électroménager
Les meilleurs sèche-linges Bosch;https://meilleurtest.fr/comparatif-seche-linge-bosch/;Électroménager
Les meilleures lave-linges Beko;https://meilleurtest.fr/comparatif-lave-linge-beko/;Électroménager
Les meilleurs réfrigérateurs Sharp;https://meilleurtest.fr/comparatif-refrigerateur-sharp/;Électroménager
Les meilleures hottes Falmec;https://meilleurtest.fr/comparatif-hotte-falmec/;Électroménager
Les meilleurs lave-vaisselles Beko;https://meilleurtest.fr/comparatif-lave-vaisselle-beko/;Électroménager
Les meilleurs lave-linges Bosch;https://meilleurtest.fr/comparatif-lave-linges-bosch/;Électroménager
Les meilleures bouilloires sifflantes;https://meilleurtest.fr/comparatif-bouilloire-sifflante/;Électroménager
Les meilleurs ventilateurs PS4;https://meilleurtest.fr/comparatif-ventilateur-ps4/;Électroménager
Les meilleures friteuses sans odeur;https://meilleurtest.fr/comparatif-friteuse-sans-odeur/;Électroménager
Les meilleurs fours encastrables avec tournebroche;https://meilleurtest.fr/comparatif-four-encastrable-avec-tournebroche/;Électroménager
Les meilleurs fours électriques;https://meilleurtest.fr/comparatif-four-electrique/;Électroménager
Les meilleurs fours encastrables à pyrolyse;https://meilleurtest.fr/comparatif-four-encastrable-a-pyrolyse/;Électroménager
Les meilleurs sèche-linges à ouverture dessus;https://meilleurtest.fr/comparatif-seche-linge-a-ouverture-dessus/;Électroménager
Les meilleurs congélateurs verticaux;https://meilleurtest.fr/comparatif-congelateur-vertical/;Électroménager
Les meilleures friteuses professionnelles;https://meilleurtest.fr/comparatif-friteuse-professionnelle/;Électroménager
Les meilleures machines à écrire;https://meilleurtest.fr/comparatif-machine-a-ecrire/;Électroménager
Les meilleures machines à churros;https://meilleurtest.fr/comparatif-machine-a-churros/;Électroménager
Les meilleurs moulins à graines;https://meilleurtest.fr/comparatif-moulin-a-graines/;Électroménager
Les meilleurs lave-vaisselles 6 couverts;https://meilleurtest.fr/comparatif-lave-vaisselle-6-couverts/;Électroménager
Les meilleurs mini fours haut de gamme;https://meilleurtest.fr/comparatif-mini-four-haut-de-gamme/;Électroménager
Les meilleures hottes aspirantes 60 cm;https://meilleurtest.fr/comparatif-hotte-aspirante-60-cm/;Électroménager
Les meilleurs moulins à épices;https://meilleurtest.fr/comparatif-moulin-a-epices/;Électroménager
Les meilleurs moulins à légumes;https://meilleurtest.fr/comparatif-moulin-a-legumes/;Électroménager
Les meilleures ventilations de salle de bain;https://meilleurtest.fr/comparatif-ventilation-de-salle-de-bain/;Électroménager
Les meilleurs grille-pains 2 tranches;https://meilleurtest.fr/comparatif-grille-pain-2-tranches/;Électroménager
Les meilleurs séchoirs à chaussures;https://meilleurtest.fr/comparatif-sechoir-a-chaussures/;Électroménager
Les meilleures petites friteuses;https://meilleurtest.fr/comparatif-petite-friteuse/;Électroménager
Les meilleures friteuses à cuve amovible;https://meilleurtest.fr/comparatif-friteuse-a-cuve-amovible/;Électroménager
Les meilleurs lave-linges portables;https://meilleurtest.fr/comparatif-lave-linge-portable/;Électroménager
Les meilleurs lave-vaisselles noirs;https://meilleurtest.fr/comparatif-lave-vaisselle-noir/;Électroménager
Les meilleurs sèche-linges rapport qualité/prix;https://meilleurtest.fr/comparatif-seche-linges-rapport-qualite-prix/;Électroménager
Les meilleures hottes aspirantes inclinées;https://meilleurtest.fr/comparatif-hotte-aspirante-inclinee/;Électroménager
Les meilleures machines à bruit blanc;https://meilleurtest.fr/comparatif-machine-a-bruit-blanc/;Électroménager
Les meilleurs fours posables grande capacité;https://meilleurtest.fr/comparatif-four-posable-grande-capacite/;Électroménager
Les meilleurs réfrigérateurs side-by-side;https://meilleurtest.fr/comparatif-refrigerateur-side-by-side/;Électroménager
Les meilleurs mini fours à chaleur tournante;https://meilleurtest.fr/comparatif-mini-four-a-chaleur-tournante/;Électroménager
Les meilleurs fours électriques à chaleur tournante;https://meilleurtest.fr/comparatif-four-electrique-chaleur-tournante/;Électroménager
Les meilleures machines à glaces;https://meilleurtest.fr/comparatif-machine-a-glaces/;Électroménager
Les meilleurs grille-pain toast;https://meilleurtest.fr/comparatif-grille-pain-toast/;Électroménager
Les meilleurs lave-linges et sèche-linges superposables;https://meilleurtest.fr/comparatif-lave-linge-seche-linge-superposables/;Électroménager
Les meilleurs fours combinés vapeur;https://meilleurtest.fr/comparatif-four-combine-vapeur/;Électroménager
Les meilleurs mixeurs;https://meilleurtest.fr/comparatif-mixeur/;Électroménager
Les meilleurs fours grille-pain;https://meilleurtest.fr/comparatif-four-grille-pain/;Électroménager
Les meilleurs lave-vaisselle autonomes;https://meilleurtest.fr/comparatif-lave-vaisselle-autonome/;Électroménager
Les meilleurs lave-linges frontaux petite largeur;https://meilleurtest.fr/comparatif-lave-linge-frontal-petite-largeur/;Électroménager
Les meilleures machines à donuts;https://meilleurtest.fr/comparatif-machine-a-donuts/;Électroménager
Les meilleurs réfrigérateurs armoires;https://meilleurtest.fr/comparatif-refrigerateur-armoire/;Électroménager
Les meilleurs lave-vaisselles portables;https://meilleurtest.fr/comparatif-lave-vaisselle-portable/;Électroménager
Les meilleurs mini hachoirs;https://meilleurtest.fr/comparatif-mini-hachoir/;Électroménager
Les meilleures bouilloire en verre;https://meilleurtest.fr/comparatif-bouilloire-verre/;Électroménager
Les meilleurs moules à gâteaux;https://meilleurtest.fr/comparatif-moule-a-gateau/;Électroménager
Les meilleurs congélateurs armoires à froid ventilé;https://meilleurtest.fr/comparatif-congelateur-armoire-a-froid-ventile/;Électroménager
Les meilleurs fours vapeur;https://meilleurtest.fr/comparatif-four-vapeur/;Électroménager
Les meilleures machines à panini;https://meilleurtest.fr/comparatif-machine-a-panini/;Électroménager
Les meilleures bouilloires pour la santé;https://meilleurtest.fr/comparatif-bouilloire-pour-sante/;Électroménager
Les meilleures hottes casquettes;https://meilleurtest.fr/comparatif-hotte-casquette/;Électroménager
Les meilleures hottes décoratives;https://meilleurtest.fr/comparatif-hotte-decorative/;Électroménager
Les meilleurs lave-vaisselles 45 cm;https://meilleurtest.fr/comparatif-lave-vaisselle-45-cm/;Électroménager
Les meilleurs grille-pains 4 tranches;https://meilleurtest.fr/comparatif-grille-pain-4-tranches/;Électroménager
Les meilleurs réfrigérateurs silencieux;https://meilleurtest.fr/comparatif-refrigerateur-silencieux/;Électroménager
Les meilleurs lave-vaisselle silencieux;https://meilleurtest.fr/comparatif-lave-vaisselle-silencieux/;Électroménager
Les meilleures machines à cappuccino;https://meilleurtest.fr/comparatif-machine-a-cappuccino/;Électroménager
Les meilleurs lave-linge rapport qualité/prix;https://meilleurtest.fr/comparatif-lave-linge-rapport-qualite-prix/;Électroménager
Les meilleures machines à tuber électriques;https://meilleurtest.fr/comparatif-machine-a-tuber-electrique/;Électroménager
Les meilleurs lave-linges 10 kg;https://meilleurtest.fr/comparatif-lave-linges-10-kg/;Électroménager
Les meilleures cuves pour Cookeo;https://meilleurtest.fr/comparatif-cuve-pour-cookeo/;Électroménager
Les meilleurs réfrigérateurs 1 porte;https://meilleurtest.fr/comparatif-refrigerateur-1-porte/;Électroménager
Les meilleurs multicuiseurs;https://meilleurtest.fr/comparatif-multicuiseur/;Électroménager
Les meilleures ampoules G9 LED;https://meilleurtest.fr/comparatif-ampoule-g9-led/;Électroménager
Les meilleurs réfrigérateurs vintage;https://meilleurtest.fr/comparatif-frigo-vintage/;Électroménager
Les meilleurs minis congélateurs;https://meilleurtest.fr/comparatif-mini-congelateur/;Électroménager
Les meilleures gazinières;https://meilleurtest.fr/comparatif-gaziniere/;Électroménager
Les meilleurs fours à vapeur encastrables;https://meilleurtest.fr/comparatif-four-a-vapeur-encastrable/;Électroménager
Les meilleures bouilloires à température réglable;https://meilleurtest.fr/comparatif-bouilloire-a-temperature-reglable/;Électroménager
Les meilleurs lave-vaisselles Bosch;https://meilleurtest.fr/comparatif-lave-vaisselle-bosch/;Électroménager
Les meilleurs ventilateurs industriels;https://meilleurtest.fr/comparatif-ventilateur-industriel/;Électroménager
Les meilleurs sèche-linges à évacuation;https://meilleurtest.fr/comparatif-seche-linge-a-evacuation/;Électroménager
Les meilleurs fours à catalyse;https://meilleurtest.fr/comparatif-four-a-catalyse/;Électroménager
Les meilleurs mini blenders;https://meilleurtest.fr/comparatif-mini-blender/;Électroménager
Les meilleurs mousseurs à lait;https://meilleurtest.fr/comparatif-mousseur-a-lait/;Électroménager
Les meilleures ampoules basse consommation;https://meilleurtest.fr/comparatif-ampoule-basse-consommation/;Électroménager
Les meilleurs mixeurs plongeants;https://meilleurtest.fr/comparatif-mixeur-plongeant/;Électroménager
Les meilleures bouilloires électriques;https://meilleurtest.fr/comparatif-bouilloire-electrique/;Électroménager
Les meilleures bouilloires à thé;https://meilleurtest.fr/comparatif-bouilloire-a-the/;Électroménager
Les meilleures machines à pâtes;https://meilleurtest.fr/comparatif-machine-a-pates/;Électroménager
Les meilleures ampoules LED;https://meilleurtest.fr/comparatif-ampoule-led/;Électroménager
Les meilleurs kits de détartrage Senseo;https://meilleurtest.fr/comparatif-kit-de-detartrage-senseo/;Électroménager
Les meilleurs lave-linges top;https://meilleurtest.fr/comparatif-lave-linge-top/;Électroménager
Les meilleurs congélateurs armoires;https://meilleurtest.fr/comparatif-congelateur-armoire/;Électroménager
Les meilleurs lave-linge séchants;https://meilleurtest.fr/comparatif-lave-linge-sechant/;Électroménager
Les meilleurs lave-linge pas chers;https://meilleurtest.fr/comparatif-lave-linge-pas-cher/;Électroménager
Les meilleurs fours encastrables;https://meilleurtest.fr/comparatif-four-encastrable/;Électroménager
Les meilleurs lave-linges Miele;https://meilleurtest.fr/comparatif-lave-linge-miele/;Électroménager
Les meilleurs lave-linge;https://meilleurtest.fr/comparatif-lave-linge/;Électroménager
Les meilleures VMC simple flux;https://meilleurtest.fr/comparatif-vmc-simple-flux/;Électroménager
Les meilleurs sèche-linges;https://meilleurtest.fr/comparatif-seche-linge/;Électroménager
Les meilleurs sèche-chaussures;https://meilleurtest.fr/comparatif-seche-chaussures/;Électroménager
Les meilleurs sèche-linges avec pompe à chaleur;https://meilleurtest.fr/comparatif-seche-linge-avec-pompe-a-chaleur/;Électroménager
Les meilleurs mini fours électriques;https://meilleurtest.fr/comparatif-mini-four-electrique/;Électroménager
Les meilleurs sèche-linges à condensation;https://meilleurtest.fr/comparatif-seche-linge-a-condensation/;Électroménager
Les meilleurs lave-linges hublot;https://meilleurtest.fr/comparatif-lave-linge-hublot/;Électroménager
Les meilleurs fours à pyrolyse;https://meilleurtest.fr/comparatif-four-a-pyrolyse/;Électroménager
Les meilleures friteuses sans huile;https://meilleurtest.fr/comparatif-friteuse-sans-huile/;Électroménager
Les meilleures hottes aspirantes silencieuses;https://meilleurtest.fr/comparatif-hotte-aspirante-silencieuse/;Électroménager
Les meilleurs lave-vaisselles;https://meilleurtest.fr/comparatif-lave-vaisselle/;Électroménager
Les meilleurs réfrigérateurs congélateurs;https://meilleurtest.fr/comparatif-refrigerateur-congelateur/;Électroménager
Les meilleurs fours à vapeur encastrables;https://meilleurtest.fr/comparatif-four-a-vapeur-encastrable/;Électroménager
Les meilleures bouilloires à température réglable;https://meilleurtest.fr/comparatif-bouilloire-a-temperature-reglable/;Électroménager
Les meilleurs lave-vaisselles Bosch;https://meilleurtest.fr/comparatif-lave-vaisselle-bosch/;Électroménager
Les meilleurs ventilateurs industriels;https://meilleurtest.fr/comparatif-ventilateur-industriel/;Électroménager
Les meilleurs sèche-linges à évacuation;https://meilleurtest.fr/comparatif-seche-linge-a-evacuation/;Électroménager
Les meilleurs fours à catalyse;https://meilleurtest.fr/comparatif-four-a-catalyse/;Électroménager
Les meilleurs mini blenders;https://meilleurtest.fr/comparatif-mini-blender/;Électroménager
Les meilleurs mousseurs à lait;https://meilleurtest.fr/comparatif-mousseur-a-lait/;Électroménager
Les meilleures ampoules basse consommation;https://meilleurtest.fr/comparatif-ampoule-basse-consommation/;Électroménager
Les meilleurs mixeurs plongeants;https://meilleurtest.fr/comparatif-mixeur-plongeant/;Électroménager
Les meilleures bouilloires électriques;https://meilleurtest.fr/comparatif-bouilloire-electrique/;Électroménager
Les meilleures bouilloires à thé;https://meilleurtest.fr/comparatif-bouilloire-a-the/;Électroménager
Les meilleures machines à pâtes;https://meilleurtest.fr/comparatif-machine-a-pates/;Électroménager
Les meilleures ampoules LED;https://meilleurtest.fr/comparatif-ampoule-led/;Électroménager
Les meilleurs kits de détartrage Senseo;https://meilleurtest.fr/comparatif-kit-de-detartrage-senseo/;Électroménager
Les meilleurs lave-linges top;https://meilleurtest.fr/comparatif-lave-linge-top/;Électroménager
Les meilleurs congélateurs armoires;https://meilleurtest.fr/comparatif-congelateur-armoire/;Électroménager
Les meilleurs lave-linge séchants;https://meilleurtest.fr/comparatif-lave-linge-sechant/;Électroménager
Les meilleurs lave-linge pas chers;https://meilleurtest.fr/comparatif-lave-linge-pas-cher/;Électroménager
Les meilleurs fours encastrables;https://meilleurtest.fr/comparatif-four-encastrable/;Électroménager
Les meilleurs lave-linges Miele;https://meilleurtest.fr/comparatif-lave-linge-miele/;Électroménager
Les meilleurs lave-linge;https://meilleurtest.fr/comparatif-lave-linge/;Électroménager
Les meilleures VMC simple flux;https://meilleurtest.fr/comparatif-vmc-simple-flux/;Électroménager
Les meilleurs sèche-linges;https://meilleurtest.fr/comparatif-seche-linge/;Électroménager
Les meilleurs sèche-chaussures;https://meilleurtest.fr/comparatif-seche-chaussures/;Électroménager
Les meilleurs sèche-linges avec pompe à chaleur;https://meilleurtest.fr/comparatif-seche-linge-avec-pompe-a-chaleur/;Électroménager
Les meilleurs mini fours électriques;https://meilleurtest.fr/comparatif-mini-four-electrique/;Électroménager
Les meilleurs sèche-linges à condensation;https://meilleurtest.fr/comparatif-seche-linge-a-condensation/;Électroménager
Les meilleurs lave-linges hublot;https://meilleurtest.fr/comparatif-lave-linge-hublot/;Électroménager
Les meilleurs fours à pyrolyse;https://meilleurtest.fr/comparatif-four-a-pyrolyse/;Électroménager
Les meilleures friteuses sans huile;https://meilleurtest.fr/comparatif-friteuse-sans-huile/;Électroménager
Les meilleures hottes aspirantes silencieuses;https://meilleurtest.fr/comparatif-hotte-aspirante-silencieuse/;Électroménager
Les meilleurs lave-vaisselles;https://meilleurtest.fr/comparatif-lave-vaisselle/;Électroménager
Les meilleurs réfrigérateurs congélateurs;https://meilleurtest.fr/comparatif-refrigerateur-congelateur/;Électroménager
Les meilleures marques de TV 4K;https://meilleurtest.fr/comparatif-marque-de-tv-4k/;Électronique
Les meilleurs lecteurs CD bluetooth;https://meilleurtest.fr/comparatif-lecteur-cd-bluetooth/;Électronique
Les meilleurs convertisseurs 12V 220V;https://meilleurtest.fr/comparatif-convertisseur-12v-220v-2/;Électronique
Les meilleures antennes CB fixe;https://meilleurtest.fr/comparatif-antennes-cb-fixe/;Électronique
Les meilleurs lecteurs CD audiophiles;https://meilleurtest.fr/comparatif-lecteur-cd-audiophile/;Électronique
Les meilleurs adaptateurs peritel HDMI;https://meilleurtest.fr/comparatif-adaptateur-peritel-hdmi/;Électronique
Les meilleurs câbles HDMI sur Amazon;https://meilleurtest.fr/comparatif-cable-hdmi-amazon/;Électronique
Les meilleures Eleaf Istick;https://meilleurtest.fr/comparatif-eleaf-istick/;Électronique
Les meilleures antennes satellites;https://meilleurtest.fr/comparatif-antenne-satellite/;Électronique
Les meilleurs lecteurs Blu-ray 3D;https://meilleurtest.fr/comparatif-lecteur-blu-ray-3d/;Électronique
Les meilleurs projecteurs Galaxy Nova;https://meilleurtest.fr/comparatif-projecteur-galaxy-nova/;Électronique
Les meilleures cigarettes électroniques Eleaf;https://meilleurtest.fr/comparatif-cigarette-electronique-eleaf/;Électronique
Les meilleurs sites de reconditionné;https://meilleurtest.fr/comparatif-site-de-reconditionne/;Électronique
Les meilleurs lecteurs MP4 tactiles;https://meilleurtest.fr/comparatif-lecteur-mp4-tactile/;Électronique
Les meilleurs thermomètres intérieurs extérieurs sans fil;https://meilleurtest.fr/comparatif-thermometre-interieur-exterieur-sans-fil/;Électronique
Les meilleurs adaptateurs USB-C vers USB;https://meilleurtest.fr/comparatif-adaptateur-usb-c-vers-usb/;Électronique
Les meilleurs thermomètres auriculaires;https://meilleurtest.fr/comparatif-thermometre-auriculaire/;Électronique
Les meilleurs câbles d'antenne;https://meilleurtest.fr/comparatif-cable-dantenne/;Électronique
Les meilleurs lecteurs mp3 étanches;https://meilleurtest.fr/comparatif-lecteur-mp3-etanche/;Électronique
Les meilleurs tuners TV USB;https://meilleurtest.fr/comparatif-tuner-tv-usb/;Électronique
Les meilleurs thermomètres à lecture instantanée;https://meilleurtest.fr/comparatif-thermometre-a-lecture-instantanee/;Électronique
Les meilleures webcams pour le streaming;https://meilleurtest.fr/comparatif-webcam-pour-streaming/;Électronique
Les meilleurs câbles USB-C;https://meilleurtest.fr/comparatif-cable-usb-c/;Électronique
Les meilleures antennes TV extérieures;https://meilleurtest.fr/comparatif-antenne-tv-exterieure/;Électronique
Les meilleures paraboles satellites;https://meilleurtest.fr/comparatif-parabole-satellite/;Électronique
Les meilleurs lecteurs CD USB;https://meilleurtest.fr/comparatif-lecteur-cd-usb/;Électronique
Les meilleurs lecteurs MP3 Bluetooth;https://meilleurtest.fr/comparatif-lecteur-mp3-bluetooth/;Électronique
Les meilleurs câbles USB;https://meilleurtest.fr/comparatif-cable-usb/;Électronique
Les meilleurs convertisseurs de tension;https://meilleurtest.fr/comparatif-convertisseur-de-tension/;Électronique
Les meilleurs modems ADSL;https://meilleurtest.fr/comparatif-modem-adsl/;Électronique
Les meilleurs lecteurs MP3 enfant;https://meilleurtest.fr/comparatif-lecteur-mp3-enfant/;Électronique
Les meilleurs lecteurs CD portables pour enfant;https://meilleurtest.fr/comparatif-lecteur-cd-portable-pour-enfant/;Électronique
Les meilleurs thermomètres électroniques;https://meilleurtest.fr/comparatif-thermometre-electronique/;Électronique
Les meilleurs lecteurs MP4;https://meilleurtest.fr/comparatif-lecteur-mp4/;Électronique
Les meilleurs câbles HDMI 2.1;https://meilleurtest.fr/comparatif-cable-hdmi-2-1/;Électronique
Les meilleures antennes satellites plates;https://meilleurtest.fr/comparatif-antenne-satellite-plate/;Électronique
Les meilleures antennes TV;https://meilleurtest.fr/comparatif-antenne-tv/;Électronique
Les meilleurs transmetteurs Bluetooth pour TV;https://meilleurtest.fr/comparatif-transmetteur-bluetooth-pour-tv/;Électronique
Les meilleurs thermomètres infrarouges;https://meilleurtest.fr/comparatif-thermometre-infrarouge/;Électronique
Les meilleurs lecteurs enregistreurs de DVD;https://meilleurtest.fr/comparatif-lecteur-enregistreur-de-dvd/;Électronique
Les meilleurs câbles Ethernet;https://meilleurtest.fr/comparatif-cable-ethernet/;Électronique
Les meilleurs câbles HDMI;https://meilleurtest.fr/comparatif-cable-hdmi/;Électronique
Les meilleurs lecteurs DVD graveur;https://meilleurtest.fr/comparatif-lecteur-graveur-externe/;Électronique
Les meilleurs lecteurs DVD;https://meilleurtest.fr/comparatif-lecteur-dvd/;Électronique
Les meilleurs lecteurs Blu-ray 4K;https://meilleurtest.fr/comparatif-lecteur-blu-ray-4k/;Électronique
Les meilleurs Raspberry Pi 4;https://meilleurtest.fr/comparatif-raspberry-pi-4/;Électronique
Les meilleures webcams;https://meilleurtest.fr/comparatif-webcam/;Électronique
Les meilleurs Raspberry Pi 3;https://meilleurtest.fr/comparatif-raspberry-pi-3/;Électronique
Les meilleurs lecteurs CD;https://meilleurtest.fr/comparatif-lecteur-cd/;Électronique
Les meilleurs lecteurs CD portables;https://meilleurtest.fr/comparatif-lecteur-cd-portable/;Électronique
Les meilleurs thermomètres intérieurs;https://meilleurtest.fr/comparatif-thermometre-interieur/;Électronique
Les meilleurs lecteurs CD pour enfants;https://meilleurtest.fr/comparatif-lecteur-cd-enfant/;Électronique
Les meilleures multiprises parafoudres;https://meilleurtest.fr/comparatif-multiprise-parafoudre-parasupertenseur/;Électronique
Les meilleures antennes TNT extérieures;https://meilleurtest.fr/comparatif-antenne-tnt-exterieure/;Électronique
Les meilleures multiprises;https://meilleurtest.fr/comparatif-multiprise/;Électronique
Les meilleurs thermomètres extérieurs;https://meilleurtest.fr/comparatif-thermometre-exterieur/;Électronique
Les meilleures antennes omnidirectionnelles;https://meilleurtest.fr/comparatif-antenne-omnidirectionnelle/;Électronique
Les meilleures antennes TV d'intérieur;https://meilleurtest.fr/comparatif-antenne-tv-dinterieur/;Électronique
Les meilleurs lecteurs MP3;https://meilleurtest.fr/comparatif-lecteur-mp3/;Électronique
Les meilleurs thermomètres infrarouges;https://meilleurtest.fr/comparatif-thermometre-infrarouge/;Électronique
Les meilleurs lecteurs enregistreurs de DVD;https://meilleurtest.fr/comparatif-lecteur-enregistreur-de-dvd/;Électronique
Les meilleurs câbles Ethernet;https://meilleurtest.fr/comparatif-cable-ethernet/;Électronique
Les meilleurs câbles HDMI;https://meilleurtest.fr/comparatif-cable-hdmi/;Électronique
Les meilleurs lecteurs DVD graveur;https://meilleurtest.fr/comparatif-lecteur-graveur-externe/;Électronique
Les meilleurs lecteurs DVD;https://meilleurtest.fr/comparatif-lecteur-dvd/;Électronique
Les meilleurs lecteurs Blu-ray 4K;https://meilleurtest.fr/comparatif-lecteur-blu-ray-4k/;Électronique
Les meilleurs Raspberry Pi 4;https://meilleurtest.fr/comparatif-raspberry-pi-4/;Électronique
Les meilleures webcams;https://meilleurtest.fr/comparatif-webcam/;Électronique
Les meilleurs Raspberry Pi 3;https://meilleurtest.fr/comparatif-raspberry-pi-3/;Électronique
Les meilleurs lecteurs CD;https://meilleurtest.fr/comparatif-lecteur-cd/;Électronique
Les meilleurs lecteurs CD portables;https://meilleurtest.fr/comparatif-lecteur-cd-portable/;Électronique
Les meilleurs thermomètres intérieurs;https://meilleurtest.fr/comparatif-thermometre-interieur/;Électronique
Les meilleurs lecteurs CD pour enfants;https://meilleurtest.fr/comparatif-lecteur-cd-enfant/;Électronique
Les meilleures multiprises parafoudres;https://meilleurtest.fr/comparatif-multiprise-parafoudre-parasupertenseur/;Électronique
Les meilleures antennes TNT extérieures;https://meilleurtest.fr/comparatif-antenne-tnt-exterieure/;Électronique
Les meilleures multiprises;https://meilleurtest.fr/comparatif-multiprise/;Électronique
Les meilleurs thermomètres extérieurs;https://meilleurtest.fr/comparatif-thermometre-exterieur/;Électronique
Les meilleures antennes omnidirectionnelles;https://meilleurtest.fr/comparatif-antenne-omnidirectionnelle/;Électronique
Les meilleures antennes TV d'intérieur;https://meilleurtest.fr/comparatif-antenne-tv-dinterieur/;Électronique
Les meilleurs lecteurs MP3;https://meilleurtest.fr/comparatif-lecteur-mp3/;Électronique
Les meilleurs installateurs de panneaux solaires;https://meilleurtest.fr/comparatif-installateur-de-panneaux-solaires/;Énergie solaire résidentielle
Les meilleurs panneaux solaires plug-and-play;https://meilleurtest.fr/comparatif-panneau-solaire-plug-and-play/;Énergie solaire résidentielle
Les meilleurs kits solaires plug-and-play;https://meilleurtest.fr/comparatif-kit-solaire-plug-and-play/;Énergie solaire résidentielle
Les meilleurs kits solaires d'autoconsommation;https://meilleurtest.fr/comparatif-kit-solaire-autoconsommation/;Énergie solaire résidentielle
Les meilleurs groupes électrogènes silencieux;https://meilleurtest.fr/comparatif-groupe-electrogene-silencieux/;Énergie solaire résidentielle
Les meilleurs kits solaires autonomes;https://meilleurtest.fr/comparatif-kit-solaire-autonome/;Énergie solaire résidentielle
Les meilleures batteries pour panneaux solaires;https://meilleurtest.fr/comparatif-batterie-pour-panneau-solaire/;Énergie solaire résidentielle
Les meilleurs baromètres;https://meilleurtest.fr/comparatif-barometre/;Énergie solaire résidentielle
Les meilleurs groupes électrogènes pour maison;https://meilleurtest.fr/comparatif-groupe-electrogene-pour-maison/;Énergie solaire résidentielle
Les meilleurs anémomètres portables;https://meilleurtest.fr/comparatif-anemometre-portable/;Énergie solaire résidentielle
Les meilleurs chargeurs solaires portables;https://meilleurtest.fr/comparatif-chargeur-solaire-portable/;Énergie solaire résidentielle
Les meilleurs générateurs pour la maison;https://meilleurtest.fr/comparatif-generateur-pour-maison/;Énergie solaire résidentielle
Les meilleurs générateurs portables;https://meilleurtest.fr/comparatif-generateur-portable/;Énergie solaire résidentielle
Les meilleurs panneau solaire pour camping-car;https://meilleurtest.fr/comparatif-panneau-solaire-pour-camping-car/;Énergie solaire résidentielle
Les meilleurs panneaux solaires thermiques;https://meilleurtest.fr/comparatif-panneau-solaire-thermique/;Énergie solaire résidentielle
Les meilleurs chauffe-eaux solaires;https://meilleurtest.fr/comparatif-chauffe-eaux-solaire/;Énergie solaire résidentielle
Les meilleurs panneaux solaires portables;https://meilleurtest.fr/comparatif-panneaux-solaires-portables/;Énergie solaire résidentielle
Les meilleurs chauffe-eaux solaires;https://meilleurtest.fr/comparatif-chauffe-eaux-solaire/;Énergie solaire résidentielle
Les meilleurs panneaux solaires portables;https://meilleurtest.fr/comparatif-panneaux-solaires-portables/;Énergie solaire résidentielle
Les meilleures bandes de cire froide;https://meilleurtest.fr/comparatif-bande-de-cire-froide/;Épilation
Les meilleurs épilateurs maillot intégral;https://meilleurtest.fr/comparatif-epilateur-maillot-integral/;Épilation
Les meilleures crèmes dépilatoires zone intime pour les hommes;https://meilleurtest.fr/comparatif-creme-depilatoire-zone-intime-pour-les-hommes/;Épilation
Les meilleures crèmes dépilatoires zone intime pour les femmes;https://meilleurtest.fr/comparatif-creme-depilatoire-zone-intime-pour-les-femmes/;Épilation
Les meilleurs épilateurs laser professionnels;https://meilleurtest.fr/comparatif-epilateur-laser-professionnel/;Épilation
Les meilleures cires roll-on;https://meilleurtest.fr/comparatif-cire-roll-on/;Épilation
Les meilleures cires en billes;https://meilleurtest.fr/comparatif-cire-en-billes/;Épilation
Les meilleurs épilateurs électriques Braun;https://meilleurtest.fr/comparatif-epilateur-electrique-braun/;Épilation
Les meilleures crèmes dépilatoire visage;https://meilleurtest.fr/comparatif-creme-depilatoire-visage/;Épilation
Les meilleurs rasoirs jetables pour femme;https://meilleurtest.fr/comparatif-rasoir-jetable-pour-femme/;Épilation
Les meilleures cires à épiler visage;https://meilleurtest.fr/comparatif-cires-a-epiler-visage/;Épilation
Les meilleures crèmes dépilatoires;https://meilleurtest.fr/comparatif-creme-depilatoire/;Épilation
Les meilleurs épilateurs laser;https://meilleurtest.fr/comparatif-epilateur-laser/;Épilation
Les meilleurs appareils à cire chaude;https://meilleurtest.fr/comparatif-appareil-a-cire-chaude/;Épilation
Les meilleurs épilateurs définitifs;https://meilleurtest.fr/comparatif-epilateur-definitif/;Épilation
Les meilleurs rasoirs maillot pour femmes;https://meilleurtest.fr/comparatif-rasoir-maillot-pour-femme/;Épilation
Les meilleures crèmes dépilatoire pour homme;https://meilleurtest.fr/comparatif-creme-depilatoire-pour-homme/;Épilation
Les meilleurs rasoirs pour femme;https://meilleurtest.fr/comparatif-rasoir-pour-femme/;Épilation
Les meilleures cires à épiler;https://meilleurtest.fr/comparatif-cire-a-epiler/;Épilation
Les meilleurs chauffe-cires professionnels;https://meilleurtest.fr/comparatif-chauffe-cires-professionnel/;Épilation
Les meilleurs épilateurs électriques;https://meilleurtest.fr/comparatif-epilateur-electrique/;Épilation
Les meilleurs épilateurs à lumière pulsée;https://meilleurtest.fr/comparatif-epilateur-a-lumiere-pulsee/;Épilation
Les meilleurs épilateurs sans douleur;https://meilleurtest.fr/comparatif-epilateur-sans-douleur-2/;Épilation
Les meilleures cires orientales;https://meilleurtest.fr/comparatif-cire-orientale/;Épilation
Les meilleurs épilateurs électriques;https://meilleurtest.fr/comparatif-epilateur-electrique/;Épilation
Les meilleurs épilateurs à lumière pulsée;https://meilleurtest.fr/comparatif-epilateur-a-lumiere-pulsee/;Épilation
Les meilleurs épilateurs sans douleur;https://meilleurtest.fr/comparatif-epilateur-sans-douleur-2/;Épilation
Les meilleures cires orientales;https://meilleurtest.fr/comparatif-cire-orientale/;Épilation
Les meilleures parapharmacies en ligne pas chères;https://meilleurtest.fr/comparatif-parapharmacie-en-ligne-pas-chere/;Équipement médical
Les meilleurs tensiomètres poignet;https://meilleurtest.fr/comparatif-tensiometre-poignet/;Équipement médical
Les meilleurs inhalateurs;https://meilleurtest.fr/comparatif-inhalateur/;Équipement médical
Les meilleures pommades anti-inflammatoires;https://meilleurtest.fr/comparatif-meilleure-pommade-anti-inflammatoire/;Équipement médical
Les meilleurs appareils auditifs de classe 2;https://meilleurtest.fr/comparatif-appareil-auditif-de-classe-2/;Équipement médical
Les meilleurs appareils auditifs de classe 1;https://meilleurtest.fr/comparatif-appareil-auditif-de-classe-1/;Équipement médical
Les meilleurs tire-tiques;https://meilleurtest.fr/comparatif-tire-tique/;Équipement médical
Les meilleurs tensiomètres Omron;https://meilleurtest.fr/comparatif-tensiometre-omron/;Équipement médical
Les meilleures attelles de genou;https://meilleurtest.fr/comparatif-attelle-de-genou/;Équipement médical
Les meilleurs stéthoscopes;https://meilleurtest.fr/comparatif-stethoscope/;Équipement médical
Les meilleures pastilles contre la toux;https://meilleurtest.fr/comparatif-pastilles-contre-toux/;Équipement médical
Les meilleurs test Covid à domicile;https://meilleurtest.fr/comparatif-test-covid-a-domicile/;Équipement médical
Les meilleurs tests d'ovulation;https://meilleurtest.fr/comparatif-test-dovulation/;Équipement médical
Les meilleurs thermomètres bébé;https://meilleurtest.fr/comparatif-thermometre-bebe/;Équipement médical
Les meilleurs sérums physiologiques;https://meilleurtest.fr/comparatif-serum-physiologique/;Équipement médical
Les meilleurs tests de grossesse;https://meilleurtest.fr/comparatif-test-de-grossesse/;Équipement médical
Les meilleures chaussettes de contention pour femme;https://meilleurtest.fr/comparatif-chaussettes-de-contention-pour-femme/;Équipement médical
Les meilleures chaussettes de contention pour homme;https://meilleurtest.fr/comparatif-chaussettes-de-contention-pour-homme/;Équipement médical
Les meilleurs décongestionnants nasaux;https://meilleurtest.fr/comparatif-decongestionnant-nasal/;Équipement médical
Les meilleurs masques lavables anti Covid-19;https://meilleurtest.fr/comparatif-masque-lavable-anti-covid-19/;Équipement médical
Les meilleurs thermomètres mercure;https://meilleurtest.fr/comparatif-thermometre-mercure/;Équipement médical
Les meilleurs tensiomètres manuels;https://meilleurtest.fr/comparatif-tensiometre-manuel/;Équipement médical
Les meilleures parapharmacie en ligne;https://meilleurtest.fr/comparatif-parapharmacie-ligne/;Équipement médical
Les meilleures couveuses automatiques;https://meilleurtest.fr/comparatif-couveuse-automatique/;Équipement médical
Les meilleurs nébuliseurs;https://meilleurtest.fr/comparatif-nebuliseur/;Équipement médical
Les meilleures béquilles;https://meilleurtest.fr/comparatif-bequille/;Équipement médical
Les meilleurs thermomètres médicaux;https://meilleurtest.fr/comparatif-thermometre-medical/;Équipement médical
Les meilleures caméras thermiques;https://meilleurtest.fr/comparatif-camera-thermique/;Équipement médical
Les meilleurs bas de contention pour homme;https://meilleurtest.fr/comparatif-bas-de-contention-homme/;Équipement médical
Les meilleurs correcteurs d'hallux valgus;https://meilleurtest.fr/comparatif-correcteur-hallux-valgus/;Équipement médical
Les meilleurs traitements contre les champignons des ongles de pieds;https://meilleurtest.fr/comparatif-traitement-contre-champignons-des-ongles-de-pied/;Équipement médical
Les meilleurs appareils auditifs;https://meilleurtest.fr/comparatif-appareil-auditif/;Équipement médical
Les meilleures chaussettes de contention;https://meilleurtest.fr/comparatif-chausettes-de-contention/;Équipement médical
Les meilleures caméras thermiques;https://meilleurtest.fr/comparatif-camera-thermique/;Équipement médical
Les meilleurs bas de contention pour homme;https://meilleurtest.fr/comparatif-bas-de-contention-homme/;Équipement médical
Les meilleurs correcteurs d'hallux valgus;https://meilleurtest.fr/comparatif-correcteur-hallux-valgus/;Équipement médical
Les meilleurs traitements contre les champignons des ongles de pieds;https://meilleurtest.fr/comparatif-traitement-contre-champignons-des-ongles-de-pied/;Équipement médical
Les meilleurs appareils auditifs;https://meilleurtest.fr/comparatif-appareil-auditif/;Équipement médical
Les meilleures chaussettes de contention;https://meilleurtest.fr/comparatif-chausettes-de-contention/;Équipement médical
Les meilleurs chaussons d'escalade;https://meilleurtest.fr/comparatif-chaussons-descalade/;Escalade
Les meilleurs chaussons d'escalade;https://meilleurtest.fr/comparatif-chaussons-descalade/;Escalade
Les meilleurs crampons de foot;https://meilleurtest.fr/comparatif-crampons-de-foot/;Football
Les meilleures chaussures de foot pour terrain synthétique;https://meilleurtest.fr/comparatif-les-meilleures-chaussures-de-foot-pour-terrain-synthetique/;Football
Les meilleures chaussures de futsal;https://meilleurtest.fr/comparatif-chaussures-de-futsal/;Football
Les meilleurs gants de gardien de but;https://meilleurtest.fr/comparatif-gant-garden-de-but/;Football
Les meilleures chaussures de football;https://meilleurtest.fr/comparatif-chaussures-de-football/;Football
Les meilleurs ballons de football;https://meilleurtest.fr/comparatif-ballon-de-football/;Football
Les meilleurs gants de gardien de but;https://meilleurtest.fr/comparatif-gant-garden-de-but/;Football
Les meilleures chaussures de football;https://meilleurtest.fr/comparatif-chaussures-de-football/;Football
Les meilleurs ballons de football;https://meilleurtest.fr/comparatif-ballon-de-football/;Football
Les meilleurs fournisseurs d'énergie;https://meilleurtest.fr/comparatif-fournisseur-d-energie/;fournisseur d'énergie
Les meilleurs fournisseurs d'énergie;https://meilleurtest.fr/comparatif-fournisseur-d-energie/;fournisseur d'énergie
Les meilleurs configs PC gamer;https://meilleurtest.fr/comparatif-config-pc-gamer/;Gaming
Les meilleurs DVA;https://meilleurtest.fr/comparatif-dva/;Gaming
Les meilleures enceintes PC gamer;https://meilleurtest.fr/comparatif-enceinte-pc-gamer/;Gaming
Les meilleurs PC portables gamer à moins de 1500 euros;https://meilleurtest.fr/comparatif-pc-portable-gamer-a-moins-de-1500-euros/;Gaming
Les meilleures consoles de retrogaming;https://meilleurtest.fr/comparatif-console-de-retrogaming/;Gaming
Les meilleures tours PC gamer;https://meilleurtest.fr/comparatif-tour-pc-gamer/;Gaming
Les meilleures cartes graphiques gamer;https://meilleurtest.fr/comparatif-carte-graphique-gamer/;Gaming
Les meilleurs docks Nintendo Switch;https://meilleurtest.fr/comparatif-dock-nintendo-switch/;Gaming
Les meilleurs sticks arcade PC;https://meilleurtest.fr/comparatif-stick-arcade-pc/;Gaming
Les meilleures lunettes de gaming;https://meilleurtest.fr/comparatif-lunettes-de-gaming/;Gaming
Les meilleurs claviers mécaniques 60%;https://meilleurtest.fr/comparatif-clavier-mecanique-60/;Gaming
Les meilleures souris Razer;https://meilleurtest.fr/comparatif-souris-razer/;Gaming
Les meilleurs claviers Razer;https://meilleurtest.fr/comparatif-clavier-razer/;Gaming
Les meilleurs PC Acer Predator;https://meilleurtest.fr/comparatif-pc-acer-predator/;Gaming
Les meilleures souris Steelseries;https://meilleurtest.fr/comparatif-souris-steelseries/;Gaming
Les meilleurs PC Megaport;https://meilleurtest.fr/comparatif-pc-megaport/;Gaming
Les meilleurs casques Razer sans fil;https://meilleurtest.fr/comparatif-casque-razer-sans-fil/;Gaming
Les meilleurs boîtiers PC gamer RGB;https://meilleurtest.fr/comparatif-boitier-pc-gamer-rgb/;Gaming
Les meilleurs PC gamer fixes rapport qualité/prix;https://meilleurtest.fr/comparatif-pc-gamer-fixes-rapport-qualite-prix/;Gaming
Les meilleurs claviers TKL;https://meilleurtest.fr/comparatif-clavier-tkl/;Gaming
Les meilleures manettes Android;https://meilleurtest.fr/comparatif-manette-android/;Gaming
Les meilleurs claviers 60 pourcent;https://meilleurtest.fr/comparatif-clavier-60-pourcent/;Gaming
Les meilleurs écouteurs gaming;https://meilleurtest.fr/comparatif-ecouteurs-gaming/;Gaming
Les meilleures souris gamer pour FPS;https://meilleurtest.fr/comparatif-souris-gamer-pour-fps/;Gaming
Les meilleurs écrans PC gamer incurvés;https://meilleurtest.fr/comparatif-ecran-pc-gamer-incurve/;Gaming
Les meilleures tablettes gaming;https://meilleurtest.fr/comparatif-tablette-gaming/;Gaming
Les meilleurs SSD pour PS5;https://meilleurtest.fr/comparatif-ssd-pour-ps5/;Gaming
Les meilleurs volants de course;https://meilleurtest.fr/comparatif-volant-de-course/;Gaming
Les meilleurs claviers et souris pour PS4;https://meilleurtest.fr/comparatif-clavier-et-souris-pour-ps4/;Gaming
Les meilleurs routeurs WiFi pour gamer;https://meilleurtest.fr/comparatif-routeur-wifi-pour-gamer/;Gaming
Les meilleurs casques gamer PC;https://meilleurtest.fr/comparatif-casque-gamer-pc/;Gaming
Les meilleurs écrans pour PS5;https://meilleurtest.fr/comparatif-ecran-pour-ps5/;Gaming
Les meilleurs écrans pour Xbox série X;https://meilleurtest.fr/comparatif-ecran-pour-xbox-serie-x/;Gaming
Les meilleures manettes Xbox;https://meilleurtest.fr/comparatif-manette-xbox/;Gaming
Les meilleurs SSD gaming;https://meilleurtest.fr/comparatif-ssd-gaming/;Gaming
Les meilleurs claviers gamer sans fil;https://meilleurtest.fr/comparatif-clavier-gamer-sans-fil/;Gaming
Les meilleures cartes Wifi pour PC gamer;https://meilleurtest.fr/comparatif-carte-wifi-pour-pc-gamer/;Gaming
Les meilleurs casques gaming avec micro;https://meilleurtest.fr/comparatif-casque-micro-gamer/;Gaming
Les meilleurs micros PC gamer;https://meilleurtest.fr/comparatif-micro-pc-gamer/;Gaming
Les meilleurs joypads;https://meilleurtest.fr/comparatif-joypad/;Gaming
Les meilleurs casques gamer à moins de 100 euros;https://meilleurtest.fr/comparatif-casque-gamer-a-moins-de-100-euros/;Gaming
Les meilleures souris MMO;https://meilleurtest.fr/comparatif-souris-mmo/;Gaming
Les meilleurs PC portables gamer à moins de 1000 euros;https://meilleurtest.fr/comparatif-pc-portable-gamer-a-moins-de-1000-euros/;Gaming
Les meilleures souris gamer pas chères;https://meilleurtest.fr/comparatif-souris-gamer-pas-chere/;Gaming
Les meilleures souris gamer pour gaucher;https://meilleurtest.fr/comparatif-souris-gamer-pour-gaucher/;Gaming
Les meilleurs casques pour Nintendo Switch;https://meilleurtest.fr/comparatif-casque-pour-nintendo-switch/;Gaming
Les meilleurs casques gamer PS5;https://meilleurtest.fr/comparatif-casque-gamer-ps5/;Gaming
Les meilleurs tapis de souris gamer;https://meilleurtest.fr/comparatif-tapis-de-souris-gamer/;Gaming
Les meilleures manettes Switch;https://meilleurtest.fr/comparatif-manette-switch/;Gaming
Les meilleures cartes mères gamer;https://meilleurtest.fr/comparatif-carte-mere-gamer/;Gaming
Les meilleurs PC portables gamer rapport qualité/prix;https://meilleurtest.fr/comparatif-pc-portables-gamer-rapport-qualite-prix/;Gaming
Les meilleurs casques PS5;https://meilleurtest.fr/comparatif-casque-ps5/;Gaming
Les meilleurs volants Xbox One;https://meilleurtest.fr/comparatif-volant-xbox-one/;Gaming
Les meilleurs casques gaming;https://meilleurtest.fr/comparatif-casque-gamer/;Gaming
Les meilleurs bureaux gamer;https://meilleurtest.fr/comparatif-bureau-gamer/;Gaming
Les meilleurs casques gamer sans fil;https://meilleurtest.fr/comparatif-casque-gamer-sans-fil/;Gaming
Les meilleurs claviers gamer pas chers;https://meilleurtest.fr/comparatif-clavier-gamer-pas-cher/;Gaming
Les meilleurs claviers mécaniques;https://meilleurtest.fr/comparatif-clavier-mecanique/;Gaming
Les meilleurs claviers mécaniques pas chers;https://meilleurtest.fr/comparatif-clavier-mecanique-pas-cher/;Gaming
Les meilleures manettes PS4;https://meilleurtest.fr/comparatif-manette-ps4/;Gaming
Les meilleurs PC gamer fixes pas chers;https://meilleurtest.fr/comparatif-pc-gamer-fixe-pas-cher/;Gaming
Les meilleures chaises gamer;https://meilleurtest.fr/comparatif-chaise-gamer/;Gaming
Les meilleurs casques gamer HyperX;https://meilleurtest.fr/comparatif-casques-gamer-hyperx/;Gaming
Les meilleures lunettes de repos;https://meilleurtest.fr/comparatif-lunette-de-repos/;Gaming
Les meilleures chaises gamer pas chères;https://meilleurtest.fr/comparatif-chaise-gamer-pas-chere/;Gaming
Les meilleurs smartphones gamer;https://meilleurtest.fr/comparatif-smartphone-gamer/;Gaming
Les meilleurs écrans pour PS4;https://meilleurtest.fr/comparatif-ecran-pour-ps4/;Gaming
Les meilleurs écrans PC gamer 4K;https://meilleurtest.fr/comparatif-ecran-pc-gamer-4k/;Gaming
Les meilleures barrettes de RAM pour PC gamer;https://meilleurtest.fr/comparatif-barrette-ram-pc-gamer/;Gaming
Les meilleurs PC portables gamer pas chers;https://meilleurtest.fr/comparatif-pc-portable-gamer-pas-cher/;Gaming
Les meilleurs PC gamer fixes;https://meilleurtest.fr/comparatif-pc-gamer-fixe/;Gaming
Les meilleurs claviers gamer;https://meilleurtest.fr/comparatif-clavier-gamer/;Gaming
Les meilleurs PC portables gamer;https://meilleurtest.fr/comparatif-pc-portable-gamer/;Gaming
Les meilleurs casques PS5;https://meilleurtest.fr/comparatif-casque-ps5/;Gaming
Les meilleurs volants Xbox One;https://meilleurtest.fr/comparatif-volant-xbox-one/;Gaming
Les meilleurs casques gaming;https://meilleurtest.fr/comparatif-casque-gamer/;Gaming
Les meilleurs bureaux gamer;https://meilleurtest.fr/comparatif-bureau-gamer/;Gaming
Les meilleurs casques gamer sans fil;https://meilleurtest.fr/comparatif-casque-gamer-sans-fil/;Gaming
Les meilleurs claviers gamer pas chers;https://meilleurtest.fr/comparatif-clavier-gamer-pas-cher/;Gaming
Les meilleurs claviers mécaniques;https://meilleurtest.fr/comparatif-clavier-mecanique/;Gaming
Les meilleurs claviers mécaniques pas chers;https://meilleurtest.fr/comparatif-clavier-mecanique-pas-cher/;Gaming
Les meilleures manettes PS4;https://meilleurtest.fr/comparatif-manette-ps4/;Gaming
Les meilleurs PC gamer fixes pas chers;https://meilleurtest.fr/comparatif-pc-gamer-fixe-pas-cher/;Gaming
Les meilleures chaises gamer;https://meilleurtest.fr/comparatif-chaise-gamer/;Gaming
Les meilleurs casques gamer HyperX;https://meilleurtest.fr/comparatif-casques-gamer-hyperx/;Gaming
Les meilleures lunettes de repos;https://meilleurtest.fr/comparatif-lunette-de-repos/;Gaming
Les meilleures chaises gamer pas chères;https://meilleurtest.fr/comparatif-chaise-gamer-pas-chere/;Gaming
Les meilleurs smartphones gamer;https://meilleurtest.fr/comparatif-smartphone-gamer/;Gaming
Les meilleurs écrans pour PS4;https://meilleurtest.fr/comparatif-ecran-pour-ps4/;Gaming
Les meilleurs écrans PC gamer 4K;https://meilleurtest.fr/comparatif-ecran-pc-gamer-4k/;Gaming
Les meilleures barrettes de RAM pour PC gamer;https://meilleurtest.fr/comparatif-barrette-ram-pc-gamer/;Gaming
Les meilleurs PC portables gamer pas chers;https://meilleurtest.fr/comparatif-pc-portable-gamer-pas-cher/;Gaming
Les meilleurs PC gamer fixes;https://meilleurtest.fr/comparatif-pc-gamer-fixe/;Gaming
Les meilleurs claviers gamer;https://meilleurtest.fr/comparatif-clavier-gamer/;Gaming
Les meilleurs PC portables gamer;https://meilleurtest.fr/comparatif-pc-portable-gamer/;Gaming
Les meilleurs sacs de golf;https://meilleurtest.fr/comparatif-sac-de-golf/;Golf
Les meilleures chaussures de golf;https://meilleurtest.fr/comparatif-chaussure-de-golf/;Golf
Les meilleurs chariots de golf;https://meilleurtest.fr/comparatif-chariot-de-golf/;Golf
Les meilleures balles de golf;https://meilleurtest.fr/comparatif-balles-de-golf/;Golf
Les meilleurs chariots de golf 3 roues;https://meilleurtest.fr/comparatif-chariot-de-golf-3-roues/;Golf
Les meilleurs sets de clubs de golf;https://meilleurtest.fr/comparatif-set-de-clubs-de-golf/;Golf
Les meilleurs sets de clubs de golf;https://meilleurtest.fr/comparatif-set-de-clubs-de-golf/;Golf
Les meilleures TV à moins de 300 euros;https://meilleurtest.fr/comparatif-tv-a-moins-de-300-euros/;"Home-cinéma &amp; TV"
Les meilleures TV 4K à moins de 1000 euros;https://meilleurtest.fr/comparatif-tv-4k-a-moins-de-1000-euros/;"Home-cinéma &amp; TV"
Les meilleurs home cinémas pas chers;https://meilleurtest.fr/comparatif-home-cinema-pas-cher/;"Home-cinéma &amp; TV"
Les meilleurs home cinéma 5.1 sans fil;https://meilleurtest.fr/comparatif-home-cinema-5-1-sans-fil/;"Home-cinéma &amp; TV"
Les meilleures TV 108 cm;https://meilleurtest.fr/comparatif-tv-108-cm/;"Home-cinéma &amp; TV"
Les meilleures TV Samsung 55 pouces;https://meilleurtest.fr/comparatif-tv-samsung-55-pouces/;"Home-cinéma &amp; TV"
Les meilleures TV QLED 65 pouces;https://meilleurtest.fr/comparatif-tv-qled-65-pouces/;"Home-cinéma &amp; TV"
Les meilleures TV OLED 48 pouces;https://meilleurtest.fr/comparatif-tv-oled-48-pouces/;"Home-cinéma &amp; TV"
Les meilleures TV OLED 55 pouces;https://meilleurtest.fr/comparatif-tv-oled-55-pouces/;"Home-cinéma &amp; TV"
Les meilleures TV QLED 55 pouces;https://meilleurtest.fr/comparatif-tv-qled-55-pouces/;"Home-cinéma &amp; TV"
Les meilleurs vidéoprojecteurs Bluetooth;https://meilleurtest.fr/comparatif-videoprojecteur-bluetooth/;"Home-cinéma &amp; TV"
Les meilleurs mini vidéoprojecteurs;https://meilleurtest.fr/comparatif-mini-videoprojecteur/;"Home-cinéma &amp; TV"
Les meilleurs décodeurs Canal Ready HD;https://meilleurtest.fr/comparatif-decodeur-canal-ready-hd/;"Home-cinéma &amp; TV"
Les meilleurs vidéoprojecteurs d'extérieur;https://meilleurtest.fr/comparatif-videoprojecteur-dexterieur/;"Home-cinéma &amp; TV"
Les meilleures TV portables TNT;https://meilleurtest.fr/comparatif-tv-portable-tnt/;"Home-cinéma &amp; TV"
Les meilleurs Home cinémas Sony;https://meilleurtest.fr/comparatif-home-cinema-sony-2/;"Home-cinéma &amp; TV"
Les meilleurs home cinema Yamaha;https://meilleurtest.fr/comparatif-home-cinema-yamaha/;"Home-cinéma &amp; TV"
Les meilleurs vidéoprojecteurs Benq;https://meilleurtest.fr/comparatif-videoprojecteur-benq/;"Home-cinéma &amp; TV"
Les meilleurs home cinéma Philips;https://meilleurtest.fr/comparatif-home-cinema-philips/;"Home-cinéma &amp; TV"
Les meilleurs vidéoprojecteurs Epson;https://meilleurtest.fr/comparatif-videoprojecteur-epson/;"Home-cinéma &amp; TV"
Les meilleurs home cinéma Samsung;https://meilleurtest.fr/comparatif-home-cinema-samsung/;"Home-cinéma &amp; TV"
Les meilleures TV TCL;https://meilleurtest.fr/comparatif-tv-tcl/;"Home-cinéma &amp; TV"
Les meilleures TV Philips;https://meilleurtest.fr/comparatif-tv-philips/;"Home-cinéma &amp; TV"
Les meilleures TV LG;https://meilleurtest.fr/comparatif-tv-lg/;"Home-cinéma &amp; TV"
Les meilleures TV Sony;https://meilleurtest.fr/comparatif-tv-sony/;"Home-cinéma &amp; TV"
Les meilleures TV Chiq;https://meilleurtest.fr/comparatif-tv-chiq/;"Home-cinéma &amp; TV"
Les meilleurs home cinémas Bose;https://meilleurtest.fr/comparatif-home-cinema-bose/;"Home-cinéma &amp; TV"
Les meilleurs home cinéma haut de gamme;https://meilleurtest.fr/comparatif-home-cinema-haut-de-gamme/;"Home-cinéma &amp; TV"
Les meilleures TV à moins de 500 euros;https://meilleurtest.fr/comparatif-tv-a-moins-de-500-euros/;"Home-cinéma &amp; TV"
Les meilleures TV à moins de 800 euros;https://meilleurtest.fr/comparatif-tv-a-moins-de-800-euros/;"Home-cinéma &amp; TV"
Les meilleures TV 70 cm;https://meilleurtest.fr/comparatif-tv-70-cm/;"Home-cinéma &amp; TV"
Les meilleures TV 4K incurvées;https://meilleurtest.fr/comparatif-tv-4k-incurvee/;"Home-cinéma &amp; TV"
Les meilleurs switch HDMI;https://meilleurtest.fr/comparatif-switch-hdmi/;"Home-cinéma &amp; TV"
Les meilleurs home cinéma rapport qualité/prix;https://meilleurtest.fr/comparatif-home-cinema-rapport-qualite-prix/;"Home-cinéma &amp; TV"
Les meilleurs sticks TV;https://meilleurtest.fr/comparatif-stick-tv/;"Home-cinéma &amp; TV"
Les meilleures TV OLED 65 pouces;https://meilleurtest.fr/comparatif-tv-oled-65-pouces/;"Home-cinéma &amp; TV"
Les meilleures TV 65 pouces à moins de 1000 euros;https://meilleurtest.fr/comparatif-tv-65-pouces-a-moins-de-1000-euros/;"Home-cinéma &amp; TV"
Les meilleures TV 50 pouces;https://meilleurtest.fr/comparatif-tv-50-pouces/;"Home-cinéma &amp; TV"
Les meilleurs systèmes surround;https://meilleurtest.fr/comparatif-systeme-surround/;"Home-cinéma &amp; TV"
Les meilleures TV 70 pouces;https://meilleurtest.fr/comparatif-tv-70-pouces/;"Home-cinéma &amp; TV"
Les meilleurs vidéoprojecteurs pas chers;https://meilleurtest.fr/comparatif-videoprojecteur-pas-cher/;"Home-cinéma &amp; TV"
Les meilleures TV 85 pouces;https://meilleurtest.fr/comparatif-tv-85-pouces/;"Home-cinéma &amp; TV"
Les meilleurs TV d'extérieur;https://meilleurtest.fr/comparatif-tv-dexterieur/;"Home-cinéma &amp; TV"
Les meilleures TV 40 pouces;https://meilleurtest.fr/comparatif-tv-40-pouces/;"Home-cinéma &amp; TV"
Les meilleurs vidéoprojecteurs home cinéma;https://meilleurtest.fr/comparatif-videoprojecteur-home-cinema/;"Home-cinéma &amp; TV"
Les meilleures TV incurvées;https://meilleurtest.fr/comparatif-tv-incurvee/;"Home-cinéma &amp; TV"
Les meilleures TV à moins de 400 euros;https://meilleurtest.fr/comparatif-tv-a-moins-de-400-euros/;"Home-cinéma &amp; TV"
Les meilleurs écrans pour vidéoprojecteur sur pied;https://meilleurtest.fr/comparatif-ecran-pour-videoprojecteur-sur-pied/;"Home-cinéma &amp; TV"
Les meilleures TV OLED 4K;https://meilleurtest.fr/comparatif-tv-oled-4k/;"Home-cinéma &amp; TV"
Les meilleurs home cinéma Bluetooth;https://meilleurtest.fr/comparatif-home-cinema-bluetooth/;"Home-cinéma &amp; TV"
Les meilleures TV à écran plat;https://meilleurtest.fr/comparatif-tv-a-ecran-plat/;"Home-cinéma &amp; TV"
Les meilleurs écrans pour vidéoprojecteur motorisés;https://meilleurtest.fr/comparatif-ecran-pour-videoprojecteur-motorise/;"Home-cinéma &amp; TV"
Les meilleurs décodeurs TV fibre;https://meilleurtest.fr/comparatif-decodeur-tv-fibre/;"Home-cinéma &amp; TV"
Les meilleurs home cinéma 5.1;https://meilleurtest.fr/comparatif-home-cinema-5-1/;"Home-cinéma &amp; TV"
Les meilleures TV 22 pouces;https://meilleurtest.fr/comparatif-tv-22-pouces/;"Home-cinéma &amp; TV"
Les meilleures TV 120 Hz;https://meilleurtest.fr/comparatif-tv-120-hz/;"Home-cinéma &amp; TV"
Les meilleures TV ayant le meilleur son;https://meilleurtest.fr/comparatif-tv-ayant-son/;"Home-cinéma &amp; TV"
Les meilleures TV 4k pas chères;https://meilleurtest.fr/comparatif-tv-4k-pas-chere/;"Home-cinéma &amp; TV"
Les meilleures TV de 80 cm;https://meilleurtest.fr/comparatif-tv-de-80-cm/;"Home-cinéma &amp; TV"
Les meilleurs décodeurs satellite HD;https://meilleurtest.fr/comparatif-decodeur-satellite-hd/;"Home-cinéma &amp; TV"
Les meilleurs amplis de home cinéma;https://meilleurtest.fr/comparatif-ampli-audio-video-pour-home-cinema/;"Home-cinéma &amp; TV"
Les meilleures TVs 4K HDR de 50 pouces;https://meilleurtest.fr/comparatif-tv-4k-hdr-de-50-pouces/;"Home-cinéma &amp; TV"
Les meilleures TVs 4K de 43 pouces;https://meilleurtest.fr/comparatif-tv-4k-hdr-de-43-pouces/;"Home-cinéma &amp; TV"
Les meilleures TV rapport qualité/prix;https://meilleurtest.fr/comparatif-tv-rapport-qualite-prix/;"Home-cinéma &amp; TV"
Les meilleures TV 55 pouces à moins de 600 euros;https://meilleurtest.fr/comparatif-tv-55-pouces-a-moins-de-600-euros/;"Home-cinéma &amp; TV"
Les meilleures TV 43 pouces;https://meilleurtest.fr/comparatif-tv-43-pouces/;"Home-cinéma &amp; TV"
Les meilleurs vidéoprojecteurs rapport qualité/prix;https://meilleurtest.fr/comparatif-videoprojecteurs-rapport-qualite-prix/;"Home-cinéma &amp; TV"
Les meilleures TV 65 pouces;https://meilleurtest.fr/comparatif-tv-65-pouces/;"Home-cinéma &amp; TV"
Les meilleures TV connectées;https://meilleurtest.fr/comparatif-tv-connectee/;"Home-cinéma &amp; TV"
Les meilleures TV 55 pouces à moins de 1000 euros;https://meilleurtest.fr/comparatif-tv-55-pouces-a-moins-de-1000-euros/;"Home-cinéma &amp; TV"
Les meilleures TV pour PS5;https://meilleurtest.fr/comparatif-tv-pour-ps5/;"Home-cinéma &amp; TV"
Les meilleurs kits de home cinéma passifs;https://meilleurtest.fr/comparatif-kit-home-cinema-passif/;"Home-cinéma &amp; TV"
Les meilleurs vidéoprojecteurs portables;https://meilleurtest.fr/comparatif-videoprojecteur-portable/;"Home-cinéma &amp; TV"
Les meilleures TV 55 pouces;https://meilleurtest.fr/comparatif-tv-55-pouce/;"Home-cinéma &amp; TV"
Les meilleures TV Samsung;https://meilleurtest.fr/comparatif-tv-samsung/;"Home-cinéma &amp; TV"
Les meilleurs mini projecteurs;https://meilleurtest.fr/comparatif-mini-projecteur/;"Home-cinéma &amp; TV"
Les meilleures petites TV;https://meilleurtest.fr/comparatif-petite-tv/;"Home-cinéma &amp; TV"
Les meilleurs décodeurs TNT;https://meilleurtest.fr/comparatif-decodeur-tnt/;"Home-cinéma &amp; TV"
Les meilleures TV 8K;https://meilleurtest.fr/comparatif-tv-8k/;"Home-cinéma &amp; TV"
Les meilleures TV 4K HDR de 65 pouces;https://meilleurtest.fr/comparatif-tv-4k-hdr-65-pouce/;"Home-cinéma &amp; TV"
Les meilleures TV 4K HDR de 55 pouces;https://meilleurtest.fr/comparatif-tv-4k-hdr-55-pouce/;"Home-cinéma &amp; TV"
Les meilleurs home cinéma;https://meilleurtest.fr/comparatif-home-cinema/;"Home-cinéma &amp; TV"
Les meilleures TV pas chères;https://meilleurtest.fr/comparatif-tv-pas-cher/;"Home-cinéma &amp; TV"
Les meilleures TV 32 pouces;https://meilleurtest.fr/comparatif-tv-32-pouce/;"Home-cinéma &amp; TV"
Les meilleures TV 4K HDR pour les jeux vidéo;https://meilleurtest.fr/comparatif-tv-hdr-4k-pour-jeu-video/;"Home-cinéma &amp; TV"
Les meilleures TV 75 pouces;https://meilleurtest.fr/comparatif-tv-75-pouce/;"Home-cinéma &amp; TV"
Les meilleurs supports muraux TV;https://meilleurtest.fr/comparatif-support-mural-tv/;"Home-cinéma &amp; TV"
Les meilleurs pico projecteurs;https://meilleurtest.fr/comparatif-pico-projecteur/;"Home-cinéma &amp; TV"
Les meilleurs vidéoprojecteurs 4K;https://meilleurtest.fr/comparatif-videoprojecteur-4k/;"Home-cinéma &amp; TV"
Les meilleures TV 4K;https://meilleurtest.fr/comparatif-tv-4k/;"Home-cinéma &amp; TV"
Les meilleures TV LED;https://meilleurtest.fr/comparatif-tv-led/;"Home-cinéma &amp; TV"
Les meilleures TV QLED;https://meilleurtest.fr/comparatif-tv-qled/;"Home-cinéma &amp; TV"
Les meilleurs amplificateurs TV;https://meilleurtest.fr/comparatif-amplificateur-tv/;"Home-cinéma &amp; TV"
Les meilleurs home cinéma sans fil;https://meilleurtest.fr/comparatif-home-cinema-sans-fil/;"Home-cinéma &amp; TV"
Les meilleures TV OLED;https://meilleurtest.fr/comparatif-tv-oled/;"Home-cinéma &amp; TV"
Les meilleures TV;https://meilleurtest.fr/comparatif-televiseur/;"Home-cinéma &amp; TV"
Les meilleurs vidéoprojecteurs rapport qualité/prix;https://meilleurtest.fr/comparatif-videoprojecteurs-rapport-qualite-prix/;"Home-cinéma &amp; TV"
Les meilleures TV 65 pouces;https://meilleurtest.fr/comparatif-tv-65-pouces/;"Home-cinéma &amp; TV"
Les meilleures TV connectées;https://meilleurtest.fr/comparatif-tv-connectee/;"Home-cinéma &amp; TV"
Les meilleures TV 55 pouces à moins de 1000 euros;https://meilleurtest.fr/comparatif-tv-55-pouces-a-moins-de-1000-euros/;"Home-cinéma &amp; TV"
Les meilleures TV pour PS5;https://meilleurtest.fr/comparatif-tv-pour-ps5/;"Home-cinéma &amp; TV"
Les meilleurs kits de home cinéma passifs;https://meilleurtest.fr/comparatif-kit-home-cinema-passif/;"Home-cinéma &amp; TV"
Les meilleurs vidéoprojecteurs portables;https://meilleurtest.fr/comparatif-videoprojecteur-portable/;"Home-cinéma &amp; TV"
Les meilleures TV 55 pouces;https://meilleurtest.fr/comparatif-tv-55-pouce/;"Home-cinéma &amp; TV"
Les meilleures TV Samsung;https://meilleurtest.fr/comparatif-tv-samsung/;"Home-cinéma &amp; TV"
Les meilleurs mini projecteurs;https://meilleurtest.fr/comparatif-mini-projecteur/;"Home-cinéma &amp; TV"
Les meilleures petites TV;https://meilleurtest.fr/comparatif-petite-tv/;"Home-cinéma &amp; TV"
Les meilleurs décodeurs TNT;https://meilleurtest.fr/comparatif-decodeur-tnt/;"Home-cinéma &amp; TV"
Les meilleures TV 8K;https://meilleurtest.fr/comparatif-tv-8k/;"Home-cinéma &amp; TV"
Les meilleures TV 4K HDR de 65 pouces;https://meilleurtest.fr/comparatif-tv-4k-hdr-65-pouce/;"Home-cinéma &amp; TV"
Les meilleures TV 4K HDR de 55 pouces;https://meilleurtest.fr/comparatif-tv-4k-hdr-55-pouce/;"Home-cinéma &amp; TV"
Les meilleurs home cinéma;https://meilleurtest.fr/comparatif-home-cinema/;"Home-cinéma &amp; TV"
Les meilleures TV pas chères;https://meilleurtest.fr/comparatif-tv-pas-cher/;"Home-cinéma &amp; TV"
Les meilleures TV 32 pouces;https://meilleurtest.fr/comparatif-tv-32-pouce/;"Home-cinéma &amp; TV"
Les meilleures TV 4K HDR pour les jeux vidéo;https://meilleurtest.fr/comparatif-tv-hdr-4k-pour-jeu-video/;"Home-cinéma &amp; TV"
Les meilleures TV 75 pouces;https://meilleurtest.fr/comparatif-tv-75-pouce/;"Home-cinéma &amp; TV"
Les meilleurs supports muraux TV;https://meilleurtest.fr/comparatif-support-mural-tv/;"Home-cinéma &amp; TV"
Les meilleurs pico projecteurs;https://meilleurtest.fr/comparatif-pico-projecteur/;"Home-cinéma &amp; TV"
Les meilleurs vidéoprojecteurs 4K;https://meilleurtest.fr/comparatif-videoprojecteur-4k/;"Home-cinéma &amp; TV"
Les meilleures TV 4K;https://meilleurtest.fr/comparatif-tv-4k/;"Home-cinéma &amp; TV"
Les meilleures TV LED;https://meilleurtest.fr/comparatif-tv-led/;"Home-cinéma &amp; TV"
Les meilleures TV QLED;https://meilleurtest.fr/comparatif-tv-qled/;"Home-cinéma &amp; TV"
Les meilleurs amplificateurs TV;https://meilleurtest.fr/comparatif-amplificateur-tv/;"Home-cinéma &amp; TV"
Les meilleurs home cinéma sans fil;https://meilleurtest.fr/comparatif-home-cinema-sans-fil/;"Home-cinéma &amp; TV"
Les meilleures TV OLED;https://meilleurtest.fr/comparatif-tv-oled/;"Home-cinéma &amp; TV"
Les meilleures TV;https://meilleurtest.fr/comparatif-televiseur/;"Home-cinéma &amp; TV"
Les meilleurs désodorisants chaussure;https://meilleurtest.fr/comparatif-desodorisant-chaussure/;Hygiène corporelle
Les meilleures huiles de douche;https://meilleurtest.fr/comparatif-huile-de-douche/;Hygiène corporelle
Les meilleurs gels intimes pour femme;https://meilleurtest.fr/comparatif-gel-intime-pour-femme/;Hygiène corporelle
Les meilleurs savons bébé;https://meilleurtest.fr/comparatif-savon-bebe/;Hygiène corporelle
Les meilleurs coupe-ongles bébé;https://meilleurtest.fr/comparatif-coupe-ongles-bebe/;Hygiène corporelle
Les meilleurs anti-transpirants pour homme;https://meilleurtest.fr/comparatif-anti-transpirant-pour-homme/;Hygiène corporelle
Les meilleurs gels douche parfumés;https://meilleurtest.fr/comparatif-gel-douche-parfume/;Hygiène corporelle
Les meilleurs gels douche Le Petit Marseillais;https://meilleurtest.fr/comparatif-gel-douche-petit-marseillais/;Hygiène corporelle
Les meilleurs savons pour peau grasse;https://meilleurtest.fr/comparatif-savon-pour-peau-grasse/;Hygiène corporelle
Les meilleurs cotons démaquillants lavables;https://meilleurtest.fr/comparatif-coton-demaquillant-lavable/;Hygiène corporelle
Les meilleurs protège-slips lavables;https://meilleurtest.fr/comparatif-protege-slip-lavable/;Hygiène corporelle
Les meilleurs tampons bio;https://meilleurtest.fr/comparatif-tampons-bio/;Hygiène corporelle
Les meilleures brosses pour le dos;https://meilleurtest.fr/comparatif-brosse-pour-dos/;Hygiène corporelle
Les meilleurs déodorants bio;https://meilleurtest.fr/comparatif-deodorant-bio/;Hygiène corporelle
Les meilleurs savons pour toilette intime;https://meilleurtest.fr/comparatif-savon-pour-toilette-intime/;Hygiène corporelle
Les meilleurs gels douche hydratants;https://meilleurtest.fr/comparatif-gel-douche-hydratant/;Hygiène corporelle
Les meilleures chaussettes pour pieds qui transpirent;https://meilleurtest.fr/comparatif-chaussettes-pour-pieds-qui-transpirent/;Hygiène corporelle
Les meilleurs gels douche pour peaux sèches;https://meilleurtest.fr/comparatif-gel-douche-pour-peaux-seches/;Hygiène corporelle
Les meilleurs gels douche pour femme;https://meilleurtest.fr/comparatif-gel-douche-pour-femme/;Hygiène corporelle
Les meilleurs savons pour homme;https://meilleurtest.fr/comparatif-savon-pour-homme/;Hygiène corporelle
Les meilleures déodorants naturels pour homme;https://meilleurtest.fr/comparatif-deodorant-naturel-pour-homme/;Hygiène corporelle
Les meilleurs gels douche pour homme;https://meilleurtest.fr/comparatif-gel-douche-pour-homme/;Hygiène corporelle
Les meilleurs sous-vêtements pour les règles;https://meilleurtest.fr/comparatif-sous-vetement-pour-regles/;Hygiène corporelle
Les meilleurs gratte-dos;https://meilleurtest.fr/comparatif-gratte-dos/;Hygiène corporelle
Les meilleurs papiers toilettes;https://meilleurtest.fr/comparatif-papier-toilette/;Hygiène corporelle
Les meilleurs déodorants naturels;https://meilleurtest.fr/comparatif-deodorant-naturel/;Hygiène corporelle
Les meilleurs gels douche pour le corps;https://meilleurtest.fr/comparatif-gel-douche-pour-corps/;Hygiène corporelle
Les meilleurs gels douche pour bébé;https://meilleurtest.fr/comparatif-gel-douche-pour-bebe/;Hygiène corporelle
Les meilleurs peignoirs pour femme;https://meilleurtest.fr/comparatif-peignoir-pour-femme/;Hygiène corporelle
Les meilleurs peignoirs de bain;https://meilleurtest.fr/comparatif-peignoir-de-bain/;Hygiène corporelle
Les meilleurs savons liquides pour les mains;https://meilleurtest.fr/comparatif-savon-liquide-pour-mains/;Hygiène corporelle
Les meilleurs rasoirs anti bouloche;https://meilleurtest.fr/comparatif-rasoir-anti-bouloche/;Hygiène corporelle
Les meilleurs anti-transpirants;https://meilleurtest.fr/comparatif-anti-transpirant/;Hygiène corporelle
Les meilleurs savons de Marseille;https://meilleurtest.fr/comparatif-savon-de-marseille/;Hygiène corporelle
Les meilleurs savons;https://meilleurtest.fr/comparatif-savon/;Hygiène corporelle
Les meilleurs savons au lait de chèvre;https://meilleurtest.fr/comparatif-savon-au-lait-de-chevre/;Hygiène corporelle
Les meilleurs cotons-tiges réutilisables;https://meilleurtest.fr/comparatif-coton-tige-reutilisable/;Hygiène corporelle
Les meilleurs gels intimes;https://meilleurtest.fr/comparatif-gel-intime/;Hygiène corporelle
Les meilleurs déodorants pour femme;https://meilleurtest.fr/comparatif-deodorant-femme/;Hygiène corporelle
Les meilleures serviettes hygiéniques lavables;https://meilleurtest.fr/comparatif-serviette-hygienique-lavable/;Hygiène corporelle
Les meilleurs produits anti-poux;https://meilleurtest.fr/comparatif-produit-anti-poux/;Hygiène corporelle
Les meilleurs gels douche;https://meilleurtest.fr/comparatif-gel-douche/;Hygiène corporelle
Les meilleurs gels hydroalcooliques;https://meilleurtest.fr/comparatif-gel-hydroalcoolique/;Hygiène corporelle
Les meilleurs coupe-ongles;https://meilleurtest.fr/comparatif-coupe-ongles/;Hygiène corporelle
Les meilleures serviettes hygiéniques lavables;https://meilleurtest.fr/comparatif-serviette-hygienique-lavable/;Hygiène corporelle
Les meilleurs produits anti-poux;https://meilleurtest.fr/comparatif-produit-anti-poux/;Hygiène corporelle
Les meilleurs gels douche;https://meilleurtest.fr/comparatif-gel-douche/;Hygiène corporelle
Les meilleurs gels hydroalcooliques;https://meilleurtest.fr/comparatif-gel-hydroalcoolique/;Hygiène corporelle
Les meilleurs coupe-ongles;https://meilleurtest.fr/comparatif-coupe-ongles/;Hygiène corporelle
Les meilleures imprimantes 3D professionnelles;https://meilleurtest.fr/comparatif-imprimante-3d-professionnelle/;Imprimantes 3D
Les meilleurs stylos 3D rapport qualité/prix;https://meilleurtest.fr/comparatif-stylos-3d-rapport-qualite-prix/;Imprimantes 3D
Les meilleures imprimantes 3D métal;https://meilleurtest.fr/comparatif-imprimante-3d-metal/;Imprimantes 3D
Les meilleurs filaments PLA;https://meilleurtest.fr/comparatif-filament-pla/;Imprimantes 3D
Les meilleures imprimantes 3D résine;https://meilleurtest.fr/comparatif-imprimante-3d-resine/;Imprimantes 3D
Les meilleures imprimantes 3D pas chères;https://meilleurtest.fr/comparatif-imprimante-3d-pas-chere/;Imprimantes 3D
Les meilleurs stylos 3D;https://meilleurtest.fr/comparatif-stylo-3d/;Imprimantes 3D
Les meilleures imprimantes 3D;https://meilleurtest.fr/comparatif-imprimante-3d/;Imprimantes 3D
Les meilleures imprimantes 3D;https://meilleurtest.fr/comparatif-imprimante-3d/;Imprimantes 3D
Les meilleurs accordeurs de guitare;https://meilleurtest.fr/comparatif-accordeur-de-guitare/;Instruments et matériel de musique
Les meilleures cordes pour guitare classique;https://meilleurtest.fr/comparatif-corde-pour-guitare-classique/;Instruments et matériel de musique
Les meilleures guitares hollow body;https://meilleurtest.fr/comparatif-guitare-hollow-body/;Instruments et matériel de musique
Les meilleures clarinettes;https://meilleurtest.fr/comparatif-clarinette/;Instruments et matériel de musique
Les meilleurs claviers arrangeurs;https://meilleurtest.fr/comparatif-clavier-arrangeur/;Instruments et matériel de musique
Les meilleures basses acoustiques;https://meilleurtest.fr/comparatif-basse-acoustique/;Instruments et matériel de musique
Les meilleurs pianos pour enfant;https://meilleurtest.fr/comparatif-piano-pour-enfant/;Instruments et matériel de musique
Les meilleures batteries acoustiques;https://meilleurtest.fr/comparatif-batterie-acoustique/;Instruments et matériel de musique
Les meilleurs pianos numériques Yamaha;https://meilleurtest.fr/comparatif-piano-numerique-yamaha/;Instruments et matériel de musique
Les meilleurs orgues électroniques;https://meilleurtest.fr/comparatif-orgue-electronique/;Instruments et matériel de musique
Les meilleurs retours de scène;https://meilleurtest.fr/comparatif-retour-de-scene/;Instruments et matériel de musique
Les meilleurs synthétiseurs Yamaha;https://meilleurtest.fr/comparatif-synthetiseur-yamaha/;Instruments et matériel de musique
Les meilleurs claviers midi;https://meilleurtest.fr/comparatif-clavier-midi/;Instruments et matériel de musique
Les meilleurs amplis basses;https://meilleurtest.fr/comparatif-ampli-basse/;Instruments et matériel de musique
Les meilleurs cajons;https://meilleurtest.fr/comparatif-cajon/;Instruments et matériel de musique
Les meilleures groovebox;https://meilleurtest.fr/comparatif-groovebox/;Instruments et matériel de musique
Les meilleurs logiciels de musique;https://meilleurtest.fr/comparatif-logiciel-de-musique/;Instruments et matériel de musique
Les meilleurs banjos;https://meilleurtest.fr/comparatif-banjo/;Instruments et matériel de musique
Les meilleurs câbles de guitare électrique;https://meilleurtest.fr/comparatif-cable-de-guitare-electrique/;Instruments et matériel de musique
Les meilleurs amplis électro-acoustiques;https://meilleurtest.fr/comparatif-ampli-electro-acoustique/;Instruments et matériel de musique
Les meilleures guitares électriques pour débutant;https://meilleurtest.fr/comparatif-guitare-electrique-pour-debutant/;Instruments et matériel de musique
Les meilleurs amplis guitare;https://meilleurtest.fr/comparatif-ampli-guitare/;Instruments et matériel de musique
Les meilleures guitares pour enfant;https://meilleurtest.fr/comparatif-guitare-pour-enfant/;Instruments et matériel de musique
Les meilleurs pedalboard guitare;https://meilleurtest.fr/comparatif-pedalboard-guitare/;Instruments et matériel de musique
Les meilleurs synthétiseurs;https://meilleurtest.fr/comparatif-synthetiseur/;Instruments et matériel de musique
Les meilleures métronomes;https://meilleurtest.fr/comparatif-metronome/;Instruments et matériel de musique
Les meilleurs pianos à queue;https://meilleurtest.fr/comparatif-piano-a-queue/;Instruments et matériel de musique
Les meilleures guitares classiques;https://meilleurtest.fr/comparatif-guitare-classique/;Instruments et matériel de musique
Les meilleures guitares acoustiques;https://meilleurtest.fr/comparatif-guitare-acoustique/;Instruments et matériel de musique
Les meilleures guitares folk;https://meilleurtest.fr/comparatif-guitare-folk/;Instruments et matériel de musique
Les meilleurs ukulélés;https://meilleurtest.fr/comparatif-ukulele/;Instruments et matériel de musique
Les meilleurs pianos numériques;https://meilleurtest.fr/comparatif-piano-numerique/;Instruments et matériel de musique
Les meilleures guitares électro-acoustiques;https://meilleurtest.fr/comparatif-guitare-electro-acoustique/;Instruments et matériel de musique
Les meilleures batteries électroniques pour débutants;https://meilleurtest.fr/comparatif-batterie-electronique-pour-debutant/;Instruments et matériel de musique
Les meilleures batteries pour enfant;https://meilleurtest.fr/comparatif-batterie-pour-enfant/;Instruments et matériel de musique
Les meilleurs amplis de guitare acoustique;https://meilleurtest.fr/comparatif-ampli-guitare-acoutisque/;Instruments et matériel de musique
Les meilleures basses électriques;https://meilleurtest.fr/comparatif-basse-electrique/;Instruments et matériel de musique
Les meilleurs pianos à queue pour enfant;https://meilleurtest.fr/comparatif-piano-a-queue-enfant/;Instruments et matériel de musique
Les meilleurs pianos numériques;https://meilleurtest.fr/comparatif-piano-numerique/;Instruments et matériel de musique
Les meilleures guitares électro-acoustiques;https://meilleurtest.fr/comparatif-guitare-electro-acoustique/;Instruments et matériel de musique
Les meilleures batteries électroniques pour débutants;https://meilleurtest.fr/comparatif-batterie-electronique-pour-debutant/;Instruments et matériel de musique
Les meilleures batteries pour enfant;https://meilleurtest.fr/comparatif-batterie-pour-enfant/;Instruments et matériel de musique
Les meilleurs amplis de guitare acoustique;https://meilleurtest.fr/comparatif-ampli-guitare-acoutisque/;Instruments et matériel de musique
Les meilleures basses électriques;https://meilleurtest.fr/comparatif-basse-electrique/;Instruments et matériel de musique
Les meilleurs pianos à queue pour enfant;https://meilleurtest.fr/comparatif-piano-a-queue-enfant/;Instruments et matériel de musique
Les meilleurs sécateurs électriques professionnels;https://meilleurtest.fr/comparatif-secateur-electrique-professionnel/;Jardinage
Les meilleurs scarificateurs;https://meilleurtest.fr/comparatif-scarificateur/;Jardinage
Les meilleurs enrouleurs de tuyau d'arrosage;https://meilleurtest.fr/comparatif-enrouleur-de-tuyau-d-arrosage/;Jardinage
Les meilleures pompes pour bassin d'extérieur;https://meilleurtest.fr/comparatif-pompes-pour-bassin-dexterieur/;Jardinage
Les meilleures jardinières;https://meilleurtest.fr/comparatif-jardinieres/;Jardinage
Les meilleures jardinières hautes;https://meilleurtest.fr/comparatif-jardiniere-haute/;Jardinage
Les meilleurs grillages rigides;https://meilleurtest.fr/comparatif-grillage-rigide/;Jardinage
Les meilleurs grands pots de fleur extérieurs;https://meilleurtest.fr/comparatif-grand-pot-de-fleur-exterieur/;Jardinage
Les meilleurs coupe-bordures électriques;https://meilleurtest.fr/comparatif-coupe-bordure-electrique/;Jardinage
Les meilleurs coupe-bordures électriques à batterie;https://meilleurtest.fr/comparatif-coupe-bordure-electrique-a-batterie/;Jardinage
Les meilleures tondeuses électriques sans fil;https://meilleurtest.fr/comparatif-tondeuse-electrique-sans-fil/;Jardinage
Les meilleurs robots tondeuses pour 500m²;https://meilleurtest.fr/comparatif-robot-tondeuse-pour-500m%c2%b2/;Jardinage
Les meilleurs robots tondeuses pour 5000m²;https://meilleurtest.fr/comparatif-robot-tondeuse-pour-5000-m%c2%b2/;Jardinage
Les meilleures tondeuses thermiques professionnelles;https://meilleurtest.fr/comparatif-tondeuse-thermique-professionnelle/;Jardinage
Les meilleurs désherbants au glyphosate;https://meilleurtest.fr/comparatif-desherbant-au-glyphosate/;Jardinage
Les meilleurs coffres de jardin;https://meilleurtest.fr/comparatif-coffre-de-jardin/;Jardinage
Les meilleurs brise-vues en bois;https://meilleurtest.fr/comparatif-brise-vue-en-bois/;Jardinage
Les meilleures chaises de jardin en plastique;https://meilleurtest.fr/comparatif-chaise-de-jardin-en-plastique/;Jardinage
Les meilleures cabanes en bois;https://meilleurtest.fr/comparatif-cabanes-en-bois/;Jardinage
Les meilleurs brise-vues de jardin;https://meilleurtest.fr/comparatif-brise-vue-de-jardin/;Jardinage
Les meilleurs brise-vues de balcon;https://meilleurtest.fr/comparatif-brise-vue-de-balcon/;Jardinage
Les meilleures souffleuses à neige électriques;https://meilleurtest.fr/comparatif-souffleuse-a-neige-electrique/;Jardinage
Les meilleurs abris de jardin en bois;https://meilleurtest.fr/comparatif-abri-de-jardin-en-bois/;Jardinage
Les meilleurs ramasse feuilles;https://meilleurtest.fr/comparatif-ramasse-feuilles/;Jardinage
Les meilleures tondeuses Orec;https://meilleurtest.fr/comparatif-tondeuses-orec/;Jardinage
Les meilleurs pulvérisateurs de jardin;https://meilleurtest.fr/comparatif-pulverisateur-de-jardin/;Jardinage
Les meilleurs souffleurs thermiques;https://meilleurtest.fr/comparatif-souffleur-thermique/;Jardinage
Les meilleurs arroseurs de pelouse;https://meilleurtest.fr/comparatif-arroseur-de-pelouse/;Jardinage
Les meilleures tondeuses Honda;https://meilleurtest.fr/comparatif-tondeuse-honda/;Jardinage
Les meilleurs taille-haies électriques filaires;https://meilleurtest.fr/comparatif-taille-haie-electrique-filaire/;Jardinage
Les meilleurs panneaux LED horticoles;https://meilleurtest.fr/comparatif-panneau-led-horticole/;Jardinage
Les meilleurs désherbeurs électriques;https://meilleurtest.fr/comparatif-desherbeur-electrique/;Jardinage
Les meilleurs outils multifonctions pour jardin;https://meilleurtest.fr/comparatif-outil-multifonctions-pour-jardin/;Jardinage
Les meilleurs engrais bio;https://meilleurtest.fr/comparatif-engrais-bio/;Jardinage
Les meilleures tondeuses thermiques à démarrage électrique;https://meilleurtest.fr/comparatif-tondeuse-thermique-a-demarrage-electrique/;Jardinage
Les meilleures bêches;https://meilleurtest.fr/comparatif-beche/;Jardinage
Les meilleures tondeuses Stihl;https://meilleurtest.fr/comparatif-tondeuse-stihl/;Jardinage
Les meilleurs nettoyeurs de vitre Kärcher;https://meilleurtest.fr/comparatif-nettoyeur-de-vitre-karcher/;Jardinage
Les meilleures débroussailleuses Hyundai;https://meilleurtest.fr/comparatif-debroussailleuse-hyundai/;Jardinage
Les meilleures tondeuses Bestgreen;https://meilleurtest.fr/comparatif-tondeuse-bestgreen/;Jardinage
Les meilleures tondeuses Husqvarna;https://meilleurtest.fr/comparatif-tondeuse-husqvarna/;Jardinage
Les meilleures tondeuses Viking;https://meilleurtest.fr/comparatif-tondeuse-viking/;Jardinage
Les meilleurs tracteurs tondeuses Stiga;https://meilleurtest.fr/comparatif-tracteur-tondeuse-stiga/;Jardinage
Les meilleures tondeuses Stiga;https://meilleurtest.fr/comparatif-tondeuse-stiga/;Jardinage
Les meilleures tondeuses Toro;https://meilleurtest.fr/comparatif-tondeuse-toro/;Jardinage
Les meilleures tronçonneuses Stihl;https://meilleurtest.fr/comparatif-tronconneuse-stihl/;Jardinage
Les meilleures débroussailleuses Stihl;https://meilleurtest.fr/comparatif-debroussailleuse-stihl/;Jardinage
Les meilleurs fils de débroussailleuse;https://meilleurtest.fr/comparatif-fil-de-debroussailleuse/;Jardinage
Les meilleurs bacs à compost;https://meilleurtest.fr/comparatif-bac-a-compost/;Jardinage
Les meilleurs abris de jardin en résine;https://meilleurtest.fr/comparatif-abri-de-jardin-en-resine/;Jardinage
Les meilleures cisailles à gazon;https://meilleurtest.fr/comparatif-cisaille-a-gazon/;Jardinage
Les meilleurs robots tondeuses sans fil périphérique;https://meilleurtest.fr/comparatif-robot-tondeuse-sans-fil-peripherique/;Jardinage
Les meilleurs chariots de jardin;https://meilleurtest.fr/comparatif-chariot-de-jardin/;Jardinage
Les meilleurs coupe-branches à crémaillère;https://meilleurtest.fr/comparatif-coupe-branches-a-cremaillere/;Jardinage
Les meilleurs terreaux;https://meilleurtest.fr/comparatif-terreau/;Jardinage
Les meilleurs framboisiers;https://meilleurtest.fr/comparatif-framboisier/;Jardinage
Les meilleurs systèmes d'arrosage goutte à goutte;https://meilleurtest.fr/comparatif-systeme-darrosage-goutte-a-goutte/;Jardinage
Les meilleurs brise-vues pas chers;https://meilleurtest.fr/comparatif-brise-vue-pas-cher/;Jardinage
Les meilleurs potagers connectés;https://meilleurtest.fr/comparatif-potager-connecte/;Jardinage
Les meilleurs bambous non traçants;https://meilleurtest.fr/comparatif-bambou-non-tracant/;Jardinage
Les meilleurs motoculteurs;https://meilleurtest.fr/comparatif-motoculteur/;Jardinage
Les meilleures ruches à abeilles;https://meilleurtest.fr/comparatif-ruche-a-abeilles/;Jardinage
Les meilleures tronçonneuses élagueuses thermiques;https://meilleurtest.fr/comparatif-tronconneuse-elagueuse-thermique/;Jardinage
Les meilleurs souffleurs de feuilles;https://meilleurtest.fr/comparatif-souffleur-de-feuilles/;Jardinage
Les meilleures lampes LED de culture indoor;https://meilleurtest.fr/comparatif-lampe-led-de-culture-indoor/;Jardinage
Les meilleures tondeuses zero turn;https://meilleurtest.fr/comparatif-tondeuse-zero-turn/;Jardinage
Les meilleures brouettes;https://meilleurtest.fr/comparatif-brouette/;Jardinage
Les meilleures tondeuses débroussailleuses;https://meilleurtest.fr/comparatif-tondeuse-debroussailleuse/;Jardinage
Les meilleures motofaucheuses;https://meilleurtest.fr/comparatif-motofaucheuse/;Jardinage
Les meilleures tondeuses à gazon poussées;https://meilleurtest.fr/comparatif-tondeuse-a-gazon-poussee/;Jardinage
Les meilleurs souffleurs de feuilles électriques;https://meilleurtest.fr/comparatif-souffleur-de-feuilles-electriques/;Jardinage
Les meilleurs jardins d'intérieur pour plantes aromatiques;https://meilleurtest.fr/comparatif-jardin-dinterieur-pour-plantes-aromatiques/;Jardinage
Les meilleurs tracteurs tondeuses pas chers;https://meilleurtest.fr/comparatif-tracteur-tondeuse-pas-cher/;Jardinage
Les meilleurs récupérateurs d'eau de pluie;https://meilleurtest.fr/comparatif-recuperateur-eau-de-pluie/;Jardinage
Les meilleures binettes;https://meilleurtest.fr/comparatif-binette/;Jardinage
Les meilleures pompes d'arrosage;https://meilleurtest.fr/comparatif-pompe-darrosage/;Jardinage
Les meilleures bottes de jardinage;https://meilleurtest.fr/comparatif-botte-de-jardinage/;Jardinage
Les meilleurs gants de jardinage;https://meilleurtest.fr/comparatif-gants-de-jardinage/;Jardinage
Les meilleures débroussailleuses à batterie;https://meilleurtest.fr/comparatif-debroussailleuse-a-batterie/;Jardinage
Les meilleurs testeurs de terre;https://meilleurtest.fr/comparatif-testeur-de-terre/;Jardinage
Les meilleurs scarificateurs thermiques;https://meilleurtest.fr/comparatif-scarificateur-thermique/;Jardinage
Les meilleurs nettoyeurs haute-pression thermiques;https://meilleurtest.fr/comparatif-nettoyeur-haute-pression-thermique/;Jardinage
Les meilleures pelles pliantes;https://meilleurtest.fr/comparatif-pelle-pliante/;Jardinage
Les meilleures clôtures de jardin;https://meilleurtest.fr/comparatif-cloture-de-jardin/;Jardinage
Les meilleurs tracteurs tondeuses professionnels;https://meilleurtest.fr/comparatif-tracteur-tondeuse-professionnel/;Jardinage
Les meilleures petites tondeuses électriques;https://meilleurtest.fr/comparatif-petite-tondeuse-electrique/;Jardinage
Les meilleurs nettoyeurs haute-pression à eau chaude;https://meilleurtest.fr/comparatif-nettoyeur-haute-pression-a-eau-chaude/;Jardinage
Les meilleurs scarificateurs manuels;https://meilleurtest.fr/comparatif-scarificateur-manuel/;Jardinage
Les meilleures motobineuses électriques;https://meilleurtest.fr/comparatif-motobineuse-electrique/;Jardinage
Les meilleurs taille-haies à batterie;https://meilleurtest.fr/comparatif-taille-haies-a-batterie/;Jardinage
Les meilleures motobineuses thermiques;https://meilleurtest.fr/comparatif-motobineuse-thermique/;Jardinage
Les meilleurs tuyaux d'arrosage extensibles;https://meilleurtest.fr/comparatif-tuyau-darrosage-extensible/;Jardinage
Les meilleures pompes de surface;https://meilleurtest.fr/comparatif-pompe-de-surface/;Jardinage
Les meilleures serres tunnels;https://meilleurtest.fr/comparatif-serre-tunnel/;Jardinage
Les meilleurs abris de jardin 5m²;https://meilleurtest.fr/comparatif-abri-de-jardin-5m%c2%b2/;Jardinage
Les meilleurs engrais pour gazon;https://meilleurtest.fr/comparatif-engrais-pour-gazon/;Jardinage
Les meilleurs motoculteurs professionnels;https://meilleurtest.fr/comparatif-motoculteur-professionnel/;Jardinage
Les meilleures débroussailleuses 4-en-1;https://meilleurtest.fr/comparatif-debroussailleuse-4-1/;Jardinage
Les meilleurs site de vente de plantes en ligne;https://meilleurtest.fr/comparatif-site-de-vente-de-plantes-ligne/;Jardinage
Les meilleurs souffleurs de feuilles à batterie;https://meilleurtest.fr/comparatif-souffleur-de-feuille-a-batterie/;Jardinage
Les meilleurs nettoyeurs de vitres;https://meilleurtest.fr/comparatif-nettoyeur-de-vitre/;Jardinage
Les meilleures souffleuses à neige;https://meilleurtest.fr/comparatif-souffleuse-a-neige/;Jardinage
Les meilleures débroussailleuses à dos;https://meilleurtest.fr/comparatif-debroussailleuse-a-dos/;Jardinage
Les meilleurs tracteurs tondeuses rapport qualité/prix;https://meilleurtest.fr/comparatif-tracteurs-tondeuses-rapport-qualite-prix/;Jardinage
Les meilleurs broyeurs de végétaux thermiques professionnels;https://meilleurtest.fr/comparatif-broyeur-de-vegetaux-thermique-professionnel/;Jardinage
Les meilleures tondeuses autoportées rider;https://meilleurtest.fr/comparatif-tondeuse-autoportee-rider/;Jardinage
Les meilleures portes automatiques pour poulailler;https://meilleurtest.fr/comparatif-porte-automatique-pour-poulailler/;Jardinage
Les meilleures brouettes électriques;https://meilleurtest.fr/comparatif-brouette-electrique/;Jardinage
Les meilleures tronçonneuses thermiques;https://meilleurtest.fr/comparatif-tronconneuse-thermique/;Jardinage
Les meilleures tonnelles pliantes;https://meilleurtest.fr/comparatif-tonnelle-pliante/;Jardinage
Les meilleures toiles de paillage;https://meilleurtest.fr/comparatif-toile-de-paillage/;Jardinage
Les meilleurs rouleaux à gazon;https://meilleurtest.fr/comparatif-rouleau-a-gazon/;Jardinage
Les meilleures tondeuses à batterie lithium;https://meilleurtest.fr/comparatif-tondeuse-a-batterie-lithium/;Jardinage
Les meilleures pelles;https://meilleurtest.fr/comparatif-pelle/;Jardinage
Les meilleurs abris de jardin;https://meilleurtest.fr/comparatif-abri-de-jardin/;Jardinage
Les meilleurs pluviomètres;https://meilleurtest.fr/comparatif-pluviometre/;Jardinage
Les meilleures brouettes 2 roues;https://meilleurtest.fr/comparatif-brouette-2-roues/;Jardinage
Les meilleurs désherbeurs thermiques;https://meilleurtest.fr/comparatif-desherbeur-thermique/;Jardinage
Les meilleurs cabanons de jardin;https://meilleurtest.fr/comparatif-cabanon-de-jardin/;Jardinage
Les meilleures serres de jardin;https://meilleurtest.fr/comparatif-serre-de-jardin/;Jardinage
Les meilleures débroussailleuses;https://meilleurtest.fr/comparatif-debroussailleuse/;Jardinage
Les meilleurs sécateurs;https://meilleurtest.fr/comparatif-secateur/;Jardinage
Les meilleurs arroseurs automatiques;https://meilleurtest.fr/comparatif-arroseur-de-jardin-automatique/;Jardinage
Les meilleures tondeuses électriques;https://meilleurtest.fr/comparatif-tondeuse-electrique/;Jardinage
Les meilleurs sécateurs électriques;https://meilleurtest.fr/comparatif-secateur-electrique/;Jardinage
Les meilleurs taille-haies électriques;https://meilleurtest.fr/comparatif-taille-haie-electrique/;Jardinage
Les meilleurs brise-vues rétractables;https://meilleurtest.fr/comparatif-brise-vue-retractable/;Jardinage
Les meilleurs rotofils;https://meilleurtest.fr/comparatif-rotofil/;Jardinage
Les meilleures tondeuses à gazon;https://meilleurtest.fr/comparatif-tondeuse-a-gazon/;Jardinage
Les meilleurs robots tondeuses;https://meilleurtest.fr/comparatif-robot-tondeuse/;Jardinage
Les meilleures lampes horticoles;https://meilleurtest.fr/comparatif-lampe-horticole/;Jardinage
Les meilleurs taille-haies;https://meilleurtest.fr/comparatif-taille-haie/;Jardinage
Les meilleurs taille-haies télescopiques;https://meilleurtest.fr/comparatif-taille-haie-telescopique/;Jardinage
Les meilleures tondeuses hélicoïdales;https://meilleurtest.fr/comparatif-tondeuse-helicoidale/;Jardinage
Les meilleurs coupe-branches télescopiques;https://meilleurtest.fr/comparatif-coupe-branche-telescopique/;Jardinage
Les meilleurs broyeurs de végétaux;https://meilleurtest.fr/comparatif-broyeur-de-vegetaux/;Jardinage
Les meilleures tonnelles;https://meilleurtest.fr/comparatif-tonnelle/;Jardinage
Les meilleurs brise-vues;https://meilleurtest.fr/comparatif-brise-vue/;Jardinage
Les meilleurs potagers d'intérieur;https://meilleurtest.fr/comparatif-potager-d-interieur/;Jardinage
Les meilleures tronçonneuses;https://meilleurtest.fr/comparatif-tronconneuse/;Jardinage
Les meilleurs pulvérisateurs électriques;https://meilleurtest.fr/comparatif-pulverisateur-electrique/;Jardinage
Les meilleurs tracteurs tondeuses;https://meilleurtest.fr/comparatif-tracteur-tondeuse/;Jardinage
Les meilleurs bains de soleil;https://meilleurtest.fr/comparatif-bain-de-soleil/;Jardinage
Les meilleurs dévidoirs muraux;https://meilleurtest.fr/comparatif-devidoirs-muraux/;Jardinage
Les meilleures pompes pour puits;https://meilleurtest.fr/comparatif-pompe-pour-puits/;Jardinage
Les meilleurs pluviomètres;https://meilleurtest.fr/comparatif-pluviometre/;Jardinage
Les meilleures brouettes 2 roues;https://meilleurtest.fr/comparatif-brouette-2-roues/;Jardinage
Les meilleurs désherbeurs thermiques;https://meilleurtest.fr/comparatif-desherbeur-thermique/;Jardinage
Les meilleurs cabanons de jardin;https://meilleurtest.fr/comparatif-cabanon-de-jardin/;Jardinage
Les meilleures serres de jardin;https://meilleurtest.fr/comparatif-serre-de-jardin/;Jardinage
Les meilleures débroussailleuses;https://meilleurtest.fr/comparatif-debroussailleuse/;Jardinage
Les meilleurs sécateurs;https://meilleurtest.fr/comparatif-secateur/;Jardinage
Les meilleurs arroseurs automatiques;https://meilleurtest.fr/comparatif-arroseur-de-jardin-automatique/;Jardinage
Les meilleures tondeuses électriques;https://meilleurtest.fr/comparatif-tondeuse-electrique/;Jardinage
Les meilleurs sécateurs électriques;https://meilleurtest.fr/comparatif-secateur-electrique/;Jardinage
Les meilleurs taille-haies électriques;https://meilleurtest.fr/comparatif-taille-haie-electrique/;Jardinage
Les meilleurs brise-vues rétractables;https://meilleurtest.fr/comparatif-brise-vue-retractable/;Jardinage
Les meilleurs rotofils;https://meilleurtest.fr/comparatif-rotofil/;Jardinage
Les meilleures tondeuses à gazon;https://meilleurtest.fr/comparatif-tondeuse-a-gazon/;Jardinage
Les meilleurs robots tondeuses;https://meilleurtest.fr/comparatif-robot-tondeuse/;Jardinage
Les meilleures lampes horticoles;https://meilleurtest.fr/comparatif-lampe-horticole/;Jardinage
Les meilleurs taille-haies;https://meilleurtest.fr/comparatif-taille-haie/;Jardinage
Les meilleurs taille-haies télescopiques;https://meilleurtest.fr/comparatif-taille-haie-telescopique/;Jardinage
Les meilleures tondeuses hélicoïdales;https://meilleurtest.fr/comparatif-tondeuse-helicoidale/;Jardinage
Les meilleurs coupe-branches télescopiques;https://meilleurtest.fr/comparatif-coupe-branche-telescopique/;Jardinage
Les meilleurs broyeurs de végétaux;https://meilleurtest.fr/comparatif-broyeur-de-vegetaux/;Jardinage
Les meilleures tonnelles;https://meilleurtest.fr/comparatif-tonnelle/;Jardinage
Les meilleurs brise-vues;https://meilleurtest.fr/comparatif-brise-vue/;Jardinage
Les meilleurs potagers d'intérieur;https://meilleurtest.fr/comparatif-potager-d-interieur/;Jardinage
Les meilleures tronçonneuses;https://meilleurtest.fr/comparatif-tronconneuse/;Jardinage
Les meilleurs pulvérisateurs électriques;https://meilleurtest.fr/comparatif-pulverisateur-electrique/;Jardinage
Les meilleurs tracteurs tondeuses;https://meilleurtest.fr/comparatif-tracteur-tondeuse/;Jardinage
Les meilleurs bains de soleil;https://meilleurtest.fr/comparatif-bain-de-soleil/;Jardinage
Les meilleurs dévidoirs muraux;https://meilleurtest.fr/comparatif-devidoirs-muraux/;Jardinage
Les meilleures pompes pour puits;https://meilleurtest.fr/comparatif-pompe-pour-puits/;Jardinage
Les meilleures queues de billard français;https://meilleurtest.fr/comparatif-queues-de-billard-francais/;Jeux de société
Les meilleures tables de billard;https://meilleurtest.fr/comparatif-table-de-billard/;Jeux de société
Les meilleurs puzzles 3D;https://meilleurtest.fr/comparatif-puzzle-3d/;Jeux de société
Les meilleurs Rubik's Cubes;https://meilleurtest.fr/comparatif-rubiks-cube/;Jeux de société
Les meilleurs jeux d'échec électronique;https://meilleurtest.fr/comparatif-jeu-dechec-electronique/;Jeux de société
Les meilleurs baby-foot pour enfant;https://meilleurtest.fr/comparatif-baby-foot-pour-enfant/;Jeux de société
Les meilleures dinettes;https://meilleurtest.fr/comparatif-dinette/;Jeux de société
Les meilleures cibles de fléchettes;https://meilleurtest.fr/comparatif-cible-de-flechettes/;Jeux de société
Les meilleurs pendules divinatoires;https://meilleurtest.fr/comparatif-pendule-divinatoire/;Jeux de société
Les meilleurs puzzles;https://meilleurtest.fr/comparatif-puzzle/;Jeux de société
Les meilleurs jeux de société de stratégie;https://meilleurtest.fr/comparatif-jeux-de-societe-strategie/;Jeux de société
Les meilleurs jeux de société en famille;https://meilleurtest.fr/comparatif-jeu-de-societe-famille/;Jeux de société
Les meilleurs jeux de fléchettes classiques;https://meilleurtest.fr/comparatif-jeu-de-flechette-classique/;Jeux de société
Les meilleurs jeux de fléchettes électroniques;https://meilleurtest.fr/comparatif-jeu-de-flechette-electronique/;Jeux de société
Les meilleurs Trivial Pursuit;https://meilleurtest.fr/comparatif-trivial-pursuit/;Jeux de société
Les meilleures cartes à jouer;https://meilleurtest.fr/comparatif-carte-a-jouer/;Jeux de société
Les meilleurs jeux de société en famille;https://meilleurtest.fr/comparatif-jeu-de-societe-famille/;Jeux de société
Les meilleurs jeux de fléchettes classiques;https://meilleurtest.fr/comparatif-jeu-de-flechette-classique/;Jeux de société
Les meilleurs jeux de fléchettes électroniques;https://meilleurtest.fr/comparatif-jeu-de-flechette-electronique/;Jeux de société
Les meilleurs Trivial Pursuit;https://meilleurtest.fr/comparatif-trivial-pursuit/;Jeux de société
Les meilleures cartes à jouer;https://meilleurtest.fr/comparatif-carte-a-jouer/;Jeux de société
Les meilleures Nintendo Switch;https://meilleurtest.fr/comparatif-nintendo-switch/;Jeux vidéo
Les meilleures consoles portables pour jeux rétro;https://meilleurtest.fr/comparatif-console-portable-pour-jeux-retro/;Jeux vidéo
Les meilleures consoles extensibles;https://meilleurtest.fr/comparatif-console-extensible/;Jeux vidéo
Les meilleures consoles;https://meilleurtest.fr/comparatif-console/;Jeux vidéo
Les meilleures consoles portables;https://meilleurtest.fr/comparatif-console-portable/;Jeux vidéo
Les meilleures consoles de jeux;https://meilleurtest.fr/comparatif-console-de-jeux/;Jeux vidéo
Les meilleures consoles portables;https://meilleurtest.fr/comparatif-console-portable/;Jeux vidéo
Les meilleures consoles de jeux;https://meilleurtest.fr/comparatif-console-de-jeux/;Jeux vidéo
Les meilleurs bracelets Les Georgettes;https://meilleurtest.fr/comparatif-bracelet-les-georgettes/;Joaillerie
Les meilleures bijouteries en ligne;https://meilleurtest.fr/comparatif-bijouterie-ligne/;Joaillerie
Les meilleurs bracelets magnétiques;https://meilleurtest.fr/comparatif-bracelet-magnetique/;Joaillerie
Les meilleurs kayaks sit on top;https://meilleurtest.fr/comparatif-kayak-sit-on-top/;Kayak et canoë
Les meilleurs kayaks pour débutants;https://meilleurtest.fr/comparatif-kayak-pour-debutant/;Kayak et canoë
Les meilleurs kayaks;https://meilleurtest.fr/comparatif-kayaks/;Kayak et canoë
Les meilleurs kayaks récréatifs;https://meilleurtest.fr/comparatif-kayak-recreatif/;Kayak et canoë
Les meilleurs livres d'éveil bébé;https://meilleurtest.fr/comparatif-livre-eveil-bebe/;Lecture
Les meilleurs coussins de lecture;https://meilleurtest.fr/comparatif-coussin-de-lecture/;Lecture
Les meilleurs livres pour apprendre l'anglais;https://meilleurtest.fr/comparatif-livre-pour-apprendre-langlais/;Lecture
Les meilleurs livres sur l'ayurveda;https://meilleurtest.fr/comparatif-livre-sur-layurveda/;Lecture
Les meilleurs dictionnaires étymologiques;https://meilleurtest.fr/comparatif-dictionnaire-etymologique/;Lecture
Les meilleures lunettes de lecture;https://meilleurtest.fr/comparatif-lunettes-de-lecture/;Lecture
Les meilleurs dictionnaires;https://meilleurtest.fr/comparatif-dictionnaire/;Lecture
Les meilleures dictionnaires électroniques;https://meilleurtest.fr/comparatif-dictionnaire-electronique/;Lecture
Les meilleurs dictionnaires francais arabes;https://meilleurtest.fr/comparatif-dictionnaire-francais-arabe/;Lecture
Les meilleurs livres de cuisine;https://meilleurtest.fr/comparatif-livre-de-cuisine/;Lecture
Les meilleurs livrets boostés;https://meilleurtest.fr/comparatif-livret-booste/;Lecture
Les meilleurs livres photo;https://meilleurtest.fr/comparatif-livre-photo/;Lecture
Les meilleurs livrets d'épargne aux meilleurs taux;https://meilleurtest.fr/comparatif-livret-epargne-banque-taux/;Lecture
Les meilleurs livrets boostés;https://meilleurtest.fr/comparatif-livret-booste/;Lecture
Les meilleurs livres photo;https://meilleurtest.fr/comparatif-livre-photo/;Lecture
Les meilleurs livrets d'épargne aux meilleurs taux;https://meilleurtest.fr/comparatif-livret-epargne-banque-taux/;Lecture
Les meilleurs Lego Ninjago;https://meilleurtest.fr/comparatif-lego-ninjago/;LEGO et construction
Les meilleurs Lego Technic;https://meilleurtest.fr/comparatif-lego-technic/;LEGO et construction
Les meilleurs Lego Duplo;https://meilleurtest.fr/comparatif-lego-duplo/;LEGO et construction
Les meilleures liseuses Kobo;https://meilleurtest.fr/comparatif-liseuse-kobo/;liseuse
Les meilleures liseuses Kindle;https://meilleurtest.fr/comparatif-liseuse-amazon-kindle/;liseuse
Les meilleures liseuses Kobo;https://meilleurtest.fr/comparatif-liseuse-kobo/;liseuse
Les meilleures liseuses Kindle;https://meilleurtest.fr/comparatif-liseuse-amazon-kindle/;liseuse
Les meilleurs visiophones filaires;https://meilleurtest.fr/comparatif-visiophone-filaire/;Logiciels
Les meilleurs comptes à terme;https://meilleurtest.fr/comparatif-compte-a-terme/;Logiciels
Les meilleures chaises design;https://meilleurtest.fr/comparatif-chaise-design/;Logiciels
Les meilleurs hébergeurs WordPress;https://meilleurtest.fr/comparatif-hebergeur-wordpress/;Logiciels
Les meilleurs VPS;https://meilleurtest.fr/comparatif-vps/;Logiciels
Les meilleurs détecteurs de radon;https://meilleurtest.fr/comparatif-detecteur-de-radon/;Logiciels
Les meilleurs logiciels de contrôle parental;https://meilleurtest.fr/comparatif-logiciel-de-controle-parental/;Logiciels
Les meilleurs détecteurs de faux billets;https://meilleurtest.fr/comparatif-detecteur-de-faux-billets/;Logiciels
Les meilleurs antivirus Android;https://meilleurtest.fr/comparatif-antivirus-android/;Logiciels
Les meilleurs VPN gratuits Android;https://meilleurtest.fr/comparatif-vpn-gratuit-android/;Logiciels
Les meilleurs détecteurs de mouvement extérieurs;https://meilleurtest.fr/comparatif-detecteur-de-mouvement-exterieur/;Logiciels
Les meilleurs fonds verts;https://meilleurtest.fr/comparatif-fond-vert/;Logiciels
Les meilleures alarmes anti-agression;https://meilleurtest.fr/comparatif-alarme-anti-agression/;Logiciels
Les meilleures écoles en ligne;https://meilleurtest.fr/comparatif-ecole-ligne/;Logiciels
Les meilleurs logiciels de torrent;https://meilleurtest.fr/comparatif-logiciel-de-torrent/;Logiciels
Les meilleures bombes lacrymogènes;https://meilleurtest.fr/comparatif-bombe-lacrymogene/;Logiciels
Les meilleurs VPN pour iPhone;https://meilleurtest.fr/comparatif-vpn-pour-iphone/;Logiciels
Les meilleures cartes de capture vidéo;https://meilleurtest.fr/comparatif-carte-de-capture-video/;Logiciels
Les meilleurs antivirus;https://meilleurtest.fr/comparatif-antivirus/;Logiciels
Les meilleures applis pour apprendre une langue;https://meilleurtest.fr/comparatif-appli-pour-apprendre-une-langue/;Logiciels
Les meilleurs gestionnaires de mots de passe;https://meilleurtest.fr/comparatif-gestionnaire-de-mot-de-passe/;Logiciels
Les meilleurs VPN gratuits;https://meilleurtest.fr/comparatif-vpn-gratuit/;Logiciels
Les meilleurs DNS gatuits et rapides;https://meilleurtest.fr/comparatif-dns-gatuit-et-rapide/;Logiciels
Les meilleurs logiciels de reconnaissance vocale;https://meilleurtest.fr/comparatif-logiciel-de-reconnaissance-vocale/;Logiciels
Les meilleurs DVD vierges;https://meilleurtest.fr/comparatif-dvd-vierge/;Logiciels
Les meilleurs éditeurs de PDF;https://meilleurtest.fr/comparatif-logiciel-pour-modifier-des-pdf/;Logiciels
Les meilleurs interphones vidéo;https://meilleurtest.fr/comparatif-interphone-video/;Logiciels
Les meilleurs navigateurs internet;https://meilleurtest.fr/comparatif-navigateur-internet/;Logiciels
Les meilleurs antivirus gratuits;https://meilleurtest.fr/comparatif-antivirus-gratuit/;Logiciels
Les meilleurs convertisseurs VHS numérique;https://meilleurtest.fr/comparatif-convertisseur-vhs-numerique/;Logiciels
Les meilleurs hébergeurs web;https://meilleurtest.fr/comparatif-hebergeur-web/;Logiciels
Les meilleurs visiophones;https://meilleurtest.fr/comparatif-visiophone/;Logiciels
Les meilleurs visiophones sans fil;https://meilleurtest.fr/comparatif-visiophone-sans-fil/;Logiciels
Les meilleures caméras espions;https://meilleurtest.fr/comparatif-camera-espion/;Logiciels
Les meilleurs détecteurs muraux;https://meilleurtest.fr/comparatif-detecteur-mural/;Logiciels
Les meilleurs antivirus payants;https://meilleurtest.fr/comparatif-antivirus-payant/;Logiciels
Les meilleurs launchers Android;https://meilleurtest.fr/comparatif-launcher-android/;Logiciels
Les meilleurs détecteurs de fumée connectés;https://meilleurtest.fr/comparatif-detecteur-de-fumee-connecte/;Logiciels
Les meilleurs extincteurs d'intérieur;https://meilleurtest.fr/comparatif-extincteur-dinterieur/;Logiciels
Les meilleurs VPN;https://meilleurtest.fr/comparatif-vpn/;Logiciels
Les meilleurs visiophones;https://meilleurtest.fr/comparatif-visiophone/;Logiciels
Les meilleurs visiophones sans fil;https://meilleurtest.fr/comparatif-visiophone-sans-fil/;Logiciels
Les meilleures caméras espions;https://meilleurtest.fr/comparatif-camera-espion/;Logiciels
Les meilleurs détecteurs muraux;https://meilleurtest.fr/comparatif-detecteur-mural/;Logiciels
Les meilleurs antivirus payants;https://meilleurtest.fr/comparatif-antivirus-payant/;Logiciels
Les meilleurs launchers Android;https://meilleurtest.fr/comparatif-launcher-android/;Logiciels
Les meilleurs détecteurs de fumée connectés;https://meilleurtest.fr/comparatif-detecteur-de-fumee-connecte/;Logiciels
Les meilleurs extincteurs d'intérieur;https://meilleurtest.fr/comparatif-extincteur-dinterieur/;Logiciels
Les meilleurs VPN;https://meilleurtest.fr/comparatif-vpn/;Logiciels
Les meilleures boîtes à histoires;https://meilleurtest.fr/comparatif-boite-a-histoires/;Loisirs divers
Les meilleurs maillots de bain string;https://meilleurtest.fr/comparatif-maillot-de-bain-string/;Loisirs divers
Les meilleurs maillots de bain pour garçon;https://meilleurtest.fr/comparatif-maillot-de-bain-pour-garcon/;Loisirs divers
Les meilleurs maillots de bain pour homme;https://meilleurtest.fr/comparatif-maillot-de-bain-pour-homme/;Loisirs divers
Les meilleurs maillots de bain échancré;https://meilleurtest.fr/comparatif-maillot-de-bain-echancre/;Loisirs divers
Les meilleurs maillots de bain sexy;https://meilleurtest.fr/comparatif-maillot-de-bain-sexy/;Loisirs divers
Les meilleurs maillots de bain anti UV bébé;https://meilleurtest.fr/comparatif-maillot-de-bain-anti-uv-bebe/;Loisirs divers
Les meilleurs maillots de bain pas chers;https://meilleurtest.fr/comparatif-maillot-de-bain-pas-cher/;Loisirs divers
Les meilleurs bacs à sable;https://meilleurtest.fr/comparatif-bac-a-sable/;Loisirs divers
Les meilleures aires de jeux;https://meilleurtest.fr/comparatif-aire-de-jeux/;Loisirs divers
Les meilleurs maillots de bain taille haute￼￼;https://meilleurtest.fr/comparatif-maillot-de-bain-taille-haute/;Loisirs divers
Les meilleures fléchettes Nerf;https://meilleurtest.fr/comparatif-flechettes-nerf/;Loisirs divers
Les meilleures Chichas électroniques Starbuzz;https://meilleurtest.fr/comparatif-chicha-electronique-starbuzz/;Loisirs divers
Les meilleurs détecteurs d'or;https://meilleurtest.fr/comparatif-detecteur-dor/;Loisirs divers
Les meilleurs magazines pour enfant;https://meilleurtest.fr/comparatif-magazine-pour-enfant/;Loisirs divers
Les meilleures boules pétanque pour milieu;https://meilleurtest.fr/comparatif-boule-petanque-pour-milieu/;Loisirs divers
Les meilleurs circuits de billes;https://meilleurtest.fr/comparatif-circuit-de-billes/;Loisirs divers
Les meilleurs bateaux radiocommandés;https://meilleurtest.fr/comparatif-bateau-radiocommande/;Loisirs divers
Les meilleurs détecteurs de métaux haut de gamme;https://meilleurtest.fr/comparatif-detecteur-de-metaux-haut-de-gamme/;Loisirs divers
Les meilleures lunettes astronomiques;https://meilleurtest.fr/comparatif-lunette-astronomique/;Loisirs divers
Les meilleurs ballons de rugby;https://meilleurtest.fr/comparatif-ballon-de-rugby/;Loisirs divers
Les meilleurs maillots de bain couches;https://meilleurtest.fr/comparatif-maillot-de-bain-couche/;Loisirs divers
Les meilleures balançoires à bascule;https://meilleurtest.fr/comparatif-balancoire-a-bascule/;Loisirs divers
Les meilleures balançoires bébé;https://meilleurtest.fr/comparatif-balancoire-bebe/;Loisirs divers
Les meilleures balances de poche;https://meilleurtest.fr/comparatif-balance-de-poche/;Loisirs divers
Les meilleurs e-liquides bios;https://meilleurtest.fr/comparatif-e-liquide-bio/;Loisirs divers
Les meilleurs flippers pour enfants;https://meilleurtest.fr/comparatif-flipper-pour-enfant/;Loisirs divers
Les meilleures machines de découpe;https://meilleurtest.fr/comparatif-machine-de-decoupe/;Loisirs divers
Les meilleurs e-liquide pas cher;https://meilleurtest.fr/comparatif-e-liquide-pas-cher/;Loisirs divers
Les meilleurs compas;https://meilleurtest.fr/comparatif-compas/;Loisirs divers
Les meilleures machines multi boissons;https://meilleurtest.fr/comparatif-machine-multi-boissons/;Loisirs divers
Les meilleures machines de karaoké;https://meilleurtest.fr/comparatif-karaoke/;Loisirs divers
Les meilleures balançoires toboggans;https://meilleurtest.fr/comparatif-balancoire-toboggan/;Loisirs divers
Les meilleures ardoises magiques;https://meilleurtest.fr/comparatif-ardoise-magique/;Loisirs divers
Les meilleures balançoires nid d'oiseau;https://meilleurtest.fr/comparatif-balancoire-nid-doiseau/;Loisirs divers
Les meilleures machines Sodastream;https://meilleurtest.fr/comparatif-machine-sodastream/;Loisirs divers
Les meilleures chichas électroniques;https://meilleurtest.fr/comparatif-chicha-electronique/;Loisirs divers
Les meilleures toupies Beyblade;https://meilleurtest.fr/comparatif-toupie-beyblade/;Loisirs divers
Les meilleurs e-liquides goût tabac;https://meilleurtest.fr/comparatif-e-liquide-gout-tabac/;Loisirs divers
Les meilleurs maillots de bain 1 pièce;https://meilleurtest.fr/comparatif-maillot-de-bain-1-piece/;Loisirs divers
Les meilleurs maillots de bain;https://meilleurtest.fr/comparatif-maillot-de-bain/;Loisirs divers
Les meilleures machines sous vide;https://meilleurtest.fr/comparatif-appareil-de-mise-sous-vide/;Loisirs divers
Les meilleures machines Sodastream;https://meilleurtest.fr/comparatif-machine-sodastream/;Loisirs divers
Les meilleures chichas électroniques;https://meilleurtest.fr/comparatif-chicha-electronique/;Loisirs divers
Les meilleures toupies Beyblade;https://meilleurtest.fr/comparatif-toupie-beyblade/;Loisirs divers
Les meilleurs e-liquides goût tabac;https://meilleurtest.fr/comparatif-e-liquide-gout-tabac/;Loisirs divers
Les meilleurs maillots de bain 1 pièce;https://meilleurtest.fr/comparatif-maillot-de-bain-1-piece/;Loisirs divers
Les meilleurs maillots de bain;https://meilleurtest.fr/comparatif-maillot-de-bain/;Loisirs divers
Les meilleures machines sous vide;https://meilleurtest.fr/comparatif-appareil-de-mise-sous-vide/;Loisirs divers
Les meilleures lunettes de soleil Arnette;https://meilleurtest.fr/comparatif-lunettes-de-soleil-arnette/;lunettes de soleil
Les meilleures lunettes de soleil pour conduire;https://meilleurtest.fr/comparatif-lunettes-de-soleil-pour-conduire/;lunettes de soleil
Les meilleures lunettes de soleil pour homme;https://meilleurtest.fr/comparatif-lunettes-de-soleil-pour-homme/;lunettes de soleil
Les meilleures lunettes de soleil pas chères;https://meilleurtest.fr/comparatif-lunettes-de-soleil-pas-cheres/;lunettes de soleil
Les meilleures lunettes de soleil pour bébé;https://meilleurtest.fr/comparatif-lunettes-de-soleil-pour-bebe/;lunettes de soleil
Les meilleurs sites de lunettes en ligne;https://meilleurtest.fr/comparatif-site-de-lunettes-ligne/;lunettes de soleil
Les meilleurs sites de lunettes en ligne;https://meilleurtest.fr/comparatif-site-de-lunettes-ligne/;lunettes de soleil
Les meilleures caméras de surveillance;https://meilleurtest.fr/comparatif-camera-de-surveillance-guide/;Maison connectée
Les meilleures caméras extérieures 360° avec Wifi;https://meilleurtest.fr/comparatif-camera-exterieure-360-avec-wifi/;Maison connectée
Les meilleurs antivols pour porte de garage basculante;https://meilleurtest.fr/comparatif-antivol-pour-porte-de-garage-basculante/;Maison connectée
Les meilleures sonnettes sans fil et sans pile;https://meilleurtest.fr/comparatif-sonnette-sans-fil-et-sans-pile/;Maison connectée
Les meilleurs répulsifs à chauve-souris;https://meilleurtest.fr/comparatif-repulsif-a-chauve-souris/;Maison connectée
Les meilleures caméras de surveillance extérieure sans fil;https://meilleurtest.fr/comparatif-camera-de-surveillance-exterieure-sans-fil/;Maison connectée
Les meilleures caméras extérieures sans fil avec batterie lithium;https://meilleurtest.fr/comparatif-camera-exterieure-sans-fil-avec-batterie-lithium/;Maison connectée
Les meilleures caméras extérieur 360° avec Wi-Fi;https://meilleurtest.fr/comparatif-camera-exterieur-360-avec-wi-fi/;Maison connectée
Les meilleurs thermostats filaires;https://meilleurtest.fr/comparatif-thermostat-filaire/;Maison connectée
Les meilleurs raticides souricides;https://meilleurtest.fr/comparatif-raticide-souricide/;Maison connectée
Les meilleurs judas électroniques;https://meilleurtest.fr/comparatif-judas-electronique/;Maison connectée
Les meilleures alarmes maison sans abonnement;https://meilleurtest.fr/comparatif-alarme-maison-sans-abonnement/;Maison connectée
Les meilleurs caches prises;https://meilleurtest.fr/comparatif-cache-prise/;Maison connectée
Les meilleurs volets roulants piscine;https://meilleurtest.fr/comparatif-volet-roulant-piscine/;Maison connectée
Les meilleurs interrupteurs connectés;https://meilleurtest.fr/comparatif-interrupteur-connecte/;Maison connectée
Les meilleurs hubs pour maison connectée;https://meilleurtest.fr/comparatif-hub-pour-maison-connectee/;Maison connectée
Les meilleures prises connectées compatibles Alexa;https://meilleurtest.fr/comparatif-prise-connectee-compatible-alexa/;Maison connectée
Les meilleures caméras de surveillance intérieure;https://meilleurtest.fr/comparatif-camera-de-surveillance-interieure/;Maison connectée
Les meilleures caméras de surveillance ayant un bon rapport qualité/prix;https://meilleurtest.fr/comparatif-cameras-de-surveillance-ayant-un-bon-rapport-qualite-prix/;Maison connectée
Les meilleures sonnettes sans fil avec caméra;https://meilleurtest.fr/comparatif-sonnette-sans-fil-avec-camera/;Maison connectée
Les meilleurs caméras de surveillance factice;https://meilleurtest.fr/comparatif-camera-de-surveillance-factice/;Maison connectée
Les meilleurs thermostats programmables;https://meilleurtest.fr/comparatif-thermostat-programmable/;Maison connectée
Les meilleures caméras IP d'extérieur;https://meilleurtest.fr/comparatif-camera-ip-d-exterieur/;Maison connectée
Les meilleures caméras IP PoE;https://meilleurtest.fr/comparatif-camera-ip-poe/;Maison connectée
Les meilleurs thermostats d'ambiance;https://meilleurtest.fr/comparatif-thermostat-dambiance/;Maison connectée
Les meilleures antennes WiFi;https://meilleurtest.fr/comparatif-antenne-wifi/;Maison connectée
Les meilleures stations météo professionnelles;https://meilleurtest.fr/comparatif-station-meteo-professionnelle/;Maison connectée
Les meilleures caméras IP;https://meilleurtest.fr/comparatif-cameras-ip/;Maison connectée
Les meilleurs interrupteurs sans fil;https://meilleurtest.fr/comparatif-interrupteur-sans-fil/;Maison connectée
Les meilleurs amplificateurs Wifi;https://meilleurtest.fr/comparatif-amplificateur-wifi/;Maison connectée
Les meilleurs volets roulants;https://meilleurtest.fr/comparatif-volet-roulant/;Maison connectée
Les meilleures prises CPL;https://meilleurtest.fr/comparatif-prise-boitier-cpl/;Maison connectée
Les meilleures caméras de surveillance extérieure;https://meilleurtest.fr/comparatif-camera-de-surveillance-exterieure/;Maison connectée
Les meilleures caméras de surveillance sans fil;https://meilleurtest.fr/comparatif-camera-de-surveillance-sans-fil/;Maison connectée
Les meilleures sonnettes sans fil;https://meilleurtest.fr/comparatif-sonnette-sans-fil/;Maison connectée
Les meilleures serrures  connectées intelligentes;https://meilleurtest.fr/comparatif-serrure-intelligente-connectee/;Maison connectée
Les meilleurs thermostats sans fil;https://meilleurtest.fr/comparatif-thermostat-sans-fil/;Maison connectée
Les meilleures alarmes pour appartement;https://meilleurtest.fr/comparatif-alarme-pour-appartement/;Maison connectée
Les meilleures prises connectées wifi;https://meilleurtest.fr/comparatif-prise-connectee-wifi/;Maison connectée
Les meilleurs thermostats connectés;https://meilleurtest.fr/comparatif-thermostat-connecte/;Maison connectée
Les meilleures stations météo;https://meilleurtest.fr/comparatif-station-meteo/;Maison connectée
Les meilleures clés Wifi USB;https://meilleurtest.fr/comparatif-cle-wifi-usb/;Maison connectée
Les meilleures antennes 4G;https://meilleurtest.fr/comparatif-antenne-4g/;Maison connectée
Les meilleures alarmes maison sans fil;https://meilleurtest.fr/comparatif-alarme-maison-sans-fil/;Maison connectée
Les meilleures alarmes maison pas chères;https://meilleurtest.fr/comparatif-alarme-maison-pas-chere-et-efficace/;Maison connectée
Les meilleures prises électriques télécommandées;https://meilleurtest.fr/comparatif-prise-electrique-telecommandee/;Maison connectée
Les meilleures caméras de surveillance extérieure;https://meilleurtest.fr/comparatif-camera-de-surveillance-exterieure/;Maison connectée
Les meilleures caméras de surveillance sans fil;https://meilleurtest.fr/comparatif-camera-de-surveillance-sans-fil/;Maison connectée
Les meilleures sonnettes sans fil;https://meilleurtest.fr/comparatif-sonnette-sans-fil/;Maison connectée
Les meilleures serrures  connectées intelligentes;https://meilleurtest.fr/comparatif-serrure-intelligente-connectee/;Maison connectée
Les meilleurs thermostats sans fil;https://meilleurtest.fr/comparatif-thermostat-sans-fil/;Maison connectée
Les meilleures alarmes pour appartement;https://meilleurtest.fr/comparatif-alarme-pour-appartement/;Maison connectée
Les meilleures prises connectées wifi;https://meilleurtest.fr/comparatif-prise-connectee-wifi/;Maison connectée
Les meilleurs thermostats connectés;https://meilleurtest.fr/comparatif-thermostat-connecte/;Maison connectée
Les meilleures stations météo;https://meilleurtest.fr/comparatif-station-meteo/;Maison connectée
Les meilleures clés Wifi USB;https://meilleurtest.fr/comparatif-cle-wifi-usb/;Maison connectée
Les meilleures antennes 4G;https://meilleurtest.fr/comparatif-antenne-4g/;Maison connectée
Les meilleures alarmes maison sans fil;https://meilleurtest.fr/comparatif-alarme-maison-sans-fil/;Maison connectée
Les meilleures alarmes maison pas chères;https://meilleurtest.fr/comparatif-alarme-maison-pas-chere-et-efficace/;Maison connectée
Les meilleures prises électriques télécommandées;https://meilleurtest.fr/comparatif-prise-electrique-telecommandee/;Maison connectée
Les meilleures bases matifiantes pour peau grasse;https://meilleurtest.fr/comparatif-base-matifiante-pour-peau-grasse/;Maquillage
Les meilleurs fonds de teint liftant;https://meilleurtest.fr/comparatif-fonds-de-teint-liftant/;Maquillage
Les meilleures palettes pour les yeux;https://meilleurtest.fr/comparatif-palette-pour-les-yeux/;Maquillage
Les meilleurs fonds de teint pour peau mature;https://meilleurtest.fr/comparatif-fond-de-teint-pour-peau-mature/;Maquillage
Les meilleurs blurs;https://meilleurtest.fr/comparatif-blur/;Maquillage
Les meilleurs correcteurs verts;https://meilleurtest.fr/comparatif-correcteur-vert/;Maquillage
Les meilleurs fonds de teint anti-âge;https://meilleurtest.fr/comparatif-fond-de-teint-anti-age/;Maquillage
Les meilleurs liquid lipsticks;https://meilleurtest.fr/comparatif-liquid-lipsticks/;Maquillage
Les meilleurs highlighter pas chers;https://meilleurtest.fr/comparatif-highlighter-pas-cher/;Maquillage
Les meilleures poudres visage bio;https://meilleurtest.fr/comparatif-poudre-visage-bio/;Maquillage
Les meilleures palettes Beauty Bay;https://meilleurtest.fr/comparatif-palette-beauty-bay/;Maquillage
Les meilleurs pinceaux à fond de teint;https://meilleurtest.fr/comparatif-pinceau-a-fond-de-teint/;Maquillage
Les meilleurs crayons à sourcils semi-permanents;https://meilleurtest.fr/comparatif-crayon-a-sourcils-semi-permanent/;Maquillage
Les meilleurs fonds de teint Mac;https://meilleurtest.fr/comparatif-fond-de-teint-mac/;Maquillage
Les meilleures cires pour sourcils;https://meilleurtest.fr/comparatif-cire-pour-sourcils/;Maquillage
Les meilleurs beauty blenders;https://meilleurtest.fr/comparatif-beauty-blender/;Maquillage
Les meilleures mallettes de maquillage;https://meilleurtest.fr/comparatif-mallette-de-maquillage/;Maquillage
Les meilleurs crayons yeux waterproof;https://meilleurtest.fr/comparatif-crayon-yeux-waterproof/;Maquillage
Les meilleurs fonds de teint bio;https://meilleurtest.fr/comparatif-fond-de-teint-bio/;Maquillage
Les meilleurs rouges à lèvres mats;https://meilleurtest.fr/comparatif-rouge-a-levres-mat/;Maquillage
Les meilleures poudres de maquillage;https://meilleurtest.fr/comparatif-poudre-de-maquillage/;Maquillage
Les meilleurs crayons à sourcils waterproof;https://meilleurtest.fr/comparatif-crayon-a-sourcils-waterproof/;Maquillage
Les meilleurs gels pour sourcils;https://meilleurtest.fr/comparatif-gel-pour-sourcils/;Maquillage
Les meilleurs fonds de teint ultras couvrants;https://meilleurtest.fr/comparatif-fond-de-teint-ultra-couvrant/;Maquillage
Les meilleurs contour sticks;https://meilleurtest.fr/comparatif-contour-stick/;Maquillage
Les meilleurs mascaras volume;https://meilleurtest.fr/comparatif-mascara-volume/;Maquillage
Les meilleures bases de maquillage;https://meilleurtest.fr/comparatif-base-de-maquillage/;Maquillage
Les meilleurs eyeliners liquides;https://meilleurtest.fr/comparatif-eyeliner-liquide/;Maquillage
Les meilleurs fonds de teint pour peau sèche;https://meilleurtest.fr/comparatif-fond-de-teint-pour-peau-seche/;Maquillage
Les meilleurs fonds de teint pour peaux acnéiques;https://meilleurtest.fr/comparatif-fond-de-teint-pour-peau-acneique/;Maquillage
Les meilleurs fixateurs de maquillage;https://meilleurtest.fr/comparatif-fixateur-de-maquillage/;Maquillage
Les meilleurs maquillages paupières;https://meilleurtest.fr/comparatif-maquillage-paupieres/;Maquillage
Les meilleurs fards à paupières;https://meilleurtest.fr/comparatif-fard-a-paupieres/;Maquillage
Les meilleurs sprays fixateurs;https://meilleurtest.fr/comparatif-spray-fixateur/;Maquillage
Les meilleurs crayons à lèvres;https://meilleurtest.fr/comparatif-crayon-a-levres/;Maquillage
Les meilleures poudres fixatrices;https://meilleurtest.fr/comparatif-poudre-fixatrice/;Maquillage
Les meilleurs fards à joues;https://meilleurtest.fr/comparatif-fard-a-joues/;Maquillage
Les meilleurs fonds de teint pour peau grasse;https://meilleurtest.fr/comparatif-fond-de-teint-pour-peau-grasse/;Maquillage
Les meilleures poudres bronzantes;https://meilleurtest.fr/comparatif-poudre-bronzante/;Maquillage
Les meilleurs blushs crèmes;https://meilleurtest.fr/comparatif-blush-creme/;Maquillage
Les meilleurs repulpants à lèvres;https://meilleurtest.fr/comparatif-repulpant-a-levres/;Maquillage
Les meilleurs rouges à lèvres;https://meilleurtest.fr/comparatif-rouge-a-levres/;Maquillage
Les meilleurs pinceaux de maquillage;https://meilleurtest.fr/comparatif-pinceau-de-maquillage/;Maquillage
Les meilleurs maquillages yeux;https://meilleurtest.fr/comparatif-maquillage-yeux/;Maquillage
Les meilleurs eyeliners magnétiques;https://meilleurtest.fr/comparatif-eyeliner-magnetique/;Maquillage
Les meilleures trousses de maquillage;https://meilleurtest.fr/comparatif-trousse-de-maquillage/;Maquillage
Les meilleurs rouges à lèvres sans transfert;https://meilleurtest.fr/comparatif-rouge-a-levres-sans-transfert/;Maquillage
Les meilleurs maquillages sourcils;https://meilleurtest.fr/comparatif-maquillage-sourcil/;Maquillage
Les meilleurs rouge à lèvres longue tenue;https://meilleurtest.fr/comparatif-rouge-a-levres-longue-tenue/;Maquillage
Les meilleurs eyeliners waterproof;https://meilleurtest.fr/comparatif-eyeliner-waterproof/;Maquillage
Les meilleurs fonds de teint en poudre;https://meilleurtest.fr/comparatif-fond-de-teint-poudre/;Maquillage
Les meilleures poudres libres;https://meilleurtest.fr/comparatif-poudre-libre/;Maquillage
Les meilleurs sticks correcteurs;https://meilleurtest.fr/comparatif-stick-correcteur/;Maquillage
Les meilleurs illuminateurs de teint;https://meilleurtest.fr/comparatif-illuminateur-de-teint/;Maquillage
Les meilleurs mascaras effet faux-cils;https://meilleurtest.fr/comparatif-mascara-effet-faux-cils/;Maquillage
Les meilleurs bronzer;https://meilleurtest.fr/comparatif-bronzer/;Maquillage
Les meilleurs blushs;https://meilleurtest.fr/comparatif-blush/;Maquillage
Les meilleures bases de teint;https://meilleurtest.fr/comparatif-base-de-teint/;Maquillage
Les meilleurs faux-cils;https://meilleurtest.fr/comparatif-faux-cils/;Maquillage
Les meilleurs maquillages enfant;https://meilleurtest.fr/comparatif-maquillages-enfant/;Maquillage
Les meilleures poudres matifiantes;https://meilleurtest.fr/comparatif-poudre-matifiante/;Maquillage
Les meilleurs crayons à sourcils;https://meilleurtest.fr/comparatif-crayon-a-sourcil/;Maquillage
Les meilleurs highlighters;https://meilleurtest.fr/comparatif-highlighter/;Maquillage
Les meilleurs mascaras;https://meilleurtest.fr/comparatif-mascara/;Maquillage
Les meilleurs eyeliners;https://meilleurtest.fr/comparatif-eyeliner/;Maquillage
Les meilleurs mascaras waterproof;https://meilleurtest.fr/comparatif-mascara-waterproof/;Maquillage
Les meilleurs fonds de teint;https://meilleurtest.fr/comparatif-fond-de-teint/;Maquillage
Les meilleurs gloss à lèvres;https://meilleurtest.fr/comparatif-gloss-a-levres/;Maquillage
Les meilleurs highlighters;https://meilleurtest.fr/comparatif-highlighter/;Maquillage
Les meilleurs mascaras;https://meilleurtest.fr/comparatif-mascara/;Maquillage
Les meilleurs eyeliners;https://meilleurtest.fr/comparatif-eyeliner/;Maquillage
Les meilleurs mascaras waterproof;https://meilleurtest.fr/comparatif-mascara-waterproof/;Maquillage
Les meilleurs fonds de teint;https://meilleurtest.fr/comparatif-fond-de-teint/;Maquillage
Les meilleurs gloss à lèvres;https://meilleurtest.fr/comparatif-gloss-a-levres/;Maquillage
Les meilleures combinaisons femme mariage;https://meilleurtest.fr/comparatif-combinaison-femme-mariage/;Mariage et fiançailles
Les appareils de massage pour jambes lourdes;https://meilleurtest.fr/comparatif-appareil-de-massage-pour-jambes-lourdes/;Massage et récupération
Les meilleurs mini vibromasseurs;https://meilleurtest.fr/comparatif-mini-vibromasseur/;Massage et récupération
Les meilleurs masseurs oculaires;https://meilleurtest.fr/comparatif-masseur-oculaire/;Massage et récupération
Les meilleurs coussins de shiatsu;https://meilleurtest.fr/comparatif-coussin-de-shiatsu/;Massage et récupération
Les meilleures tables de massage pliantes;https://meilleurtest.fr/comparatif-table-de-massage-pliante/;Massage et récupération
Les meilleurs saunas infrarouges;https://meilleurtest.fr/comparatif-sauna-infrarouge/;Massage et récupération
Les meilleurs appareils de massage portables;https://meilleurtest.fr/comparatif-appareil-de-massage-portable/;Massage et récupération
Les meilleurs appareils de massage du dos;https://meilleurtest.fr/comparatif-appareil-de-massage-du-dos/;Massage et récupération
Les meilleures huiles de massage;https://meilleurtest.fr/comparatif-huile-de-massage/;Massage et récupération
Les meilleurs hamacs cervicaux;https://meilleurtest.fr/comparatif-hamac-cervical/;Massage et récupération
Les meilleurs appareils de pressothérapie maison;https://meilleurtest.fr/comparatif-appareil-de-pressotherapie-maison/;Massage et récupération
Les meilleurs appareils de massage des pieds;https://meilleurtest.fr/comparatif-appareil-de-massage-des-pieds/;Massage et récupération
Les meilleurs appareils de massage du visage;https://meilleurtest.fr/comparatif-appareil-massage-visage/;Massage et récupération
Les meilleurs appareils de massage;https://meilleurtest.fr/comparatif-appareil-de-massage/;Massage et récupération
Les meilleurs sièges massants;https://meilleurtest.fr/comparatif-siege-massant/;Massage et récupération
Les meilleurs appareils de massage du cou;https://meilleurtest.fr/comparatif-appareil-de-massage-du-cou/;Massage et récupération
Les meilleurs rouleaux de massage;https://meilleurtest.fr/comparatif-rouleau-de-massage/;Massage et récupération
Les meilleures tables de massage;https://meilleurtest.fr/comparatif-table-de-massage/;Massage et récupération
Les meilleurs appareils de massage des pieds;https://meilleurtest.fr/comparatif-appareil-de-massage-des-pieds/;Massage et récupération
Les meilleurs appareils de massage du visage;https://meilleurtest.fr/comparatif-appareil-massage-visage/;Massage et récupération
Les meilleurs appareils de massage;https://meilleurtest.fr/comparatif-appareil-de-massage/;Massage et récupération
Les meilleurs sièges massants;https://meilleurtest.fr/comparatif-siege-massant/;Massage et récupération
Les meilleurs appareils de massage du cou;https://meilleurtest.fr/comparatif-appareil-de-massage-du-cou/;Massage et récupération
Les meilleurs rouleaux de massage;https://meilleurtest.fr/comparatif-rouleau-de-massage/;Massage et récupération
Les meilleures tables de massage;https://meilleurtest.fr/comparatif-table-de-massage/;Massage et récupération
Les meilleures huiles contre les vergetures de grossesse;https://meilleurtest.fr/comparatif-huile-contre-les-vergetures-de-grossesse/;Maternité
Les meilleures gaines post-accouchement;https://meilleurtest.fr/comparatif-gaine-post-accouchement/;Maternité
Les meilleurs bolas de grossesse;https://meilleurtest.fr/comparatif-bola-de-grossesse/;Maternité
Les meilleurs bandeaux de grossesse;https://meilleurtest.fr/comparatif-bandeau-de-grossesse/;Maternité
Les meilleurs vêtements pour femme enceinte;https://meilleurtest.fr/comparatif-vetement-pour-femme-enceinte/;Maternité
Les meilleurs pantalons pour femme enceinte;https://meilleurtest.fr/comparatif-pantalon-pour-femme-enceinte/;Maternité
Les meilleures chaussures pour femme enceinte;https://meilleurtest.fr/comparatif-chaussures-pour-femme-enceinte/;Maternité
Les meilleures applis de grossesse;https://meilleurtest.fr/comparatif-appli-de-grossesse/;Maternité
Les meilleures applis de méditation;https://meilleurtest.fr/comparatif-appli-de-meditation/;Méditation et santé mentale
Les meilleurs tapis d'acupression;https://meilleurtest.fr/comparatif-tapis-d-acupression/;Méditation et santé mentale
Les meilleures lampes de luminothérapie;https://meilleurtest.fr/comparatif-lampe-de-luminotherapie/;Méditation et santé mentale
Les meilleurs tapis d'acupression;https://meilleurtest.fr/comparatif-tapis-d-acupression/;Méditation et santé mentale
Les meilleures lampes de luminothérapie;https://meilleurtest.fr/comparatif-lampe-de-luminotherapie/;Méditation et santé mentale
Les meilleurs défroisseurs vapeur voyage;https://meilleurtest.fr/comparatif-defroisseur-vapeur-voyage/;Ménage et produits d'entretien
Les meilleurs balais piscine;https://meilleurtest.fr/comparatif-balai-piscine/;Ménage et produits d'entretien
Les meilleures prises anti-moustiques;https://meilleurtest.fr/comparatif-prise-anti-moustiques/;Ménage et produits d'entretien
Les meilleurs désinfectants;https://meilleurtest.fr/comparatif-desinfectant/;Ménage et produits d'entretien
Les meilleurs balais pour poils d'animaux;https://meilleurtest.fr/comparatif-balai-pour-poils-danimaux/;Ménage et produits d'entretien
Les meilleurs anti-mouches;https://meilleurtest.fr/comparatif-anti-mouche/;Ménage et produits d'entretien
Les meilleurs adoucissants pour le linge;https://meilleurtest.fr/comparatif-adoucissant-pour-le-linge/;Ménage et produits d'entretien
Les meilleurs anti-moustiques pour zone tropicale;https://meilleurtest.fr/comparatif-anti-moustique-pour-zone-tropicale/;Ménage et produits d'entretien
Les meilleurs balais vapeur sans fil;https://meilleurtest.fr/comparatif-balai-vapeur-sans-fil/;Ménage et produits d'entretien
Les meilleures pastilles pour lave-vaisselle;https://meilleurtest.fr/comparatif-pastilles-pour-lave-vaisselle/;Ménage et produits d'entretien
Les meilleures lessives pour les couleurs;https://meilleurtest.fr/comparatif-lessive-pour-les-couleurs/;Ménage et produits d'entretien
Les meilleures tables à repasser pour centrale vapeur;https://meilleurtest.fr/comparatif-table-a-repasser-pour-centrale-vapeur/;Ménage et produits d'entretien
Les meilleurs produits pour faire briller le carrelage;https://meilleurtest.fr/comparatif-produit-pour-faire-briller-le-carrelage/;Ménage et produits d'entretien
Les meilleurs blanchisseurs de linge;https://meilleurtest.fr/comparatif-blanchisseur-de-linge/;Ménage et produits d'entretien
Les meilleurs nettoyants pour sol en carrelage;https://meilleurtest.fr/comparatif-nettoyant-pour-sol-en-carrelage/;Ménage et produits d'entretien
Les meilleures lessives contre les odeurs;https://meilleurtest.fr/comparatif-lessive-contre-les-odeurs/;Ménage et produits d'entretien
Les meilleurs bracelets anti-moustiques;https://meilleurtest.fr/comparatif-bracelet-anti-moustique/;Ménage et produits d'entretien
Les meilleurs pièges à moustiques;https://meilleurtest.fr/comparatif-piege-a-moustiques/;Ménage et produits d'entretien
Les meilleures poubelles sur Amazon;https://meilleurtest.fr/comparatif-poubelle-amazon/;Ménage et produits d'entretien
Les meilleures centrales vapeur Astoria;https://meilleurtest.fr/comparatif-centrales-vapeur-astoria/;Ménage et produits d'entretien
Les meilleurs anti-moustiques extérieurs;https://meilleurtest.fr/comparatif-anti-moustique-exterieur/;Ménage et produits d'entretien
Les meilleurs dégraissants cuisine;https://meilleurtest.fr/comparatif-degraissant-cuisine/;Ménage et produits d'entretien
Les meilleures centrales vapeur Calor;https://meilleurtest.fr/comparatif-centrale-vapeur-calor/;Ménage et produits d'entretien
Les meilleures éponges magiques;https://meilleurtest.fr/comparatif-eponge-magique/;Ménage et produits d'entretien
Les meilleurs appâts pour rats;https://meilleurtest.fr/comparatif-appat-pour-rat/;Ménage et produits d'entretien
Les meilleures tables à repasser murales;https://meilleurtest.fr/comparatif-table-a-repasser-murale/;Ménage et produits d'entretien
Les meilleurs assouplissants;https://meilleurtest.fr/comparatif-assouplissant/;Ménage et produits d'entretien
Les meilleurs plumeaux;https://meilleurtest.fr/comparatif-plumeau/;Ménage et produits d'entretien
Les meilleurs dégraissants;https://meilleurtest.fr/comparatif-degraissant/;Ménage et produits d'entretien
Les meilleurs nettoyeurs vapeur pour joints de carrelage;https://meilleurtest.fr/comparatif-nettoyeur-vapeur-pour-joints-de-carrelage/;Ménage et produits d'entretien
Les meilleurs nettoyants de sol maison;https://meilleurtest.fr/comparatif-nettoyant-de-sol-maison/;Ménage et produits d'entretien
Les meilleurs balais;https://meilleurtest.fr/comparatif-balai/;Ménage et produits d'entretien
Les meilleures serpillères pour parquet;https://meilleurtest.fr/comparatif-serpillere-pour-parquet/;Ménage et produits d'entretien
Les meilleurs nettoyants pour vitres;https://meilleurtest.fr/comparatif-nettoyant-pour-vitres/;Ménage et produits d'entretien
Les meilleurs nettoyants tapis;https://meilleurtest.fr/comparatif-nettoyants-tapis/;Ménage et produits d'entretien
Les meilleurs balais serpillère professionnels;https://meilleurtest.fr/comparatif-balai-serpillere-professionnel/;Ménage et produits d'entretien
Les meilleurs balais espagnols;https://meilleurtest.fr/comparatif-balai-espagnol/;Ménage et produits d'entretien
Les meilleurs nettoyants de salle de bain;https://meilleurtest.fr/comparatif-nettoyant-de-salle-de-bain/;Ménage et produits d'entretien
Les meilleurs nettoyants pour douche;https://meilleurtest.fr/comparatif-nettoyant-pour-douche/;Ménage et produits d'entretien
Les meilleurs détachants vêtements;https://meilleurtest.fr/comparatif-detachant-vetement/;Ménage et produits d'entretien
Les meilleurs nettoyants inox;https://meilleurtest.fr/comparatif-nettoyant-inox/;Ménage et produits d'entretien
Les meilleurs appareils anti-moustique extérieurs;https://meilleurtest.fr/comparatif-appareil-anti-moustique-exterieur/;Ménage et produits d'entretien
Les meilleurs nettoyants WC;https://meilleurtest.fr/comparatif-nettoyant-wc/;Ménage et produits d'entretien
Les meilleurs nettoyants pour four;https://meilleurtest.fr/comparatif-nettoyant-pour-four/;Ménage et produits d'entretien
Les meilleurs produits anti-cafards;https://meilleurtest.fr/comparatif-produit-anti-cafards/;Ménage et produits d'entretien
Les meilleurs nettoyants pour plancher en bois;https://meilleurtest.fr/comparatif-nettoyant-pour-plancher-bois/;Ménage et produits d'entretien
Les meilleurs nettoyants multi-usages;https://meilleurtest.fr/comparatif-nettoyant-multi-usages/;Ménage et produits d'entretien
Les meilleures poubelles à ouverture automatique;https://meilleurtest.fr/comparatif-poubelle-a-ouverture-automatique/;Ménage et produits d'entretien
Les meilleurs détachants pour tapis;https://meilleurtest.fr/comparatif-detachant-pour-tapis/;Ménage et produits d'entretien
Les meilleures centrales vapeur professionnelles;https://meilleurtest.fr/comparatif-centrale-vapeur-professionnelle/;Ménage et produits d'entretien
Les meilleurs produits anti-fourmis;https://meilleurtest.fr/comparatif-produit-anti-fourmis/;Ménage et produits d'entretien
Les meilleures poubelles;https://meilleurtest.fr/comparatif-poubelle/;Ménage et produits d'entretien
Les meilleurs défroisseurs professionnels;https://meilleurtest.fr/comparatif-defroisseur-professionnel/;Ménage et produits d'entretien
Les meilleurs détergents pour lave-vaisselle;https://meilleurtest.fr/comparatif-detergent-pour-lave-vaisselle/;Ménage et produits d'entretien
Les meilleurs balais serpillères électriques;https://meilleurtest.fr/comparatif-balai-serpillere-electrique/;Ménage et produits d'entretien
Les meilleurs balais mécaniques;https://meilleurtest.fr/comparatif-balai-mecanique/;Ménage et produits d'entretien
Les meilleurs anti-moustiques;https://meilleurtest.fr/comparatif-anti-moustique/;Ménage et produits d'entretien
Les meilleurs destructeurs d'insectes;https://meilleurtest.fr/comparatif-destructeur-insecte/;Ménage et produits d'entretien
Les meilleures lessives liquides;https://meilleurtest.fr/comparatif-lessive-liquide/;Ménage et produits d'entretien
Les meilleurs centres de repassage;https://meilleurtest.fr/comparatif-centre-de-repassage/;Ménage et produits d'entretien
Les meilleurs liquides vaisselle;https://meilleurtest.fr/comparatif-liquide-vaisselle/;Ménage et produits d'entretien
Les meilleures tablettes de lave-vaisselle;https://meilleurtest.fr/comparatif-tablette-de-lave-vaisselle/;Ménage et produits d'entretien
Les meilleurs nettoyeurs vapeur à main;https://meilleurtest.fr/comparatif-nettoyeur-vapeur-a-main/;Ménage et produits d'entretien
Les meilleurs désodorisants maison;https://meilleurtest.fr/comparatif-desodorisant-maison/;Ménage et produits d'entretien
Les meilleurs produits lave-vaisselle;https://meilleurtest.fr/comparatif-produit-lave-vaisselle/;Ménage et produits d'entretien
Les meilleurs anti-mites;https://meilleurtest.fr/comparatif-anti-mites/;Ménage et produits d'entretien
Les meilleures pattemouilles;https://meilleurtest.fr/comparatif-pattemouille/;Ménage et produits d'entretien
Les meilleures lessives en poudre;https://meilleurtest.fr/comparatif-lessive-poudre/;Ménage et produits d'entretien
Les meilleures tables à repasser;https://meilleurtest.fr/comparatif-table-a-repasser/;Ménage et produits d'entretien
Les meilleures centrales vapeur Philips;https://meilleurtest.fr/comparatif-centrale-vapeur-philips/;Ménage et produits d'entretien
Les meilleurs robots lave vitre;https://meilleurtest.fr/comparatif-robot-lave-vitre/;Ménage et produits d'entretien
Les meilleures lessives bébé;https://meilleurtest.fr/comparatif-lessive-bebe/;Ménage et produits d'entretien
Les meilleures serpillères;https://meilleurtest.fr/comparatif-serpillere/;Ménage et produits d'entretien
Les meilleurs anti-mousse toiture;https://meilleurtest.fr/comparatif-anti-mousse-toiture/;Ménage et produits d'entretien
Les meilleures centrales vapeur;https://meilleurtest.fr/comparatif-centrale-vapeur/;Ménage et produits d'entretien
Les meilleurs pièges à souris;https://meilleurtest.fr/comparatif-piege-a-souris/;Ménage et produits d'entretien
Les meilleures lessives bio écologiques;https://meilleurtest.fr/comparatif-lessive-bio-ecologique/;Ménage et produits d'entretien
Les meilleures centrales vapeur;https://meilleurtest.fr/comparatif-centrale-vapeur/;Ménage et produits d'entretien
Les meilleurs pièges à souris;https://meilleurtest.fr/comparatif-piege-a-souris/;Ménage et produits d'entretien
Les meilleures lessives bio écologiques;https://meilleurtest.fr/comparatif-lessive-bio-ecologique/;Ménage et produits d'entretien
Les meilleures raboteuses dégauchisseuses;https://meilleurtest.fr/comparatif-raboteuse-degauchisseuse/;Menuiserie
Les meilleurs tours à bois;https://meilleurtest.fr/comparatif-tour-a-bois/;Menuiserie
Les meilleures scies à onglet rapport qualité/prix;https://meilleurtest.fr/comparatif-scies-a-onglet-rapport-qualite-prix/;Menuiserie
Les meilleures défonceuses rapport qualité/prix;https://meilleurtest.fr/comparatif-defonceuses-rapport-qualite-prix/;Menuiserie
Les meilleures raboteuses stationnaires;https://meilleurtest.fr/comparatif-raboteuse-stationnaire/;Menuiserie
Les meilleurs cloueurs pneumatiques;https://meilleurtest.fr/comparatif-cloueur-pneumatique/;Menuiserie
Les meilleures scieries mobiles;https://meilleurtest.fr/comparatif-scierie-mobile/;Menuiserie
Les meilleures scies circulaires plongeantes;https://meilleurtest.fr/comparatif-scie-circulaire-plongeante/;Menuiserie
Les meilleures scies plongeantes;https://meilleurtest.fr/comparatif-scie-plongeante/;Menuiserie
Les meilleures scies sur table;https://meilleurtest.fr/comparatif-scie-sur-table/;Menuiserie
Les meilleures défonceuses;https://meilleurtest.fr/comparatif-defonceuse/;Menuiserie
Les meilleurs scies à chantourner;https://meilleurtest.fr/comparatif-scie-a-chantourner/;Menuiserie
Les meilleurs cloueurs de charpente;https://meilleurtest.fr/comparatif-cloueur-de-charpente/;Menuiserie
Les meilleures scies sur table;https://meilleurtest.fr/comparatif-scie-sur-table/;Menuiserie
Les meilleures défonceuses;https://meilleurtest.fr/comparatif-defonceuse/;Menuiserie
Les meilleurs scies à chantourner;https://meilleurtest.fr/comparatif-scie-a-chantourner/;Menuiserie
Les meilleurs cloueurs de charpente;https://meilleurtest.fr/comparatif-cloueur-de-charpente/;Menuiserie
Les meilleurs canapés lits pour couchage quotidien;https://meilleurtest.fr/comparatif-canape-lit-pour-couchage-quotidien/;Meubles
Les meilleurs fauteuils d'allaitement;https://meilleurtest.fr/comparatif-fauteuil-allaitement/;Meubles
Les meilleurs lits avec chevet intégré;https://meilleurtest.fr/comparatif-lit-avec-chevet-integre/;Meubles
Les meilleurs mange debout;https://meilleurtest.fr/comparatif-mange-debout/;Meubles
Les meilleurs lits scandinaves;https://meilleurtest.fr/comparatif-lit-scandinave/;Meubles
Les meilleurs lits contemporains;https://meilleurtest.fr/comparatif-lit-contemporain/;Meubles
Les meilleurs lits 2 places;https://meilleurtest.fr/comparatif-lit-2-places/;Meubles
Les meilleurs lits 180x200 avec sommier et matelas;https://meilleurtest.fr/comparatif-lit-180x200-avec-sommier-et-matelas/;Meubles
Les meilleurs lits 160x200 avec chevet suspendu;https://meilleurtest.fr/comparatif-lit-160x200-avec-chevet-suspendu/;Meubles
Les meilleurs lits design;https://meilleurtest.fr/comparatif-lit-design/;Meubles
Les meilleurs lits tiroirs;https://meilleurtest.fr/comparatif-lits-tiroirs/;Meubles
Les meilleurs lits pas chers 160x200;https://meilleurtest.fr/comparatif-lit-pas-cher-160x200/;Meubles
Les meilleurs lots de 4 chaises;https://meilleurtest.fr/comparatif-lot-de-4-chaises/;Meubles
Les meilleurs lits métal;https://meilleurtest.fr/comparatif-lit-metal/;Meubles
Les meilleurs lits 140x190 avec rangement;https://meilleurtest.fr/comparatif-lit-140x190-avec-rangement/;Meubles
Les meilleurs lits 1 place;https://meilleurtest.fr/comparatif-lit-1-place/;Meubles
Les meilleurs lits de voyage bébé;https://meilleurtest.fr/comparatif-lit-de-voyage-bebe/;Meubles
Les meilleurs lits 160x200 avec rangement;https://meilleurtest.fr/comparatif-lit-160x200-avec-rangement/;Meubles
Les meilleurs lits combinés évolutifs;https://meilleurtest.fr/comparatif-lit-combine-evolutif/;Meubles
Les meilleurs lits 160x200 en bois;https://meilleurtest.fr/comparatif-lit-160x200-en-bois/;Meubles
Les meilleurs lits 140x190 avec sommier;https://meilleurtest.fr/comparatif-lit-140x190-avec-sommier/;Meubles
Les meilleures housses BZ;https://meilleurtest.fr/comparatif-housse-bz/;Meubles
Les meilleures housses de canapé d'angle;https://meilleurtest.fr/comparatif-housse-de-canape-dangle/;Meubles
Les meilleures housses de clic-clac;https://meilleurtest.fr/comparatif-housse-de-clic-clac/;Meubles
Les meilleurs canapés lits confortables;https://meilleurtest.fr/comparatif-canape-lit-confortable/;Meubles
Les meilleurs meubles de salle de bain 140 cm;https://meilleurtest.fr/comparatif-meuble-de-salle-de-bain-140-cm/;Meubles
Les meilleurs meubles de cuisine;https://meilleurtest.fr/comparatif-meuble-de-cuisine/;Meubles
Les meilleurs fauteuils scandinaves;https://meilleurtest.fr/comparatif-fauteuil-scandinave/;Meubles
Les meilleurs meubles de chambre;https://meilleurtest.fr/comparatif-meuble-de-chambre/;Meubles
Les meilleurs fauteuils relax;https://meilleurtest.fr/comparatif-fauteuil-relax/;Meubles
Les meilleurs fauteuils enfant;https://meilleurtest.fr/comparatif-fauteuil-enfant/;Meubles
Les meilleures chauffeuses convertibles;https://meilleurtest.fr/comparatif-chauffeuse-convertible/;Meubles
Les meilleurs fauteuils en rotin;https://meilleurtest.fr/comparatif-fauteuil-en-rotin/;Meubles
Les meilleurs meubles d'angle;https://meilleurtest.fr/comparatif-meuble-d-angle/;Meubles
Les meilleurs fauteuils en bois;https://meilleurtest.fr/comparatif-fauteuil-en-bois/;Meubles
Les meilleurs fauteuils contemporains;https://meilleurtest.fr/comparatif-fauteuil-contemporain/;Meubles
Les meilleurs meubles cubes;https://meilleurtest.fr/comparatif-meuble-cube/;Meubles
Les meilleures étagères design;https://meilleurtest.fr/comparatif-etagere-design/;Meubles
Les meilleures étagères industrielles;https://meilleurtest.fr/comparatif-etagere-industrielle/;Meubles
Les meilleurs canapés pour chien;https://meilleurtest.fr/comparatif-canape-pour-chien/;Meubles
Les meilleurs fauteuils crapaud;https://meilleurtest.fr/comparatif-fauteuil-crapaud/;Meubles
Les meilleurs fauteuils en cuir;https://meilleurtest.fr/comparatif-fauteuil-en-cuir/;Meubles
Les meilleurs fauteuils de bureau noirs;https://meilleurtest.fr/comparatif-fauteuil-de-bureau-noir/;Meubles
Les meilleures chaises avec accoudoirs;https://meilleurtest.fr/comparatif-chaise-avec-accoudoirs/;Meubles
Les meilleurs ensembles table et chaise;https://meilleurtest.fr/comparatif-ensemble-table-et-chaise/;Meubles
Les meilleurs canapés déhoussables;https://meilleurtest.fr/comparatif-canape-dehoussable/;Meubles
Les meilleurs fauteuils design;https://meilleurtest.fr/comparatif-fauteuil-design/;Meubles
Les meilleurs fauteuils à roulettes;https://meilleurtest.fr/comparatif-fauteuil-a-roulettes/;Meubles
Les meilleures étagères escalier;https://meilleurtest.fr/comparatif-etagere-escalier/;Meubles
Les meilleures étagères d'angle;https://meilleurtest.fr/comparatif-etagere-dangle/;Meubles
Les meilleures étagères cubes;https://meilleurtest.fr/comparatif-etagere-cube/;Meubles
Les meilleurs ensembles table et chaise de jardin;https://meilleurtest.fr/comparatif-ensemble-table-et-chaise-de-jardin/;Meubles
Les meilleures commodes design;https://meilleurtest.fr/comparatif-commode-design/;Meubles
Les meilleures colonnes de cuisine;https://meilleurtest.fr/comparatif-colonne-de-cuisine/;Meubles
Les meilleures chaises noires et bois;https://meilleurtest.fr/comparatif-chaise-noire-et-bois/;Meubles
Les meilleures commodes en rotin;https://meilleurtest.fr/comparatif-commode-en-rotin/;Meubles
Les meilleures commodes 6 tiroirs;https://meilleurtest.fr/comparatif-commode-6-tiroirs/;Meubles
Les meilleures coiffeuses avec miroir LED;https://meilleurtest.fr/comparatif-coiffeuse-avec-miroir-led/;Meubles
Les meilleurs chiffonniers;https://meilleurtest.fr/comparatif-chiffonnier/;Meubles
Les meilleures colonnes de salle de bain;https://meilleurtest.fr/comparatif-colonne-de-salle-de-bain/;Meubles
Les meilleures cloisons amovibles;https://meilleurtest.fr/comparatif-cloison-amovible/;Meubles
Les meilleures chaises gris anthracite;https://meilleurtest.fr/comparatif-chaise-gris-anthracite/;Meubles
Les meilleures chaises style industriel;https://meilleurtest.fr/comparatif-chaise-style-industriel/;Meubles
Les meilleurs clic-clacs design;https://meilleurtest.fr/comparatif-clic-clac-design/;Meubles
Les meilleures chaises en rotin;https://meilleurtest.fr/comparatif-chaise-en-rotin/;Meubles
Les meilleures chaises blanches;https://meilleurtest.fr/comparatif-chaise-blanche/;Meubles
Les meilleures chauffeuses 1 place;https://meilleurtest.fr/comparatif-chauffeuse-1-place/;Meubles
Les meilleures chambres à coucher complètes;https://meilleurtest.fr/comparatif-chambre-a-coucher-complete/;Meubles
Les meilleures chaises vintage;https://meilleurtest.fr/comparatif-chaise-vintage/;Meubles
Les meilleures chaises de bar transparentes;https://meilleurtest.fr/comparatif-chaise-de-bar-transparente/;Meubles
Les meilleures chaises de cuisine;https://meilleurtest.fr/comparatif-chaise-de-cuisine/;Meubles
Les meilleures chaises en métal noires;https://meilleurtest.fr/comparatif-chaise-en-metal-noire/;Meubles
Les meilleures chaises en bois;https://meilleurtest.fr/comparatif-chaise-en-bois/;Meubles
Les meilleures chaises noires design;https://meilleurtest.fr/comparatif-chaise-noire-design/;Meubles
Les meilleures chaises en tissu;https://meilleurtest.fr/comparatif-chaise-en-tissu/;Meubles
Les meilleures chaises bois et métal;https://meilleurtest.fr/comparatif-chaise-bois-et-metal/;Meubles
Les meilleures chaises de bar scandinaves;https://meilleurtest.fr/comparatif-chaises-de-bar-scandinave/;Meubles
Les meilleurs canapés d'angle 5 places;https://meilleurtest.fr/comparatif-canape-dangle-5-places/;Meubles
Les meilleures chaises bois et tissu;https://meilleurtest.fr/comparatif-chaise-bois-et-tissu/;Meubles
Les meilleurs canapés terracotta;https://meilleurtest.fr/comparatif-canape-terracotta/;Meubles
Les meilleurs canapés scandinaves;https://meilleurtest.fr/comparatif-canape-scandinave/;Meubles
Les meilleurs canapés modulables velours;https://meilleurtest.fr/comparatif-canape-modulable-velours/;Meubles
Les meilleurs canapés d'angle taupe;https://meilleurtest.fr/comparatif-canape-dangle-taupe/;Meubles
Les meilleurs canapés en cuir convertibles;https://meilleurtest.fr/comparatif-canape-en-cuir-convertible/;Meubles
Les meilleurs canapés moelleux et profonds;https://meilleurtest.fr/comparatif-canape-moelleux-et-profond/;Meubles
Les meilleurs canapés roses poudrés;https://meilleurtest.fr/comparatif-canape-rose-poudre/;Meubles
Les meilleurs canapés d'angle extérieur;https://meilleurtest.fr/comparatif-canape-angle-exterieur/;Meubles
Les meilleurs canapés pieds métal;https://meilleurtest.fr/comparatif-canape-pieds-metal/;Meubles
Les meilleurs canapés pouf;https://meilleurtest.fr/comparatif-canape-pouf/;Meubles
Les meilleurs canapés cocooning;https://meilleurtest.fr/comparatif-canape-cocooning/;Meubles
Les meilleurs canapés familiaux;https://meilleurtest.fr/comparatif-canape-familial/;Meubles
Les meilleurs canapés modulables;https://meilleurtest.fr/comparatif-canape-modulable/;Meubles
Les meilleurs canapés panoramiques;https://meilleurtest.fr/comparatif-canape-panoramique/;Meubles
Les meilleurs canapés industriels;https://meilleurtest.fr/comparatif-canape-industriel/;Meubles
Les meilleurs canapés d'angle 12 places;https://meilleurtest.fr/comparatif-canape-dangle-12-places/;Meubles
Les meilleurs canapés en tissu;https://meilleurtest.fr/comparatif-canape-en-tissu/;Meubles
Les meilleurs canapés droits convertibles;https://meilleurtest.fr/comparatif-canape-droit-convertible/;Meubles
Les meilleurs canapés d'extérieur;https://meilleurtest.fr/comparatif-canape-d-exterieur/;Meubles
Les meilleurs canapés fixes;https://meilleurtest.fr/comparatif-canape-fixe/;Meubles
Les meilleurs canapés en bois;https://meilleurtest.fr/comparatif-canape-en-bois/;Meubles
Les meilleurs canapés design pas chers;https://meilleurtest.fr/comparatif-canape-design-pas-cher/;Meubles
Les meilleurs canapés droits;https://meilleurtest.fr/comparatif-canapes-droits/;Meubles
Les meilleurs canapés fabriqués en france;https://meilleurtest.fr/comparatif-canape-fabrique-en-france/;Meubles
Les meilleurs canapés d'angle noirs;https://meilleurtest.fr/comparatif-canape-angle-noir/;Meubles
Les meilleurs canapés en velours cotelé;https://meilleurtest.fr/comparatif-canape-en-velours-cotele/;Meubles
Les meilleurs canapés en simili cuir;https://meilleurtest.fr/comparatif-canape-en-simili-cuir/;Meubles
Les meilleurs cadres de lit 140x190 cm;https://meilleurtest.fr/comparatif-cadre-de-lit-140x190-cm/;Meubles
Les meilleurs canapés convertibles vintages;https://meilleurtest.fr/comparatif-canape-convertible-vintage/;Meubles
Les meilleurs canapés bouclettes;https://meilleurtest.fr/comparatif-canape-bouclette/;Meubles
Les meilleurs canapés d'angle jaunes;https://meilleurtest.fr/comparatif-canape-dangle-jaune/;Meubles
Les meilleurs canapés d'angle velours cotelé;https://meilleurtest.fr/comparatif-canape-dangle-velours-cotele/;Meubles
Les meilleurs canapés d'angle convertible;https://meilleurtest.fr/comparatif-canape-dangle-convertible/;Meubles
Les meilleurs canapés d'angle fixes;https://meilleurtest.fr/comparatif-canape-dangle-fixe/;Meubles
Les meilleurs canapés d'angle beige;https://meilleurtest.fr/comparatif-canape-dangle-beige/;Meubles
Les meilleurs canapés 8 places;https://meilleurtest.fr/comparatif-canape-8-places/;Meubles
Les meilleurs canapés d'angle gris;https://meilleurtest.fr/comparatif-canape-dangle-gris/;Meubles
Les meilleurs canapés contemporains;https://meilleurtest.fr/comparatif-canape-contemporain/;Meubles
Les meilleurs canapés convertibles velours côtelé;https://meilleurtest.fr/comparatif-canape-convertible-velours-cotele/;Meubles
Les meilleurs canapés bord de mer;https://meilleurtest.fr/comparatif-canape-bord-de-mer/;Meubles
Les meilleurs canapés convertibles avec coffre;https://meilleurtest.fr/comparatif-canape-convertible-avec-coffre/;Meubles
Les meilleurs canapés convertibles beiges;https://meilleurtest.fr/comparatif-canape-convertible-beige/;Meubles
Les meilleurs buffets bas;https://meilleurtest.fr/comparatif-buffet-bas/;Meubles
Les meilleurs bureaux connectés;https://meilleurtest.fr/comparatif-bureau-connecte/;Meubles
Les meilleurs canapés bleu canard;https://meilleurtest.fr/comparatif-canape-bleu-canard/;Meubles
Les meilleurs canapés anthracite;https://meilleurtest.fr/comparatif-canape-anthracite/;Meubles
Les meilleurs canapés 3 places convertibles;https://meilleurtest.fr/comparatif-canape-3-places-convertible/;Meubles
Les meilleurs canapés convertibles scandinaves;https://meilleurtest.fr/comparatif-canape-convertible-scandinave/;Meubles
Les meilleurs canapés convertibles avec matelas;https://meilleurtest.fr/comparatif-canape-convertible-avec-matelas/;Meubles
Les meilleurs canapés 2 places;https://meilleurtest.fr/comparatif-canape-2-places/;Meubles
Les meilleures armoires à portes coulissantes;https://meilleurtest.fr/comparatif-armoire-a-portes-coulissantes/;Meubles
Les meilleurs canapés 7 places;https://meilleurtest.fr/comparatif-canape-7-places/;Meubles
Les meilleurs canapés 4 places;https://meilleurtest.fr/comparatif-canape-4-places/;Meubles
Les meilleurs canapés 6 places;https://meilleurtest.fr/comparatif-canape-6-places/;Meubles
Les meilleurs canapés 2 places scandinaves;https://meilleurtest.fr/comparatif-canape-2-places-scandinave/;Meubles
Les meilleurs canapés 3 places;https://meilleurtest.fr/comparatif-canape-3-places/;Meubles
Les meilleurs bureaux pour enfant;https://meilleurtest.fr/comparatif-bureau-pour-enfant/;Meubles
Les meilleurs caissons de bureau;https://meilleurtest.fr/comparatif-caisson-de-bureau/;Meubles
Les meilleurs bureaux en chêne massif;https://meilleurtest.fr/comparatif-bureau-en-chene-massif/;Meubles
Les meilleurs bureaux modulables;https://meilleurtest.fr/comparatif-bureau-modulable/;Meubles
Les meilleurs bureaux scandinaves;https://meilleurtest.fr/comparatif-bureau-scandinave/;Meubles
Les meilleures bibliothèques en bois;https://meilleurtest.fr/comparatif-bibliotheque-en-bois/;Meubles
Les meilleurs bureaux;https://meilleurtest.fr/comparatif-bureau/;Meubles
Les meilleurs bureaux avec tiroirs;https://meilleurtest.fr/comparatif-bureau-avec-tiroir/;Meubles
Les meilleurs buffets industriels;https://meilleurtest.fr/comparatif-buffet-industriel/;Meubles
Les meilleurs bureaux muraux rabattables;https://meilleurtest.fr/comparatif-bureau-mural-rabattable/;Meubles
Les meilleurs buffets 140 cm;https://meilleurtest.fr/comparatif-buffet-140-cm/;Meubles
Les meilleurs bureaux blancs laqués;https://meilleurtest.fr/comparatif-bureau-blanc-laque/;Meubles
Les meilleurs bureaux d'angle;https://meilleurtest.fr/comparatif-bureau-dangle/;Meubles
Les meilleurs buffets blancs;https://meilleurtest.fr/comparatif-buffet-blanc/;Meubles
Les meilleurs bureaux blancs et bois;https://meilleurtest.fr/comparatif-bureau-blanc-et-bois/;Meubles
Les meilleurs bureaux avec rangement;https://meilleurtest.fr/comparatif-bureau-avec-rangement/;Meubles
Les meilleurs bureaux blancs;https://meilleurtest.fr/comparatif-bureau-blanc/;Meubles
Les meilleurs buffets bois;https://meilleurtest.fr/comparatif-buffet-bois/;Meubles
Les meilleurs buffets de cuisine;https://meilleurtest.fr/comparatif-buffet-de-cuisine/;Meubles
Les meilleurs buffets design;https://meilleurtest.fr/comparatif-buffet-design/;Meubles
Les meilleurs buffets à portes coulissantes;https://meilleurtest.fr/comparatif-buffet-a-portes-coulissantes/;Meubles
Les meilleurs buffets blancs laqués;https://meilleurtest.fr/comparatif-buffet-blanc-laque/;Meubles
Les meilleurs buffets blancs et bois;https://meilleurtest.fr/comparatif-buffet-blanc-et-bois/;Meubles
Les meilleures armoires de jardin;https://meilleurtest.fr/comparatif-armoire-de-jardin/;Meubles
Les meilleurs bouts de lit;https://meilleurtest.fr/comparatif-bout-de-lit/;Meubles
Les meilleurs bouts de canapé;https://meilleurtest.fr/comparatif-bout-de-canape/;Meubles
Les meilleurs bancs d'entrées industriels;https://meilleurtest.fr/comparatif-banc-dentree-industriel/;Meubles
Les meilleurs bancs à chaussures;https://meilleurtest.fr/comparatif-banc-a-chaussures/;Meubles
Les meilleures bibliothèques d'angle;https://meilleurtest.fr/comparatif-bibliotheque-dangle/;Meubles
Les meilleures bibliothèques en métal;https://meilleurtest.fr/comparatif-bibliotheque-en-metal/;Meubles
Les meilleures bibliothèques basses;https://meilleurtest.fr/comparatif-bibliotheque-basse/;Meubles
Les meilleures banquettes convertibles;https://meilleurtest.fr/comparatif-banquette-convertible/;Meubles
Les meilleurs tabourets de bar en rotin;https://meilleurtest.fr/comparatif-tabouret-de-bar-en-rotin/;Meubles
Les meilleurs bancs de jardin;https://meilleurtest.fr/comparatif-banc-de-jardin/;Meubles
Les meilleures armoires de toilettes;https://meilleurtest.fr/comparatif-armoire-de-toilette/;Meubles
Les meilleures armoires bébé;https://meilleurtest.fr/comparatif-armoire-bebe/;Meubles
Les meilleurs bancs;https://meilleurtest.fr/comparatif-banc/;Meubles
Les meilleurs bancs de rangement à chaussures;https://meilleurtest.fr/comparatif-banc-de-rangement-a-chaussures/;Meubles
Les meilleurs bancs de salle de bain;https://meilleurtest.fr/comparatif-banc-de-salle-de-bain/;Meubles
Les meilleures armoires industrielles;https://meilleurtest.fr/comparatif-armoire-industrielle/;Meubles
Les meilleures armoires de salle de bain;https://meilleurtest.fr/comparatif-armoire-de-salle-de-bain/;Meubles
Les meilleures armoires enfant;https://meilleurtest.fr/comparatif-armoire-enfant/;Meubles
Les meilleures armoires blanches;https://meilleurtest.fr/comparatif-armoire-blanche/;Meubles
Les meilleures armoires d'angle;https://meilleurtest.fr/comparatif-armoire-d-angle/;Meubles
Les meilleures armoires de chambre;https://meilleurtest.fr/comparatif-armoire-de-chambre/;Meubles
Les meilleures tables hautes de cuisine;https://meilleurtest.fr/comparatif-table-haute-de-cuisine/;Meubles
Les meilleures armoires;https://meilleurtest.fr/comparatif-armoire/;Meubles
Les meilleures tables scandinaves;https://meilleurtest.fr/comparatif-table-scandinave/;Meubles
Les meilleures tables ovales extensibles;https://meilleurtest.fr/comparatif-table-ovale-extensible/;Meubles
Les meilleures tables hautes;https://meilleurtest.fr/comparatif-table-haute/;Meubles
Les meilleures tables rondes extensibles;https://meilleurtest.fr/comparatif-table-ronde-extensible/;Meubles
Les meilleurs tabourets design;https://meilleurtest.fr/comparatif-tabouret-design/;Meubles
Les meilleures tables 12 personnes;https://meilleurtest.fr/comparatif-table-12-personnes/;Meubles
Les meilleures tables gigognes en métal;https://meilleurtest.fr/comparatif-tables-gigognes-en-metal/;Meubles
Les meilleurs tabourets en rotin;https://meilleurtest.fr/comparatif-tabouret-en-rotin/;Meubles
Les meilleures tables de chevet sur Amazon;https://meilleurtest.fr/comparatif-table-de-chevet-amazon/;Meubles
Les meilleurs canapés rapport qualité/prix;https://meilleurtest.fr/comparatif-canapes-rapport-qualite-prix/;Meubles
Les meilleures commodes à langer;https://meilleurtest.fr/comparatif-commode-a-langer/;Meubles
Les meilleures housses de canapé extensibles;https://meilleurtest.fr/comparatif-housse-de-canape-extensible/;Meubles
Les meilleurs fauteuils de bureau pour le dos;https://meilleurtest.fr/comparatif-fauteuil-de-bureau-pour-dos/;Meubles
Les meilleures tables basses scandinaves;https://meilleurtest.fr/comparatif-table-basse-scandinave/;Meubles
Les meilleurs fauteuils roulants;https://meilleurtest.fr/comparatif-fauteuil-roulant/;Meubles
Les meilleurs comptoirs de cuisine;https://meilleurtest.fr/comparatif-comptoir-de-cuisine/;Meubles
Les meilleures bibliothèques enfant;https://meilleurtest.fr/comparatif-bibliotheque-enfant/;Meubles
Les meilleurs placards;https://meilleurtest.fr/comparatif-placard/;Meubles
Les meilleurs fauteuils de bureau;https://meilleurtest.fr/comparatif-fauteuil-de-bureau/;Meubles
Les meilleures moustiquaires sur mesure;https://meilleurtest.fr/comparatif-moustiquaire-sur-mesure/;Meubles
Les meilleurs lits réglables;https://meilleurtest.fr/comparatif-lit-reglable/;Meubles
Les meilleurs sites pour acheter un canapé en ligne;https://meilleurtest.fr/comparatif-site-pour-acheter-un-canape-ligne/;Meubles
Les meilleurs bureaux pour télétravail;https://meilleurtest.fr/comparatif-bureau-pour-teletravail/;Meubles
Les meilleurs lits pour chien;https://meilleurtest.fr/comparatif-lit-pour-chien/;Meubles
Les meilleurs canapés lits;https://meilleurtest.fr/comparatif-canape-lit/;Meubles
Les meilleures têtes de lit capitonnées;https://meilleurtest.fr/comparatif-tete-de-lit-capitonnee/;Meubles
Les meilleurs lits à eau;https://meilleurtest.fr/comparatif-lit-a-eau/;Meubles
Les meilleures chambres complètes adulte;https://meilleurtest.fr/comparatif-chambre-complete-adulte/;Meubles
Les meilleurs lits américains;https://meilleurtest.fr/comparatif-lit-americain/;Meubles
Les meilleurs lits de luxe;https://meilleurtest.fr/comparatif-lit-de-luxe/;Meubles
Les meilleurs lits gigognes enfant;https://meilleurtest.fr/comparatif-lit-gigogne-enfant/;Meubles
Les meilleures étagères de cuisine;https://meilleurtest.fr/comparatif-etageres-de-cuisine/;Meubles
Les meilleurs lits d'appoint pliants;https://meilleurtest.fr/comparatif-lit-appoint-pliant/;Meubles
Les meilleurs poufs enfant;https://meilleurtest.fr/comparatif-pouf-enfant/;Meubles
Les meilleurs lits cododo évolutifs;https://meilleurtest.fr/comparatif-lit-cododo-evolutif/;Meubles
Les meilleurs lits coffres 140x200;https://meilleurtest.fr/comparatif-lit-coffre-140x200/;Meubles
Les meilleurs lits superposés pas chers;https://meilleurtest.fr/comparatif-lit-superpose-pas-cher/;Meubles
Les meilleurs canapés convertibles pas chers;https://meilleurtest.fr/comparatif-canape-convertible-pas-chers/;Meubles
Les meilleurs lits superposés cabanes;https://meilleurtest.fr/comparatif-lit-superpose-cabane/;Meubles
Les meilleures têtes de lit en rotin;https://meilleurtest.fr/comparatif-tete-de-lit-rotin/;Meubles
Les meilleurs lits enfants pour fille;https://meilleurtest.fr/comparatif-lit-enfant-pour-fille/;Meubles
Les meilleurs meubles pour platines vinyles;https://meilleurtest.fr/comparatif-meuble-pour-platine-vinyle/;Meubles
Les meilleurs lits superposés enfants;https://meilleurtest.fr/comparatif-lit-superpose-enfant/;Meubles
Les meilleurs lits LED;https://meilleurtest.fr/comparatif-lit-led/;Meubles
Les meilleurs lits mezzanine adultes;https://meilleurtest.fr/comparatif-lit-mezzanine-adulte/;Meubles
Les meilleurs lits ado;https://meilleurtest.fr/comparatif-lit-ado/;Meubles
Les meilleurs lits coffres 180x200;https://meilleurtest.fr/comparatif-lit-coffre-180x200/;Meubles
Les meilleurs fauteuils;https://meilleurtest.fr/comparatif-fauteuil/;Meubles
Les meilleurs lits ronds;https://meilleurtest.fr/comparatif-lit-rond/;Meubles
Les meilleures chaises de salle à manger;https://meilleurtest.fr/comparatif-chaise-de-salle-a-manger/;Meubles
Les meilleurs lits voitures;https://meilleurtest.fr/comparatif-lit-voiture/;Meubles
Les meilleurs fauteuils massants;https://meilleurtest.fr/comparatif-fauteuil-massant/;Meubles
Les meilleurs sites où acheter un canapé en cuir;https://meilleurtest.fr/comparatif-site-ou-acheter-un-canape-cuir/;Meubles
Les meilleurs magasins de meubles en ligne;https://meilleurtest.fr/comparatif-magasin-de-meuble-ligne/;Meubles
Les meilleures tables basses aquariums;https://meilleurtest.fr/comparatif-table-basse-aquarium/;Meubles
Les meilleures moustiquaires de lit;https://meilleurtest.fr/comparatif-moustiquaire-de-lit/;Meubles
Les meilleurs poufs coffres;https://meilleurtest.fr/comparatif-pouf-coffre/;Meubles
Les meilleurs lits orthopédiques pour chien;https://meilleurtest.fr/comparatif-lit-orthopedique-pour-chien/;Meubles
Les meilleurs lits cabanes filles;https://meilleurtest.fr/comparatif-lit-cabane-fille/;Meubles
Les meilleurs lits palette;https://meilleurtest.fr/comparatif-lit-palette/;Meubles
Les meilleurs lits tipis;https://meilleurtest.fr/comparatif-lit-tipi/;Meubles
Les meilleur lits toboggans;https://meilleurtest.fr/comparatif-lit-toboggan/;Meubles
Les meilleures malles de rangement;https://meilleurtest.fr/comparatif-malle-de-rangement/;Meubles
Les meilleurs lits mezzanine 1 place;https://meilleurtest.fr/comparatif-lit-mezzanine-1-place/;Meubles
Les meilleures méridiennes;https://meilleurtest.fr/comparatif-meridienne/;Meubles
Les meilleures bibliothèques murales;https://meilleurtest.fr/comparatif-bibliotheque-murale/;Meubles
Les meilleurs tabourets de bar industriels;https://meilleurtest.fr/comparatif-tabouret-de-bar-industriel/;Meubles
Les meilleures cuvettes WC;https://meilleurtest.fr/comparatif-cuvette-wc/;Meubles
Les meilleurs lits pas chers;https://meilleurtest.fr/comparatif-lit-pas-cher/;Meubles
Les meilleures chauffeuses;https://meilleurtest.fr/comparatif-chauffeuse/;Meubles
Les meilleurs lits jumeaux;https://meilleurtest.fr/comparatif-lits-jumeaux/;Meubles
Les meilleurs lits doubles;https://meilleurtest.fr/comparatif-lit-double/;Meubles
Les meilleurs lits mezzanine 2 places;https://meilleurtest.fr/comparatif-lit-mezzanine-2-places/;Meubles
Les meilleurs fauteuils inclinables;https://meilleurtest.fr/comparatif-fauteuil-inclinable/;Meubles
Les meilleurs fauteuils club;https://meilleurtest.fr/comparatif-fauteuil-club/;Meubles
Les meilleurs canapés pour enfant;https://meilleurtest.fr/comparatif-canape-pour-enfant/;Meubles
Les meilleures chaises transparentes;https://meilleurtest.fr/comparatif-chaise-transparente/;Meubles
Les meilleurs canapés relax;https://meilleurtest.fr/comparatif-canape-relax/;Meubles
Les meilleurs lits escamotables;https://meilleurtest.fr/comparatif-lit-escamotable/;Meubles
Les meilleurs poufs géants;https://meilleurtest.fr/comparatif-pouf-geant/;Meubles
Les meilleurs tabourets de bar;https://meilleurtest.fr/comparatif-tabouret-de-bar/;Meubles
Les meilleurs meubles TV suspendus;https://meilleurtest.fr/comparatif-meuble-tv-suspendu/;Meubles
Les meilleures têtes de lit;https://meilleurtest.fr/comparatif-tete-de-lit/;Meubles
Les meilleurs lits 140x190;https://meilleurtest.fr/comparatif-lit-140x190/;Meubles
Les meilleurs lits cabanes Montessori;https://meilleurtest.fr/comparatif-lit-cabane-montessori/;Meubles
Les meilleurs lits coffres;https://meilleurtest.fr/comparatif-lit-coffre/;Meubles
Les meilleurs lits 160x200;https://meilleurtest.fr/comparatif-lit-160x200/;Meubles
Les meilleures tables basses en marbre;https://meilleurtest.fr/comparatif-table-basse-marbre/;Meubles
Les meilleures coiffeuses pour enfant;https://meilleurtest.fr/comparatif-coiffeuse-pour-enfant/;Meubles
Les meilleurs lits bébé;https://meilleurtest.fr/comparatif-lit-bebe/;Meubles
Les meilleurs clic-clacs pas chers;https://meilleurtest.fr/comparatif-clic-clac-pas-cher/;Meubles
Les meilleurs lits enfants;https://meilleurtest.fr/comparatif-lit-enfant/;Meubles
Les meilleures chaises de bar;https://meilleurtest.fr/comparatif-chaise-de-bar/;Meubles
Les meilleurs lits;https://meilleurtest.fr/comparatif-lit/;Meubles
Les meilleurs fauteuils acapulco;https://meilleurtest.fr/comparatif-fauteuil-acapulco/;Meubles
Les meilleurs lits superposés;https://meilleurtest.fr/comparatif-lit-superpose/;Meubles
Les meilleures salles à manger;https://meilleurtest.fr/comparatif-salle-a-manger/;Meubles
Les meilleurs lits gigognes;https://meilleurtest.fr/comparatif-lit-gigogne/;Meubles
Les meilleurs fauteuils à bascule;https://meilleurtest.fr/comparatif-fauteuil-a-bascule/;Meubles
Les meilleurs meubles TV design;https://meilleurtest.fr/comparatif-meuble-tv-design/;Meubles
Les meilleurs canapés design;https://meilleurtest.fr/comparatif-canape-design/;Meubles
Les meilleurs lits 90x190;https://meilleurtest.fr/comparatif-lit-90-190/;Meubles
Les meilleurs lits queen size;https://meilleurtest.fr/comparatif-lit-queen-size/;Meubles
Les meilleurs lits bureaux;https://meilleurtest.fr/comparatif-lit-bureau/;Meubles
Les meilleurs lits cabanes enfants;https://meilleurtest.fr/comparatif-lit-cabane-enfant/;Meubles
Les meilleures têtes de lit en bois;https://meilleurtest.fr/comparatif-tete-de-lit-bois/;Meubles
Les meilleurs lits d'appoint;https://meilleurtest.fr/comparatif-lit-appoint/;Meubles
Les meilleurs lits 120x190;https://meilleurtest.fr/comparatif-lit-120-190/;Meubles
Les meilleurs ponts de lit;https://meilleurtest.fr/comparatif-pont-de-lit/;Meubles
Les meilleurs lits de camp;https://meilleurtest.fr/comparatif-lit-de-camp/;Meubles
Les meilleurs poufs poires;https://meilleurtest.fr/comparatif-pouf-poire/;Meubles
Les meilleurs meubles de salle de bain;https://meilleurtest.fr/comparatif-meuble-de-salle-de-bain/;Meubles
Les meilleurs bureaux assis-debout;https://meilleurtest.fr/comparatif-bureau-assis-debout/;Meubles
Les meilleures chauffeuses 2 places;https://meilleurtest.fr/comparatif-chauffeuse-2-places/;Meubles
Les meilleures housses de canapés;https://meilleurtest.fr/comparatif-housse-de-canape/;Meubles
Les meilleurs meubles à chaussures;https://meilleurtest.fr/comparatif-meuble-a-chaussure/;Meubles
Les meilleurs fauteuils confortables;https://meilleurtest.fr/comparatif-fauteuil-confortable/;Meubles
Les meilleures bibliothèques;https://meilleurtest.fr/comparatif-bibliotheque/;Meubles
Les meilleurs lits avec tiroir de rangement;https://meilleurtest.fr/comparatif-lit-tiroir-de-rangement/;Meubles
Les meilleurs lits de jardin;https://meilleurtest.fr/comparatif-lit-de-jardin/;Meubles
Les meilleurs lits évolutifs bébé;https://meilleurtest.fr/comparatif-lit-bebe-evolutif/;Meubles
Les meilleurs lits 140×200;https://meilleurtest.fr/comparatif-lit-140x200/;Meubles
Les meilleurs canapés convertibles confortables;https://meilleurtest.fr/comparatif-canape-convertible/;Meubles
Les meilleurs lits superposés 3 places;https://meilleurtest.fr/comparatif-lit-superpose-3-place/;Meubles
Les meilleurs fauteuils de bureau ergonomique;https://meilleurtest.fr/comparatif-fauteuil-de-bureau-ergonomique/;Meubles
Les meilleurs canapés confortables;https://meilleurtest.fr/comparatif-canape-confortable/;Meubles
Les meilleurs canapés relax électriques;https://meilleurtest.fr/comparatif-canape-relax-electrique/;Meubles
Les meilleures chambres complètes pour adultes;https://meilleurtest.fr/comparatif-chambre-complete-pour-adulte/;Meubles
Les meilleurs lits cododo;https://meilleurtest.fr/comparatif-lit-cododo/;Meubles
Les meilleures chaises scandinaves;https://meilleurtest.fr/comparatif-chaise-scandinave/;Meubles
Les meilleures tables basses;https://meilleurtest.fr/comparatif-table-basse/;Meubles
Les meilleures tables à manger;https://meilleurtest.fr/comparatif-table-a-manger/;Meubles
Les meilleures tables pliantes;https://meilleurtest.fr/comparatif-table-pliante/;Meubles
Les meilleurs canapés 2 places convertibles;https://meilleurtest.fr/comparatif-canape-2-places-convertible/;Meubles
Les meilleures étagères murales;https://meilleurtest.fr/comparatif-etagere-murale/;Meubles
Les meilleurs lits banquettes;https://meilleurtest.fr/comparatif-lit-banquette/;Meubles
Les meilleurs poufs géants;https://meilleurtest.fr/comparatif-pouf-geant/;Meubles
Les meilleurs tabourets de bar;https://meilleurtest.fr/comparatif-tabouret-de-bar/;Meubles
Les meilleurs meubles TV suspendus;https://meilleurtest.fr/comparatif-meuble-tv-suspendu/;Meubles
Les meilleures têtes de lit;https://meilleurtest.fr/comparatif-tete-de-lit/;Meubles
Les meilleurs lits 140x190;https://meilleurtest.fr/comparatif-lit-140x190/;Meubles
Les meilleurs lits cabanes Montessori;https://meilleurtest.fr/comparatif-lit-cabane-montessori/;Meubles
Les meilleurs lits coffres;https://meilleurtest.fr/comparatif-lit-coffre/;Meubles
Les meilleurs lits 160x200;https://meilleurtest.fr/comparatif-lit-160x200/;Meubles
Les meilleures tables basses en marbre;https://meilleurtest.fr/comparatif-table-basse-marbre/;Meubles
Les meilleures coiffeuses pour enfant;https://meilleurtest.fr/comparatif-coiffeuse-pour-enfant/;Meubles
Les meilleurs lits bébé;https://meilleurtest.fr/comparatif-lit-bebe/;Meubles
Les meilleurs clic-clacs pas chers;https://meilleurtest.fr/comparatif-clic-clac-pas-cher/;Meubles
Les meilleurs lits enfants;https://meilleurtest.fr/comparatif-lit-enfant/;Meubles
Les meilleures chaises de bar;https://meilleurtest.fr/comparatif-chaise-de-bar/;Meubles
Les meilleurs lits;https://meilleurtest.fr/comparatif-lit/;Meubles
Les meilleurs fauteuils acapulco;https://meilleurtest.fr/comparatif-fauteuil-acapulco/;Meubles
Les meilleurs lits superposés;https://meilleurtest.fr/comparatif-lit-superpose/;Meubles
Les meilleures salles à manger;https://meilleurtest.fr/comparatif-salle-a-manger/;Meubles
Les meilleurs lits gigognes;https://meilleurtest.fr/comparatif-lit-gigogne/;Meubles
Les meilleurs fauteuils à bascule;https://meilleurtest.fr/comparatif-fauteuil-a-bascule/;Meubles
Les meilleurs meubles TV design;https://meilleurtest.fr/comparatif-meuble-tv-design/;Meubles
Les meilleurs canapés design;https://meilleurtest.fr/comparatif-canape-design/;Meubles
Les meilleurs lits 90x190;https://meilleurtest.fr/comparatif-lit-90-190/;Meubles
Les meilleurs lits queen size;https://meilleurtest.fr/comparatif-lit-queen-size/;Meubles
Les meilleurs lits bureaux;https://meilleurtest.fr/comparatif-lit-bureau/;Meubles
Les meilleurs lits cabanes enfants;https://meilleurtest.fr/comparatif-lit-cabane-enfant/;Meubles
Les meilleures têtes de lit en bois;https://meilleurtest.fr/comparatif-tete-de-lit-bois/;Meubles
Les meilleurs lits d'appoint;https://meilleurtest.fr/comparatif-lit-appoint/;Meubles
Les meilleurs lits 120x190;https://meilleurtest.fr/comparatif-lit-120-190/;Meubles
Les meilleurs ponts de lit;https://meilleurtest.fr/comparatif-pont-de-lit/;Meubles
Les meilleurs lits de camp;https://meilleurtest.fr/comparatif-lit-de-camp/;Meubles
Les meilleurs poufs poires;https://meilleurtest.fr/comparatif-pouf-poire/;Meubles
Les meilleurs meubles de salle de bain;https://meilleurtest.fr/comparatif-meuble-de-salle-de-bain/;Meubles
Les meilleurs bureaux assis-debout;https://meilleurtest.fr/comparatif-bureau-assis-debout/;Meubles
Les meilleures chauffeuses 2 places;https://meilleurtest.fr/comparatif-chauffeuse-2-places/;Meubles
Les meilleures housses de canapés;https://meilleurtest.fr/comparatif-housse-de-canape/;Meubles
Les meilleurs meubles à chaussures;https://meilleurtest.fr/comparatif-meuble-a-chaussure/;Meubles
Les meilleurs fauteuils confortables;https://meilleurtest.fr/comparatif-fauteuil-confortable/;Meubles
Les meilleures bibliothèques;https://meilleurtest.fr/comparatif-bibliotheque/;Meubles
Les meilleurs lits avec tiroir de rangement;https://meilleurtest.fr/comparatif-lit-tiroir-de-rangement/;Meubles
Les meilleurs lits de jardin;https://meilleurtest.fr/comparatif-lit-de-jardin/;Meubles
Les meilleurs lits évolutifs bébé;https://meilleurtest.fr/comparatif-lit-bebe-evolutif/;Meubles
Les meilleurs lits 140×200;https://meilleurtest.fr/comparatif-lit-140x200/;Meubles
Les meilleurs canapés convertibles confortables;https://meilleurtest.fr/comparatif-canape-convertible/;Meubles
Les meilleurs lits superposés 3 places;https://meilleurtest.fr/comparatif-lit-superpose-3-place/;Meubles
Les meilleurs fauteuils de bureau ergonomique;https://meilleurtest.fr/comparatif-fauteuil-de-bureau-ergonomique/;Meubles
Les meilleurs canapés confortables;https://meilleurtest.fr/comparatif-canape-confortable/;Meubles
Les meilleurs canapés relax électriques;https://meilleurtest.fr/comparatif-canape-relax-electrique/;Meubles
Les meilleures chambres complètes pour adultes;https://meilleurtest.fr/comparatif-chambre-complete-pour-adulte/;Meubles
Les meilleurs lits cododo;https://meilleurtest.fr/comparatif-lit-cododo/;Meubles
Les meilleures chaises scandinaves;https://meilleurtest.fr/comparatif-chaise-scandinave/;Meubles
Les meilleures tables basses;https://meilleurtest.fr/comparatif-table-basse/;Meubles
Les meilleures tables à manger;https://meilleurtest.fr/comparatif-table-a-manger/;Meubles
Les meilleures tables pliantes;https://meilleurtest.fr/comparatif-table-pliante/;Meubles
Les meilleurs canapés 2 places convertibles;https://meilleurtest.fr/comparatif-canape-2-places-convertible/;Meubles
Les meilleures étagères murales;https://meilleurtest.fr/comparatif-etagere-murale/;Meubles
Les meilleurs lits banquettes;https://meilleurtest.fr/comparatif-lit-banquette/;Meubles
Les meilleurs microscopes numériques;https://meilleurtest.fr/comparatif-microscope-numerique/;microscope
Les meilleurs microscopes;https://meilleurtest.fr/comparatif-microscope/;microscope
Les meilleurs microscopes pour enfant;https://meilleurtest.fr/comparatif-microscope-enfant/;microscope
Les meilleurs microscopes;https://meilleurtest.fr/comparatif-microscope/;microscope
Les meilleurs microscopes pour enfant;https://meilleurtest.fr/comparatif-microscope-enfant/;microscope
Les meilleurs brûleurs de graisse pour homme;https://meilleurtest.fr/comparatif-bruleur-de-graisse-pour-homme/;Minceur
Les meilleurs appareils anti-cellulite;https://meilleurtest.fr/comparatif-appareil-anti-cellulite/;Minceur
Les meilleurs draineurs;https://meilleurtest.fr/comparatif-draineur/;Minceur
Les meilleures crèmes amincissantes pour le ventre;https://meilleurtest.fr/comparatif-creme-amincissante-pour-le-ventre/;Minceur
Les meilleures gaines ventre plat invisibles;https://meilleurtest.fr/comparatif-gaine-ventre-plat-invisible/;Minceur
Les meilleurs appareils anti-cellulite efficaces;https://meilleurtest.fr/comparatif-appareil-anti-cellulite-efficace/;Minceur
Les meilleurs corsets minceurs;https://meilleurtest.fr/comparatif-corset-minceur/;Minceur
Les meilleurs brûleurs de graisse pour femme;https://meilleurtest.fr/comparatif-bruleur-de-graisse-pour-femme/;Minceur
Les meilleures applis pour maigrir;https://meilleurtest.fr/comparatif-appli-pour-maigrir/;Minceur
Les meilleures crèmes amincissantes;https://meilleurtest.fr/comparatif-creme-amincissante/;Minceur
Les meilleurs appareils palper rouler;https://meilleurtest.fr/comparatif-appareil-palper-rouler/;Minceur
Les meilleurs appareils anti-cellulites à ultrasons;https://meilleurtest.fr/comparatif-appareil-anti-cellulites-a-ultrasons/;Minceur
Les meilleures ceintures de sudation;https://meilleurtest.fr/comparatif-ceinture-de-sudation/;Minceur
Les meilleures gaines amincissantes;https://meilleurtest.fr/comparatif-gaine-amincissante/;Minceur
Les meilleurs coupe-faim;https://meilleurtest.fr/comparatif-coupe-faim/;Minceur
Les meilleurs brûleurs de graisse;https://meilleurtest.fr/comparatif-bruleur-de-graisse/;Minceur
Les meilleures crèmes anti-cellulite;https://meilleurtest.fr/comparatif-creme-anti-cellulite/;Minceur
Les meilleurs coupe-faim;https://meilleurtest.fr/comparatif-coupe-faim/;Minceur
Les meilleurs brûleurs de graisse;https://meilleurtest.fr/comparatif-bruleur-de-graisse/;Minceur
Les meilleures crèmes anti-cellulite;https://meilleurtest.fr/comparatif-creme-anti-cellulite/;Minceur
Les meilleurs speed bikes;https://meilleurtest.fr/comparatif-speed-bike/;Mobilité électrique
Les meilleurs karts hoverboards;https://meilleurtest.fr/comparatif-karts-hoverboards/;Mobilité électrique
Les meilleures wallbox 7kW;https://meilleurtest.fr/comparatif-wallbox-7kw/;Mobilité électrique
Les meilleures bornes de recharge 7 kW;https://meilleurtest.fr/comparatif-borne-de-recharge-7-kw/;Mobilité électrique
Les meilleurs scooters électriques 125 cc;https://meilleurtest.fr/comparatif-scooter-electrique-125-cc/;Mobilité électrique
Les meilleures trottinettes électriques à moins de 500 euros;https://meilleurtest.fr/comparatif-trottinette-electrique-a-moins-de-500-euros/;Mobilité électrique
Les meilleurs karts électriques;https://meilleurtest.fr/comparatif-kart-electrique/;Mobilité électrique
Les meilleurs éclairages de trottinette;https://meilleurtest.fr/comparatif-eclairage-de-trottinette/;Mobilité électrique
Les meilleurs casques trottinette électrique;https://meilleurtest.fr/comparatif-casque-trottinette-electrique/;Mobilité électrique
Les meilleurs cadenas de trottinettes;https://meilleurtest.fr/comparatif-cadenas-de-trottinette/;Mobilité électrique
Les meilleurs beach bike;https://meilleurtest.fr/comparatif-beach-bike/;Mobilité électrique
Les meilleurs hoverboards rapport qualité/prix;https://meilleurtest.fr/comparatif-hoverboards-rapport-qualite-prix/;Mobilité électrique
Les meilleures trottinettes pour adulte;https://meilleurtest.fr/comparatif-trottinette-pour-adulte/;Mobilité électrique
Les meilleurs gyropodes tout terrain;https://meilleurtest.fr/comparatif-gyropode-tout-terrain/;Mobilité électrique
Les meilleures trottinettes électriques cross;https://meilleurtest.fr/comparatif-trottinette-electrique-cross/;Mobilité électrique
Les meilleurs traceurs GPS;https://meilleurtest.fr/comparatif-traceur-gps/;Mobilité électrique
Les meilleurs traceurs GPS sans abonnement;https://meilleurtest.fr/comparatif-traceur-gps-sans-abonnement/;Mobilité électrique
Les meilleures trottinettes électriques pour enfant;https://meilleurtest.fr/comparatif-trottinette-electrique-pour-enfant/;Mobilité électrique
Les meilleurs patins à roulettes;https://meilleurtest.fr/comparatif-patins-a-roulettes/;Mobilité électrique
Les meilleures trottinettes électriques meilleure autonomie;https://meilleurtest.fr/comparatif-trottinette-electrique-autonomie/;Mobilité électrique
Les meilleures trottinettes électriques pas chères;https://meilleurtest.fr/comparatif-trottinette-electrique-pas-chere/;Mobilité électrique
Les meilleures trottinettes électriques pliables adultes;https://meilleurtest.fr/comparatif-trottinette-electrique-pliable-adulte/;Mobilité électrique
Les meilleures trottinettes électrique adulte pas chère;https://meilleurtest.fr/comparatif-trottinette-electrique-adulte-pas-chere/;Mobilité électrique
Les meilleures trottinettes électriques 40 km/h;https://meilleurtest.fr/comparatif-trottinettes-electriques-40-km-h/;Mobilité électrique
Les meilleurs traceurs GPS pour enfant;https://meilleurtest.fr/comparatif-traceur-gps-pour-enfant/;Mobilité électrique
Les meilleures trottinettes électriques rapides;https://meilleurtest.fr/comparatif-trottinette-electrique-rapide/;Mobilité électrique
Les meilleurs hoverboards pas cher;https://meilleurtest.fr/comparatif-hoverboard-pas-cher/;Mobilité électrique
Les meilleures wallbox;https://meilleurtest.fr/comparatif-wallbox/;Mobilité électrique
Les meilleures trottinettes électriques rapport qualité/prix;https://meilleurtest.fr/comparatif-trottinettes-electriques-rapport-qualite-prix/;Mobilité électrique
Les meilleurs speed bike 45 km/h;https://meilleurtest.fr/comparatif-speed-bike-45-km-h/;Mobilité électrique
Les meilleurs rollers;https://meilleurtest.fr/comparatif-roller/;Mobilité électrique
Les meilleurs hoverkarts;https://meilleurtest.fr/comparatif-hoverkart/;Mobilité électrique
Les meilleures trottinettes;https://meilleurtest.fr/comparatif-trottinette/;Mobilité électrique
Les meilleures batteries de vélo électrique;https://meilleurtest.fr/comparatif-batterie-de-velo-electrique/;Mobilité électrique
Les meilleurs hoverboards;https://meilleurtest.fr/comparatif-hoverboard/;Mobilité électrique
Les meilleures trottinettes électriques adultes de 120 à 150 kg;https://meilleurtest.fr/comparatif-trottinette-120-150/;Mobilité électrique
Les meilleurs rollers électriques;https://meilleurtest.fr/comparatif-rollers-electriques/;Mobilité électrique
Les meilleures trottinettes pour enfant;https://meilleurtest.fr/comparatif-trottinette-pour-enfant/;Mobilité électrique
Les meilleures gyroroues;https://meilleurtest.fr/comparatif-gyroroue/;Mobilité électrique
Les meilleurs traceurs GPS pour voiture;https://meilleurtest.fr/comparatif-traceur-gps-pour-voiture/;Mobilité électrique
Les meilleures trottinettes freestyle;https://meilleurtest.fr/comparatif-trottinette-freestyle/;Mobilité électrique
Les meilleures trottinettes électriques tout terrain;https://meilleurtest.fr/comparatif-trottinette-electrique-tout-terrain/;Mobilité électrique
Les meilleures trottinettes électriques à gros pneus;https://meilleurtest.fr/comparatif-trottinette-electrique-a-gros-pneus/;Mobilité électrique
Les meilleurs hoverboards;https://meilleurtest.fr/comparatif-hoverboard/;Mobilité électrique
Les meilleures trottinettes électriques adultes de 120 à 150 kg;https://meilleurtest.fr/comparatif-trottinette-120-150/;Mobilité électrique
Les meilleurs rollers électriques;https://meilleurtest.fr/comparatif-rollers-electriques/;Mobilité électrique
Les meilleures trottinettes pour enfant;https://meilleurtest.fr/comparatif-trottinette-pour-enfant/;Mobilité électrique
Les meilleures gyroroues;https://meilleurtest.fr/comparatif-gyroroue/;Mobilité électrique
Les meilleurs traceurs GPS pour voiture;https://meilleurtest.fr/comparatif-traceur-gps-pour-voiture/;Mobilité électrique
Les meilleures trottinettes freestyle;https://meilleurtest.fr/comparatif-trottinette-freestyle/;Mobilité électrique
Les meilleures trottinettes électriques tout terrain;https://meilleurtest.fr/comparatif-trottinette-electrique-tout-terrain/;Mobilité électrique
Les meilleures trottinettes électriques à gros pneus;https://meilleurtest.fr/comparatif-trottinette-electrique-a-gros-pneus/;Mobilité électrique
Les meilleures chaussures bébé premiers pas;https://meilleurtest.fr/comparatif-chaussure-bebe-premiers-pas/;Mode enfant
Les meilleures baskets pour enfant;https://meilleurtest.fr/comparatif-baskets-pour-enfant/;Mode enfant
Les meilleurs après-skis enfant;https://meilleurtest.fr/comparatif-apres-ski-enfant/;Mode enfant
Les meilleurs trampolines rectangulaires;https://meilleurtest.fr/comparatif-trampoline-rectangulaire/;Mode enfant
Les meilleures Converse pour enfant;https://meilleurtest.fr/comparatif-converse-pour-enfant/;Mode enfant
Les meilleurs trampolines Kangui;https://meilleurtest.fr/comparatif-trampoline-kangui/;Mode enfant
Les meilleurs trampolines Alice Garden;https://meilleurtest.fr/comparatif-trampoline-alice-garden/;Mode enfant
Les meilleures draisiennes Puky;https://meilleurtest.fr/comparatif-draisienne-puky/;Mode enfant
Les meilleurs toboggans de piscine;https://meilleurtest.fr/comparatif-toboggan-de-piscine/;Mode enfant
Les meilleurs tracteurs à pédales;https://meilleurtest.fr/comparatif-tracteur-a-pedales/;Mode enfant
Les meilleures chaussures pour enfant;https://meilleurtest.fr/comparatif-chaussures-pour-enfant/;Mode enfant
Les meilleures trapèzes balançoires;https://meilleurtest.fr/comparatif-trapeze-balancoire/;Mode enfant
Les meilleurs triangles de pikler;https://meilleurtest.fr/comparatif-triangle-de-pikler/;Mode enfant
Les meilleures draisiennes en bois;https://meilleurtest.fr/comparatif-draisienne-bois/;Mode enfant
Les meilleurs trampolines pas chers;https://meilleurtest.fr/comparatif-trampoline-pas-cher/;Mode enfant
Les meilleurs toboggans bébé;https://meilleurtest.fr/comparatif-toboggan-bebe/;Mode enfant
Les meilleurs trampolines enfant;https://meilleurtest.fr/comparatif-trampoline-enfant/;Mode enfant
Les meilleurs trampolines fitness;https://meilleurtest.fr/comparatif-trampoline-fitness/;Mode enfant
Les meilleures draisiennes électriques;https://meilleurtest.fr/comparatif-draisienne-electrique/;Mode enfant
Les meilleurs tricycles évolutifs;https://meilleurtest.fr/comparatif-tricycle-evolutif/;Mode enfant
Les meilleures draisiennes;https://meilleurtest.fr/comparatif-draisienne/;Mode enfant
Les meilleurs toboggans;https://meilleurtest.fr/comparatif-toboggan/;Mode enfant
Les meilleurs tricycles évolutifs;https://meilleurtest.fr/comparatif-tricycle-evolutif/;Mode enfant
Les meilleures draisiennes;https://meilleurtest.fr/comparatif-draisienne/;Mode enfant
Les meilleurs toboggans;https://meilleurtest.fr/comparatif-toboggan/;Mode enfant
Les meilleures vestes de pluie vélo;https://meilleurtest.fr/comparatif-veste-de-pluie-velo/;Mode femme
Les meilleurs sacs banane femme;https://meilleurtest.fr/comparatif-sac-banane-femme/;Mode femme
Les meilleurs jeans fente;https://meilleurtest.fr/comparatif-jean-fente/;Mode femme
Les meilleurs hauts décolletés;https://meilleurtest.fr/comparatif-haut-decollete/;Mode femme
Les meilleurs soutiens-gorge minimiseurs;https://meilleurtest.fr/comparatif-soutien-gorge-minimiseur/;Mode femme
Les meilleurs soutiens-gorge sans armature pour forte poitrine;https://meilleurtest.fr/comparatif-soutien-gorge-sans-armature-pour-forte-poitrine/;Mode femme
Les meilleures chaussures de trail pour femme;https://meilleurtest.fr/comparatif-chaussures-de-trail-pour-femme/;Mode femme
Les meilleures sandales de marche pour femme;https://meilleurtest.fr/comparatif-sandales-de-marche-pour-femme/;Mode femme
Les meilleurs perfectos cuir pour femme;https://meilleurtest.fr/comparatif-perfecto-cuir-pour-femme/;Mode femme
Les meilleures baskets de marche pour femme;https://meilleurtest.fr/comparatif-baskets-de-marche-pour-femme/;Mode femme
Les meilleurs ensembles jupe et haut;https://meilleurtest.fr/comparatif-ensemble-jupe-et-haut/;Mode femme
Les meilleurs ensembles de jogging pour femme;https://meilleurtest.fr/comparatif-ensemble-de-jogging-pour-femme/;Mode femme
Les meilleures cuissardes noires;https://meilleurtest.fr/comparatif-cuissardes-noires/;Mode femme
Les meilleurs crop tops;https://meilleurtest.fr/comparatif-crop-top/;Mode femme
Les meilleurs coupe-vent pour femme;https://meilleurtest.fr/comparatif-coupe-vent-pour-femme/;Mode femme
Les meilleurs corsets femmes;https://meilleurtest.fr/comparatif-corset-femme/;Mode femme
Les meilleures combinaisons femme soirée;https://meilleurtest.fr/comparatif-combinaison-femme-soiree/;Mode femme
Les meilleures combishorts moulantes;https://meilleurtest.fr/comparatif-combishort-moulante/;Mode femme
Les meilleures chaussures de sport pour femme;https://meilleurtest.fr/comparatif-chaussures-de-sport-pour-femme/;Mode femme
Les meilleures chaussures à talon carré;https://meilleurtest.fr/comparatif-chaussures-a-talon-carre/;Mode femme
Les meilleures bottines chaussettes;https://meilleurtest.fr/comparatif-bottines-chaussettes/;Mode femme
Les meilleurs body en dentelle blancs;https://meilleurtest.fr/comparatif-body-en-dentelle-blanc/;Mode femme
Les meilleurs bodies blancs;https://meilleurtest.fr/comparatif-body-blanc/;Mode femme
Les meilleures bottes hautes à talon;https://meilleurtest.fr/comparatif-bottes-hautes-a-talon/;Mode femme
Les meilleures baskets de randonnée pour femme;https://meilleurtest.fr/comparatif-baskets-de-randonnee-pour-femme/;Mode femme
Les meilleures baskets de running pour femme;https://meilleurtest.fr/comparatif-basket-de-running-pour-femme/;Mode femme
Les meilleures baskets de fitness pour femme;https://meilleurtest.fr/comparatif-baskets-de-fitness-pour-femme/;Mode femme
Les meilleures baskets de trail pour femme;https://meilleurtest.fr/comparatif-basket-de-trail-pour-femme/;Mode femme
Les meilleurs talons à lacets;https://meilleurtest.fr/comparatif-talons-a-lacets/;Mode femme
Les meilleurs tailleurs femmes;https://meilleurtest.fr/comparatif-tailleur-femme/;Mode femme
Les meilleurs talons transparents;https://meilleurtest.fr/comparatif-talons-transparents/;Mode femme
Les meilleurs talons blancs;https://meilleurtest.fr/comparatif-talons-blancs/;Mode femme
Les meilleurs talons dorés;https://meilleurtest.fr/comparatif-talons-dores/;Mode femme
Les meilleurs vêtements d'été pour femme;https://meilleurtest.fr/comparatif-vetement-dete-pour-femme/;Mode femme
Les meilleures Converses pour femme;https://meilleurtest.fr/comparatif-converse-pour-femme/;Mode femme
Les meilleures robes blazers;https://meilleurtest.fr/comparatif-robe-blazer/;Mode femme
Les meilleures bottes mi genou;https://meilleurtest.fr/comparatif-bottes-mi-genou/;Mode femme
Les meilleures culottes;https://meilleurtest.fr/comparatif-culotte/;Mode femme
Les meilleures chaussures de fitness pour femme;https://meilleurtest.fr/comparatif-chaussures-de-fitness-pour-femme/;Mode femme
Les meilleures chaussures de marche pour femme;https://meilleurtest.fr/comparatif-chaussures-de-marche-pour-femme/;Mode femme
Les meilleures culottes gainantes;https://meilleurtest.fr/comparatif-culotte-gainante/;Mode femme
Les meilleures vestes kaki pour femme;https://meilleurtest.fr/comparatif-veste-kaki-pour-femme/;Mode femme
Les meilleures culottes menstruelles;https://meilleurtest.fr/comparatif-culotte-menstruelle/;Mode femme
Les meilleurs strings;https://meilleurtest.fr/comparatif-string/;Mode femme
Les meilleures robes longues;https://meilleurtest.fr/comparatif-robe-longue/;Mode femme
Les meilleures guêpières;https://meilleurtest.fr/comparatif-guepiere/;Mode femme
Les meilleures chemises blanches pour femme;https://meilleurtest.fr/comparatif-chemise-blanche-pour-femme/;Mode femme
Les meilleures chemises de nuit;https://meilleurtest.fr/comparatif-chemise-de-nuit/;Mode femme
Les meilleures baskets pour femme;https://meilleurtest.fr/comparatif-basket-pour-femme/;Mode femme
Les meilleures robes de soirée;https://meilleurtest.fr/comparatif-robe-de-soiree/;Mode femme
Les meilleures robes à paillettes;https://meilleurtest.fr/comparatif-robe-a-paillette/;Mode femme
Les meilleurs soutien-gorges de sport;https://meilleurtest.fr/comparatif-soutien-gorge-de-sport/;Mode femme
Les meilleures bottes en caoutchouc;https://meilleurtest.fr/comparatif-botte-caoutchouc/;Mode femme
Les meilleurs soutiens-gorge;https://meilleurtest.fr/comparatif-soutien-gorge/;Mode femme
Les meilleures robes noires;https://meilleurtest.fr/comparatif-robe-noire/;Mode femme
Les meilleurs duffle-coats pour femme;https://meilleurtest.fr/comparatif-duffle-coat-pour-femme/;Mode femme
Les meilleures nuisettes sexys;https://meilleurtest.fr/comparatif-nuisette-sexy/;Mode femme
Les meilleures parkas pour femme;https://meilleurtest.fr/comparatif-parka-pour-femme/;Mode femme
Les meilleurs soutiens-gorge sans armature;https://meilleurtest.fr/comparatif-soutien-gorge-sans-armature/;Mode femme
Les meilleurs collants;https://meilleurtest.fr/comparatif-collant/;Mode femme
Les meilleurs bodies sexys;https://meilleurtest.fr/comparatif-body-sexy/;Mode femme
Les meilleurs gilets pour femme;https://meilleurtest.fr/comparatif-gilet-pour-femme/;Mode femme
Les meilleurs soutiens-gorge dos nu;https://meilleurtest.fr/comparatif-soutien-gorge-dos-nu/;Mode femme
Les meilleurs soutien-gorges d'allaitement;https://meilleurtest.fr/comparatif-soutien-gorge-allaitement/;Mode femme
Les meilleurs imperméables pour femme;https://meilleurtest.fr/comparatif-impermeable-pour-femme/;Mode femme
Les meilleures robes de chambre pour femme;https://meilleurtest.fr/comparatif-robe-de-chambre-pour-femme/;Mode femme
Les meilleurs pyjamas pour femme;https://meilleurtest.fr/comparatif-pyjama-pour-femme/;Mode femme
Les meilleures vestes en cuir pour femme;https://meilleurtest.fr/comparatif-veste-cuir-pour-femme/;Mode femme
Les meilleurs pantalons fluides;https://meilleurtest.fr/comparatif-pantalon-fluide/;Mode femme
Les meilleures robes longues fleuries;https://meilleurtest.fr/comparatif-robe-longue-fleurie/;Mode femme
Les meilleures robes trapèze;https://meilleurtest.fr/comparatif-robe-trapeze/;Mode femme
Les meilleures robes de soirée;https://meilleurtest.fr/comparatif-robe-de-soiree/;Mode femme
Les meilleures robes à paillettes;https://meilleurtest.fr/comparatif-robe-a-paillette/;Mode femme
Les meilleurs soutien-gorges de sport;https://meilleurtest.fr/comparatif-soutien-gorge-de-sport/;Mode femme
Les meilleures bottes en caoutchouc;https://meilleurtest.fr/comparatif-botte-caoutchouc/;Mode femme
Les meilleurs soutiens-gorge;https://meilleurtest.fr/comparatif-soutien-gorge/;Mode femme
Les meilleures robes noires;https://meilleurtest.fr/comparatif-robe-noire/;Mode femme
Les meilleurs duffle-coats pour femme;https://meilleurtest.fr/comparatif-duffle-coat-pour-femme/;Mode femme
Les meilleures nuisettes sexys;https://meilleurtest.fr/comparatif-nuisette-sexy/;Mode femme
Les meilleures parkas pour femme;https://meilleurtest.fr/comparatif-parka-pour-femme/;Mode femme
Les meilleurs soutiens-gorge sans armature;https://meilleurtest.fr/comparatif-soutien-gorge-sans-armature/;Mode femme
Les meilleurs collants;https://meilleurtest.fr/comparatif-collant/;Mode femme
Les meilleurs bodies sexys;https://meilleurtest.fr/comparatif-body-sexy/;Mode femme
Les meilleurs gilets pour femme;https://meilleurtest.fr/comparatif-gilet-pour-femme/;Mode femme
Les meilleurs soutiens-gorge dos nu;https://meilleurtest.fr/comparatif-soutien-gorge-dos-nu/;Mode femme
Les meilleurs soutien-gorges d'allaitement;https://meilleurtest.fr/comparatif-soutien-gorge-allaitement/;Mode femme
Les meilleurs imperméables pour femme;https://meilleurtest.fr/comparatif-impermeable-pour-femme/;Mode femme
Les meilleures robes de chambre pour femme;https://meilleurtest.fr/comparatif-robe-de-chambre-pour-femme/;Mode femme
Les meilleurs pyjamas pour femme;https://meilleurtest.fr/comparatif-pyjama-pour-femme/;Mode femme
Les meilleures vestes en cuir pour femme;https://meilleurtest.fr/comparatif-veste-cuir-pour-femme/;Mode femme
Les meilleurs pantalons fluides;https://meilleurtest.fr/comparatif-pantalon-fluide/;Mode femme
Les meilleures robes longues fleuries;https://meilleurtest.fr/comparatif-robe-longue-fleurie/;Mode femme
Les meilleures robes trapèze;https://meilleurtest.fr/comparatif-robe-trapeze/;Mode femme
Les meilleures vestes d'hiver pour homme;https://meilleurtest.fr/comparatif-veste-hiver-pour-homme/;Mode homme
Les meilleurs polos pour homme;https://meilleurtest.fr/comparatif-polo-pour-homme/;Mode homme
Les meilleures boots pour homme;https://meilleurtest.fr/comparatif-boots-pour-homme/;Mode homme
Les meilleurs chinos pour homme;https://meilleurtest.fr/comparatif-chino-pour-homme/;Mode homme
Les meilleures sandales pour homme;https://meilleurtest.fr/comparatif-sandales-pour-homme/;Mode homme
Les meilleurs shorts de trail homme;https://meilleurtest.fr/comparatif-short-de-trail-homme/;Mode homme
Les meilleurs après-ski pour homme;https://meilleurtest.fr/comparatif-apres-ski-pour-homme/;Mode homme
Les meilleures Asics homme;https://meilleurtest.fr/comparatif-asics-homme/;Mode homme
Les meilleures bottes après-ski;https://meilleurtest.fr/comparatif-bottes-apres-ski/;Mode homme
Les meilleurs bas de laine;https://meilleurtest.fr/comparatif-bas-de-laine/;Mode homme
Les meilleurs manteaux d'hiver pour hommes;https://meilleurtest.fr/comparatif-manteau-dhiver-pour-homme/;Mode homme
Les meilleurs slips pour homme;https://meilleurtest.fr/comparatif-slip-pour-homme/;Mode homme
Les meilleures chaussettes pour homme;https://meilleurtest.fr/comparatif-chaussettes-pour-homme/;Mode homme
Les meilleurs jeans moto;https://meilleurtest.fr/comparatif-jean-moto/;Mode homme
Les meilleurs joggings gris pour homme;https://meilleurtest.fr/comparatif-jogging-gris-pour-homme/;Mode homme
Les meilleures claquettes pour homme;https://meilleurtest.fr/comparatif-claquettes-pour-homme/;Mode homme
Les meilleurs caleçons pour homme;https://meilleurtest.fr/comparatif-calecon-pour-homme/;Mode homme
Les meilleures vestes pour homme;https://meilleurtest.fr/comparatif-veste-pour-homme/;Mode homme
Les meilleures chaussettes chaudes pour homme;https://meilleurtest.fr/comparatif-chaussettes-chaudes/;Mode homme
Les meilleures chaussures de ville pour homme;https://meilleurtest.fr/comparatif-chaussures-de-ville-pour-homme/;Mode homme
Les meilleurs portefeuilles fins pour homme;https://meilleurtest.fr/comparatif-portefeuille-fin-pour-homme/;Mode homme
Les meilleures chemises sans repassage;https://meilleurtest.fr/comparatif-chemise-sans-repassage/;Mode homme
Les meilleurs costumes pour homme;https://meilleurtest.fr/comparatif-costume-pour-homme/;Mode homme
Les meilleurs sous-vêtements pour homme;https://meilleurtest.fr/comparatif-sous-vetement-pour-homme/;Mode homme
Les meilleurs jeans pour homme;https://meilleurtest.fr/comparatif-jean-pour-homme/;Mode homme
Les meilleurs survêtements pour homme;https://meilleurtest.fr/comparatif-survetement-homme/;Mode homme
Les meilleurs pantalons de travail;https://meilleurtest.fr/comparatif-pantalon-de-travail/;Mode homme
Les meilleurs boxers pour homme;https://meilleurtest.fr/comparatif-boxer-pour-homme/;Mode homme
Les meilleurs pulls pour homme;https://meilleurtest.fr/comparatif-pull-pour-homme/;Mode homme
Les meilleurs pantalons pour homme;https://meilleurtest.fr/comparatif-pantalon-pour-homme/;Mode homme
Les meilleures chemises pour homme;https://meilleurtest.fr/comparatif-chemise-pour-homme/;Mode homme
Les meilleurs portefeuilles pour homme;https://meilleurtest.fr/comparatif-portefeuille-pour-homme/;Mode homme
Les meilleures casquettes pour homme;https://meilleurtest.fr/comparatif-casquette-pour-homme/;Mode homme
Les meilleurs pyjamas pour homme;https://meilleurtest.fr/comparatif-pyjama-pour-homme/;Mode homme
Les meilleurs manteaux pour hommes;https://meilleurtest.fr/comparatif-manteau-pour-homme/;Mode homme
Les meilleurs gants pour homme;https://meilleurtest.fr/comparatif-gants-pour-homme/;Mode homme
Les meilleures parkas pour homme;https://meilleurtest.fr/comparatif-parka-pour-homme/;Mode homme
Les meilleures chemises pour homme;https://meilleurtest.fr/comparatif-chemise-pour-homme/;Mode homme
Les meilleurs portefeuilles pour homme;https://meilleurtest.fr/comparatif-portefeuille-pour-homme/;Mode homme
Les meilleures casquettes pour homme;https://meilleurtest.fr/comparatif-casquette-pour-homme/;Mode homme
Les meilleurs pyjamas pour homme;https://meilleurtest.fr/comparatif-pyjama-pour-homme/;Mode homme
Les meilleurs manteaux pour hommes;https://meilleurtest.fr/comparatif-manteau-pour-homme/;Mode homme
Les meilleurs gants pour homme;https://meilleurtest.fr/comparatif-gants-pour-homme/;Mode homme
Les meilleures parkas pour homme;https://meilleurtest.fr/comparatif-parka-pour-homme/;Mode homme
Les meilleures vestes de ski;https://meilleurtest.fr/comparatif-veste-de-ski/;Mode mixte
Les meilleures lentilles de contact pour les yeux secs;https://meilleurtest.fr/comparatif-lentilles-de-contact-pour-les-yeux-secs/;Mode mixte
Les meilleures baskets de marche pour homme;https://meilleurtest.fr/comparatif-baskets-de-marche-pour-homme/;Mode mixte
Les meilleures doudounes;https://meilleurtest.fr/comparatif-doudoune/;Mode mixte
Les meilleures chaussures pour travailler debout;https://meilleurtest.fr/comparatif-chaussures-pour-travailler-debout/;Mode mixte
Les meilleures baskets de running;https://meilleurtest.fr/comparatif-baskets-de-running/;Mode mixte
Les meilleures doudounes de randonnée pour femme;https://meilleurtest.fr/comparatif-doudoune-de-randonnee-pour-femme/;Mode mixte
Les meilleurs baskets pour la marche rapide et sportive;https://meilleurtest.fr/comparatif-baskets-pour-la-marche-rapide-et-sportive/;Mode mixte
Les meilleures baskets de marche;https://meilleurtest.fr/comparatif-baskets-de-marche/;Mode mixte
Les meilleurs kimonos de plage;https://meilleurtest.fr/comparatif-kimono-de-plage/;Mode mixte
Les meilleures parapluies résistants au vent;https://meilleurtest.fr/comparatif-parapluie-resistant-au-vent/;Mode mixte
Les meilleures chaussures de marche en ville;https://meilleurtest.fr/comparatif-chaussures-de-marche-en-ville/;Mode mixte
Les meilleurs gants chauffants pour moto;https://meilleurtest.fr/comparatif-gants-chauffants-pour-moto/;Mode mixte
Les meilleures vestes chauffantes pour femme;https://meilleurtest.fr/comparatif-veste-chauffante-pour-femme/;Mode mixte
Les meilleures doudounes grand froid;https://meilleurtest.fr/comparatif-doudoune-grand-froid/;Mode mixte
Les meilleures parkas pour grand froid;https://meilleurtest.fr/comparatif-parka-pour-grand-froid/;Mode mixte
Les meilleures doudounes chaudes pour femme;https://meilleurtest.fr/comparatif-doudoune-chaude-pour-femme/;Mode mixte
Les meilleures claquettes Nike;https://meilleurtest.fr/comparatif-claquettes-nike/;Mode mixte
Les meilleures cagoules BDSM;https://meilleurtest.fr/comparatif-cagoule-bdsm/;Mode mixte
Les meilleures baskets Salomon;https://meilleurtest.fr/comparatif-baskets-salomon/;Mode mixte
Les meilleures chaussures de sécurité Goodyear;https://meilleurtest.fr/comparatif-chaussures-de-securite-goodyear/;Mode mixte
Les meilleurs porte-clés connectés;https://meilleurtest.fr/comparatif-porte-cle-connecte/;Mode mixte
Les meilleurs leggings anti-cellulite;https://meilleurtest.fr/comparatif-legging-anti-cellulite/;Mode mixte
Les meilleurs manteaux rafraîchissants pour chien;https://meilleurtest.fr/comparatif-manteau-rafraichissant-pour-chien/;Mode mixte
Les meilleurs bonnets Lacoste;https://meilleurtest.fr/comparatif-bonnet-lacoste/;Mode mixte
Les meilleures cireuses à chaussures;https://meilleurtest.fr/comparatif-cireuse-a-chaussures/;Mode mixte
Les meilleures doudounes Jott;https://meilleurtest.fr/comparatif-doudoune-jott/;Mode mixte
Les meilleures cagoules de soudure;https://meilleurtest.fr/comparatif-cagoule-de-soudure/;Mode mixte
Les meilleurs porte-clés photo;https://meilleurtest.fr/comparatif-porte-cle-photo/;Mode mixte
Les meilleures doudounes légères pour homme;https://meilleurtest.fr/comparatif-doudoune-legere-pour-homme/;Mode mixte
Les meilleures doudounes pour homme rapport qualité/prix;https://meilleurtest.fr/comparatif-doudounes-pour-homme-rapport-qualite-prix/;Mode mixte
Les meilleurs ponchos de pluie;https://meilleurtest.fr/comparatif-poncho-de-pluie/;Mode mixte
Les meilleurs t-shirts unis;https://meilleurtest.fr/comparatif-t-shirt-uni/;Mode mixte
Les meilleurs pantalons en cuir;https://meilleurtest.fr/comparatif-pantalon-cuir/;Mode mixte
Les meilleurs leggings noirs;https://meilleurtest.fr/comparatif-legging-noir/;Mode mixte
Les meilleurs legging double polaire pour femme;https://meilleurtest.fr/comparatif-legging-double-polaire-pour-femme/;Mode mixte
Les meilleures chaussures de sport pour homme;https://meilleurtest.fr/comparatif-chaussures-de-sport-pour-homme/;Mode mixte
Les meilleurs sous-vêtements sans coutures;https://meilleurtest.fr/comparatif-sous-vetement-sans-coutures/;Mode mixte
Les meilleurs leggings en simili cuir;https://meilleurtest.fr/comparatif-legging-simili-cuir/;Mode mixte
Les meilleures baskets pour homme;https://meilleurtest.fr/comparatif-baskets-pour-homme/;Mode mixte
Les meilleurs produits pour lentilles;https://meilleurtest.fr/comparatif-produit-pour-lentilles/;Mode mixte
Les meilleures vestes de ski pour homme;https://meilleurtest.fr/comparatif-veste-de-ski-pour-homme/;Mode mixte
Les meilleures lentilles de contact;https://meilleurtest.fr/comparatif-lentilles-de-contact/;Mode mixte
Les meilleurs t-shirts pour homme;https://meilleurtest.fr/comparatif-t-shirt-pour-homme/;Mode mixte
Les meilleurs leggings pour femme enceinte;https://meilleurtest.fr/comparatif-legging-pour-femme-enceinte/;Mode mixte
Les meilleures pantoufles;https://meilleurtest.fr/comparatif-pantoufles/;Mode mixte
Les meilleures chaussures de marche pour homme;https://meilleurtest.fr/comparatif-chaussure-de-marche-pour-homme/;Mode mixte
Les meilleurs leggings de sport;https://meilleurtest.fr/comparatif-legging-de-sport/;Mode mixte
Les meilleurs chaussons;https://meilleurtest.fr/comparatif-chaussons/;Mode mixte
Les meilleures chaussures de handball avec un bon amorti;https://meilleurtest.fr/comparatif-chaussures-de-handball-avec-un-bon-amorti/;Mode mixte
Les meilleures surchemises;https://meilleurtest.fr/comparatif-surchemise/;Mode mixte
Les meilleurs manteaux de ski;https://meilleurtest.fr/comparatif-manteau-de-ski/;Mode mixte
Les meilleurs sites de vêtements en ligne;https://meilleurtest.fr/comparatif-site-de-vetements-ligne/;Mode mixte
Les meilleures cagoules;https://meilleurtest.fr/comparatif-cagoule/;Mode mixte
Les meilleures doudounes pour homme;https://meilleurtest.fr/comparatif-doudoune-pour-homme/;Mode mixte
Les meilleures combinaisons pyjamas;https://meilleurtest.fr/comparatif-combinaison-pyjama/;Mode mixte
Les meilleurs manteaux en fausse fourrure;https://meilleurtest.fr/comparatif-manteau-fausse-fourrure/;Mode mixte
Les meilleurs ponchos pour femme;https://meilleurtest.fr/comparatif-poncho-pour-femme/;Mode mixte
Les meilleures doudounes longues pour femme;https://meilleurtest.fr/comparatif-doudoune-longue-pour-femme/;Mode mixte
Les meilleurs t-shirts;https://meilleurtest.fr/comparatif-t-shirt/;Mode mixte
Les meilleures chaussettes;https://meilleurtest.fr/comparatif-chaussettes/;Mode mixte
Les meilleures vestes chauffantes;https://meilleurtest.fr/comparatif-veste-chauffante/;Mode mixte
Les meilleurs parapluies inversés;https://meilleurtest.fr/comparatif-parapluie-inverse/;Mode mixte
Les meilleurs gants chauffants;https://meilleurtest.fr/comparatif-gant-chauffant/;Mode mixte
Les meilleures doudounes pour femme;https://meilleurtest.fr/comparatif-doudoune-pour-femme/;Mode mixte
Les meilleurs parapluies;https://meilleurtest.fr/comparatif-parapluie/;Mode mixte
Les meilleurs cirés jaunes;https://meilleurtest.fr/comparatif-cire-jaune/;Mode mixte
Les meilleures doudounes pour homme;https://meilleurtest.fr/comparatif-doudoune-pour-homme/;Mode mixte
Les meilleures combinaisons pyjamas;https://meilleurtest.fr/comparatif-combinaison-pyjama/;Mode mixte
Les meilleurs manteaux en fausse fourrure;https://meilleurtest.fr/comparatif-manteau-fausse-fourrure/;Mode mixte
Les meilleurs ponchos pour femme;https://meilleurtest.fr/comparatif-poncho-pour-femme/;Mode mixte
Les meilleures doudounes longues pour femme;https://meilleurtest.fr/comparatif-doudoune-longue-pour-femme/;Mode mixte
Les meilleurs t-shirts;https://meilleurtest.fr/comparatif-t-shirt/;Mode mixte
Les meilleures chaussettes;https://meilleurtest.fr/comparatif-chaussettes/;Mode mixte
Les meilleures vestes chauffantes;https://meilleurtest.fr/comparatif-veste-chauffante/;Mode mixte
Les meilleurs parapluies inversés;https://meilleurtest.fr/comparatif-parapluie-inverse/;Mode mixte
Les meilleurs gants chauffants;https://meilleurtest.fr/comparatif-gant-chauffant/;Mode mixte
Les meilleures doudounes pour femme;https://meilleurtest.fr/comparatif-doudoune-pour-femme/;Mode mixte
Les meilleurs parapluies;https://meilleurtest.fr/comparatif-parapluie/;Mode mixte
Les meilleurs cirés jaunes;https://meilleurtest.fr/comparatif-cire-jaune/;Mode mixte
Les meilleurs avions télécommandés;https://meilleurtest.fr/comparatif-avion-telecommande/;Modélisme et miniatures
Les meilleurs trains électriques;https://meilleurtest.fr/comparatif-train-electrique/;Modélisme et miniatures
Les meilleurs trains électriques;https://meilleurtest.fr/comparatif-train-electrique/;Modélisme et miniatures
Les meilleures genouillères;https://meilleurtest.fr/comparatif-genouilleres/;Monitoring santé
Les meilleurs appareils pour muscler le périnée;https://meilleurtest.fr/comparatif-appareil-pour-muscler-le-perinee/;Monitoring santé
Les meilleurs pèse-personnes Terraillon;https://meilleurtest.fr/comparatif-pese-personne-terraillon/;Monitoring santé
Les meilleures semelles Scholl;https://meilleurtest.fr/comparatif-semelles-scholl/;Monitoring santé
Les meilleurs analyseurs de sommeil;https://meilleurtest.fr/comparatif-analyseur-de-sommeil/;Monitoring santé
Les meilleures ceintures cardio;https://meilleurtest.fr/comparatif-ceinture-cardio/;Monitoring santé
Les meilleures balances pèse-bébés;https://meilleurtest.fr/comparatif-balance-pese-bebe/;Monitoring santé
Les meilleures genouillères de maintien;https://meilleurtest.fr/comparatif-genouilleres-de-maintien/;Monitoring santé
Les meilleures chaussures pour pieds plats;https://meilleurtest.fr/comparatif-chaussures-pour-pieds-plats/;Monitoring santé
Les meilleurs lecteurs de glycémie;https://meilleurtest.fr/comparatif-lecteur-de-glycemie/;Monitoring santé
Les meilleures chaussettes de compression;https://meilleurtest.fr/comparatif-chaussettes-de-compression/;Monitoring santé
Les meilleurs stimulateurs circulatoires;https://meilleurtest.fr/comparatif-stimulateur-circulatoire/;Monitoring santé
Les meilleurs stimulateurs de circulation sanguine;https://meilleurtest.fr/comparatif-stimulateur-de-circulation-sanguine/;Monitoring santé
Les meilleurs impédancemètres professionnels;https://meilleurtest.fr/comparatif-impedancemetre-professionnel/;Monitoring santé
Les meilleures balances impédancemètres;https://meilleurtest.fr/comparatif-balance-impedancemetre/;Monitoring santé
Les meilleurs appareils apnée du sommeil;https://meilleurtest.fr/comparatif-appareil-apnee-du-sommeil/;Monitoring santé
Les meilleurs gants contre l'arthrite;https://meilleurtest.fr/comparatif-gants-contre-l-arthrite/;Monitoring santé
Les meilleures gouttes pour les yeux secs;https://meilleurtest.fr/comparatif-gouttes-pour-yeux-secs/;Monitoring santé
Les meilleures semelles pour pieds plats;https://meilleurtest.fr/comparatif-semelle-pour-pied-plat/;Monitoring santé
Les meilleurs hygromètres;https://meilleurtest.fr/comparatif-hygrometre/;Monitoring santé
Les meilleurs adipomètres;https://meilleurtest.fr/comparatif-adipometre/;Monitoring santé
Les meilleurs correcteurs de posture;https://meilleurtest.fr/comparatif-correcteur-de-posture/;Monitoring santé
Les meilleures semelles pour pieds plats;https://meilleurtest.fr/comparatif-semelle-pour-pied-plat/;Monitoring santé
Les meilleurs hygromètres;https://meilleurtest.fr/comparatif-hygrometre/;Monitoring santé
Les meilleurs adipomètres;https://meilleurtest.fr/comparatif-adipometre/;Monitoring santé
Les meilleurs correcteurs de posture;https://meilleurtest.fr/comparatif-correcteur-de-posture/;Monitoring santé
Les meilleures montres GPS avec cartographie;https://meilleurtest.fr/comparatif-montre-gps-avec-cartographie/;Montres
Les meilleures montres running en 2025;https://meilleurtest.fr/comparatif-montre-running/;Montres
Les meilleures montres GPS pour le golf;https://meilleurtest.fr/comparatif-montre-gps-pour-le-golf/;Montres
Les meilleures montres connectées santé;https://meilleurtest.fr/comparatif-montre-connectee-sante/;Montres
Les meilleures montres connectées sport pour femme;https://meilleurtest.fr/comparatif-montre-connectee-sport-pour-femme/;Montres
Les meilleures montres connectées sport pour homme;https://meilleurtest.fr/comparatif-montre-connectee-sport-pour-homme/;Montres
Les meilleures montres running pas chères;https://meilleurtest.fr/comparatif-montre-running-pas-chere/;Montres
Les meilleures montres rapport qualité/prix;https://meilleurtest.fr/comparatif-montres-rapport-qualite-prix/;Montres
Les meilleures montres connectées Samsung;https://meilleurtest.fr/comparatif-montre-connectee-samsung/;Montres
Les meilleures montres connectées Fossil;https://meilleurtest.fr/comparatif-montre-connectee-fossil/;Montres
Les meilleures montres Withings;https://meilleurtest.fr/comparatif-montre-withing/;Montres
Les meilleures montres connectées Huawei;https://meilleurtest.fr/comparatif-montre-connectee-huawei/;Montres
Les meilleures montres Heritor;https://meilleurtest.fr/comparatif-montre-heritor/;Montres
Les meilleures montres Fossil;https://meilleurtest.fr/comparatif-montre-fossil/;Montres
Les meilleures montres Cluse;https://meilleurtest.fr/comparatif-montre-cluse/;Montres
Les meilleures montres Pierre Lannier;https://meilleurtest.fr/comparatif-montre-pierre-lannier/;Montres
Les meilleures montres Garmin;https://meilleurtest.fr/comparatif-montre-garmin/;Montres
Les meilleures montres Stührling;https://meilleurtest.fr/comparatif-montre-stuhrling/;Montres
Les meilleurs remontoirs de montre automatique;https://meilleurtest.fr/comparatif-remontoir-de-montre-automatique/;Montres
Les meilleures montres mécaniques rapport qualité/prix;https://meilleurtest.fr/comparatif-montres-mecaniques-rapport-qualite-prix/;Montres
Les meilleures montres connectées rapport qualité/prix;https://meilleurtest.fr/comparatif-montres-connectees-rapport-qualite-prix/;Montres
Les meilleures montres connectées Android;https://meilleurtest.fr/comparatif-montres-connectee-android/;Montres
Les meilleures montres solaires;https://meilleurtest.fr/comparatif-montre-solaire/;Montres
Les meilleures montres GPS pour enfant;https://meilleurtest.fr/comparatif-montre-gps-pour-enfant/;Montres
Les meilleures montres connectées étanches;https://meilleurtest.fr/comparatif-montre-connectee-etanche/;Montres
Les meilleures montres connectées sport;https://meilleurtest.fr/comparatif-montre-connectee-sport/;Montres
Les meilleures montres pour enfants;https://meilleurtest.fr/comparatif-montre-pour-enfant/;Montres
Les meilleures montres pour femme;https://meilleurtest.fr/comparatif-montre-pour-femme/;Montres
Les meilleures montres automatiques rapport qualité/prix;https://meilleurtest.fr/comparatif-montres-automatiques-rapport-qualite-prix/;Montres
Les meilleures montres pour homme;https://meilleurtest.fr/comparatif-montre-pour-homme/;Montres
Les meilleures montres sport;https://meilleurtest.fr/comparatif-montre-sport/;Montres
Les meilleures montres connectées pas chères;https://meilleurtest.fr/comparatif-montre-connectee-pas-chere/;Montres
Les meilleures montres connectées pour enfants;https://meilleurtest.fr/comparatif-montre-connectee-pour-enfant/;Montres
Les meilleures montres connectées pour femmes;https://meilleurtest.fr/comparatif-montre-connectee-pour-femme/;Montres
Les meilleures montres trail GPS;https://meilleurtest.fr/comparatif-montres-trail-gps/;Montres
Les meilleures montres pour femme;https://meilleurtest.fr/comparatif-montre-pour-femme/;Montres
Les meilleures montres automatiques rapport qualité/prix;https://meilleurtest.fr/comparatif-montres-automatiques-rapport-qualite-prix/;Montres
Les meilleures montres pour homme;https://meilleurtest.fr/comparatif-montre-pour-homme/;Montres
Les meilleures montres sport;https://meilleurtest.fr/comparatif-montre-sport/;Montres
Les meilleures montres connectées pas chères;https://meilleurtest.fr/comparatif-montre-connectee-pas-chere/;Montres
Les meilleures montres connectées pour enfants;https://meilleurtest.fr/comparatif-montre-connectee-pour-enfant/;Montres
Les meilleures montres connectées pour femmes;https://meilleurtest.fr/comparatif-montre-connectee-pour-femme/;Montres
Les meilleures montres trail GPS;https://meilleurtest.fr/comparatif-montres-trail-gps/;Montres
Les meilleures montres de sport pour femme;https://meilleurtest.fr/comparatif-montre-de-sport-pour-femme/;Montres et trackers fitness
Les meilleurs trackers de sommeil;https://meilleurtest.fr/comparatif-tracker-de-sommeil/;Montres et trackers fitness
Les meilleures smartwatchs Apple;https://meilleurtest.fr/comparatif-smartwatch-apple/;Montres et trackers fitness
Les meilleurs Fitbit;https://meilleurtest.fr/comparatif-fitbit-2/;Montres et trackers fitness
Les meilleures Apple Watch;https://meilleurtest.fr/comparatif-apple-watch/;Montres et trackers fitness
Les meilleures Smartwatchs Mykronoz;https://meilleurtest.fr/comparatif-smartwatch-mykronoz-2/;Montres et trackers fitness
Les meilleurs tracker fitness pas chers;https://meilleurtest.fr/comparatif-tracker-fitness-pas-cher/;Montres et trackers fitness
Les meilleures smartwatchs;https://meilleurtest.fr/comparatif-smartwatch/;Montres et trackers fitness
Les meilleurs trackers fitness;https://meilleurtest.fr/comparatif-tracker-fitness/;Montres et trackers fitness
Les meilleurs trackers d'activité;https://meilleurtest.fr/comparatif-tracker-dactivite/;Montres et trackers fitness
Les meilleurs bracelets connectés pour femme;https://meilleurtest.fr/comparatif-bracelet-connecte-pour-femme/;Montres et trackers fitness
Les meilleures montres de triathlon GPS;https://meilleurtest.fr/comparatif-montre-gps-de-triathlon/;Montres et trackers fitness
Les meilleurs bracelets connectés pour femme;https://meilleurtest.fr/comparatif-bracelet-connecte-pour-femme/;Montres et trackers fitness
Les meilleures montres de triathlon GPS;https://meilleurtest.fr/comparatif-montre-gps-de-triathlon/;Montres et trackers fitness
Les meilleures graisses pour chaîne de moto;https://meilleurtest.fr/comparatif-graisse-pour-chaine-de-moto/;Moto
Les meilleurs pantalons de pluie moto;https://meilleurtest.fr/comparatif-pantalon-de-pluie-moto/;Moto
Les meilleurs casques moto insonorisés;https://meilleurtest.fr/comparatif-casque-moto-insonorise/;Moto
Les meilleurs bloque-disques moto;https://meilleurtest.fr/comparatif-bloque-disque-moto/;Moto
Les meilleurs gilets airbag moto;https://meilleurtest.fr/comparatif-gilet-airbag-moto/;Moto
Les meilleures sacoches de selle;https://meilleurtest.fr/comparatif-sacoche-de-selle/;Moto
Les meilleures combinaisons pluie moto;https://meilleurtest.fr/comparatif-combinaison-pluie-moto/;Moto
Les meilleurs casques moto vintage;https://meilleurtest.fr/comparatif-casque-moto-vintage/;Moto
Les meilleurs gants moto été;https://meilleurtest.fr/comparatif-gants-moto-ete/;Moto
Les meilleurs kits bluetooth pour casque moto;https://meilleurtest.fr/comparatif-kit-bluetooth-pour-casque-moto/;Moto
Les meilleurs casques moto jet vintage;https://meilleurtest.fr/comparatif-casque-moto-jet-vintage/;Moto
Les meilleurs pneus moto pour roadster;https://meilleurtest.fr/comparatif-pneu-moto-pour-roadster/;Moto
Les meilleurs casques moto modulables silencieux;https://meilleurtest.fr/comparatif-casque-moto-modulable-silencieux/;Moto
Les meilleures vestes moto en Gore-Tex;https://meilleurtest.fr/comparatif-veste-moto-en-gore-tex/;Moto
Les meilleurs casques moto avec Bluetooth intégré;https://meilleurtest.fr/comparatif-casque-moto-avec-bluetooth-integre/;Moto
Les meilleurs blousons moto hiver;https://meilleurtest.fr/comparatif-blouson-moto-hiver/;Moto
Les meilleurs casques jet LS2;https://meilleurtest.fr/comparatif-casque-jet-ls2/;Moto
Les meilleurs gants moto hiver;https://meilleurtest.fr/comparatif-gant-moto-hiver/;Moto
Les meilleurs casques Nexx;https://meilleurtest.fr/comparatif-casque-nexx/;Moto
Les meilleurs blousons moto été;https://meilleurtest.fr/comparatif-blouson-moto-ete/;Moto
Les meilleurs scooters permis B;https://meilleurtest.fr/comparatif-scooter-permis-b/;Moto
Les meilleurs chargeurs de batterie de moto;https://meilleurtest.fr/comparatif-chargeur-de-batterie-de-moto/;Moto
Les meilleurs antivols moto;https://meilleurtest.fr/comparatif-antivol-moto/;Moto
Les meilleurs abris moto;https://meilleurtest.fr/comparatif-abri-moto/;Moto
Les meilleures motorisations de portail coulissant;https://meilleurtest.fr/comparatif-motorisation-de-portail-coulissant/;Moto
Les meilleurs scooters 3 roues;https://meilleurtest.fr/comparatif-scooter-3-roues/;Moto
Les meilleurs roadsters 1000cm3;https://meilleurtest.fr/comparatif-roadster-1000cm3/;Moto
Les meilleures motos enduro 4 temps;https://meilleurtest.fr/comparatif-moto-enduro-4-temps/;Moto
Les meilleurs gants moto mi-saison;https://meilleurtest.fr/comparatif-gants-moto-mi-saison/;Moto
Les meilleures motos pour débuter;https://meilleurtest.fr/comparatif-moto-pour-debuter/;Moto
Les meilleures motos routières;https://meilleurtest.fr/comparatif-moto-routiere/;Moto
Les meilleurs intercoms moto;https://meilleurtest.fr/comparatif-intercom-moto/;Moto
Les meilleures remorques moto;https://meilleurtest.fr/comparatif-remorque-moto/;Moto
Les meilleurs GPS moto off road;https://meilleurtest.fr/comparatif-gps-moto-off-road/;Moto
Les meilleures motorisations de portail battant;https://meilleurtest.fr/comparatif-motorisation-de-portail-battant/;Moto
Les meilleurs casques Scorpion;https://meilleurtest.fr/comparatif-casque-scorpion/;Moto
Les meilleurs scooters pas chers;https://meilleurtest.fr/comparatif-scooter-pas-cher/;Moto
Les meilleurs pneus moto;https://meilleurtest.fr/comparatif-pneu-moto/;Moto
Les meilleures motos;https://meilleurtest.fr/comparatif-moto/;Moto
Les meilleures motos électriques;https://meilleurtest.fr/comparatif-moto-electrique/;Moto
Les meilleures motos A2;https://meilleurtest.fr/comparatif-moto-a2/;Moto
Les meilleurs scooters 50cc;https://meilleurtest.fr/comparatif-scooter-50cc/;Moto
Les meilleurs casques moto;https://meilleurtest.fr/comparatif-casque-moto/;Moto
Les meilleures motos 125cc;https://meilleurtest.fr/comparatif-moto-125/;Moto
Les meilleures motos pour femmes et petits gabarits;https://meilleurtest.fr/comparatif-moto-pour-femme/;Moto
Les meilleurs scooters 125cc;https://meilleurtest.fr/comparatif-scooter-125/;Moto
Les meilleurs casques de moto cross;https://meilleurtest.fr/comparatif-casque-de-moto-cross/;Moto
Les meilleurs casques moto;https://meilleurtest.fr/comparatif-casque-moto/;Moto
Les meilleures motos 125cc;https://meilleurtest.fr/comparatif-moto-125/;Moto
Les meilleures motos pour femmes et petits gabarits;https://meilleurtest.fr/comparatif-moto-pour-femme/;Moto
Les meilleurs scooters 125cc;https://meilleurtest.fr/comparatif-scooter-125/;Moto
Les meilleurs casques de moto cross;https://meilleurtest.fr/comparatif-casque-de-moto-cross/;Moto
Les meilleurs appareils de musculation maison;https://meilleurtest.fr/comparatif-appareil-de-musculation-maison/;Musculation et fitness
Les meilleures salles de sport;https://meilleurtest.fr/comparatif-salle-de-sport/;Musculation et fitness
Les meilleures chaussures de crossfit;https://meilleurtest.fr/comparatif-chaussure-de-crossfit/;Musculation et fitness
Les meilleurs kettlebells;https://meilleurtest.fr/comparatif-kettlebell/;Musculation et fitness
Les meilleurs haltères pas chers;https://meilleurtest.fr/comparatif-halteres-pas-chers/;Musculation et fitness
Les meilleurs appareils d'électrostimulation pour le visage;https://meilleurtest.fr/comparatif-appareil-electrostimulation-pour-le-visage/;Musculation et fitness
Les meilleures chaussures de fitness pour homme;https://meilleurtest.fr/comparatif-chaussures-de-fitness-pour-homme/;Musculation et fitness
Les meilleures ceintures de musculation;https://meilleurtest.fr/comparatif-ceinture-de-musculation/;Musculation et fitness
Les meilleures ceintures lestées;https://meilleurtest.fr/comparatif-ceinture-lestee/;Musculation et fitness
Les meilleurs anneaux de gymnastique;https://meilleurtest.fr/comparatif-anneaux-de-gymnastique/;Musculation et fitness
Les meilleurs tapis de gym;https://meilleurtest.fr/comparatif-tapis-de-gym/;Musculation et fitness
Les meilleures barres de traction sur Amazon;https://meilleurtest.fr/comparatif-barre-de-traction-amazon/;Musculation et fitness
Les meilleurs haltères sur Amazon;https://meilleurtest.fr/comparatif-haltere-sur-amazon/;Musculation et fitness
Les meilleurs pédaliers d'appartement;https://meilleurtest.fr/comparatif-pedalier-d-appartement/;Musculation et fitness
Les meilleurs rameurs pliables;https://meilleurtest.fr/comparatif-rameur-pliable/;Musculation et fitness
Les meilleurs appareils à abdominaux;https://meilleurtest.fr/comparatif-appareil-a-abdominaux/;Musculation et fitness
Les meilleures ceintures lombaires;https://meilleurtest.fr/comparatif-ceinture-lombaire/;Musculation et fitness
Les meilleurs vélos d'appartement couché;https://meilleurtest.fr/comparatif-velo-dappartement-couche/;Musculation et fitness
Les meilleures applis de fitness;https://meilleurtest.fr/comparatif-appli-de-fitness/;Musculation et fitness
Les meilleures chaussures de cross training;https://meilleurtest.fr/comparatif-chaussures-de-cross-training/;Musculation et fitness
Les meilleures roues abdominales;https://meilleurtest.fr/comparatif-roue-abdominale/;Musculation et fitness
Les meilleures plateformes oscillantes;https://meilleurtest.fr/comparatif-plateforme-oscillante/;Musculation et fitness
Les meilleures tables d'inversion;https://meilleurtest.fr/comparatif-table-inversion/;Musculation et fitness
Les meilleures power plate;https://meilleurtest.fr/comparatif-power-plate/;Musculation et fitness
Les meilleurs gainers;https://meilleurtest.fr/comparatif-gainer/;Musculation et fitness
Les meilleurs air bikes;https://meilleurtest.fr/comparatif-air-bike/;Musculation et fitness
Les meilleurs rameurs pas chers;https://meilleurtest.fr/comparatif-rameur-pas-cher/;Musculation et fitness
Les meilleurs vélos de spinning;https://meilleurtest.fr/comparatif-velo-de-spinning/;Musculation et fitness
Les meilleurs tapis de sol fitness;https://meilleurtest.fr/comparatif-tapis-de-sol-fitness/;Musculation et fitness
Les meilleurs vélos d'appartement pliables;https://meilleurtest.fr/comparatif-velo-dappartement-pliable/;Musculation et fitness
Les meilleurs haltères réglables;https://meilleurtest.fr/comparatif-haltere-reglable/;Musculation et fitness
Les meilleurs gilets lestés;https://meilleurtest.fr/comparatif-gilet-leste/;Musculation et fitness
Les meilleurs home-trainers connectés;https://meilleurtest.fr/comparatif-home-trainer-connecte/;Musculation et fitness
Les meilleurs chaises romaines;https://meilleurtest.fr/comparatif-chaise-romaine/;Musculation et fitness
Les meilleurs home-trainers;https://meilleurtest.fr/comparatif-home-trainer/;Musculation et fitness
Les meilleures chaussures d'haltérophilie;https://meilleurtest.fr/comparatif-chaussures-d-halterophilie/;Musculation et fitness
Les meilleures plateformes vibrantes oscillantes;https://meilleurtest.fr/comparatif-plateforme-vibrante-oscillante/;Musculation et fitness
Les meilleurs training masks;https://meilleurtest.fr/comparatif-training-mask/;Musculation et fitness
Les meilleurs mini-trampolines;https://meilleurtest.fr/comparatif-mini-trampoline/;Musculation et fitness
Les meilleurs électrostimulateurs pour fessier;https://meilleurtest.fr/comparatif-electrostimulateur-pour-fessier/;Musculation et fitness
Les meilleurs steppers climber verticaux;https://meilleurtest.fr/comparatif-stepper-climber-vertical/;Musculation et fitness
Les meilleures plateformes vibrantes oscillantes;https://meilleurtest.fr/comparatif-plateforme-vibrante-oscillante/;Musculation et fitness
Les meilleurs training masks;https://meilleurtest.fr/comparatif-training-mask/;Musculation et fitness
Les meilleurs mini-trampolines;https://meilleurtest.fr/comparatif-mini-trampoline/;Musculation et fitness
Les meilleurs électrostimulateurs pour fessier;https://meilleurtest.fr/comparatif-electrostimulateur-pour-fessier/;Musculation et fitness
Les meilleurs steppers climber verticaux;https://meilleurtest.fr/comparatif-stepper-climber-vertical/;Musculation et fitness
Les meilleurs kits d'empreinte bébé;https://meilleurtest.fr/comparatif-kit-empreinte-bebe/;Naissance et baby shower
Les meilleurs kits de naissance;https://meilleurtest.fr/comparatif-kit-de-naissance/;Naissance et baby shower
Les meilleures boîtes souvenirs bébés;https://meilleurtest.fr/comparatif-boite-souvenir-bebe/;Naissance et baby shower
Les meilleurs albums photos bébé en tissu;https://meilleurtest.fr/comparatif-album-photo-bebe-en-tissu/;Naissance et baby shower
Les meilleurs coffrets magie 10 ans;https://meilleurtest.fr/comparatif-coffret-magie-10-ans/;Noël
Les meilleurs sapins de Noël;https://meilleurtest.fr/comparatif-sapin-de-noel/;Noël
Les meilleurs biscuits de Noël;https://meilleurtest.fr/comparatif-biscuit-de-noel/;Noël
Les meilleurs sapins de Noël sur Amazon;https://meilleurtest.fr/comparatif-sapin-de-noel-amazon/;Noël
Les meilleures baguettes Harry Potter;https://meilleurtest.fr/comparatif-baguette-harry-potter/;Noël
Les meilleures box cadeaux;https://meilleurtest.fr/comparatif-box-cadeau/;Noël
Les meilleures cartes cadeaux à offrir;https://meilleurtest.fr/comparatif-carte-cadeau-a-offrir/;Noël
Les meilleurs coussins personnalisés;https://meilleurtest.fr/comparatif-coussin-personnalise/;Noël
Les meilleurs pistolets d'airsoft à gaz;https://meilleurtest.fr/comparatif-pistolet-dairsoft-a-gaz/;Noël
Les meilleurs projecteurs de façade pour Noël;https://meilleurtest.fr/comparatif-projecteur-de-facade-pour-noel/;Noël
Les meilleurs calendriers de l'avent;https://meilleurtest.fr/comparatif-calendrier-de-lavent/;Noël
Les meilleures décorations pour sapin de Noël;https://meilleurtest.fr/comparatif-decoration-pour-sapin-de-noel/;Noël
Les meilleurs sapins de Noël artificiels;https://meilleurtest.fr/comparatif-sapin-de-noel-artificiel/;Noël
Les meilleurs pieds de sapin de Noël;https://meilleurtest.fr/comparatif-pied-sapin-de-noel/;Noël
Les meilleures guirlandes de Noël;https://meilleurtest.fr/comparatif-guirlande-de-noel/;Noël
Les meilleures tirelires;https://meilleurtest.fr/comparatif-tirelire/;Noël
Les meilleurs calendriers de l'avent;https://meilleurtest.fr/comparatif-calendrier-de-lavent/;Noël
Les meilleures décorations pour sapin de Noël;https://meilleurtest.fr/comparatif-decoration-pour-sapin-de-noel/;Noël
Les meilleurs sapins de Noël artificiels;https://meilleurtest.fr/comparatif-sapin-de-noel-artificiel/;Noël
Les meilleurs pieds de sapin de Noël;https://meilleurtest.fr/comparatif-pied-sapin-de-noel/;Noël
Les meilleures guirlandes de Noël;https://meilleurtest.fr/comparatif-guirlande-de-noel/;Noël
Les meilleures tirelires;https://meilleurtest.fr/comparatif-tirelire/;Noël
Les meilleurs probiotiques contre la diarrhée;https://meilleurtest.fr/comparatif-probiotique-contre-la-diarrhee/;Nutrition
Les meilleurs probiotiques pour enfant;https://meilleurtest.fr/comparatif-probiotique-pour-enfant/;Nutrition
Les meilleurs probiotiques pour maigrir;https://meilleurtest.fr/comparatif-probiotique-pour-maigrir/;Nutrition
Les meilleurs probiotiques pour la flore intime;https://meilleurtest.fr/comparatif-probiotique-pour-la-flore-intime/;Nutrition
Les meilleurs probiotiques pour femme;https://meilleurtest.fr/comparatif-probiotique-pour-femme/;Nutrition
Les meilleurs substituts de repas;https://meilleurtest.fr/comparatif-substitut-de-repas/;Nutrition sportive
Les meilleures multivitamines musculation;https://meilleurtest.fr/comparatif-multivitamines-musculation/;Nutrition sportive
Les meilleures protéines pour la musculation;https://meilleurtest.fr/comparatif-proteine-pour-la-musculation/;Nutrition sportive
Les meilleures protéines pour la prise de masse;https://meilleurtest.fr/comparatif-proteine-pour-la-prise-de-masse/;Nutrition sportive
Les meilleures créatines monohydrates;https://meilleurtest.fr/comparatif-creatine-monohydrate/;Nutrition sportive
Les meilleures créatines en gélules;https://meilleurtest.fr/comparatif-creatine-en-gelules/;Nutrition sportive
Les meilleures clear whey;https://meilleurtest.fr/comparatif-clear-whey/;Nutrition sportive
Les meilleures citrullines malates;https://meilleurtest.fr/comparatif-citrulline-malate/;Nutrition sportive
Les meilleurs chocolats protéinés;https://meilleurtest.fr/comparatif-chocolat-proteine/;Nutrition sportive
Les meilleures céréales protéinées;https://meilleurtest.fr/comparatif-cereale-proteinee/;Nutrition sportive
Les meilleures caséines micellaires;https://meilleurtest.fr/comparatif-caseine-micellaire/;Nutrition sportive
Les meilleures boissons protéinées;https://meilleurtest.fr/comparatif-boisson-proteinee/;Nutrition sportive
Les meilleures beta alanine;https://meilleurtest.fr/comparatif-beta-alanine/;Nutrition sportive
Les meilleures barres hyperprotéinées;https://meilleurtest.fr/comparatif-barre-hyperproteinee/;Nutrition sportive
Les meilleurs BCAA vegan;https://meilleurtest.fr/comparatif-bcaa-vegan/;Nutrition sportive
Les meilleures whey vanille;https://meilleurtest.fr/comparatif-whey-vanille/;Nutrition sportive
Les meilleures whey hydrolysées;https://meilleurtest.fr/comparatif-whey-hydrolysee/;Nutrition sportive
Les meilleures boissons énergétiques;https://meilleurtest.fr/comparatif-boisson-energetique/;Nutrition sportive
Les meilleures protéines whey rapport qualité/prix;https://meilleurtest.fr/comparatif-proteines-whey-rapport-qualite-prix/;Nutrition sportive
Les meilleures protéines en poudre pour maigrir;https://meilleurtest.fr/comparatif-proteine-poudre-pour-maigrir/;Nutrition sportive
Les meilleurs shake protéinés pour maigrir;https://meilleurtest.fr/comparatif-shake-proteine-pour-maigrir/;Nutrition sportive
Les meilleures boissons électrolytes;https://meilleurtest.fr/comparatif-boisson-electrolytes/;Nutrition sportive
Les meilleurs compléments caséines;https://meilleurtest.fr/comparatif-complement-caseine/;Nutrition sportive
Les meilleures créatines pour femme;https://meilleurtest.fr/comparatif-creatine-pour-femme/;Nutrition sportive
Les meilleures protéines en poudre pour femme;https://meilleurtest.fr/comparatif-proteine-poudre-pour-femme/;Nutrition sportive
Les meilleures barres protéinées;https://meilleurtest.fr/comparatif-barre-proteinee/;Nutrition sportive
Les meilleures protéines en poudre;https://meilleurtest.fr/comparatif-proteine-poudre/;Nutrition sportive
Les meilleurs compléments BCAA;https://meilleurtest.fr/comparatif-complement-bcaa/;Nutrition sportive
Les meilleures whey isolate;https://meilleurtest.fr/comparatif-whey-isolate/;Nutrition sportive
Les meilleurs compléments créatine;https://meilleurtest.fr/comparatif-complement-creatine/;Nutrition sportive
Les meilleures protéines en poudre pour hommes;https://meilleurtest.fr/comparatif-proteine-poudre-pour-homme/;Nutrition sportive
Les meilleures protéines végétales en poudre pour végans;https://meilleurtest.fr/comparatif-proteine-vegetale-poudre-pour-vegan/;Nutrition sportive
Les meilleurs compléments créatine;https://meilleurtest.fr/comparatif-complement-creatine/;Nutrition sportive
Les meilleures protéines en poudre pour hommes;https://meilleurtest.fr/comparatif-proteine-poudre-pour-homme/;Nutrition sportive
Les meilleures protéines végétales en poudre pour végans;https://meilleurtest.fr/comparatif-proteine-vegetale-poudre-pour-vegan/;Nutrition sportive
Les meilleurs faux-ongles autocollants;https://meilleurtest.fr/comparatif-faux-ongles-autocollants/;Ongles et manucure
Les meilleures ongles en gel;https://meilleurtest.fr/comparatif-ongles-en-gel/;Ongles et manucure
Les meilleurs kits polygel;https://meilleurtest.fr/comparatif-kit-polygel/;Ongles et manucure
Les meilleurs produits pour ne plus se ronger les ongles;https://meilleurtest.fr/comparatif-produit-pour-ne-plus-se-ronger-ongles/;Ongles et manucure
Les meilleurs top coat semi-permanents;https://meilleurtest.fr/comparatif-top-coat-semi-permanent/;Ongles et manucure
Les meilleurs fortifiants pour ongles;https://meilleurtest.fr/comparatif-fortifiant-pour-ongles/;Ongles et manucure
Les meilleures huiles pour cuticules;https://meilleurtest.fr/comparatif-huile-pour-cuticules/;Ongles et manucure
Les meilleures bases de vernis à ongles;https://meilleurtest.fr/comparatif-base-de-vernis-a-ongle/;Ongles et manucure
Les meilleurs gels UV professionnels;https://meilleurtest.fr/comparatif-gel-uv-professionnel/;Ongles et manucure
Les meilleurs top coats;https://meilleurtest.fr/comparatif-top-coat/;Ongles et manucure
Les meilleures lampes UV pour ongles;https://meilleurtest.fr/comparatif-lampe-uv-pour-ongles/;Ongles et manucure
Les meilleurs durcisseurs d'ongles;https://meilleurtest.fr/comparatif-durcisseur-ongles/;Ongles et manucure
Les meilleurs durcisseurs d'ongles;https://meilleurtest.fr/comparatif-durcisseur-ongles/;Ongles et manucure
Les meilleurs dressings d'angle;https://meilleurtest.fr/comparatif-dressing-dangle/;Organisation et rangement
Les meilleurs dressings;https://meilleurtest.fr/comparatif-dressing/;Organisation et rangement
Les meilleures dessertes de cuisine;https://meilleurtest.fr/comparatif-desserte-de-cuisine/;Organisation et rangement
Les meilleurs coffres de rangement;https://meilleurtest.fr/comparatif-coffre-de-rangement/;Organisation et rangement
Les meilleures caisses de rangement;https://meilleurtest.fr/comparatif-caisse-de-rangement/;Organisation et rangement
Les meilleurs rangements à maquillage;https://meilleurtest.fr/comparatif-rangement-a-maquillage/;Organisation et rangement
Les meilleurs coffres à jouet;https://meilleurtest.fr/comparatif-coffre-a-jouet/;Organisation et rangement
Les meilleurs étendoirs à linge extérieur;https://meilleurtest.fr/comparatif-etendoir-a-linge-exterieur/;Organisation et rangement
Les meilleures boîtes de rangement;https://meilleurtest.fr/comparatif-boite-de-rangement/;Organisation et rangement
Les meilleures corbeilles à linge;https://meilleurtest.fr/comparatif-corbeille-a-linge/;Organisation et rangement
Les meilleurs chariots de course;https://meilleurtest.fr/comparatif-chariot-de-course/;Organisation et rangement
Les meilleurs chariots de course 6 roues;https://meilleurtest.fr/comparatif-chariot-de-course-6-roues/;Organisation et rangement
Les meilleurs porte-revues;https://meilleurtest.fr/comparatif-porte-revues/;Organisation et rangement
Les meilleurs portants à vêtements;https://meilleurtest.fr/comparatif-portant-a-vetements/;Organisation et rangement
Les meilleures housses de rangement sous vide;https://meilleurtest.fr/comparatif-housse-de-rangement-sous-vide/;Organisation et rangement
Les meilleurs dressings pas cher;https://meilleurtest.fr/comparatif-dressing-pas-cher/;Organisation et rangement
Les meilleurs étendoirs à linge solides;https://meilleurtest.fr/comparatif-etendoir-a-linge-solide/;Organisation et rangement
Les meilleurs paniers à linge;https://meilleurtest.fr/comparatif-panier-a-linge/;Organisation et rangement
Les meilleurs portants à vêtements;https://meilleurtest.fr/comparatif-portant-a-vetements/;Organisation et rangement
Les meilleures housses de rangement sous vide;https://meilleurtest.fr/comparatif-housse-de-rangement-sous-vide/;Organisation et rangement
Les meilleurs dressings pas cher;https://meilleurtest.fr/comparatif-dressing-pas-cher/;Organisation et rangement
Les meilleurs étendoirs à linge solides;https://meilleurtest.fr/comparatif-etendoir-a-linge-solide/;Organisation et rangement
Les meilleurs paniers à linge;https://meilleurtest.fr/comparatif-panier-a-linge/;Organisation et rangement
Les meilleurs sous-vêtements thermiques;https://meilleurtest.fr/comparatif-sous-vetement-thermique/;Outdoor
Les meilleurs bâtons de trail;https://meilleurtest.fr/comparatif-batons-de-trail/;Outdoor
Les meilleures chaussures de randonnée;https://meilleurtest.fr/comparatif-chaussures-de-randonnee/;Outdoor
Les meilleures lampes frontales running;https://meilleurtest.fr/comparatif-lampe-frontale-running/;Outdoor
Les meilleures sandales de randonnée;https://meilleurtest.fr/comparatif-sandales-de-randonnee/;Outdoor
Les meilleures chaussures de randonnée basses;https://meilleurtest.fr/comparatif-chaussures-de-randonnee-basses/;Outdoor
Les meilleures sandales de randonnée pour femme;https://meilleurtest.fr/comparatif-sandales-de-randonnee-pour-femme/;Outdoor
Les meilleurs Camelback;https://meilleurtest.fr/comparatif-camelback/;Outdoor
Les meilleures chaussures de montagne;https://meilleurtest.fr/comparatif-chaussures-de-montagne/;Outdoor
Les meilleures chaussures d'alpinisme;https://meilleurtest.fr/comparatif-chaussures-dalpinisme/;Outdoor
Les meilleurs quads agricoles;https://meilleurtest.fr/comparatif-quad-agricole/;Outdoor
Les meilleurs GPS de geocaching;https://meilleurtest.fr/comparatif-gps-de-geocaching/;Outdoor
Les meilleurs sacs The North Face;https://meilleurtest.fr/comparatif-sac-the-north-face/;Outdoor
Les meilleures vestes imperméables pour la randonnée;https://meilleurtest.fr/comparatif-veste-impermeable-pour-randonnee/;Outdoor
Les meilleurs couteaux de randonnée;https://meilleurtest.fr/comparatif-couteau-de-randonnee/;Outdoor
Les meilleurs GPS piéton;https://meilleurtest.fr/comparatif-gps-pieton/;Outdoor
Les meilleurs quads;https://meilleurtest.fr/comparatif-quad/;Outdoor
Les meilleurs masques d'airsoft;https://meilleurtest.fr/comparatif-masque-dairsoft/;Outdoor
Les meilleurs sacs étanches;https://meilleurtest.fr/comparatif-sac-etanche/;Outdoor
Les meilleures lampes torches tactiques;https://meilleurtest.fr/comparatif-lampe-torche-tactique/;Outdoor
Les meilleurs lance-pierres;https://meilleurtest.fr/comparatif-lance-pierres/;Outdoor
Les meilleurs sous-vêtements thermiques pour homme;https://meilleurtest.fr/comparatif-sous-vetement-thermique-pour-homme/;Outdoor
Les meilleurs filets de trampoline;https://meilleurtest.fr/comparatif-filet-de-trampoline/;Outdoor
Les meilleurs monoculaires;https://meilleurtest.fr/comparatif-monoculaire/;Outdoor
Les meilleurs quads homologués 2 places;https://meilleurtest.fr/comparatif-quad-homologue-2-place/;Outdoor
Les meilleurs quads homologués;https://meilleurtest.fr/comparatif-quad-homologue/;Outdoor
Les meilleures lampes torches à piles AAA;https://meilleurtest.fr/comparatif-lampe-torche-pile-aaa/;Outdoor
Les meilleures lampes frontales;https://meilleurtest.fr/comparatif-lampe-frontale/;Outdoor
Les meilleures lampes torches puissantes;https://meilleurtest.fr/comparatif-lampe-torche-puissante/;Outdoor
Les meilleures jumelles;https://meilleurtest.fr/comparatif-jumelles/;Outdoor
Les meilleurs bâtons de marche et de randonnée;https://meilleurtest.fr/comparatif-baton-de-marche-et-de-randonnee/;Outdoor
Les meilleures chaussures de randonnée pour hommes;https://meilleurtest.fr/comparatif-chaussures-de-randonnee-pour-homme/;Outdoor
Les meilleurs quads homologués;https://meilleurtest.fr/comparatif-quad-homologue/;Outdoor
Les meilleures lampes torches à piles AAA;https://meilleurtest.fr/comparatif-lampe-torche-pile-aaa/;Outdoor
Les meilleures lampes frontales;https://meilleurtest.fr/comparatif-lampe-frontale/;Outdoor
Les meilleures lampes torches puissantes;https://meilleurtest.fr/comparatif-lampe-torche-puissante/;Outdoor
Les meilleures jumelles;https://meilleurtest.fr/comparatif-jumelles/;Outdoor
Les meilleurs bâtons de marche et de randonnée;https://meilleurtest.fr/comparatif-baton-de-marche-et-de-randonnee/;Outdoor
Les meilleures chaussures de randonnée pour hommes;https://meilleurtest.fr/comparatif-chaussures-de-randonnee-pour-homme/;Outdoor
Les meilleurs parfums Diptyque;https://meilleurtest.fr/comparatif-parfum-diptyque/;Parfum
Les meilleurs parfums Oud;https://meilleurtest.fr/comparatif-parfum-oud/;Parfum
Les meilleures crèmes parfumées pour le corps;https://meilleurtest.fr/comparatif-creme-parfumee-pour-le-corps/;Parfum
Les meilleurs parfums floral pour femme;https://meilleurtest.fr/comparatif-parfum-floral-pour-femme/;Parfum
Les meilleurs sites pour acheter du parfum en ligne;https://meilleurtest.fr/comparatif-site-pour-acheter-du-parfum-ligne/;Parfum
Les meilleures eaux de toilette pour homme;https://meilleurtest.fr/comparatif-eau-de-toilette-pour-homme/;Parfum
Les meilleurs parfums pour bébé;https://meilleurtest.fr/comparatif-parfum-pour-bebe/;Parfum
Les meilleurs parfums pour femme;https://meilleurtest.fr/comparatif-parfum-pour-femme/;Parfum
Les meilleurs parfums pas chers;https://meilleurtest.fr/comparatif-parfum-pas-cher/;Parfum
Les meilleurs parfums pour bébé;https://meilleurtest.fr/comparatif-parfum-pour-bebe/;Parfum
Les meilleurs parfums pour femme;https://meilleurtest.fr/comparatif-parfum-pour-femme/;Parfum
Les meilleurs parfums pas chers;https://meilleurtest.fr/comparatif-parfum-pas-cher/;Parfum
Les meilleures souris bureautiques sans fil;https://meilleurtest.fr/comparatif-souris-bureautique-sans-fil/;PC
Les meilleures cartes mères AM5;https://meilleurtest.fr/comparatif-carte-mere-am5/;PC
Les meilleures cartes graphiques pas chère;https://meilleurtest.fr/comparatif-carte-graphique-pas-chere/;PC
Les meilleures RAM DDR5;https://meilleurtest.fr/comparatif-ram-ddr5/;PC
Les meilleurs kits d'évolution PC;https://meilleurtest.fr/comparatif-kit-evolution-pc/;PC
Les meilleures housses pour macbook air 13 pouces;https://meilleurtest.fr/comparatif-housse-pour-macbook-air-13-pouces/;PC
Les meilleurs écrans PC 34 pouces;https://meilleurtest.fr/comparatif-ecrans-pc-34-pouces/;PC
Les meilleurs processeurs d'ordinateurs portables;https://meilleurtest.fr/comparatif-processeur-ordinateur-portable/;PC
Les meilleurs boîtiers PC en terme d'airflow;https://meilleurtest.fr/comparatif-boitier-pc-en-terme-airflow/;PC
Les meilleurs PC portables à moins de 200 euros;https://meilleurtest.fr/comparatif-pc-portable-a-moins-de-200-euros/;PC
Les meilleures cartes mères LGA 1700;https://meilleurtest.fr/comparatif-carte-mere-lga-1700/;PC
Les meilleurs PC portables pour le travail;https://meilleurtest.fr/comparatif-pc-portable-pour-le-travail/;PC
Les meilleurs PC portables bureautiques;https://meilleurtest.fr/comparatif-pc-portable-bureautique/;PC
Les meilleurs PC portables à moins de 500 euros en terme de rapport qualité/prix;https://meilleurtest.fr/comparatif-pc-portables-a-moins-de-500-euros-en-terme-de-rapport-qualite-prix/;PC
Les meilleurs PC portables 15 pouces à moins de 600 euros;https://meilleurtest.fr/comparatif-pc-portable-15-pouces-a-moins-de-600-euros/;PC
Les meilleures souris ergonomiques sur Amazon;https://meilleurtest.fr/comparatif-souris-ergonomique-amazon/;PC
Les meilleures souris sans fil sur Amazon;https://meilleurtest.fr/comparatif-souris-sans-fil-amazon/;PC
Les meilleurs écrans PC 49 pouces;https://meilleurtest.fr/comparatif-ecran-pc-49-pouces/;PC
Les meilleurs PC portables pour montage vidéo 4K;https://meilleurtest.fr/comparatif-pc-portable-pour-montage-video-4k/;PC
Les meilleures PC portables à moins de 300 euros;https://meilleurtest.fr/comparatif-pc-portables-a-moins-de-300-euros/;PC
Les meilleurs claviers Jelly Comb;https://meilleurtest.fr/comparatif-clavier-jelly-comb/;PC
Les meilleurs PC portable HP ProBook;https://meilleurtest.fr/comparatif-pc-portable-hp-probook/;PC
Les meilleurs PC portables 15 pouces à moins de 500 euros;https://meilleurtest.fr/comparatif-pc-portable-15-pouces-a-moins-de-500-euros/;PC
Les meilleurs PC tablettes hybrides rapport qualité/prix;https://meilleurtest.fr/comparatif-pc-tablettes-hybrides-rapport-qualite-prix/;PC
Les meilleurs PC portables MSI;https://meilleurtest.fr/comparatif-pc-portable-msi/;PC
Les meilleurs chromebooks Acer;https://meilleurtest.fr/comparatif-chromebook-acer/;PC
Les meilleurs PC portables Dell Latitude;https://meilleurtest.fr/comparatif-pc-portable-dell-latitude/;PC
Les meilleurs MacBook Pro;https://meilleurtest.fr/comparatif-macbook-pro/;PC
Les meilleurs PC portables Huawei;https://meilleurtest.fr/comparatif-pc-portable-huawei/;PC
Les meilleurs PC portables Lenovo Ideapad;https://meilleurtest.fr/comparatif-pc-portable-lenovo-ideapad/;PC
Les meilleurs PC portables HP Pavilion;https://meilleurtest.fr/comparatif-pc-portable-hp-pavilion/;PC
Les meilleurs PC portables Apple;https://meilleurtest.fr/comparatif-pc-portable-apple/;PC
Les meilleurs PC portables Dell;https://meilleurtest.fr/comparatif-pc-portable-dell/;PC
Les meilleurs PC portables Dell Inspiron;https://meilleurtest.fr/comparatif-pc-portable-dell-inspiron/;PC
Les meilleurs PC portable HP EliteBook;https://meilleurtest.fr/comparatif-pc-portable-hp-elitebook/;PC
Les meilleurs PC portables HP;https://meilleurtest.fr/comparatif-pc-portable-hp/;PC
Les meilleurs ordinateurs de bureau HP;https://meilleurtest.fr/comparatif-ordinateur-de-bureau-hp/;PC
Les meilleurs PC portables Lenovo;https://meilleurtest.fr/comparatif-pc-portable-lenovo/;PC
Les meilleurs ordinateurs Thomson;https://meilleurtest.fr/comparatif-ordinateur-thomson/;PC
Les meilleurs Apple MacBook pour étudiant;https://meilleurtest.fr/comparatif-apple-macbook-pour-etudiant/;PC
Les meilleurs ordinateurs Lenovo;https://meilleurtest.fr/comparatif-ordinateur-lenovo/;PC
Les meilleurs PC portables Lenovo Thinkpad;https://meilleurtest.fr/comparatif-pc-portable-lenovo-thinkpad/;PC
Les meilleurs claviers pour Mac;https://meilleurtest.fr/comparatif-clavier-pour-mac/;PC
Les meilleurs PC portables pour développeur;https://meilleurtest.fr/comparatif-pc-portable-pour-developpeur/;PC
Les meilleures unités centrales PC;https://meilleurtest.fr/comparatif-unite-centrale-pc/;PC
Les meilleurs PC portables à moins de 400 euros;https://meilleurtest.fr/comparatif-pc-portable-a-moins-de-400-euros/;PC
Les meilleurs ultrabooks rapport qualité/prix;https://meilleurtest.fr/comparatif-ultrabooks-rapport-qualite-prix/;PC
Les meilleures cartes tuners TV pour PC;https://meilleurtest.fr/comparatif-carte-tuner-tv-pour-pc/;PC
Les meilleurs RAM DDR3;https://meilleurtest.fr/comparatif-ram-ddr3/;PC
Les meilleurs écrans PC 144 Hz pas chers;https://meilleurtest.fr/comparatif-ecran-pc-144-hz-pas-cher/;PC
Les meilleurs écrans PC pour retouche photo;https://meilleurtest.fr/comparatif-ecran-pc-pour-retouche-photo/;PC
Les meilleurs PC portables de 11 pouces;https://meilleurtest.fr/comparatif-pc-portable-de-11-pouces/;PC
Les meilleurs PC portables 15 pouces à moins de 400 euros;https://meilleurtest.fr/comparatif-pc-portable-15-pouces-a-moins-de-400-euros/;PC
Les meilleurs PC Portables 4K;https://meilleurtest.fr/comparatif-pc-portables-4k/;PC
Les meilleurs PC portables pour enfant;https://meilleurtest.fr/comparatif-ordinateur-portable-pour-enfant/;PC
Les meilleurs sacs pour PC portable pour homme;https://meilleurtest.fr/comparatif-sac-pour-pc-portable-pour-homme/;PC
Les meilleurs claviers pour programmer;https://meilleurtest.fr/comparatif-clavier-pour-programmer/;PC
Les meilleures RAM;https://meilleurtest.fr/comparatif-ram/;PC
Les meilleurs PC portables i7 16Go RAM;https://meilleurtest.fr/comparatif-pc-portable-i7-16go-ram/;PC
Les meilleurs claviers pas chers;https://meilleurtest.fr/comparatif-clavier-pas-cher/;PC
Les meilleurs claviers bluetooth;https://meilleurtest.fr/comparatif-clavier-bluetooth/;PC
Les meilleurs sacs pour PC portable pour femme;https://meilleurtest.fr/comparatif-sac-pour-pc-portable-pour-femme/;PC
Les meilleurs PC portables à écran tactile;https://meilleurtest.fr/comparatif-pc-portable-a-ecran-tactile/;PC
Les meilleurs écran pour MacBook Pro;https://meilleurtest.fr/comparatif-ecran-pour-macbook-pro/;PC
Les meilleurs écrans PC 1440p;https://meilleurtest.fr/comparatif-ecrans-pc-1440p/;PC
Les meilleurs claviers et souris sans fil;https://meilleurtest.fr/comparatif-clavier-et-souris-sans-fil/;PC
Les meilleurs PC portables 17 pouces à moins de 600 euros;https://meilleurtest.fr/comparatif-pc-portable-17-pouces-a-moins-de-600-euros/;PC
Les meilleures souris MacBook Pro;https://meilleurtest.fr/comparatif-souris-macbook-pro-2/;PC
Les meilleurs PC portables Windows;https://meilleurtest.fr/comparatif-pc-portable-windows/;PC
Les meilleurs PC portables pour montage vidéo;https://meilleurtest.fr/comparatif-pc-portable-pour-montage-video/;PC
Les meilleurs claviers AZERTY;https://meilleurtest.fr/comparatif-clavier-azerty/;PC
Les meilleurs Intel core i5;https://meilleurtest.fr/comparatif-intel-core-i5/;PC
Les meilleures GeForce RTX 2060;https://meilleurtest.fr/comparatif-geforce-rtx-2060/;PC
Les meilleurs PC portables 18 pouces;https://meilleurtest.fr/comparatif-pc-portable-18-pouces/;PC
Les meilleurs PC portables 12 pouces;https://meilleurtest.fr/comparatif-pc-portable-12-pouces/;PC
Les meilleurs écrans PC WQHD;https://meilleurtest.fr/comparatif-ecran-pc-wqhd/;PC
Les meilleures souris bureautiques;https://meilleurtest.fr/comparatif-souris-bureautique/;PC
Les meilleurs PC de bureau i7;https://meilleurtest.fr/comparatif-pc-de-bureau-i7/;PC
Les meilleures cartes graphiques AMD;https://meilleurtest.fr/comparatif-carte-graphique-amd/;PC
Les meilleurs claviers sans fil;https://meilleurtest.fr/comparatif-clavier-sans-fil/;PC
Les meilleurs écrans PC ultrawide 21:9;https://meilleurtest.fr/comparatif-ecran-pc-ultrawide-219/;PC
Les meilleurs netbooks ultraportables;https://meilleurtest.fr/comparatif-netbook-ultraportable/;PC
Les meilleurs PC portables à moins de 1000 euros;https://meilleurtest.fr/comparatif-pc-portable-a-moins-de-1000-euros/;PC
Les meilleurs PC 2-en-1;https://meilleurtest.fr/comparatif-pc-2-1/;PC
Les meilleures housses pour MacBook pro 13 pouces;https://meilleurtest.fr/comparatif-housse-pour-macbook-pro-13-pouces/;PC
Les meilleures cartes Wifi;https://meilleurtest.fr/comparatif-carte-wifi/;PC
Les meilleurs écrans PC bureautiques;https://meilleurtest.fr/comparatif-ecran-pc-bureautique/;PC
Les meilleurs Chromebook pour étudiants;https://meilleurtest.fr/comparatif-chromebook-pour-etudiants/;PC
Les meilleures souris sans fil;https://meilleurtest.fr/comparatif-souris-sans-fil/;PC
Les meilleurs tapis de souris;https://meilleurtest.fr/comparatif-tapis-de-souris/;PC
Les meilleures cartes graphiques Nvidia;https://meilleurtest.fr/comparatif-carte-graphique-nvidia/;PC
Les meilleures alimentations PC;https://meilleurtest.fr/comparatif-alimentation-pc/;PC
Les meilleurs écrans PC 240 Hz;https://meilleurtest.fr/comparatif-ecran-pc-240-hz/;PC
Les meilleures RAM DDR4;https://meilleurtest.fr/comparatif-ram-ddr4/;PC
Les meilleures cartes graphiques;https://meilleurtest.fr/comparatif-carte-graphique/;PC
Les meilleurs PC portables à moins de 600 euros;https://meilleurtest.fr/comparatif-pc-portable-a-moins-de-600-euros/;PC
Les meilleurs PC portables 17 pouces;https://meilleurtest.fr/comparatif-pc-portable-17-pouces/;PC
Les meilleurs PC portables 15 pouces;https://meilleurtest.fr/comparatif-pc-portable-15-pouces/;PC
Les meilleurs PC portables 13 et 14 pouces;https://meilleurtest.fr/comparatif-pc-portable-13-14-pouces/;PC
Les meilleurs notebooks;https://meilleurtest.fr/comparatif-pc-notebook/;PC
Les meilleurs mini PC portables de 11 et 12 pouces;https://meilleurtest.fr/comparatif-mini-ordinateur-portable-de-11-et-12-pouce/;PC
Les meilleurs PC portables;https://meilleurtest.fr/comparatif-ordinateur-portable/;PC
Les meilleurs PC portables Toshiba;https://meilleurtest.fr/comparatif-pc-portable-toshiba/;PC
Les meilleurs écrans pour PC portable;https://meilleurtest.fr/comparatif-ecran-pc-portable/;PC
Les meilleurs écrans PC;https://meilleurtest.fr/comparatif-ecran-pc/;PC
Les meilleures cartes graphiques externes eGPU;https://meilleurtest.fr/comparatif-carte-graphique-externe-egpu/;PC
Les meilleurs écrans PC 24 pouces;https://meilleurtest.fr/comparatif-ecran-pc-24-pouces/;PC
Les meilleurs processeurs AMD;https://meilleurtest.fr/comparatif-processeur-amd/;PC
Les meilleurs claviers ergonomiques;https://meilleurtest.fr/comparatif-clavier-ergonomique/;PC
Les meilleurs ultrabooks pas chers;https://meilleurtest.fr/comparatif-ultrabook-pas-cher/;PC
Les meilleurs PC portables à moins de 500 euros;https://meilleurtest.fr/comparatif-pc-portable-a-moins-de-500-euros/;PC
Les meilleurs processeurs Intel;https://meilleurtest.fr/comparatif-processeur-intel/;PC
Les meilleurs PC portables pour Photoshop et l'édition photo;https://meilleurtest.fr/comparatif-pc-portable-pour-photoshop-et-edition-photo/;PC
Les meilleurs PC portables légers;https://meilleurtest.fr/comparatif-pc-portable-leger/;PC
Les meilleurs PC portables avec écran tactile;https://meilleurtest.fr/comparatif-pc-portable-avec-ecran-tactile/;PC
Les meilleures cartes son PC;https://meilleurtest.fr/comparatif-carte-son-pc/;PC
Les meilleurs chromebooks;https://meilleurtest.fr/comparatif-chromebook/;PC
Les meilleurs écrans PC 1440p et 144 Hz;https://meilleurtest.fr/comparatif-ecran-pc-1440p-et-144-hz/;PC
Les meilleurs écrans PC à moins de 200 euros;https://meilleurtest.fr/comparatif-ecran-pc-a-moins-de-200-euro/;PC
Les meilleurs écrans PC tactiles;https://meilleurtest.fr/comparatif-ecran-pc-tactile/;PC
Les meilleurs ventirads;https://meilleurtest.fr/comparatif-ventilateur-pc/;PC
Les meilleurs tapis de souris;https://meilleurtest.fr/comparatif-tapis-de-souris/;PC
Les meilleures cartes graphiques Nvidia;https://meilleurtest.fr/comparatif-carte-graphique-nvidia/;PC
Les meilleures alimentations PC;https://meilleurtest.fr/comparatif-alimentation-pc/;PC
Les meilleurs écrans PC 240 Hz;https://meilleurtest.fr/comparatif-ecran-pc-240-hz/;PC
Les meilleures RAM DDR4;https://meilleurtest.fr/comparatif-ram-ddr4/;PC
Les meilleures cartes graphiques;https://meilleurtest.fr/comparatif-carte-graphique/;PC
Les meilleurs PC portables à moins de 600 euros;https://meilleurtest.fr/comparatif-pc-portable-a-moins-de-600-euros/;PC
Les meilleurs PC portables 17 pouces;https://meilleurtest.fr/comparatif-pc-portable-17-pouces/;PC
Les meilleurs PC portables 15 pouces;https://meilleurtest.fr/comparatif-pc-portable-15-pouces/;PC
Les meilleurs PC portables 13 et 14 pouces;https://meilleurtest.fr/comparatif-pc-portable-13-14-pouces/;PC
Les meilleurs notebooks;https://meilleurtest.fr/comparatif-pc-notebook/;PC
Les meilleurs mini PC portables de 11 et 12 pouces;https://meilleurtest.fr/comparatif-mini-ordinateur-portable-de-11-et-12-pouce/;PC
Les meilleurs PC portables;https://meilleurtest.fr/comparatif-ordinateur-portable/;PC
Les meilleurs PC portables Toshiba;https://meilleurtest.fr/comparatif-pc-portable-toshiba/;PC
Les meilleurs écrans pour PC portable;https://meilleurtest.fr/comparatif-ecran-pc-portable/;PC
Les meilleurs écrans PC;https://meilleurtest.fr/comparatif-ecran-pc/;PC
Les meilleures cartes graphiques externes eGPU;https://meilleurtest.fr/comparatif-carte-graphique-externe-egpu/;PC
Les meilleurs écrans PC 24 pouces;https://meilleurtest.fr/comparatif-ecran-pc-24-pouces/;PC
Les meilleurs processeurs AMD;https://meilleurtest.fr/comparatif-processeur-amd/;PC
Les meilleurs claviers ergonomiques;https://meilleurtest.fr/comparatif-clavier-ergonomique/;PC
Les meilleurs ultrabooks pas chers;https://meilleurtest.fr/comparatif-ultrabook-pas-cher/;PC
Les meilleurs PC portables à moins de 500 euros;https://meilleurtest.fr/comparatif-pc-portable-a-moins-de-500-euros/;PC
Les meilleurs processeurs Intel;https://meilleurtest.fr/comparatif-processeur-intel/;PC
Les meilleurs PC portables pour Photoshop et l'édition photo;https://meilleurtest.fr/comparatif-pc-portable-pour-photoshop-et-edition-photo/;PC
Les meilleurs PC portables légers;https://meilleurtest.fr/comparatif-pc-portable-leger/;PC
Les meilleurs PC portables avec écran tactile;https://meilleurtest.fr/comparatif-pc-portable-avec-ecran-tactile/;PC
Les meilleures cartes son PC;https://meilleurtest.fr/comparatif-carte-son-pc/;PC
Les meilleurs chromebooks;https://meilleurtest.fr/comparatif-chromebook/;PC
Les meilleurs écrans PC 1440p et 144 Hz;https://meilleurtest.fr/comparatif-ecran-pc-1440p-et-144-hz/;PC
Les meilleurs écrans PC à moins de 200 euros;https://meilleurtest.fr/comparatif-ecran-pc-a-moins-de-200-euro/;PC
Les meilleurs écrans PC tactiles;https://meilleurtest.fr/comparatif-ecran-pc-tactile/;PC
Les meilleurs ventirads;https://meilleurtest.fr/comparatif-ventilateur-pc/;PC
Les meilleures cannes TOC télescopiques;https://meilleurtest.fr/comparatif-canne-toc-telescopique/;Pêche
Les meilleures cannes à pêche pour bord de mer;https://meilleurtest.fr/comparatif-canne-a-peche-pour-bord-de-mer/;Pêche
Les meilleures cannes spinning;https://meilleurtest.fr/comparatif-canne-spinning/;Pêche
Les meilleures cannes à carpe;https://meilleurtest.fr/comparatif-canne-a-carpe/;Pêche
Les meilleurs fils de pêche;https://meilleurtest.fr/comparatif-fil-de-peche/;Pêche
Les meilleurs moulinets casting;https://meilleurtest.fr/comparatif-moulinet-casting/;Pêche
Les meilleurs échosondeurs;https://meilleurtest.fr/comparatif-echo-sondeur/;Pêche
Les meilleurs échosondeurs;https://meilleurtest.fr/comparatif-echo-sondeur/;Pêche
Les meilleurs mini studios photo;https://meilleurtest.fr/comparatif-mini-studio-photo/;Photo
Les meilleurs appareils photo compacts experts pour voyager;https://meilleurtest.fr/comparatif-appareil-photo-compact-expert-pour-voyager/;Photo
Les meilleurs appareils photo pour la nuit;https://meilleurtest.fr/comparatif-appareil-photo-pour-la-nuit/;Photo
Les meilleurs objectifs Fuji;https://meilleurtest.fr/comparatif-objectif-fuji/;Photo
Les meilleurs appareils photo pour Instagram;https://meilleurtest.fr/comparatif-appareil-photo-pour-instagram/;Photo
Les meilleurs appareils photo compacts à moins de 200 euros;https://meilleurtest.fr/comparatif-appareil-photo-compact-a-moins-de-200-euros/;Photo
Les meilleurs appareils photo bridges à moins de 300 euros;https://meilleurtest.fr/comparatif-appareil-photo-bridge-a-moins-de-300-euros/;Photo
Les meilleurs objectifs grand angle Canon;https://meilleurtest.fr/comparatif-objectif-grand-angle-canon/;Photo
Les meilleurs objectifs pour Nikon D7500;https://meilleurtest.fr/comparatif-objectif-pour-nikon-d7500/;Photo
Les meilleurs appareils photo sous-marins;https://meilleurtest.fr/comparatif-appareil-photo-sous-marin/;Photo
Les meilleurs appareils photo Leica;https://meilleurtest.fr/comparatif-appareil-photo-leica/;Photo
Les meilleurs objectifs grand angle Nikon;https://meilleurtest.fr/comparatif-objectif-grand-angle-nikon/;Photo
Les meilleures focales fixes Canon;https://meilleurtest.fr/comparatif-focale-fixe-canon/;Photo
Les meilleurs objectifs Panasonic;https://meilleurtest.fr/comparatif-objectif-panasonic/;Photo
Les meilleurs objectifs pour Canon 600D;https://meilleurtest.fr/comparatif-objectif-pour-canon-600d/;Photo
Les meilleurs appareils photo bridge à gros zoom;https://meilleurtest.fr/comparatif-appareil-photo-bridge-a-gros-zoom/;Photo
Les meilleurs appareils photo pour vidéo;https://meilleurtest.fr/comparatif-appareil-photo-pour-video/;Photo
Les meilleurs appareils photo reflex plein format;https://meilleurtest.fr/comparatif-appareil-photo-reflex-plein-format/;Photo
Les meilleurs objectifs grand angle;https://meilleurtest.fr/comparatif-objectif-grand-angle/;Photo
Les meilleurs objectifs Canon;https://meilleurtest.fr/comparatif-objectif-canon/;Photo
Les meilleurs appareils photo pour YouTube;https://meilleurtest.fr/comparatif-appareil-photo-pour-youtube/;Photo
Les meilleurs appareils photo compacts pour voyager;https://meilleurtest.fr/comparatif-appareil-photo-compact-pour-voyager/;Photo
Les meilleurs objectifs micro 4/3;https://meilleurtest.fr/comparatif-objectifs-micro-4-3/;Photo
Les meilleurs appareils photo de vlog;https://meilleurtest.fr/comparatif-appareil-photo-de-vlog/;Photo
Les meilleurs sites d'album photo;https://meilleurtest.fr/comparatif-sites-dalbum-photo/;Photo
Les meilleurs appareils photo professionnels;https://meilleurtest.fr/comparatif-appareil-photo-professionnel/;Photo
Les meilleurs appareils photo reflex pour débutant;https://meilleurtest.fr/comparatif-appareil-photo-reflex-pour-debutant/;Photo
Les meilleurs appareils photos compacts experts;https://meilleurtest.fr/comparatif-appareil-photo-compact-expert/;Photo
Les meilleurs appareils photo pour débutant;https://meilleurtest.fr/comparatif-appareil-photo-pour-debutant/;Photo
Les meilleurs sites d'impression photo;https://meilleurtest.fr/comparatif-site-dimpression-photo/;Photo
Les meilleures applis de retouche photo;https://meilleurtest.fr/comparatif-appli-de-retouche-photo/;Photo
Les meilleurs appareils photo grand angle;https://meilleurtest.fr/comparatif-appareil-photo-grand-angle/;Photo
Les meilleurs sacs photo;https://meilleurtest.fr/comparatif-sac-photo/;Photo
Les meilleurs objectifs pour Nikon D7100;https://meilleurtest.fr/comparatif-objectif-pour-nikon-d7100/;Photo
Les meilleurs appareils photo compacts pas chers;https://meilleurtest.fr/comparatif-appareil-photo-compact-pas-cher/;Photo
Les meilleurs logiciels de retouche photo;https://meilleurtest.fr/comparatif-logiciel-de-retouche-photo/;Photo
Les meilleurs appareils photo argentiques;https://meilleurtest.fr/comparatif-appareil-photo-argentique/;Photo
Les meilleurs appareils photo pour enfants;https://meilleurtest.fr/comparatif-appareil-photo-pour-enfant/;Photo
Les meilleurs appareils photo hybrides;https://meilleurtest.fr/comparatif-appareil-photo-hybride/;Photo
Les meilleurs appareils photo bridge;https://meilleurtest.fr/comparatif-appareil-photo-bridge/;Photo
Les meilleurs appareils photo;https://meilleurtest.fr/comparatif-appareil-photo/;Photo
Les meilleurs appareils photo instantanés;https://meilleurtest.fr/comparatif-appareil-photo-instantane/;Photo
Les meilleurs appareils photo reflex;https://meilleurtest.fr/comparatif-appareil-photo-reflex/;Photo
Les meilleurs trépieds photo de voyage;https://meilleurtest.fr/comparatif-trepied-photo-de-voyage/;Photo
Les meilleurs appareils photos de voyage;https://meilleurtest.fr/comparatif-appareil-photo-voyage/;Photo
Les meilleures lightbox pour studio photo;https://meilleurtest.fr/comparatif-lightbox-pour-studio-photo/;Photo
Les meilleurs appareils photo argentiques;https://meilleurtest.fr/comparatif-appareil-photo-argentique/;Photo
Les meilleurs appareils photo pour enfants;https://meilleurtest.fr/comparatif-appareil-photo-pour-enfant/;Photo
Les meilleurs appareils photo hybrides;https://meilleurtest.fr/comparatif-appareil-photo-hybride/;Photo
Les meilleurs appareils photo bridge;https://meilleurtest.fr/comparatif-appareil-photo-bridge/;Photo
Les meilleurs appareils photo;https://meilleurtest.fr/comparatif-appareil-photo/;Photo
Les meilleurs appareils photo instantanés;https://meilleurtest.fr/comparatif-appareil-photo-instantane/;Photo
Les meilleurs appareils photo reflex;https://meilleurtest.fr/comparatif-appareil-photo-reflex/;Photo
Les meilleurs trépieds photo de voyage;https://meilleurtest.fr/comparatif-trepied-photo-de-voyage/;Photo
Les meilleurs appareils photos de voyage;https://meilleurtest.fr/comparatif-appareil-photo-voyage/;Photo
Les meilleures lightbox pour studio photo;https://meilleurtest.fr/comparatif-lightbox-pour-studio-photo/;Photo
Les meilleurs spas;https://meilleurtest.fr/comparatif-spa/;Piscine et spa
Les meilleurs habillages de spas gonflables;https://meilleurtest.fr/comparatif-habillage-de-spa-gonflable/;Piscine et spa
Les meilleurs bois pour terrasse de piscine;https://meilleurtest.fr/comparatif-bois-pour-terrasse-de-piscine/;Piscine et spa
Les meilleurs spas gonflables 6 places;https://meilleurtest.fr/comparatif-spa-gonflable-6-places/;Piscine et spa
Les meilleurs robots piscine sans fil;https://meilleurtest.fr/comparatif-robot-piscine-sans-fil/;Piscine et spa
Les meilleurs dômes de piscine;https://meilleurtest.fr/comparatif-dome-de-piscine/;Piscine et spa
Les meilleures piscines autoportées;https://meilleurtest.fr/comparatif-piscine-autoportee/;Piscine et spa
Les meilleures piscines tubulaires Leclerc￼￼;https://meilleurtest.fr/comparatif-piscine-tubulaire-leclerc/;Piscine et spa
Les meilleures bâches à bulles piscine;https://meilleurtest.fr/comparatif-bache-a-bulles-piscine/;Piscine et spa
Les meilleures piscines semi-enterrées;https://meilleurtest.fr/comparatif-piscine-semi-enterree/;Piscine et spa
Les meilleurs robots piscine Zodiac;https://meilleurtest.fr/comparatif-robot-piscine-zodiac/;Piscine et spa
Les meilleurs robots piscine Dolphin;https://meilleurtest.fr/comparatif-robot-piscine-dolphin/;Piscine et spa
Les meilleures piscines en bois;https://meilleurtest.fr/comparatif-piscine-bois/;Piscine et spa
Les meilleurs spas pour les pieds;https://meilleurtest.fr/comparatif-spa-pour-pieds/;Piscine et spa
Les meilleurs spas pas chers;https://meilleurtest.fr/comparatif-spa-pas-cher/;Piscine et spa
Les meilleures piscines;https://meilleurtest.fr/comparatif-piscine/;Piscine et spa
Les meilleurs liners piscine;https://meilleurtest.fr/comparatif-liner-piscine/;Piscine et spa
Les meilleurs électrolyseurs piscines;https://meilleurtest.fr/comparatif-electrolyseur-piscine/;Piscine et spa
Les meilleures piscine hors sol;https://meilleurtest.fr/comparatif-piscine-hors-sol/;Piscine et spa
Les meilleures piscines tubulaires;https://meilleurtest.fr/comparatif-piscine-tubulaire/;Piscine et spa
Les meilleurs spas gonflables 2 places;https://meilleurtest.fr/comparatif-spas-gonflable-2-places/;Piscine et spa
Les meilleurs spas gonflables hydrojet;https://meilleurtest.fr/comparatif-spa-gonflable-hydrojet/;Piscine et spa
Les meilleures piscines coques;https://meilleurtest.fr/comparatif-piscine-coque/;Piscine et spa
Les meilleures bâches piscine;https://meilleurtest.fr/comparatif-bache-de-piscine/;Piscine et spa
Les meilleures alarmes de piscine;https://meilleurtest.fr/comparatif-alarme-de-piscine/;Piscine et spa
Les meilleurs spas gonflables;https://meilleurtest.fr/comparatif-spa-gonflable/;Piscine et spa
Les meilleures pompes pour piscine;https://meilleurtest.fr/comparatif-pompe-pour-piscine/;Piscine et spa
Les meilleurs filtres à sable pour piscine;https://meilleurtest.fr/comparatif-filtre-a-sable-pour-piscine/;Piscine et spa
Les meilleures bâches piscine;https://meilleurtest.fr/comparatif-bache-de-piscine/;Piscine et spa
Les meilleures alarmes de piscine;https://meilleurtest.fr/comparatif-alarme-de-piscine/;Piscine et spa
Les meilleurs spas gonflables;https://meilleurtest.fr/comparatif-spa-gonflable/;Piscine et spa
Les meilleures pompes pour piscine;https://meilleurtest.fr/comparatif-pompe-pour-piscine/;Piscine et spa
Les meilleurs filtres à sable pour piscine;https://meilleurtest.fr/comparatif-filtre-a-sable-pour-piscine/;Piscine et spa
Les meilleurs chariots de plage;https://meilleurtest.fr/comparatif-chariot-de-plage/;Plage
Les meilleurs pains de glace;https://meilleurtest.fr/comparatif-pain-de-glace/;Plage
Les meilleurs ordinateurs de plongée;https://meilleurtest.fr/comparatif-ordinateur-de-plongee/;Plongée
Les meilleures palmes de chasse sous-marines;https://meilleurtest.fr/comparatif-palmes-de-chasse-sous-marines/;Plongée
Les meilleurs masques de plongée;https://meilleurtest.fr/comparatif-masque-de-plongee/;Plongée
Les meilleures montres de plongée;https://meilleurtest.fr/comparatif-montre-de-plongee/;Plongée
Les meilleures combinaisons de plongée 7mm;https://meilleurtest.fr/comparatif-combinaison-de-plongee-7mm/;Plongée
Les meilleurs crédits auto;https://meilleurtest.fr/comparatif-credit-auto/;Prêts et crédits
Les meilleures caméras de sport 4K;https://meilleurtest.fr/comparatif-camera-de-sport-4k/;Production vidéo
Les meilleurs caméscopes semi-pro;https://meilleurtest.fr/comparatif-camescope-semi-pro/;Production vidéo
Les meilleures GoPro;https://meilleurtest.fr/comparatif-gopro/;Production vidéo
Les meilleures action cam rapport qualité/prix;https://meilleurtest.fr/comparatif-action-cam-rapport-qualite-prix/;Production vidéo
Les meilleurs logiciels de capture vidéo;https://meilleurtest.fr/comparatif-logiciel-de-capture-video/;Production vidéo
Les meilleurs stabilisateurs pour GoPro;https://meilleurtest.fr/comparatif-stabilisateur-pour-gopro/;Production vidéo
Les meilleures caméras pour youtubeur;https://meilleurtest.fr/comparatif-camera-pour-youtubeur/;Production vidéo
Les meilleures perches pour GoPro;https://meilleurtest.fr/comparatif-perche-pour-gopro/;Production vidéo
Les meilleurs kits d'accessoires GoPro;https://meilleurtest.fr/comparatif-kit-daccessoires-gopro/;Production vidéo
Les meilleurs stroboscopes;https://meilleurtest.fr/comparatif-stroboscope/;Production vidéo
Les meilleures caméras numériques;https://meilleurtest.fr/comparatif-camera-numerique/;Production vidéo
Les meilleures caméras de sport;https://meilleurtest.fr/comparatif-camera-de-sport/;Production vidéo
Les meilleures lampes ring light;https://meilleurtest.fr/comparatif-lampe-ring-light/;Production vidéo
Les meilleurs caméscopes;https://meilleurtest.fr/comparatif-camescope/;Production vidéo
Les meilleures caméras 360;https://meilleurtest.fr/comparatif-camera-360/;Production vidéo
Les meilleures lampes ring light;https://meilleurtest.fr/comparatif-lampe-ring-light/;Production vidéo
Les meilleurs caméscopes;https://meilleurtest.fr/comparatif-camescope/;Production vidéo
Les meilleures caméras 360;https://meilleurtest.fr/comparatif-camera-360/;Production vidéo
Les meilleurs laits de croissance liquides;https://meilleurtest.fr/comparatif-lait-de-croissance-liquide/;Puériculture et parentalité
Les meilleures couches post-accouchement;https://meilleurtest.fr/comparatif-couche-post-accouchement/;Puériculture et parentalité
Les meilleurs doudous bébé;https://meilleurtest.fr/comparatif-doudou-bebe/;Puériculture et parentalité
Les meilleurs tire-laits mains libres;https://meilleurtest.fr/comparatif-tire-lait-main-libre/;Puériculture et parentalité
Les meilleurs pots pour garçon;https://meilleurtest.fr/comparatif-pot-pour-garcon/;Puériculture et parentalité
Les meilleures veilleuses bébé à projection plafond;https://meilleurtest.fr/comparatif-veilleuse-bebe-a-projection-plafond/;Puériculture et parentalité
Les meilleurs laits infantiles 2ème âge;https://meilleurtest.fr/comparatif-lait-infantile-2eme-age/;Puériculture et parentalité
Les meilleurs chariots de marche bébé;https://meilleurtest.fr/comparatif-chariot-de-marche-bebe/;Puériculture et parentalité
Les meilleurs pots de conservation bébé;https://meilleurtest.fr/comparatif-pot-de-conservation-bebe/;Puériculture et parentalité
Les meilleurs oreillers pour bébé de 2 ans;https://meilleurtest.fr/comparatif-oreiller-pour-bebe-de-2-ans/;Puériculture et parentalité
Les meilleurs marche pieds bébé;https://meilleurtest.fr/comparatif-marche-pied-bebe/;Puériculture et parentalité
Les meilleures layettes bébé;https://meilleurtest.fr/comparatif-layette-bebe/;Puériculture et parentalité
Les meilleurs jouets bébé dès 6 mois;https://meilleurtest.fr/comparatif-jouet-bebe-des-6-mois/;Puériculture et parentalité
Les meilleurs jouets d'éveil bébé;https://meilleurtest.fr/comparatif-jouet-eveil-bebe/;Puériculture et parentalité
Les meilleures grignoteuses bébé;https://meilleurtest.fr/comparatif-grignoteuse-bebe/;Puériculture et parentalité
Les meilleures caméras pour bébé;https://meilleurtest.fr/comparatif-camera-pour-bebe/;Puériculture et parentalité
Les meilleurs laits infantiles de relais d'allaitement;https://meilleurtest.fr/comparatif-lait-infantile-de-relais-d-allaitement/;Puériculture et parentalité
Les meilleurs ordinateurs éducatifs pour enfant de 3 ans;https://meilleurtest.fr/comparatif-ordinateur-educatif-pour-enfant-de-3-ans/;Puériculture et parentalité
Les meilleurs laits anti-reflux;https://meilleurtest.fr/comparatif-lait-anti-reflux/;Puériculture et parentalité
Les meilleurs laits infantiles premier âge;https://meilleurtest.fr/comparatif-lait-infantile-premier-age/;Puériculture et parentalité
Les meilleures poussettes Cybex;https://meilleurtest.fr/comparatif-poussette-cybex/;Puériculture et parentalité
Les meilleures poussettes tout terrain 3-en-1;https://meilleurtest.fr/comparatif-poussette-tout-terrain-3-en-1/;Puériculture et parentalité
Les meilleures cuillères bébé;https://meilleurtest.fr/comparatif-cuillere-bebe/;Puériculture et parentalité
Les meilleurs cotons pour bébés;https://meilleurtest.fr/comparatif-coton-pour-bebe/;Puériculture et parentalité
Les meilleurs coffrets repas bébé;https://meilleurtest.fr/comparatif-coffret-repas-bebe/;Puériculture et parentalité
Les meilleures chaises hautes en bois;https://meilleurtest.fr/comparatif-chaise-haute-en-bois/;Puériculture et parentalité
Les meilleurs cale-bébés anti tête plate;https://meilleurtest.fr/comparatif-cale-bebe-anti-tete-plate/;Puériculture et parentalité
Les meilleures boîtes doseuses de lait;https://meilleurtest.fr/comparatif-boite-doseuse-de-lait/;Puériculture et parentalité
Les meilleures boîtes à musique bébé;https://meilleurtest.fr/comparatif-boite-a-musique-bebe/;Puériculture et parentalité
Les meilleurs biberons naissance;https://meilleurtest.fr/comparatif-biberons-naissance/;Puériculture et parentalité
Les meilleurs bavoirs bébés;https://meilleurtest.fr/comparatif-bavoir-bebe/;Puériculture et parentalité
Les meilleures bascules bébé;https://meilleurtest.fr/comparatif-bascule-bebe/;Puériculture et parentalité
Les meilleures balancelles bébé électriques;https://meilleurtest.fr/comparatif-balancelle-bebe-electrique/;Puériculture et parentalité
Les meilleures assiettes bébé à ventouse;https://meilleurtest.fr/comparatif-assiette-bebe-a-ventouse/;Puériculture et parentalité
Les meilleures attache-tétines;https://meilleurtest.fr/comparatif-attache-tetine/;Puériculture et parentalité
Les meilleurs tapis de parc bébé;https://meilleurtest.fr/comparatif-tapis-de-parc-bebe/;Puériculture et parentalité
Les meilleures voitures électriques pour enfant;https://meilleurtest.fr/comparatif-voiture-electriquepour-enfant/;Puériculture et parentalité
Les meilleures voitures électriques 2 places pour enfant;https://meilleurtest.fr/comparatif-voiture-electrique-2-places-pour-enfant/;Puériculture et parentalité
Les meilleurs anneaux de dentition bio;https://meilleurtest.fr/comparatif-anneau-de-dentition-bio/;Puériculture et parentalité
Les meilleurs chats interactifs;https://meilleurtest.fr/comparatif-chat-interactif/;Puériculture et parentalité
Les meilleurs porte-bébés physiologiques;https://meilleurtest.fr/comparatif-porte-bebe-physiologique/;Puériculture et parentalité
Les meilleurs poupons interactifs;https://meilleurtest.fr/comparatif-poupon-interactif/;Puériculture et parentalité
Les meilleurs pistolets Nerf à eau;https://meilleurtest.fr/comparatif-pistolet-nerf-a-eau/;Puériculture et parentalité
Les meilleurs babyphones Babymoov;https://meilleurtest.fr/comparatif-babyphone-babymoov/;Puériculture et parentalité
Les meilleures poussettes Lorelli;https://meilleurtest.fr/comparatif-poussette-lorelli/;Puériculture et parentalité
Les meilleures poussettes Stokke;https://meilleurtest.fr/comparatif-poussette-stokke/;Puériculture et parentalité
Les meilleurs sacs à langer Béaba;https://meilleurtest.fr/comparatif-sac-a-langer-beaba/;Puériculture et parentalité
Les meilleures balancelles Babymoov;https://meilleurtest.fr/comparatif-balancelle-babymoov/;Puériculture et parentalité
Les meilleures poussettes Kinderkraft;https://meilleurtest.fr/comparatif-poussette-kinderkraft/;Puériculture et parentalité
Les meilleurs porteurs bébé;https://meilleurtest.fr/comparatif-porteur-bebe/;Puériculture et parentalité
Les meilleurs laits en poudre pour adulte;https://meilleurtest.fr/comparatif-lait-poudre-pour-adulte/;Puériculture et parentalité
Les meilleures chaises haute évolutive;https://meilleurtest.fr/comparatif-chaise-haute-evolutive/;Puériculture et parentalité
Les meilleurs laits anti-coliques;https://meilleurtest.fr/comparatif-lait-anti-colique/;Puériculture et parentalité
Les meilleurs laits démaquillants pour peau mature;https://meilleurtest.fr/comparatif-lait-demaquillant-pour-peau-mature/;Puériculture et parentalité
Les meilleures piscines à balles pour bébé;https://meilleurtest.fr/comparatif-piscine-a-balles-pour-bebe/;Puériculture et parentalité
Les meilleurs babyphones longue portée;https://meilleurtest.fr/comparatif-babyphone-longue-portee/;Puériculture et parentalité
Les meilleurs petits pots bébé;https://meilleurtest.fr/comparatif-petits-pots-bebe/;Puériculture et parentalité
Les meilleurs miroirs voiture bébé;https://meilleurtest.fr/comparatif-miroir-voiture-bebe/;Puériculture et parentalité
Les meilleures turbulettes;https://meilleurtest.fr/comparatif-turbulette/;Puériculture et parentalité
Les meilleurs stérilisateurs de biberon;https://meilleurtest.fr/comparatif-sterilisateur-de-biberon/;Puériculture et parentalité
Les meilleurs chauffe-biberons de voyage;https://meilleurtest.fr/comparatif-chauffe-biberon-de-voyage/;Puériculture et parentalité
Les meilleurs tours de lit tressés;https://meilleurtest.fr/comparatif-tour-de-lit-tresse/;Puériculture et parentalité
Les meilleurs casques bébé anti-chute;https://meilleurtest.fr/comparatif-casque-bebe-anti-chute/;Puériculture et parentalité
Les meilleures capes de bain bébé;https://meilleurtest.fr/comparatif-cape-de-bain-bebe/;Puériculture et parentalité
Les meilleurs portiques en bois avec toboggan;https://meilleurtest.fr/comparatif-portique-bois-avec-toboggan/;Puériculture et parentalité
Les meilleures bouées bébé;https://meilleurtest.fr/comparatif-bouee-bebe/;Puériculture et parentalité
Les meilleures couches en abonnement;https://meilleurtest.fr/comparatif-couches-abonnement/;Puériculture et parentalité
Les meilleurs langes bébé;https://meilleurtest.fr/comparatif-lange-bebe/;Puériculture et parentalité
Les meilleures couches pour nouveau-né;https://meilleurtest.fr/comparatif-couche-pour-nouveau-ne/;Puériculture et parentalité
Les meilleurs châteaux gonflables;https://meilleurtest.fr/comparatif-chateau-gonflable/;Puériculture et parentalité
Les meilleurs réducteurs de lit;https://meilleurtest.fr/comparatif-reducteur-de-lit/;Puériculture et parentalité
Les meilleurs tapis de jeu pour bébé;https://meilleurtest.fr/comparatif-tapis-de-jeu-pour-bebe/;Puériculture et parentalité
Les meilleures poussettes tout terrain;https://meilleurtest.fr/comparatif-poussette-tout-terrain/;Puériculture et parentalité
Les meilleures couches de nuit;https://meilleurtest.fr/comparatif-couche-de-nuit/;Puériculture et parentalité
Les meilleurs tours de lit bébé;https://meilleurtest.fr/comparatif-tour-de-lit-bebe/;Puériculture et parentalité
Les meilleurs tire-lait manuels;https://meilleurtest.fr/comparatif-tire-lait-manuel/;Puériculture et parentalité
Les meilleures tétines bébé;https://meilleurtest.fr/comparatif-tetine-bebe/;Puériculture et parentalité
Les meilleurs sièges auto poussettes;https://meilleurtest.fr/comparatif-siege-auto-poussette/;Puériculture et parentalité
Les meilleurs laits en poudre pour bébé bio;https://meilleurtest.fr/comparatif-lait-poudre-pour-bebe-bio/;Puériculture et parentalité
Les meilleurs coussinets d'allaitement;https://meilleurtest.fr/comparatif-coussinets-d-allaitement/;Puériculture et parentalité
Les meilleures poussettes running;https://meilleurtest.fr/comparatif-poussette-running/;Puériculture et parentalité
Les meilleures poussettes cannes;https://meilleurtest.fr/comparatif-poussette-canne/;Puériculture et parentalité
Les meilleurs petits pots bio pour bébé;https://meilleurtest.fr/comparatif-petit-pot-bio-pour-bebe/;Puériculture et parentalité
Les meilleures poussettes de voyage;https://meilleurtest.fr/comparatif-poussette-de-voyage/;Puériculture et parentalité
Les meilleurs biberons pour bébés nourris au sein;https://meilleurtest.fr/comparatif-biberon-pour-bebe-nourri-au-sein/;Puériculture et parentalité
Les meilleures gigoteuses;https://meilleurtest.fr/comparatif-gigoteuse/;Puériculture et parentalité
Les meilleurs nids d'ange;https://meilleurtest.fr/comparatif-nid-dange/;Puériculture et parentalité
Les meilleurs laits en poudre pour bébé;https://meilleurtest.fr/comparatif-lait-poudre-pour-bebe/;Puériculture et parentalité
Les meilleures chancelières bébé;https://meilleurtest.fr/comparatif-chanceliere-bebe/;Puériculture et parentalité
Les meilleurs sièges auto évolutifs;https://meilleurtest.fr/comparatif-siege-auto-evolutif/;Puériculture et parentalité
Les meilleures crèmes contre l'érythème fessier;https://meilleurtest.fr/comparatif-creme-contre-l-erytheme-fessier/;Puériculture et parentalité
Les meilleurs biberons en verre;https://meilleurtest.fr/comparatif-biberon-verre/;Puériculture et parentalité
Les meilleures tasses à paille pour bébé;https://meilleurtest.fr/comparatif-tasse-a-paille-pour-bebe/;Puériculture et parentalité
Les meilleurs laits corporels;https://meilleurtest.fr/comparatif-lait-corporel/;Puériculture et parentalité
Les meilleures tables à langer murales;https://meilleurtest.fr/comparatif-table-a-langer-murale/;Puériculture et parentalité
Les meilleurs laits hydratants pour le corps;https://meilleurtest.fr/comparatif-lait-hydratant-pour-corps/;Puériculture et parentalité
Les meilleurs ventriglisses;https://meilleurtest.fr/comparatif-ventriglisse/;Puériculture et parentalité
Les meilleurs sièges de table bébé;https://meilleurtest.fr/comparatif-siege-de-table-bebe/;Puériculture et parentalité
Les meilleures poussettes trio 3 roues;https://meilleurtest.fr/comparatif-poussette-trio-3-roues/;Puériculture et parentalité
Les meilleurs sièges auto groupe 1;https://meilleurtest.fr/comparatif-siege-auto-groupe-1/;Puériculture et parentalité
Les meilleures voitures télécommandées pour bébé;https://meilleurtest.fr/comparatif-voiture-telecommandee-pour-bebe/;Puériculture et parentalité
Les meilleurs transats de bain pour bébé;https://meilleurtest.fr/comparatif-transat-de-bain-pour-bebe/;Puériculture et parentalité
Les meilleurs pare-soleils pour poussette;https://meilleurtest.fr/comparatif-pare-soleil-pour-poussette/;Puériculture et parentalité
Les meilleures peluches bruit blanc;https://meilleurtest.fr/comparatif-peluche-bruit-blanc/;Puériculture et parentalité
Les meilleurs tapis en mousse pour bébé;https://meilleurtest.fr/comparatif-tapis-mousse-pour-bebe/;Puériculture et parentalité
Les meilleurs circuits de voitures électriques;https://meilleurtest.fr/comparatif-circuit-de-voitures-electriques/;Puériculture et parentalité
Les meilleures vaginettes;https://meilleurtest.fr/comparatif-vaginette/;Puériculture et parentalité
Les meilleures eaux minérales pour bébé;https://meilleurtest.fr/comparatif-eau-minerale-pour-bebe/;Puériculture et parentalité
Les meilleurs lait de corps pour bébé;https://meilleurtest.fr/comparatif-lait-de-corps-pour-bebe/;Puériculture et parentalité
Les meilleurs portiques bébé;https://meilleurtest.fr/comparatif-portique-bebe/;Puériculture et parentalité
Les meilleurs vélos bébé;https://meilleurtest.fr/comparatif-velo-bebe/;Puériculture et parentalité
Les meilleurs liniments;https://meilleurtest.fr/comparatif-liniment/;Puériculture et parentalité
Les meilleures chambres bébé complètes;https://meilleurtest.fr/comparatif-chambre-bebe-complete/;Puériculture et parentalité
Les meilleurs ciels de lit bébés;https://meilleurtest.fr/comparatif-ciel-de-lit-bebe/;Puériculture et parentalité
Les meilleurs poupons;https://meilleurtest.fr/comparatif-poupon/;Puériculture et parentalité
Les meilleurs jouets robots;https://meilleurtest.fr/comparatif-jouet-robot/;Puériculture et parentalité
Les meilleurs babycook;https://meilleurtest.fr/comparatif-babycook/;Puériculture et parentalité
Les meilleures poupées L.O.L.;https://meilleurtest.fr/comparatif-poupee-l-o-l/;Puériculture et parentalité
Les meilleures trousses de soin bébé;https://meilleurtest.fr/comparatif-trousse-de-soin-bebe/;Puériculture et parentalité
Les meilleurs chiens interactifs;https://meilleurtest.fr/comparatif-chien-interactif/;Puériculture et parentalité
Les meilleurs tire-laits électriques;https://meilleurtest.fr/comparatif-tire-lait-electrique/;Puériculture et parentalité
Les meilleurs couffins bébé;https://meilleurtest.fr/comparatif-couffin-bebe/;Puériculture et parentalité
Les meilleurs pistolets Nerf;https://meilleurtest.fr/comparatif-pistolet-nerf/;Puériculture et parentalité
Les meilleures tables et chaises pour enfant;https://meilleurtest.fr/comparatif-table-et-chaise-pour-enfant/;Puériculture et parentalité
Les meilleures veilleuses à projection d'étoiles;https://meilleurtest.fr/comparatif-veilleuse-projecteur-d-etoile/;Puériculture et parentalité
Les meilleurs rehausseurs de chaises;https://meilleurtest.fr/comparatif-rehausseur-de-chaise/;Puériculture et parentalité
Les meilleurs tapis d'éveil bébé;https://meilleurtest.fr/comparatif-tapis-d-eveil/;Puériculture et parentalité
Les meilleurs biberons anti-coliques;https://meilleurtest.fr/comparatif-biberon-anti-colique/;Puériculture et parentalité
Les meilleurs trotteurs;https://meilleurtest.fr/comparatif-trotteur-bebe/;Puériculture et parentalité
Les meilleurs transats bébé;https://meilleurtest.fr/comparatif-transat-bebe/;Puériculture et parentalité
Les meilleurs chauffe-biberons;https://meilleurtest.fr/comparatif-chauffe-biberon/;Puériculture et parentalité
Les meilleurs sacs à langer;https://meilleurtest.fr/comparatif-sac-a-langer/;Puériculture et parentalité
Les meilleures balancelles bébé;https://meilleurtest.fr/comparatif-balancelle-bebe/;Puériculture et parentalité
Les meilleurs casques anti-bruit pour bébé;https://meilleurtest.fr/comparatif-casque-antibruit-pour-bebe/;Puériculture et parentalité
Les meilleures tables d'activités pour bébé;https://meilleurtest.fr/comparatif-table-d-activite-bebe/;Puériculture et parentalité
Les meilleures poussettes;https://meilleurtest.fr/comparatif-poussette/;Puériculture et parentalité
Les meilleures maisons de poupée;https://meilleurtest.fr/comparatif-maison-de-poupee/;Puériculture et parentalité
Les meilleurs mobiles pour bébé;https://meilleurtest.fr/comparatif-mobile-bebe/;Puériculture et parentalité
Les meilleures écharpes de portage Meï-Taï;https://meilleurtest.fr/comparatif-echarpe-de-portage-mei-tai/;Puériculture et parentalité
Les meilleurs réducteurs de toilettes pour enfant;https://meilleurtest.fr/comparatif-reducteur-de-toilette-pour-enfant/;Puériculture et parentalité
Les meilleures veilleuses musicales pour bébés;https://meilleurtest.fr/comparatif-veilleuse-musicale-bebe/;Puériculture et parentalité
Les meilleures voitures télécommandées;https://meilleurtest.fr/comparatif-voiture-telecommandee/;Puériculture et parentalité
Les meilleures tours d'observation Montessori;https://meilleurtest.fr/comparatif-tour-d-observation-montessori/;Puériculture et parentalité
Les meilleurs anneaux de dentition;https://meilleurtest.fr/comparatif-anneau-de-dentition/;Puériculture et parentalité
Les meilleurs pots de chambre bébé;https://meilleurtest.fr/comparatif-pot-de-chambre-bebe/;Puériculture et parentalité
Les meilleures poussettes cannes compactes;https://meilleurtest.fr/comparatif-poussette-canne-compacte/;Puériculture et parentalité
Les meilleurs babyphones;https://meilleurtest.fr/comparatif-babyphone/;Puériculture et parentalité
Les meilleurs mouche-bébés;https://meilleurtest.fr/comparatif-mouche-bebe/;Puériculture et parentalité
Les meilleurs sièges sauteurs bébé;https://meilleurtest.fr/comparatif-siege-sauteur-bebe/;Puériculture et parentalité
Les meilleurs parcs bébés;https://meilleurtest.fr/comparatif-parc-bebe/;Puériculture et parentalité
Les meilleurs laits infantiles pour bébé;https://meilleurtest.fr/comparatif-lait-infantile-bebe/;Puériculture et parentalité
Les meilleures écharpes de portage bébé;https://meilleurtest.fr/comparatif-echarpe-de-portage-pour-bebe/;Puériculture et parentalité
Les meilleurs tire-laits;https://meilleurtest.fr/comparatif-tire-lait/;Puériculture et parentalité
Les meilleures poussettes trio;https://meilleurtest.fr/comparatif-poussette-trio/;Puériculture et parentalité
Les meilleurs mouche-bébés électriques;https://meilleurtest.fr/comparatif-mouche-bebe-electrique/;Puériculture et parentalité
Les meilleures pâtes à modeler;https://meilleurtest.fr/comparatif-pate-a-modeler/;Puériculture et parentalité
Les meilleurs sièges auto naissance groupe 0;https://meilleurtest.fr/comparatif-siege-auto-naissance-groupe-0/;Puériculture et parentalité
Les meilleurs sièges auto groupes 2 3 inclinables;https://meilleurtest.fr/comparatif-siege-auto-groupe-2-3-inclinable/;Puériculture et parentalité
Les meilleurs sièges auto groupe 1 2 3;https://meilleurtest.fr/comparatif-siege-auto-groupe-1-2-3/;Puériculture et parentalité
Les meilleures tasses d'apprentissage pour bébé;https://meilleurtest.fr/comparatif-tasse-d-apprentissage-bebe/;Puériculture et parentalité
Les meilleurs laits de croissance;https://meilleurtest.fr/comparatif-lait-de-croissance/;Puériculture et parentalité
Les meilleures poussettes doubles;https://meilleurtest.fr/comparatif-poussette-double/;Puériculture et parentalité
Les meilleurs porte-bébés vélo;https://meilleurtest.fr/comparatif-porte-bebe-velo/;Puériculture et parentalité
Les meilleurs sièges auto pivotants;https://meilleurtest.fr/comparatif-siege-auto-pivotant/;Puériculture et parentalité
Les meilleurs porte-bébés;https://meilleurtest.fr/comparatif-porte-bebe/;Puériculture et parentalité
Les meilleures veilleuses bébé;https://meilleurtest.fr/comparatif-veilleuse-pour-bebe/;Puériculture et parentalité
Les meilleures trousses de soin bébé;https://meilleurtest.fr/comparatif-trousse-de-soin-bebe/;Puériculture et parentalité
Les meilleurs chiens interactifs;https://meilleurtest.fr/comparatif-chien-interactif/;Puériculture et parentalité
Les meilleurs tire-laits électriques;https://meilleurtest.fr/comparatif-tire-lait-electrique/;Puériculture et parentalité
Les meilleurs couffins bébé;https://meilleurtest.fr/comparatif-couffin-bebe/;Puériculture et parentalité
Les meilleurs pistolets Nerf;https://meilleurtest.fr/comparatif-pistolet-nerf/;Puériculture et parentalité
Les meilleures tables et chaises pour enfant;https://meilleurtest.fr/comparatif-table-et-chaise-pour-enfant/;Puériculture et parentalité
Les meilleures veilleuses à projection d'étoiles;https://meilleurtest.fr/comparatif-veilleuse-projecteur-d-etoile/;Puériculture et parentalité
Les meilleurs rehausseurs de chaises;https://meilleurtest.fr/comparatif-rehausseur-de-chaise/;Puériculture et parentalité
Les meilleurs tapis d'éveil bébé;https://meilleurtest.fr/comparatif-tapis-d-eveil/;Puériculture et parentalité
Les meilleurs biberons anti-coliques;https://meilleurtest.fr/comparatif-biberon-anti-colique/;Puériculture et parentalité
Les meilleurs trotteurs;https://meilleurtest.fr/comparatif-trotteur-bebe/;Puériculture et parentalité
Les meilleurs transats bébé;https://meilleurtest.fr/comparatif-transat-bebe/;Puériculture et parentalité
Les meilleurs chauffe-biberons;https://meilleurtest.fr/comparatif-chauffe-biberon/;Puériculture et parentalité
Les meilleurs sacs à langer;https://meilleurtest.fr/comparatif-sac-a-langer/;Puériculture et parentalité
Les meilleures balancelles bébé;https://meilleurtest.fr/comparatif-balancelle-bebe/;Puériculture et parentalité
Les meilleurs casques anti-bruit pour bébé;https://meilleurtest.fr/comparatif-casque-antibruit-pour-bebe/;Puériculture et parentalité
Les meilleures tables d'activités pour bébé;https://meilleurtest.fr/comparatif-table-d-activite-bebe/;Puériculture et parentalité
Les meilleures poussettes;https://meilleurtest.fr/comparatif-poussette/;Puériculture et parentalité
Les meilleures maisons de poupée;https://meilleurtest.fr/comparatif-maison-de-poupee/;Puériculture et parentalité
Les meilleurs mobiles pour bébé;https://meilleurtest.fr/comparatif-mobile-bebe/;Puériculture et parentalité
Les meilleures écharpes de portage Meï-Taï;https://meilleurtest.fr/comparatif-echarpe-de-portage-mei-tai/;Puériculture et parentalité
Les meilleurs réducteurs de toilettes pour enfant;https://meilleurtest.fr/comparatif-reducteur-de-toilette-pour-enfant/;Puériculture et parentalité
Les meilleures veilleuses musicales pour bébés;https://meilleurtest.fr/comparatif-veilleuse-musicale-bebe/;Puériculture et parentalité
Les meilleures voitures télécommandées;https://meilleurtest.fr/comparatif-voiture-telecommandee/;Puériculture et parentalité
Les meilleures tours d'observation Montessori;https://meilleurtest.fr/comparatif-tour-d-observation-montessori/;Puériculture et parentalité
Les meilleurs anneaux de dentition;https://meilleurtest.fr/comparatif-anneau-de-dentition/;Puériculture et parentalité
Les meilleurs pots de chambre bébé;https://meilleurtest.fr/comparatif-pot-de-chambre-bebe/;Puériculture et parentalité
Les meilleures poussettes cannes compactes;https://meilleurtest.fr/comparatif-poussette-canne-compacte/;Puériculture et parentalité
Les meilleurs babyphones;https://meilleurtest.fr/comparatif-babyphone/;Puériculture et parentalité
Les meilleurs mouche-bébés;https://meilleurtest.fr/comparatif-mouche-bebe/;Puériculture et parentalité
Les meilleurs sièges sauteurs bébé;https://meilleurtest.fr/comparatif-siege-sauteur-bebe/;Puériculture et parentalité
Les meilleurs parcs bébés;https://meilleurtest.fr/comparatif-parc-bebe/;Puériculture et parentalité
Les meilleurs laits infantiles pour bébé;https://meilleurtest.fr/comparatif-lait-infantile-bebe/;Puériculture et parentalité
Les meilleures écharpes de portage bébé;https://meilleurtest.fr/comparatif-echarpe-de-portage-pour-bebe/;Puériculture et parentalité
Les meilleurs tire-laits;https://meilleurtest.fr/comparatif-tire-lait/;Puériculture et parentalité
Les meilleures poussettes trio;https://meilleurtest.fr/comparatif-poussette-trio/;Puériculture et parentalité
Les meilleurs mouche-bébés électriques;https://meilleurtest.fr/comparatif-mouche-bebe-electrique/;Puériculture et parentalité
Les meilleures pâtes à modeler;https://meilleurtest.fr/comparatif-pate-a-modeler/;Puériculture et parentalité
Les meilleurs sièges auto naissance groupe 0;https://meilleurtest.fr/comparatif-siege-auto-naissance-groupe-0/;Puériculture et parentalité
Les meilleurs sièges auto groupes 2 3 inclinables;https://meilleurtest.fr/comparatif-siege-auto-groupe-2-3-inclinable/;Puériculture et parentalité
Les meilleurs sièges auto groupe 1 2 3;https://meilleurtest.fr/comparatif-siege-auto-groupe-1-2-3/;Puériculture et parentalité
Les meilleures tasses d'apprentissage pour bébé;https://meilleurtest.fr/comparatif-tasse-d-apprentissage-bebe/;Puériculture et parentalité
Les meilleurs laits de croissance;https://meilleurtest.fr/comparatif-lait-de-croissance/;Puériculture et parentalité
Les meilleures poussettes doubles;https://meilleurtest.fr/comparatif-poussette-double/;Puériculture et parentalité
Les meilleurs porte-bébés vélo;https://meilleurtest.fr/comparatif-porte-bebe-velo/;Puériculture et parentalité
Les meilleurs sièges auto pivotants;https://meilleurtest.fr/comparatif-siege-auto-pivotant/;Puériculture et parentalité
Les meilleurs porte-bébés;https://meilleurtest.fr/comparatif-porte-bebe/;Puériculture et parentalité
Les meilleures veilleuses bébé;https://meilleurtest.fr/comparatif-veilleuse-pour-bebe/;Puériculture et parentalité
Les meilleurs anti-calcaires magnétiques;https://meilleurtest.fr/comparatif-anti-calcaire-magnetique/;Purification air et eau
Les meilleurs purificateurs d'air voitures;https://meilleurtest.fr/comparatif-purificateur-dair-voiture/;Purification air et eau
Les meilleurs filtres à eau pour la randonnée;https://meilleurtest.fr/comparatif-filtre-a-eau-pour-la-randonnee/;Purification air et eau
Les meilleurs groupes hydrophores;https://meilleurtest.fr/comparatif-groupe-hydrophore/;Purification air et eau
Les meilleurs purificateurs d'air Dyson;https://meilleurtest.fr/comparatif-purificateur-d-air-dyson/;Purification air et eau
Les meilleures fontaines à eau filtrante;https://meilleurtest.fr/comparatif-fontaine-a-eau-filtrante/;Purification air et eau
Les meilleurs filtres anti-calcaire;https://meilleurtest.fr/comparatif-filtre-anti-calcaire/;Purification air et eau
Les meilleurs purificateurs d'air pour les allergies;https://meilleurtest.fr/comparatif-purificateur-dair-pour-allergies/;Purification air et eau
Les meilleurs purificateurs d'air pour poils d'animaux;https://meilleurtest.fr/comparatif-purificateur-dair-pour-poils-danimaux/;Purification air et eau
Les meilleurs déshumidificateurs de sous-sol;https://meilleurtest.fr/comparatif-deshumidificateur-de-sous-sol/;Purification air et eau
Les meilleurs osmoseurs pour aquarium;https://meilleurtest.fr/comparatif-osmoseur-pour-aquarium/;Purification air et eau
Les meilleurs déshumidificateurs de salle de bain;https://meilleurtest.fr/comparatif-deshumidificateur-de-salle-de-bain/;Purification air et eau
Les meilleurs groupes filtrants;https://meilleurtest.fr/comparatif-groupe-filtrant/;Purification air et eau
Les meilleurs déshumidificateurs de cave;https://meilleurtest.fr/comparatif-deshumidificateur-de-cave/;Purification air et eau
Les meilleurs anti-calcaire;https://meilleurtest.fr/comparatif-anti-calcaire/;Purification air et eau
Les meilleurs absorbeurs d'humidité;https://meilleurtest.fr/comparatif-absorbeur-d-humidite/;Purification air et eau
Les meilleures carafes filtrantes;https://meilleurtest.fr/comparatif-carafe-filtrante/;Purification air et eau
Les meilleurs humidificateurs d'air;https://meilleurtest.fr/comparatif-humidificateur-d-air/;Purification air et eau
Les meilleurs filtres à eau;https://meilleurtest.fr/comparatif-filtre-a-eau/;Purification air et eau
Les meilleurs humidificateurs d'air pour bébé;https://meilleurtest.fr/comparatif-humidificateur-d-air-bebe/;Purification air et eau
Les meilleurs adoucisseurs d'eau;https://meilleurtest.fr/comparatif-adoucisseur-deau/;Purification air et eau
Les meilleurs filtres à douche;https://meilleurtest.fr/comparatif-filtre-a-douche/;Purification air et eau
Les meilleures carafes filtrantes;https://meilleurtest.fr/comparatif-carafe-filtrante/;Purification air et eau
Les meilleurs humidificateurs d'air;https://meilleurtest.fr/comparatif-humidificateur-d-air/;Purification air et eau
Les meilleurs filtres à eau;https://meilleurtest.fr/comparatif-filtre-a-eau/;Purification air et eau
Les meilleurs humidificateurs d'air pour bébé;https://meilleurtest.fr/comparatif-humidificateur-d-air-bebe/;Purification air et eau
Les meilleurs adoucisseurs d'eau;https://meilleurtest.fr/comparatif-adoucisseur-deau/;Purification air et eau
Les meilleurs filtres à douche;https://meilleurtest.fr/comparatif-filtre-a-douche/;Purification air et eau
Les meilleurs cartables pour le collège;https://meilleurtest.fr/comparatif-cartable-pour-college/;Rentrée des classes
Les meilleurs stylos effaçables;https://meilleurtest.fr/comparatif-stylo-effacable/;Rentrée des classes
Les meilleurs taille-crayons;https://meilleurtest.fr/comparatif-taille-crayon/;Rentrée des classes
Les meilleurs cartables de CP;https://meilleurtest.fr/comparatif-cartable-cp/;Rentrée des classes
Les meilleurs cahiers de vacances;https://meilleurtest.fr/comparatif-cahier-de-vacances/;Rentrée des classes
Les meilleurs cartables de CP;https://meilleurtest.fr/comparatif-cartable-cp/;Rentrée des classes
Les meilleurs cahiers de vacances;https://meilleurtest.fr/comparatif-cahier-de-vacances/;Rentrée des classes
Les meilleures vestes de trail;https://meilleurtest.fr/comparatif-veste-de-trail/;Running
Les meilleures chaussures de running pas chères;https://meilleurtest.fr/comparatif-chaussure-de-running-pas-cheres/;Running
Les meilleures chaussures de running à plaque carbone;https://meilleurtest.fr/comparatif-chaussures-de-running-a-plaque-carbone/;Running
Les meilleures chaussures de running route et chemin;https://meilleurtest.fr/comparatif-chaussures-de-running-route-et-chemin/;Running
Les meilleures chaussures de marathon;https://meilleurtest.fr/comparatif-chaussures-de-marathon/;Running
Les meilleures chaussettes anti-ampoules;https://meilleurtest.fr/comparatif-chaussettes-anti-ampoules/;Running
Les meilleurs tapis de course pliables;https://meilleurtest.fr/comparatif-tapis-de-course-pliable/;Running
Les meilleures chaussures de marche nordique pour femme;https://meilleurtest.fr/comparatif-chaussures-de-marche-nordique-pour-femme/;Running
Les meilleures chaussures de marche active;https://meilleurtest.fr/comparatif-chaussures-de-marche-active/;Running
Les meilleures chaussures pour le tendon d'Achille;https://meilleurtest.fr/comparatif-chaussures-pour-le-tendon-d-achille/;Running
Les meilleures chaussures de trail pour homme;https://meilleurtest.fr/comparatif-chaussures-de-trail-pour-homme/;Running
Les meilleures chaussettes de running;https://meilleurtest.fr/comparatif-chaussettes-de-running/;Running
Les meilleures chaussures de running Nike;https://meilleurtest.fr/comparatif-chaussures-de-running-nike/;Running
Les meilleures ceintures de running;https://meilleurtest.fr/comparatif-ceinture-de-running/;Running
Les meilleures casquettes running;https://meilleurtest.fr/comparatif-casquette-running/;Running
Les meilleurs casques running;https://meilleurtest.fr/comparatif-casque-running/;Running
Les meilleures vestes running pour homme;https://meilleurtest.fr/comparatif-veste-running-pour-homme/;Running
Les meilleurs vêtements de running;https://meilleurtest.fr/comparatif-vetement-de-running/;Running
Les meilleures ceintures d'hydratation;https://meilleurtest.fr/comparatif-ceinture-dhydratation/;Running
Les meilleures chaussures de marche nordique;https://meilleurtest.fr/comparatif-chaussures-de-marche-nordique/;Running
Les meilleurs coupe-vents running;https://meilleurtest.fr/comparatif-coupe-vent-running/;Running
Les meilleures applis pour courir;https://meilleurtest.fr/comparatif-appli-pour-courir/;Running
Les meilleures chaussettes de course;https://meilleurtest.fr/comparatif-chaussette-de-course/;Running
Les meilleures chaussures de trail;https://meilleurtest.fr/comparatif-chaussure-de-trail/;Running
Les meilleures chaussures de running;https://meilleurtest.fr/comparatif-chaussure-de-running/;Running
Les meilleurs tapis de marche électriques;https://meilleurtest.fr/comparatif-tapis-de-marche-electrique/;Running
Les meilleurs tapis de marche;https://meilleurtest.fr/comparatif-tapis-de-marche/;Running
Les meilleurs gants pour courir en hiver;https://meilleurtest.fr/comparatif-gant-pour-courir-hiver/;Running
Les meilleurs tapis de course;https://meilleurtest.fr/comparatif-tapis-de-course/;Running
Les meilleurs tapis de marche;https://meilleurtest.fr/comparatif-tapis-de-marche/;Running
Les meilleurs gants pour courir en hiver;https://meilleurtest.fr/comparatif-gant-pour-courir-hiver/;Running
Les meilleurs tapis de course;https://meilleurtest.fr/comparatif-tapis-de-course/;Running
Les meilleurs porte-cartes;https://meilleurtest.fr/comparatif-porte-cartes/;Sacs et maroquinerie
Les meilleurs sacs à dos pour chat;https://meilleurtest.fr/comparatif-sac-a-dos-pour-chat/;Sacs et maroquinerie
Les meilleurs sacs de randonnée 70L;https://meilleurtest.fr/comparatif-sac-de-randonnee-70l/;Sacs et maroquinerie
Les meilleurs sacs de randonnée 50L;https://meilleurtest.fr/comparatif-sac-de-randonnee-50l/;Sacs et maroquinerie
Les meilleurs sacs à dos de randonnée journée;https://meilleurtest.fr/comparatif-sac-a-dos-de-randonnee-journee/;Sacs et maroquinerie
Les meilleurs sacs à dos moto;https://meilleurtest.fr/comparatif-sac-a-dos-moto/;Sacs et maroquinerie
Les meilleurs sacs de randonnée 20L;https://meilleurtest.fr/comparatif-sac-a-dos-de-randonnee-20l/;Sacs et maroquinerie
Les meilleurs sacs à dos urbains pour homme;https://meilleurtest.fr/comparatif-sac-a-dos-urbain-pour-homme/;Sacs et maroquinerie
Les meilleurs sacs à dos sur Amazon;https://meilleurtest.fr/comparatif-sac-a-dos-amazon/;Sacs et maroquinerie
Les meilleurs sacs Eastpak;https://meilleurtest.fr/comparatif-sac-eastpak/;Sacs et maroquinerie
Les meilleurs sacs à dos connectés;https://meilleurtest.fr/comparatif-sac-a-dos-connecte/;Sacs et maroquinerie
Les meilleurs sacs seaux;https://meilleurtest.fr/comparatif-sac-seau/;Sacs et maroquinerie
Les meilleurs sacs à dos avec roulettes;https://meilleurtest.fr/comparatif-sac-a-dos-avec-roulettes/;Sacs et maroquinerie
Les meilleurs sacs de randonnée 30L;https://meilleurtest.fr/comparatif-sac-a-dos-de-randonnee-30l/;Sacs et maroquinerie
Les meilleurs sacs à dos isothermes;https://meilleurtest.fr/comparatif-sac-a-dos-isotherme/;Sacs et maroquinerie
Les meilleurs sacs de randonnée 40L;https://meilleurtest.fr/comparatif-sac-a-dos-de-randonnee-40l/;Sacs et maroquinerie
Les meilleurs sacs à dos antivol;https://meilleurtest.fr/comparatif-sac-a-dos-antivol/;Sacs et maroquinerie
Les meilleurs sacs à dos 20L;https://meilleurtest.fr/comparatif-sac-a-dos-20l/;Sacs et maroquinerie
Les meilleurs sacs à dos pour appareil photo;https://meilleurtest.fr/comparatif-sac-a-dos-pour-appareil-photo/;Sacs et maroquinerie
Les meilleurs sacs à dos pour enfant;https://meilleurtest.fr/comparatif-sac-a-dos-pour-enfant/;Sacs et maroquinerie
Les meilleurs porte-documents pour homme;https://meilleurtest.fr/comparatif-porte-documents-pour-homme/;Sacs et maroquinerie
Les meilleurs sacs à dos;https://meilleurtest.fr/comparatif-sac-a-dos/;Sacs et maroquinerie
Les meilleurs sacs à dos de voyage;https://meilleurtest.fr/comparatif-sac-a-dos-de-voyage/;Sacs et maroquinerie
Les meilleurs porte-cartes pour femmes;https://meilleurtest.fr/comparatif-porte-carte-pour-femme/;Sacs et maroquinerie
Les meilleurs portefeuilles pour femme;https://meilleurtest.fr/comparatif-portefeuille-pour-femme/;Sacs et maroquinerie
Les meilleurs sacs à dos à langer;https://meilleurtest.fr/comparatif-sac-a-dos-a-langer/;Sacs et maroquinerie
Les meilleurs sacs à dos pour adolescents;https://meilleurtest.fr/comparatif-sac-a-dos-adolescent/;Sacs et maroquinerie
Les meilleurs porte-cartes de visite;https://meilleurtest.fr/comparatif-porte-cartes-de-visite/;Sacs et maroquinerie
Les meilleures pochettes pour homme;https://meilleurtest.fr/comparatif-pochette-pour-homme/;Sacs et maroquinerie
Les meilleurs sacs à dos pour hommes;https://meilleurtest.fr/comparatif-sac-a-dos-homme/;Sacs et maroquinerie
Les meilleurs porte-cartes pour homme;https://meilleurtest.fr/comparatif-porte-cartes-pour-homme/;Sacs et maroquinerie
Les meilleurs portefeuilles pour femme;https://meilleurtest.fr/comparatif-portefeuille-pour-femme/;Sacs et maroquinerie
Les meilleurs sacs à dos à langer;https://meilleurtest.fr/comparatif-sac-a-dos-a-langer/;Sacs et maroquinerie
Les meilleurs sacs à dos pour adolescents;https://meilleurtest.fr/comparatif-sac-a-dos-adolescent/;Sacs et maroquinerie
Les meilleurs porte-cartes de visite;https://meilleurtest.fr/comparatif-porte-cartes-de-visite/;Sacs et maroquinerie
Les meilleures pochettes pour homme;https://meilleurtest.fr/comparatif-pochette-pour-homme/;Sacs et maroquinerie
Les meilleurs sacs à dos pour hommes;https://meilleurtest.fr/comparatif-sac-a-dos-homme/;Sacs et maroquinerie
Les meilleurs porte-cartes pour homme;https://meilleurtest.fr/comparatif-porte-cartes-pour-homme/;Sacs et maroquinerie
Les meilleures perles à repasser;https://meilleurtest.fr/comparatif-perles-a-repasser/;Scrapbooking
Les meilleures offres fibre + mobile;https://meilleurtest.fr/comparatif-offre-fibre-mobile/;Services divers
Les meilleures offres iPhone avec forfait;https://meilleurtest.fr/comparatif-offre-iphone-avec-forfait/;Services divers
Les meilleures offres box + 2 mobiles;https://meilleurtest.fr/comparatif-offre-box-2-mobiles/;Services divers
Les meilleures offres fibre sans TV;https://meilleurtest.fr/comparatif-offre-fibre-sans-tv/;Services divers
Les meilleurs sites de revente de billets;https://meilleurtest.fr/comparatif-site-de-revente-de-billets/;Services divers
Les meilleures offres fibre;https://meilleurtest.fr/comparatif-offre-fibre/;Services divers
Les meilleures offres fibre sans engagement;https://meilleurtest.fr/comparatif-offre-fibre-sans-engagement/;Services divers
Les meilleures offres box et mobile;https://meilleurtest.fr/comparatif-offre-box-et-mobile/;Services divers
Les meilleurs VTC électriques pour homme;https://meilleurtest.fr/comparatif-vtc-electrique-pour-homme/;Services divers
Les meilleurs VTC électriques pour femme;https://meilleurtest.fr/comparatif-vtc-electrique-pour-femme/;Services divers
Les meilleurs sites où payer sa TV en plusieurs fois;https://meilleurtest.fr/comparatif-site-ou-payer-sa-tv-en-plusieurs-fois/;Services divers
Les meilleurs VTC pour femme;https://meilleurtest.fr/comparatif-vtc-pour-femme/;Services divers
Les meilleures Freebox;https://meilleurtest.fr/comparatif-freebox/;Services divers
Les meilleures offres orange internet;https://meilleurtest.fr/comparatif-offre-orange-internet/;Services divers
Les meilleures applis de contrôle parental;https://meilleurtest.fr/comparatif-appli-de-controle-parental/;Services divers
Les meilleurs forfaits 5G;https://meilleurtest.fr/comparatif-forfait-5g/;Services divers
Les meilleurs site de location camion benne;https://meilleurtest.fr/comparatif-site-de-location-camion-benne/;Services divers
Les meilleures cartes de visite;https://meilleurtest.fr/comparatif-cartes-de-visite/;Services divers
Les meilleures applis de livraison de repas;https://meilleurtest.fr/comparatif-appli-de-livraison-de-repas/;Services divers
Les meilleures caisses enregistreuses pour enfant;https://meilleurtest.fr/comparatif-caisse-enregistreuse-pour-enfant/;Services divers
Les meilleures offres fibre pro;https://meilleurtest.fr/comparatif-offre-fibre-pro/;Services divers
Les meilleurs télépéages chèques vacances;https://meilleurtest.fr/comparatif-badge-de-telepeage-payable-cheques-vacances/;Services divers
Les meilleurs déménageurs;https://meilleurtest.fr/comparatif-demenageur/;Services divers
Les meilleurs cuisinistes;https://meilleurtest.fr/comparatif-cuisiniste/;Services divers
Les meilleures boîtes mails;https://meilleurtest.fr/comparatif-boite-mail/;Services divers
Les meilleures box internet;https://meilleurtest.fr/comparatif-box-internet/;Services divers
Les meilleures offres mobiles;https://meilleurtest.fr/comparatif-offre-mobile/;Services divers
Les meilleurs VTC pour homme;https://meilleurtest.fr/comparatif-vtc-pour-homme/;Services divers
Les meilleurs fournisseurs d'accès internet;https://meilleurtest.fr/comparatif-fournisseur-dacces-internet/;Services divers
Les meilleures cartes SIM internationales;https://meilleurtest.fr/comparatif-carte-sim-internationale/;Services divers
Les meilleurs forfaits mobiles avec téléphone;https://meilleurtest.fr/comparatif-forfait-mobile-avec-telephone/;Services divers
Les meilleurs opérateurs mobiles;https://meilleurtest.fr/comparatif-operateur-mobile/;Services divers
Les meilleures offres internet sans engagement;https://meilleurtest.fr/comparatif-offre-internet-sans-engagement/;Services divers
Les meilleurs forfaits mobiles pas chers;https://meilleurtest.fr/comparatif-forfait-mobile-pas-cher/;Services divers
Les meilleures cartes SIM prépayées;https://meilleurtest.fr/comparatif-carte-sim-prepayee/;Services divers
Les meilleurs forfaits 4G;https://meilleurtest.fr/comparatif-forfait-4g/;Services divers
Les meilleurs forfaits 4G illimités;https://meilleurtest.fr/comparatif-forfait-4g-illimite/;Services divers
Les meilleures caisses enregistreuses;https://meilleurtest.fr/comparatif-caisse-enregistreuse/;Services divers
Les meilleures offres box 4G;https://meilleurtest.fr/comparatif-offre-box-4g/;Services divers
Les meilleurs sites de location d'utilitaire;https://meilleurtest.fr/comparatif-site-location-utilitaire/;Services divers
Les meilleures offres box internet pas chères;https://meilleurtest.fr/comparatif-offre-box-internet-pas-chere/;Services divers
Les meilleures cartes SIM internationales;https://meilleurtest.fr/comparatif-carte-sim-internationale/;Services divers
Les meilleurs forfaits mobiles avec téléphone;https://meilleurtest.fr/comparatif-forfait-mobile-avec-telephone/;Services divers
Les meilleurs opérateurs mobiles;https://meilleurtest.fr/comparatif-operateur-mobile/;Services divers
Les meilleures offres internet sans engagement;https://meilleurtest.fr/comparatif-offre-internet-sans-engagement/;Services divers
Les meilleurs forfaits mobiles pas chers;https://meilleurtest.fr/comparatif-forfait-mobile-pas-cher/;Services divers
Les meilleures cartes SIM prépayées;https://meilleurtest.fr/comparatif-carte-sim-prepayee/;Services divers
Les meilleurs forfaits 4G;https://meilleurtest.fr/comparatif-forfait-4g/;Services divers
Les meilleurs forfaits 4G illimités;https://meilleurtest.fr/comparatif-forfait-4g-illimite/;Services divers
Les meilleures caisses enregistreuses;https://meilleurtest.fr/comparatif-caisse-enregistreuse/;Services divers
Les meilleures offres box 4G;https://meilleurtest.fr/comparatif-offre-box-4g/;Services divers
Les meilleurs sites de location d'utilitaire;https://meilleurtest.fr/comparatif-site-location-utilitaire/;Services divers
Les meilleures offres box internet pas chères;https://meilleurtest.fr/comparatif-offre-box-internet-pas-chere/;Services divers
Les meilleures menottes BDSM;https://meilleurtest.fr/comparatif-menottes-bdsm/;Sexe et érotisme
Les meilleurs masturbateurs réalistes;https://meilleurtest.fr/comparatif-masturbateur-realiste/;Sexe et érotisme
Les meilleurs masturbateurs automatiques;https://meilleurtest.fr/comparatif-masturbateur-automatique/;Sexe et érotisme
Les meilleurs lubrifiants effet porn sperm;https://meilleurtest.fr/comparatif-lubrifiant-effet-porn-sperm/;Sexe et érotisme
Les meilleures lingeries BDSM;https://meilleurtest.fr/comparatif-lingerie-bdsm/;Sexe et érotisme
Les meilleurs jouets BDSM;https://meilleurtest.fr/comparatif-jouet-bdsm/;Sexe et érotisme
Les meilleurs jeux érotiques;https://meilleurtest.fr/comparatif-jeu-erotique/;Sexe et érotisme
Les meilleurs harnais BDSM;https://meilleurtest.fr/comparatif-harnais-bdsm/;Sexe et érotisme
Les meilleurs godes ceintures éjaculateurs;https://meilleurtest.fr/comparatif-gode-ceinture-ejaculateur/;Sexe et érotisme
Les meilleurs godes ceintures sans harnais;https://meilleurtest.fr/comparatif-gode-ceinture-sans-harnais/;Sexe et érotisme
Les meilleurs godes ceintures double pénétration;https://meilleurtest.fr/comparatif-gode-ceinture-double-penetration/;Sexe et érotisme
Les meilleurs godes ventouse;https://meilleurtest.fr/comparatif-gode-ventouse/;Sexe et érotisme
Les meilleurs godes doubles;https://meilleurtest.fr/comparatif-gode-double/;Sexe et érotisme
Les meilleurs godes réalistes;https://meilleurtest.fr/comparatif-gode-realiste/;Sexe et érotisme
Les meilleurs godes vibrants;https://meilleurtest.fr/comparatif-gode-vibrant/;Sexe et érotisme
Les meilleurs godes éjaculateur;https://meilleurtest.fr/comparatif-gode-ejaculateur/;Sexe et érotisme
Les meilleurs godes XXL;https://meilleurtest.fr/comparatif-gode-xxl/;Sexe et érotisme
Les meilleurs godes pour hommes;https://meilleurtest.fr/comparatif-gode-pour-homme/;Sexe et érotisme
Les meilleurs godes télécommandés;https://meilleurtest.fr/comparatif-gode-telecommande/;Sexe et érotisme
Les meilleurs godes en verre;https://meilleurtest.fr/comparatif-gode-en-verre/;Sexe et érotisme
Les meilleurs godes noirs;https://meilleurtest.fr/comparatif-gode-noir/;Sexe et érotisme
Les meilleurs godes gonflables;https://meilleurtest.fr/comparatif-gode-gonflable/;Sexe et érotisme
Les meilleurs godes ceintures creux;https://meilleurtest.fr/comparatif-gode-ceinture-creux/;Sexe et érotisme
Les meilleurs godes anaux;https://meilleurtest.fr/comparatif-gode-anal/;Sexe et érotisme
Les meilleurs fouets BDSM;https://meilleurtest.fr/comparatif-fouet-bdsm/;Sexe et érotisme
Les meilleurs fleshlights transparents;https://meilleurtest.fr/comparatif-fleshlight-transparent/;Sexe et érotisme
Les meilleurs godes ceintures vibrants;https://meilleurtest.fr/comparatif-gode-ceinture-vibrant/;Sexe et érotisme
Les meilleures cordes BDSM;https://meilleurtest.fr/comparatif-corde-bdsm/;Sexe et érotisme
Les meilleurs coffrets BDSM;https://meilleurtest.fr/comparatif-coffret-bdsm/;Sexe et érotisme
Les meilleures chaînes anales;https://meilleurtest.fr/comparatif-chaine-anale/;Sexe et érotisme
Les meilleures boules de geisha;https://meilleurtest.fr/comparatif-boules-de-geisha/;Sexe et érotisme
Les meilleurs bijoux anaux;https://meilleurtest.fr/comparatif-bijou-anal/;Sexe et érotisme
Les meilleurs baillons BDSM;https://meilleurtest.fr/comparatif-baillon-bdsm/;Sexe et érotisme
Les meilleurs anneaux vibrants;https://meilleurtest.fr/comparatif-anneau-vibrant/;Sexe et érotisme
Les meilleurs vibromasseurs doubles;https://meilleurtest.fr/comparatif-vibromasseur-double/;Sexe et érotisme
Les meilleurs vibromasseurs réalistes;https://meilleurtest.fr/comparatif-vibromasseur-realiste/;Sexe et érotisme
Les meilleurs sites pour acheter des sextoys en ligne;https://meilleurtest.fr/comparatif-site-pour-acheter-des-sextoys-en-ligne/;Sexe et érotisme
Les meilleurs lubrifiants anaux;https://meilleurtest.fr/comparatif-lubrifiant-anal/;Sexe et érotisme
Les meilleurs plugs anaux pour hommes;https://meilleurtest.fr/comparatif-plug-anal-pour-homme/;Sexe et érotisme
Les meilleurs préservatifs Durex;https://meilleurtest.fr/comparatif-preservatif-durex/;Sexe et érotisme
Les meilleures fuck machines;https://meilleurtest.fr/comparatif-fuck-machine/;Sexe et érotisme
Les meilleurs lubrifiants à base d'eau;https://meilleurtest.fr/comparatif-lubrifiant-a-base-deau/;Sexe et érotisme
Les meilleurs stimulateurs de prostate;https://meilleurtest.fr/comparatif-stimulateur-de-prostate/;Sexe et érotisme
Les meilleurs masturbateurs anaux;https://meilleurtest.fr/comparatif-masturbateur-anal/;Sexe et érotisme
Les meilleurs œufs vibrants;https://meilleurtest.fr/comparatif-oeuf-vibrant/;Sexe et érotisme
Les meilleurs fleshlights;https://meilleurtest.fr/comparatif-fleshlight/;Sexe et érotisme
Les meilleures poupées sexuelles;https://meilleurtest.fr/comparatif-poupee-sexuelle/;Sexe et érotisme
Les meilleurs godes ceinture;https://meilleurtest.fr/comparatif-gode-ceinture/;Sexe et érotisme
Les meilleurs plugs anaux;https://meilleurtest.fr/comparatif-plug-anal/;Sexe et érotisme
Les meilleurs sites libertins;https://meilleurtest.fr/comparatif-site-libertin/;Sexe et érotisme
Les meilleurs vibromasseurs anaux;https://meilleurtest.fr/comparatif-vibromasseur-anal/;Sexe et érotisme
Les meilleurs vibromasseurs rabbit;https://meilleurtest.fr/comparatif-vibromasseur-rabbit/;Sexe et érotisme
Les meilleurs préservatifs féminins;https://meilleurtest.fr/comparatif-preservatif-feminin/;Sexe et érotisme
Les meilleurs préservatifs sans latex;https://meilleurtest.fr/comparatif-preservatif-sans-latex/;Sexe et érotisme
Les meilleurs sex shops en ligne;https://meilleurtest.fr/comparatif-sex-shop-ligne/;Sexe et érotisme
Les meilleurs sextoys pour homme;https://meilleurtest.fr/comparatif-sextoy-pour-homme/;Sexe et érotisme
Les meilleurs stimulateurs clitoridiens;https://meilleurtest.fr/comparatif-stimulateur-clitoridien/;Sexe et érotisme
Les meilleures cages de chasteté;https://meilleurtest.fr/comparatif-cage-de-chastete/;Sexe et érotisme
Les meilleurs godes;https://meilleurtest.fr/comparatif-gode/;Sexe et érotisme
Les meilleurs masturbateurs;https://meilleurtest.fr/comparatif-masturbateur/;Sexe et érotisme
Les meilleures cages de chasteté;https://meilleurtest.fr/comparatif-cage-de-chastete/;Sexe et érotisme
Les meilleurs godes;https://meilleurtest.fr/comparatif-gode/;Sexe et érotisme
Les meilleurs masturbateurs;https://meilleurtest.fr/comparatif-masturbateur/;Sexe et érotisme
Les meilleurs sites de téléchargement de musique gratuite;https://meilleurtest.fr/comparatif-site-de-telechargement-de-musique-gratuite/;site de téléchargement de musique gratuite
Les meilleurs skis freeride;https://meilleurtest.fr/comparatif-ski-freeride/;Ski et snowboard
Les meilleurs casques de ski;https://meilleurtest.fr/comparatif-casque-de-ski/;Ski et snowboard
Les meilleurs boots snowboard homme;https://meilleurtest.fr/comparatif-boots-snowboard-homme/;Ski et snowboard
Les meilleures raquettes de neige;https://meilleurtest.fr/comparatif-raquettes-de-neige/;Ski et snowboard
Les meilleurs casques de ski avec visière photochromique;https://meilleurtest.fr/comparatif-casque-de-ski-avec-visiere-photochromique/;Ski et snowboard
Les meilleures chaussures de ski pour homme;https://meilleurtest.fr/comparatif-chaussures-de-ski-pour-homme/;Ski et snowboard
Les meilleurs skis polyvalents;https://meilleurtest.fr/comparatif-skis-polyvalents/;Ski et snowboard
Les meilleurs skis all-mountain;https://meilleurtest.fr/comparatif-skis-all-mountain/;Ski et snowboard
Les meilleures combinaisons de ski pour femme;https://meilleurtest.fr/comparatif-combinaison-de-ski-pour-femme/;Ski et snowboard
Les meilleures combinaisons de ski enfant;https://meilleurtest.fr/comparatif-combinaison-de-ski-enfant/;Ski et snowboard
Les meilleurs snowboards Airtracks;https://meilleurtest.fr/comparatif-snowboard-airtracks/;Ski et snowboard
Les meilleurs casques de ski pour femme;https://meilleurtest.fr/comparatif-casque-de-ski-pour-femme/;Ski et snowboard
Les meilleurs masques de ski;https://meilleurtest.fr/comparatif-masque-de-ski/;Ski et snowboard
Les meilleurs skis pour niveau intermédiaire;https://meilleurtest.fr/comparatif-ski-pour-niveau-intermediaire/;Ski et snowboard
Les meilleurs gants de ski;https://meilleurtest.fr/comparatif-gants-de-ski/;Ski et snowboard
Les meilleurs téléphones pour sénior;https://meilleurtest.fr/comparatif-telephone-pour-senior/;smartphone
Les meilleures iPhone photo;https://meilleurtest.fr/comparatif-iphone-photo/;smartphone
Les meilleurs téléphones fixes avec blocage numéro indésirable;https://meilleurtest.fr/comparatif-telephone-fixe-avec-blocage-numero-indesirable/;smartphone
Les meilleurs dumbphones;https://meilleurtest.fr/comparatif-dumbphone/;smartphone
Les meilleures coques pour iPhone;https://meilleurtest.fr/comparatif-coque-pour-iphone/;smartphone
Les meilleurs téléphones fixes sans fil avec répondeur;https://meilleurtest.fr/comparatif-telephone-fixe-sans-fil-avec-repondeur/;smartphone
Les meilleures coques pour iPhone 13;https://meilleurtest.fr/comparatif-coque-pour-iphone-13/;smartphone
Les meilleures coques antichoc pour Samsung S20 FE;https://meilleurtest.fr/comparatif-coque-antichoc-pour-samsung-s20-fe/;smartphone
Les meilleurs smartphones photo à moins de 600 euros;https://meilleurtest.fr/comparatif-smartphone-photo-a-moins-de-600-euros/;smartphone
Les meilleurs smartphones photo à moins de 500 euros;https://meilleurtest.fr/comparatif-smartphone-photo-a-moins-de-500-euros/;smartphone
Les meilleurs smartphones 5G à moins de 300 euros;https://meilleurtest.fr/comparatif-smartphone-5g-a-moins-de-300-euros/;smartphone
Les meilleurs sites pour revendre son téléphone;https://meilleurtest.fr/comparatif-site-pour-revendre-son-telephone/;smartphone
Les meilleurs smartphones photo à moins de 400 euros;https://meilleurtest.fr/comparatif-smartphone-photo-a-moins-de-400-euros/;smartphone
Les meilleurs smartphones à grand écran;https://meilleurtest.fr/comparatif-smartphone-a-grand-ecran/;smartphone
Les meilleures coques iPhone 13 sur Amazon;https://meilleurtest.fr/comparatif-coque-iphone-13-amazon/;smartphone
Les meilleurs coques pour iPhone XR;https://meilleurtest.fr/comparatif-coque-pour-iphone-xr/;smartphone
Les meilleurs téléphones filaires;https://meilleurtest.fr/comparatif-telephone-filaire/;smartphone
Les meilleurs stylets pour smartphone;https://meilleurtest.fr/comparatif-stylet-pour-smartphone/;smartphone
Les meilleurs trépieds pour smartphones;https://meilleurtest.fr/comparatif-trepied-pour-smartphone/;smartphone
Les meilleurs enregistreurs TNT HD double tuner;https://meilleurtest.fr/comparatif-enregistreur-tnt-hd-double-tuner/;smartphone
Les meilleurs smartphones Nokia Lumia;https://meilleurtest.fr/comparatif-smartphone-nokia-lumia/;smartphone
Les meilleurs smartphones Zenphone;https://meilleurtest.fr/comparatif-smartphone-zenphone/;smartphone
Les meilleurs smartphones Samsung pliables;https://meilleurtest.fr/comparatif-smartphone-samsung-pliable/;smartphone
Les meilleurs iPhone reconditionnés;https://meilleurtest.fr/comparatif-iphone-reconditionne/;smartphone
Les meilleurs smartphones Samsung à moins de 200 euros;https://meilleurtest.fr/comparatif-smartphone-samsung-a-moins-de-200-euros/;smartphone
Les meilleurs smartphones Nokia;https://meilleurtest.fr/comparatif-smartphone-nokia/;smartphone
Les meilleurs smartphones Ordissimo;https://meilleurtest.fr/comparatif-smartphone-ordissimo/;smartphone
Les meilleurs smartphones Realme;https://meilleurtest.fr/comparatif-smartphone-realme/;smartphone
Les meilleurs smartphones Oppo;https://meilleurtest.fr/comparatif-smartphone-oppo/;smartphone
Les meilleurs smartphones Sony;https://meilleurtest.fr/comparatif-smartphone-sony/;smartphone
Les meilleurs smartphones Wiko;https://meilleurtest.fr/comparatif-smartphone-wiko/;smartphone
Les meilleurs smartphones Huawei;https://meilleurtest.fr/comparatif-smartphone-huawei/;smartphone
Les meilleurs smartphones Xiaomi;https://meilleurtest.fr/comparatif-smartphone-xiaomi/;smartphone
Les meilleurs iPhone;https://meilleurtest.fr/comparatif-iphone/;smartphone
Les meilleures coques pour Samsung Galaxy A20e;https://meilleurtest.fr/comparatif-coque-pour-samsung-galaxy-a20e/;smartphone
Les meilleurs téléphones à clapet;https://meilleurtest.fr/comparatif-telephone-a-clapet/;smartphone
Les meilleurs câbles lightning pour iphone;https://meilleurtest.fr/comparatif-cable-lightning-pour-iphone/;smartphone
Les meilleurs téléphones sans fil duo;https://meilleurtest.fr/comparatif-telephone-sans-fil-duo/;smartphone
Les meilleurs objectifs macro pour smartphone;https://meilleurtest.fr/comparatif-objectif-macro-pour-smartphone/;smartphone
Les meilleurs enregistreurs d'appels;https://meilleurtest.fr/comparatif-enregistreur-dappels/;smartphone
Les meilleurs smartphones débloqués;https://meilleurtest.fr/comparatif-smartphone-debloque/;smartphone
Les meilleurs chargeurs iPhone;https://meilleurtest.fr/comparatif-chargeur-iphone/;smartphone
Les meilleurs téléphones sans fil sénior;https://meilleurtest.fr/comparatif-telephone-sans-fil-senior/;smartphone
Les meilleurs téléphones pour enfants;https://meilleurtest.fr/comparatif-telephone-pour-enfant/;smartphone
Les meilleurs smartphones compacts;https://meilleurtest.fr/comparatif-smartphone-compact/;smartphone
Les meilleurs smartphones NON chinois;https://meilleurtest.fr/comparatif-smartphone-non-chinois/;smartphone
Les meilleurs téléphones sans fil trio;https://meilleurtest.fr/comparatif-telephone-sans-fil-trio/;smartphone
Les meilleurs smartphones avec prise jack;https://meilleurtest.fr/comparatif-smartphone-avec-prise-jack/;smartphone
Les meilleurs téléphones DECT;https://meilleurtest.fr/comparatif-telephone-dect/;smartphone
Les meilleurs smartphones étanches;https://meilleurtest.fr/comparatif-smartphone-etanche/;smartphone
Les meilleurs smartphones vidéos;https://meilleurtest.fr/comparatif-smartphone-video/;smartphone
Les meilleurs smartphones français;https://meilleurtest.fr/comparatif-smartphone-francais/;smartphone
Les meilleurs sites de smartphones reconditionnés;https://meilleurtest.fr/comparatif-site-de-smartphones-reconditionnes/;smartphone
Les meilleurs smartphones à moins de 250 euros;https://meilleurtest.fr/comparatif-smartphone-a-moins-de-250-euros/;smartphone
Les meilleurs téléphones portables à clapet pour séniors;https://meilleurtest.fr/comparatif-telephone-portable-a-clapet-pour-senior/;smartphone
Les meilleurs smartphones au meilleur rapport qualité/prix;https://meilleurtest.fr/comparatif-smartphones-au-meilleur-rapport-qualite-prix/;smartphone
Les meilleurs smartphones avec la meilleure autonomie;https://meilleurtest.fr/comparatif-smartphone-avec-autonomie/;smartphone
Les meilleures protections en verre trempé;https://meilleurtest.fr/comparatif-protection-verre-trempe/;smartphone
Les meilleurs stabilisateurs pour smartphone;https://meilleurtest.fr/comparatif-stabilisateur-pour-smartphone/;smartphone
Les meilleurs smartphones à moins de 500 euros;https://meilleurtest.fr/comparatif-smartphone-a-moins-de-500-euros/;smartphone
Les meilleures coques anti-chocs;https://meilleurtest.fr/comparatif-coque-anti-chocs/;smartphone
Les meilleurs smartphones 5G;https://meilleurtest.fr/comparatif-smartphone-5g/;smartphone
Les meilleurs smartphones à moins de 600 euros;https://meilleurtest.fr/comparatif-smartphone-a-moins-de-600-euros/;smartphone
Les meilleurs smartphones à moins de 400 euros;https://meilleurtest.fr/comparatif-smartphone-a-moins-de-400-euros/;smartphone
Les meilleurs smartphones à moins de 200 euros;https://meilleurtest.fr/comparatif-smartphone-moins-de-200-euro/;smartphone
Les meilleurs smartphones Android;https://meilleurtest.fr/comparatif-smartphone-android/;smartphone
Les meilleurs smartphones pas chers;https://meilleurtest.fr/comparatif-smartphone-pas-cher/;smartphone
Les meilleurs smartphones double SIM;https://meilleurtest.fr/comparatif-smartphone-double-sim/;smartphone
Les meilleures perches à selfie;https://meilleurtest.fr/comparatif-perche-selfie/;smartphone
Les meilleurs photophones (smartphones photo);https://meilleurtest.fr/comparatif-photophone-ou-smartphone-photo/;smartphone
Les meilleurs smartphones à batterie amovible;https://meilleurtest.fr/comparatif-smartphone-a-batterie-amovible/;smartphone
Les meilleurs smartphones de milieu de gamme;https://meilleurtest.fr/comparatif-smartphone-milieu-de-gamme/;smartphone
Les meilleurs smartphones incassables;https://meilleurtest.fr/comparatif-smartphone-incassable/;smartphone
Les meilleurs smartphones photo à moins de 300 euros;https://meilleurtest.fr/comparatif-smartphone-photo-moins-de-300-euro/;smartphone
Les meilleurs smartphones à moins de 150 euros;https://meilleurtest.fr/comparatif-smartphone-a-moins-de-150-euros/;smartphone
Les meilleurs petits smartphones compacts;https://meilleurtest.fr/comparatif-petit-smartphone-compact/;smartphone
Les meilleurs téléphones portables;https://meilleurtest.fr/comparatif-telephone-portable/;smartphone
Les meilleurs téléphones portables pour séniors;https://meilleurtest.fr/comparatif-telephone-portable-pour-senior/;smartphone
Les meilleurs smartphones à moins de 300 euros;https://meilleurtest.fr/comparatif-smartphone-a-moins-de-300-euro/;smartphone
Les meilleurs smartphones à moins de 100 euros;https://meilleurtest.fr/comparatif-smartphone-moins-100-euro/;smartphone
Les meilleurs smartphones à moins de 600 euros;https://meilleurtest.fr/comparatif-smartphone-a-moins-de-600-euros/;smartphone
Les meilleurs smartphones à moins de 400 euros;https://meilleurtest.fr/comparatif-smartphone-a-moins-de-400-euros/;smartphone
Les meilleurs smartphones à moins de 200 euros;https://meilleurtest.fr/comparatif-smartphone-moins-de-200-euro/;smartphone
Les meilleurs smartphones Android;https://meilleurtest.fr/comparatif-smartphone-android/;smartphone
Les meilleurs smartphones pas chers;https://meilleurtest.fr/comparatif-smartphone-pas-cher/;smartphone
Les meilleurs smartphones double SIM;https://meilleurtest.fr/comparatif-smartphone-double-sim/;smartphone
Les meilleures perches à selfie;https://meilleurtest.fr/comparatif-perche-selfie/;smartphone
Les meilleurs photophones (smartphones photo);https://meilleurtest.fr/comparatif-photophone-ou-smartphone-photo/;smartphone
Les meilleurs smartphones à batterie amovible;https://meilleurtest.fr/comparatif-smartphone-a-batterie-amovible/;smartphone
Les meilleurs smartphones de milieu de gamme;https://meilleurtest.fr/comparatif-smartphone-milieu-de-gamme/;smartphone
Les meilleurs smartphones incassables;https://meilleurtest.fr/comparatif-smartphone-incassable/;smartphone
Les meilleurs smartphones photo à moins de 300 euros;https://meilleurtest.fr/comparatif-smartphone-photo-moins-de-300-euro/;smartphone
Les meilleurs smartphones à moins de 150 euros;https://meilleurtest.fr/comparatif-smartphone-a-moins-de-150-euros/;smartphone
Les meilleurs petits smartphones compacts;https://meilleurtest.fr/comparatif-petit-smartphone-compact/;smartphone
Les meilleurs téléphones portables;https://meilleurtest.fr/comparatif-telephone-portable/;smartphone
Les meilleurs téléphones portables pour séniors;https://meilleurtest.fr/comparatif-telephone-portable-pour-senior/;smartphone
Les meilleurs smartphones à moins de 300 euros;https://meilleurtest.fr/comparatif-smartphone-a-moins-de-300-euro/;smartphone
Les meilleurs smartphones à moins de 100 euros;https://meilleurtest.fr/comparatif-smartphone-moins-100-euro/;smartphone
Les meilleurs dentifrices sans fluor;https://meilleurtest.fr/comparatif-dentifrice-sans-fluor/;Soins bucco-dentaires
Les meilleurs dentifrices anti-tartres;https://meilleurtest.fr/comparatif-dentifrice-anti-tartre/;Soins bucco-dentaires
Les meilleurs bains de bouche antiseptiques;https://meilleurtest.fr/comparatif-bain-de-bouche-antiseptique/;Soins bucco-dentaires
Les meilleurs fixateurs pour appareil dentaire;https://meilleurtest.fr/comparatif-fixateur-pour-appareil-dentaire/;Soins bucco-dentaires
Les meilleures brossettes interdentaires;https://meilleurtest.fr/comparatif-brossettes-interdentaires/;Soins bucco-dentaires
Les meilleures brosses à dents 360;https://meilleurtest.fr/comparatif-brosse-a-dents-360/;Soins bucco-dentaires
Les meilleurs dentifrices bio;https://meilleurtest.fr/comparatif-dentifrice-bio/;Soins bucco-dentaires
Les meilleures brosses à dents bébé;https://meilleurtest.fr/comparatif-brosse-a-dents-bebe/;Soins bucco-dentaires
Les meilleurs bains de bouche pour gingivite;https://meilleurtest.fr/comparatif-bain-de-bouche-pour-gingivite/;Soins bucco-dentaires
Les meilleures brosses à dents en bambou;https://meilleurtest.fr/comparatif-brosse-a-dents-bambou/;Soins bucco-dentaires
Les meilleurs stylos de blanchiment des dents;https://meilleurtest.fr/comparatif-stylo-de-blanchiment-des-dents/;Soins bucco-dentaires
Les meilleures brosses à dents électrique avec jet d'eau;https://meilleurtest.fr/comparatif-brosse-a-dents-electrique-avec-jet-deau/;Soins bucco-dentaires
Les meilleurs dentifrices pour chiens;https://meilleurtest.fr/comparatif-dentifrice-pour-chiens/;Soins bucco-dentaires
Les meilleurs fils dentaires;https://meilleurtest.fr/comparatif-fil-dentaire/;Soins bucco-dentaires
Les meilleures bandes blanchissantes pour les dents;https://meilleurtest.fr/comparatif-bande-blanchissante-pour-dents/;Soins bucco-dentaires
Les meilleurs dentifrices pour enfant;https://meilleurtest.fr/comparatif-dentifrice-pour-enfant/;Soins bucco-dentaires
Les meilleurs dentifrices pour gencives rétractées;https://meilleurtest.fr/comparatif-dentifrice-pour-gencives-retractees/;Soins bucco-dentaires
Les meilleures brosses à dents manuelles;https://meilleurtest.fr/comparatif-brosse-a-dents-manuelle/;Soins bucco-dentaires
Les meilleures brosses à dents soniques;https://meilleurtest.fr/comparatif-brosse-a-dent-sonique/;Soins bucco-dentaires
Les meilleurs dentifrices blancheur;https://meilleurtest.fr/comparatif-dentifrice-blancheur/;Soins bucco-dentaires
Les meilleurs bains de bouche;https://meilleurtest.fr/comparatif-bain-de-bouche/;Soins bucco-dentaires
Les meilleurs bains de bouche;https://meilleurtest.fr/comparatif-bain-de-bouche/;Soins bucco-dentaires
Les meilleures couvertures chauffantes sans fil;https://meilleurtest.fr/comparatif-couverture-chauffante-sans-fil/;Sommeil et literie
Les meilleurs matelas BZ;https://meilleurtest.fr/comparatif-matelas-bz/;Sommeil et literie
Les meilleurs matelas anti-acariens;https://meilleurtest.fr/comparatif-matelas-anti-acariens/;Sommeil et literie
Les meilleurs matelas de berceau;https://meilleurtest.fr/comparatif-matelas-de-berceau/;Sommeil et literie
Les meilleurs matelas réversibles;https://meilleurtest.fr/comparatif-matelas-reversible/;Sommeil et literie
Les meilleurs matelas reconditionnés;https://meilleurtest.fr/comparatif-matelas-reconditionne/;Sommeil et literie
Les meilleurs matelas viscoélastiques;https://meilleurtest.fr/comparatif-matelas-viscoelastique/;Sommeil et literie
Les meilleurs matelas 2 places;https://meilleurtest.fr/comparatif-matelas-2-places/;Sommeil et literie
Les meilleurs matelas 1 place pas chers;https://meilleurtest.fr/comparatif-matelas-1-place-pas-cher/;Sommeil et literie
Les meilleurs matelas déhoussables;https://meilleurtest.fr/comparatif-matelas-dehoussable/;Sommeil et literie
Les meilleurs matelas autogonflants;https://meilleurtest.fr/comparatif-matelas-autogonflant/;Sommeil et literie
Les meilleurs matelas 60x120;https://meilleurtest.fr/comparatif-matelas-60x120/;Sommeil et literie
Les meilleurs bandeaux anti-bruit pour dormir;https://meilleurtest.fr/comparatif-bandeau-anti-bruit-pour-dormir/;Sommeil et literie
Les meilleurs matelas gonflables 2 personnes;https://meilleurtest.fr/comparatif-matelas-gonflable-2-personnes/;Sommeil et literie
Les meilleures pierres pour le sommeil;https://meilleurtest.fr/comparatif-pierre-pour-le-sommeil/;Sommeil et literie
Les meilleurs appareils pour s’endormir;https://meilleurtest.fr/comparatif-appareil-pour-s-endormir/;Sommeil et literie
Les meilleurs oreillers pour l'apnée du sommeil;https://meilleurtest.fr/comparatif-oreiller-pour-apnee-du-sommeil/;Sommeil et literie
Les meilleurs matelas bébé 60x120 cm;https://meilleurtest.fr/comparatif-matelas-bebe-60x120-cm/;Sommeil et literie
Les meilleures couettes 4 saisons;https://meilleurtest.fr/comparatif-couette-4-saisons/;Sommeil et literie
Les meilleurs ensembles matelas et sommier 140x190;https://meilleurtest.fr/comparatif-ensemble-matelas-et-sommier-140x190/;Sommeil et literie
Les meilleurs ensembles matelas et sommier 160x200;https://meilleurtest.fr/comparatif-ensemble-matelas-et-sommier-160x200/;Sommeil et literie
Les meilleurs draps housses en percale de coton;https://meilleurtest.fr/comparatif-drap-housse-en-percale-de-coton/;Sommeil et literie
Les meilleures couettes en plume d'oie;https://meilleurtest.fr/comparatif-couette-en-plume-oie/;Sommeil et literie
Les meilleurs draps housses pour matelas;https://meilleurtest.fr/comparatif-drap-housse-pour-matelas/;Sommeil et literie
Les meilleures couettes lestées;https://meilleurtest.fr/comparatif-couette-lestee/;Sommeil et literie
Les meilleurs draps housses en jersey;https://meilleurtest.fr/comparatif-drap-housse-en-jersey/;Sommeil et literie
Les meilleures couettes été;https://meilleurtest.fr/comparatif-couette-ete/;Sommeil et literie
Les meilleurs matelas 70x140;https://meilleurtest.fr/comparatif-matelas-70x140/;Sommeil et literie
Les meilleurs matelas 120x190;https://meilleurtest.fr/comparatif-matelas-120x190/;Sommeil et literie
Les meilleurs draps housse sur Amazon;https://meilleurtest.fr/comparatif-drap-housse-amazon/;Sommeil et literie
Les meilleurs matelas rapport qualité/prix;https://meilleurtest.fr/comparatif-matelas-rapport-qualite-prix/;Sommeil et literie
Les meilleurs surmatelas 160x200;https://meilleurtest.fr/comparatif-surmatelas-160x200/;Sommeil et literie
Les meilleurs matelas Epéda;https://meilleurtest.fr/comparatif-matelas-epeda/;Sommeil et literie
Les meilleurs matelas Tempur;https://meilleurtest.fr/comparatif-matelas-tempur/;Sommeil et literie
Les meilleurs matelas Tediber;https://meilleurtest.fr/comparatif-matelas-tediber/;Sommeil et literie
Les meilleurs matelas Simmons;https://meilleurtest.fr/comparatif-matelas-simmons/;Sommeil et literie
Les meilleurs matelas But;https://meilleurtest.fr/comparatif-matelas-but/;Sommeil et literie
Les meilleurs matelas Bultex;https://meilleurtest.fr/comparatif-matelas-bultex/;Sommeil et literie
Les meilleures couvertures chauffantes rapport qualité/prix;https://meilleurtest.fr/comparatif-couvertures-chauffantes-rapport-qualite-prix/;Sommeil et literie
Les meilleures parures de lit rapport qualité/prix;https://meilleurtest.fr/comparatif-parures-de-lit-rapport-qualite-prix/;Sommeil et literie
Les meilleurs draps microfibres;https://meilleurtest.fr/comparatif-drap-microfibre/;Sommeil et literie
Les meilleurs matelas futon;https://meilleurtest.fr/comparatif-matelas-futon/;Sommeil et literie
Les meilleurs oreillers ergonomiques;https://meilleurtest.fr/comparatif-oreiller-ergonomique/;Sommeil et literie
Les meilleures couvertures chauffantes;https://meilleurtest.fr/comparatif-couverture-chauffante/;Sommeil et literie
Les meilleurs matelas d'appoint;https://meilleurtest.fr/comparatif-matelas-dappoint/;Sommeil et literie
Les meilleurs oreillers en plumes;https://meilleurtest.fr/comparatif-oreiller-plumes/;Sommeil et literie
Les meilleurs matelas bio;https://meilleurtest.fr/comparatif-matelas-bio/;Sommeil et literie
Les meilleurs draps percales de coton;https://meilleurtest.fr/comparatif-drap-percale-de-coton/;Sommeil et literie
Les meilleurs matelas chauffants;https://meilleurtest.fr/comparatif-matelas-chauffant/;Sommeil et literie
Les meilleurs surmatelas pour ceux qui dorment sur le côté;https://meilleurtest.fr/comparatif-surmatelas-pour-ceux-qui-dorment-sur-cote/;Sommeil et literie
Les meilleurs draps en lin;https://meilleurtest.fr/comparatif-drap-lin/;Sommeil et literie
Les meilleurs draps  anti transpiration;https://meilleurtest.fr/comparatif-drap-anti-transpiration/;Sommeil et literie
Les meilleurs matelas queen size;https://meilleurtest.fr/comparatif-matela-queen-size/;Sommeil et literie
Les meilleurs matelas clic-clac;https://meilleurtest.fr/comparatif-matelas-clic-clac/;Sommeil et literie
Les meilleurs matelas pour les douleurs à la hanche;https://meilleurtest.fr/comparatif-matelas-pour-douleurs-a-hanche/;Sommeil et literie
Les meilleures couettes anti transpiration;https://meilleurtest.fr/comparatif-couette-anti-transpiration/;Sommeil et literie
Les meilleurs matelas pour enfant;https://meilleurtest.fr/comparatif-matelas-pour-enfant/;Sommeil et literie
Les meilleurs matelas doubles pour enfant;https://meilleurtest.fr/comparatif-matelas-double-pour-enfant/;Sommeil et literie
Les meilleurs oreillers pour dormir sur le ventre;https://meilleurtest.fr/comparatif-oreiller-pour-dormir-sur-ventre/;Sommeil et literie
Les meilleurs matelas pour personne obèse;https://meilleurtest.fr/comparatif-matelas-pour-personne-obese/;Sommeil et literie
Les meilleurs oreillers rafraîchissants;https://meilleurtest.fr/comparatif-oreiller-rafraichissant/;Sommeil et literie
Les meilleurs matelas hybrides;https://meilleurtest.fr/comparatif-matelas-hybride/;Sommeil et literie
Les meilleurs oreillers pour dormir sur le dos;https://meilleurtest.fr/comparatif-oreiller-pour-dormir-sur-dos/;Sommeil et literie
Les meilleurs surmatelas pour le mal de dos;https://meilleurtest.fr/comparatif-surmatelas-pour-mal-de-dos/;Sommeil et literie
Les meilleures couvertures bébé;https://meilleurtest.fr/comparatif-couverture-bebe/;Sommeil et literie
Les meilleures couvertures;https://meilleurtest.fr/comparatif-couverture/;Sommeil et literie
Les meilleurs protège-matelas;https://meilleurtest.fr/comparatif-protege-matelas/;Sommeil et literie
Les meilleurs draps en flanelle;https://meilleurtest.fr/comparatif-drap-flanelle/;Sommeil et literie
Les meilleurs masques de sommeil;https://meilleurtest.fr/comparatif-masque-de-sommeil/;Sommeil et literie
Les meilleurs draps en bambou;https://meilleurtest.fr/comparatif-drap-bambou/;Sommeil et literie
Les meilleures couettes duvet;https://meilleurtest.fr/comparatif-couette-duvet/;Sommeil et literie
Les meilleurs oreillers pour dormir sur le côté;https://meilleurtest.fr/comparatif-oreiller-pour-dormir-sur-cote/;Sommeil et literie
Les meilleurs sommiers 140x190;https://meilleurtest.fr/comparatif-sommier-140x190/;Sommeil et literie
Les meilleurs matelas à ressorts ensachés;https://meilleurtest.fr/comparatif-matelas-a-ressorts-ensaches/;Sommeil et literie
Les meilleurs matelas ferme;https://meilleurtest.fr/comparatif-matelas-ferme/;Sommeil et literie
Les meilleurs matelas rafraîchissants;https://meilleurtest.fr/comparatif-matelas-rafraichissant/;Sommeil et literie
Les meilleurs matelas pour ceux qui dorment sur le côté;https://meilleurtest.fr/comparatif-matelas-pour-ceux-qui-dorment-sur-cote/;Sommeil et literie
Les meilleurs oreillers orthopédiques;https://meilleurtest.fr/comparatif-oreiller-orthopedique/;Sommeil et literie
Les meilleurs matelas en bambou;https://meilleurtest.fr/comparatif-matelas-bambou/;Sommeil et literie
Les meilleures taies d'oreiller;https://meilleurtest.fr/comparatif-taie-doreiller/;Sommeil et literie
Les meilleurs matelas 160x190;https://meilleurtest.fr/comparatif-matelas-160x190/;Sommeil et literie
Les meilleurs matelas king size;https://meilleurtest.fr/comparatif-matelas-king-size/;Sommeil et literie
Les meilleurs matelas latex naturel;https://meilleurtest.fr/comparatif-matelas-latex-naturel/;Sommeil et literie
Les meilleurs matelas haut de gamme;https://meilleurtest.fr/comparatif-matelas-haut-de-gamme/;Sommeil et literie
Les meilleurs matelas 80x200;https://meilleurtest.fr/comparatif-matelas-80x200/;Sommeil et literie
Les meilleurs matelas 200x200;https://meilleurtest.fr/comparatif-matelas-200x200/;Sommeil et literie
Les meilleurs matelas latex;https://meilleurtest.fr/comparatif-matelas-latex/;Sommeil et literie
Les meilleurs matelas 90x200;https://meilleurtest.fr/comparatif-matela-90x200/;Sommeil et literie
Les meilleures couettes 240x260;https://meilleurtest.fr/comparatif-couette-240x260/;Sommeil et literie
Les meilleurs surmatelas à mémoire de forme;https://meilleurtest.fr/comparatif-surmatelas-a-memoire-de-forme/;Sommeil et literie
Les meilleurs sommiers tapissiers;https://meilleurtest.fr/comparatif-sommier-tapissier/;Sommeil et literie
Les meilleurs traversins;https://meilleurtest.fr/comparatif-traversin/;Sommeil et literie
Les meilleurs sommiers 160x200;https://meilleurtest.fr/comparatif-sommier-160x200/;Sommeil et literie
Les meilleurs matelas de sol;https://meilleurtest.fr/comparatif-matelas-de-sol/;Sommeil et literie
Les meilleurs matelas pour lit parapluie et parc bébé;https://meilleurtest.fr/comparatif-matelas-pour-lit-parapluie-et-parc-bebe/;Sommeil et literie
Les meilleures housses de couette 220x240;https://meilleurtest.fr/comparatif-housse-de-couette-220x240/;Sommeil et literie
Les meilleurs jetés de lit;https://meilleurtest.fr/comparatif-jete-de-lit/;Sommeil et literie
Les meilleurs plaids;https://meilleurtest.fr/comparatif-plaid/;Sommeil et literie
Les meilleurs matelas à langer;https://meilleurtest.fr/comparatif-matelas-a-langer/;Sommeil et literie
Les meilleurs matelas bébé;https://meilleurtest.fr/comparatif-matelas-bebe/;Sommeil et literie
Les meilleurs appareils de sommeil et de thérapie sonore;https://meilleurtest.fr/comparatif-appareil-de-sommeil-et-de-therapie-sonore/;Sommeil et literie
Les meilleurs drap-housses;https://meilleurtest.fr/comparatif-drap-housse/;Sommeil et literie
Les meilleures couvertures en laine;https://meilleurtest.fr/comparatif-couverture-laine/;Sommeil et literie
Les meilleures housses de couette;https://meilleurtest.fr/comparatif-housse-de-couette/;Sommeil et literie
Les meilleures couvertures lestées;https://meilleurtest.fr/comparatif-couverture-lestee/;Sommeil et literie
Les meilleurs matelas pas chers;https://meilleurtest.fr/comparatif-matelas-pas-cher/;Sommeil et literie
Les meilleurs matelas à mémoire de forme;https://meilleurtest.fr/comparatif-matelas-a-memoire-de-forme/;Sommeil et literie
Les meilleures couettes;https://meilleurtest.fr/comparatif-couette/;Sommeil et literie
Les meilleurs oreillers;https://meilleurtest.fr/comparatif-oreiller/;Sommeil et literie
Les meilleurs matelas à eau;https://meilleurtest.fr/comparatif-matelas-a-eau/;Sommeil et literie
Les meilleurs matelas 140×200;https://meilleurtest.fr/comparatif-matelas-140x200/;Sommeil et literie
Les meilleurs ensembles matelas et sommier;https://meilleurtest.fr/comparatif-ensemble-matelas-et-sommier/;Sommeil et literie
Les meilleures taies d'oreiller en soie;https://meilleurtest.fr/comparatif-taie-d-oreiller-soie/;Sommeil et literie
Les meilleurs oreillers à mémoire de forme;https://meilleurtest.fr/comparatif-oreiller-a-memoire-de-forme/;Sommeil et literie
Les meilleures parures de lit;https://meilleurtest.fr/comparatif-parure-de-lit-100-coton/;Sommeil et literie
Les meilleurs matelas à langer;https://meilleurtest.fr/comparatif-matelas-a-langer/;Sommeil et literie
Les meilleurs matelas bébé;https://meilleurtest.fr/comparatif-matelas-bebe/;Sommeil et literie
Les meilleurs appareils de sommeil et de thérapie sonore;https://meilleurtest.fr/comparatif-appareil-de-sommeil-et-de-therapie-sonore/;Sommeil et literie
Les meilleurs drap-housses;https://meilleurtest.fr/comparatif-drap-housse/;Sommeil et literie
Les meilleures couvertures en laine;https://meilleurtest.fr/comparatif-couverture-laine/;Sommeil et literie
Les meilleures housses de couette;https://meilleurtest.fr/comparatif-housse-de-couette/;Sommeil et literie
Les meilleures couvertures lestées;https://meilleurtest.fr/comparatif-couverture-lestee/;Sommeil et literie
Les meilleurs matelas pas chers;https://meilleurtest.fr/comparatif-matelas-pas-cher/;Sommeil et literie
Les meilleurs matelas à mémoire de forme;https://meilleurtest.fr/comparatif-matelas-a-memoire-de-forme/;Sommeil et literie
Les meilleures couettes;https://meilleurtest.fr/comparatif-couette/;Sommeil et literie
Les meilleurs oreillers;https://meilleurtest.fr/comparatif-oreiller/;Sommeil et literie
Les meilleurs matelas à eau;https://meilleurtest.fr/comparatif-matelas-a-eau/;Sommeil et literie
Les meilleurs matelas 140×200;https://meilleurtest.fr/comparatif-matelas-140x200/;Sommeil et literie
Les meilleurs ensembles matelas et sommier;https://meilleurtest.fr/comparatif-ensemble-matelas-et-sommier/;Sommeil et literie
Les meilleures taies d'oreiller en soie;https://meilleurtest.fr/comparatif-taie-d-oreiller-soie/;Sommeil et literie
Les meilleurs oreillers à mémoire de forme;https://meilleurtest.fr/comparatif-oreiller-a-memoire-de-forme/;Sommeil et literie
Les meilleures parures de lit;https://meilleurtest.fr/comparatif-parure-de-lit-100-coton/;Sommeil et literie
Les meilleures raquettes de squash;https://meilleurtest.fr/comparatif-raquette-de-squash/;Sports de raquette
Les meilleures raquettes de badminton;https://meilleurtest.fr/comparatif-raquette-de-badminton/;Sports de raquette
Les meilleures tables ping-pong outdoor;https://meilleurtest.fr/comparatif-table-ping-pong-outdoor/;Sports de raquette
Les meilleures raquettes de ping pong;https://meilleurtest.fr/comparatif-raquette-de-ping-pong/;Sports de raquette
Les meilleures raquettes de tennis;https://meilleurtest.fr/comparatif-raquette-de-tennis/;Sports de raquette
Les meilleures raquettes de tennis;https://meilleurtest.fr/comparatif-raquette-de-tennis/;Sports de raquette
Les meilleurs canoës gonflables;https://meilleurtest.fr/comparatif-canoe-gonflable/;Sports nautiques
Les meilleurs GPS marine;https://meilleurtest.fr/comparatif-gps-marine/;Sports nautiques
Les meilleurs gilets de sauvetage;https://meilleurtest.fr/comparatif-gilet-de-sauvetage/;Sports nautiques
Les meilleurs gilets de sauvetage;https://meilleurtest.fr/comparatif-gilet-de-sauvetage/;Sports nautiques
Les meilleurs sites pour acheter des fleurs à envoyer;https://meilleurtest.fr/comparatif-site-pour-acheter-des-fleurs-a-envoyer/;St Valentin
Les meilleures roses éternelles;https://meilleurtest.fr/comparatif-roses-eternelles/;St Valentin
Les meilleurs ours en rose;https://meilleurtest.fr/comparatif-ours-rose/;St Valentin
Les meilleures clés USB pas chères;https://meilleurtest.fr/comparatif-cle-usb-pas-chere/;Stockage et backup
Les meilleurs disques durs externes 2To;https://meilleurtest.fr/comparatif-disque-dur-externe-2to/;Stockage et backup
Les meilleurs NAS 2 baies;https://meilleurtest.fr/comparatif-nas-2-baies/;Stockage et backup
Les meilleures cartes contrôleurs RAID/SAS;https://meilleurtest.fr/comparatif-cartes-controleurs-raid-sas/;Stockage et backup
Les meilleurs disques durs externes Wifi;https://meilleurtest.fr/comparatif-disque-dur-externe-wifi/;Stockage et backup
Les meilleurs disques durs internes pour PS4;https://meilleurtest.fr/comparatif-disques-durs-internes-pour-ps4/;Stockage et backup
Les meilleures cartes micro SD 512 Go;https://meilleurtest.fr/comparatif-carte-micro-sd-512-go/;Stockage et backup
Les meilleurs boîtiers externes USB;https://meilleurtest.fr/comparatif-boitier-externe-usb/;Stockage et backup
Les meilleurs logiciels de sauvegarde;https://meilleurtest.fr/comparatif-logiciel-de-sauvegarde/;Stockage et backup
Les meilleurs services de stockage cloud;https://meilleurtest.fr/comparatif-service-stockage-cloud/;Stockage et backup
Les meilleurs disques durs externes pour PS5;https://meilleurtest.fr/comparatif-disque-dur-externe-pour-ps5/;Stockage et backup
Les meilleures cartes SD 64 Go;https://meilleurtest.fr/comparatif-carte-sd-64-go/;Stockage et backup
Les meilleures cartes SD 512 Go;https://meilleurtest.fr/comparatif-carte-sd-512-go/;Stockage et backup
Les meilleurs SSD 256 Go;https://meilleurtest.fr/comparatif-ssd-256-go/;Stockage et backup
Les meilleures cartes micro SD 256 Go;https://meilleurtest.fr/comparatif-carte-micro-sd-256-go/;Stockage et backup
Les meilleurs disques durs externes 1To;https://meilleurtest.fr/comparatif-disque-dur-externe-1to/;Stockage et backup
Les meilleurs SSD 1 To;https://meilleurtest.fr/comparatif-ssd-1-to/;Stockage et backup
Les meilleurs disques durs externes pour Mac;https://meilleurtest.fr/comparatif-disque-dur-externe-pour-mac/;Stockage et backup
Les meilleurs stockages cloud;https://meilleurtest.fr/comparatif-stockage-cloud/;Stockage et backup
Les meilleurs disques durs internes;https://meilleurtest.fr/comparatif-disque-dur-interne/;Stockage et backup
Les meilleurs logiciels de clonage de disque dur;https://meilleurtest.fr/comparatif-logiciel-de-clonage-de-disque-dur/;Stockage et backup
Les meilleurs disques durs externes pour PS4;https://meilleurtest.fr/comparatif-disque-dur-externe-pour-ps4/;Stockage et backup
Les meilleurs disques durs multimédia;https://meilleurtest.fr/comparatif-disque-dur-multimedia/;Stockage et backup
Les meilleures cartes SD;https://meilleurtest.fr/comparatif-carte-sd/;Stockage et backup
Les meilleurs SSD M.2 NVMe de 480 à 512 Go;https://meilleurtest.fr/comparatif-ssd-m2-nvme-de-480-a-512-go/;Stockage et backup
Les meilleurs disques durs internes;https://meilleurtest.fr/comparatif-disque-dur-interne/;Stockage et backup
Les meilleurs logiciels de clonage de disque dur;https://meilleurtest.fr/comparatif-logiciel-de-clonage-de-disque-dur/;Stockage et backup
Les meilleurs disques durs externes pour PS4;https://meilleurtest.fr/comparatif-disque-dur-externe-pour-ps4/;Stockage et backup
Les meilleurs disques durs multimédia;https://meilleurtest.fr/comparatif-disque-dur-multimedia/;Stockage et backup
Les meilleures cartes SD;https://meilleurtest.fr/comparatif-carte-sd/;Stockage et backup
Les meilleurs SSD M.2 NVMe de 480 à 512 Go;https://meilleurtest.fr/comparatif-ssd-m2-nvme-de-480-a-512-go/;Stockage et backup
Les meilleures box TV;https://meilleurtest.fr/comparatif-box-tv/;Streaming
Les meilleures offres Canal+;https://meilleurtest.fr/comparatif-offre-canal/;Streaming
Les meilleurs Chromecasts;https://meilleurtest.fr/comparatif-chromecast/;Streaming
Les meilleurs services de streaming de musique (légaux et payants);https://meilleurtest.fr/comparatif-service-streaming-de-musique-legal/;Streaming
Les meilleurs sites de streaming (légaux et payants) pour regarder des animes;https://meilleurtest.fr/comparatif-site-de-streaming-animes-legal/;Streaming
Les meilleurs appareils de streaming;https://meilleurtest.fr/comparatif-appareil-de-streaming/;Streaming
Les meilleurs services de streaming (légaux et payants) pour regarder des films et séries;https://meilleurtest.fr/comparatif-plateformes-de-streaming-legales/;Streaming
Les meilleurs couteaux suisses;https://meilleurtest.fr/comparatif-couteau-suisse/;Survie et bushcraft
Les meilleurs couteaux bushcraft;https://meilleurtest.fr/comparatif-couteau-bushcraft/;Survie et bushcraft
Les meilleurs kits de survie complets;https://meilleurtest.fr/comparatif-kit-de-survie-complet/;Survie et bushcraft
Les meilleurs couteaux Deejo;https://meilleurtest.fr/comparatif-couteau-deejo/;Survie et bushcraft
Les meilleures couvertures de survie;https://meilleurtest.fr/comparatif-couverture-survie/;Survie et bushcraft
Les meilleures boussoles;https://meilleurtest.fr/comparatif-boussole/;Survie et bushcraft
Les meilleurs gants tactiques;https://meilleurtest.fr/comparatif-gant-tactique/;Survie et bushcraft
Les meilleurs kits de survie;https://meilleurtest.fr/comparatif-kit-et-ration-de-survie/;Survie et bushcraft
Les meilleures rations de survie;https://meilleurtest.fr/comparatif-ration-de-survie/;Survie et bushcraft
Les meilleurs couteaux à lame fixe;https://meilleurtest.fr/comparatif-couteau-a-lame-fixe/;Survie et bushcraft
Les meilleurs couteaux de chasse et de survie;https://meilleurtest.fr/comparatif-couteau-de-chasse-et-de-survie/;Survie et bushcraft
Les meilleures boussoles;https://meilleurtest.fr/comparatif-boussole/;Survie et bushcraft
Les meilleurs gants tactiques;https://meilleurtest.fr/comparatif-gant-tactique/;Survie et bushcraft
Les meilleurs kits de survie;https://meilleurtest.fr/comparatif-kit-et-ration-de-survie/;Survie et bushcraft
Les meilleures rations de survie;https://meilleurtest.fr/comparatif-ration-de-survie/;Survie et bushcraft
Les meilleurs couteaux à lame fixe;https://meilleurtest.fr/comparatif-couteau-a-lame-fixe/;Survie et bushcraft
Les meilleurs couteaux de chasse et de survie;https://meilleurtest.fr/comparatif-couteau-de-chasse-et-de-survie/;Survie et bushcraft
Les meilleurs iPad pas chers;https://meilleurtest.fr/comparatif-ipad-pas-cher/;Tablettes électroniques
Les meilleures tablettes pour la prise de notes;https://meilleurtest.fr/comparatif-tablette-pour-la-prise-de-notes/;Tablettes électroniques
Les meilleures tablettes Android en terme de rapport qualité/prix;https://meilleurtest.fr/comparatif-tablettes-android-en-terme-de-rapport-qualite-prix/;Tablettes électroniques
Les meilleures tablettes Microsoft Surface;https://meilleurtest.fr/comparatif-tablette-microsoft-surface/;Tablettes électroniques
Les meilleurs tablettes tactiles pour jouer;https://meilleurtest.fr/comparatif-tablette-tactile-pour-jouer/;Tablettes électroniques
Les meilleurs iPad pour dessiner;https://meilleurtest.fr/comparatif-ipad-pour-dessiner/;Tablettes électroniques
Les meilleures iPad pour enfant;https://meilleurtest.fr/comparatif-ipad-pour-enfant/;Tablettes électroniques
Les meilleures tablettes Archos;https://meilleurtest.fr/comparatif-tablette-archos/;Tablettes électroniques
Les meilleures tablettes Lenovo;https://meilleurtest.fr/comparatif-tablette-lenovo/;Tablettes électroniques
Les meilleures tablettes Huawei;https://meilleurtest.fr/comparatif-tablette-huawei/;Tablettes électroniques
Les meilleures tablettes Samsung;https://meilleurtest.fr/comparatif-tablette-samsung/;Tablettes électroniques
Les meilleures clés USB pour iPad;https://meilleurtest.fr/comparatif-cle-usb-pour-ipad/;Tablettes électroniques
Les meilleures tablettes Android pour dessiner;https://meilleurtest.fr/comparatif-tablette-android-pour-dessiner/;Tablettes électroniques
Les meilleurs stylets actifs;https://meilleurtest.fr/comparatif-stylet-actif/;Tablettes électroniques
Les meilleurs étuis pour iPad;https://meilleurtest.fr/comparatif-etui-pour-ipad/;Tablettes électroniques
Les meilleurs étuis pour iPad avec clavier;https://meilleurtest.fr/comparatif-etui-pour-ipad-avec-clavier/;Tablettes électroniques
Les meilleures tablettes 9 pouces;https://meilleurtest.fr/comparatif-tablette-9-pouces/;Tablettes électroniques
Les meilleures tablettes GPS;https://meilleurtest.fr/comparatif-tablette-gps/;Tablettes électroniques
Les meilleures tablettes 8 pouces;https://meilleurtest.fr/comparatif-tablette-8-pouces/;Tablettes électroniques
Les meilleures tablettes à moins de 200 euros;https://meilleurtest.fr/comparatif-tablette-a-moins-de-200-euros/;Tablettes électroniques
Les meilleures tablettes rapport qualité/prix;https://meilleurtest.fr/comparatif-tablettes-rapport-qualite-prix/;Tablettes électroniques
Les meilleures tablettes Android;https://meilleurtest.fr/comparatif-tablette-android/;Tablettes électroniques
Les meilleures tablettes pas chères;https://meilleurtest.fr/comparatif-tablette-pas-chere/;Tablettes électroniques
Les meilleures tablettes 2-en-1;https://meilleurtest.fr/comparatif-tablette-hybride-2-1/;Tablettes électroniques
Les meilleures tablettes étanches;https://meilleurtest.fr/comparatif-tablette-etanche/;Tablettes électroniques
Les meilleures tablettes 12 pouces;https://meilleurtest.fr/comparatif-tablette-12-pouce/;Tablettes électroniques
Les meilleurs ordinateurs tablettes;https://meilleurtest.fr/comparatif-ordinateur-tablette/;Tablettes électroniques
Les meilleures tablettes pour enfants;https://meilleurtest.fr/comparatif-tablette-pour-enfant/;Tablettes électroniques
Les meilleures mini tablettes;https://meilleurtest.fr/comparatif-mini-tablette/;Tablettes électroniques
Les meilleures tablettes 10 pouces;https://meilleurtest.fr/comparatif-tablette-10-pouce/;Tablettes électroniques
Les meilleures tablettes pas chères;https://meilleurtest.fr/comparatif-tablette-pas-chere/;Tablettes électroniques
Les meilleures tablettes 2-en-1;https://meilleurtest.fr/comparatif-tablette-hybride-2-1/;Tablettes électroniques
Les meilleures tablettes étanches;https://meilleurtest.fr/comparatif-tablette-etanche/;Tablettes électroniques
Les meilleures tablettes 12 pouces;https://meilleurtest.fr/comparatif-tablette-12-pouce/;Tablettes électroniques
Les meilleurs ordinateurs tablettes;https://meilleurtest.fr/comparatif-ordinateur-tablette/;Tablettes électroniques
Les meilleures tablettes pour enfants;https://meilleurtest.fr/comparatif-tablette-pour-enfant/;Tablettes électroniques
Les meilleures mini tablettes;https://meilleurtest.fr/comparatif-mini-tablette/;Tablettes électroniques
Les meilleures tablettes 10 pouces;https://meilleurtest.fr/comparatif-tablette-10-pouce/;Tablettes électroniques
Les meilleures tablettes graphiques Wacom;https://meilleurtest.fr/comparatif-tablette-graphique-wacom/;Tablettes graphiques
Les meilleures tablettes graphiques avec écran;https://meilleurtest.fr/comparatif-tablette-graphique-avec-ecran/;Tablettes graphiques
Les meilleures tablettes graphiques avec écran;https://meilleurtest.fr/comparatif-tablette-graphique-avec-ecran/;Tablettes graphiques
Les meilleures tasses personnalisées;https://meilleurtest.fr/comparatif-tasse-personnalisee/;tasse personnalisée
Les meilleurs coffrets de thé;https://meilleurtest.fr/comparatif-coffret-de-the/;thé
Les meilleurs thés noirs en sachet;https://meilleurtest.fr/comparatif-the-noir-sachet/;thé
Les meilleurs sites de vente de thé en ligne;https://meilleurtest.fr/comparatif-site-de-vente-de-the-ligne/;thé
Les meilleurs thés pour la toux;https://meilleurtest.fr/comparatif-the-pour-toux/;thé
Les meilleurs thés pour maigrir;https://meilleurtest.fr/comparatif-the-pour-maigrir/;thé
Les meilleurs thés pour le mal de gorge;https://meilleurtest.fr/comparatif-the-pour-mal-de-gorge/;thé
Les meilleurs thés pour dormir;https://meilleurtest.fr/comparatif-the-pour-dormir/;thé
Les meilleurs thés noirs;https://meilleurtest.fr/comparatif-the-noir/;thé
Les meilleurs thés en vrac;https://meilleurtest.fr/comparatif-the-vrac/;thé
Les meilleurs thés verts;https://meilleurtest.fr/comparatif-the-vert/;thé
Les meilleurs thés en sachet;https://meilleurtest.fr/comparatif-the-sachet/;thé
Les meilleures théières en verre;https://meilleurtest.fr/comparatif-theiere-verre/;thé
Les meilleures théières électriques;https://meilleurtest.fr/comparatif-theiere-electrique/;thé
Les meilleures théières en fonte;https://meilleurtest.fr/comparatif-theiere-fonte/;thé
Les meilleurs infuseurs à thé;https://meilleurtest.fr/comparatif-infuseur-a-the/;thé
Les meilleurs thés en sachet;https://meilleurtest.fr/comparatif-the-sachet/;thé
Les meilleures théières en verre;https://meilleurtest.fr/comparatif-theiere-verre/;thé
Les meilleures théières électriques;https://meilleurtest.fr/comparatif-theiere-electrique/;thé
Les meilleures théières en fonte;https://meilleurtest.fr/comparatif-theiere-fonte/;thé
Les meilleurs infuseurs à thé;https://meilleurtest.fr/comparatif-infuseur-a-the/;thé
Les meilleurs courtiers en ligne;https://meilleurtest.fr/comparatif-courtier-en-ligne/;Trading et investissement
Les meilleures plateformes de trading;https://meilleurtest.fr/comparatif-plateforme-de-trading/;Trading et investissement
Les meilleurs courtiers en bourse;https://meilleurtest.fr/comparatif-courtier-bourse/;Trading et investissement
Les meilleurs compte-titres;https://meilleurtest.fr/comparatif-compte-titres/;Trading et investissement
Les meilleurs PER en 2025;https://meilleurtest.fr/comparatif-per/;Trading et investissement
Les meilleurs sites pour ouvrir un PEA;https://meilleurtest.fr/comparatif-site-pour-ouvrir-un-pea/;Trading et investissement
Les meilleures pelotes de laine;https://meilleurtest.fr/comparatif-pelotes-de-laine/;Tricot et crochet
Les meilleurs vélos électriques Decathlon;https://meilleurtest.fr/comparatif-velo-electrique-decathlon/;vélo
Les meilleurs cadenas pour vélo;https://meilleurtest.fr/comparatif-cadenas-pour-velo/;vélo
Les meilleures sacoches guidon vélo;https://meilleurtest.fr/comparatif-sacoche-guidon-velo/;vélo
Les meilleurs gants de vélo de route été;https://meilleurtest.fr/comparatif-gant-de-velo-de-route-ete/;vélo
Les meilleurs vélos électriques à moins de 1000 euros;https://meilleurtest.fr/comparatif-velo-electrique-a-moins-de-1000-euros/;vélo
Les meilleurs vélos pour enfant de 3 ans;https://meilleurtest.fr/comparatif-velo-pour-enfant-de-3-ans/;vélo
Les meilleurs vélos de randonnée électriques;https://meilleurtest.fr/comparatif-velo-de-randonnee-electrique/;vélo
Les meilleures roues carbone pour vélo de route;https://meilleurtest.fr/comparatif-roue-carbone-pour-velo-de-route/;vélo
Les meilleurs vélos de route aluminium;https://meilleurtest.fr/comparatif-velo-de-route-aluminium/;vélo
Les meilleurs garde-boue pour vélo de route;https://meilleurtest.fr/comparatif-garde-boue-pour-velo-de-route/;vélo
Les meilleurs cuissards long hiver;https://meilleurtest.fr/comparatif-cuissard-long-hiver/;vélo
Les meilleures lunettes vélo photochromiques;https://meilleurtest.fr/comparatif-lunettes-velo-photochromiques/;vélo
Les meilleurs cuissards vélo longue distance;https://meilleurtest.fr/comparatif-cuissard-velo-longue-distance/;vélo
Les meilleures selles de vélo de route longue distance;https://meilleurtest.fr/comparatif-selle-de-velo-de-route-longue-distance/;vélo
Les meilleurs pneus vélo de route anti-crevaison;https://meilleurtest.fr/comparatif-pneu-velo-de-route-anti-crevaison/;vélo
Les meilleurs lubrifiants chaîne vélo;https://meilleurtest.fr/comparatif-lubrifiant-chaine-velo/;vélo
Les meilleurs gants de vélo hiver;https://meilleurtest.fr/comparatif-gants-de-velo-hiver/;vélo
Les meilleurs maillots de vélo;https://meilleurtest.fr/comparatif-maillot-de-velo/;vélo
Les meilleurs gravel bikes électriques;https://meilleurtest.fr/comparatif-gravel-electrique/;vélo
Les meilleures housses de transport vélo;https://meilleurtest.fr/comparatif-housse-de-transport-velo/;vélo
Les meilleurs freins hydrauliques de VTT;https://meilleurtest.fr/comparatif-frein-hydraulique-de-vtt/;vélo
Les meilleurs gants VTT;https://meilleurtest.fr/comparatif-gants-vtt/;vélo
Les meilleurs guidons de VTT;https://meilleurtest.fr/comparatif-guidon-de-vtt/;vélo
Les meilleurs garde-boue de VTT;https://meilleurtest.fr/comparatif-garde-boue-de-vtt/;vélo
Les meilleures fourches de VTT;https://meilleurtest.fr/comparatif-fourche-de-vtt/;vélo
Les meilleurs VTT XC tout suspendus;https://meilleurtest.fr/comparatif-vtt-xc-tout-suspendu/;vélo
Les meilleurs vélos cargos électriques;https://meilleurtest.fr/comparatif-velo-cargo-electrique/;vélo
Les meilleures roues de gravel bike;https://meilleurtest.fr/comparatif-roue-de-gravel-bike/;vélo
Les meilleures lunettes de vélo;https://meilleurtest.fr/comparatif-lunettes-de-velo/;vélo
Les meilleurs dérailleurs Shimano;https://meilleurtest.fr/comparatif-derailleur-shimano/;vélo
Les meilleurs cuissards VTT;https://meilleurtest.fr/comparatif-cuissard-vtt/;vélo
Les meilleures chaussures de gravel;https://meilleurtest.fr/comparatif-chaussures-de-gravel/;vélo
Les meilleurs casques intégraux VTT;https://meilleurtest.fr/comparatif-casque-integral-vtt/;vélo
Les meilleures casquettes vélo;https://meilleurtest.fr/comparatif-casquette-velo/;vélo
Les meilleurs BMX;https://meilleurtest.fr/comparatif-bmx/;vélo
Les meilleurs vélos de ville pour femme;https://meilleurtest.fr/comparatif-velo-de-ville-pour-femme/;vélo
Les meilleurs VTT pour homme;https://meilleurtest.fr/comparatif-vtt-pour-homme/;vélo
Les meilleurs vélos de triathlon;https://meilleurtest.fr/comparatif-velo-de-triathlon/;vélo
Les meilleurs vélos BMC;https://meilleurtest.fr/comparatif-velo-bmc/;vélo
Les meilleures vestes de VTT hiver;https://meilleurtest.fr/comparatif-veste-de-vtt-hiver/;vélo
Les meilleurs vélos pour fille;https://meilleurtest.fr/comparatif-velo-pour-fille/;vélo
Les meilleurs vélos de route carbone;https://meilleurtest.fr/comparatif-velos-de-route-carbone/;vélo
Les meilleurs vélos de route pas chers;https://meilleurtest.fr/comparatif-velo-de-route-pas-cher/;vélo
Les meilleurs VTT descente;https://meilleurtest.fr/comparatif-vtt-descente/;vélo
Les meilleurs VTT électriques Cube;https://meilleurtest.fr/comparatif-vtt-electrique-cube/;vélo
Les meilleurs VTT trek;https://meilleurtest.fr/comparatif-vtt-trek/;vélo
Les meilleurs VTT dirt;https://meilleurtest.fr/comparatif-vtt-dirt/;vélo
Les meilleurs VTT enduro;https://meilleurtest.fr/comparatif-vtt-enduro/;vélo
Les meilleurs VTT pour enfant;https://meilleurtest.fr/comparatif-vtt-pour-enfant/;vélo
Les meilleurs VTT électriques pour homme;https://meilleurtest.fr/comparatif-vtt-electrique-pour-homme/;vélo
Les meilleurs VTT pour femmes;https://meilleurtest.fr/comparatif-vtt-pour-femme/;vélo
Les meilleurs VTT tout suspendus à moins de 2000 euros;https://meilleurtest.fr/comparatif-vtt-tout-suspendu-a-moins-de-2000-euros/;vélo
Les meilleurs vélos de route pour débutant;https://meilleurtest.fr/comparatif-velos-de-route-pour-debutant/;vélo
Les meilleurs feux arrière vélo;https://meilleurtest.fr/comparatif-feu-arriere-velo/;vélo
Les meilleurs éclairages vélo;https://meilleurtest.fr/comparatif-eclairage-velo/;vélo
Les meilleurs kits vélos électriques;https://meilleurtest.fr/comparatif-kit-roue-electrique-pour-velo/;vélo
Les meilleurs vélos de route à moins de 3000 euros;https://meilleurtest.fr/comparatif-velo-de-route-a-moins-de-3000-euros/;vélo
Les meilleurs porte-vélos hayon;https://meilleurtest.fr/comparatif-porte-velo-hayon/;vélo
Les meilleurs vélos d'endurance;https://meilleurtest.fr/comparatif-velo-dendurance/;vélo
Les meilleurs vélos de montagne;https://meilleurtest.fr/comparatif-velo-de-montagne/;vélo
Les meilleurs vélos hollandais pour femme;https://meilleurtest.fr/comparatif-velo-hollandais-pour-femme/;vélo
Les meilleures selles de VTT;https://meilleurtest.fr/comparatif-selle-de-vtt/;vélo
Les meilleurs vélos hybrides;https://meilleurtest.fr/comparatif-velo-hybride/;vélo
Les meilleurs VTT à moins de 800 euros;https://meilleurtest.fr/comparatif-vtt-a-moins-de-800-euros/;vélo
Les meilleurs vélos de route électriques;https://meilleurtest.fr/comparatif-velo-de-route-electrique/;vélo
Les meilleurs vélos électriques Leclerc;https://meilleurtest.fr/comparatif-velo-electrique-leclerc/;vélo
Les meilleurs vélos Winora;https://meilleurtest.fr/comparatif-velo-winora/;vélo
Les meilleurs vélos Moma Bike;https://meilleurtest.fr/comparatif-velo-moma-bike/;vélo
Les meilleurs vélos pour femme;https://meilleurtest.fr/comparatif-velo-pour-femme/;vélo
Les meilleurs vélos semi-allongés;https://meilleurtest.fr/comparatif-velo-semi-allonge/;vélo
Les meilleurs GPS VTT;https://meilleurtest.fr/comparatif-gps-vtt/;vélo
Les meilleures chaussures de VTT;https://meilleurtest.fr/comparatif-chaussures-de-vtt/;vélo
Les meilleurs vélos de route à moins de 1500 euros;https://meilleurtest.fr/comparatif-velo-de-route-a-moins-de-1500-euros/;vélo
Les meilleurs vélos de route à moins de 1000 euros;https://meilleurtest.fr/comparatif-velo-de-route-a-moins-de-1000-euros/;vélo
Les meilleurs supports de téléphone pour VTT;https://meilleurtest.fr/comparatif-support-de-telephone-pour-vtt/;vélo
Les meilleures pédales plates de VTT;https://meilleurtest.fr/comparatif-pedale-plate-de-vtt/;vélo
Les meilleurs VTT All Mountain;https://meilleurtest.fr/comparatif-vtt-all-mountain/;vélo
Les meilleurs VTT cross country;https://meilleurtest.fr/comparatif-vtt-cross-country/;vélo
Les meilleures tiges de selle suspendues;https://meilleurtest.fr/comparatif-tige-de-selle-suspendue/;vélo
Les meilleures mini pompes VTT;https://meilleurtest.fr/comparatif-mini-pompe-vtt/;vélo
Les meilleurs vélos électriques légers;https://meilleurtest.fr/comparatif-velo-electrique-leger/;vélo
Les meilleurs cuissards vélos pour femme;https://meilleurtest.fr/comparatif-cuissard-velo-pour-femme/;vélo
Les meilleures roues de vélo de route en aluminium;https://meilleurtest.fr/comparatif-roues-de-velo-de-route-aluminium/;vélo
Les meilleures pédales pour vélo de route;https://meilleurtest.fr/comparatif-pedales-pour-velo-de-route/;vélo
Les meilleurs vélos de route pour la montagne;https://meilleurtest.fr/comparatif-velo-de-route-pour-montagne/;vélo
Les meilleures chaussures de vélo de route;https://meilleurtest.fr/comparatif-chaussures-de-velo-de-route/;vélo
Les meilleurs pneus de gravel;https://meilleurtest.fr/comparatif-pneu-de-gravel/;vélo
Les meilleurs antivols pour vélo électrique;https://meilleurtest.fr/comparatif-antivol-pour-velo-electrique/;vélo
Les meilleurs GPS vélo;https://meilleurtest.fr/comparatif-gps-velo/;vélo
Les meilleures selles pour vélo de route;https://meilleurtest.fr/comparatif-selle-pour-velo-de-route/;vélo
Les meilleures roues de vélo de route;https://meilleurtest.fr/comparatif-roue-de-velo-de-route/;vélo
Les meilleurs pneus vélo de route;https://meilleurtest.fr/comparatif-pneu-velo-de-route/;vélo
Les meilleurs casques VTT;https://meilleurtest.fr/comparatif-casque-vtt/;vélo
Les meilleurs pneus VTT polyvalents;https://meilleurtest.fr/comparatif-pneu-vtt-polyvalent/;vélo
Les meilleurs vélos électriques Makadam;https://meilleurtest.fr/comparatif-velo-electrique-makadam/;vélo
Les meilleurs vélos;https://meilleurtest.fr/comparatif-velo/;vélo
Les meilleurs vélos rapport qualité/prix;https://meilleurtest.fr/comparatif-velos-rapport-qualite-prix/;vélo
Les meilleurs cuissards vélo;https://meilleurtest.fr/comparatif-cuissard-velo/;vélo
Les meilleurs gravel bike;https://meilleurtest.fr/comparatif-gravel-bike/;vélo
Les meilleurs vélos électriques rapport qualité/prix;https://meilleurtest.fr/comparatif-velos-electriques-rapport-qualite-prix/;vélo
Les meilleurs vélos pour enfants;https://meilleurtest.fr/comparatif-velo-pour-enfants/;vélo
Les meilleurs VTT électriques tout suspendus;https://meilleurtest.fr/comparatif-vtt-electrique-tout-suspendu/;vélo
Les meilleurs VTT haut de gamme;https://meilleurtest.fr/comparatif-vtt-haut-de-gamme/;vélo
Les meilleures lampes de vélo;https://meilleurtest.fr/comparatif-lampe-de-velo/;vélo
Les meilleurs gants de vélo rembourrés;https://meilleurtest.fr/comparatif-gant-de-velo-rembourre/;vélo
Les meilleurs gants de vélo de route;https://meilleurtest.fr/comparatif-gants-de-velo-de-route/;vélo
Les meilleurs casques vélos de route;https://meilleurtest.fr/comparatif-casque-velo-de-route/;vélo
Les meilleurs casques vélos;https://meilleurtest.fr/comparatif-casque-velo/;vélo
Les meilleurs clignotants vélos;https://meilleurtest.fr/comparatif-clignotant-velo/;vélo
Les meilleures selles de vélo;https://meilleurtest.fr/comparatif-selle-de-velo/;vélo
Les meilleurs VTT rapport qualité/prix;https://meilleurtest.fr/comparatif-vtt-rapport-qualite-prix/;vélo
Les meilleurs vélos électriques pliants;https://meilleurtest.fr/comparatif-velo-electrique-pliant/;vélo
Les meilleurs casques vélo urbains;https://meilleurtest.fr/comparatif-casque-de-velo-de-ville/;vélo
Les meilleures remorques vélo pour enfants;https://meilleurtest.fr/comparatif-remorque-velo-pour-enfant/;vélo
Les meilleurs VTT;https://meilleurtest.fr/comparatif-vtt/;vélo
Les meilleurs vélos électriques;https://meilleurtest.fr/comparatif-velo-electrique/;vélo
Les meilleurs outils multifonctions pour vélo;https://meilleurtest.fr/comparatif-outil-multifonction-pour-velo/;vélo
Les meilleurs clignotants vélos;https://meilleurtest.fr/comparatif-clignotant-velo/;vélo
Les meilleures selles de vélo;https://meilleurtest.fr/comparatif-selle-de-velo/;vélo
Les meilleurs VTT rapport qualité/prix;https://meilleurtest.fr/comparatif-vtt-rapport-qualite-prix/;vélo
Les meilleurs vélos électriques pliants;https://meilleurtest.fr/comparatif-velo-electrique-pliant/;vélo
Les meilleurs casques vélo urbains;https://meilleurtest.fr/comparatif-casque-de-velo-de-ville/;vélo
Les meilleures remorques vélo pour enfants;https://meilleurtest.fr/comparatif-remorque-velo-pour-enfant/;vélo
Les meilleurs VTT;https://meilleurtest.fr/comparatif-vtt/;vélo
Les meilleurs vélos électriques;https://meilleurtest.fr/comparatif-velo-electrique/;vélo
Les meilleurs outils multifonctions pour vélo;https://meilleurtest.fr/comparatif-outil-multifonction-pour-velo/;vélo
Les meilleurs vins Bordeaux;https://meilleurtest.fr/comparatif-vins-bordeaux/;Vin et œnologie
Les meilleurs vins du Pic Saint Loup;https://meilleurtest.fr/comparatif-vin-du-pic-saint-loup/;Vin et œnologie
Les meilleures caves à vin;https://meilleurtest.fr/comparatif-cave-a-vin/;Vin et œnologie
Les meilleurs whiskies français;https://meilleurtest.fr/comparatif-whisky-francais/;Vin et œnologie
Les meilleurs whiskys rapport qualité/prix;https://meilleurtest.fr/comparatif-whiskys-rapport-qualite-prix/;Vin et œnologie
Les meilleurs whiskies tourbés;https://meilleurtest.fr/comparatif-whisky-tourbe/;Vin et œnologie
Les meilleurs vins blancs sucrés;https://meilleurtest.fr/comparatif-vin-blanc-sucre/;Vin et œnologie
Les meilleurs whiskys écossais;https://meilleurtest.fr/comparatif-whisky-ecossais/;Vin et œnologie
Les meilleurs whiskys de seigle;https://meilleurtest.fr/comparatif-whisky-de-seigle/;Vin et œnologie
Les meilleurs proseccos;https://meilleurtest.fr/comparatif-prosecco/;Vin et œnologie
Les meilleurs rhums arrangés;https://meilleurtest.fr/comparatif-rhum-arrange/;Vin et œnologie
Les meilleurs vins rouges;https://meilleurtest.fr/comparatif-vin-rouge/;Vin et œnologie
Les meilleurs whiskies japonais;https://meilleurtest.fr/comparatif-whisky-japonais/;Vin et œnologie
Les meilleurs rhums du monde;https://meilleurtest.fr/comparatif-rhum-du-monde/;Vin et œnologie
Les meilleurs rhums blancs;https://meilleurtest.fr/comparatif-rhum-blanc/;Vin et œnologie
Les meilleurs whisky irlandais;https://meilleurtest.fr/comparatif-whisky-irlandais/;Vin et œnologie
Les meilleurs caves à vins encastrables;https://meilleurtest.fr/comparatif-cave-a-vin-encastrable/;Vin et œnologie
Les meilleurs caves à vin de vieillissement;https://meilleurtest.fr/comparatif-cave-a-vin-de-vieillissement/;Vin et œnologie
Les meilleurs scotchs whisky;https://meilleurtest.fr/comparatif-scotch-whisky/;Vin et œnologie
Les meilleurs vins rouges;https://meilleurtest.fr/comparatif-vin-rouge/;Vin et œnologie
Les meilleurs whiskies japonais;https://meilleurtest.fr/comparatif-whisky-japonais/;Vin et œnologie
Les meilleurs rhums du monde;https://meilleurtest.fr/comparatif-rhum-du-monde/;Vin et œnologie
Les meilleurs rhums blancs;https://meilleurtest.fr/comparatif-rhum-blanc/;Vin et œnologie
Les meilleurs whisky irlandais;https://meilleurtest.fr/comparatif-whisky-irlandais/;Vin et œnologie
Les meilleurs caves à vins encastrables;https://meilleurtest.fr/comparatif-cave-a-vin-encastrable/;Vin et œnologie
Les meilleurs caves à vin de vieillissement;https://meilleurtest.fr/comparatif-cave-a-vin-de-vieillissement/;Vin et œnologie
Les meilleurs scotchs whisky;https://meilleurtest.fr/comparatif-scotch-whisky/;Vin et œnologie
Les meilleures platines vinyles audiophiles;https://meilleurtest.fr/comparatif-platine-vinyle-audiophile/;Vinyles et platines
Les meilleures platines vinyles avec ampli intégré;https://meilleurtest.fr/comparatif-platine-vinyle-avec-ampli-integre/;Vinyles et platines
Les meilleures platines vinyle Technics;https://meilleurtest.fr/comparatif-platine-vinyle-technics/;Vinyles et platines
Les meilleures platines vinyles haut de gamme;https://meilleurtest.fr/comparatif-platine-vinyle-haut-de-gamme/;Vinyles et platines
Les meilleures platines vinyles avec enceintes intégrées;https://meilleurtest.fr/comparatif-platine-vinyle-avec-enceintes-integrees/;Vinyles et platines
Les meilleures platines vinyles bluetooth;https://meilleurtest.fr/comparatif-platine-vinyle-bluetooth/;Vinyles et platines
Les meilleurs tourne-disques vintage;https://meilleurtest.fr/comparatif-tourne-disque-vintage/;Vinyles et platines
Les meilleurs parcs d'attractions en France;https://meilleurtest.fr/comparatif-parc-dattractions-en-france/;Voyage
Les meilleurs clubs vacances famille;https://meilleurtest.fr/comparatif-club-vacances-famille/;Voyage
Les meilleures sites pour acheter des billets d'avion;https://meilleurtest.fr/comparatif-site-pour-acheter-des-billets-avion/;Voyage
Les meilleurs hamacs de voyage;https://meilleurtest.fr/comparatif-hamac-de-voyage/;Voyage
Les meilleures serviettes microfibre;https://meilleurtest.fr/comparatif-serviette-microfibre/;Voyage
Les meilleures housses de rangement de voyage;https://meilleurtest.fr/comparatif-housse-de-rangement-de-voyage/;Voyage
Les meilleurs sacs de voyage pour homme;https://meilleurtest.fr/comparatif-sac-de-voyage-pour-homme/;Voyage
Les meilleurs parcs aquatiques;https://meilleurtest.fr/comparatif-parc-aquatique/;Voyage
Les meilleurs comparateurs de vol;https://meilleurtest.fr/comparatif-comparateur-de-vol/;Voyage
Les meilleures sangles pour valise;https://meilleurtest.fr/comparatif-sangle-pour-valise/;Voyage
Les meilleurs portefeuilles de voyage;https://meilleurtest.fr/comparatif-portefeuille-de-voyage/;Voyage
Les meilleurs sacs de voyage;https://meilleurtest.fr/comparatif-sac-de-voyage/;Voyage
Les meilleures sangles pour valise;https://meilleurtest.fr/comparatif-sangle-pour-valise/;Voyage
Les meilleurs portefeuilles de voyage;https://meilleurtest.fr/comparatif-portefeuille-de-voyage/;Voyage
Les meilleurs sacs de voyage;https://meilleurtest.fr/comparatif-sac-de-voyage/;Voyage
