ID;post_title;_post_permalink;category;mltv5_introduction
42663;Les meilleurs laits de croissance liquides;https://meilleurtest.fr/comparatif-lait-de-croissance-liquide/;Puériculture et parentalité;Indiqué à partir de 10 mois, le lait de croissance liquide accompagne les jeunes enfants dans leur développement. Riche en vitamines, minéraux et acides gras essentiels, plus facile à assimiler que le lait e poudre, il favorise un développement sain et équilibré. Voulez-vous proposer à votre bébé un bon lait de croissance liquide ? Pour vous aider à choisir, découvrez notre sélection des meilleurs produits proposés par les marques et enseignes de grande distribution cette année.
42592;Les meilleures couches post-accouchement;https://meilleurtest.fr/comparatif-couche-post-accouchement/;Puériculture et parentalité;Après l’accouchement, la femme fait généralement face à des écoulements sanguins abondants et/ou souffre d’incontinence urinaire. Ces désagréments durent parfois plusieurs semaines, d'où l'utilité des couches post-accouchement. Indiquées pour la maternité et la maison, elles sont plus longues et plus larges que les serviettes hygiéniques classiques, d'où leur capacité d'absorption accrue pour une meilleure protection contre les flux abondants et les caillots. Mais lesquelles choisir ? Faites le bon choix en découvrant notre sélection des meilleures couches post-accouchement pour cette année.
42517;Les meilleurs doudous bébé;https://meilleurtest.fr/comparatif-doudou-bebe/;Puériculture et parentalité;Le doudou occupe une place importante dans le développement émotionnel et affectif des enfants, surtout ceux en bas âge. Il donne du réconfort quand l’enfant est triste, apporte un sentiment de sécurité et du soutien lors des moments de séparation ou à l’heure du dodo. Choisir le bon doudou, avec une texture douce, moelleuse, et des éléments stimulants, peut accélérer l’apprentissage sensoriel et aider les bébés à se sentir en confiance. C’est la raison pour laquelle nous avons sélectionné les meilleurs modèles du moment dans ce comparatif.
42513;Les meilleurs tire-laits mains libres;https://meilleurtest.fr/comparatif-tire-lait-main-libre/;Puériculture et parentalité;Exprimez le lait de vos seins en vaquant à d'autres occupations grâce au tire-lait mains libres. Contrairement au tire-lait manuel et au tire-lait à brancher sur secteur, l'alimentation sans fil et le moteur intelligent évitent aux mamans de rester près d’une source électrique, encore moins de pomper à la main pour avoir la quantité de lait nécessaire. Les téterelles et les réservoirs s'installent directement sous les bonnets du soutien-gorge, épousant la forme des seins pour plus de confort, tandis que le moteur se fixe à la ceinture. Facilitez-vous la vie en essayant cette innovation et découvrez nos conseils pour faire le bon choix.
42507;Les meilleurs pots pour garçon;https://meilleurtest.fr/comparatif-pot-pour-garcon/;Puériculture et parentalité;"Finies les éclaboussures à côté ! On peut faire de chaque pipi une petite victoire. Et pour cela, on apprend la propreté sans débordement aux petits garçons grâce au pot. L’apprentissage se fait en douceur, dans le meilleur confort, et de manière très ludique. Vous ne pourrez que sauvez votre sol (et votre patience bien évidemment). Avec pare-jet, évolutif ou mural ? Découvrez ce qui fera plaisir à votre bout de chou en lisant notre comparatif des <a href=""https://meilleurtest.fr/comparatif-pot-de-chambre-bebe/"">meilleurs pots</a> pour garçon."
42487;Les meilleures veilleuses bébé à projection plafond;https://meilleurtest.fr/comparatif-veilleuse-bebe-a-projection-plafond/;Puériculture et parentalité;La veilleuse bébé à projection plafond instaure une ambiance apaisante et rassurante, propice au sommeil des tout-petits. Grâce à la diffusion de motifs lumineux (étoiles, licornes, monde marin...) et de douces mélodies, bébé pourra s'endormir plus facilement, se sentira en sécurité dans sa bulle et se réveillera moins la nuit. En plus, elle épargne aux parents la routine parfois chronophage du dodo. Sous forme de peluche, de boule multicolore ou de boîte à musique, trouvez la meilleure veilleuse bébé à projection plafond en parcourant notre comparatif.
42486;Les meilleurs laits infantiles 2ème âge;https://meilleurtest.fr/comparatif-lait-infantile-2eme-age/;Puériculture et parentalité;"À partir de 6 mois, les besoins nutritionnels de bébé évoluent et le lait infantile 2eme âge prend le relais. À la différence du<a href=""https://meilleurtest.fr/comparatif-lait-infantile-premier-age/""> lait infantile premier âge,</a> il accompagne la diversification alimentaire et peut également servir de substitut au lait maternel. Plusieurs formules existent : celle qui permettent de digérer comme un grand, de faire le plein d’énergie et/ou d'éviter les tracas du quotidien. Formule classique, épaissie, bio, hypoallergénique, anti-coliques, anti-régurgitations, anti-reflux, sans lactose, pas facile de faire le tri. Pour vous aider, découvrez notre sélection des meilleurs laits infantiles 2ème âge."
42477;Les meilleurs chariots de marche bébé;https://meilleurtest.fr/comparatif-chariot-de-marche-bebe/;Puériculture et parentalité;"Bébé veut bouger et explorer la maison en marchant ? Puisque ses premiers pas sont un moment important de sa vie, achetez-lui un chariot de marche pour l’aider à se déplacer en toute sécurité ! Semblable au <a href=""https://meilleurtest.fr/comparatif-trotteur-bebe/"">trotteur bébé</a>, cet équipement ne penche pas, ne s’incline pas et garde bébé en équilibre. Et le plus souvent, il évolue avec l’enfant, à mesure que votre progéniture grandit, afin d’encourager l’autonomie et prévenir les petits bobos qui résultent des chutes. En bois, en plastique, musical, interactif ou multifonction, découvrez notre sélection des meilleurs chariots de marche bébé pour cette année."
42471;Les meilleurs pots de conservation bébé;https://meilleurtest.fr/comparatif-pot-de-conservation-bebe/;Puériculture et parentalité;"Marre des purées qui fuient ou des portions mal dosées ? À l'image <a href=""https://meilleurtest.fr/comparatif-gourde-compote-reutilisable/"">des gourdes compotes réutilisables</a>, les pots de conservation bébé révolutionnent l’organisation des repas, à la maison comme en balade ! Hermétiques, pratiques, réutilisables : ils préservent la fraîcheur et les saveurs de la nourriture dans les meilleures conditions. En verre, en plastique ou en silicone ? Format emboîtable, empilable ou compartimenté ? À chaque besoin son lot de petits pots ! Si vous souhaitez en savoir plus, découvrez les meilleurs pots de conservation bébé pour cette année."
42421;Les meilleurs oreillers pour bébé de 2 ans;https://meilleurtest.fr/comparatif-oreiller-pour-bebe-de-2-ans/;Puériculture et parentalité;Pour les bébés de 2 ans, l’oreiller est un véritable compagnon pour dormir paisiblement le temps d’une nuit, d’une promenade, d’un trajet en voiture ou d’une sieste. Le sommeil étant essentiel à la santé et au bien-être des tout-petits, cet accessoire de literie fait coup double en offrant un excellent soutien à la nuque et à la colonne vertébrale. Encore faut-il choisir le bon modèle, celui qui correspond à la bonne tranche d’âge. Afin que vos enfants puissent profiter du meilleur des conforts la nuit et pendant la journée, découvrez notre sélection des meilleurs oreillers pour bébé de 2 ans pour cette année.
42346;Les meilleurs marche pieds bébé;https://meilleurtest.fr/comparatif-marche-pied-bebe/;Puériculture et parentalité;Dès que votre enfant maîtrise la marche, il voudra devenir autonome afin d'explorer son environnement à sa guise sans systématiquement demander votre aide. Dans sa tête, il sait qu’il peut se débrouiller. Mais en réalité, sa petite taille représente une limite chaque fois qu'il voudra atteindre un objet en hauteur. Pour lui faire gagner une quinzaine de centimètres, la meilleure solution consiste à lui offrir un marche pied bébé. Pour en savoir plus sur cet accessoire pratique, consultez notre guide d’achat.
42310;Les meilleures layettes bébé;https://meilleurtest.fr/comparatif-layette-bebe/;Puériculture et parentalité;L’attente d’une naissance à venir n’est pas de tout repos pour les futurs parents. C'est normal de vouloir que tout soit parfait pour accueillir un bébé. Parmi les essentiels à prévoir, la garde-robe du nouveau-venu représente une des principales sources de préoccupations. Face à l’incertitude qui s’installe pendant les préparatifs, nous nous sommes donné pour mission de vous rassurer avec ce guide d’achat sur la layette bébé, c’est-à-dire ses premiers vêtements. En plus d’y trouver les réponses à vos tourments, vous y découvrirez notre sélection des meilleures layettes bébé pour cette année.
42281;Les meilleurs jouets bébé dès 6 mois;https://meilleurtest.fr/comparatif-jouet-bebe-des-6-mois/;Puériculture et parentalité;À partir du sixième mois, bébé commence à manifester davantage de curiosité sur son environnement et sur les personnes qu'il côtoie. Pour comprendre où il en est dans son développement, vous pouvez l'aider à explorer ses intérêts et sa personnalité en lui offrant des jouets adaptés à son âge. Si vous cherchez les meilleurs jouets bébé dès 6 mois, ce guide d'achat est fait pour vous. Nous y proposons une sélection des meilleurs modèles pour cette année.
42278;Les meilleurs jouets d'éveil bébé;https://meilleurtest.fr/comparatif-jouet-eveil-bebe/;Puériculture et parentalité;"L'éveil des tout-petits revêt une importance cruciale dans leur développement physique et intellectuel. Parmi les outils pour éveiller leur curiosité et leur imagination, les jouets d'éveil sont indispensables. En effet, ils attirent l'attention des bébés, leur apprennent la concentration et les accompagnent dans l'exploration de leurs sens, <a href=""https://meilleurtest.fr/comparatif-tapis-d-eveil/"">de leurs mouvements</a> et de leur appréhension du monde qui les entoure. Pour vous, nous avons sélectionné les meilleurs jouets d’éveil bébé à valeur éducative."
42239;Les meilleures grignoteuses bébé;https://meilleurtest.fr/comparatif-grignoteuse-bebe/;Puériculture et parentalité;"La grignoteuse bébé ou <a href=""https://meilleurtest.fr/comparatif-tetine-bebe/"">la tétine grignoteuse</a> est un accessoire offrant la possibilité de faire goûter à votre enfant de nouvelles saveurs, et ce tout en douceur. Le marché actuel regorge de nombreux modèles aux formes variées, si bien que les parents ont du mal à s’y retrouver. La qualité est pourtant à privilégier puisque bébé va l'introduire dans sa bouche et ingurgiter son contenu. Afin de vous épargner des heures de recherches, nous avons sélectionné les meilleures grignoteuses bébé pour cette année."
42076;Les meilleures caméras pour bébé;https://meilleurtest.fr/comparatif-camera-pour-bebe/;Puériculture et parentalité;Saviez-vous qu'une bonne caméra pour bébé aura un impact significatif sur la sécurité et le confort de votre nourrisson ? Dans un monde où trouver l'équilibre entre vie professionnelle, vie familiale et besoin de sécurité est devenu un défi croissant, l'achat d'une caméra pour bébé n'est plus une option, mais une nécessité. D'autant que la caméra bébé ne se contente plus de surveiller : elle interagit également avec l'enfant, créant un environnement sûr et plus apaisant. Lisez notre guide pour découvrir comment transformer la chambre de votre bout de chou en un havre de paix connecté.
42043;Les meilleurs laits infantiles de relais d'allaitement;https://meilleurtest.fr/comparatif-lait-infantile-de-relais-d-allaitement/;Puériculture et parentalité;"Quand l'allaitement maternel est compliqué ou n'est tout simplement pas possible, il faut recourir au lait infantile de relais d'allaitement. Plus nutritif qu’un <a href=""https://meilleurtest.fr/comparatif-lait-infantile-bebe/"">lait infantile standard</a>, cette alternative enrichie en éléments nutritionnels (vitamines, facteurs immunologiques, antioxydants, minéraux, protéines, fibres prébiotiques, etc.) se rapproche au plus près du lait maternel, répondant ainsi aux besoins des nourrissons. Formule bio, au lait de chèvre, sans huile de palme, lequel choisir et quelle tranche d'âge ? Pour le savoir, fiez-vous à notre guide des meilleurs laits infantiles de relais d’allaitement."
42036;Les meilleurs ordinateurs éducatifs pour enfant de 3 ans;https://meilleurtest.fr/comparatif-ordinateur-educatif-pour-enfant-de-3-ans/;Puériculture et parentalité;"L'âge de 3 ans marque le début d'une période cruciale du développement chez l'enfant, un moment où l'apprentissage et l'exploration jouent un rôle essentiel. Pendant cette période, en plus des <a href=""https://meilleurtest.fr/liste-jeux-educatifs-3-ans/"">jeux éducatifs classiques</a> et des <a href=""https://meilleurtest.fr/liste-jouet-dexterieur-pour-enfant/"">jouets d’extérieur</a>, vous pouvez offrir à l'enfant de 3 ans un ordinateur éducatif. Il s’agit d’un jouet électronique qui lui permettra d’apprendre les chiffres, les lettres et les bases du langage de façon ludique. Ce guide d’achat a été rédigé pour aider les parents à trouver le meilleur ordinateur éducatif pour leurs enfants de 3 ans."
42016;Les meilleurs laits anti-reflux;https://meilleurtest.fr/comparatif-lait-anti-reflux/;Puériculture et parentalité;"Coliques, allergies, insomnies, bébé prend souvent ses parents au dépourvu. Parmi les problèmes incontournables, difficile de ne pas citer la régurgitation, phénomène dû aux difficultés de bébé à digérer le <a href=""https://meilleurtest.fr/comparatif-lait-de-croissance/"">lait de croissance</a>. Heureusement, les experts de la nourriture infantile ont trouvé la parade grâce au lait anti-reflux, une formule lactée épaissie qui réduit les remontées gastriques. Si votre bébé régurgite son lait, ce guide d’achat sur les meilleurs laits anti-reflux devrait vous venir en aide."
41982;Les meilleurs laits infantiles premier âge;https://meilleurtest.fr/comparatif-lait-infantile-premier-age/;Puériculture et parentalité;"En tant que jeune parent, le choix du <a href=""https://meilleurtest.fr/comparatif-lait-infantile-bebe/"">lait</a> pour votre tout-petit sera un vrai casse-tête, en particulier pendant les premiers mois de sa vie. Pour les bébés de 0 à 6 mois, le meilleur substitut au lait maternel est sans conteste le lait infantile premier âge. Cette formule apporte au nourrisson tous les nutriments essentiels pour une croissance rapide tout en facilitant la digestion. Pour une alimentation saine de bébé durant ses premiers mois, découvrez notre guide des meilleurs laits infantiles de premier âge."
41932;Les meilleures poussettes Cybex;https://meilleurtest.fr/comparatif-poussette-cybex/;Puériculture et parentalité;"Les <a href=""https://meilleurtest.fr/comparatif-poussette-tout-terrain-3-en-1/"">poussettes</a> Cybex sont à la fois pratiques, confortables et très stylées. Comme ces accessoires de puériculture sont proposés dans un large choix de coloris, de gammes et de designs, il est facile de les adapter à votre style et à vos habitudes de vie. Néanmoins, faire un choix éclairé reste compliqué, notamment en raison du catalogue très diversifié de la marque et des nombreux accessoires en options. Pour trouver la meilleure poussette Cybex pour votre bébé, lisez ce guide comparatif."
41899;Les meilleures poussettes tout terrain 3-en-1;https://meilleurtest.fr/comparatif-poussette-tout-terrain-3-en-1/;Puériculture et parentalité;Profitez de l’ambiance extérieure avec bébé (voyages, jogging, balades) en l’installant confortablement dans une poussette sécuritaire et stable. En vue de faciliter les déplacements fréquents, la poussette tout terrain 3-en-1 constitue une solution effective et évolutive à adopter grâce à sa polyvalence et sa fonctionnalité modulable. À ce propos, notre guide d’achat vous aide à trouver un modèle fiable et vous renseigne plus amplement sur la poussette tout terrain 3-en-1.
41806;Les meilleures cuillères bébé;https://meilleurtest.fr/comparatif-cuillere-bebe/;Puériculture et parentalité;"Bébé ne suit qu’un <a href=""https://meilleurtest.fr/comparatif-lait-de-croissance/"">régime exclusivement lacté</a> jusqu’à 6 mois. Une fois cet âge atteint, il peut passer le cap de la diversification alimentaire et goûter à de nouveaux aliments. La réussite de cette étape nécessite pourtant la meilleure des cuillères bébé. En silicone, en bambou, en acier ou en plastique ? Si vous avez du mal à choisir, voici notre sélection des modèles les plus en vue du moment."
41805;Les meilleurs cotons pour bébés;https://meilleurtest.fr/comparatif-coton-pour-bebe/;Puériculture et parentalité;"Tous les parents, surtout ceux qui viennent d'avoir leur premier enfant, s’inquiètent de beaucoup de choses quand il s’agit de leur tout-petit. C’est tout à fait normal puisque les bébés sont si fragiles et il faut choisir ses accessoires, <a href=""https://meilleurtest.fr/comparatif-coffret-repas-bebe/"">son alimentation</a> et tout ce qui le concerne avec minutie. Les cotons pour bébés ne dérogent pas à la règle. On les préfère bio et doux, mais il ne faut pas négliger leur praticité. Lisez ce guide pour mieux choisir les cotons pour sa toilette et le change."
41783;Les meilleurs coffrets repas bébé;https://meilleurtest.fr/comparatif-coffret-repas-bebe/;Puériculture et parentalité;"Quand le <a href=""https://meilleurtest.fr/comparatif-biberon-pour-bebe-nourri-au-sein/"">biberon</a> a fait son temps, le coffret repas bébé prend le relais. Il favorise l’autonomie et la diversification alimentaire dès l’âge de 6 mois. Anticipez ce moment et achetez-lui son premier set repas en prenant en compte les bons critères. Nous avons sélectionné les vaisselles les plus ludiques, pratiques et sécuritaires pour votre bout de chou."
41732;Les meilleures chaises hautes en bois;https://meilleurtest.fr/comparatif-chaise-haute-en-bois/;Puériculture et parentalité;"Les chaises hautes en bois sont un excellent choix pour ceux qui cherchent à ajouter une touche de style et de durabilité à leur espace de vie. Elles sont également idéales pour les parents qui souhaitent offrir à leur enfant un <a href=""https://meilleurtest.fr/comparatif-chaise-haute-bebe/"">siège confortable</a> et sécurisé lors des repas. Cependant, avec un large éventail de modèles disponibles sur le marché, il peut être difficile de savoir lequel est le plus adapté à vos besoins. C'est pourquoi nous avons créé ce guide d'achat des chaises hautes en bois."
41667;Les meilleurs cale-bébés anti tête plate;https://meilleurtest.fr/comparatif-cale-bebe-anti-tete-plate/;Puériculture et parentalité;"Jouant un rôle crucial pour son développement, offrez à votre enfant un sommeil confortable et réparateur dès sa naissance. <a href=""https://meilleurtest.fr/comparatif-reducteur-de-lit/"">Réducteur de lit</a>, <a href=""https://meilleurtest.fr/comparatif-peluche-bruit-blanc/"">peluche bruit blanc</a>, doudoune… autant d’accessoires existent pour l’endormir paisiblement. Mais cette fois, pourquoi ne pas prêter une attention particulière au cale-bébé anti-tête plate ? Il a été conçu pour protéger le crâne des tout-petits. En coton ou en polyester, lequel choisir ? Notre guide des meilleurs cale-bébés anti tête plate en 2022 est là pour vous éclairer."
41587;Les meilleures boîtes doseuses de lait;https://meilleurtest.fr/comparatif-boite-doseuse-de-lait/;Puériculture et parentalité;Une boîte doseuse de lait est un outil très pratique pour les parents, surtout si ces derniers sont souvent en déplacement. En effet, elle permet de préparer à l'avance les doses de lait nécessaires pour les repas du bébé. Toutefois, vu le peu d'explications à ce sujet et les nombreuses boîtes doseuses de lait disponibles, il n’est pas toujours facile de choisir. Afin de vous aider à affiner vos recherches et trouver ce qu'il y a de mieux pour votre enfant, lisez notre guide des meilleures boîtes doseuses de lait.
41580;Les meilleures boîtes à musique bébé;https://meilleurtest.fr/comparatif-boite-a-musique-bebe/;Puériculture et parentalité;"La musique adoucit les mœurs. Fort heureusement, ça marche aussi sur les tout-petits, en témoigne le marché de la puériculture où les accessoires musicaux ont la cote. Parmi ces articles, on retrouve la boîte à musique bébé. Ludique, éducative et décorative, elle offre des <a href=""https://meilleurtest.fr/liste-idees-cadeaux-pour-bebe/"">plaisirs simples aux bébés</a> et quelques moments de détente bien mérités aux parents. Vous souhaitez en acquérir une, mais ne savez pas laquelle choisir ? Notre guide consacré aux boîtes à musique bébé devrait vous aider à y voir plus clair."
41577;Les meilleurs biberons naissance;https://meilleurtest.fr/comparatif-biberons-naissance/;Puériculture et parentalité;"Le lait maternel ou une préparation pour nourrissons appropriée est recommandé comme principale source de nutrition pour tous les bébés de moins de 12 mois et surtout les nourrissons. Comment l’administrer à l’enfant ? C’est là que le biberon naissance entre en jeu. Il existe un certain nombre de marques différentes sur le marché. Pour vous aider à choisir le <a href=""//meilleurtest.fr/comparatif-biberon-pour-bebe-nourri-au-sein/"">biberon</a> qui répondra aux besoins de votre bébé, trouvez dans ce guide toutes les informations qui vous seront nécessaires."
41570;Les meilleurs bavoirs bébés;https://meilleurtest.fr/comparatif-bavoir-bebe/;Puériculture et parentalité;"Pendant le repas et à tout autre moment durant laquelle vous devez <a href=""https://meilleurtest.fr/comparatif-petits-pots-bebe/"" target=""_blank"" rel=""noopener"">nourrir votre bébé</a>, le bavoir est le meilleur moyen de le garder propre. Dès la naissance, un nourrisson peut utiliser un bavoir pour ne pas se salir à chaque occasion. Vous voulez trouver le meilleur bavoir bébé pour votre bambin ou pour offrir ? Ce guide d’achat dédié vous éclaire sur le choix à faire."
41561;Les meilleures bascules bébé;https://meilleurtest.fr/comparatif-bascule-bebe/;Puériculture et parentalité;"Une bascule bébé est un jouet à chevaucher doté d’un socle courbé qui s’incline d’avant en arrière. Grâce à ses accessoires, votre enfant pourra s’amuser et <a href=""https://meilleurtest.fr/comparatif-siege-sauteur-bebe/"">améliorer son équilibre</a> en toute sécurité. Cependant, faire son choix parmi la grande variété disponible sur le marché s’avère assez difficile. Voilà pourquoi nous vous proposons la liste des meilleures bascules bébé en rayon."
41551;Les meilleures balancelles bébé électriques;https://meilleurtest.fr/comparatif-balancelle-bebe-electrique/;Puériculture et parentalité;"Tout parent est confronté à la difficulté d’essayer de faire dormir leur bébé en pleine journée et à la tombée de la nuit. Opter pour une balancelle électrique bébé permet d’y parvenir sans faire le moindre effort physique. Grâce à des boutons de réglage de vitesse, une chaleur confortable et des mouvements adaptés, cette <a href=""https://meilleurtest.fr/comparatif-balancelle-bebe/"">chaise berçante</a> automatique endormira votre bébé rapidement. Lisez notre guide pour tout savoir."
41544;Les meilleures assiettes bébé à ventouse;https://meilleurtest.fr/comparatif-assiette-bebe-a-ventouse/;Puériculture et parentalité;"L'alimentation autonome est importante dans l’éducation d’un enfant. En plus d’amenuiser les coordinations main-bouche et œil-main du tout-petit, cela familiarise ce dernier avec la gestion de sa propre satiété. Et quoi de mieux pour bébé que de manger à son rythme sur une<a href=""//meilleurtest.fr/comparatif-table-et-chaise-pour-enfant/""> chaise et table enfant</a> ou sur sa <a href=""//meilleurtest.fr/comparatif-chaise-haute-bebe/"">chaise haute</a> devant son assiette à ventouse bébé et ses couverts ! Fermement fixé à la table, cet ustensile est très pratique pour réduire les salissures et tenir la table de votre enfant organisée durant le repas. Les détails dans cet article."
41542;Les meilleures attache-tétines;https://meilleurtest.fr/comparatif-attache-tetine/;Puériculture et parentalité;"Votre enfant utilise une <a href=""https://meilleurtest.fr/comparatif-tetine-bebe/"">tétine</a>, mais malheureusement, il la pousse souvent avec sa langue et la fait tomber. Pour ne plus avoir à ramasser l’accessoire sali par la poussière et être obligé de la nettoyer avant de la redonner à bébé, investissez dans une attache-tétine. Pas facile pourtant de choisir le modèle idéal. Classique ou 2-en-1, trouvez la meilleure attache-tétine en vous fiant à notre comparatif."
41486;Les meilleurs tapis de parc bébé;https://meilleurtest.fr/comparatif-tapis-de-parc-bebe/;Puériculture et parentalité;"Votre bébé est en âge de ramper tout seul ? Pour qu’il puisse s’amuser librement, de manière sécuritaire et dans le meilleur confort, il est peut-être temps de lui installer un joli petit parc. Mais un tel accessoire ne va pas sans l’incontournable <a href=""https://meilleurtest.fr/comparatif-tapis-de-jeu-pour-bebe/"">tapis de parc</a> bébé. Rectangulaire, rond, hexagonal, en tissu ou en mousse, pour dénicher le modèle idéal, fiez-vous à notre comparatif."
41467;Les meilleures voitures électriques pour enfant;https://meilleurtest.fr/comparatif-voiture-electriquepour-enfant/;Puériculture et parentalité;"Les petites<a href=""//meilleurtest.fr/comparatif-voiture-electrique-rapport-qualite-prix/""> voitures électriques</a> sont très amusantes pour que vos enfants puissent slalomer dans l’allée. Ces petits gadgets sont disponibles en plusieurs modèles, mais qui ne se valent pas toujours. Si vous cherchez donc un cadeau pour le petit amateur de voitures de votre vie, découvrez dans ce guide les <a class=""wpil_keyword_link"" title=""meilleures voitures électriques"" href=""https://meilleurtest.fr/comparatif-voiture-electrique/"" data-wpil-keyword-link=""linked"">meilleures voitures électriques</a> pour enfant. Nous vous en avons rassemblé quelques-unes pour vous aider à fixer rapidement votre choix."
41464;Les meilleures voitures électriques 2 places pour enfant;https://meilleurtest.fr/comparatif-voiture-electrique-2-places-pour-enfant/;Puériculture et parentalité;"Arrivé à un certain âge, l’enfant se lasse des divertissements <a href=""https://meilleurtest.fr/liste-jouet-pour-enfant-de-8-mois"">sensoriels</a>. Voulant tout faire comme les grands, il se tourne plutôt vers les activités de simulation. Pour faire face à cette phase de développement de l’enfant, les parents peuvent choisir parmi un éventail de possibilités. La voiture électrique 2 places pour enfant, par exemple, est une excellente alternative pour l’encourager à être indépendant, précis et responsable. Si vous y avez déjà pensé, vous êtes sur la bonne page : notre guide d’achat vous dit tout sur la voiture électrique 2 places pour enfant."
41449;Les meilleurs anneaux de dentition bio;https://meilleurtest.fr/comparatif-anneau-de-dentition-bio/;Puériculture et parentalité;"Votre bébé est grincheux (plus que d’habitude), bave tout le temps et mordille ses doigts ou son poing avec insistance ? Cela signifie qu’il commence à faire ses dents. Un <a href=""https://meilleurtest.fr/comparatif-anneau-de-dentition/"">anneau de dentition</a> bio l’aidera à soulager les picotements et les petites douleurs qui accompagnent la poussée dentaire. Mais comment bien choisir cet accessoire de puériculture ? Plus de détails dans ce comparatif."
41362;Les meilleurs chats interactifs;https://meilleurtest.fr/comparatif-chat-interactif/;Puériculture et parentalité;"Les vrais chats sont, certes, mignons, mais ils risquent de vous griffer ou d’abîmer vos meubles si vous n’y faites pas attention. Ce ne sera pas le cas avec un chat interactif, une alternative très câline et qui ne nécessite aucune dépense supplémentaire en litière, en <a href=""https://meilleurtest.fr/comparatif-nourriture-pour-chat/"" target=""_blank"" rel=""noopener"">nourriture pour chat</a> ou en vaccin. Le choix n’est pourtant pas facile. Lisez ce guide pour en savoir davantage."
41335;Les meilleurs porte-bébés physiologiques;https://meilleurtest.fr/comparatif-porte-bebe-physiologique/;Puériculture et parentalité;"Les sorties avec bébé peuvent rapidement devenir un casse-tête, surtout s'il ne sait pas encore marcher. Heureusement, il pourra vous accompagner si vous utilisez un <a href=""https://meilleurtest.fr/comparatif-porte-bebe/"">porte-bébé</a>. Justement, le porte-bébé physiologique est une référence en matière de portage pour les tout-petits. Il s'agit d'une solution rassurante et respectueuse de la morphologie de l'enfant. Si vous accordez une importance cruciale à l’ergonomie de l'accessoire et au confort de votre bout de chou, découvrez sans attendre notre sélection des meilleures écharpes de portage bébé pour cette année."
41333;Les meilleurs poupons interactifs;https://meilleurtest.fr/comparatif-poupon-interactif/;Puériculture et parentalité;"Parmi les jouets intemporels qui plaisent toujours aux enfants, <a href=""https://meilleurtest.fr/comparatif-poupon/"" target=""_blank"" rel=""noopener"">les poupons</a> font partie des incontournables. Avec le temps, les poupons deviennent interactifs pour mieux stimuler l’imagination et l’esprit créatif des enfants. Et alors que certains ont la faculté de parler, d’autres sont capables de jouer de la musique. Retrouvez dans ce guide d’achat quelques modèles de poupons interactifs disponibles sur le marché."
40628;Les meilleurs pistolets Nerf à eau;https://meilleurtest.fr/comparatif-pistolet-nerf-a-eau/;Puériculture et parentalité;"Rien ne vaut qu’une bonne bataille d’eau en période estivale ! Dédiés aux enfants comme aux plus grands, <a href=""https://meilleurtest.fr/comparatif-pistolet-a-eau/"">les pistolets à eau</a> semblent être la meilleure option en ces circonstances. Parmi la grande variété proposée sur le marché, la marque Nerf se distingue encore une fois par la qualité et la performance avec un large choix de <a href=""https://meilleurtest.fr/comparatif-pistolet-nerf/"">blasters Nerf</a>  à eau. Pour en savoir plus, lisez notre guide."
40627;Les meilleurs babyphones Babymoov;https://meilleurtest.fr/comparatif-babyphone-babymoov/;Puériculture et parentalité;"Quand vous ne dormez pas avec votre enfant, l’utilisation d’un babyphone devient incontournable. Comme les autres géants de ce domaine, Babymoov propose un grand nombre de variétés pour ce produit, dont les <a href=""https://meilleurtest.fr/comparatif-babyphone-video/"" target=""_blank"" rel=""noopener"">babyphones vidéo</a>, entre autres. Ces modèles ainsi que les babyphones audio sont soumis à des critères non négligeables pour se conformer à vos attentes. On vous les présente dans ce guide avec les babyphones phares de la marque."
40626;Les meilleures poussettes Lorelli;https://meilleurtest.fr/comparatif-poussette-lorelli/;Puériculture et parentalité;"Marque connue dans le domaine de la puériculture, Lorelli fait partie des plus grands fabricants mondiaux de poussettes combinées. Ses produits sont très plébiscités de par leur praticité et robustesse. Si vous êtes à la recherche d'une <a href=""https://meilleurtest.fr/comparatif-poussette-de-voyage"">poussette de qualité</a>, Lorelli ne vous décevra pas. Duo ou Trio, vous trouverez dans ce guide les meilleures poussettes Lorelli du marché."
40619;Les meilleures poussettes Stokke;https://meilleurtest.fr/comparatif-poussette-stokke/;Puériculture et parentalité;"Vous souhaitez vous promener plus souvent dans de bonnes conditions avec votre bébé ? Pensez à utiliser <a href=""https://meilleurtest.fr/comparatif-poussette/"">une poussette</a> combinant sécurité, confort, praticité et élégance. Au milieu des innombrables <a href=""https://meilleurtest.fr/comparatif-poussette-tout-terrain/"">produits existants</a>, les poussettes Stokke comptent parmi les plus prisés. Pour le bien-être de votre enfant, il est conseillé de miser sur une marque fiable. Les poussettes Stokke existent en plusieurs gammes. Trouvez le meilleur modèle en suivant les conseils du guide !"
40616;Les meilleurs sacs à langer Béaba;https://meilleurtest.fr/comparatif-sac-a-langer-beaba/;Puériculture et parentalité;"Alliés des sorties avec bébé, les sacs à langer sont des accessoires indispensables pour réunir ses effets personnels indispensables : couches, biberon et autres nourritures, vêtements de rechange, lingette, doudou, <a href=""https://meilleurtest.fr/comparatif-matelas-a-langer/"">matelas à langer</a>, etc. Parmi les spécialistes de puériculture qui proposent cet accessoire aussi pratique que fonctionnel, Béaba figure parmi les choix de prédilection des parents. Que valent les meilleurs sacs à langer Béaba ? Lisez notre guide pour en savoir plus."
40602;Les meilleures balancelles Babymoov;https://meilleurtest.fr/comparatif-balancelle-babymoov/;Puériculture et parentalité;Tous les parents savent que le mouvement est le meilleur moyen de bercer, d'occuper et de détendre un nouveau-né. Heureusement, le marché de la puériculture propose de nombreux articles destinés à cet effet, dont les balancelles Babymoov. Vous souhaitez en acquérir mais souhaitez vous renseigner avant de choisir ? Notre guide consacré aux meilleures balancelles Babymoov du moment devrait vous aider.
40489;Les meilleures poussettes Kinderkraft;https://meilleurtest.fr/comparatif-poussette-kinderkraft/;Puériculture et parentalité;"Vous avez un enfant âgé de moins de 36 mois ? Vous cherchez une <a href=""https://meilleurtest.fr/comparatif-poussette/"">poussette</a> à la fois design, pratique et légère ? Jetez un œil chez Kinderkraft. L’une des pionnières de ce secteur, la marque propose un vaste choix de modèles répondant simultanément aux besoins des parents et des enfants. Sportif, nomade, multifonction, canne, <a href=""https://meilleurtest.fr/comparatif-poussette-double/"">double</a>, avec ou sans nacelle…, le modèle idéal se trouve sûrement dans ce comparatif des meilleures poussettes Kinderkraft."
40413;Les meilleurs porteurs bébé;https://meilleurtest.fr/comparatif-porteur-bebe/;Puériculture et parentalité;"Pour que bébé puisse développer ses sens, il requiert des jouets spécifiques. Au même titre que le <a href=""https://meilleurtest.fr/comparatif-trotteur-bebe/"" target=""_blank"" rel=""noopener"">trotteur</a>, le porteur bébé est un équipement à la fois ludique et pratique pour les bambins. Plus qu’un jouet, le porteur bébé est une aide à la marche et à l’équilibre. Mais encore faut-il que les parents fassent le bon choix. Pour vous aider, voici notre sélection des meilleurs porteurs bébé en 2022."
40331;Les meilleurs laits en poudre pour adulte;https://meilleurtest.fr/comparatif-lait-poudre-pour-adulte/;Puériculture et parentalité;"Importante source de protéines, de calcium et de minéraux, le lait en poudre pour adulte est une version déshydratée du <a href=""https://meilleurtest.fr/comparatif-lait-de-croissance/"" target=""_blank"" rel=""noopener"">lait liquide</a>. Se conservant plus longtemps sans perdre ses apports énergétiques, du moins les essentiels, il peut provenir de lait entier, allégé ou demi-écrémé. Quel est le meilleur lait en poudre pour adulte ? Quelle quantité doit-on consommer ? Détaillons tout cela dans ce guide."
40308;Les meilleures chaises haute évolutive;https://meilleurtest.fr/comparatif-chaise-haute-evolutive/;Puériculture et parentalité;"Partager un repas ensemble en famille est l’une des parties les plus joyeuses de la vie de famille. C’est le moment de pouvoir profiter de chacun. Et avec l’aide d’une chaise haute évolutive, votre bébé peut prendre part à ces moments de détente dès son plus jeune âge. Il connaitra les premières joies de l’expérience avec l’alimentation grâce à cette <a href=""https://meilleurtest.fr/comparatif-thermometre-bebe/?preview_id=357515"">article pour bébé</a>. Nous vous proposons les meilleures chaises hautes évolutives à travers ce guide d’achat."
40298;Les meilleurs laits anti-coliques;https://meilleurtest.fr/comparatif-lait-anti-colique/;Puériculture et parentalité;"Un remède miracle pour venir à bout des coliques du bébé n’existe pas. Par contre, des solutions pour les soulager existent ; le lait anti-colique en fait partie. Avec sa faible teneur en lactose et sa richesse en <a class=""wpil_keyword_link"" title=""probiotiques"" href=""https://meilleurtest.fr/comparatif-probiotique/"" data-wpil-keyword-link=""linked"">probiotiques</a>, il est facile à digérer, il diminue les douleurs et évite au bébé de régurgiter son lait. Pour faire le bon choix, découvrez dans cet article <a href=""https://meilleurtest.fr/comparatif-lait-infantile-bebe/"" target=""_blank"" rel=""noopener"">les meilleurs laits</a> anti-coliques, suivis d’un guide d’achat."
40285;Les meilleurs laits démaquillants pour peau mature;https://meilleurtest.fr/comparatif-lait-demaquillant-pour-peau-mature/;Puériculture et parentalité;"À partir d’un certain âge, la peau du visage devient fragile et peu résistante aux agressions extérieures. Des signes annonciateurs du vieillissement qui sont néanmoins loin d’être une fatalité. Le lait démaquillant pour peau mature permet, par exemple, de les anticiper. Un <a href=""https://meilleurtest.fr/comparatif-nettoyant-visage/"">produit nettoyant</a> et hydratant qui est de nature à redonner au visage son éclat d’autrefois. Voici notre sélection des meilleurs laits démaquillants pour peau mature du moment."
40275;Les meilleures piscines à balles pour bébé;https://meilleurtest.fr/comparatif-piscine-a-balles-pour-bebe/;Puériculture et parentalité;"La piscine à balles s’impose comme LE <a href=""https://meilleurtest.fr/comparatif-tapis-d-eveil/"">jeu d’éveil</a> par excellence pour les bébés. Plus tendance que jamais, elle amuse les tout-petits à partir de 9 mois tout en aidant les enfants plus âgés (jusqu’à environ 5 ans) à développer leur motricité. Mais encore faut-il bien la sélectionner. Pour mieux vous orienter, faisons un tour d’horizon des meilleures piscines à balles pour bébé du moment."
40255;Les meilleurs babyphones longue portée;https://meilleurtest.fr/comparatif-babyphone-longue-portee/;Puériculture et parentalité;"Si auparavant, les parents devaient surveiller bébé en permanence, cela est devenu plus facile grâce à l’utilisation d’un <a href=""https://meilleurtest.fr/comparatif-babyphone"">babyphone</a> longue portée. Ainsi, peut à la fois travailler, s’atteler aux tâches ménagères et garder un œil sur bébé. De nombreux modèles existent sur le marché. Nous avons sélectionné les meilleurs babyphones longue portée du moment pour vous aider à faire le bon choix."
40177;Les meilleurs petits pots bébé;https://meilleurtest.fr/comparatif-petits-pots-bebe/;Puériculture et parentalité;"Bébé grandit, il est temps de débuter la diversification alimentaire. Les petits pots bébé font désormais partie de votre liste de courses de la semaine. Saines et efficaces, ces recettes toutes faites répondent aux besoins nutritionnels de l’enfant en bas âge. Associées à du bon <a href=""https://meilleurtest.fr/comparatif-lait-poudre-pour-bebe-bio/"">lait</a>, elles contribuent favorablement à sa croissance. Si vous traversez cette phase, notre guide d’achat vous aide à choisir les petits pots bébé idéaux parmi tant d’autres."
40176;Les meilleurs miroirs voiture bébé;https://meilleurtest.fr/comparatif-miroir-voiture-bebe/;Puériculture et parentalité;"Le miroir voiture bébé a beau être un accessoire tout simple, il est d’une immense praticité, notamment si vous aimez flâner en automobile avec votre <a href=""https://meilleurtest.fr/comparatif-rehausseur-auto-pour-enfant/"">bout de chou</a>. Grâce à cet objet, vous aurez constamment l’œil sur votre enfant, et lui aussi pourra vous voir, ce qui va le rassurer. Souhaitez-vous acheter un tel dispositif sans savoir quel modèle choisir ? Lisez ce guide d’achat consacré aux 4 produits les plus fiables du moment."
40169;Les meilleures turbulettes;https://meilleurtest.fr/comparatif-turbulette/;Puériculture et parentalité;"Hormis le <a href=""https://meilleurtest.fr/comparatif-matelas-bebe/"">matelas</a>, les linges de lit contribuent à l’endormissement des enfants de bas âge. Cependant, en adoptant des draps et des couettes, le risque d’étouffement est élevé. Une turbulette est une alternative parfaite qui associe la praticité, le confort et la sécurité. Mais encore faut-il trouver le bon modèle. Découvrez ici notre sélection des meilleures turbulettes en 2022."
40154;Les meilleurs stérilisateurs de biberon;https://meilleurtest.fr/comparatif-sterilisateur-de-biberon/;Puériculture et parentalité;"La bouche étant la porte d’entrée des bactéries, germes et divers agents infectieux dans l’organisme d’un nourrisson, il est donc essentiel de bien stériliser ses <a href=""//meilleurtest.fr/comparatif-biberon-pour-bebe/"">biberons</a>, anneaux de dentition, et autres objets qu’il a tendance à mâchouiller pour préserver sa santé. Et quoi de mieux qu’un stérilisateur de biberon pour cela ! Mais quelle marque choisir ? Lisez ce guide."
40105;Les meilleurs chauffe-biberons de voyage;https://meilleurtest.fr/comparatif-chauffe-biberon-de-voyage/;Puériculture et parentalité;"Pour des voyages sereins et confortables avec bébé, avoir les essentiels dans son <a href=""//meilleurtest.fr/comparatif-sac-a-dos-a-langer/"">sac à dos à langer</a> est un must pour tout parent prévoyant. Et parmi les accessoires à avoir absolument, il y a le chauffe-biberon de voyage qui se révèle ultra pratique pour réchauffer le lait du bébé à la bonne température. Certains se branchent à une prise électrique ou une prise allume-cigare tandis que d’autres n’ont pas besoin de courant pour fonctionner. Les détails dans ce guide."
40102;Les meilleurs tours de lit tressés;https://meilleurtest.fr/comparatif-tour-de-lit-tresse/;Puériculture et parentalité;"Vous attendez un heureux événement et souhaitez que tout soit fin prêt pour accueillir le petit ange dans les meilleures conditions ? N'oubliez surtout pas le tour de lit tressé ? Tout comme <a href=""https://meilleurtest.fr/comparatif-portique-bebe"">la portique bébé</a>, cet accessoire de puériculture est très prisé et s'avère très pratique dans de nombreuses situations. Cela vous intéresse mais vous avez besoin de plus d'informations avant de prendre une décision ? Notre guide consacré aux meilleurs tours de lit tressés est fait pour vous."
40051;Les meilleurs casques bébé anti-chute;https://meilleurtest.fr/comparatif-casque-bebe-anti-chute/;Puériculture et parentalité;"Ça y est, bébé commence à faire ses premiers pas et comme il a encore les jambes fragiles, les chutes lui seront inévitables. Il aura besoin de protéger sa tête, et pour cela, rien de mieux qu'un casque bébé anti-chute. Se déclinant en plusieurs modèles, ce type de casque procure confort et sécurité à l'enfant dans sa <a href=""https://meilleurtest.fr/comparatif-chambre-bebe-complete"">chambre</a>. Vous trouverez dans ce guide les meilleurs casques bébé anti-chute du marché."
40005;Les meilleures capes de bain bébé;https://meilleurtest.fr/comparatif-cape-de-bain-bebe/;Puériculture et parentalité;"La cape de bain est un incontournable du trousseau de bébé. Plus efficace et pratique que la <a href=""https://meilleurtest.fr/comparatif-serviette-bain/"" target=""_blank"" rel=""noopener"">serviette</a>, elle intègre une capuche permettant de tenir l’enfant au chaud, de la tête aux pieds. La cape existe cependant dans des formes, des coloris et des motifs différents. Si vous avez du mal à choisir, laissez-vous guider à travers ce comparatif des meilleures capes de bain bébé."
39995;Les meilleurs portiques en bois avec toboggan;https://meilleurtest.fr/comparatif-portique-bois-avec-toboggan/;Puériculture et parentalité;"En plus de divertir votre enfant, le portique en bois avec <a href=""https://meilleurtest.fr/comparatif-balancoire-toboggan/"">toboggan</a> contribue à son développement psychique et physique. Avec plusieurs modèles et plusieurs marques mis sur le marché, choisir un qui convient parfaitement à vos attentes et à ceux de votre enfant peut devenir une tâche difficile. Pour vous aider à faire le bon choix, découvrez dans cet article, un comparatif des meilleurs portiques avec toboggan suivi d’un guide d’achat."
39987;Les meilleures bouées bébé;https://meilleurtest.fr/comparatif-bouee-bebe/;Puériculture et parentalité;"Les baignades avec une bouée bébé constituent une excellente occasion pour les nourrissons de développer leurs capacités motrices. Assurant une parfaite stabilité, ce type de flotteur pour les tout-petits les habitue rapidement au milieu aquatique. De plus d'agrémenter le <a href=""https://meilleurtest.fr/comparatif-maillot-de-bain-couche/"">maillot de bain couche</a>, ce matériel accroît la sécurité de l’enfant dans la piscine. Découvrez tout de suite notre sélection des meilleures bouées bébé en 2022."
39936;Les meilleures couches en abonnement;https://meilleurtest.fr/comparatif-couches-abonnement/;Puériculture et parentalité;"À la fois source de dépenses et d’inquiétude quand le stock s’épuise, les <a href=""https://meilleurtest.fr/comparatif-couche-bebe/"" target=""_blank"" rel=""noopener"">couches</a> sont un vrai casse-tête pour les jeunes parents. Pour faire des économies et ne pas être pris au dépourvu, la meilleure solution reste les couches en abonnement. Mais, sur quel site vous abonner pour être certains de faire le bon choix ? Pour vous aider, suivez notre guide des meilleures couches en abonnement."
39890;Les meilleurs langes bébé;https://meilleurtest.fr/comparatif-lange-bebe/;Puériculture et parentalité;"Hissés parmi les indispensables à avoir absolument dans son <a href=""//meilleurtest.fr/comparatif-sac-a-langer/"">sac à langer</a> par de nombreux parents, les langes bébé sont des accessoires de puériculture nomades multi-usages qui allègent le quotidien des parents. En plus de pouvoir servir de bavoir ou pour emmailloter bébé, vous pouvez aussi les utiliser pendant que vous allaitez votre enfant. Mais quelle marque choisir ? Lisez ce guide."
39857;Les meilleures couches pour nouveau-né;https://meilleurtest.fr/comparatif-couche-pour-nouveau-ne/;Puériculture et parentalité;Chaque année, ce sont plus de 20 milliards de couches qui sont utilisées dans le monde, dont 3 milliards seulement en France. Les bébés en utilisent énormément, notamment pendant leurs premiers mois. Puisqu’à cet âge aussi précoce, les nouveau-nés ont la peau très fragile, leurs couches doivent les préserver des irritations et des érythèmes. Pour bien choisir ces couches pour nouveau-nés essentiels pour l’hygiène, lisez ce guide d’achat.
39826;Les meilleurs châteaux gonflables;https://meilleurtest.fr/comparatif-chateau-gonflable/;Puériculture et parentalité;Tous les enfants rêvent d'avoir une aire de jeu gonflable dans leur jardin ! Vous pouvez concrétiser cela en leur achetant un plus petit modèle adapté pour 2 ou 3 enfants. Ainsi, vous ne vous inquiéterez plus, car ils peuvent inviter leurs amis à la maison. Mais comment dénicher un produit de qualité ? Tout simplement en suivant notre guide des meilleurs châteaux gonflables du moment !
39820;Les meilleurs réducteurs de lit;https://meilleurtest.fr/comparatif-reducteur-de-lit/;Puériculture et parentalité;Pour bien grandir, bébé aura besoin d’un sommeil confortable. Une manière simple de lui assurer ce plaisir est de lui acheter un réducteur de lit. Utilisable dès la naissance jusqu’à 6 mois, cet accessoire offrira un vrai petit cocon pour votre petit bout. Cela vous intéresse, mais vous ne savez pas quel réducteur de lit choisir ? Lisez notre comparatif, on vous y explique tout.
39787;Les meilleurs tapis de jeu pour bébé;https://meilleurtest.fr/comparatif-tapis-de-jeu-pour-bebe/;Puériculture et parentalité;"Vous désirez éveiller les sens de votre enfant, développer son imagination et sa créativité ? Le <a href=""https://meilleurtest.fr/comparatif-tapis-d-eveil/"" target=""_blank"" rel=""noopener"">tapis de jeu</a> pour bébé est l’accessoire idéal. Ce produit de puériculture est un excellent allié pour développer les sens et améliorer les capacités cognitives de l’enfant. Plusieurs choix s’offrent aux parents. Le classique, le modèle avec arche, le puzzle, l’évolutif… que choisir ? Retrouvez tous les bons conseils afin d’acheter le meilleur tapis de jeu pour bébé."
39731;Les meilleures poussettes tout terrain;https://meilleurtest.fr/comparatif-poussette-tout-terrain/;Puériculture et parentalité;Vous aimez faire des balades au grand air avec votre bébé ? Dans votre programme, vous avez pensé à faire l’acquisition d’une poussette tout terrain pour arpenter tous les chemins de votre entourage. Ne vous inquiétez pas, nous avons déjà élaboré un guide d’achat qui vous aidera à mieux saisir les critères essentiels dans la sélection des meilleures poussettes tout terrain disponibles.
39724;Les meilleures couches de nuit;https://meilleurtest.fr/comparatif-couche-de-nuit/;Puériculture et parentalité;C’est un grand bonheur de devenir parents, mais quand bébé se réveille toutes les heures chaque nuit, c’est la fatigue et le stress assuré ! Afin d’éviter ce genre de situation, la solution est d’utiliser les couches de nuit. Très plébiscitées pour leur efficacité, elles se présentent toutefois dans différents modèles. Découvrez dans ce guide les éléments à prendre en compte pour choisir les meilleures couches de nuit.
39705;Les meilleurs tours de lit bébé;https://meilleurtest.fr/comparatif-tour-de-lit-bebe/;Puériculture et parentalité;Veiller tout le temps sur bébé n’est pas chose facile, même s’il est dans son petit lit. Il devient ainsi indispensable de lui fournir la meilleure protection possible. À la fois décoratif et sécurisant, le tour de lit fait partie des accessoires les plus prisés en termes de sécurité enfant. Celui-ci se décline en plusieurs modèles. Nous avons dressé ce guide des meilleurs tous de lit du moment pour vous aider à mieux choisir celui qui conviendra au lit de votre tout-petit.
39678;Les meilleurs tire-lait manuels;https://meilleurtest.fr/comparatif-tire-lait-manuel/;Puériculture et parentalité;"Un tire-lait manuel est un <a href=""https://meilleurtest.fr/comparatif-tire-lait/"" target=""_blank"" rel=""noopener"">tire-lait</a> qui fonctionne à la force de vos mains. Ce système vous assure la possibilité de garder le contrôle sur le dispositif tout en nourrissant sans fautes votre bébé. Néanmoins, le choix s’avère des plus ardus du fait de la panoplie continuellement grandissante de ces produits. C’est pour cette raison que nous allons vous présenter le top des tire-lait manuels actuellement disponibles en vente."
39670;Les meilleures tétines bébé;https://meilleurtest.fr/comparatif-tetine-bebe/;Puériculture et parentalité;Une tétine peut être une véritable bouée de sauvetage pour les parents de bébés et de très jeunes enfants. Elle peut apaiser un bébé entre les tétées et l’aider à s’endormir. Se déclinant sous différentes formes et couleurs, les tétines bébé sont disponibles en différents modèles sur le marché et il n’est pas toujours facile de s’y retrouver. Comment bien choisir une tétine bébé ? Quels sont les meilleurs modèles du moment ? Vous trouverez les réponses dans ce guide d’achat.
39632;Les meilleurs sièges auto poussettes;https://meilleurtest.fr/comparatif-siege-auto-poussette/;Puériculture et parentalité;"Pour la sécurité de votre enfant en voiture, celui-ci doit s’asseoir à l’arrière de la voiture dans un siège auto jusqu’à ses dix ans selon la loi. Tout aussi efficace qu’un <a href=""//meilleurtest.fr/comparatif-siege-auto/"">siège auto classique</a>, le siège auto poussette, grâce à sa polyvalence, peut faire toute la différence pour faciliter votre quotidien avec bébé. Ainsi, des promenades dans le parc aux voyages en voiture, vous aurez tout l’équipement de puériculture nécessaire pour des sorties agréables avec votre loulou. Les détails dans ce guide."
39621;Les meilleurs laits en poudre pour bébé bio;https://meilleurtest.fr/comparatif-lait-poudre-pour-bebe-bio/;Puériculture et parentalité;"Choisir la meilleure formule pour le lait en poudre de votre bébé peut sembler être l'une de ces décisions ""poids du monde"" pour les nouveaux parents. Et si vous vous engagez dans un mode de vie bio, la tâche peut sembler encore plus ardue, car la grande majorité des préparations pour bébés ne sont pas fabriquées avec des ingrédients certifiés bio. Heureusement, si c'est ce que vous recherchez, certains des noms les plus fiables de l'industrie ont développé des options de lait en poudre bébé bio. Lisez notre guide pour en savoir plus."
39580;Les meilleurs coussinets d'allaitement;https://meilleurtest.fr/comparatif-coussinets-d-allaitement/;Puériculture et parentalité;Se retrouver avec des auréoles de lait sur ses vêtements, c’est une situation embarrassante que peuvent connaître toutes les femmes allaitantes. Heureusement, il existe de nos jours des coussinets d’allaitement, ces petits accessoires qui se placent entre le sein et le soutien-gorge. Ils empêchent que les fuites de lait tachent le chemisier, la robe ou le pull. Dans ce guide d’achat sur le coussinet d’allaitement, retrouvez tout l’essentiel à savoir sur ces accessoires indispensables de la maman qui allaite.
39547;Les meilleures poussettes running;https://meilleurtest.fr/comparatif-poussette-running/;Puériculture et parentalité;Une poussette running est une variante de poussettes normales orientée vers le domaine de la course. Vous remarquerez que courir avec une poussette normale s’avère problématique, c’est là que cette nouvelle variante entre en jeu. La variété de poussettes running rencontrée sur le marché rend le choix difficile. Nous vous proposons donc ce guide pour vous présenter les meilleures poussettes running.
39513;Les meilleures poussettes cannes;https://meilleurtest.fr/comparatif-poussette-canne/;Puériculture et parentalité;Bien sûr, vous aimez sans doute la solidité d’une poussette pleine grandeur pour le confort et la sécurité de votre bébé. Mais lorsqu’il est temps de jeter votre poussette dans le coffre de votre voiture lorsque vous faites des courses ou que vous faites vos bagages pour un voyage, vous aurez besoin d’une poussette moins encombrante. Une poussette aussi légère et malléable qu’une poussette canne par exemple. Si vous aussi vous êtes à la recherche de ce genre de poussette pour vos déplacements avec bébé, lisez notre guide : nous y avons sélectionné 4 des meilleures poussettes cannes du moment.
39498;Les meilleurs petits pots bio pour bébé;https://meilleurtest.fr/comparatif-petit-pot-bio-pour-bebe/;Puériculture et parentalité;Votre bébé est-il assez âgé pour commencer un régime alimentaire solide ou envisagez-vous de passer au bio ?  Les petits pots bio pour bébé offrent à cet effet une diversification alimentaire facile et pratique pour votre tout-petit aussi bien à la maison qu'en déplacement. Toutefois, les petits pots bio pour bébé étant légion, il peut être difficile de trouver les meilleures options. Nous vous proposons donc dans ce guide une sélection des meilleurs petits pots bio pour bébé du moment.
39490;Les meilleures poussettes de voyage;https://meilleurtest.fr/comparatif-poussette-de-voyage/;Puériculture et parentalité;"Quand on est parent, on pense à tous les nécessaires de bébé avant de partir en vacances. La poussette de voyage fait partie des incontournables pour assurer son confort. Mais quelle poussette choisir ? Canne, ultra compacte ou polyvalente ; il existe une multitude de modèles s'adaptant à tous les moyens de transport. Nous avons donc sélectionné dans ce guide les meilleures poussettes de voyage du moment."
39451;Les meilleurs biberons pour bébés nourris au sein;https://meilleurtest.fr/comparatif-biberon-pour-bebe-nourri-au-sein/;Puériculture et parentalité;Vous souhaitez acheter un biberon pour votre nourrisson, mais ne savez pas vers quel modèle ou quelle marque vous tourner. Sachez avant tout qu’il existe plusieurs catégories de biberons et parmi les types existant : le biberon pour bébé nourri au sein. C’est le mieux adapté pour un allaitement mixte. En verre ou en plastique, le biberon pour bébé allaité se décline en des formes variées. Pour faire le bon choix, suivez le guide !
39446;Les meilleures gigoteuses;https://meilleurtest.fr/comparatif-gigoteuse/;Puériculture et parentalité;La gigoteuse reste l’un des accessoires de couchages indispensables pour bébé. Elle permet non seulement de maintenir votre petit ange bien au chaud, mais reste aussi sécurisante. Également appelée turbulette, elle est plus que pratique pour garantir un sommeil de qualité pour votre nourrisson. Mais comment en choisir ? Suivez ce guide pour en savoir plus.
39332;Les meilleurs nids d'ange;https://meilleurtest.fr/comparatif-nid-dange/;Puériculture et parentalité;Vous envisagez d’acheter des accessoires pour la naissance de votre bébé ? N’oubliez pas les nids d’ange, un accessoire qui vous aidera à protéger votre nourrisson à l’abri des courants d’air. Actuellement, vous avez un large choix parmi les modèles proposés sur le marché. Mais, quel nid d’ange convient à votre enfant ? Pour vous inspirer, découvrez ce guide sur les meilleurs nids d’ange.
39315;Les meilleurs laits en poudre pour bébé;https://meilleurtest.fr/comparatif-lait-poudre-pour-bebe/;Puériculture et parentalité;La question de l’alimentation de bébé est un véritable dilemme pour la plupart des parents, surtout si leur enfant a un appareil digestif capricieux. Entre les coliques, les régurgitations et les reflux acides, on est tenté de tester tous les laits en poudre pour bébé du commerce. Bio, sans huile de palme, sans gluten, etc. tant de points sont à considérer ! Jetez donc un œil à notre sélection des meilleurs laits en poudre pour bébé à la fois digestes, riches en apports nutritionnel et savoureux.
39293;Les meilleures chancelières bébé;https://meilleurtest.fr/comparatif-chanceliere-bebe/;Puériculture et parentalité;Vous aimez sortir en promenade avec bébé, même quand il fait un peu frisquet, mais vous ne voulez pas vous encombrer d’une couverture ? Pas de soucis, les chancelières bébé apportent la solution à votre dilemme. Facile à utiliser, peu encombrante, s’adapte facilement à la poussette en cas de besoin, c’est vraiment l’indispensable à avoir pour vos sorties avec bébé. Lisez ce guide pour trouver une sélection des meilleures chancelières dans lesquelles vous pourrez emmitoufler bébé bien à l’abri du froid et du vent lors de vos promenades.
39290;Les meilleurs sièges auto évolutifs;https://meilleurtest.fr/comparatif-siege-auto-evolutif/;Puériculture et parentalité;En France, l’usage d’un siège auto est obligatoire pour les enfants jusqu’à 10 ans. Vous aurez cependant à changer d’accessoire au fur à mesure que votre loupiot grandit, sauf si vous choisissez un siège auto évolutif. Vous êtes prêts à investir dans un matériel économique et de qualité ? Jetez un œil à notre comparatif des meilleurs sièges auto évolutifs du moment.
39281;Les meilleures crèmes contre l'érythème fessier;https://meilleurtest.fr/comparatif-creme-contre-l-erytheme-fessier/;Puériculture et parentalité;L’érythème fessier est une pathologie bénigne qui doit être soignée dès son apparition. Sans un traitement adéquat, cette infection, très incommodante pour le bébé, risque d’empirer rapidement. Rassurez-vous, une simple crème suffit à en venir à bout, mais comment bien la choisir ? Dans ce guide complet, nous vous livrons de précieux conseils et une sélection des meilleures crèmes contre l’érythème fessier.
39261;Les meilleurs biberons en verre;https://meilleurtest.fr/comparatif-biberon-verre/;Puériculture et parentalité;Incontournable dans les listes de naissance, le biberon est un accessoire qui accompagnera bébé pendant les premières années de sa vie. Pour les parents les plus exigeants, le biberon en verre reste la meilleure alternative. Mais quitte à opter pour la qualité, vous devrez aussi vous pencher sur d’autres critères de choix comme la contenance, la tétine ou encore la forme. Lisez notre guide-comparatif pour en savoir plus sur les biberons en verre.
39247;Les meilleures tasses à paille pour bébé;https://meilleurtest.fr/comparatif-tasse-a-paille-pour-bebe/;Puériculture et parentalité;À partir de 12 mois, bébé apprend à boire au verre. Durant cette phase, les parents ont besoin d’un ustensile spécial. Il s’agit de la tasse à paille pour bébé. Elle constitue un moyen d’apprentissage efficace pour encourager un enfant à arrêter le biberon. Plusieurs éléments doivent être pris en compte lors du choix de la meilleure tasse à paille pour son bébé. L’ergonomie, la matière de fabrication, le design, la flexibilité de la paille… Découvrez les conseils pratiques pour bien choisir la tasse à paille de bébé.
39228;Les meilleurs laits corporels;https://meilleurtest.fr/comparatif-lait-corporel/;Puériculture et parentalité;Faisant partie du rituel soin et beauté de tous les jours, le lait corporel figure parmi les produits cosmétiques les plus vendus dans le monde. Son rôle : hydrater la peau, la nourrir et la protéger contre les agressions des éléments naturels (rayon UV, vent, froid…). Faut-il choisir du lait corporel bio ou issu d’un procédé industriel ? Quels critères doit-on observer pour trouver les meilleurs laits corporels ?
39219;Les meilleures tables à langer murales;https://meilleurtest.fr/comparatif-table-a-langer-murale/;Puériculture et parentalité;"Comment faciliter le change de bébé quand on manque d’espace dans son habitation ? En utilisant une <a href=""https://meilleurtest.fr/comparatif-table-a-langer-pratique-et-confortable/"">table à langer</a> murale, bien sûr ! Un matériel de puériculture indispensable, elle sait se faire discrète en plus d’être plus pratique et moins encombrante qu’un modèle pliable et classique. Trouvez celle qui répondra exactement à vos attentes en parcourant notre comparatif des meilleures tables à langer murales."
39057;Les meilleurs laits hydratants pour le corps;https://meilleurtest.fr/comparatif-lait-hydratant-pour-corps/;Puériculture et parentalité;Lait hydratant pour le corps ou bodymilk, ces deux appellations renvoient à ce produit cosmétique qui complète le rituel soin et beauté quotidien. Garant d’une peau saine, lisse et souple, le lait se choisit en fonction du type de peaux et des vertus qu’il renferme. Quel est le meilleur lait hydratant pour le corps ? Comment avoir la certitude de choisir un bon produit ? Parlons-en dans ce guide d’achat.
39051;Les meilleurs ventriglisses;https://meilleurtest.fr/comparatif-ventriglisse/;Puériculture et parentalité;Vous cherchez un meilleur moyen de vous amuser avec vos enfants tout en restant au frais lors des chaudes journées d’été ? Essayez le ventriglisse. Également appelé tapis de glisse ou slip n slide, il est l’une des attractions aquatiques les plus prisées lorsqu'arrivent les beaux jours. Les ventriglisses sur le marché étant légion, trouvez votre bonheur parmi notre sélection des meilleurs modèles du moment.
39030;Les meilleurs sièges de table bébé;https://meilleurtest.fr/comparatif-siege-de-table-bebe/;Puériculture et parentalité;Votre enfant grandit. Désormais, se réunir autour d'une table pour manger et discuter pendant les heures de repas est essentiel pour tisser des liens avec lui et développer sa sociabilité (partage, prise de parole, politesse, gentillesse, etc.). Le siège de table bébé sera votre meilleur allié pour cela. Bien mieux qu'un rehausseur de chaise ou une chaise haute, il vous simplifiera la vie. Les détails dans ce guide.
38989;Les meilleures poussettes trio 3 roues;https://meilleurtest.fr/comparatif-poussette-trio-3-roues/;Puériculture et parentalité;Une poussette fait partie des accessoires pouvant faciliter la vie des parents. Elle permet aux jeunes parents de reprendre rapidement leur rythme quotidien sans déranger le bébé pendant son sommeil. En général, la poussette est très pratique. Il en existe des plus pratiques que d’autres, il suffit tout simplement de trouver le bon accessoire. Pour vous aider dans votre recherche, nous avons élaboré ce guide d’achat.
38977;Les meilleurs sièges auto groupe 1;https://meilleurtest.fr/comparatif-siege-auto-groupe-1/;Puériculture et parentalité;Avant d’atteindre le bon âge pour la ceinture de sécurité, l’enfant passera le plus clair de son temps en voiture dans son siège auto. Voilà pourquoi il est essentiel de choisir un modèle confortable et sécuritaire. Pour les enfants de 9 à 18 kg, nous avons réalisé ce guide des meilleurs sièges auto groupe 1 du moment, accompagné de conseils qui vous aideront sans doute à mieux choisir.
38976;Les meilleures voitures télécommandées pour bébé;https://meilleurtest.fr/comparatif-voiture-telecommandee-pour-bebe/;Puériculture et parentalité;Trouver un jouet divertissant pour votre bout de chou vous turlupine ? Les voitures télécommandées pour bébé constituent un excellent choix qui plaît aussi bien aux filles qu’aux garçons. Mais étant donné le nombre de modèles existants sur le marché, il y a de quoi désorienter tous jeunes parents. Pour vous aider dans votre achat, voici un comparatif pour trouver le véhicule radiocommandé qui plaira à votre bébé.
38955;Les meilleurs transats de bain pour bébé;https://meilleurtest.fr/comparatif-transat-de-bain-pour-bebe/;Puériculture et parentalité;Le bain est un véritable moment de complicité entre un bébé et une maman. Ce rituel doit ainsi être fait avec les bons matériels pour éviter tout désagrément. Le transat de bain pour bébé se révèle parfait pour que votre petit ange se sente à son aise et profiter de cet instant. Mais comment choisir le transat idéal ? Cet article vous en dira plus sur tout ce qu'il faut savoir à ce sujet.
38882;Les meilleurs pare-soleils pour poussette;https://meilleurtest.fr/comparatif-pare-soleil-pour-poussette/;Puériculture et parentalité;Vous cherchez un accessoire pour poussette pour protéger votre bébé du soleil ? Un pare-soleil pour poussette de haute qualité est ce qu’il vous faut. Il peut protéger votre bébé des rayons UV nocifs et réduire les risques de coups de soleil lors de vos promenades quotidiennes. Comment choisir le bon pare-soleil pour poussette ? Nous vous expliquons tout dans ce guide.
38850;Les meilleures peluches bruit blanc;https://meilleurtest.fr/comparatif-peluche-bruit-blanc/;Puériculture et parentalité;Votre enfant ne parvient pas à s'adapter au monde extérieur et ne trouve pas le sommeil la nuit ou pendant sa sieste ? Il existe une solution efficace et ludique pour l'aider : la peluche bruit blanc. Produisant des sons similaires à ceux qu'il a entendus quand il était encore dans le ventre de maman, cet accessoire saura l'apaiser pour qu'il tombe directement dans les bras de Morphée. À travers ce guide, nous vous emmenons à la découverte des meilleures peluches bruit blanc du moment.
38824;Les meilleurs tapis en mousse pour bébé;https://meilleurtest.fr/comparatif-tapis-mousse-pour-bebe/;Puériculture et parentalité;Pour que votre enfant s’ennuie moins, adoptez un tapis en mousse pour bébé. Peu encombrant et facile à transporter, il est aussi éducatif et relaxant. Cependant, il est difficile d’en choisir un en raison de la grande variété de modèles disponibles sur le marché. Afin de trouver celui qui convient le mieux à votre petit, lisez ce guide.
38657;Les meilleurs circuits de voitures électriques;https://meilleurtest.fr/comparatif-circuit-de-voitures-electriques/;Puériculture et parentalité;Passé la phase de découverte, l’enfant entame le développement de ses capacités motrices, sa coordination œil-main et son inventivité. Le circuit de voitures électriques figure parmi les jouets interactifs dédiés à cet effet. Offrant une grande variété de configurations, il amène l’enfant à créer des histoires, à travailler son langage et son aptitude à communiquer avec les autres, puis à aiguiser son adresse. Notre guide d’achat vous en dit plus à ce sujet et vous propose de choisir parmi les meilleurs circuits de voitures électriques du marché.
38618;Les meilleures vaginettes;https://meilleurtest.fr/comparatif-vaginette/;Puériculture et parentalité;La vaginette est un objet destiné à optimiser le plaisir masculin. En choisir une pour se faire plaisir en solo ou en couple est la solution permettant d’éviter d’aller voir d’autres femmes, tout en jouissant de tous les plaisirs sexuels. Présentée sous de nombreuses formes, avec plusieurs textures et fonctionnalités, elle confère diverses sensations pour varier les plaisirs. À travers ce guide, découvrez comment bien choisir la bonne vaginette pour vous.
38584;Les meilleures eaux minérales pour bébé;https://meilleurtest.fr/comparatif-eau-minerale-pour-bebe/;Puériculture et parentalité;Pour leur assurer une bonne croissance et surtout une bonne santé, les spécialistes de la santé recommandent aux parents de donner une eau minérale à leurs bébés. Mais comment bien la choisir parmi les différentes marques disponibles dans les commerces ? Découvrez nos éléments de réponse et nos conseils dans ce guide d’achat consacré aux meilleures eaux minérales pour bébé.
38542;Les meilleurs lait de corps pour bébé;https://meilleurtest.fr/comparatif-lait-de-corps-pour-bebe/;Puériculture et parentalité;Bébé a une peau plus fragile et son épiderme a parfois tendance à s'assécher. Le lait de corps est le produit idéal à utiliser pour éviter les irritations et diverses maladies de la peau. Lait hydratant, lait de toilette, à base de produits naturel ou hypoallergénique, de nombreuses déclinaisons sont disponibles sur le marché. Avec ce guide, nous vous aidons à trouver le meilleur lait de corps pour bébé adapté à la texture de sa peau.
38521;Les meilleurs portiques bébé;https://meilleurtest.fr/comparatif-portique-bebe/;Puériculture et parentalité;Pour assurer un bon développement à votre enfant, il faut commencer dès son plus jeune âge. Parmi les équipements conçus à cet effet, on retrouve le portique bébé. Ludique, éducatif et parfaitement sécurisé, ce jouet est le must en matière d’éveil enfantine. Voici pourquoi, on a élaboré ce guide spécial consacré aux meilleurs portiques bébé disponibles en ce moment
38514;Les meilleurs vélos bébé;https://meilleurtest.fr/comparatif-velo-bebe/;Puériculture et parentalité;Votre bébé est prêt pour son premier vélo, mais vous ne savez pas lequel acheter ? Lisez notre guide sur les meilleurs vélos bébé pour vous aider : vélo à enfourcher, vélo d’équilibre, tricycle ou vélo bébé avec stabilisateur, nous vous expliquons tout. Nous vous donnons également quelques conseils pour accompagner votre enfant dans son apprentissage.
38468;Les meilleurs liniments;https://meilleurtest.fr/comparatif-liniment/;Puériculture et parentalité;"Quand on est parent, difficile de faire l’impasse sur le liniment, la nouvelle star des sacs à langer et indispensable après le change de bébé. Permettant un <a href=""https://meilleurtest.fr/comparatif-lingette-bebe/"">nettoyage sans rinçage</a>, cette solution de couleur pâle se compose essentiellement de 2 éléments : l’huile d’olive et l’eau de chaux. Si vous voulez faire profiter des vertus apaisantes et hydratantes du liniment à votre bout de chou, consultez notre guide des meilleurs liniments."
38453;Les meilleures chambres bébé complètes;https://meilleurtest.fr/comparatif-chambre-bebe-complete/;Puériculture et parentalité;Vous attendez un heureux événement ? Toutes nos félicitations ! Mais sachez que vous avez beaucoup à faire durant les prochains mois afin d’accueillir bébé comme il se doit. Et un des points les plus importants concerne l’ameublement de la chambre de bébé. Pour ne pas perdre une minute de plus, pourquoi ne pas opter pour une chambre bébé complète ? On vous explique tout à travers ce guide.
38425;Les meilleurs ciels de lit bébés;https://meilleurtest.fr/comparatif-ciel-de-lit-bebe/;Puériculture et parentalité;Élément déco apportant une touche ludique et chaleureuse à la chambre de votre bambin, le ciel de lit bébé revêt une originalité exquise. Qu’est-ce qu’un ciel de lit et comment en choisir ? Où en trouver et à quel prix ? Découvrez tout ce qu’il y a à savoir en lisant notre guide d’achat sur les meilleurs ciels de lit bébés du moment.
38371;Les meilleurs poupons;https://meilleurtest.fr/comparatif-poupon/;Puériculture et parentalité;Bien plus qu’un simple jouet, le poupon est un accessoire qui revêt une importance fondamentale pour le développement socioaffectif et sensoriel des enfants. Avec ce compagnon de jeu, les garçons et les filles expérimentent à leur façon la vie d’adulte. Vous souhaitez faire plaisir à votre enfant sans savoir quel modèle lui offrir ? Gagnez du temps en lisant ce guide d’achat consacré aux meilleurs poupons.
38247;Les meilleurs jouets robots;https://meilleurtest.fr/comparatif-jouet-robot/;Puériculture et parentalité;Les enfants adorent les jouets robots interactifs radiocommandés. Bien plus que de simples gadgets, ces automates intelligents développent la dextérité, la coordination et l’intelligence des loupiots. Si vous souhaitez offrir un compagnon robotisé à votre enfant, découvrez notre sélection ultime des meilleurs jouets robots.
38219;Les meilleurs babycook;https://meilleurtest.fr/comparatif-babycook/;Puériculture et parentalité;Pour toutes les mamans soucieuses de la santé et du bien-être de leur bébé, un babycook figure en tête de liste des équipements à avoir. Permettant de préparer des plats savoureux, sains et variés, les modèles sont pourtant si nombreux qu'il devient difficile de s'y retrouver. Raison pour laquelle nous avons concocté pour vous ce guide d’achat des meilleurs robots cuiseurs spécialement conçus pour les bébés.
38184;Les meilleures poupées L.O.L.;https://meilleurtest.fr/comparatif-poupee-l-o-l/;Puériculture et parentalité;Petite et mignonne, cette poupée a suscité l’engouement chez les tout-petits depuis sa sortie en 2017. Et le plébiscite reste intact. Vous avez deviné ? Nous parlons de la poupée L.O.L., bien sûr ! Vous ne savez pas ce que vous allez recevoir, pourtant, ces coffrets continuent de cartonner comme au premier jour. À travers ce guide des meilleures poupées L.O.L., découvrons un monde rempli de figurines à collectionner !
38167;Les meilleures trousses de soin bébé;https://meilleurtest.fr/comparatif-trousse-de-soin-bebe/;Puériculture et parentalité;Votre bébé arrive bientôt ? Soyez donc paré à toutes les éventualités en n’oubliant pas d’inclure la trousse de soin bébé dans votre liste de naissance. Et quoi de mieux qu’un kit complet pour vous épauler aussi bien à la maison qu’en vadrouille ! Éponge, thermomètre, coupe-ongle, etc. Tout y est pour faciliter votre quotidien de parent. Mais quelle marque choisir ? Lisez ce guide pour en savoir plus.
38165;Les meilleurs chiens interactifs;https://meilleurtest.fr/comparatif-chien-interactif/;Puériculture et parentalité;Votre enfant vous réclame un chien, mais il n’a pas encore l’âge d’assumer toutes les responsabilités qui vont avec ? Le chien interactif peut constituer une alternative intéressante en attendant. En plus d’être un fidèle compagnon, il saura être obéissant… bref, un véritable meilleur ami de l’homme. Vous le voulez très réaliste ou vous préférez les chiens robots ? Suivez le guide pour dénicher votre chien interactif idéal !
38111;Les meilleurs tire-laits électriques;https://meilleurtest.fr/comparatif-tire-lait-electrique/;Puériculture et parentalité;"Les tire-laits électriques offrent une solution pratique et efficace pour maintenir l'allaitement à base de lait maternel, même en l'absence de la maman. Choisir le bon tire-lait électrique peut par contre devenir un défi pour les mamans avec la diversité de ces appareils sur le marché. <a href=""https://meilleurtest.fr/comparatif-tire-lait/"">Tire-lait</a> portable, tire-lait silencieux ou celui avec nombreux niveaux de succion ? Ce guide comparatif vous aidera à choisir parmi les modèles et options disponibles."
38076;Les meilleurs couffins bébé;https://meilleurtest.fr/comparatif-couffin-bebe/;Puériculture et parentalité;Si le confort de votre nouveau-né vous tient à cœur, offrez-lui un couffin dans lequel il pourra se reposer en toute tranquillité. Adapté à des bébés en dessous de 9 kg, cet accessoire est désormais disponible en plusieurs modèles fabriqués dans des matériaux différents, et il peut être difficile de trouver le bon modèle pour vous. Pour vous aider, privilégiez les produits qui allient sécurité et praticité. Pour en savoir plus, retrouvez dans ce guide quelques articles parmi les meilleurs du marché.
37971;Les meilleurs pistolets Nerf;https://meilleurtest.fr/comparatif-pistolet-nerf/;Puériculture et parentalité;Avez-vous du mal à trouver un cadeau pour un enfant ou un jeune adulte ? Optez pour le pistolet Nerf, l'un des jouets les plus en vogue en ce moment. Toutefois, la marque décline ses armes dans tellement de versions que l'on s'y perd rapidement ! Pour gagner du temps et être sûr de faire le bon choix, trouvez votre bonheur parmi notre sélection des meilleurs Nerf du moment.
37950;Les meilleures tables et chaises pour enfant;https://meilleurtest.fr/comparatif-table-et-chaise-pour-enfant/;Puériculture et parentalité;Vous en avez assez de voir les gribouillis de votre bambin partout dans votre maison sur les murs ou sur le sol ? Il serait peut-être temps de lui offrir une table sur laquelle il pourra jouer, lire, faire ses coloriages, et aussi manger. Cela lui permettra de faire « comme les grands », et le rendra plus autonome. Trouvez donc le modèle de table et chaises adapté à votre enfant parmi notre comparatif.
37891;Les meilleures veilleuses à projection d'étoiles;https://meilleurtest.fr/comparatif-veilleuse-projecteur-d-etoile/;Puériculture et parentalité;Parfois, une simple veilleuse lumineuse ne suffit pas pour apaiser et endormir bébé. Dans ce cas, achetez-lui une veilleuse à projection d'étoiles. Pratique, elle propose une télécommande, un capteur de cris, des lumières et des sons modulables à l’infini, des bruits blancs, des berceuses, etc. pour plonger bébé dans un monde féérique  l'heure du dodo. Mais quel modèle choisir ? Lisez ce guide.
37876;Les meilleurs rehausseurs de chaises;https://meilleurtest.fr/comparatif-rehausseur-de-chaise/;Puériculture et parentalité;Votre bout de chou grandit. Il est temps de lui trouver un rehausseur de chaise afin qu'il puisse se joindre à vous lors des repas en famille. Mais lequel choisir entre les rehausseurs classiques, pliables et de voyage ? Trouvez la réponse à cette question dans notre guide des meilleurs rehausseurs de chaise.
37861;Les meilleurs tapis d'éveil bébé;https://meilleurtest.fr/comparatif-tapis-d-eveil/;Puériculture et parentalité;Pour distraire bébé et vous donner un petit moment de répit, il n’y a rien de mieux qu’un tapis d’éveil aux couleurs vives et interactif pour le temps de jeu de votre bébé. Ça l’amusera et stimulera ses sens tout au long de son développement physique et mental. Mais lequel choisir ? Lisez ce guide pour en savoir plus.
37852;Les meilleurs biberons anti-coliques;https://meilleurtest.fr/comparatif-biberon-anti-colique/;Puériculture et parentalité;Il n’y a rien de pire que de voir son bébé pleurer de manière incontrôlable à cause de coliques, car en général ça peut être impressionnant. Pour ce genre de problème, le meilleur remède est encore la prévention : opter pour un biberon anti-coliques. Contenance, matériau ou encore forme figurent parmi les critères à étudier pour trouver le meilleur biberon anti-colique.
37832;Les meilleurs trotteurs;https://meilleurtest.fr/comparatif-trotteur-bebe/;Puériculture et parentalité;À chaque stade de développement de bébé, des jouets spécifiques sont recommandés pour son éveil et son épanouissement. Parmi ceux-là figure le trotteur. Utilisable dès que l’enfant est capable de s’asseoir (youpala) ou lorsqu’il commence à se lever (pousseur), ce jouet le divertit tout en l’incitant de façon astucieuse à marcher et à parler. Mais quel modèle choisir ? Lisez ce guide.
37828;Les meilleurs transats bébé;https://meilleurtest.fr/comparatif-transat-bebe/;Puériculture et parentalité;Vous pensez qu’il n’est pas facile de concilier votre vie de maman à votre vie de femme ? Pour que vous puissiez garder un œil sur votre bout de chou tout en vaquant à vos occupations, investissez dans un transat bébé. Pratique et souvent évolutif, cet article de puériculture incontournable permettra à votre enfant de s’ouvrir au monde qui l’entoure. Pour vous, nous avons cherché les meilleurs transats bébé de l’année.
37825;Les meilleurs chauffe-biberons;https://meilleurtest.fr/comparatif-chauffe-biberon/;Puériculture et parentalité;Pour que votre petit bout de chou puisse toujours avoir son lait à bonne température, l'idéal serait d'avoir un chauffe-biberon. Pour utiliser cet appareil, il vous suffira de le brancher à une prise électrique ou une prise allume-cigare et tester la chaleur du lait avant de le donner à boire au bébé. Pour choisir le chauffe-biberon, lisez notre guide d'achat proposant les meilleurs modèles.
37821;Les meilleurs sacs à langer;https://meilleurtest.fr/comparatif-sac-a-langer/;Puériculture et parentalité;Pour les sorties avec bébé, le sac à langer est un accessoire indispensable. Véritable fourre-tout, il permet d'emporter le nécessaire de change et les repas de bébé. En outre, les parents assortissent souvent le design du sac à leur tenue vestimentaire pour un look total fashion ! Pour trouver les meilleurs sacs à langer, nous vous invitons à lire ce guide.
37820;Les meilleures balancelles bébé;https://meilleurtest.fr/comparatif-balancelle-bebe/;Puériculture et parentalité;"Jongler entre les besoins de bébé et les tâches quotidiennes peut représenter un défi pour de nombreux parents. Pour assurer le confort du nouveau-né tout en retrouvant votre tranquillité d'esprit et libérer vos mains, utilisez les équipements adéquats. En ce sens, la balancelle bébé, également appelée<a href=""https://meilleurtest.fr/comparatif-transat-bebe/""> transat bébé </a>ou chaise à bascule, est un équipement de puériculture très pratique. Trouvez celle qui répondra aux besoins de votre bout de chou en découvrant notre sélection des meilleures balancelles bébé pour cette année."
37818;Les meilleurs casques anti-bruit pour bébé;https://meilleurtest.fr/comparatif-casque-antibruit-pour-bebe/;Puériculture et parentalité;Un bébé est très vulnérable aux agressions extérieures, et les bruits en font partie. Comme ses oreilles sont très sensibles, l’utilisation d’un casque anti-bruit pour bébé demeure indispensable en certains endroits et en certaines circonstances (voyage en avion, chantier à proximité…). À travers notre guide, découvrez les meilleurs casques anti-bruit pour bébés du moment.
37816;Les meilleures tables d'activités pour bébé;https://meilleurtest.fr/comparatif-table-d-activite-bebe/;Puériculture et parentalité;Vous tenez à stimuler l’intelligence de votre enfant, mais ne savez pas quel jouet éducatif lui offrir ? Pourquoi ne pas lui acheter une table d’activités ? Aussi ludique et stimulante qu’un mobile ou un tapis d’éveil, la table d’activités bébé a un véritable impact sur l’éveil sensoriel et la motricité des bébés avides de nouvelles sensations. Mais vers quel modèle se tourner ? Fiez-vous à ce guide pour bien choisir.
37807;Les meilleures poussettes;https://meilleurtest.fr/comparatif-poussette/;Puériculture et parentalité;La poussette est un accessoire de puériculture indispensable pour les déplacements avec bébé. Modèles à 3 ou 4 roues, pour le jogging ou pour voyager, le choix est large et on s'y perd rapidement. Aussi, prenez le temps de choisir la plus stable et sécuritaire possible pour offrir un maximum de confort à votre enfant tout en évitant les accidents. Pour vous aider, lisez ce guide.
37718;Les meilleures maisons de poupée;https://meilleurtest.fr/comparatif-maison-de-poupee/;Puériculture et parentalité;Les maisons de poupées peuvent être un cadeau incroyable pour votre enfant. Il y a de nombreux modèles disponibles sur le marché, que ce soit au niveau des matériaux (bois, contreplaqué ou plastique), ainsi qu'au niveau du style, dont le quickbuilt et la maison traditionnelle sont les plus connus. Lequel choisir et comment en prendre soin ? On vous explique tout dans ce guide d’achat.
37632;Les meilleurs mobiles pour bébé;https://meilleurtest.fr/comparatif-mobile-bebe/;Puériculture et parentalité;Bébé arrive bientôt et vous avez du mal à trier les must-have qui doivent figurer parmi votre liste de naissance ? En voici un : le mobile. Tout premier jeu d'éveil de votre bébé, le mobile le divertira quand il est éveillé et facilitera son endormissement au moment du coucher. Cela grâce aux musiques et aux lumières que l'appareil émet. Mais, quel modèle choisir ? Tout est dit dans ce guide.
37565;Les meilleures écharpes de portage Meï-Taï;https://meilleurtest.fr/comparatif-echarpe-de-portage-mei-tai/;Puériculture et parentalité;Souhaitez-vous renforcer le lien affectif entre votre bout de chou et vous tout en profitant de vos temps libres pour vous balader ? L’écharpe de portage Meï-Taï sera votre meilleure option. Dispositif préconisé par les pédiatres, il offre de nombreux avantages autant aux parents qu'aux bébés. Lisez notre guide des meilleures écharpes de portage Meï-Taï pour dénicher le bon modèle.
37564;Les meilleurs réducteurs de toilettes pour enfant;https://meilleurtest.fr/comparatif-reducteur-de-toilette-pour-enfant/;Puériculture et parentalité;Arrive le moment où bébé grandit et ne peut plus faire ses besoins dans un pot d’autant plus que la cuvette des toilettes est encore trop grande pour lui. C’est la raison pour laquelle les parents achètent un réducteur de toilette pour enfant. Ce dispositif adapte les dimensions du WC aux plus jeunes. Pour des recherches plus fructueuses, découvrez notre guide des meilleurs réducteurs de toilette pour enfant.
37559;Les meilleures veilleuses musicales pour bébés;https://meilleurtest.fr/comparatif-veilleuse-musicale-bebe/;Puériculture et parentalité;Votre enfant fait souvent des cauchemars et refuse de dormir seul ? Une option intéressante et non moins polyvalente, procurez-vous une veilleuse musicale pour bébé. Loin d'être un simple jouet, elle embarque des options super utiles afin que votre bout de chou passe des nuits paisibles. Mais laquelle choisir ? Suivez notre guide des meilleures veilleuses musicales pour bébé.
37551;Les meilleures voitures télécommandées;https://meilleurtest.fr/comparatif-voiture-telecommandee/;Puériculture et parentalité;Peu importe que vous soyez un adulte ou un enfant, les voitures télécommandées sont très amusantes, que vous les utilisiez sur route ou hors route. De nombreux modèles sont disponibles sur le marché, et vous n’aurez aucun souci pour trouver la voiture télécommandée qui répondra à vos besoins ou à ceux de vos enfants. Lisez notre guide pour en savoir plus sur ces petites merveilles.
37537;Les meilleures tours d'observation Montessori;https://meilleurtest.fr/comparatif-tour-d-observation-montessori/;Puériculture et parentalité;Une tour d’observation Montessori est un mobilier qui contribue à l’apprentissage tout en optimisant l’autonomie des enfants de 18 mois à 6 ans. À la fois pratique et pensée intelligemment, elle permet d’élever les chérubins à la hauteur d’un plan de travail, d'un lavabo ou d'une table. Justement, ce guide d’achat propose une sélection des meilleures tours d'observation Montessori pour cette année et nos conseils pratiques pour bien choisir.
37480;Les meilleurs anneaux de dentition;https://meilleurtest.fr/comparatif-anneau-de-dentition/;Puériculture et parentalité;La poussée dentaire est une étape importante pour votre bébé, mais elle peut aussi être difficile et douloureuse. Pour aider votre enfant à surmonter cette épreuve, offrez-lui un anneau de dentition qui soulagera vite sa gencive douloureuse et enflée tout en le distrayant. En caoutchouc, en silicone, en bois, en plastique, en forme de hochet, à la fois jouet d’éveil, etc. Que choisir ? Lisez notre comparatif pour en savoir plus.
37476;Les meilleurs pots de chambre bébé;https://meilleurtest.fr/comparatif-pot-de-chambre-bebe/;Puériculture et parentalité;"Votre bout de chou a maintenant <a href=""https://www.inspq.qc.ca/mieux-vivre/bebe/le-developpement-de-l-enfant/apprentissage-de-la-proprete"">presque 2 ans</a> et vous fait savoir qu’il est prêt pour le pot ? Achetez-lui donc un pot d’apprentissage rassurant et sécuritaire (stable, en forme d’animal, antidérapant, musical, etc.) pour l’initier correctement à la propreté. Si cette période peut être particulièrement stressante pour certains parents, restez zen en vous fiant à notre guide comparatif."
37432;Les meilleures poussettes cannes compactes;https://meilleurtest.fr/comparatif-poussette-canne-compacte/;Puériculture et parentalité;"Faciliter les trajets avec bébé, que cela se fasse à pied, en voiture ou dans les transports en commun, c’est l’ambition des poussettes cannes compactes qui se veulent à la fois légères et peu imposantes quand elles sont pliées. Naturellement, cet avantage pratique ne devrait pas s’obtenir au détriment du confort des petits ; raison pour laquelle la qualité de l’assise figure toujours parmi les critères clés qui dicteront le choix. Que faut-il retenir avant d’en acheter une ? Tour d’horizon sur les meilleures poussettes cannes compactes pour cette année."
37419;Les meilleurs babyphones;https://meilleurtest.fr/comparatif-babyphone/;Puériculture et parentalité;"De jour comme de nuit, de près ou de loin, <a href=""https://meilleurtest.fr/comparatif-babyphone-babymoov/"">le babyphone</a> permet de maintenir une surveillance constante sur votre bébé. Intégrant les fonctions de talkie-walkie, de berceuse, de capteur de température et… <a class=""wpil_keyword_link"" title=""caméra de surveillance"" href=""https://meilleurtest.fr/comparatif-camera-de-surveillance-ayant-un-bon-rapport-qualite-prix/"" data-wpil-keyword-link=""linked"">caméra de surveillance</a> pour les babyphones vidéo, ce dispositif fera un bon allié pour veiller au bien-être de votre bout de chou. Retrouvez à travers ce guide d’achat les meilleurs babyphones du moment et nos conseils pour bien les choisir."
37418;Les meilleurs mouche-bébés;https://meilleurtest.fr/comparatif-mouche-bebe/;Puériculture et parentalité;"En moyenne, un bébé s’enrhume <a href=""https://www.santemagazine.fr/sante/grossesse-et-bebe/sante-du-bebe/comment-moucher-mon-bebe-enrhume-425846"" target=""_blank"" rel=""noopener"">5 à 7 fois par an</a>. D’où l’utilité du mouche-bébé pour décongestionner régulièrement son nez et éviter que son état grippal ne dégénère en bronchiolite ou en une autre infection respiratoire. Entre modèles manuels, électriques, à cordon, stérilisables, à embout jetable, etc., en vente sur le marché, lequel choisir ? Lisez ce guide pour ne pas regretter votre achat."
37415;Les meilleurs sièges sauteurs bébé;https://meilleurtest.fr/comparatif-siege-sauteur-bebe/;Puériculture et parentalité;Le siège sauteur bébé est loin d’être un jouet comme les autres. Il s’agit en effet d’un équipement ludique qui permet également de tonifier leurs muscles des tout-petits et affiner leur motricité. Voilà pourquoi vous devez choisir le meilleur siège sauteur bébé pour votre loulou. Cela tombe bien, nous avons réalisé ce guide d’achat dans le but de vous aider.
37414;Les meilleurs parcs bébés;https://meilleurtest.fr/comparatif-parc-bebe/;Puériculture et parentalité;Lorsqu’il commence à ramper, surveiller bébé devient plus difficile. Pour le garder en toute sécurité et vaquer à vos occupations, un parc bébé peut s’avérer utile. A la fois salle de repos, salle de gym et espace ludique pour nos petits anges, ce mobilier démontable existe en de formes diverses. Découvrez notre comparatif des meilleurs parcs bébé.
37413;Les meilleurs laits infantiles pour bébé;https://meilleurtest.fr/comparatif-lait-infantile-bebe/;Puériculture et parentalité;S’il est impossible d’effacer totalement les souffrances causées par la difficulté ou l’impossibilité d’allaiter, il est maintenant possible d’assurer le bon développement de votre enfant dès sa naissance grâce à des laits infantiles parfaitement adaptés. Mais que choisir : bio, au lait de vache, enrichis en fer, en DHA, sans gluten, sans huile de palme… ? Lisez ce guide.
37412;Les meilleures écharpes de portage bébé;https://meilleurtest.fr/comparatif-echarpe-de-portage-pour-bebe/;Puériculture et parentalité;"Comme 35% des parents français portent leur bébé, l’écharpe de portage est une belle alternative au classique <a href=""//meilleurtest.fr/comparatif-porte-bebe/"">porte-bébé</a>. À la fois facile à enfiler et élégante, elle assure une meilleure proximité avec le tout-petit. Outre le confort du porteur, la longueur du tissu, la poche et le nouage, le modèle choisi doit être adapté à la taille et au poids de l’enfant. Quel modèle choisir ?"
37409;Les meilleurs tire-laits;https://meilleurtest.fr/comparatif-tire-lait/;Puériculture et parentalité;Pour la santé de bébé, il est recommandé de le nourrir exclusivement avec du lait maternel les 6 premiers mois de sa vie. Ce qui pousse de nombreuses mamans à tirer leur lait. En effet, le tire-lait (manuel ou électrique) est un allié de poids pour les mamans qui s’absentent souvent et qui souhaitent favoriser l’allaitement malgré tout. Mais quel est le meilleur tire-lait disponible sur le marché ? La réponse est dans ce guide et comparatif.
37392;Les meilleures poussettes trio;https://meilleurtest.fr/comparatif-poussette-trio/;Puériculture et parentalité;"La poussette est incontournable pour partir en vadrouille avec bébé. Cependant, que choisir parmi les nombreux modèles du marché : duo, compactes, tout-terrain, etc. Investissez donc dans une valeur sûre en misant sur un <a href=""https://meilleurtest.fr/comparatif-poussette-tout-terrain-3-en-1/"">pack trio</a>. Composé d’une nacelle, d'une coque et d'un hamac, il est une solution complète et évolutive pour bébé jusqu’à ses 3 ans. Lisez notre guide pour bien choisir."
37383;Les meilleurs mouche-bébés électriques;https://meilleurtest.fr/comparatif-mouche-bebe-electrique/;Puériculture et parentalité;Si votre bébé attrape un rhume, pour éviter que leur état ne s’aggrave, l’usage d’un mouche-bébé peut se révéler utile. Plus efficace qu’un modèle manuel, la version électrique permet de venir à bout des toutes les infections respiratoires, des plus bénignes aux plus graves (bronchiolite, bronchite, asthme, etc.). Mais quel modèle choisir ? Lisez ce guide.
37324;Les meilleures pâtes à modeler;https://meilleurtest.fr/comparatif-pate-a-modeler/;Puériculture et parentalité;La pâte à modeler aide à libérer la créativité de votre enfant. Le fait de toucher, rouler et écraser la pâte permet le développement sensoriel et améliore sa motricité fine. Cela dit, toutes les variétés de pâte à modeler ne sont pas sans danger pour les enfants. Lisez notre guide pour choisir en toute sécurité la pâte à modeler qui répondra aux besoins de votre enfant.
37300;Les meilleurs sièges auto naissance groupe 0;https://meilleurtest.fr/comparatif-siege-auto-naissance-groupe-0/;Puériculture et parentalité;Les sièges auto naissance groupe 0 se destinent aux enfants inférieurs à 13 kg. Ils sont indispensables et obligatoires pour assurer la sécurité de vos bébés lors de vos petits déplacements comme de vos voyages. Mais parmi les innombrables marques et modèles, lequel choisir ? Dans ce guide d’achat, nous allons vous présenter les meilleurs sièges auto naissance groupe 0 afin de vous aider à y voir plus clair.
37297;Les meilleurs sièges auto groupes 2 3 inclinables;https://meilleurtest.fr/comparatif-siege-auto-groupe-2-3-inclinable/;Puériculture et parentalité;"Classés selon l’âge et le poids des enfants, <a href=""https://meilleurtest.fr/comparatif-siege-auto/"">les sièges auto</a> sont des équipements indispensables pour les trajets en voiture avec bébé. À partir de 3 ans, vous devrez vous tourner vers les sièges auto groupe 2 3 inclinables. Ces sièges permettent aux enfants de s’assoir et de piquer un roupillon ou profiter du paysage. Quel système de fixation choisir ? Quel niveau de protection chercher ? On vous explique tout dans ce guide d’achat."
37294;Les meilleurs sièges auto groupe 1 2 3;https://meilleurtest.fr/comparatif-siege-auto-groupe-1-2-3/;Puériculture et parentalité;"Sans se limiter aux codes réglementaires de la sécurité routière, le <a href=""https://meilleurtest.fr/comparatif-siege-auto-evolutif/"">siège auto</a> contribue au confort et à la protection des enfants en bas âge. Parmi la pléthore d’offres disponibles, le siège auto groupe 1 2 3 sera le choix par excellence pour accompagner l’évolution des enfants. En effet, il convient à tous les enfants compris âgés de 9 mois à 12 ans. Afin qu’il puisse remplir parfaitement sa fonction, il faudra bien le choisir. Pour vous faire gagner du temps, nous avons cherché les meilleurs sièges auto groupe 1 2 3 du marché."
37276;Les meilleures tasses d'apprentissage pour bébé;https://meilleurtest.fr/comparatif-tasse-d-apprentissage-bebe/;Puériculture et parentalité;"Le passage du <a href=""//meilleurtest.fr/comparatif-biberon-verre/?wordpress_logged_in=true"">biberon</a> au verre n’est jamais facile ! C’est pour cela qu’il faut habituer bébé à la tasse d’apprentissage qui lui permettra de mieux appréhender l'utilisation d'un verre comme les grands. Lors de votre achat, vous devrez considérer différents critères comme l'âge ou le design. Notre guide vous donne différentes astuces pour que votre achat soit un succès."
37252;Les meilleurs laits de croissance;https://meilleurtest.fr/comparatif-lait-de-croissance/;Puériculture et parentalité;À partir de 10 ou 12 mois, bébé baigne déjà dans la diversification alimentaire. Même s’il ne se détache pas encore intégralement du lait maternel, il aura besoin d’un bon lait de croissance qui lui fournira les nutriments nécessaires afin de bien grandir. Trouvez vite le lait de croissance qui convient à votre bambin parmi notre sélection.
37221;Les meilleures poussettes doubles;https://meilleurtest.fr/comparatif-poussette-double/;Puériculture et parentalité;Les poussettes doubles sont de véritables must have pour les promenades avec des jumeaux. Ce sont aussi les meilleures alliées des parents dont les enfants sont d’âges rapprochés. Hélas, ces matériels de puériculture sont parfois considérés comme encombrants. Mais grâce à notre guide et nos conseils pratiques, vous allez trouver le meilleur correspondant à vos besoins.
37200;Les meilleurs porte-bébés vélo;https://meilleurtest.fr/comparatif-porte-bebe-velo/;Puériculture et parentalité;"Vous vouez une véritable passion pour le cyclisme et souhaitez faire vivre l’expérience à votre enfant dès son jeune âge ? Dans ce cas, investissez dans un bon porte-bébé vélo, plus pratique et facile d’installation qu’une <a href=""https://meilleurtest.fr/comparatif-remorque-velo-pour-enfant/"">remorque</a>. Mais choisir n’est pas chose facile. Voilà pourquoi nous vous avons concocté spécialement ce guide des meilleurs porte-bébés vélo du moment."
37199;Les meilleurs sièges auto pivotants;https://meilleurtest.fr/comparatif-siege-auto-pivotant/;Puériculture et parentalité;"Utilisable dès la naissance jusqu’à 12 ans, le siège auto pivotant offre confort et protection aux enfants. Le système Isofix le rend facile d’utilisation, bien mieux que la ceinture de sécurité. Cela importe puisque <a href=""https://www.securange.fr/bien-installer-son-enfant"">66 % des enfants ne sont pas correctement retenus en voiture</a>. Tournant sur 90° ou 360°, le modèle choisi devra répondre aux normes légales R44/04 ou R129. Pour vous, nous avons recherché les meilleurs sièges auto pivotants de l’année."
37192;Les meilleurs porte-bébés;https://meilleurtest.fr/comparatif-porte-bebe/;Puériculture et parentalité;Porter bébé contre soi réduit les pleurs de 50 %. Cette pratique permet aussi aux parents de maintenir un contact physique permanent avec leur tout-petit. Elle favorise, par la même occasion, l’adaptation de l’enfant au monde extérieur tout en l’aidant dans son développement physique et facilitant sa digestion. De format classique, mei tai, ergonomique ou de randonnée ? En coton ou en polyester ? Trouvez les réponses à ces questions en lisant ce guide complet.
37189;Les meilleures veilleuses bébé;https://meilleurtest.fr/comparatif-veilleuse-pour-bebe/;Puériculture et parentalité;Pour que bébé passe des nuits toutes douces, installez une veilleuse adaptée à son chevet. Il existe un nombre varié de modèles : murale, musicale, nomade… Certains émettent même des motifs enfantins ou fantaisistes sur les murs. Découvrez à travers ce guide notre classement des meilleures veilleuses pour bébé.
38167;Les meilleures trousses de soin bébé;https://meilleurtest.fr/comparatif-trousse-de-soin-bebe/;Puériculture et parentalité;Votre bébé arrive bientôt ? Soyez donc paré à toutes les éventualités en n’oubliant pas d’inclure la trousse de soin bébé dans votre liste de naissance. Et quoi de mieux qu’un kit complet pour vous épauler aussi bien à la maison qu’en vadrouille ! Éponge, thermomètre, coupe-ongle, etc. Tout y est pour faciliter votre quotidien de parent. Mais quelle marque choisir ? Lisez ce guide pour en savoir plus.
38165;Les meilleurs chiens interactifs;https://meilleurtest.fr/comparatif-chien-interactif/;Puériculture et parentalité;Votre enfant vous réclame un chien, mais il n’a pas encore l’âge d’assumer toutes les responsabilités qui vont avec ? Le chien interactif peut constituer une alternative intéressante en attendant. En plus d’être un fidèle compagnon, il saura être obéissant… bref, un véritable meilleur ami de l’homme. Vous le voulez très réaliste ou vous préférez les chiens robots ? Suivez le guide pour dénicher votre chien interactif idéal !
38111;Les meilleurs tire-laits électriques;https://meilleurtest.fr/comparatif-tire-lait-electrique/;Puériculture et parentalité;"Les tire-laits électriques offrent une solution pratique et efficace pour maintenir l'allaitement à base de lait maternel, même en l'absence de la maman. Choisir le bon tire-lait électrique peut par contre devenir un défi pour les mamans avec la diversité de ces appareils sur le marché. <a href=""https://meilleurtest.fr/comparatif-tire-lait/"">Tire-lait</a> portable, tire-lait silencieux ou celui avec nombreux niveaux de succion ? Ce guide comparatif vous aidera à choisir parmi les modèles et options disponibles."
38076;Les meilleurs couffins bébé;https://meilleurtest.fr/comparatif-couffin-bebe/;Puériculture et parentalité;Si le confort de votre nouveau-né vous tient à cœur, offrez-lui un couffin dans lequel il pourra se reposer en toute tranquillité. Adapté à des bébés en dessous de 9 kg, cet accessoire est désormais disponible en plusieurs modèles fabriqués dans des matériaux différents, et il peut être difficile de trouver le bon modèle pour vous. Pour vous aider, privilégiez les produits qui allient sécurité et praticité. Pour en savoir plus, retrouvez dans ce guide quelques articles parmi les meilleurs du marché.
37971;Les meilleurs pistolets Nerf;https://meilleurtest.fr/comparatif-pistolet-nerf/;Puériculture et parentalité;Avez-vous du mal à trouver un cadeau pour un enfant ou un jeune adulte ? Optez pour le pistolet Nerf, l'un des jouets les plus en vogue en ce moment. Toutefois, la marque décline ses armes dans tellement de versions que l'on s'y perd rapidement ! Pour gagner du temps et être sûr de faire le bon choix, trouvez votre bonheur parmi notre sélection des meilleurs Nerf du moment.
37950;Les meilleures tables et chaises pour enfant;https://meilleurtest.fr/comparatif-table-et-chaise-pour-enfant/;Puériculture et parentalité;Vous en avez assez de voir les gribouillis de votre bambin partout dans votre maison sur les murs ou sur le sol ? Il serait peut-être temps de lui offrir une table sur laquelle il pourra jouer, lire, faire ses coloriages, et aussi manger. Cela lui permettra de faire « comme les grands », et le rendra plus autonome. Trouvez donc le modèle de table et chaises adapté à votre enfant parmi notre comparatif.
37891;Les meilleures veilleuses à projection d'étoiles;https://meilleurtest.fr/comparatif-veilleuse-projecteur-d-etoile/;Puériculture et parentalité;Parfois, une simple veilleuse lumineuse ne suffit pas pour apaiser et endormir bébé. Dans ce cas, achetez-lui une veilleuse à projection d'étoiles. Pratique, elle propose une télécommande, un capteur de cris, des lumières et des sons modulables à l’infini, des bruits blancs, des berceuses, etc. pour plonger bébé dans un monde féérique  l'heure du dodo. Mais quel modèle choisir ? Lisez ce guide.
37876;Les meilleurs rehausseurs de chaises;https://meilleurtest.fr/comparatif-rehausseur-de-chaise/;Puériculture et parentalité;Votre bout de chou grandit. Il est temps de lui trouver un rehausseur de chaise afin qu'il puisse se joindre à vous lors des repas en famille. Mais lequel choisir entre les rehausseurs classiques, pliables et de voyage ? Trouvez la réponse à cette question dans notre guide des meilleurs rehausseurs de chaise.
37861;Les meilleurs tapis d'éveil bébé;https://meilleurtest.fr/comparatif-tapis-d-eveil/;Puériculture et parentalité;Pour distraire bébé et vous donner un petit moment de répit, il n’y a rien de mieux qu’un tapis d’éveil aux couleurs vives et interactif pour le temps de jeu de votre bébé. Ça l’amusera et stimulera ses sens tout au long de son développement physique et mental. Mais lequel choisir ? Lisez ce guide pour en savoir plus.
37852;Les meilleurs biberons anti-coliques;https://meilleurtest.fr/comparatif-biberon-anti-colique/;Puériculture et parentalité;Il n’y a rien de pire que de voir son bébé pleurer de manière incontrôlable à cause de coliques, car en général ça peut être impressionnant. Pour ce genre de problème, le meilleur remède est encore la prévention : opter pour un biberon anti-coliques. Contenance, matériau ou encore forme figurent parmi les critères à étudier pour trouver le meilleur biberon anti-colique.
37832;Les meilleurs trotteurs;https://meilleurtest.fr/comparatif-trotteur-bebe/;Puériculture et parentalité;À chaque stade de développement de bébé, des jouets spécifiques sont recommandés pour son éveil et son épanouissement. Parmi ceux-là figure le trotteur. Utilisable dès que l’enfant est capable de s’asseoir (youpala) ou lorsqu’il commence à se lever (pousseur), ce jouet le divertit tout en l’incitant de façon astucieuse à marcher et à parler. Mais quel modèle choisir ? Lisez ce guide.
37828;Les meilleurs transats bébé;https://meilleurtest.fr/comparatif-transat-bebe/;Puériculture et parentalité;Vous pensez qu’il n’est pas facile de concilier votre vie de maman à votre vie de femme ? Pour que vous puissiez garder un œil sur votre bout de chou tout en vaquant à vos occupations, investissez dans un transat bébé. Pratique et souvent évolutif, cet article de puériculture incontournable permettra à votre enfant de s’ouvrir au monde qui l’entoure. Pour vous, nous avons cherché les meilleurs transats bébé de l’année.
37825;Les meilleurs chauffe-biberons;https://meilleurtest.fr/comparatif-chauffe-biberon/;Puériculture et parentalité;Pour que votre petit bout de chou puisse toujours avoir son lait à bonne température, l'idéal serait d'avoir un chauffe-biberon. Pour utiliser cet appareil, il vous suffira de le brancher à une prise électrique ou une prise allume-cigare et tester la chaleur du lait avant de le donner à boire au bébé. Pour choisir le chauffe-biberon, lisez notre guide d'achat proposant les meilleurs modèles.
37821;Les meilleurs sacs à langer;https://meilleurtest.fr/comparatif-sac-a-langer/;Puériculture et parentalité;Pour les sorties avec bébé, le sac à langer est un accessoire indispensable. Véritable fourre-tout, il permet d'emporter le nécessaire de change et les repas de bébé. En outre, les parents assortissent souvent le design du sac à leur tenue vestimentaire pour un look total fashion ! Pour trouver les meilleurs sacs à langer, nous vous invitons à lire ce guide.
37820;Les meilleures balancelles bébé;https://meilleurtest.fr/comparatif-balancelle-bebe/;Puériculture et parentalité;"Jongler entre les besoins de bébé et les tâches quotidiennes peut représenter un défi pour de nombreux parents. Pour assurer le confort du nouveau-né tout en retrouvant votre tranquillité d'esprit et libérer vos mains, utilisez les équipements adéquats. En ce sens, la balancelle bébé, également appelée<a href=""https://meilleurtest.fr/comparatif-transat-bebe/""> transat bébé </a>ou chaise à bascule, est un équipement de puériculture très pratique. Trouvez celle qui répondra aux besoins de votre bout de chou en découvrant notre sélection des meilleures balancelles bébé pour cette année."
37818;Les meilleurs casques anti-bruit pour bébé;https://meilleurtest.fr/comparatif-casque-antibruit-pour-bebe/;Puériculture et parentalité;Un bébé est très vulnérable aux agressions extérieures, et les bruits en font partie. Comme ses oreilles sont très sensibles, l’utilisation d’un casque anti-bruit pour bébé demeure indispensable en certains endroits et en certaines circonstances (voyage en avion, chantier à proximité…). À travers notre guide, découvrez les meilleurs casques anti-bruit pour bébés du moment.
37816;Les meilleures tables d'activités pour bébé;https://meilleurtest.fr/comparatif-table-d-activite-bebe/;Puériculture et parentalité;Vous tenez à stimuler l’intelligence de votre enfant, mais ne savez pas quel jouet éducatif lui offrir ? Pourquoi ne pas lui acheter une table d’activités ? Aussi ludique et stimulante qu’un mobile ou un tapis d’éveil, la table d’activités bébé a un véritable impact sur l’éveil sensoriel et la motricité des bébés avides de nouvelles sensations. Mais vers quel modèle se tourner ? Fiez-vous à ce guide pour bien choisir.
37807;Les meilleures poussettes;https://meilleurtest.fr/comparatif-poussette/;Puériculture et parentalité;La poussette est un accessoire de puériculture indispensable pour les déplacements avec bébé. Modèles à 3 ou 4 roues, pour le jogging ou pour voyager, le choix est large et on s'y perd rapidement. Aussi, prenez le temps de choisir la plus stable et sécuritaire possible pour offrir un maximum de confort à votre enfant tout en évitant les accidents. Pour vous aider, lisez ce guide.
37718;Les meilleures maisons de poupée;https://meilleurtest.fr/comparatif-maison-de-poupee/;Puériculture et parentalité;Les maisons de poupées peuvent être un cadeau incroyable pour votre enfant. Il y a de nombreux modèles disponibles sur le marché, que ce soit au niveau des matériaux (bois, contreplaqué ou plastique), ainsi qu'au niveau du style, dont le quickbuilt et la maison traditionnelle sont les plus connus. Lequel choisir et comment en prendre soin ? On vous explique tout dans ce guide d’achat.
37632;Les meilleurs mobiles pour bébé;https://meilleurtest.fr/comparatif-mobile-bebe/;Puériculture et parentalité;Bébé arrive bientôt et vous avez du mal à trier les must-have qui doivent figurer parmi votre liste de naissance ? En voici un : le mobile. Tout premier jeu d'éveil de votre bébé, le mobile le divertira quand il est éveillé et facilitera son endormissement au moment du coucher. Cela grâce aux musiques et aux lumières que l'appareil émet. Mais, quel modèle choisir ? Tout est dit dans ce guide.
37565;Les meilleures écharpes de portage Meï-Taï;https://meilleurtest.fr/comparatif-echarpe-de-portage-mei-tai/;Puériculture et parentalité;Souhaitez-vous renforcer le lien affectif entre votre bout de chou et vous tout en profitant de vos temps libres pour vous balader ? L’écharpe de portage Meï-Taï sera votre meilleure option. Dispositif préconisé par les pédiatres, il offre de nombreux avantages autant aux parents qu'aux bébés. Lisez notre guide des meilleures écharpes de portage Meï-Taï pour dénicher le bon modèle.
37564;Les meilleurs réducteurs de toilettes pour enfant;https://meilleurtest.fr/comparatif-reducteur-de-toilette-pour-enfant/;Puériculture et parentalité;Arrive le moment où bébé grandit et ne peut plus faire ses besoins dans un pot d’autant plus que la cuvette des toilettes est encore trop grande pour lui. C’est la raison pour laquelle les parents achètent un réducteur de toilette pour enfant. Ce dispositif adapte les dimensions du WC aux plus jeunes. Pour des recherches plus fructueuses, découvrez notre guide des meilleurs réducteurs de toilette pour enfant.
37559;Les meilleures veilleuses musicales pour bébés;https://meilleurtest.fr/comparatif-veilleuse-musicale-bebe/;Puériculture et parentalité;Votre enfant fait souvent des cauchemars et refuse de dormir seul ? Une option intéressante et non moins polyvalente, procurez-vous une veilleuse musicale pour bébé. Loin d'être un simple jouet, elle embarque des options super utiles afin que votre bout de chou passe des nuits paisibles. Mais laquelle choisir ? Suivez notre guide des meilleures veilleuses musicales pour bébé.
37551;Les meilleures voitures télécommandées;https://meilleurtest.fr/comparatif-voiture-telecommandee/;Puériculture et parentalité;Peu importe que vous soyez un adulte ou un enfant, les voitures télécommandées sont très amusantes, que vous les utilisiez sur route ou hors route. De nombreux modèles sont disponibles sur le marché, et vous n’aurez aucun souci pour trouver la voiture télécommandée qui répondra à vos besoins ou à ceux de vos enfants. Lisez notre guide pour en savoir plus sur ces petites merveilles.
37537;Les meilleures tours d'observation Montessori;https://meilleurtest.fr/comparatif-tour-d-observation-montessori/;Puériculture et parentalité;Une tour d’observation Montessori est un mobilier qui contribue à l’apprentissage tout en optimisant l’autonomie des enfants de 18 mois à 6 ans. À la fois pratique et pensée intelligemment, elle permet d’élever les chérubins à la hauteur d’un plan de travail, d'un lavabo ou d'une table. Justement, ce guide d’achat propose une sélection des meilleures tours d'observation Montessori pour cette année et nos conseils pratiques pour bien choisir.
37480;Les meilleurs anneaux de dentition;https://meilleurtest.fr/comparatif-anneau-de-dentition/;Puériculture et parentalité;La poussée dentaire est une étape importante pour votre bébé, mais elle peut aussi être difficile et douloureuse. Pour aider votre enfant à surmonter cette épreuve, offrez-lui un anneau de dentition qui soulagera vite sa gencive douloureuse et enflée tout en le distrayant. En caoutchouc, en silicone, en bois, en plastique, en forme de hochet, à la fois jouet d’éveil, etc. Que choisir ? Lisez notre comparatif pour en savoir plus.
37476;Les meilleurs pots de chambre bébé;https://meilleurtest.fr/comparatif-pot-de-chambre-bebe/;Puériculture et parentalité;"Votre bout de chou a maintenant <a href=""https://www.inspq.qc.ca/mieux-vivre/bebe/le-developpement-de-l-enfant/apprentissage-de-la-proprete"">presque 2 ans</a> et vous fait savoir qu’il est prêt pour le pot ? Achetez-lui donc un pot d’apprentissage rassurant et sécuritaire (stable, en forme d’animal, antidérapant, musical, etc.) pour l’initier correctement à la propreté. Si cette période peut être particulièrement stressante pour certains parents, restez zen en vous fiant à notre guide comparatif."
37432;Les meilleures poussettes cannes compactes;https://meilleurtest.fr/comparatif-poussette-canne-compacte/;Puériculture et parentalité;"Faciliter les trajets avec bébé, que cela se fasse à pied, en voiture ou dans les transports en commun, c’est l’ambition des poussettes cannes compactes qui se veulent à la fois légères et peu imposantes quand elles sont pliées. Naturellement, cet avantage pratique ne devrait pas s’obtenir au détriment du confort des petits ; raison pour laquelle la qualité de l’assise figure toujours parmi les critères clés qui dicteront le choix. Que faut-il retenir avant d’en acheter une ? Tour d’horizon sur les meilleures poussettes cannes compactes pour cette année."
37419;Les meilleurs babyphones;https://meilleurtest.fr/comparatif-babyphone/;Puériculture et parentalité;"De jour comme de nuit, de près ou de loin, <a href=""https://meilleurtest.fr/comparatif-babyphone-babymoov/"">le babyphone</a> permet de maintenir une surveillance constante sur votre bébé. Intégrant les fonctions de talkie-walkie, de berceuse, de capteur de température et… <a class=""wpil_keyword_link"" title=""caméra de surveillance"" href=""https://meilleurtest.fr/comparatif-camera-de-surveillance-ayant-un-bon-rapport-qualite-prix/"" data-wpil-keyword-link=""linked"">caméra de surveillance</a> pour les babyphones vidéo, ce dispositif fera un bon allié pour veiller au bien-être de votre bout de chou. Retrouvez à travers ce guide d’achat les meilleurs babyphones du moment et nos conseils pour bien les choisir."
37418;Les meilleurs mouche-bébés;https://meilleurtest.fr/comparatif-mouche-bebe/;Puériculture et parentalité;"En moyenne, un bébé s’enrhume <a href=""https://www.santemagazine.fr/sante/grossesse-et-bebe/sante-du-bebe/comment-moucher-mon-bebe-enrhume-425846"" target=""_blank"" rel=""noopener"">5 à 7 fois par an</a>. D’où l’utilité du mouche-bébé pour décongestionner régulièrement son nez et éviter que son état grippal ne dégénère en bronchiolite ou en une autre infection respiratoire. Entre modèles manuels, électriques, à cordon, stérilisables, à embout jetable, etc., en vente sur le marché, lequel choisir ? Lisez ce guide pour ne pas regretter votre achat."
37415;Les meilleurs sièges sauteurs bébé;https://meilleurtest.fr/comparatif-siege-sauteur-bebe/;Puériculture et parentalité;Le siège sauteur bébé est loin d’être un jouet comme les autres. Il s’agit en effet d’un équipement ludique qui permet également de tonifier leurs muscles des tout-petits et affiner leur motricité. Voilà pourquoi vous devez choisir le meilleur siège sauteur bébé pour votre loulou. Cela tombe bien, nous avons réalisé ce guide d’achat dans le but de vous aider.
37414;Les meilleurs parcs bébés;https://meilleurtest.fr/comparatif-parc-bebe/;Puériculture et parentalité;Lorsqu’il commence à ramper, surveiller bébé devient plus difficile. Pour le garder en toute sécurité et vaquer à vos occupations, un parc bébé peut s’avérer utile. A la fois salle de repos, salle de gym et espace ludique pour nos petits anges, ce mobilier démontable existe en de formes diverses. Découvrez notre comparatif des meilleurs parcs bébé.
37413;Les meilleurs laits infantiles pour bébé;https://meilleurtest.fr/comparatif-lait-infantile-bebe/;Puériculture et parentalité;S’il est impossible d’effacer totalement les souffrances causées par la difficulté ou l’impossibilité d’allaiter, il est maintenant possible d’assurer le bon développement de votre enfant dès sa naissance grâce à des laits infantiles parfaitement adaptés. Mais que choisir : bio, au lait de vache, enrichis en fer, en DHA, sans gluten, sans huile de palme… ? Lisez ce guide.
37412;Les meilleures écharpes de portage bébé;https://meilleurtest.fr/comparatif-echarpe-de-portage-pour-bebe/;Puériculture et parentalité;"Comme 35% des parents français portent leur bébé, l’écharpe de portage est une belle alternative au classique <a href=""//meilleurtest.fr/comparatif-porte-bebe/"">porte-bébé</a>. À la fois facile à enfiler et élégante, elle assure une meilleure proximité avec le tout-petit. Outre le confort du porteur, la longueur du tissu, la poche et le nouage, le modèle choisi doit être adapté à la taille et au poids de l’enfant. Quel modèle choisir ?"
37409;Les meilleurs tire-laits;https://meilleurtest.fr/comparatif-tire-lait/;Puériculture et parentalité;Pour la santé de bébé, il est recommandé de le nourrir exclusivement avec du lait maternel les 6 premiers mois de sa vie. Ce qui pousse de nombreuses mamans à tirer leur lait. En effet, le tire-lait (manuel ou électrique) est un allié de poids pour les mamans qui s’absentent souvent et qui souhaitent favoriser l’allaitement malgré tout. Mais quel est le meilleur tire-lait disponible sur le marché ? La réponse est dans ce guide et comparatif.
37392;Les meilleures poussettes trio;https://meilleurtest.fr/comparatif-poussette-trio/;Puériculture et parentalité;"La poussette est incontournable pour partir en vadrouille avec bébé. Cependant, que choisir parmi les nombreux modèles du marché : duo, compactes, tout-terrain, etc. Investissez donc dans une valeur sûre en misant sur un <a href=""https://meilleurtest.fr/comparatif-poussette-tout-terrain-3-en-1/"">pack trio</a>. Composé d’une nacelle, d'une coque et d'un hamac, il est une solution complète et évolutive pour bébé jusqu’à ses 3 ans. Lisez notre guide pour bien choisir."
37383;Les meilleurs mouche-bébés électriques;https://meilleurtest.fr/comparatif-mouche-bebe-electrique/;Puériculture et parentalité;Si votre bébé attrape un rhume, pour éviter que leur état ne s’aggrave, l’usage d’un mouche-bébé peut se révéler utile. Plus efficace qu’un modèle manuel, la version électrique permet de venir à bout des toutes les infections respiratoires, des plus bénignes aux plus graves (bronchiolite, bronchite, asthme, etc.). Mais quel modèle choisir ? Lisez ce guide.
37324;Les meilleures pâtes à modeler;https://meilleurtest.fr/comparatif-pate-a-modeler/;Puériculture et parentalité;La pâte à modeler aide à libérer la créativité de votre enfant. Le fait de toucher, rouler et écraser la pâte permet le développement sensoriel et améliore sa motricité fine. Cela dit, toutes les variétés de pâte à modeler ne sont pas sans danger pour les enfants. Lisez notre guide pour choisir en toute sécurité la pâte à modeler qui répondra aux besoins de votre enfant.
37300;Les meilleurs sièges auto naissance groupe 0;https://meilleurtest.fr/comparatif-siege-auto-naissance-groupe-0/;Puériculture et parentalité;Les sièges auto naissance groupe 0 se destinent aux enfants inférieurs à 13 kg. Ils sont indispensables et obligatoires pour assurer la sécurité de vos bébés lors de vos petits déplacements comme de vos voyages. Mais parmi les innombrables marques et modèles, lequel choisir ? Dans ce guide d’achat, nous allons vous présenter les meilleurs sièges auto naissance groupe 0 afin de vous aider à y voir plus clair.
37297;Les meilleurs sièges auto groupes 2 3 inclinables;https://meilleurtest.fr/comparatif-siege-auto-groupe-2-3-inclinable/;Puériculture et parentalité;"Classés selon l’âge et le poids des enfants, <a href=""https://meilleurtest.fr/comparatif-siege-auto/"">les sièges auto</a> sont des équipements indispensables pour les trajets en voiture avec bébé. À partir de 3 ans, vous devrez vous tourner vers les sièges auto groupe 2 3 inclinables. Ces sièges permettent aux enfants de s’assoir et de piquer un roupillon ou profiter du paysage. Quel système de fixation choisir ? Quel niveau de protection chercher ? On vous explique tout dans ce guide d’achat."
37294;Les meilleurs sièges auto groupe 1 2 3;https://meilleurtest.fr/comparatif-siege-auto-groupe-1-2-3/;Puériculture et parentalité;"Sans se limiter aux codes réglementaires de la sécurité routière, le <a href=""https://meilleurtest.fr/comparatif-siege-auto-evolutif/"">siège auto</a> contribue au confort et à la protection des enfants en bas âge. Parmi la pléthore d’offres disponibles, le siège auto groupe 1 2 3 sera le choix par excellence pour accompagner l’évolution des enfants. En effet, il convient à tous les enfants compris âgés de 9 mois à 12 ans. Afin qu’il puisse remplir parfaitement sa fonction, il faudra bien le choisir. Pour vous faire gagner du temps, nous avons cherché les meilleurs sièges auto groupe 1 2 3 du marché."
37276;Les meilleures tasses d'apprentissage pour bébé;https://meilleurtest.fr/comparatif-tasse-d-apprentissage-bebe/;Puériculture et parentalité;"Le passage du <a href=""//meilleurtest.fr/comparatif-biberon-verre/?wordpress_logged_in=true"">biberon</a> au verre n’est jamais facile ! C’est pour cela qu’il faut habituer bébé à la tasse d’apprentissage qui lui permettra de mieux appréhender l'utilisation d'un verre comme les grands. Lors de votre achat, vous devrez considérer différents critères comme l'âge ou le design. Notre guide vous donne différentes astuces pour que votre achat soit un succès."
37252;Les meilleurs laits de croissance;https://meilleurtest.fr/comparatif-lait-de-croissance/;Puériculture et parentalité;À partir de 10 ou 12 mois, bébé baigne déjà dans la diversification alimentaire. Même s’il ne se détache pas encore intégralement du lait maternel, il aura besoin d’un bon lait de croissance qui lui fournira les nutriments nécessaires afin de bien grandir. Trouvez vite le lait de croissance qui convient à votre bambin parmi notre sélection.
37221;Les meilleures poussettes doubles;https://meilleurtest.fr/comparatif-poussette-double/;Puériculture et parentalité;Les poussettes doubles sont de véritables must have pour les promenades avec des jumeaux. Ce sont aussi les meilleures alliées des parents dont les enfants sont d’âges rapprochés. Hélas, ces matériels de puériculture sont parfois considérés comme encombrants. Mais grâce à notre guide et nos conseils pratiques, vous allez trouver le meilleur correspondant à vos besoins.
37200;Les meilleurs porte-bébés vélo;https://meilleurtest.fr/comparatif-porte-bebe-velo/;Puériculture et parentalité;"Vous vouez une véritable passion pour le cyclisme et souhaitez faire vivre l’expérience à votre enfant dès son jeune âge ? Dans ce cas, investissez dans un bon porte-bébé vélo, plus pratique et facile d’installation qu’une <a href=""https://meilleurtest.fr/comparatif-remorque-velo-pour-enfant/"">remorque</a>. Mais choisir n’est pas chose facile. Voilà pourquoi nous vous avons concocté spécialement ce guide des meilleurs porte-bébés vélo du moment."
37199;Les meilleurs sièges auto pivotants;https://meilleurtest.fr/comparatif-siege-auto-pivotant/;Puériculture et parentalité;"Utilisable dès la naissance jusqu’à 12 ans, le siège auto pivotant offre confort et protection aux enfants. Le système Isofix le rend facile d’utilisation, bien mieux que la ceinture de sécurité. Cela importe puisque <a href=""https://www.securange.fr/bien-installer-son-enfant"">66 % des enfants ne sont pas correctement retenus en voiture</a>. Tournant sur 90° ou 360°, le modèle choisi devra répondre aux normes légales R44/04 ou R129. Pour vous, nous avons recherché les meilleurs sièges auto pivotants de l’année."
37192;Les meilleurs porte-bébés;https://meilleurtest.fr/comparatif-porte-bebe/;Puériculture et parentalité;Porter bébé contre soi réduit les pleurs de 50 %. Cette pratique permet aussi aux parents de maintenir un contact physique permanent avec leur tout-petit. Elle favorise, par la même occasion, l’adaptation de l’enfant au monde extérieur tout en l’aidant dans son développement physique et facilitant sa digestion. De format classique, mei tai, ergonomique ou de randonnée ? En coton ou en polyester ? Trouvez les réponses à ces questions en lisant ce guide complet.
37189;Les meilleures veilleuses bébé;https://meilleurtest.fr/comparatif-veilleuse-pour-bebe/;Puériculture et parentalité;Pour que bébé passe des nuits toutes douces, installez une veilleuse adaptée à son chevet. Il existe un nombre varié de modèles : murale, musicale, nomade… Certains émettent même des motifs enfantins ou fantaisistes sur les murs. Découvrez à travers ce guide notre classement des meilleures veilleuses pour bébé.
