"ID";"post_title";"_post_permalink";"category";"mltv5_introduction";"mltv5_new_intro"
"42734";"Les meilleures couvertures chauffantes sans fil";"https://meilleurtest.fr/comparatif-couverture-chauffante-sans-fil/";"Sommeil et literie";"Parfaite pour les soirées cocooning et les nuits à la belle étoile, la version sans fil de la <a href=""https://meilleurtest.fr/comparatif-couverture-chauffante/"">couverture chauffante</a> garde bien au chaud, une bonne nouvelle lorsqu’on est un tantinet sensible eu froid. Selon la taille, elle peut accueillir une ou deux personnes, proposer une chaleur ajustable, et tout ça sans perdre en confort ni en polyvalence. En plus, le poids demeure raisonnable et vous ne souffrez pas de l’encombrement d'un câble d’alimentation, contrairement au modèle filaire. Pour vous aider à faire le bon choix, découvrez notre sélection des meilleures couvertures chauffantes sans fil."
"42370";"Les meilleurs matelas BZ";"https://meilleurtest.fr/comparatif-matelas-bz/";"Sommeil et literie";"<a href=""https://meilleurtest.fr/comparatif-canape-bz/"">Les canapés BZ</a> et les banquettes BZ sont devenus à la mode en raison du gain de place et de la polyvalence qu'ils ont à offrir, pouvant se transformer en lit ou en canapé en quelques secondes. Toutefois, le matelas qui les accompagne aura tendance à s'user rapidement en cas d'utilisation fréquente en configuration couchage. Dans ce cas, vous avez deux options : acheter un nouveau canapé BZ ou remplacer le matelas. Pour la seconde option, le choix est très vaste, il faudra tenir compte de la fermeté, des dimensions, des matériaux ou encore de la taille et de l'épaisseur. Vous cherchez un matelas BZ ? Découvrez notre sélection des meilleurs modèles pour cette année."
"42367";"Les meilleurs matelas anti-acariens";"https://meilleurtest.fr/comparatif-matelas-anti-acariens/";"Sommeil et literie";"Les acariens envahissent la literie, <a href=""https://meilleurtest.fr/comparatif-oreiller/"">notamment les oreillers</a>, les draps et les matelas. La chaleur corporelle et la transpiration que génèrent le corps humain pendant le sommeil crée cet environnement propice à la prolifération de ces nuisibles à l'origine de nombreuses allergies : éternuements fréquents, nez qui coule, démangeaisons des yeux, toux, asthme. Dormir sur un matelas anti-acariens réduit de façon considérable les risques de prolifération. Mais quel matelas choisir, à quelle taille et pour quelle épaisseur ? Pour le savoir, découvrez notre sélection des meilleurs matelas anti-acariens pour cette année et nos conseils pratiques pour décider en connaissance de cause.";"Les acariens, invisibles mais omniprésents dans la literie, aggravent les allergies respiratoires et les irritations cutanées. Un matelas anti-acariens limite leur prolifération grâce à des traitements du coutil, des mousses à cellules fermées ou des garnissages naturellement résistants comme le <a href=""https://meilleurtest.fr/comparatif-matelas-latex-naturel/"">latex naturel</a>. Compléter avec un <a href=""https://meilleurtest.fr/comparatif-protege-matelas/"">protège-matelas</a> et un <a href=""https://meilleurtest.fr/comparatif-oreiller-a-memoire-de-forme/"">oreiller hypoallergénique</a> renforce la barrière. Ce comparatif simplifiera le choix du matelas anti-acariens le plus efficace pour un sommeil sain."
"42363";"Les meilleurs matelas de berceau";"https://meilleurtest.fr/comparatif-matelas-de-berceau/";"Sommeil et literie";"Saviez-vous que pendant ses trois premiers mois, bébé dort quasiment 16 heures par jour ? La logique veut que l’on accorde <a href=""https://meilleurtest.fr/comparatif-matelas-bebe-60x120-cm/"">une importance particulière à son matelas</a> pour favoriser son endormissement, tout en garantissant un sommeil suffisant et sans risque. À ce propos, le présent guide d’achat se consacre particulièrement aux matelas de berceau. Mais lequel choisir ? Quelle taille et quelle épaisseur également ? Quels matériaux pour le matelas et la housse ? En latex, en laine, en polyuréthane ou en fibres de coco, découvrez notre sélection des meilleurs matelas de berceau pour cette année et nos conseils pratiques pour faire le bon choix."
"42360";"Les meilleurs matelas réversibles";"https://meilleurtest.fr/comparatif-matelas-reversible/";"Sommeil et literie";"Vous rêvez de dormir au frais en été et au chaud en hiver ? Le matelas réversible devrait vous intéresser. Il a été imaginé pour répondre aux changements de saison grâce à ses deux faces aux garnissages différents. Également appelé matelas double face, il garde les dormeurs à la bonne température et offre un soutien suffisant pour garantir une bonne nuit de sommeil. Cela vous intéresse ? Vous faut-il un <a href=""https://meilleurtest.fr/comparatif-matelas-1-place-pas-cher/"">matelas une place</a> ou <a href=""https://meilleurtest.fr/comparatif-matelas-2-places/"">deux places</a> ? <a href=""https://meilleurtest.fr/comparatif-matelas-dehoussable/"">avec housse amovible</a> ou sans ? <a href=""https://meilleurtest.fr/comparatif-matelas-mousse/"">En mousse à mémoire de forme</a>,<a href=""https://meilleurtest.fr/comparatif-matelas-hybride/""> hybride</a> ou <a href=""https://meilleurtest.fr/comparatif-matelas-a-ressorts-ensaches/"">à ressorts ensachés</a> ou <a href=""https://meilleurtest.fr/comparatif-matelas-latex-naturel/"">en latex naturel</a> ? et quelle épaisseur ? Trouvez le bon matelas réversible en découvrant notre sélection des matelas réversibles pour cette année."
"42359";"Les meilleurs matelas reconditionnés";"https://meilleurtest.fr/comparatif-matelas-reconditionne/";"Sommeil et literie";"Chaque année, <a href=""https://meilleurtest.fr/comparatif-matelas/"">des millions de matelas sont jetés</a>, s'entassant dans les décharges et aggravant les problèmes de recyclage et de traitement des déchets. Mais, bonne nouvelle, il y a une solution apparue depuis peu : le reconditionnement des matelas. Ces derniers sont récupérés, triés, nettoyés en profondeur, et remis à neuf. Non seulement le matelas reconditionné aide à réduire les montagnes de déchets, mais il offre aussi une qualité de sommeil qui n'a rien à envier aux matelas neufs, et pour beaucoup moins cher également. Poursuivez la lecture si vous voulez découvrir notre sélection des meilleurs matelas reconditionnés pour cette année."
"42358";"Les meilleurs matelas viscoélastiques";"https://meilleurtest.fr/comparatif-matelas-viscoelastique/";"Sommeil et literie";"Connu sous le nom de matelas à mémoire de forme dans le langage commun, le matelas viscoélastique se distingue par sa propriété thermosensible permettant de s’assouplir pour épouser les contours du corps de l’utilisateur. D’une polyvalence remarquable, cette mousse spéciale est compatible avec toutes les technologies de matelas et tous <a href=""https://meilleurtest.fr/comparatif-sommier/"">les types de sommiers</a>. Comment choisir et où trouver les meilleurs matelas viscoélastiques ? Faisons le point dans cet article.";"Le matelas viscoélastique, autre nom de la mousse à mémoire de forme, s'adapte à la chaleur du corps pour épouser sa morphologie. Densité, épaisseur de la couche et ventilation varient d'un modèle à l'autre. Face au <a href=""https://meilleurtest.fr/comparatif-matelas-latex/"">latex</a> ou au <a href=""https://meilleurtest.fr/comparatif-matelas-hybride/"">matelas hybride</a>, il se distingue par son accueil enveloppant. Compléter avec un <a href=""https://meilleurtest.fr/comparatif-sommier-tapissier/"">sommier tapissier</a> adapté renforce le soutien. Ce comparatif éclairera votre choix parmi les matelas viscoélastiques les plus aboutis."
"42355";"Les meilleurs matelas 2 places";"https://meilleurtest.fr/comparatif-matelas-2-places/";"Sommeil et literie";"Si, à l’instar des 70 % des Français, vous vous réveillez souvent avec un mal carabiné dans le dos, <a href=""https://meilleurtest.fr/comparatif-matelas/"">le moment est sans doute venu de changer de matelas</a>. En effet, les douleurs lombaires résultent habituellement des matelas en fin de vie et qui ne sont plus adaptés à l’utilisation. Pour retrouver le sommeil et la santé, se reposer sur un matelas 2 places de qualité est de mise, notamment si vous avez une forte corpulence ou vivez en couple. Dans ce guide d’achat, nous livrons des conseils et mettons en avant une sélection des meilleurs matelas 2 places pour cette année.";"Le matelas 2 places regroupe les formats 140x190, 140x200, 160x200 et au-delà, chacun adapté à une morphologie et un espace de chambre différents. <a href=""https://meilleurtest.fr/comparatif-matelas-a-memoire-de-forme/"">Mémoire de forme</a>, <a href=""https://meilleurtest.fr/comparatif-matelas-hybride/"">hybride</a> ou <a href=""https://meilleurtest.fr/comparatif-matelas-a-ressorts-ensaches/"">ressorts ensachés</a>, la technologie du garnissage conditionne l'indépendance de couchage et le confort de chaque dormeur. Ce comparatif accompagnera votre recherche du matelas 2 places le mieux adapté à vos nuits en couple."
"42354";"Les meilleurs matelas 1 place pas chers";"https://meilleurtest.fr/comparatif-matelas-1-place-pas-cher/";"Sommeil et literie";"Bien plus utile que nous le pensons, le matelas 1 place pas cher équipe <a href=""https://meilleurtest.fr/comparatif-lit-1-place/"">les lits simples classiques</a> et les fauteuils convertibles pouvant se muer en lit d’appoint. Mais concrètement, avec un budget limité, qu’est-ce que l’on est en droit d’exiger ? Le qualificatif « pas cher » nous permet-il vraiment de trouver un matelas 1 place de qualité ? La réponse est oui ! Découvrons de quelles manières à travers ce guide d'achat. Vous y trouverez nos conseils pratiques et notre sélection des meilleurs matelas 1 place pas chers pour cette année."
"42351";"Les meilleurs matelas déhoussables";"https://meilleurtest.fr/comparatif-matelas-dehoussable/";"Sommeil et literie";"Dans un monde où l'hygiène et le confort deviennent essentiels à la santé et au bien-être, les matelas déhoussables offrent une solution très intéressante. Faciles à entretenir, ils garantissent une propreté irréprochable et prolongent la durée de vie de votre literie, une préoccupation majeure pour les personnes allergiques ou sensibles. Lisez ce guide pour en savoir plus sur ce <a href=""https://meilleurtest.fr/comparatif-matelas/"">type de matelas </a>qui peut vraiment vous faciliter la vie.";"Un matelas déhoussable permet de retirer et laver la housse, un avantage pour l'hygiène et la longévité du couchage. <a href=""https://meilleurtest.fr/comparatif-matelas-a-memoire-de-forme/"">Mémoire de forme</a>, <a href=""https://meilleurtest.fr/comparatif-matelas-latex/"">latex</a> ou mousse haute résilience, la technologie interne reste accessible pour l'entretien. Associé à un <a href=""https://meilleurtest.fr/comparatif-protege-matelas/"">protège-matelas</a>, il prolonge la durée de vie du garnissage. La fermeté et la respirabilité varient d'un modèle à l'autre. Ce comparatif présentera les matelas déhoussables les plus pratiques pour un entretien simplifié."
"42348";"Les meilleurs matelas autogonflants";"https://meilleurtest.fr/comparatif-matelas-autogonflant/";"Sommeil et literie";"Le matelas autogonflant est un matelas capable de se gonfler tout seul. Il est très populaire auprès des amateurs de camping, des randonneurs et tous ceux qui recherchent un confort accru lors de leurs aventures en plein air. Il offre un soutien optimal et un sommeil réparateur, et se révèle également pratique à utiliser comme matelas de piscine ou couchage d'appoint. En combinant la commodité d'un gonflage automatique et une robustesse remarquable, il permet de faire face aux situations pour lesquelles il vous faut un couchage temporaire. Découvrez notre sélection des meilleurs matelas autogonflants si vous voulez en savoir plus."
"42345";"Les meilleurs matelas 60x120";"https://meilleurtest.fr/comparatif-matelas-60x120/";"Sommeil et literie";"Choisir le bon matelas 60x120 peut transformer radicalement le quotidien d'une famille. Cette taille, idéale pour les jeunes enfants, combine confort et praticité ; mais <a href=""https://meilleurtest.fr/comparatif-matelas-bebe-60x120-cm/"">tous les matelas</a> ne se valent pas. Les meilleurs modèles hybrides servent de couchage sécurisant ou même d'espace de jeu, aidant à résoudre le casse-tête lié à l'aménagement des petits espaces. En sélectionnant un produit de qualité, vous offrez à l'enfant un environnement sain et durable, essentiel à son développement et son bien-être. Lisez ce guide pour en savoir plus."
"42199";"Les meilleurs bandeaux anti-bruit pour dormir";"https://meilleurtest.fr/comparatif-bandeau-anti-bruit-pour-dormir/";"Sommeil et literie";"Vous avez du mal à dormir la nuit et cherchez une solution efficace pour<a href=""https://meilleurtest.fr/comparatif-complement-melatonine/""> en finir avec les troubles du sommeil</a> ? Essayez le bandeau anti-bruit pour dormir. Contrairement au casque anti-bruit et aux bouchons Quies, ce dernier est peu encombrant tout en offrant des résultats satisfaisants. Si vous avez du mal à choisir le bandeau anti-bruit pour dormir qui vous convienne, lisez notre guide d'achat."
"42116";"Les meilleurs matelas gonflables 2 personnes";"https://meilleurtest.fr/comparatif-matelas-gonflable-2-personnes/";"Sommeil et literie";"Les matelas gonflables d'aujourd'hui sont beaucoup plus confortables et durables que les modèles d'il y a une dizaine d'années. Légers et faciles à gonfler grâce à la pompe électrique intégrée, ces matelas pneumatiques peuvent être utilisés comme lits d'appoint et se prêtent volontiers à une utilisation nomade comme le camping. Vous envisagez d’acheter un <a href=""https://meilleurtest.fr/comparatif-matelas-gonflable/"">matelas gonflable</a> 2 personnes pour satisfaire vos envies de repos et de détente ? Trouvez ce qu'il faut à travers notre guide d'achat."
"42100";"Les meilleures pierres pour le sommeil";"https://meilleurtest.fr/comparatif-pierre-pour-le-sommeil/";"Sommeil et literie";"La lithothérapie exploite les vertus apaisantes et équilibrantes des pierres pour promouvoir le bien-être physique et mental. Chaque pierre, porteuse d'énergies spécifiques, contribue à créer une atmosphère propice à la détente et à l'harmonie intérieure. Placée à proximité du lit, la pierre pour le sommeil peut aider à éloigner les influences négatives et favorise ainsi des nuits paisibles et réparatrices. Bien plus bénéfique qu'un bon <a href=""//meilleurtest.fr/comparatif-the-pour-dormir/"">thé pour dormir</a> ou un <a href=""//meilleurtest.fr/comparatif-appareil-pour-s-endormir/"">appareil pour s'endormir</a>, ces pierres enveloppent notre espace d'une aura protectrice et curative favorisant la relaxation et l'endormissement. Pour plus de détails, lisez notre guide dédié aux pierres pour le sommeil."
"42099";"Les meilleurs appareils pour s’endormir";"https://meilleurtest.fr/comparatif-appareil-pour-s-endormir/";"Sommeil et literie";"S’endormir rapidement le soir n’est pas aussi facile qu’on le pense. Si certaines personnes se réveillent en sursaut au moindre bruit, d’autres n’arrivent tout simplement pas à lâcher prise à cause du stress qui les ronge. Si vous souffrez d’insomnie, sachez que l’utilisation d’un appareil, le plus souvent déconnecté, pourra vous aider à vous endormir plus rapidement et plus longtemps. Dans ce guide, nous vous dévoilons les astuces qui vous permettront de trouver le meilleur <a href=""https://meilleurtest.fr/comparatif-appareil-de-sommeil-et-de-therapie-sonore/"">appareil pour s’endormir</a>."
"42062";"Les meilleurs oreillers pour l'apnée du sommeil";"https://meilleurtest.fr/comparatif-oreiller-pour-apnee-du-sommeil/";"Sommeil et literie";"Vous avez tenté plusieurs <a href=""https://meilleurtest.fr/comparatif-the-pour-dormir/"">solutions pour mieux dormir</a> la nuit, mais sans succès ? Rassurez-vous, l’apnée du sommeil touche 7% des Français et se manifeste par une nette altération de la qualité du sommeil. Afin de traiter cette pathologie, l’utilisation d’un oreiller pour l’apnée du sommeil est une option moins coûteuse que l'achat d'un <a href=""https://meilleurtest.fr/comparatif-appareil-apnee-du-sommeil/"">appareil pour l'apnée de sommeil</a>, mais tout aussi efficace. Sachant qu'il y a des milliers d'oreillers vendus sur Internet, le choix ne doit pas de faire à la va-vite. Pour vous faire gagner du temps, lisez notre guide des meilleurs oreillers pour l'apnée de sommeil."
"41988";"Les meilleurs matelas bébé 60x120 cm";"https://meilleurtest.fr/comparatif-matelas-bebe-60x120-cm/";"Sommeil et literie";"Les <a href=""https://meilleurtest.fr/comparatif-matelas-70x140/"">matelas pour enfants</a> sont une pièce de literie extrêmement difficile à choisir, surtout si c'est la première fois que vous achetez ce type de produit. Afin que votre bébé grandisse et s’épanouisse librement, il aura besoin d'une couchette qui réponde à toutes ses exigences de confort. Comment trouver le matelas bébé 60x120 cm qui allie praticité, commodité, hygiène et sécurité ? Vous trouverez les réponses en lisant ce guide d’achat."
"41847";"Les meilleures couettes 4 saisons";"https://meilleurtest.fr/comparatif-couette-4-saisons/";"Sommeil et literie";"Pour passer une journée en pleine forme, rien ne vaut une bonne nuit de sommeil. Le choix d’une <a href=""https://meilleurtest.fr/comparatif-couette/"">couette</a> confortable est un point à ne pas négliger pour dormir paisiblement la nuit. En effet, le confort du lit et la fermeté du matelas ne suffisent pas. En vue de faire des économies de place et d'argent, envisagez l'achat d'une couette 4 saisons. Naturelle ou synthétique, laquelle choisir ? Et quel garnissage ? Autant de questions auxquelles nous répondons à travers ce guide.";"La couette 4 saisons se compose de deux épaisseurs amovibles : une légère pour l'été et une plus chaude pour l'intersaison, assemblées pour l'hiver. Ce système remplace une <a href=""https://meilleurtest.fr/comparatif-couette-ete/"">couette été</a> et une <a href=""https://meilleurtest.fr/comparatif-couette-duvet/"">couette en duvet</a> par un seul produit modulable. Fibres synthétiques ou garnissage naturel, la respirabilité et l'entretien varient. Une <a href=""https://meilleurtest.fr/comparatif-housse-de-couette-220x240/"">housse de couette</a> adaptée protège le garnissage. Nous avons rassemblé les couettes 4 saisons les plus polyvalentes pour un confort toute l'année."
"41831";"Les meilleurs ensembles matelas et sommier 140x190";"https://meilleurtest.fr/comparatif-ensemble-matelas-et-sommier-140x190/";"Sommeil et literie";"L'<a href=""https://meilleurtest.fr/comparatif-ensemble-matelas-et-sommier/"">ensemble matelas et sommier</a> est un élément très important pour garantir un sommeil réparateur et une bonne santé. Le matelas devra offrir un soutien ferme tandis que le sommier devra permettre au matelas de respirer. Comme pour les matelas, les lits et les sommiers, les ensembles matelas et sommier existent en différentes tailles, notamment 140x190 cm. Quelle marque choisir ? Sur quels critères se baser pour acheter malin ? Découvrant les meilleurs ensembles matelas et sommier 140x190 à travers ce guide."
"41829";"Les meilleurs ensembles matelas et sommier 160x200";"https://meilleurtest.fr/comparatif-ensemble-matelas-et-sommier-160x200/";"Sommeil et literie";"Pour profiter à fond d’un <a href=""https://meilleurtest.fr/comparatif-matela-queen-size/"">matelas 160x200</a>, il vous faudra trouver un <a href=""https://meilleurtest.fr/comparatif-sommier-160x200/"">sommier adapté</a>. Or, le choix n'est pas toujours évident, surtout pour les non connaisseurs. Les fabricants ont alors décidé de proposer des ensembles matelas et sommier 160x200. Afin de vous guider dans vos recherches, nous avons cherché pour vous les meilleurs ensembles matelas et sommier 160x120 pour cette année."
"41823";"Les meilleurs draps housses en percale de coton";"https://meilleurtest.fr/comparatif-drap-housse-en-percale-de-coton/";"Sommeil et literie";"À la recherche d’un <a href=""https://meilleurtest.fr/comparatif-drap-housse-pour-matelas/"">nouveau drap-housse pour votre matelas</a> ? Pourquoi ne pas vous offrir pour un drap housse en percale de coton ? Fabriqué à partir de <a href=""https://meilleurtest.fr/comparatif-drap-coton/"">coton naturel</a>, ce type de drap est conçu par des artisans expérimentés. En effet, la percale est une manière de désigner des tissus dont les fils ont été noués lors du tissage. Cette technique le rend plus doux au toucher et donne des draps de haute qualité. Trouvez votre drap housse en percale de coton en lisant notre guide d'achat."
"41822";"Les meilleures couettes en plume d'oie";"https://meilleurtest.fr/comparatif-couette-en-plume-oie/";"Sommeil et literie";"On recommande souvent la couette <a href=""https://meilleurtest.fr/comparatif-couette-duvet/"">en plume et duvet</a> à ceux qui cherchent une couverture pour passer l'hiver. À cet effet, la couette en plume d’oie se montre aussi douce que chaleureuse, tout en offrant un excellent confort grâce à son gonflant. Si vous cherchez un modèle suffisamment doux, robuste et qui ne vous fera pas frissonner durant les nuits d’hiver, suivez notre guide des <a class=""wpil_keyword_link"" title=""meilleures couettes"" href=""https://meilleurtest.fr/comparatif-couette/"" data-wpil-keyword-link=""linked"">meilleures couettes</a> en plume d’oie pour cette année.";"La plume d'oie procure un gonflant et une légèreté que peu de garnissages égalent. Le pouvoir isolant dépend du ratio plumes-duvet et de la qualité du duvet sélectionné. Face aux <a href=""https://meilleurtest.fr/comparatif-couette-ete/"">couettes été</a> synthétiques ou aux <a href=""https://meilleurtest.fr/comparatif-couette-4-saisons/"">modèles 4 saisons</a>, ce garnissage se distingue par sa thermorégulation naturelle. Compléter avec une <a href=""https://meilleurtest.fr/comparatif-housse-de-couette/"">housse de couette</a> adaptée prolonge la durée de vie de la couette. Nous avons compilé les couettes en plume d'oie les plus performantes."
"41816";"Les meilleurs draps housses pour matelas";"https://meilleurtest.fr/comparatif-drap-housse-pour-matelas/";"Sommeil et literie";"Une literie de qualité est synonyme d’un sommeil paisible et d'un réveil en pleine forme. Mais on ne parle pas uniquement du lit et du <a class=""wpil_keyword_link"" href=""https://meilleurtest.fr/comparatif-sommier/""   title=""sommier"" data-wpil-keyword-link=""linked"">sommier</a>. En effet, le drap a toute son importance. Le <a href=""https://meilleurtest.fr/comparatif-drap-housse-amazon/"">drap housse</a> est de loin le plus apprécié en ce sens. Mais comment le choisir ? Comment reconnaître celle qui est faite pour compléter votre literie ? Nous vous donnons toutes les informations nécessaires pour choisir le meilleur drap housse pour matelas."
"41814";"Les meilleures couettes lestées";"https://meilleurtest.fr/comparatif-couette-lestee/";"Sommeil et literie";"Avez-vous vous du mal à vous endormir ? L’achat d’une couette lestée sera l’une des solutions pérennes. Ce type de couette est reconnu <a href=""https://meilleurtest.fr/comparatif-masque-de-sommeil/"">pour améliorer le sommeil</a> et réduire l’anxiété. Comment ? En général, elle est constituée de microbilles qui augmentent son poids, ce qui permet à la couette de faire pression sur votre corps comme <a href=""https://meilleurtest.fr/comparatif-tapis-d-acupression/"">un tapis d’acupression</a>. Découvrez dans cet article notre sélection des meilleures couettes lestées du moment.";"La couette lestée, garnie de microbilles de verre, exerce une pression douce sur le corps pour favoriser l'endormissement. Son poids, calculé à environ 10 %% de la masse du dormeur, influence la sensation d'apaisement. Elle se distingue des <a href=""https://meilleurtest.fr/comparatif-couette-duvet/"">couettes en duvet</a> ou des <a href=""https://meilleurtest.fr/comparatif-couette-4-saisons/"">couettes 4 saisons</a> par cette action sensorielle. Associée à une <a href=""https://meilleurtest.fr/comparatif-housse-de-couette/"">housse de couette</a> résistante, elle dure plus longtemps. Nous avons comparé les couettes lestées les plus apaisantes du marché."
"41812";"Les meilleurs draps housses en jersey";"https://meilleurtest.fr/comparatif-drap-housse-en-jersey/";"Sommeil et literie";"Vous souhaitez renouveler vos draps housses et cherchez une matière résistante, facile à entretenir et, il va sans dire, confortable ? Orientez-vous vers les modèles en jersey. En effet, ce tissu présente tous les gages de qualité, y compris un prix de vente abordable. L’idée vous plaît mais vous souhaitez en savoir davantage avant d'arrêter votre décision ? Notre guide consacré aux meilleurs <a href=""https://meilleurtest.fr/comparatif-drap-housse-amazon/"">draps housses</a> disponibles en ce moment devrait vous intéresser."
"41793";"Les meilleures couettes été";"https://meilleurtest.fr/comparatif-couette-ete/";"Sommeil et literie";"Adopter les bons accessoires de literie à la bonne saison permet de dormir confortablement. Ainsi, en été, quoi de mieux que d’adopter une couette été en complément d’un <a href=""//meilleurtest.fr/comparatif-matelas-rafraichissant/"">matelas rafraîchissant</a> pour profiter d’un excellent confort thermique. Tout aussi efficace qu’une <a href=""//meilleurtest.fr/comparatif-couette-anti-transpiration/"">couette anti transpiration</a>, la couette été limite les sueurs nocturnes et protège des pics de chaleur que peuvent subir votre corps durant les fortes chaleurs estivales. Les détails dans ce guide d’achat.";"Une couette été légère régule la température sans provoquer de sueurs nocturnes. Fibres creuses, <a href=""https://meilleurtest.fr/comparatif-couette-duvet/"">duvet</a>, soie ou coton, chaque garnissage offre un niveau de fraîcheur et de respirabilité différent. L'associer à un <a href=""https://meilleurtest.fr/comparatif-drap-anti-transpiration/"">drap anti-transpiration</a> et une <a href=""https://meilleurtest.fr/comparatif-housse-de-couette/"">housse de couette</a> adaptés renforce le confort thermique de l'ensemble. Nous avons retenu les couettes été les plus respirantes pour des nuits fraîches même pendant les fortes chaleurs."
"41535";"Les meilleurs matelas 70x140";"https://meilleurtest.fr/comparatif-matelas-70x140/";"Sommeil et literie";"Tout comme vous, les tout-petits ont également besoin d’un confort extrême durant leur sommeil, d’autant plus qu’ils doivent bien dormir pour bien grandir. La préparation de la literie du nouveau venu constitue même une phase préoccupante chez les parents. Après avoir trouvé le <a href=""https://meilleurtest.fr/comparatif-berceau-bebe/"">berceau</a> ou le lit idéal, offrez-lui l’opportunité de dormir sereinement avec un matelas 70x140 cosy et fiable : parcourez notre guide d'achat pratique pour faire le bon choix."
"41522";"Les meilleurs matelas 120x190";"https://meilleurtest.fr/comparatif-matelas-120x190/";"Sommeil et literie";"Pour ne pas se sentir à l’étroit dans son lit, un matelas bien large, mais pas trop imposant pour une seule personne existe bel et bien : c'est le matelas 120x190. En plus de l’espace, durant le sommeil, il devra par contre offrir confort et bien-être. Sauf que, trouver un bon matelas certifié et d’une taille spécifique ne paraît pas facile. Donc, pour vous aider à trouver votre petit nuage, nous avons décidé de vous proposer les <a href=""https://meilleurtest.fr/comparatif-matelas/"" target=""_blank"" rel=""noopener"">meilleurs matelas </a>120x190 sur le marché.";"Le format 120x190, à mi-chemin entre le simple et le double, convient aux adolescents et aux dormeurs qui veulent plus d'espace sans encombrer la chambre. <a href=""https://meilleurtest.fr/comparatif-matelas-a-memoire-de-forme/"">Mémoire de forme</a>, <a href=""https://meilleurtest.fr/comparatif-matelas-latex/"">latex</a> ou mousse haute résilience, les technologies disponibles dans cette taille influencent la fermeté et la ventilation. Compléter avec un bon <a href=""https://meilleurtest.fr/comparatif-sommier-tapissier/"">sommier</a> assure un soutien homogène. Nous avons vérifié quels matelas 120x190 offrent le meilleur confort dans ce format intermédiaire."
"41518";"Les meilleurs draps housse sur Amazon";"https://meilleurtest.fr/comparatif-drap-housse-amazon/";"Sommeil et literie";"Le choix de la literie est primordial si vous voulez passer une excellente nuit. À part <a href=""https://meilleurtest.fr/comparatif-matelas/"">le matelas</a> et <a href=""https://meilleurtest.fr/comparatif-oreiller/"">l’oreiller</a>, le drap housse est garant du confort lors de votre sommeil. Pour cela, il doit être soyeux et doux au toucher et surtout ne pas se détacher. Pour vous aider dans votre démarche, voici notre guide sur les meilleurs draps housse."
"41392";"Les meilleurs matelas rapport qualité/prix";"https://meilleurtest.fr/comparatif-matelas-rapport-qualite-prix/";"Sommeil et literie";"<p style=""margin: 0cm 0cm 12.0pt 0cm;""><span style=""color: black;"">Dérivé de l’ancien français « materas », qui lui-même vient de l’arabe « matrah » qui signifie littéralement « objet étalé par terre », le matelas est surtout un objet de <a href=""https://meilleurtest.fr/comparatif-matelas/"" target=""_blank"" rel=""noopener"">confort pour le sommeil</a>. Du reste, la technologie étant passée par là, les matelas d’aujourd’hui bénéficient de différentes innovations à différents prix. Trouvez dans cet article LE matelas rapport qualité/prix qui vous convient.</span></p>"
"41279";"Les meilleurs surmatelas 160x200";"https://meilleurtest.fr/comparatif-surmatelas-160x200/";"Sommeil et literie";"Que vous veniez d’acheter un nouveau matelas ou que le vôtre ne soit plus aussi confortable qu’avant, <a href=""https://meilleurtest.fr/comparatif-surmatelas/"" target=""_blank"" rel=""noopener"">un bon surmatelas</a> 160x200 cm est toujours un bon investissement. Il améliore votre confort et augmente la qualité du sommeil. Les grandes marques qui fabriquent ce type de produit proposent une panoplie d’offres. Ne perdez plus du temps à les passer en revue, nous l’avons fait pour vous.";"Le surmatelas 160x200 s'adapte aux lits queen size pour modifier le confort du matelas sans le remplacer. <a href=""https://meilleurtest.fr/comparatif-surmatelas-a-memoire-de-forme/"">Mémoire de forme</a>, latex ou fibres, chaque garnissage ajuste la fermeté et la ventilation du couchage. Posé sur un <a href=""https://meilleurtest.fr/comparatif-matelas-ferme/"">matelas ferme</a> ou un <a href=""https://meilleurtest.fr/comparatif-matelas-a-ressorts-ensaches/"">matelas à ressorts</a>, il en transforme l'accueil. L'épaisseur et la densité varient sensiblement. Nous avons étudié les surmatelas 160x200 les plus performants pour transformer vos nuits."
"41218";"Les meilleurs matelas Epéda";"https://meilleurtest.fr/comparatif-matelas-epeda/";"Sommeil et literie";"Les matelas Epéda sont <a href=""https://meilleurtest.fr/comparatif-matelas/"">des matelas</a> made in France qui associent 90 ans d’expérience à un savoir-faire innovant. Leurs matelas se démarquent par des composants de literie particulièrement offrant une bonne aération et une excellente finition. Le fabricant propose d’ailleurs une grande variété de modèles. Ainsi, arrêter son choix n’est pas aisé. Nous vous avons donc sélectionné les meilleurs produits du marché."
"40524";"Les meilleurs matelas Tempur";"https://meilleurtest.fr/comparatif-matelas-tempur/";"Sommeil et literie";"Le <a href=""https://meilleurtest.fr/comparatif-matelas/"">matelas</a> Tempur trouve son origine dans les centres de recherche de la Nasa. On l’associe souvent à une qualité de sommeil et une expérience d’utilisation élevées. En effet, le matelas Tempur, fait de mousse viscoélastique ou mousse à mémoire de forme, soulage les points de pression, régule la température corporelle et s’adapte à la morphologie de l’utilisateur. Quel modèle vous convient au mieux ? Découvrez notre sélection des meilleurs matelas Tempur du moment.";"Tempur, pionnier de la mousse viscoélastique dérivée de la technologie NASA, décline sa gamme en plusieurs niveaux de fermeté et d'épaisseur. L'accueil enveloppant et le soutien progressif distinguent ces matelas des modèles en <a href=""https://meilleurtest.fr/comparatif-matelas-latex/"">latex</a>, en <a href=""https://meilleurtest.fr/comparatif-matelas-a-ressorts-ensaches/"">ressorts ensachés</a> ou <a href=""https://meilleurtest.fr/comparatif-matelas-hybride/"">hybrides</a>. Le maintien de la chaleur, souvent pointé, varie selon les gammes. Nous avons examiné les matelas Tempur pour évaluer leur confort et leur durabilité réels."
"40512";"Les meilleurs matelas Tediber";"https://meilleurtest.fr/comparatif-matelas-tediber/";"Sommeil et literie";"Si vous avez des soucis en dormant ou ressentez souvent des douleurs au dos, peut-être qu’il est temps de remplacer votre ancien matelas. Nous vous proposons dans ce guide différents types de matelas Tediber, offrant une excellente aération et un accueil moelleux grâce à ces matériaux de qualité. Choisissez votre nouveau matelas parmi notre sélection des meilleurs matelas Tediber.";"Tediber propose une gamme resserrée de matelas conçus pour convenir au plus grand nombre. L'accueil, la fermeté et la respirabilité dépendent de l'assemblage de mousses propre à la marque. Face au <a href=""https://meilleurtest.fr/comparatif-matelas-latex/"">latex</a>, au <a href=""https://meilleurtest.fr/comparatif-matelas-hybride/"">matelas hybride</a> ou aux <a href=""https://meilleurtest.fr/comparatif-matelas-a-ressorts-ensaches/"">ressorts ensachés</a>, Tediber mise sur la polyvalence. Nous avons analysé les matelas Tediber pour mesurer leur confort et leur tenue dans la durée."
"40451";"Les meilleurs matelas Simmons";"https://meilleurtest.fr/comparatif-matelas-simmons/";"Sommeil et literie";"Le sommeil est désormais considéré comme un facteur essentiel pour garder une bonne santé. Depuis toujours, la marque Simmons produit des matelas de qualité pour faire en sorte que chaque utilisateur ressente les avantages d’une bonne nuit de sommeil. Dans ce guide d’achat, nous passerons en revue les qualités exceptionnelles des matelas Simmons et nous vous proposeront une sélection de leurs meilleurs produits."
"40449";"Les meilleurs matelas But";"https://meilleurtest.fr/comparatif-matelas-but/";"Sommeil et literie";"But accumule les points positifs en matière de literie. Pour preuve, vous y trouverez une large gamme de <a href=""https://meilleurtest.fr/comparatif-matelas/"">matelas</a>, adaptés à tous les besoins ainsi qu’à tous les budgets et accompagnés d’une garantie d’au moins 5 ans. Que vous cherchiez un matelas en latex, à ressorts ensachés ou en mousse à mémoire de forme, But saura vous satisfaire. Lisez ce guide pour en savoir plus."
"40448";"Les meilleurs matelas Bultex";"https://meilleurtest.fr/comparatif-matelas-bultex/";"Sommeil et literie";"Un bon matelas étant le garant d’un sommeil de qualité, Bultex propose des modèles made in France adaptés à tous les styles de sommeil. Exploitant toutes sortes de technologies : Sanitized, Hydrospeed, etc., ses matelas sont traités antibactériens et anti-acariens (certifiés Oeko-Tex), réversibles, bien aérés et ultra confortables. Même les dormeurs les plus exigeants seront conquis."
"40390";"Les meilleures couvertures chauffantes rapport qualité/prix";"https://meilleurtest.fr/comparatif-couvertures-chauffantes-rapport-qualite-prix/";"Sommeil et literie";"Dormir dans une chambre où la température est trop élevée ou trop basse entraîne une altération de la qualité du sommeil. Afin de maintenir la température idéale durant le sommeil, l’option de <a href=""https://meilleurtest.fr/comparatif-couverture-electrique/"" target=""_blank"" rel=""noopener"">la couverture électrique</a> revêt la meilleure solution. On vous dit tout sur la <a href=""https://meilleurtest.fr/comparatif-couverture-chauffante/"" target=""_blank"" rel=""noopener"">couverture chauffante</a> rapport qualité/prix pour que vous puissiez trouver facilement le modèle qui vous convient !"
"40369";"Les meilleures parures de lit rapport qualité/prix";"https://meilleurtest.fr/comparatif-parures-de-lit-rapport-qualite-prix/";"Sommeil et literie";"Un bon <a href=""https://meilleurtest.fr/comparatif-matelas-ferme/"">matelas</a> reste le meilleur moyen d’avoir une bonne qualité de sommeil, mais il ne fait pas tout pour autant. Afin de rendre votre nid plus douillet, vous devez trouver une excellente parure de lit rapport qualité/prix adaptée à votre dortoir. Dans ce guide d’achat dédié, retrouvez quelques uns des articles les plus prisés du marché pour accompagner votre literie."
"40361";"Les meilleurs draps microfibres";"https://meilleurtest.fr/comparatif-drap-microfibre/";"Sommeil et literie";"Parmi les accessoires incontournables de la literie, le <a href=""https://meilleurtest.fr/liste-drap-de-lit/"">drap</a> est sans aucun doute l'un des plus faciles à acheter. Encore faut-il pouvoir choisir entre les différents modèles disponibles sur le marché qui présentent chacun des atouts et inconvénients différents. Pour vous assister, ce guide d’achat sur les meilleurs draps microfibres vous informe sur tout ce que vous devez savoir sur cet article."
"40095";"Les meilleurs matelas futon";"https://meilleurtest.fr/comparatif-matelas-futon/";"Sommeil et literie";"Le matelas futon classique se compose d’une superposition de couches de coton de 8 à 10 cm. Toutefois, l’ajout de <a href=""https://meilleurtest.fr/comparatif-matelas-latex-naturel/"">latex</a> ou d’autres matériaux permet de lui donner plus de souplesse lors de l’utilisation. Sa capacité d’adaptation à toutes les morphologies sans le moindre affaissement constitue un de ses principaux atouts. Si vous êtes à la recherche d’un matelas d’appoint pratique pour toute catégorie d’utilisateur, le matelas futon vous conviendra sûrement. Les détails dans ce guide."
"40049";"Les meilleurs oreillers ergonomiques";"https://meilleurtest.fr/comparatif-oreiller-ergonomique/";"Sommeil et literie";"À l’instar de l’oreiller classique, l’oreiller ergonomique confère un meilleur soutien pour prévenir les troubles du sommeil et les maux de dos. Il se décline sous de nombreuses formes que ce soit pour dormir sur le <a href=""https://meilleurtest.fr/comparatif-oreiller-pour-dormir-sur-dos/"">dos</a>, le <a href=""https://meilleurtest.fr/comparatif-oreiller-pour-dormir-sur-cote/"">côté</a> et ou sur le <a href=""https://meilleurtest.fr/comparatif-oreiller-pour-dormir-sur-ventre/"">ventre</a>. Profitez au maximum de vos nuits de sommeil en vous procurant un oreiller ergonomique. Trouvez le modèle qui vous convient grâce à notre guide.";"Un oreiller ergonomique épouse la courbure naturelle du cou et de la tête pour maintenir l'alignement cervical pendant le sommeil. Forme, hauteur et densité varient selon les modèles, en <a href=""https://meilleurtest.fr/comparatif-oreiller-a-memoire-de-forme/"">mémoire de forme</a>, latex ou fibres techniques. Les dormeurs <a href=""https://meilleurtest.fr/comparatif-oreiller-pour-dormir-sur-cote/"">sur le côté</a> comme ceux <a href=""https://meilleurtest.fr/comparatif-oreiller-pour-dormir-sur-dos/"">sur le dos</a> y trouvent un soutien ciblé. Nous avons testé les oreillers ergonomiques les plus aboutis pour des nuits sans tension cervicale."
"40011";"Les meilleures couvertures chauffantes";"https://meilleurtest.fr/comparatif-couverture-chauffante/";"Sommeil et literie";"Dès les premiers frimas de l’hiver, les couvertures chauffantes se hissent au top des ventes au même titre que <a href=""https://meilleurtest.fr/comparatif-manteau-fausse-fourrure/"" target=""_blank"" rel=""noopener"">les vêtements </a>chauds. Et pour cause, elles offrent une température homogène, possèdent des revêtements doux et luttent donc efficacement contre le froid. Est-ce qu’une couverture chauffante consomme beaucoup ? Est-elle sans risque pour la santé ? Quelle couverture chauffante choisir ?"
"39963";"Les meilleurs matelas d'appoint";"https://meilleurtest.fr/comparatif-matelas-dappoint/";"Sommeil et literie";"Si vous avez un petit espace, mais que vous avez souvent des amis qui dorment chez vous, le matelas d'appoint est le couchage le mieux adapté. Léger et tout à fait accessible, il existe de nombreux modèles sur le marché. <a href=""https://meilleurtest.fr/comparatif-matelas-hybride/"">Trouver le matelas idéal</a> n'est donc pas évident si on ne prend pas quelques critères en compte. Ce guide vous présente les meilleurs matelas d'appoint du moment pour vous aider à faire le bon choix."
"39869";"Les meilleurs oreillers en plumes";"https://meilleurtest.fr/comparatif-oreiller-plumes/";"Sommeil et literie";"L’oreiller en plume est apprécié pour sa haute capacité thermorégulatrice assurant de bonnes nuits de sommeil réparatrices. Tout aussi efficace qu’un <a href=""//meilleurtest.fr/comparatif-matelas-rafraichissant/"">matelas rafraîchissant</a> pour rester confortable en toute saison, il permet également de profiter d’une surface ultra moelleuse et douce sur laquelle poser sa tête pour soulager ses points de pression et soutenir la colonne vertébrale. Les détails dans ce guide.";"L'oreiller en plumes offre un gonflant naturel et une souplesse que les garnissages synthétiques reproduisent difficilement. Le ratio plumes-duvet, la densité et la ventilation varient d'un modèle à l'autre. Face au <a href=""https://meilleurtest.fr/comparatif-oreiller-a-memoire-de-forme/"">mémoire de forme</a> ou à l'<a href=""https://meilleurtest.fr/comparatif-oreiller-ergonomique/"">oreiller ergonomique</a>, il se distingue par sa malléabilité. Une <a href=""https://meilleurtest.fr/comparatif-taie-d-oreiller-soie/"">taie en soie</a> prolonge sa durée de vie. Nous avons sélectionné les oreillers en plumes les plus confortables et durables du marché."
"39855";"Les meilleurs matelas bio";"https://meilleurtest.fr/comparatif-matelas-bio/";"Sommeil et literie";"Nez bouché, yeux rouges et démangeaisons au réveil ? Ces signes indiquent que vous souffrez d’allergie aux acariens et bactéries durant votre sommeil. Utiliser un matelas bio pourrait vous éviter ces inconvénients. Un couchage hypoallergénique assure une meilleure qualité du sommeil. Plusieurs types de matelas naturels sont actuellement disponibles. Les modèles en laine, latex naturel, fibre de bambou, coutil tencel… lequel choisir ? Retrouvez les meilleurs choix de matelas bio à travers notre guide complet sur le sujet."
"39830";"Les meilleurs draps percales de coton";"https://meilleurtest.fr/comparatif-drap-percale-de-coton/";"Sommeil et literie";"Si vous pensez que la qualité de votre sommeil ne dépend que de <a href=""https://meilleurtest.fr/comparatif-lit-super-king-size-240x240/"" target=""_blank"" rel=""noopener"">votre lit</a>, vous ne connaissez pas encore l’importance d’avoir <a href=""https://meilleurtest.fr/liste-drap-de-lit/"" target=""_blank"" rel=""noopener"">un drap de qualité</a>. En effet, le choix de cet accessoire est très important sachant que le drap est directement en contact avec votre corps. Si vous ne savez pas quel tissu choisir, ce guide vous oriente vers le drap percale de coton."
"39798";"Les meilleurs matelas chauffants";"https://meilleurtest.fr/comparatif-matelas-chauffant/";"Sommeil et literie";"Un bon sommeil sur un lit douillet, avec la température adéquate, confortable et apaisant… On en rêve tous ! Le secret ? Un matelas chauffant ! Également appelé surmatelas chauffant ou chauffe-lit, on en trouve une grande variété sur le marché. Pour ceux qui hésitent encore, nous avons sélectionné les meilleurs matelas chauffants disponibles cette année."
"39762";"Les meilleurs surmatelas pour ceux qui dorment sur le côté";"https://meilleurtest.fr/comparatif-surmatelas-pour-ceux-qui-dorment-sur-cote/";"Sommeil et literie";"Avez-vous des douleurs lorsque vous dormez sur le côté ? Sachez qu’il existe actuellement des <a class=""wpil_keyword_link"" href=""https://meilleurtest.fr/comparatif-surmatelas/""   title=""surmatelas"" data-wpil-keyword-link=""linked"">surmatelas</a> pour ceux qui dorment sur le côté. Ce dispositif offre un meilleur confort de sommeil pour ce type de dormeur et soulage les douleurs. Mais, quel surmatelas choisir à partir les variétés de modèles sur le marché ? Lisez notre guide comparatif pour avoir plus d’aide.";"Les dormeurs latéraux concentrent le poids du corps sur l'épaule et la hanche, deux zones sensibles aux points de pression. Un surmatelas adapté amortit ces appuis sans compromettre le soutien du matelas sous-jacent. <a href=""https://meilleurtest.fr/comparatif-surmatelas-a-memoire-de-forme/"">Mémoire de forme</a> ou latex, le garnissage cible ces zones en priorité. Compléter avec un <a href=""https://meilleurtest.fr/comparatif-oreiller-pour-dormir-sur-cote/"">oreiller latéral</a> et un <a href=""https://meilleurtest.fr/comparatif-matelas-pour-ceux-qui-dorment-sur-cote/"">matelas latéral</a> adaptés améliore l'ensemble. Nous décrirons les surmatelas les plus adaptés à cette position de sommeil."
"39758";"Les meilleurs draps en lin";"https://meilleurtest.fr/comparatif-drap-lin/";"Sommeil et literie";"<a href=""https://meilleurtest.fr/comparatif-drap-bambou/"">Le drap</a> en lin apporte la touche d’élégance nécessaire à votre literie. Il s’agit d’un linge de lit doux, confortable et décoratif, de quoi assurer votre bien-être au quotidien. Seulement, entre les nombreuses offres du marché, il est difficile de faire un choix. Pour vous aider, voici notre comparatif des meilleurs draps en lin pour 2022."
"39733";"Les meilleurs draps  anti transpiration";"https://meilleurtest.fr/comparatif-drap-anti-transpiration/";"Sommeil et literie";"Rien de pire que les réveils baignés de sueurs et les refroidissements subits. Si vous êtes sujet aux transpirations nocturnes, restez frais et confortable en dormant sous des draps anti transpiration. Vous pouvez également rajouter un confort supplémentaire à votre literie en optant pour un <a href=""//meilleurtest.fr/comparatif-matelas-rafraichissant"">matelas rafraîchissant</a>. En coton, en lin, etc. Quel drap anti transpiration choisir ? Les réponses dans ce guide."
"39699";"Les meilleurs matelas queen size";"https://meilleurtest.fr/comparatif-matela-queen-size/";"Sommeil et literie";"Étant donné que nous passons un tiers de notre vie à dormir, mieux vaut donc le faire dans les meilleures des conditions grâce à un <a href=""//meilleurtest.fr/comparatif-matelas/"">matelas</a> de haute qualité. Ainsi, si vous dormez à deux ou êtes en quête d’un espace de couchage large, un matelas queen size (160 x 200 cm) vous est tout indiqué. En mousse à mémoire de forme, en ressorts ensachés, en latex, etc., trouvez le modèle garant de votre bonne santé physique et mentale, via ce guide."
"39694";"Les meilleurs matelas clic-clac";"https://meilleurtest.fr/comparatif-matelas-clic-clac/";"Sommeil et literie";"Trouver le matelas clic-clac parfait peut être difficile, car il y a souvent plusieurs facteurs à prendre en compte en termes d’ajustement, de taille et de confort, mais cela ne doit pas être difficile. Trouver le bon peut être simple si vous savez ce qu’il faut rechercher. Avec ce guide, nous espérons vous donner les informations nécessaires pour trouver le matelas clic-clac qui conviendra à vos besoins."
"39680";"Les meilleurs matelas pour les douleurs à la hanche";"https://meilleurtest.fr/comparatif-matelas-pour-douleurs-a-hanche/";"Sommeil et literie";"Un sommeil réparateur est crucial pour une santé et une qualité de vie optimales. Mais si vous avez des<a href=""https://meilleurtest.fr/comparatif-matelas-pour-mal-de-dos/""> problèmes de dos</a> ou des douleurs à la hanche, une bonne nuit de sommeil peut être insaisissable, surtout si vous dormez sur le mauvais <a href=""https://meilleurtest.fr/comparatif-matelas-bio/"">matelas</a>. Pour trouver le bon matelas pour vous offrir un sommeil réparateur malgré vos douleurs à la hanche, lisez ce guide : nous vous y expliquons quels sont les critères à prendre en compte lors de l’achat, et nous vous suggérons même 4 des meilleurs matelas pour les douleurs à la hanche disponibles sur le marché actuellement.";"Les douleurs à la hanche s'accentuent sur un matelas trop ferme qui comprime cette zone sans l'absorber. Un accueil moelleux associé à un soutien progressif réduit la pression au point de contact. <a href=""https://meilleurtest.fr/comparatif-matelas-a-memoire-de-forme/"">Mémoire de forme</a>, <a href=""https://meilleurtest.fr/comparatif-matelas-hybride/"">hybride</a> ou mousse haute densité, le garnissage conditionne le résultat. Compléter avec un <a href=""https://meilleurtest.fr/comparatif-surmatelas-a-memoire-de-forme/"">surmatelas à mémoire de forme</a> adapté soulage davantage. Nous classerons les matelas les plus efficaces contre les douleurs à la hanche."
"39657";"Les meilleures couettes anti transpiration";"https://meilleurtest.fr/comparatif-couette-anti-transpiration/";"Sommeil et literie";"Vous êtes sujet à des sueurs nocturnes ? Quelle qu’en soit la raison, l’utilisation d’une couette anti transpiration reste la meilleure solution. Cette couverture offre une très bonne régulation thermique et peut évacuer l’humidité, peu importe la saison. En coton, en bambou, en polyester ? Pas facile de faire le bon choix. Alors, pour trouver la meilleure couette anti transpiration, suivez le guide.";"Les sueurs nocturnes perturbent le sommeil et dégradent la literie à long terme. Une couette anti-transpiration évacue l'humidité grâce à des fibres ventilées, du <a href=""https://meilleurtest.fr/comparatif-couette-duvet/"">duvet</a> aéré ou des textiles techniques à séchage rapide. Compléter avec un <a href=""https://meilleurtest.fr/comparatif-drap-anti-transpiration/"">drap anti-transpiration</a> et un <a href=""https://meilleurtest.fr/comparatif-matelas-rafraichissant/"">matelas rafraîchissant</a> adaptés renforce la régulation thermique de l'ensemble du couchage. Nous présenterons les couettes anti-transpiration les plus respirantes pour des nuits au sec."
"39585";"Les meilleurs matelas pour enfant";"https://meilleurtest.fr/comparatif-matelas-pour-enfant/";"Sommeil et literie";"Le sommeil est très déterminant dans la croissance d’un enfant. Pourquoi ne pas acheter un bon matelas pour enfant pour des nuits paisibles ? Pour cela, il vous suffit de choisir un bon matelas compatible à son âge, à sa santé et à son poids. Pour vous aider, nous vous présentons les meilleurs matelas pour enfant disponibles sur le marché."
"39571";"Les meilleurs matelas doubles pour enfant";"https://meilleurtest.fr/comparatif-matelas-double-pour-enfant/";"Sommeil et literie";"La literie de votre loupiot ne lui convient plus ? Afin de lui offrir un maximum de confort et une liberté totale de mouvement pendant son sommeil, optez pour un <a href=""https://meilleurtest.fr/comparatif-matelas/"">matelas</a> double pour enfant. Mais entre les modèles à <a href=""https://meilleurtest.fr/comparatif-matelas-a-memoire-de-forme/"">mémoire de forme</a>, en latex ou à ressorts, le choix n’est jamais facile. Voilà pourquoi nous avons élaboré ce comparatif des meilleurs matelas doubles pour enfant."
"39556";"Les meilleurs oreillers pour dormir sur le ventre";"https://meilleurtest.fr/comparatif-oreiller-pour-dormir-sur-ventre/";"Sommeil et literie";"Les oreillers pour dormir sur le ventre sont des oreillers destinés à pallier les répercussions de cette fâcheuse manie. En effet, sans l’oreiller adéquat dormir sur le ventre génère des problèmes physiques considérables. C’est pour cela que choisir un oreiller de ce genre nécessite une étude minutieuse. Afin de vous éclairer, nous allons vos proposer les meilleurs oreillers pour dormir sur le ventre.";"Dormir sur le ventre impose un oreiller très plat pour éviter de forcer sur les cervicales et le bas du dos. Quelques centimètres de hauteur en trop suffisent à provoquer des tensions. <a href=""https://meilleurtest.fr/comparatif-oreiller-a-memoire-de-forme/"">Mémoire de forme</a>, <a href=""https://meilleurtest.fr/comparatif-oreiller-plumes/"">plumes</a> ou fibres souples, le garnissage doit rester fin et moelleux. Un <a href=""https://meilleurtest.fr/comparatif-matelas-a-memoire-de-forme/"">matelas à mémoire de forme</a> approprié complète l'alignement vertébral. Nous montrerons quels oreillers conviennent réellement aux dormeurs sur le ventre."
"39543";"Les meilleurs matelas pour personne obèse";"https://meilleurtest.fr/comparatif-matelas-pour-personne-obese/";"Sommeil et literie";"Un bon <a href=""//meilleurtest.fr/comparatif-matelas/"">matelas</a> vous fera passer de bonnes nuits réparatrices. Cependant, si vous êtes une personne de forte corpulence ou obèse, mieux vaut vous tourner vers un modèle de qualité qui ne risque pas de s'affaisser au bout de quelques mois seulement. Mais lequel choisir ? Afin de trouver le vôtre, consultez notre guide contenant une sélection des meilleurs matelas pour personne obèse du moment."
"39540";"Les meilleurs oreillers rafraîchissants";"https://meilleurtest.fr/comparatif-oreiller-rafraichissant/";"Sommeil et literie";"Les bouffées de chaleur, l’excès de transpiration, les douleurs au dos et aux cervicales perturbent le sommeil. Raison pour laquelle il existe des équipements de literies spécialisés aussi diversifiés sur le marché aujourd'hui. L’oreiller rafraichissant en fait partie. En plus de réguler la température corporelle, avec le gel ou l’eau qui le constitue, l’oreiller rafraichissant offre une fraicheur et un confort absolu. Découvrez dans ce guide, tout ce qu’il faut savoir sur ce type d’oreiller.";"Un oreiller rafraîchissant dissipe la chaleur accumulée pendant la nuit grâce à des matériaux à changement de phase, du gel ou des mousses ventilées. Ce garnissage convient aux dormeurs qui transpirent ou recherchent une fraîcheur constante. Associé à un <a href=""https://meilleurtest.fr/comparatif-matelas-rafraichissant/"">matelas rafraîchissant</a> et un <a href=""https://meilleurtest.fr/comparatif-drap-anti-transpiration/"">drap anti-transpiration</a>, il contribue à un couchage tempéré. Face à un <a href=""https://meilleurtest.fr/comparatif-oreiller-a-memoire-de-forme/"">oreiller à mémoire de forme</a> classique, le gain est net. Nous départagerons les oreillers rafraîchissants les plus efficaces du marché."
"39517";"Les meilleurs matelas hybrides";"https://meilleurtest.fr/comparatif-matelas-hybride/";"Sommeil et literie";"Il est temps de remplacer votre vieux <a href=""//meilleurtest.fr/comparatif-matelas/"">matelas</a>  et vous hésitez ente un modèle en mousse ou latex ? Pourquoi ne pas essayer les matelas hybrides qui embarquent diverses technologies à la fois. Offrant un excellent soutien et convenant à tous types de dormeurs, ce type de matelas peut être composé de mousse, latex et de ressorts ensachés. Trouvez donc le modèle qui vous convient via notre sélection.";"Le matelas hybride combine ressorts ensachés et couches de mousse ou de latex pour cumuler les avantages de chaque technologie. L'indépendance de couchage, la ventilation et le soutien varient selon l'épaisseur et la densité des couches. Face au <a href=""https://meilleurtest.fr/comparatif-matelas-a-memoire-de-forme/"">matelas à mémoire de forme</a> pur ou au <a href=""https://meilleurtest.fr/comparatif-matelas-latex/"">latex</a>, il propose un compromis polyvalent. Le socle <a href=""https://meilleurtest.fr/comparatif-matelas-a-ressorts-ensaches/"">ressorts ensachés</a> apporte la ventilation, les couches le confort. Nous distinguerons les matelas hybrides les plus aboutis pour un sommeil réparateur."
"39499";"Les meilleurs oreillers pour dormir sur le dos";"https://meilleurtest.fr/comparatif-oreiller-pour-dormir-sur-dos/";"Sommeil et literie";"Vous souffrez d’arthrose cervicale ? Au réveil, vous avez souvent des migraines ou des torticolis ? Essayez l’oreiller pour dormir sur le dos. Plusieurs choix s’offrent aux dormeurs sensibles de la colonne vertébrale ou allergiques aux acariens. En mousse à mémoire de forme, hypoallergéniques, oreillers en plumes et duvet, en latex ergonomique… quel oreiller pour dormir sur le dos choisir ? Notre guide vous permet de décrypter les critères importants et trouver le modèle répondant à vos besoins.";"La position sur le dos maintient naturellement la colonne vertébrale droite, à condition que l'oreiller soutienne la courbure cervicale sans trop surélever la tête. <a href=""https://meilleurtest.fr/comparatif-oreiller-a-memoire-de-forme/"">Mémoire de forme</a>, <a href=""https://meilleurtest.fr/comparatif-oreiller-ergonomique/"">ergonomique</a> ou fibres, chaque garnissage adapte la hauteur et la fermeté à cette posture. La qualité du matelas, <a href=""https://meilleurtest.fr/comparatif-matelas-ferme/"">ferme</a> ou hybride, renforce le résultat. Nous identifierons les oreillers pour dormeurs dorsaux qui préservent cet alignement naturel."
"39495";"Les meilleurs surmatelas pour le mal de dos";"https://meilleurtest.fr/comparatif-surmatelas-pour-mal-de-dos/";"Sommeil et literie";"Avec le temps, les adultes subissent de douleurs dorsales, un trouble en lien avec le mode de vie. Mais le matelas a aussi son mot à dire. Vous pouvez améliorer la qualité de votre sommeil grâce au surmatelas. En plus du gain de confort, vos maux seront apaisés. Toutefois, ne vous trompez pas de modèle, et pour cela, ce guide d’achat vous est d’une grande aide.";"Un surmatelas pour le mal de dos modifie la fermeté de votre matelas sans le remplacer. <a href=""https://meilleurtest.fr/comparatif-surmatelas-a-memoire-de-forme/"">Mémoire de forme</a> ou latex, chaque garnissage cible différemment les points de pression au niveau lombaire et cervical. Compléter avec un <a href=""https://meilleurtest.fr/comparatif-oreiller-orthopedique/"">oreiller orthopédique</a> adapté et un <a href=""https://meilleurtest.fr/comparatif-matelas-ferme/"">matelas ferme</a> approprié renforce l'alignement de la colonne vertébrale. Nous passerons en revue les surmatelas capables de soulager durablement les douleurs dorsales nocturnes."
"39452";"Les meilleures couvertures bébé";"https://meilleurtest.fr/comparatif-couverture-bebe/";"Sommeil et literie";"On commence à penser à une couverture bébé quand l'enfant commence à se déplacer. Donc autour de 18 mois ou de deux ans environ, il s’avère nécessaire de remiser la gigoteuse au placard. L’enfant peut désormais se coucher dans son lit, avec une couverture ou une <a class=""wpil_keyword_link"" href=""https://meilleurtest.fr/comparatif-couette/""   title=""couette"" data-wpil-keyword-link=""linked"">couette</a> adaptée. Ainsi, votre bébé restera bien au chaud, tout en étant confortable, et libre dans ses moindres mouvements."
"39443";"Les meilleures couvertures";"https://meilleurtest.fr/comparatif-couverture/";"Sommeil et literie";"Après une longue journée, se glisser dans un lit équipé de draps frais et d'une couverture confortable est l'un des petits plaisirs de la vie. Une bonne couverture se doit d'être chaude, et une bonne couverture doit également être respirante, douce, élégante, et devrait durer plusieurs années. Dans ce guide d’achat, nous vous proposons les 4 meilleures couvertures pour des nuits douces et des sommeils paisibles."
"39406";"Les meilleurs protège-matelas";"https://meilleurtest.fr/comparatif-protege-matelas/";"Sommeil et literie";"Un matelas pouvant constituer une pépinière à acariens et bactéries, il est indispensable de le protéger. C’est dans cette perspective que les protège-matelas ont été conçus. Cependant, le choix entre les différents modèles repose sur différents facteurs comme la qualité du tissu, la taille, la couleur, etc. Afin de vous aider, nous vous invitons à parcourir notre comparatif sur les meilleurs protège-matelas."
"39388";"Les meilleurs draps en flanelle";"https://meilleurtest.fr/comparatif-drap-flanelle/";"Sommeil et literie";"On apprécie le drap en flanelle pour sa capacité à retenir la chaleur et sa surface douce feutrée. Importé en France au Moyen Âge, ce tissu initialement à base de laine de mouton a surtout été utilisé pour la confection de pyjamas chauds. Plus tard, nous en avons utilisé pour fabriquer des linges de lit en raison de sa nature tiède au contact du corps humain, idéale pour les nuits froides. Si cela vous intéresse, épargnez-vous des heures de recherche en consultant notre sélection des meilleurs draps en flanelle pour cette année."
"39363";"Les meilleurs masques de sommeil";"https://meilleurtest.fr/comparatif-masque-de-sommeil/";"Sommeil et literie";"Pour une raison ou une autre, vous êtes amené à dormir dans des conditions non propices (voyages sur très longs trajets, siestes au bureau, etc.). Dans ce cas, les commandes du cerveau ne s’adaptent pas aux contextes et vous ne parviendrez jamais à fermer l’œil. Le masque de sommeil remédie à cette situation : vos yeux sont protégés de la lumière et la production de mélatonines se déroule mieux, vous aidant à roupiller rapidement. Pour en savoir plus, suivez notre guide d’achat."
"39335";"Les meilleurs draps en bambou";"https://meilleurtest.fr/comparatif-drap-bambou/";"Sommeil et literie";"Si vous recherchez une literie fabriquée à partir de matériaux durables, les draps en bambou sont un choix populaire. Le tissu est dérivé de plantes de bambou durables à croissance rapide, et les meilleurs tissus de bambou sont très doux, respirants et durables. Cependant, tous les draps en bambou ne se valent pas, puisque certains draps en bambou peuvent quand même contenir des produits chimiques nocifs pour la santé et l’environnement. Lisez notre guide pour en savoir plus."
"39318";"Les meilleures couettes duvet";"https://meilleurtest.fr/comparatif-couette-duvet/";"Sommeil et literie";"Vous cherchez une couette pour rendre votre lit douillet et confortable ? Une couette en duvet fera l’affaire. Ce type de couverture douce et moelleuse vous entoure de confort. Elle peut même vous aider à vous endormir plus rapidement. Comment en trouver et comment la choisir ? N’hésitez pas à consulter ce guide d’achat pour trouver les astuces, critères de choix ainsi que d’autres informations complémentaires qui vous aideront pour votre achat.";"Le duvet, naturel ou recyclé, reste le garnissage le plus isolant pour son poids. Son pouvoir gonflant, mesuré en cuin, détermine la chaleur et la légèreté. Face aux fibres synthétiques ou à la <a href=""https://meilleurtest.fr/comparatif-couette-en-plume-oie/"">plume</a>, il se distingue par sa régulation thermique. Compléter avec une <a href=""https://meilleurtest.fr/comparatif-housse-de-couette/"">housse de couette</a> protège le garnissage. Face aux <a href=""https://meilleurtest.fr/comparatif-couette-4-saisons/"">couettes 4 saisons</a>, le duvet reste plus modulable. Nous analyserons les couettes duvet les plus performantes pour vos nuits."
"39303";"Les meilleurs oreillers pour dormir sur le côté";"https://meilleurtest.fr/comparatif-oreiller-pour-dormir-sur-cote/";"Sommeil et literie";"Bien dormir est essentiel pour être en forme, et le matériel de literie joue un rôle essentiel pour se retrouver plus facilement dans les bras de Morphée. En effet, à part le matelas et le lit, l’oreiller apporte un confort non négligeable pour se détendre. Avez-vous déjà testé les oreillers pour dormir sur le côté ? Voici notre sélection des meilleurs produits du moment pour vous aider à trouver celui qui s’adapte le mieux pour vous.";"La position latérale exige un oreiller suffisamment épais pour combler l'espace entre l'épaule et la tête. <a href=""https://meilleurtest.fr/comparatif-oreiller-a-memoire-de-forme/"">Mémoire de forme</a>, <a href=""https://meilleurtest.fr/comparatif-oreiller-ergonomique/"">ergonomique</a> ou fibres garnies, chaque garnissage adapte la fermeté et le maintien cervical. L'associer à un <a href=""https://meilleurtest.fr/comparatif-matelas-pour-ceux-qui-dorment-sur-cote/"">matelas latéral</a> adapté à cette posture améliore l'alignement vertébral. Nous comparerons les oreillers pour dormeurs sur le côté capables de soutenir la nuque sans créer de tension."
"39250";"Les meilleurs sommiers 140x190";"https://meilleurtest.fr/comparatif-sommier-140x190/";"Sommeil et literie";"Un bon sommier devrait faire plusieurs choses : fournir un support pour votre matelas, absorber les chocs, améliorer la circulation de l’air et élever votre matelas à une hauteur plus confortable. Les sommiers sont disponibles en plusieurs modèles et fabriqués dans une multitude de matériaux. Pour trouver celui qui conviendra à vos besoins, lisez notre guide-comparatif : vous y trouverez une sélection des meilleurs produits du moment, ainsi que quelques conseils pour bien choisir votre sommier.";"Le sommier 140x190 est le format deux places le plus courant et s'associe à la majorité des matelas standard. À lattes, <a href=""https://meilleurtest.fr/comparatif-sommier-tapissier/"">tapissier</a> ou à plots, chaque type modifie la fermeté et la ventilation de votre literie. L'accorder avec un <a href=""https://meilleurtest.fr/comparatif-matelas-a-memoire-de-forme/"">matelas à mémoire de forme</a> ou un <a href=""https://meilleurtest.fr/comparatif-protege-matelas/"">protège-matelas</a> de qualité optimise le confort global. Ce comparatif mettra en lumière les sommiers 140x190 les plus durables du marché."
"39248";"Les meilleurs matelas à ressorts ensachés";"https://meilleurtest.fr/comparatif-matelas-a-ressorts-ensaches/";"Sommeil et literie";"Si votre partenaire n’arrête pas de gigoter sur le lit et vous réveille souvent au beau milieu de la nuit ou que vous vous réveillez constamment avec des maux de dos le matin, un matelas à ressorts ensachés est la solution à votre problème. Grâce à lui, vous profiterez d’une bonne indépendance de couchage et d'un soutien optimal. Mais quel modèle choisir ? Lisez ce guide.";"Les ressorts ensachés, enveloppés individuellement, offrent une indépendance de couchage supérieure aux ressorts classiques. Le nombre de ressorts, la ventilation naturelle et la fermeté zonée varient d'un modèle à l'autre. Face au <a href=""https://meilleurtest.fr/comparatif-matelas-a-memoire-de-forme/"">matelas à mémoire de forme</a> ou au <a href=""https://meilleurtest.fr/comparatif-matelas-latex/"">latex</a>, ils se distinguent par leur aération. Un bon <a href=""https://meilleurtest.fr/comparatif-sommier-tapissier/"">sommier tapissier</a> prolonge la tenue du matelas. Ce comparatif détaillera les matelas à ressorts ensachés les plus convaincants."
"39240";"Les meilleurs matelas ferme";"https://meilleurtest.fr/comparatif-matelas-ferme/";"Sommeil et literie";"Quoi de mieux que de dormir sur un matelas ferme et à la fois accueillant pour un meilleur sommeil, ainsi qu’une bonne humeur au réveil ? En offrant un bon soutien, le matelas ferme peut aider à maintenir l’alignement de votre colonne vertébrale et alléger également le mal de dos. Si vous avez une difficulté à choisir parmi les nombreux modèles, lisez ce guide : nous vous y proposons les meilleurs matelas fermes.";"Un matelas ferme stabilise le dos et limite les enfoncements excessifs, un atout pour les dormeurs de forte corpulence ou ceux qui préfèrent un soutien tonique. <a href=""https://meilleurtest.fr/comparatif-matelas-latex/"">Latex</a>, <a href=""https://meilleurtest.fr/comparatif-matelas-a-ressorts-ensaches/"">ressorts ensachés</a> ou mousse haute densité, la fermeté dépend autant du garnissage que de l'épaisseur. Un <a href=""https://meilleurtest.fr/comparatif-surmatelas-a-memoire-de-forme/"">surmatelas à mémoire de forme</a> en atténue la rigidité sans perdre le maintien. Ce comparatif guidera votre choix parmi les matelas fermes les plus équilibrés."
"39236";"Les meilleurs matelas rafraîchissants";"https://meilleurtest.fr/comparatif-matelas-rafraichissant/";"Sommeil et literie";"Savez-vous que la température du corps change au cours des différentes étapes du cycle de sommeil, atteignant ses niveaux les plus bas au début du sommeil ? Cette baisse de température favorise un meilleur sommeil, tandis que des températures plus élevées peuvent interrompre le cycle du sommeil. Voilà pourquoi il est judicieux de dormir sur un matelas rafraîchissant plutôt que sur un <a href=""//meilleurtest.fr/comparatif-matelas/"">matelas ordinaire</a>. Mais quel matelas rafraîchissant choisir ? Lisez ce guide pour en savoir plus."
"39163";"Les meilleurs matelas pour ceux qui dorment sur le côté";"https://meilleurtest.fr/comparatif-matelas-pour-ceux-qui-dorment-sur-cote/";"Sommeil et literie";"Près de 80% des dormeurs préfèrent la position latérale. Ils sont plus susceptibles de se réveiller en pleine forme. Mais les caractéristiques du matelas contribuent inévitablement à la qualité du sommeil, notamment sa composition, son niveau de fermeté, son maintien… Il y a tant de facteurs à prendre en compte pour tirer profit de cette position. Découvrez notre sélection des meilleurs matelas pour se coucher sur le côté et dire adieu aux douleurs lombaires et cervicales.";"Dormir sur le côté sollicite les épaules et les hanches, deux zones où les points de pression sont les plus marqués. Un matelas adapté absorbe ces appuis sans compromettre l'alignement de la colonne vertébrale. <a href=""https://meilleurtest.fr/comparatif-matelas-a-memoire-de-forme/"">Mémoire de forme</a>, <a href=""https://meilleurtest.fr/comparatif-matelas-hybride/"">hybride</a> ou <a href=""https://meilleurtest.fr/comparatif-matelas-pour-douleurs-a-hanche/"">matelas pour douleurs à la hanche</a>, la technologie du garnissage fait la différence. Ce comparatif révélera les matelas les plus adaptés aux dormeurs latéraux pour des nuits sans tension."
"39134";"Les meilleurs oreillers orthopédiques";"https://meilleurtest.fr/comparatif-oreiller-orthopedique/";"Sommeil et literie";"Un sommeil de mauvaise qualité est souvent synonyme de douleurs cervicales, de tensions au niveau du dos, d’obésité, de dépression et de trouble de l’humeur. Pour prévenir et soulager ces maux, il est fortement recommandé d’utiliser un <a href=""https://meilleurtest.fr/comparatif-oreiller/"">oreiller</a> orthopédique ou oreiller médical. En mousse à mémoire de forme, en latex, en duvet…, lequel choisir ? Fiez-vous à notre comparatif pour trouver le meilleur modèle.";"Un oreiller orthopédique maintient la tête et les cervicales dans un alignement précis pour prévenir les douleurs au réveil. <a href=""https://meilleurtest.fr/comparatif-oreiller-a-memoire-de-forme/"">Mémoire de forme</a> ou latex, chaque garnissage offre un niveau de soutien différent selon votre position de sommeil. Les dormeurs <a href=""https://meilleurtest.fr/comparatif-oreiller-pour-dormir-sur-cote/"">sur le côté</a> comme ceux <a href=""https://meilleurtest.fr/comparatif-oreiller-pour-dormir-sur-dos/"">sur le dos</a> y trouvent un bénéfice net. Ce comparatif permettra de repérer les oreillers orthopédiques qui tiennent leurs promesses nuit après nuit."
"39063";"Les meilleurs matelas en bambou";"https://meilleurtest.fr/comparatif-matelas-bambou/";"Sommeil et literie";"Vous avez du mal à dormir la nuit et souhaitez y remédier sans avoir recours à la médecine ? Utiliser un matelas en bambou constitue une solution très efficace pour réduire les troubles du sommeil. En plus d’absorber l’humidité, ce type de matelas est aussi doté de propriétés antibactériennes naturelles. Il convient à toutes les morphologies et est disponible en différentes tailles. Pour vous aider à choisir un modèle, nous vous proposons dans ce guide les meilleurs matelas en bambou du marché.";"La fibre de bambou, intégrée au coutil ou au garnissage, apporte au matelas des propriétés thermorégulatrices et une douceur naturelle. Sa respirabilité séduit les dormeurs sensibles à la chaleur, en complément des technologies <a href=""https://meilleurtest.fr/comparatif-matelas-a-memoire-de-forme/"">mémoire de forme</a> ou <a href=""https://meilleurtest.fr/comparatif-matelas-latex/"">latex</a>. Associer ce type de matelas à un <a href=""https://meilleurtest.fr/comparatif-drap-bambou/"">drap en bambou</a> renforce la fraîcheur du couchage. Ce comparatif facilitera le choix du matelas en bambou le plus adapté à vos besoins."
"39061";"Les meilleures taies d'oreiller";"https://meilleurtest.fr/comparatif-taie-doreiller/";"Sommeil et literie";"Selon les experts de la santé et du bien-être, dormir les 8h  recommandées est très important car cela améliore votre santé. Cependant, dormir pendant de nombreuses heures dans des conditions désagréables ne fonctionne pas. Les gens devraient dormir sur le bon matelas, utiliser les bons draps et investir dans <a href=""//meilleurtest.fr/comparatif-taie-d-oreiller-soie/"">des taies d'oreiller</a>. Le problème est que  comment trouver les bonnes taies d'oreiller pour leurs lits. Ce guide d'achat vous offre toutes les informations à savoir pour vous aider à faire votre choix."
"39054";"Les meilleurs matelas 160x190";"https://meilleurtest.fr/comparatif-matelas-160x190/";"Sommeil et literie";"Le sommeil est essentiel pour être en forme en journée ! Aussi, trouver un bon matelas est le premier souci de tout un chacun. Mais comme le choix est assez vaste et que vous risquez facilement de vous perdre parmi les modèles disponibles, nous avons sélectionné pour vous les 4 meilleurs matelas 160x190 du moment. Alors, n’hésitez pas à consulter notre guide comparatif pour trouver ce qu’il vous faut.";"Le format 160x190, alternative au 160x200 standard, reste courant dans les chambres aux dimensions contraintes. <a href=""https://meilleurtest.fr/comparatif-matelas-a-memoire-de-forme/"">Mémoire de forme</a>, <a href=""https://meilleurtest.fr/comparatif-matelas-latex/"">latex</a> ou <a href=""https://meilleurtest.fr/comparatif-matelas-a-ressorts-ensaches/"">ressorts ensachés</a>, les technologies disponibles dans cette taille assurent un couchage deux places confortable. La fermeté et la ventilation varient d'un garnissage à l'autre. Ce comparatif simplifiera votre recherche du matelas 160x190 le mieux adapté à votre literie et à votre morphologie."
"39018";"Les meilleurs matelas king size";"https://meilleurtest.fr/comparatif-matelas-king-size/";"Sommeil et literie";"Vous venez d’emménager avec votre partenaire et cherchez à acquérir un nouveau matelas pour dormir ou vous êtes déjà en couple et souhaitez remplacer votre ancien modèle ? Dans l’un ou l’autre cas, un matelas king size vous est fortement recommandé. Considéré comme étant le <a href=""https://meilleurtest.fr/comparatif-matelas-180x200/"">2<sup>e</sup> plus grand matelas</a> après le super king size (<a href=""https://meilleurtest.fr/comparatif-matelas-200x200/"">200 x 200 cm</a>), cette pièce de literie vous promet confort et indépendance de couchage. En latex, à ressorts ou en mousse ? Voici ce qui se fait de mieux en termes de matelas king size."
"38979";"Les meilleurs matelas latex naturel";"https://meilleurtest.fr/comparatif-matelas-latex-naturel/";"Sommeil et literie";"Le latex est un matériau dérivé de l'extrait des hévéas, qui, lorsqu’il est transformé en mousse pour les couches de matelas, épouse doucement votre morphologie et donne une sensation naturellement élastique. Retrouver son sommeil et oublier son mal de dos grâce à un meilleur matelas latex naturel, c’est possible ! Pour vous aider dans vos choix, nous avons fait une liste des matelas latex naturel qui pourront répondre à vos besoins. Vous retrouverez également dans cet article un guide d’achat avec plusieurs conseils et des réponses à vos questions sur ce sujet."
"38936";"Les meilleurs matelas haut de gamme";"https://meilleurtest.fr/comparatif-matelas-haut-de-gamme/";"Sommeil et literie";"Vous enviez les literies de luxe des hôtels 5 étoiles ? Vous avez raison de vouloir investir dans un matelas haut de gamme. Garant de votre confort, cette pièce de literie est incontournable pour éviter les douleurs de dos. Comme près de 14 millions de Français, vous avez dû ressentir au moins une fois un tiraillement à ce niveau. Et grâce aux matelas haut de gamme de ce comparatif, ce problème ne sera plus qu’un mauvais souvenir.";"Les matelas haut de gamme se distinguent par la qualité de leurs matériaux, la durabilité du soutien et la finition de leur accueil. <a href=""https://meilleurtest.fr/comparatif-matelas-latex-naturel/"">Latex naturel</a>, <a href=""https://meilleurtest.fr/comparatif-matelas-a-memoire-de-forme/"">mémoire de forme</a> ou crin de cheval, les garnissages premium offrent un confort que les modèles d'entrée de gamme ne peuvent reproduire. Un <a href=""https://meilleurtest.fr/comparatif-surmatelas-a-memoire-de-forme/"">surmatelas à mémoire de forme</a> complète l'ensemble. Ce comparatif éclairera votre choix parmi les matelas haut de gamme les plus aboutis."
"38918";"Les meilleurs matelas 80x200";"https://meilleurtest.fr/comparatif-matelas-80x200/";"Sommeil et literie";"Le fait de passer une bonne nuit de sommeil dans une literie confortable améliore la santé, c’est scientifiquement prouvé. Pour ne pas se réveiller grognon et anxieux tous les matins, vous ou votre enfant aurez besoin d’un excellent matelas, mais pas n’importe lequel. Du moment que vous dormez seul, c’est un modèle de 80x200 cm qu’il vous faut. Par chance, ce guide d’achat est consacré aux meilleurs matelas qui font exactement cette taille.";"Le format 80x200, plus étroit que le 90x190 standard, convient aux espaces réduits et aux lits superposés. <a href=""https://meilleurtest.fr/comparatif-matelas-a-memoire-de-forme/"">Mémoire de forme</a>, <a href=""https://meilleurtest.fr/comparatif-matelas-latex/"">latex</a> ou mousse haute résilience, les technologies disponibles dans cette dimension influencent le soutien et la ventilation du couchage. Un bon <a href=""https://meilleurtest.fr/comparatif-sommier-tapissier/"">sommier tapissier</a> renforce le maintien de la colonne vertébrale. Ce comparatif accompagnera votre recherche du matelas 80x200 le plus adapté à votre espace."
"38903";"Les meilleurs matelas 200x200";"https://meilleurtest.fr/comparatif-matelas-200x200/";"Sommeil et literie";"Les stars et les sportifs les adorent et vous en trouverez sûrement dans les suites de luxe des grands palaces. Oui ! On parle bien des <a href=""https://meilleurtest.fr/comparatif-matelas/"">matelas</a> Emperor Size, que l’on appelle communément matelas King Size XL ou Super King Size. Si le matelas standard des Français mesure <a href=""https://meilleurtest.fr/comparatif-matelas-140x190/"">140 x 190</a> cm, celui-ci s’affiche avec 60 cm de largeur de plus pour un maximum de confort. Envie d’en tester ou d’en adopter carrément un ? Profitez des différentes offres d’essai gratuites en optant pour l’un des matelas 200x200 de notre comparatif.";"Le format 200x200, le plus spacieux du marché, convient aux couples qui recherchent une liberté de mouvement totale pendant le sommeil. <a href=""https://meilleurtest.fr/comparatif-matelas-a-memoire-de-forme/"">Mémoire de forme</a>, <a href=""https://meilleurtest.fr/comparatif-matelas-latex/"">latex</a> ou <a href=""https://meilleurtest.fr/comparatif-matelas-hybride/"">hybride</a>, chaque technologie de garnissage conditionne la fermeté et l'indépendance de couchage sur cette surface étendue. Ce comparatif présentera les matelas 200x200 capables de garantir un soutien homogène et un confort durable toute la nuit."
"38862";"Les meilleurs matelas latex";"https://meilleurtest.fr/comparatif-matelas-latex/";"Sommeil et literie";"À la fois confortable, durable et convenant parfaitement aux personnes souffrant d'allergies et aux bébés, le matelas latex est un matelas écolo très apprécié par de nombreux dormeurs. Il dispose aussi d'une capacité thermorégulatrice exemplaire pour garantir des nuits agréables loin de l'humidité. Matelas latex naturel ou synthétique : que choisir ? Trouvez donc le modèle qu'il vous faut via ce guide d'achat.";"Le latex, naturel ou synthétique, offre une élasticité et une ventilation que peu de matières égalent. Sa résilience maintient un soutien ferme sans rigidité, et ses alvéoles limitent l'accumulation de chaleur. Face au <a href=""https://meilleurtest.fr/comparatif-matelas-a-memoire-de-forme/"">matelas à mémoire de forme</a> ou au <a href=""https://meilleurtest.fr/comparatif-matelas-hybride/"">matelas hybride</a>, il se distingue par sa durabilité. Un <a href=""https://meilleurtest.fr/comparatif-protege-matelas/"">protège-matelas</a> préserve ses propriétés dans le temps. Nous avons rassemblé les matelas latex les plus performants du marché."
"38803";"Les meilleurs matelas 90x200";"https://meilleurtest.fr/comparatif-matela-90x200/";"Sommeil et literie";"Avec 7 à 8 modèles vendus par minute, les Français figurent sans doute au rang des plus grands acheteurs de matelas. Plus spécifiquement, le matelas 90x200, devenu le modèle standard pour une chambre individuelle, permet de faire plus d’économie par rapport au matelas king size. Pour vous aider, lisez notre guide qui contient les critères à considèrer et une sélection des meilleurs matelas 90x200 du moment.";"Le format 90x200 offre dix centimètres de longueur en plus par rapport au 90x190, un gain appréciable pour les adolescents et les adultes de grande taille. <a href=""https://meilleurtest.fr/comparatif-matelas-a-memoire-de-forme/"">Mémoire de forme</a>, <a href=""https://meilleurtest.fr/comparatif-matelas-latex/"">latex</a> ou mousse haute résilience, les technologies adaptent le soutien à chaque morphologie. Compléter avec un <a href=""https://meilleurtest.fr/comparatif-protege-matelas/"">protège-matelas</a> prolonge la durée de vie du matelas. Nous avons compilé les matelas 90x200 les plus performants en format une place."
"38778";"Les meilleures couettes 240x260";"https://meilleurtest.fr/comparatif-couette-240x260/";"Sommeil et literie";"Outre son rendu esthétique, la couette 240x260 est synonyme de confort en toute saison et de liberté de mouvement pendant le sommeil. En plus d’insuffler la vie dans la chambre à coucher, ce linge de maison décore un lit double et le rend nettement plus agréable. Quelle couette 240x260 choisir ? Quel garnissage et quelle enveloppe ? On fait le point dans ce guide d’achat.";"Le format 240x260 convient aux lits king size et aux dormeurs qui veulent une retombée généreuse de chaque côté. <a href=""https://meilleurtest.fr/comparatif-couette-duvet/"">Duvet</a>, fibres synthétiques ou <a href=""https://meilleurtest.fr/comparatif-couette-en-plume-oie/"">plume</a>, chaque garnissage influence la chaleur, la légèreté et la respirabilité de la couette. Compléter avec une <a href=""https://meilleurtest.fr/comparatif-housse-de-couette-220x240/"">housse de couette</a> adaptée protège le garnissage. Nous avons comparé les couettes 240x260 les plus confortables pour les grands couchages."
"38479";"Les meilleurs surmatelas à mémoire de forme";"https://meilleurtest.fr/comparatif-surmatelas-a-memoire-de-forme/";"Sommeil et literie";"Vous souffrez de troubles du sommeil ? Et si votre lit en était responsable ? Il n’est peut-être plus aussi confortable qu’il devrait l’être. Remplacer votre matelas peut coûter cher, c’est pourquoi investir dans un surmatelas est un moyen abordable d’augmenter le niveau de confort de votre lit. Quel type de surmatelas choisir, quelle densité et comment l’entretenir ? Lisez notre guide pour en savoir plus.";"Un surmatelas à mémoire de forme ajoute une couche de confort qui épouse la morphologie et réduit les points de pression. L'épaisseur, la densité et la respirabilité varient d'un modèle à l'autre. Posé sur un <a href=""https://meilleurtest.fr/comparatif-matelas-ferme/"">matelas ferme</a> ou un <a href=""https://meilleurtest.fr/comparatif-matelas-a-ressorts-ensaches/"">matelas à ressorts</a> vieillissant, il en transforme le soutien. Complété par un <a href=""https://meilleurtest.fr/comparatif-protege-matelas/"">protège-matelas</a>, l'ensemble reste hygiénique. Nous avons retenu les surmatelas à mémoire de forme qui améliorent concrètement vos nuits."
"38329";"Les meilleurs sommiers tapissiers";"https://meilleurtest.fr/comparatif-sommier-tapissier/";"Sommeil et literie";"À ressorts, à lattes apparentes ou à lattes découvertes, le sommier tapissier fusionne l’esthétique, la robustesse et le confort de couchage. Il soutient le matelas du mieux possible, sans compter qu’il offre un meilleur support lombaire. Mais force est de constater que trouver le bon sommier tapissier reste compliqué, d’autant plus qu’il devra être en adéquation avec votre matelas. Pour vous faciliter la tâche, nous vous invitons à parcourir ce guide d’achat consacré aux meilleurs sommiers tapissiers du moment.";"Le sommier tapissier enveloppe le cadre à lattes dans un tissu rembourré, ce qui amortit le couchage et protège le matelas. Fermeté, hauteur et ventilation varient selon les modèles et le nombre de lattes. Associé à un bon <a href=""https://meilleurtest.fr/comparatif-matelas-a-memoire-de-forme/"">matelas à mémoire de forme</a>, complété par un <a href=""https://meilleurtest.fr/comparatif-protege-matelas/"">protège-matelas</a> et un <a href=""https://meilleurtest.fr/comparatif-drap-housse/"">drap-housse</a> ajusté, il forme un ensemble cohérent. Nous avons vérifié quels sommiers tapissiers offrent le meilleur soutien sur la durée."
"38319";"Les meilleurs traversins";"https://meilleurtest.fr/comparatif-traversin/";"Sommeil et literie";"Très décoratif, le traversin est surtout un accessoire de literie utile pour passer une bonne nuit de sommeil. Ce grand <a class=""wpil_keyword_link"" title=""oreiller"" href=""https://meilleurtest.fr/comparatif-oreiller/"" data-wpil-keyword-link=""linked"">oreiller</a> de forme cylindrique se prête à différentes utilisations. Vous pouvez vous y adosser ou vous y blottir confortablement. Mais quel modèle et surtout quelle taille de polochon choisir pour votre lit ? Au travers de ce guide d’achat, découvrez toutes nos recommandations sur les meilleurs traversins pour cette année."
"38312";"Les meilleurs sommiers 160x200";"https://meilleurtest.fr/comparatif-sommier-160x200/";"Sommeil et literie";"Vous êtes en couple ou vous avez tout simplement envie d’un plus grand confort de couchage ? Autant choisir un bon sommier 160x200, la taille la plus prisée en France. Comme le matelas, il impacte directement la qualité de votre sommeil et votre bien-être. À lattes, tapissier, électrique, à ressorts, en kit…, laissez-vous tenter par notre sélection des <a class=""wpil_keyword_link"" title=""meilleurs sommiers"" href=""https://meilleurtest.fr/comparatif-sommier/"" data-wpil-keyword-link=""linked"">meilleurs sommiers</a> 160x200.";"Le sommier 160x200 accompagne la majorité des matelas queen size pour un couchage stable et ventilé. À lattes, <a href=""https://meilleurtest.fr/comparatif-sommier-tapissier/"">tapissier</a> ou à plots, chaque type influence la fermeté et la durabilité de votre literie. L'associer à un <a href=""https://meilleurtest.fr/comparatif-matelas-a-memoire-de-forme/"">matelas à mémoire de forme</a> ou un <a href=""https://meilleurtest.fr/comparatif-protege-matelas/"">protège-matelas</a> de qualité optimise le confort global. Nous avons étudié les sommiers 160x200 les plus fiables pour un soutien durable."
"38295";"Les meilleurs matelas de sol";"https://meilleurtest.fr/comparatif-matelas-de-sol/";"Sommeil et literie";"Le matelas de sol est un accessoire qui se prête à différentes utilisations. Non seulement il peut servir de literie d’appoint pour vos invités, mais vous pouvez également l’utiliser comme couchage au camping. Mais lors de l'achat, il est important de considérer certains critères. Pour vous aider dans votre choix, on a élaboré ce guide d'achat présentant les meilleurs matelas de sol."
"38236";"Les meilleurs matelas pour lit parapluie et parc bébé";"https://meilleurtest.fr/comparatif-matelas-pour-lit-parapluie-et-parc-bebe/";"Sommeil et literie";"Coucher bébé sur un matelas inadapté peut se révéler dangereux pour lui tout en sachant qu'en France, près de 500 enfants en bonne santé décèdent dans leur sommeil chaque année. Un matelas trop mou peut augmenter le risque de mort subite du nourrisson tandis qu'un matelas trop petit peut poser un risque de coincement. Entre matelas pliants, gonflables, fixes, en mousse, en latex, en laine, en tencel, etc. que choisir ? Suivez notre guide pour vous orienter vers un meilleur achat."
"38222";"Les meilleures housses de couette 220x240";"https://meilleurtest.fr/comparatif-housse-de-couette-220x240/";"Sommeil et literie";"La housse de couette 220x240, taillée pour les lits doubles avec des largeurs de 140 ou 160 cm, vous permettra de varier la décoration de votre chambre à coucher. Aux questions « comment choisir une housse de couette », « quelle housse de couette pour un lit double » ou « quelle est la meilleure housse de couette », nous y répondrons dans ce guide comparatif."
"38216";"Les meilleurs jetés de lit";"https://meilleurtest.fr/comparatif-jete-de-lit/";"Sommeil et literie";"Il tient chaud en hiver et rafraîchit en été : le jeté de lit, c’est l’atout déco de toutes les saisons. Conférant un rendu moderne, soigné et chaleureux à la chambre à coucher, ce linge de lit respire le bon goût. Comment en choisir et quels sont les meilleurs jetés de lit ? Parcourez notre guide d’achat pour en connaitre davantage."
"38196";"Les meilleurs plaids";"https://meilleurtest.fr/comparatif-plaid/";"Sommeil et literie";"Une source de chaleur réconfortante pour une chambre cocooning, le plaid vous garantit un excellent confort. Mais avec une multitude de modèles et de couleurs disponibles, il n’est pas toujours facile de faire le bon choix. Pour vous aider à trouver un plaid de qualité, on vous propose dans ce guide quelques critères à prendre en compte, ainsi qu’une sélection des meilleurs plaids du marché en ce moment."
"37916";"Les meilleurs matelas à langer";"https://meilleurtest.fr/comparatif-matelas-a-langer/";"Sommeil et literie";"Un matelas à langer est indispensable dès les premiers mois de bébé. À raison de 12 changements de couches par jour lorsque vous avez un nouveau-né (une combinaison de pipi et popo), il faudra changer 2 500 à 3 000 couches durant la première année. Face aux nombreux matelas à langer disponibles, lequel choisir ? Pour le savoir, suivez le guide."
"37915";"Les meilleurs matelas bébé";"https://meilleurtest.fr/comparatif-matelas-bebe/";"Sommeil et literie";"Les matelas pour bébé doivent répondre à des critères stricts : position de couchage optimale, hypoallergénique, sans produits toxiques, ultra confortable, etc. Sur le marché de la literie pour bébé, on peut trouver différents types de matelas, entre autres en mousse polyuréthane, en latex naturel, en laine, en fibre de coco et de bambou. Lisez notre guide pour en savoir plus."
"37812";"Les meilleurs appareils de sommeil et de thérapie sonore";"https://meilleurtest.fr/comparatif-appareil-de-sommeil-et-de-therapie-sonore/";"Sommeil et literie";"Actuellement, 67% des Français souffrent de troubles d'insomnie. De ce fait, la sonothérapie est un excellent moyen de relaxation. En effet, les chercheurs ont découvert l'existence de sons et de bruits qui calment les nerfs et réduisent le niveau de stress. Par ailleurs, le son influe également sur la qualité de sommeil. Pour votre plus grand plaisir, nous avons réalisé ce guide d'achat des meilleurs appareils de sommeil et de thérapie sonore."
"37766";"Les meilleurs drap-housses";"https://meilleurtest.fr/comparatif-drap-housse/";"Sommeil et literie";"Le drap-housse est un indispensable ! Il figure parmi les linges de lit ayant une double fonction : le drap-housse ne sert pas uniquement à protéger votre matelas, il entre également en contact avec votre peau pour lui offrir douceur et confort. Il doit ainsi répondre tant à des exigences hygiéniques qu'à des qualités techniques (densité du fil, capacité anti-transpiration, etc.). Découvrez sans attendre notre top des draps housses remplissant ces critères."
"37754";"Les meilleures couvertures en laine";"https://meilleurtest.fr/comparatif-couverture-laine/";"Sommeil et literie";"La laine surprend par ses propriétés thermorégulatrices exceptionnelles. C'est un must comme couverture quand il fait froid. Elle peut également servir par temps chaud, à condition qu’elle ne soit pas trop épaisse. Si vous cherchez une couverture en laine qui tienne chaud en hiver ou tout simplement une alternative à la <a class=""wpil_keyword_link"" title=""couette"" href=""https://meilleurtest.fr/comparatif-couette/"" data-wpil-keyword-link=""linked"">couette</a>, fiez-vous à notre guide d'achat."
"37724";"Les meilleures housses de couette";"https://meilleurtest.fr/comparatif-housse-de-couette/";"Sommeil et literie";"Si vous faites partie des 65% des Français qui gardent leur couette pour dormir, ce guide va vous intéresser. En effet, la housse de couette a pour but d'empêcher que votre couette ne se détériore trop rapidement. Pour savoir quel modèle choisir, nous avons réalisé un comparatif des meilleures housses de couettes du moment."
"37700";"Les meilleures couvertures lestées";"https://meilleurtest.fr/comparatif-couverture-lestee/";"Sommeil et literie";"Vous manquez de sommeil à cause des possibles troubles qui peuvent surgir ? Une couverture lestée peut éventuellement résoudre vos soucis. Connue pour apaiser ou même guérir toutes sortes de troubles, une couverture lestée peut être une solution efficace. Pour vous aider à en choisir une qui vous conviendra parfaitement, suivez ce guide des meilleures couvertures lestées disponibles sur le marché."
"37695";"Les meilleurs matelas pas chers";"https://meilleurtest.fr/comparatif-matelas-pas-cher/";"Sommeil et literie";"Si la qualité du matelas demeure une condition incontournable pour 7 Français sur 10, il en va de même pour le prix et le confort d'utilisation. Nul besoin de vider vos poches pour obtenir le nec plus ultra en matière de matelas. À mémoire de forme, à ressorts ensachés ou en mousse PU, retrouvez dans ce guide le matelas pas cher adapté à vos exigences."
"37550";"Les meilleurs matelas à mémoire de forme";"https://meilleurtest.fr/comparatif-matelas-a-memoire-de-forme/";"Sommeil et literie";"Garant d’un sommeil réparateur et reposant, le matelas à mémoire de forme garantit une adaptation optimale à votre corps, quelle que soit la position que vous prenez quand vous dormez. Trouver le <a href=""https://meilleurtest.fr/comparatif-matelas-pour-mal-de-dos/"">juste équilibre entre la souplesse et la fermet</a>é, combiner un accueil et un soutien agréable, tels ont été les critères retenus pour l’élaboration de ce guide regroupant les meilleurs matelas à mémoire de forme du moment.";"La mémoire de forme s'adapte à la morphologie du dormeur en répartissant les points de pression. Densité, épaisseur de la couche viscoélastique et ventilation varient d'un modèle à l'autre. Certains rivalisent désormais avec le <a href=""https://meilleurtest.fr/comparatif-matelas-latex/"">latex</a> ou le <a href=""https://meilleurtest.fr/comparatif-matelas-hybride/"">matelas hybride</a> sur la respirabilité. Compléter avec un bon <a href=""https://meilleurtest.fr/comparatif-surmatelas-a-memoire-de-forme/"">surmatelas</a> renforce le soutien. Nous avons examiné les matelas à mémoire de forme les plus aboutis du marché."
"37549";"Les meilleures couettes";"https://meilleurtest.fr/comparatif-couette/";"Sommeil et literie";"La couette reste un élément très important pour avoir un petit nid douillet la nuit. Elle vous apporte douceur et légèreté pour vous permettre de dormir confortablement. En effet, une bonne couette vous assurera un sommeil de qualité. Mais entre couette synthétique, toute saison ou naturelle, laquelle choisir ? Voici les critères à considérer pour vous aider à trouver un modèle adapté à vos besoins."
"37544";"Les meilleurs oreillers";"https://meilleurtest.fr/comparatif-oreiller/";"Sommeil et literie";"L'oreiller est un accessoire de literie souvent sous-estimé. Ayant la même importance que le matelas, il permet de soulager les douleurs cervicales ainsi que les tensions dans les épaules et le dos. Avec un bon oreiller vous pourrez améliorer d'environ 24 minutes votre sommeil profond et dire adieu aux sensations de fatigue dès le réveil. Vous n'en serez que plus productif.";"L'oreiller détermine l'alignement de la tête et des cervicales pendant le sommeil. <a href=""https://meilleurtest.fr/comparatif-oreiller-a-memoire-de-forme/"">Mémoire de forme</a>, <a href=""https://meilleurtest.fr/comparatif-oreiller-ergonomique/"">ergonomique</a>, plumes ou fibres synthétiques, chaque garnissage modifie la fermeté et la ventilation. La hauteur varie aussi selon que vous dormez <a href=""https://meilleurtest.fr/comparatif-oreiller-pour-dormir-sur-cote/"">sur le côté</a>, sur le dos ou sur le ventre. Nous avons analysé les oreillers les plus performants pour vous permettre de trouver le soutien qui convient à vos nuits."
"37457";"Les meilleurs matelas à eau";"https://meilleurtest.fr/comparatif-matelas-a-eau/";"Sommeil et literie";"Le confort fait partie des trois principaux critères avancés par la moitié des Français lorsqu'ils choisissent un matelas, ce qui correspond aux qualités du matelas à eau, l'un des plus confortables qui existent. Vous aussi vous voulez sauter le pas et faire l'expérience d'une qualité de sommeil inégalée ? Pour vous aider à bien choisir le produit idéal, découvrez tout ce qu'il faut savoir à travers notre guide des meilleurs matelas à eau de 2020."
"37394";"Les meilleurs matelas 140×200";"https://meilleurtest.fr/comparatif-matelas-140x200/";"Sommeil et literie";"Investir dans un nouveau matelas peut devenir un gros casse-tête. En effet, il y a plus de choix que jamais en termes de dimensions et de garniture (en mousse, hybride, à ressorts ensachés…). Et parmi les modèles 2 places, le matelas 140×200 est très prisé du fait de son rapport qualité/prix et la taille des lits vendus dans le commerce. Alors, quel matelas 140×200 choisir ?";"Le format 140x200 offre dix centimètres de longueur supplémentaire par rapport au 140x190 standard, un avantage appréciable pour les dormeurs de grande taille. <a href=""https://meilleurtest.fr/comparatif-matelas-a-memoire-de-forme/"">Mémoire de forme</a>, <a href=""https://meilleurtest.fr/comparatif-matelas-latex/"">latex</a> ou <a href=""https://meilleurtest.fr/comparatif-matelas-ferme/"">matelas ferme</a>, chaque technologie influence le soutien et la régulation de température. Nous avons testé les matelas 140x200 les plus convaincants pour vous permettre de choisir un modèle adapté à votre morphologie."
"37302";"Les meilleurs ensembles matelas et sommier";"https://meilleurtest.fr/comparatif-ensemble-matelas-et-sommier/";"Sommeil et literie";"Lors de l’achat d’un ensemble matelas et sommier, tous les détails comptent. Un matelas en mousse s’accompagne par exemple d’un sommier à lattes tandis qu’un matelas en latex va avec un sommier doté d’un curseur de fermeté. Il existe des variétés plus spécifiques de literie sur le marché. Raison de plus pour accorder une grande importance aux critères pour ne pas se perdre. Faites le bon choix grâce à ce guide."
"37271";"Les meilleures taies d'oreiller en soie";"https://meilleurtest.fr/comparatif-taie-d-oreiller-soie/";"Sommeil et literie";"Qui dit taie d’oreiller en soie, dit produit de luxe. Au-delà de son élégance indéniable, savez-vous que cette matière de qualité procure également moult avantages ? Elle peut par exemple prévenir les chutes de cheveux, mais aussi réduire les rides et apporter un excellent confort thermique. Si vous souhaitez en savoir davantage, découvrez notre guide des meilleures taies d’oreiller en soie du moment."
"37253";"Les meilleurs oreillers à mémoire de forme";"https://meilleurtest.fr/comparatif-oreiller-a-memoire-de-forme/";"Sommeil et literie";"Vous avez du mal à dormir malgré la bonne qualité de votre matelas ? Peut-être qu’il manque à votre literie un élément essentiel : l’oreiller à mémoire de forme. Très confortable, ce support met fin aux diverses douleurs du dos et de la nuque. Pour trouver le meilleur oreiller à mémoire de forme selon vos besoins, suivez notre guide.";"La mousse à mémoire de forme épouse les contours de la tête et du cou pour un soutien cervical personnalisé. Densité, hauteur et ventilation varient d'un modèle à l'autre, ce qui influence le confort selon votre position de sommeil, <a href=""https://meilleurtest.fr/comparatif-oreiller-pour-dormir-sur-cote/"">sur le côté</a>, <a href=""https://meilleurtest.fr/comparatif-oreiller-pour-dormir-sur-dos/"">sur le dos</a> ou <a href=""https://meilleurtest.fr/comparatif-oreiller-pour-dormir-sur-ventre/"">sur le ventre</a>. Nous avons sélectionné les oreillers à mémoire de forme qui maintiennent un alignement cervical optimal toute la nuit."
"37178";"Les meilleures parures de lit";"https://meilleurtest.fr/comparatif-parure-de-lit-100-coton/";"Sommeil et literie";"La parure de lit donne du cachet à la chambre à coucher ou la chambre d’amis. D’ailleurs, avoir des <a class=""wpil_keyword_link"" href=""https://meilleurtest.fr/comparatif-oreiller/""   title=""oreillers"" data-wpil-keyword-link=""linked"">oreillers</a>, des draps et des couvre-lits assortis fait toujours un certain effet ! Pourtant, choisir le bon modèle ne doit pas se faire sur un coup de tête. En poly, en coton 100%, en percale ou en satin ? Trouvez votre parure de lit idéale en parcourant ce guide comparatif."
"37916";"Les meilleurs matelas à langer";"https://meilleurtest.fr/comparatif-matelas-a-langer/";"Sommeil et literie";"Un matelas à langer est indispensable dès les premiers mois de bébé. À raison de 12 changements de couches par jour lorsque vous avez un nouveau-né (une combinaison de pipi et popo), il faudra changer 2 500 à 3 000 couches durant la première année. Face aux nombreux matelas à langer disponibles, lequel choisir ? Pour le savoir, suivez le guide."
"37915";"Les meilleurs matelas bébé";"https://meilleurtest.fr/comparatif-matelas-bebe/";"Sommeil et literie";"Les matelas pour bébé doivent répondre à des critères stricts : position de couchage optimale, hypoallergénique, sans produits toxiques, ultra confortable, etc. Sur le marché de la literie pour bébé, on peut trouver différents types de matelas, entre autres en mousse polyuréthane, en latex naturel, en laine, en fibre de coco et de bambou. Lisez notre guide pour en savoir plus."
"37812";"Les meilleurs appareils de sommeil et de thérapie sonore";"https://meilleurtest.fr/comparatif-appareil-de-sommeil-et-de-therapie-sonore/";"Sommeil et literie";"Actuellement, 67% des Français souffrent de troubles d'insomnie. De ce fait, la sonothérapie est un excellent moyen de relaxation. En effet, les chercheurs ont découvert l'existence de sons et de bruits qui calment les nerfs et réduisent le niveau de stress. Par ailleurs, le son influe également sur la qualité de sommeil. Pour votre plus grand plaisir, nous avons réalisé ce guide d'achat des meilleurs appareils de sommeil et de thérapie sonore."
"37766";"Les meilleurs drap-housses";"https://meilleurtest.fr/comparatif-drap-housse/";"Sommeil et literie";"Le drap-housse est un indispensable ! Il figure parmi les linges de lit ayant une double fonction : le drap-housse ne sert pas uniquement à protéger votre matelas, il entre également en contact avec votre peau pour lui offrir douceur et confort. Il doit ainsi répondre tant à des exigences hygiéniques qu'à des qualités techniques (densité du fil, capacité anti-transpiration, etc.). Découvrez sans attendre notre top des draps housses remplissant ces critères."
"37754";"Les meilleures couvertures en laine";"https://meilleurtest.fr/comparatif-couverture-laine/";"Sommeil et literie";"La laine surprend par ses propriétés thermorégulatrices exceptionnelles. C'est un must comme couverture quand il fait froid. Elle peut également servir par temps chaud, à condition qu’elle ne soit pas trop épaisse. Si vous cherchez une couverture en laine qui tienne chaud en hiver ou tout simplement une alternative à la <a class=""wpil_keyword_link"" title=""couette"" href=""https://meilleurtest.fr/comparatif-couette/"" data-wpil-keyword-link=""linked"">couette</a>, fiez-vous à notre guide d'achat."
"37724";"Les meilleures housses de couette";"https://meilleurtest.fr/comparatif-housse-de-couette/";"Sommeil et literie";"Si vous faites partie des 65% des Français qui gardent leur couette pour dormir, ce guide va vous intéresser. En effet, la housse de couette a pour but d'empêcher que votre couette ne se détériore trop rapidement. Pour savoir quel modèle choisir, nous avons réalisé un comparatif des meilleures housses de couettes du moment."
"37700";"Les meilleures couvertures lestées";"https://meilleurtest.fr/comparatif-couverture-lestee/";"Sommeil et literie";"Vous manquez de sommeil à cause des possibles troubles qui peuvent surgir ? Une couverture lestée peut éventuellement résoudre vos soucis. Connue pour apaiser ou même guérir toutes sortes de troubles, une couverture lestée peut être une solution efficace. Pour vous aider à en choisir une qui vous conviendra parfaitement, suivez ce guide des meilleures couvertures lestées disponibles sur le marché."
"37695";"Les meilleurs matelas pas chers";"https://meilleurtest.fr/comparatif-matelas-pas-cher/";"Sommeil et literie";"Si la qualité du matelas demeure une condition incontournable pour 7 Français sur 10, il en va de même pour le prix et le confort d'utilisation. Nul besoin de vider vos poches pour obtenir le nec plus ultra en matière de matelas. À mémoire de forme, à ressorts ensachés ou en mousse PU, retrouvez dans ce guide le matelas pas cher adapté à vos exigences."
"37550";"Les meilleurs matelas à mémoire de forme";"https://meilleurtest.fr/comparatif-matelas-a-memoire-de-forme/";"Sommeil et literie";"Garant d’un sommeil réparateur et reposant, le matelas à mémoire de forme garantit une adaptation optimale à votre corps, quelle que soit la position que vous prenez quand vous dormez. Trouver le <a href=""https://meilleurtest.fr/comparatif-matelas-pour-mal-de-dos/"">juste équilibre entre la souplesse et la fermet</a>é, combiner un accueil et un soutien agréable, tels ont été les critères retenus pour l’élaboration de ce guide regroupant les meilleurs matelas à mémoire de forme du moment.";"La mémoire de forme s'adapte à la morphologie du dormeur en répartissant les points de pression. Densité, épaisseur de la couche viscoélastique et ventilation varient d'un modèle à l'autre. Certains rivalisent désormais avec le <a href=""https://meilleurtest.fr/comparatif-matelas-latex/"">latex</a> ou le <a href=""https://meilleurtest.fr/comparatif-matelas-hybride/"">matelas hybride</a> sur la respirabilité. Compléter avec un bon <a href=""https://meilleurtest.fr/comparatif-surmatelas-a-memoire-de-forme/"">surmatelas</a> renforce le soutien. Nous avons examiné les matelas à mémoire de forme les plus aboutis du marché."
"37549";"Les meilleures couettes";"https://meilleurtest.fr/comparatif-couette/";"Sommeil et literie";"La couette reste un élément très important pour avoir un petit nid douillet la nuit. Elle vous apporte douceur et légèreté pour vous permettre de dormir confortablement. En effet, une bonne couette vous assurera un sommeil de qualité. Mais entre couette synthétique, toute saison ou naturelle, laquelle choisir ? Voici les critères à considérer pour vous aider à trouver un modèle adapté à vos besoins."
"37544";"Les meilleurs oreillers";"https://meilleurtest.fr/comparatif-oreiller/";"Sommeil et literie";"L'oreiller est un accessoire de literie souvent sous-estimé. Ayant la même importance que le matelas, il permet de soulager les douleurs cervicales ainsi que les tensions dans les épaules et le dos. Avec un bon oreiller vous pourrez améliorer d'environ 24 minutes votre sommeil profond et dire adieu aux sensations de fatigue dès le réveil. Vous n'en serez que plus productif.";"L'oreiller détermine l'alignement de la tête et des cervicales pendant le sommeil. <a href=""https://meilleurtest.fr/comparatif-oreiller-a-memoire-de-forme/"">Mémoire de forme</a>, <a href=""https://meilleurtest.fr/comparatif-oreiller-ergonomique/"">ergonomique</a>, plumes ou fibres synthétiques, chaque garnissage modifie la fermeté et la ventilation. La hauteur varie aussi selon que vous dormez <a href=""https://meilleurtest.fr/comparatif-oreiller-pour-dormir-sur-cote/"">sur le côté</a>, sur le dos ou sur le ventre. Nous avons analysé les oreillers les plus performants pour vous permettre de trouver le soutien qui convient à vos nuits."
"37457";"Les meilleurs matelas à eau";"https://meilleurtest.fr/comparatif-matelas-a-eau/";"Sommeil et literie";"Le confort fait partie des trois principaux critères avancés par la moitié des Français lorsqu'ils choisissent un matelas, ce qui correspond aux qualités du matelas à eau, l'un des plus confortables qui existent. Vous aussi vous voulez sauter le pas et faire l'expérience d'une qualité de sommeil inégalée ? Pour vous aider à bien choisir le produit idéal, découvrez tout ce qu'il faut savoir à travers notre guide des meilleurs matelas à eau de 2020."
"37394";"Les meilleurs matelas 140×200";"https://meilleurtest.fr/comparatif-matelas-140x200/";"Sommeil et literie";"Investir dans un nouveau matelas peut devenir un gros casse-tête. En effet, il y a plus de choix que jamais en termes de dimensions et de garniture (en mousse, hybride, à ressorts ensachés…). Et parmi les modèles 2 places, le matelas 140×200 est très prisé du fait de son rapport qualité/prix et la taille des lits vendus dans le commerce. Alors, quel matelas 140×200 choisir ?";"Le format 140x200 offre dix centimètres de longueur supplémentaire par rapport au 140x190 standard, un avantage appréciable pour les dormeurs de grande taille. <a href=""https://meilleurtest.fr/comparatif-matelas-a-memoire-de-forme/"">Mémoire de forme</a>, <a href=""https://meilleurtest.fr/comparatif-matelas-latex/"">latex</a> ou <a href=""https://meilleurtest.fr/comparatif-matelas-ferme/"">matelas ferme</a>, chaque technologie influence le soutien et la régulation de température. Nous avons testé les matelas 140x200 les plus convaincants pour vous permettre de choisir un modèle adapté à votre morphologie."
"37302";"Les meilleurs ensembles matelas et sommier";"https://meilleurtest.fr/comparatif-ensemble-matelas-et-sommier/";"Sommeil et literie";"Lors de l’achat d’un ensemble matelas et sommier, tous les détails comptent. Un matelas en mousse s’accompagne par exemple d’un sommier à lattes tandis qu’un matelas en latex va avec un sommier doté d’un curseur de fermeté. Il existe des variétés plus spécifiques de literie sur le marché. Raison de plus pour accorder une grande importance aux critères pour ne pas se perdre. Faites le bon choix grâce à ce guide."
"37271";"Les meilleures taies d'oreiller en soie";"https://meilleurtest.fr/comparatif-taie-d-oreiller-soie/";"Sommeil et literie";"Qui dit taie d’oreiller en soie, dit produit de luxe. Au-delà de son élégance indéniable, savez-vous que cette matière de qualité procure également moult avantages ? Elle peut par exemple prévenir les chutes de cheveux, mais aussi réduire les rides et apporter un excellent confort thermique. Si vous souhaitez en savoir davantage, découvrez notre guide des meilleures taies d’oreiller en soie du moment."
"37253";"Les meilleurs oreillers à mémoire de forme";"https://meilleurtest.fr/comparatif-oreiller-a-memoire-de-forme/";"Sommeil et literie";"Vous avez du mal à dormir malgré la bonne qualité de votre matelas ? Peut-être qu’il manque à votre literie un élément essentiel : l’oreiller à mémoire de forme. Très confortable, ce support met fin aux diverses douleurs du dos et de la nuque. Pour trouver le meilleur oreiller à mémoire de forme selon vos besoins, suivez notre guide.";"La mousse à mémoire de forme épouse les contours de la tête et du cou pour un soutien cervical personnalisé. Densité, hauteur et ventilation varient d'un modèle à l'autre, ce qui influence le confort selon votre position de sommeil, <a href=""https://meilleurtest.fr/comparatif-oreiller-pour-dormir-sur-cote/"">sur le côté</a>, <a href=""https://meilleurtest.fr/comparatif-oreiller-pour-dormir-sur-dos/"">sur le dos</a> ou <a href=""https://meilleurtest.fr/comparatif-oreiller-pour-dormir-sur-ventre/"">sur le ventre</a>. Nous avons sélectionné les oreillers à mémoire de forme qui maintiennent un alignement cervical optimal toute la nuit."
"37178";"Les meilleures parures de lit";"https://meilleurtest.fr/comparatif-parure-de-lit-100-coton/";"Sommeil et literie";"La parure de lit donne du cachet à la chambre à coucher ou la chambre d’amis. D’ailleurs, avoir des <a class=""wpil_keyword_link"" href=""https://meilleurtest.fr/comparatif-oreiller/""   title=""oreillers"" data-wpil-keyword-link=""linked"">oreillers</a>, des draps et des couvre-lits assortis fait toujours un certain effet ! Pourtant, choisir le bon modèle ne doit pas se faire sur un coup de tête. En poly, en coton 100%, en percale ou en satin ? Trouvez votre parure de lit idéale en parcourant ce guide comparatif."
